No conda package cache directories found outside your home directory. To
prevent conda from filling up your home directory, you can create a new
directory at `/work/pi_<your_pi_name>/$USER/.conda/pkgs` and reload the module. 
No conda environment directories found outside your home directory. To prevent
conda from filling up your home directory, you can create a new directory at
`/work/pi_<your_pi_name>/$USER/.conda/envs` and reload the module. 
Loading conda version miniforge3-24.7.1
Running cutadapt on: 2024_Both01_Both01_O1_gill_S28
This is cutadapt 5.2 with Python 3.13.15
Command line parameters: -j 6 -g GTGYCAGCMGCCGCGGTAA -G GGACTACNVGGGTWTCTAAT -o /scratch4/workspace/jade_fiorilla_student_uml_edu-rawseqorcc/trimmed-cutadapt-fastp/2024_Both01_Both01_O1_gill_S28_R1_trim.fastq -p /scratch4/workspace/jade_fiorilla_student_uml_edu-rawseqorcc/trimmed-cutadapt-fastp/2024_Both01_Both01_O1_gill_S28_R2_trim.fastq /scratch4/workspace/jade_fiorilla_student_uml_edu-rawseqorcc/trimmed-fastp/2024_Both01_Both01_O1_gill_S28_R1_trim.fastq.gz /scratch4/workspace/jade_fiorilla_student_uml_edu-rawseqorcc/trimmed-fastp/2024_Both01_Both01_O1_gill_S28_R2_trim.fastq.gz
Processing paired-end reads on 6 cores ...

=== Summary ===

Total read pairs processed:            585,156
  Read 1 with adapter:                 474,657 (81.1%)
  Read 2 with adapter:                 368,828 (63.0%)
Pairs written (passing filters):       585,156 (100.0%)

Total basepairs processed:   226,534,941 bp
  Read 1:   113,321,941 bp
  Read 2:   113,213,000 bp
Total written (filtered):    209,294,559 bp (92.4%)
  Read 1:   103,827,250 bp
  Read 2:   105,467,309 bp

=== First read: Adapter 1 ===

Sequence: GTGYCAGCMGCCGCGGTAA; Type: regular 5'; Length: 19; Trimmed: 474657 times

Minimum overlap: 3
No. of allowed errors:
1-9 bp: 0; 10-19 bp: 1

Overview of removed sequences
length	count	expect	max.err	error counts
9	5	2.2	0	5
10	2	0.6	1	2
11	1	0.1	1	0 1
12	36	0.0	1	33 3
13	1	0.0	1	0 1
14	6	0.0	1	3 3
15	9	0.0	1	8 1
16	10	0.0	1	10
17	3	0.0	1	1 2
18	67	0.0	1	28 39
19	3593	0.0	1	944 2649
20	466069	0.0	1	353285 112784
21	4407	0.0	1	2629 1778
22	401	0.0	1	323 78
23	6	0.0	1	2 4
24	2	0.0	1	2
25	1	0.0	1	1
26	3	0.0	1	0 3
27	1	0.0	1	0 1
28	3	0.0	1	3
29	2	0.0	1	0 2
31	3	0.0	1	0 3
32	1	0.0	1	1
34	4	0.0	1	4
35	6	0.0	1	4 2
37	3	0.0	1	1 2
38	8	0.0	1	7 1
43	3	0.0	1	2 1
45	1	0.0	1	1


=== Second read: Adapter 2 ===

Sequence: GGACTACNVGGGTWTCTAAT; Type: regular 5'; Length: 20; Trimmed: 368828 times

Minimum overlap: 3
No. of allowed errors:
1-9 bp: 0; 10-19 bp: 1

Overview of removed sequences
length	count	expect	max.err	error counts
3	3	9143.1	0	3
12	5	0.0	1	4 1
13	1	0.0	1	1
14	8	0.0	1	2 6
15	2	0.0	1	0 2
16	8	0.0	1	2 6
17	8	0.0	1	2 6
18	9	0.0	1	5 4
19	23	0.0	1	12 11
20	1960	0.0	1	489 1471
21	364545	0.0	1	353619 10926
22	2108	0.0	1	1358 750
23	127	0.0	1	110 17
24	2	0.0	1	2
25	2	0.0	1	2
26	2	0.0	1	2
27	1	0.0	1	1
28	1	0.0	1	1
32	4	0.0	1	4
33	2	0.0	1	2
34	3	0.0	1	3
35	1	0.0	1	1
39	1	0.0	1	1
43	1	0.0	1	1
44	1	0.0	1	1
Running cutadapt on: 2024_Both01_Both01_O1_gut_S29
This is cutadapt 5.2 with Python 3.13.15
Command line parameters: -j 6 -g GTGYCAGCMGCCGCGGTAA -G GGACTACNVGGGTWTCTAAT -o /scratch4/workspace/jade_fiorilla_student_uml_edu-rawseqorcc/trimmed-cutadapt-fastp/2024_Both01_Both01_O1_gut_S29_R1_trim.fastq -p /scratch4/workspace/jade_fiorilla_student_uml_edu-rawseqorcc/trimmed-cutadapt-fastp/2024_Both01_Both01_O1_gut_S29_R2_trim.fastq /scratch4/workspace/jade_fiorilla_student_uml_edu-rawseqorcc/trimmed-fastp/2024_Both01_Both01_O1_gut_S29_R1_trim.fastq.gz /scratch4/workspace/jade_fiorilla_student_uml_edu-rawseqorcc/trimmed-fastp/2024_Both01_Both01_O1_gut_S29_R2_trim.fastq.gz
Processing paired-end reads on 6 cores ...

=== Summary ===

Total read pairs processed:            751,116
  Read 1 with adapter:                 705,388 (93.9%)
  Read 2 with adapter:                 670,201 (89.2%)
Pairs written (passing filters):       751,116 (100.0%)

Total basepairs processed:   398,205,730 bp
  Read 1:   199,120,035 bp
  Read 2:   199,085,695 bp
Total written (filtered):    370,022,096 bp (92.9%)
  Read 1:   185,010,165 bp
  Read 2:   185,011,931 bp

=== First read: Adapter 1 ===

Sequence: GTGYCAGCMGCCGCGGTAA; Type: regular 5'; Length: 19; Trimmed: 705388 times

Minimum overlap: 3
No. of allowed errors:
1-9 bp: 0; 10-19 bp: 1

Overview of removed sequences
length	count	expect	max.err	error counts
3	4	11736.2	0	4
9	6	2.9	0	6
10	1	0.7	1	1
12	35	0.0	1	30 5
13	2	0.0	1	1 1
14	5	0.0	1	1 4
15	4	0.0	1	0 4
16	17	0.0	1	12 5
17	26	0.0	1	18 8
18	82	0.0	1	40 42
19	4546	0.0	1	1663 2883
20	694366	0.0	1	651948 42418
21	5614	0.0	1	2911 2703
22	636	0.0	1	555 81
23	9	0.0	1	6 3
24	1	0.0	1	1
25	2	0.0	1	2
26	2	0.0	1	2
27	1	0.0	1	1
28	3	0.0	1	3
29	3	0.0	1	2 1
30	2	0.0	1	2
33	1	0.0	1	1
34	1	0.0	1	1
36	1	0.0	1	1
37	2	0.0	1	2
38	3	0.0	1	3
40	7	0.0	1	6 1
44	3	0.0	1	3
46	1	0.0	1	1
53	1	0.0	1	1
55	1	0.0	1	1


=== Second read: Adapter 2 ===

Sequence: GGACTACNVGGGTWTCTAAT; Type: regular 5'; Length: 20; Trimmed: 670201 times

Minimum overlap: 3
No. of allowed errors:
1-9 bp: 0; 10-19 bp: 1

Overview of removed sequences
length	count	expect	max.err	error counts
3	2	11736.2	0	2
11	7	0.2	1	3 4
12	1	0.0	1	0 1
13	2	0.0	1	1 1
14	8	0.0	1	5 3
15	3	0.0	1	0 3
16	9	0.0	1	5 4
17	10	0.0	1	4 6
18	20	0.0	1	17 3
19	38	0.0	1	21 17
20	3912	0.0	1	1050 2862
21	662867	0.0	1	649447 13420
22	3024	0.0	1	1744 1280
23	260	0.0	1	245 15
24	5	0.0	1	2 3
25	8	0.0	1	8
26	5	0.0	1	5
27	1	0.0	1	1
28	3	0.0	1	3
29	1	0.0	1	1
31	3	0.0	1	3
32	3	0.0	1	0 3
34	3	0.0	1	3
38	1	0.0	1	1
41	3	0.0	1	3
42	1	0.0	1	1
51	1	0.0	1	1
Running cutadapt on: 2024_Both01_Null_O03_gill_S235
This is cutadapt 5.2 with Python 3.13.15
Command line parameters: -j 6 -g GTGYCAGCMGCCGCGGTAA -G GGACTACNVGGGTWTCTAAT -o /scratch4/workspace/jade_fiorilla_student_uml_edu-rawseqorcc/trimmed-cutadapt-fastp/2024_Both01_Null_O03_gill_S235_R1_trim.fastq -p /scratch4/workspace/jade_fiorilla_student_uml_edu-rawseqorcc/trimmed-cutadapt-fastp/2024_Both01_Null_O03_gill_S235_R2_trim.fastq /scratch4/workspace/jade_fiorilla_student_uml_edu-rawseqorcc/trimmed-fastp/2024_Both01_Null_O03_gill_S235_R1_trim.fastq.gz /scratch4/workspace/jade_fiorilla_student_uml_edu-rawseqorcc/trimmed-fastp/2024_Both01_Null_O03_gill_S235_R2_trim.fastq.gz
Processing paired-end reads on 6 cores ...

=== Summary ===

Total read pairs processed:             14,308
  Read 1 with adapter:                   8,331 (58.2%)
  Read 2 with adapter:                   5,322 (37.2%)
Pairs written (passing filters):        14,308 (100.0%)

Total basepairs processed:     3,296,475 bp
  Read 1:     1,649,162 bp
  Read 2:     1,647,313 bp
Total written (filtered):      3,029,641 bp (91.9%)
  Read 1:     1,489,463 bp
  Read 2:     1,540,178 bp

=== First read: Adapter 1 ===

Sequence: GTGYCAGCMGCCGCGGTAA; Type: regular 5'; Length: 19; Trimmed: 8331 times

Minimum overlap: 3
No. of allowed errors:
1-9 bp: 0; 10-19 bp: 1

Overview of removed sequences
length	count	expect	max.err	error counts
18	7	0.0	1	0 7
19	7743	0.0	1	2192 5551
20	14	0.0	1	5 9
21	314	0.0	1	264 50
22	251	0.0	1	240 11
23	1	0.0	1	1
37	1	0.0	1	0 1


=== Second read: Adapter 2 ===

Sequence: GGACTACNVGGGTWTCTAAT; Type: regular 5'; Length: 20; Trimmed: 5322 times

Minimum overlap: 3
No. of allowed errors:
1-9 bp: 0; 10-19 bp: 1

Overview of removed sequences
length	count	expect	max.err	error counts
19	20	0.0	1	0 20
20	5004	0.0	1	4460 544
21	22	0.0	1	7 15
22	136	0.0	1	115 21
23	139	0.0	1	131 8
24	1	0.0	1	0 1
Running cutadapt on: 2024_Both01_Null_O03_gut_S70
This is cutadapt 5.2 with Python 3.13.15
Command line parameters: -j 6 -g GTGYCAGCMGCCGCGGTAA -G GGACTACNVGGGTWTCTAAT -o /scratch4/workspace/jade_fiorilla_student_uml_edu-rawseqorcc/trimmed-cutadapt-fastp/2024_Both01_Null_O03_gut_S70_R1_trim.fastq -p /scratch4/workspace/jade_fiorilla_student_uml_edu-rawseqorcc/trimmed-cutadapt-fastp/2024_Both01_Null_O03_gut_S70_R2_trim.fastq /scratch4/workspace/jade_fiorilla_student_uml_edu-rawseqorcc/trimmed-fastp/2024_Both01_Null_O03_gut_S70_R1_trim.fastq.gz /scratch4/workspace/jade_fiorilla_student_uml_edu-rawseqorcc/trimmed-fastp/2024_Both01_Null_O03_gut_S70_R2_trim.fastq.gz
Processing paired-end reads on 6 cores ...

=== Summary ===

Total read pairs processed:            527,791
  Read 1 with adapter:                 456,995 (86.6%)
  Read 2 with adapter:                 383,640 (72.7%)
Pairs written (passing filters):       527,791 (100.0%)

Total basepairs processed:   232,552,939 bp
  Read 1:   116,297,146 bp
  Read 2:   116,255,793 bp
Total written (filtered):    215,360,255 bp (92.6%)
  Read 1:   107,159,087 bp
  Read 2:   108,201,168 bp

=== First read: Adapter 1 ===

Sequence: GTGYCAGCMGCCGCGGTAA; Type: regular 5'; Length: 19; Trimmed: 456995 times

Minimum overlap: 3
No. of allowed errors:
1-9 bp: 0; 10-19 bp: 1

Overview of removed sequences
length	count	expect	max.err	error counts
3	3	8246.7	0	3
9	1	2.0	0	1
11	2	0.1	1	1 1
12	11	0.0	1	6 5
13	2	0.0	1	2
14	1	0.0	1	0 1
15	3	0.0	1	1 2
16	7	0.0	1	2 5
17	28	0.0	1	9 19
18	55	0.0	1	13 42
19	8543	0.0	1	3253 5290
20	443169	0.0	1	366940 76229
21	3685	0.0	1	1972 1713
22	1435	0.0	1	1105 330
23	12	0.0	1	5 7
24	5	0.0	1	4 1
25	2	0.0	1	1 1
26	2	0.0	1	1 1
28	3	0.0	1	1 2
29	1	0.0	1	1
30	3	0.0	1	0 3
33	7	0.0	1	4 3
34	1	0.0	1	0 1
35	3	0.0	1	3
37	1	0.0	1	1
38	1	0.0	1	0 1
40	1	0.0	1	1
42	2	0.0	1	0 2
44	1	0.0	1	1
48	2	0.0	1	2
50	1	0.0	1	1
53	1	0.0	1	1
59	1	0.0	1	0 1


=== Second read: Adapter 2 ===

Sequence: GGACTACNVGGGTWTCTAAT; Type: regular 5'; Length: 20; Trimmed: 383640 times

Minimum overlap: 3
No. of allowed errors:
1-9 bp: 0; 10-19 bp: 1

Overview of removed sequences
length	count	expect	max.err	error counts
3	3	8246.7	0	3
10	1	0.5	1	1
11	2	0.1	1	1 1
12	3	0.0	1	3
14	4	0.0	1	1 3
15	6	0.0	1	3 3
16	3	0.0	1	2 1
17	3	0.0	1	1 2
18	24	0.0	1	18 6
19	43	0.0	1	14 29
20	5223	0.0	1	3241 1982
21	375387	0.0	1	368504 6883
22	2257	0.0	1	1474 783
23	657	0.0	1	619 38
24	6	0.0	1	3 3
25	4	0.0	1	4
26	1	0.0	1	0 1
27	4	0.0	1	4
28	2	0.0	1	2
30	1	0.0	1	1
33	2	0.0	1	2
41	2	0.0	1	2
45	2	0.0	1	2
Running cutadapt on: 2024_Both01_Warm05_O50_gill_S219
This is cutadapt 5.2 with Python 3.13.15
Command line parameters: -j 6 -g GTGYCAGCMGCCGCGGTAA -G GGACTACNVGGGTWTCTAAT -o /scratch4/workspace/jade_fiorilla_student_uml_edu-rawseqorcc/trimmed-cutadapt-fastp/2024_Both01_Warm05_O50_gill_S219_R1_trim.fastq -p /scratch4/workspace/jade_fiorilla_student_uml_edu-rawseqorcc/trimmed-cutadapt-fastp/2024_Both01_Warm05_O50_gill_S219_R2_trim.fastq /scratch4/workspace/jade_fiorilla_student_uml_edu-rawseqorcc/trimmed-fastp/2024_Both01_Warm05_O50_gill_S219_R1_trim.fastq.gz /scratch4/workspace/jade_fiorilla_student_uml_edu-rawseqorcc/trimmed-fastp/2024_Both01_Warm05_O50_gill_S219_R2_trim.fastq.gz
Processing paired-end reads on 6 cores ...

=== Summary ===

Total read pairs processed:            605,776
  Read 1 with adapter:                 575,698 (95.0%)
  Read 2 with adapter:                 554,916 (91.6%)
Pairs written (passing filters):       605,776 (100.0%)

Total basepairs processed:   331,103,041 bp
  Read 1:   165,556,049 bp
  Read 2:   165,546,992 bp
Total written (filtered):    306,810,951 bp (92.7%)
  Read 1:   153,468,569 bp
  Read 2:   153,342,382 bp

=== First read: Adapter 1 ===

Sequence: GTGYCAGCMGCCGCGGTAA; Type: regular 5'; Length: 19; Trimmed: 575698 times

Minimum overlap: 3
No. of allowed errors:
1-9 bp: 0; 10-19 bp: 1

Overview of removed sequences
length	count	expect	max.err	error counts
3	6	9465.2	0	6
9	1	2.3	0	1
10	1	0.6	1	1
12	37	0.0	1	35 2
13	4	0.0	1	4
14	3	0.0	1	2 1
15	9	0.0	1	4 5
16	22	0.0	1	19 3
17	12	0.0	1	9 3
18	45	0.0	1	23 22
19	435	0.0	1	372 63
20	2723	0.0	1	1184 1539
21	570745	0.0	1	531859 38886
22	1580	0.0	1	710 870
23	3	0.0	1	3
24	19	0.0	1	19
25	1	0.0	1	1
26	6	0.0	1	6
27	3	0.0	1	3
28	5	0.0	1	5
29	1	0.0	1	1
31	5	0.0	1	5
32	4	0.0	1	0 4
33	7	0.0	1	7
34	1	0.0	1	0 1
35	5	0.0	1	1 4
36	5	0.0	1	4 1
37	2	0.0	1	0 2
38	4	0.0	1	1 3
45	2	0.0	1	2
48	1	0.0	1	1
51	1	0.0	1	1


=== Second read: Adapter 2 ===

Sequence: GGACTACNVGGGTWTCTAAT; Type: regular 5'; Length: 20; Trimmed: 554916 times

Minimum overlap: 3
No. of allowed errors:
1-9 bp: 0; 10-19 bp: 1

Overview of removed sequences
length	count	expect	max.err	error counts
3	2	9465.2	0	2
11	7	0.1	1	3 4
12	3	0.0	1	1 2
13	5	0.0	1	3 2
14	7	0.0	1	5 2
15	11	0.0	1	6 5
16	16	0.0	1	8 8
17	20	0.0	1	9 11
18	20	0.0	1	18 2
19	35	0.0	1	21 14
20	159	0.0	1	118 41
21	4291	0.0	1	1443 2848
22	548752	0.0	1	494464 54288
23	1567	0.0	1	615 952
24	1	0.0	1	0 1
25	4	0.0	1	4
26	1	0.0	1	1
27	3	0.0	1	3
28	3	0.0	1	0 3
29	1	0.0	1	1
32	4	0.0	1	4
40	2	0.0	1	1 1
57	2	0.0	1	2
Running cutadapt on: 2024_Both01_Warm05_O50_gut_S150
This is cutadapt 5.2 with Python 3.13.15
Command line parameters: -j 6 -g GTGYCAGCMGCCGCGGTAA -G GGACTACNVGGGTWTCTAAT -o /scratch4/workspace/jade_fiorilla_student_uml_edu-rawseqorcc/trimmed-cutadapt-fastp/2024_Both01_Warm05_O50_gut_S150_R1_trim.fastq -p /scratch4/workspace/jade_fiorilla_student_uml_edu-rawseqorcc/trimmed-cutadapt-fastp/2024_Both01_Warm05_O50_gut_S150_R2_trim.fastq /scratch4/workspace/jade_fiorilla_student_uml_edu-rawseqorcc/trimmed-fastp/2024_Both01_Warm05_O50_gut_S150_R1_trim.fastq.gz /scratch4/workspace/jade_fiorilla_student_uml_edu-rawseqorcc/trimmed-fastp/2024_Both01_Warm05_O50_gut_S150_R2_trim.fastq.gz
Processing paired-end reads on 6 cores ...

=== Summary ===

Total read pairs processed:            889,010
  Read 1 with adapter:                 775,215 (87.2%)
  Read 2 with adapter:                 693,099 (78.0%)
Pairs written (passing filters):       889,010 (100.0%)

Total basepairs processed:   411,839,896 bp
  Read 1:   205,960,925 bp
  Read 2:   205,878,971 bp
Total written (filtered):    380,356,604 bp (92.4%)
  Read 1:   189,704,079 bp
  Read 2:   190,652,525 bp

=== First read: Adapter 1 ===

Sequence: GTGYCAGCMGCCGCGGTAA; Type: regular 5'; Length: 19; Trimmed: 775215 times

Minimum overlap: 3
No. of allowed errors:
1-9 bp: 0; 10-19 bp: 1

Overview of removed sequences
length	count	expect	max.err	error counts
3	25	13890.8	0	25
9	3	3.4	0	3
10	1	0.8	1	0 1
11	2	0.2	1	2
12	22	0.1	1	20 2
13	5	0.0	1	5
14	4	0.0	1	4
15	7	0.0	1	0 7
16	16	0.0	1	8 8
17	16	0.0	1	9 7
18	45	0.0	1	20 25
19	4686	0.0	1	3620 1066
20	15420	0.0	1	11411 4009
21	752365	0.0	1	644452 107913
22	2533	0.0	1	1107 1426
23	2	0.0	1	0 2
24	13	0.0	1	9 4
25	7	0.0	1	5 2
26	5	0.0	1	3 2
27	5	0.0	1	4 1
28	1	0.0	1	1
29	2	0.0	1	2
30	1	0.0	1	1
31	2	0.0	1	0 2
33	2	0.0	1	0 2
35	5	0.0	1	3 2
36	2	0.0	1	2
37	2	0.0	1	1 1
38	4	0.0	1	4
39	2	0.0	1	2
40	1	0.0	1	0 1
41	1	0.0	1	1
42	2	0.0	1	2
43	1	0.0	1	1
46	1	0.0	1	1
48	1	0.0	1	0 1
53	2	0.0	1	2
58	1	0.0	1	1


=== Second read: Adapter 2 ===

Sequence: GGACTACNVGGGTWTCTAAT; Type: regular 5'; Length: 20; Trimmed: 693099 times

Minimum overlap: 3
No. of allowed errors:
1-9 bp: 0; 10-19 bp: 1

Overview of removed sequences
length	count	expect	max.err	error counts
3	30	13890.8	0	30
10	1	0.8	1	1
11	6	0.2	1	3 3
12	1	0.1	1	0 1
13	4	0.0	1	3 1
14	5	0.0	1	1 4
15	10	0.0	1	2 8
16	16	0.0	1	8 8
17	22	0.0	1	18 4
18	30	0.0	1	16 14
19	55	0.0	1	30 25
20	2451	0.0	1	2237 214
21	17899	0.0	1	13507 4392
22	670524	0.0	1	636611 33913
23	2006	0.0	1	826 1180
24	7	0.0	1	6 1
25	10	0.0	1	6 4
27	1	0.0	1	1
29	1	0.0	1	1
30	7	0.0	1	3 4
32	1	0.0	1	1
33	2	0.0	1	2
34	2	0.0	1	2
36	1	0.0	1	1
37	1	0.0	1	0 1
41	1	0.0	1	1
46	3	0.0	1	3
57	2	0.0	1	2
Running cutadapt on: 2024_Both02_Both05_O51_gill_S251
This is cutadapt 5.2 with Python 3.13.15
Command line parameters: -j 6 -g GTGYCAGCMGCCGCGGTAA -G GGACTACNVGGGTWTCTAAT -o /scratch4/workspace/jade_fiorilla_student_uml_edu-rawseqorcc/trimmed-cutadapt-fastp/2024_Both02_Both05_O51_gill_S251_R1_trim.fastq -p /scratch4/workspace/jade_fiorilla_student_uml_edu-rawseqorcc/trimmed-cutadapt-fastp/2024_Both02_Both05_O51_gill_S251_R2_trim.fastq /scratch4/workspace/jade_fiorilla_student_uml_edu-rawseqorcc/trimmed-fastp/2024_Both02_Both05_O51_gill_S251_R1_trim.fastq.gz /scratch4/workspace/jade_fiorilla_student_uml_edu-rawseqorcc/trimmed-fastp/2024_Both02_Both05_O51_gill_S251_R2_trim.fastq.gz
Processing paired-end reads on 6 cores ...

=== Summary ===

Total read pairs processed:            525,802
  Read 1 with adapter:                 487,422 (92.7%)
  Read 2 with adapter:                 508,415 (96.7%)
Pairs written (passing filters):       525,802 (100.0%)

Total basepairs processed:   302,063,887 bp
  Read 1:   151,031,843 bp
  Read 2:   151,032,044 bp
Total written (filtered):    279,677,932 bp (92.6%)
  Read 1:   140,330,088 bp
  Read 2:   139,347,844 bp

=== First read: Adapter 1 ===

Sequence: GTGYCAGCMGCCGCGGTAA; Type: regular 5'; Length: 19; Trimmed: 487422 times

Minimum overlap: 3
No. of allowed errors:
1-9 bp: 0; 10-19 bp: 1

Overview of removed sequences
length	count	expect	max.err	error counts
3	833	8215.7	0	833
4	1	2053.9	0	1
9	3	2.0	0	3
10	2	0.5	1	1 1
11	6	0.1	1	5 1
12	114	0.0	1	112 2
13	12	0.0	1	5 7
14	9	0.0	1	6 3
15	24	0.0	1	15 9
16	62	0.0	1	44 18
17	53	0.0	1	26 27
18	104	0.0	1	68 36
19	515	0.0	1	459 56
20	183	0.0	1	121 62
21	3201	0.0	1	1193 2008
22	480391	0.0	1	464450 15941
23	1889	0.0	1	359 1530
24	1	0.0	1	0 1
25	1	0.0	1	1
26	2	0.0	1	1 1
27	4	0.0	1	2 2
28	2	0.0	1	2
29	1	0.0	1	1
34	1	0.0	1	1
36	1	0.0	1	1
37	1	0.0	1	1
39	2	0.0	1	2
41	1	0.0	1	1
43	3	0.0	1	3


=== Second read: Adapter 2 ===

Sequence: GGACTACNVGGGTWTCTAAT; Type: regular 5'; Length: 20; Trimmed: 508415 times

Minimum overlap: 3
No. of allowed errors:
1-9 bp: 0; 10-19 bp: 1

Overview of removed sequences
length	count	expect	max.err	error counts
3	277	8215.7	0	277
8	1	8.0	0	1
9	1	2.0	0	1
10	5	0.5	1	3 2
11	7	0.1	1	4 3
12	4	0.0	1	2 2
13	4	0.0	1	2 2
14	10	0.0	1	3 7
15	12	0.0	1	3 9
16	12	0.0	1	5 7
17	4	0.0	1	2 2
18	17	0.0	1	7 10
19	48	0.0	1	27 21
20	262	0.0	1	242 20
21	78	0.0	1	49 29
22	3913	0.0	1	791 3122
23	502039	0.0	1	465945 36094
24	1697	0.0	1	480 1217
25	7	0.0	1	5 2
26	1	0.0	1	1
28	5	0.0	1	5
31	1	0.0	1	1
33	4	0.0	1	4
36	1	0.0	1	0 1
37	1	0.0	1	1
38	1	0.0	1	1
41	3	0.0	1	3
Running cutadapt on: 2024_Both02_Both05_O51_gut_S229
This is cutadapt 5.2 with Python 3.13.15
Command line parameters: -j 6 -g GTGYCAGCMGCCGCGGTAA -G GGACTACNVGGGTWTCTAAT -o /scratch4/workspace/jade_fiorilla_student_uml_edu-rawseqorcc/trimmed-cutadapt-fastp/2024_Both02_Both05_O51_gut_S229_R1_trim.fastq -p /scratch4/workspace/jade_fiorilla_student_uml_edu-rawseqorcc/trimmed-cutadapt-fastp/2024_Both02_Both05_O51_gut_S229_R2_trim.fastq /scratch4/workspace/jade_fiorilla_student_uml_edu-rawseqorcc/trimmed-fastp/2024_Both02_Both05_O51_gut_S229_R1_trim.fastq.gz /scratch4/workspace/jade_fiorilla_student_uml_edu-rawseqorcc/trimmed-fastp/2024_Both02_Both05_O51_gut_S229_R2_trim.fastq.gz
Processing paired-end reads on 6 cores ...

=== Summary ===

Total read pairs processed:            949,074
  Read 1 with adapter:                 890,205 (93.8%)
  Read 2 with adapter:                 856,828 (90.3%)
Pairs written (passing filters):       949,074 (100.0%)

Total basepairs processed:   502,628,258 bp
  Read 1:   251,316,321 bp
  Read 2:   251,311,937 bp
Total written (filtered):    466,829,655 bp (92.9%)
  Read 1:   233,510,929 bp
  Read 2:   233,318,726 bp

=== First read: Adapter 1 ===

Sequence: GTGYCAGCMGCCGCGGTAA; Type: regular 5'; Length: 19; Trimmed: 890205 times

Minimum overlap: 3
No. of allowed errors:
1-9 bp: 0; 10-19 bp: 1

Overview of removed sequences
length	count	expect	max.err	error counts
9	6	3.6	0	6
10	4	0.9	1	2 2
11	2	0.2	1	1 1
12	42	0.1	1	39 3
13	5	0.0	1	3 2
14	5	0.0	1	4 1
15	7	0.0	1	3 4
16	36	0.0	1	29 7
17	18	0.0	1	11 7
18	73	0.0	1	38 35
19	3926	0.0	1	1212 2714
20	881068	0.0	1	821179 59889
21	4407	0.0	1	2496 1911
22	543	0.0	1	487 56
23	9	0.0	1	4 5
24	10	0.0	1	10
25	5	0.0	1	5
26	2	0.0	1	2
27	2	0.0	1	2
28	1	0.0	1	1
29	5	0.0	1	1 4
30	1	0.0	1	1
31	2	0.0	1	2
32	4	0.0	1	4
33	3	0.0	1	3
34	7	0.0	1	4 3
35	4	0.0	1	4
36	1	0.0	1	0 1
37	2	0.0	1	2
40	2	0.0	1	2
48	2	0.0	1	2
55	1	0.0	1	1


=== Second read: Adapter 2 ===

Sequence: GGACTACNVGGGTWTCTAAT; Type: regular 5'; Length: 20; Trimmed: 856828 times

Minimum overlap: 3
No. of allowed errors:
1-9 bp: 0; 10-19 bp: 1

Overview of removed sequences
length	count	expect	max.err	error counts
3	4	14829.3	0	4
9	2	3.6	0	2
10	3	0.9	1	3
11	3	0.2	1	1 2
12	1	0.1	1	1
13	4	0.0	1	3 1
14	7	0.0	1	1 6
15	6	0.0	1	1 5
16	5	0.0	1	1 4
17	10	0.0	1	8 2
18	27	0.0	1	14 13
19	44	0.0	1	27 17
20	5522	0.0	1	583 4939
21	845979	0.0	1	781485 64494
22	4899	0.0	1	3123 1776
23	276	0.0	1	250 26
24	4	0.0	1	3 1
25	5	0.0	1	3 2
26	1	0.0	1	1
27	4	0.0	1	3 1
28	2	0.0	1	2
29	3	0.0	1	3
33	2	0.0	1	1 1
34	2	0.0	1	2
36	1	0.0	1	1
37	1	0.0	1	1
38	3	0.0	1	3
39	1	0.0	1	1
42	3	0.0	1	1 2
43	3	0.0	1	3
56	1	0.0	1	1
Running cutadapt on: 2024_Both02_Cont04_O40_gill_S247
This is cutadapt 5.2 with Python 3.13.15
Command line parameters: -j 6 -g GTGYCAGCMGCCGCGGTAA -G GGACTACNVGGGTWTCTAAT -o /scratch4/workspace/jade_fiorilla_student_uml_edu-rawseqorcc/trimmed-cutadapt-fastp/2024_Both02_Cont04_O40_gill_S247_R1_trim.fastq -p /scratch4/workspace/jade_fiorilla_student_uml_edu-rawseqorcc/trimmed-cutadapt-fastp/2024_Both02_Cont04_O40_gill_S247_R2_trim.fastq /scratch4/workspace/jade_fiorilla_student_uml_edu-rawseqorcc/trimmed-fastp/2024_Both02_Cont04_O40_gill_S247_R1_trim.fastq.gz /scratch4/workspace/jade_fiorilla_student_uml_edu-rawseqorcc/trimmed-fastp/2024_Both02_Cont04_O40_gill_S247_R2_trim.fastq.gz
Processing paired-end reads on 6 cores ...

=== Summary ===

Total read pairs processed:            588,946
  Read 1 with adapter:                 494,160 (83.9%)
  Read 2 with adapter:                 573,539 (97.4%)
Pairs written (passing filters):       588,946 (100.0%)

Total basepairs processed:   339,599,939 bp
  Read 1:   169,815,608 bp
  Read 2:   169,784,331 bp
Total written (filtered):    315,592,912 bp (92.9%)
  Read 1:   158,991,067 bp
  Read 2:   156,601,845 bp

=== First read: Adapter 1 ===

Sequence: GTGYCAGCMGCCGCGGTAA; Type: regular 5'; Length: 19; Trimmed: 494160 times

Minimum overlap: 3
No. of allowed errors:
1-9 bp: 0; 10-19 bp: 1

Overview of removed sequences
length	count	expect	max.err	error counts
3	2207	9202.3	0	2207
4	2	2300.6	0	2
9	7	2.2	0	7
11	3	0.1	1	1 2
12	87	0.0	1	83 4
13	17	0.0	1	13 4
14	9	0.0	1	6 3
15	15	0.0	1	12 3
16	48	0.0	1	37 11
17	23	0.0	1	13 10
18	98	0.0	1	53 45
19	313	0.0	1	268 45
20	509	0.0	1	362 147
21	2855	0.0	1	954 1901
22	486369	0.0	1	461340 25029
23	1552	0.0	1	374 1178
24	13	0.0	1	9 4
25	5	0.0	1	4 1
26	4	0.0	1	4
27	4	0.0	1	4
28	2	0.0	1	2
30	1	0.0	1	1
31	4	0.0	1	4
32	1	0.0	1	1
34	1	0.0	1	1
35	1	0.0	1	1
37	2	0.0	1	2
38	1	0.0	1	0 1
40	1	0.0	1	1
42	3	0.0	1	2 1
43	2	0.0	1	2
57	1	0.0	1	1


=== Second read: Adapter 2 ===

Sequence: GGACTACNVGGGTWTCTAAT; Type: regular 5'; Length: 20; Trimmed: 573539 times

Minimum overlap: 3
No. of allowed errors:
1-9 bp: 0; 10-19 bp: 1

Overview of removed sequences
length	count	expect	max.err	error counts
3	218	9202.3	0	218
7	1	35.9	0	1
11	4	0.1	1	2 2
13	7	0.0	1	4 3
14	8	0.0	1	8
15	8	0.0	1	3 5
16	18	0.0	1	7 11
17	14	0.0	1	11 3
18	22	0.0	1	21 1
19	41	0.0	1	28 13
20	162	0.0	1	146 16
21	290	0.0	1	237 53
22	5465	0.0	1	831 4634
23	564709	0.0	1	527651 37058
24	2544	0.0	1	507 2037
25	8	0.0	1	3 5
27	4	0.0	1	4
28	2	0.0	1	2
29	1	0.0	1	1
30	3	0.0	1	3
31	3	0.0	1	3
32	1	0.0	1	1
33	3	0.0	1	3
39	1	0.0	1	1
43	1	0.0	1	1
45	1	0.0	1	1
Running cutadapt on: 2024_Both02_Cont04_O40_gut_S45
This is cutadapt 5.2 with Python 3.13.15
Command line parameters: -j 6 -g GTGYCAGCMGCCGCGGTAA -G GGACTACNVGGGTWTCTAAT -o /scratch4/workspace/jade_fiorilla_student_uml_edu-rawseqorcc/trimmed-cutadapt-fastp/2024_Both02_Cont04_O40_gut_S45_R1_trim.fastq -p /scratch4/workspace/jade_fiorilla_student_uml_edu-rawseqorcc/trimmed-cutadapt-fastp/2024_Both02_Cont04_O40_gut_S45_R2_trim.fastq /scratch4/workspace/jade_fiorilla_student_uml_edu-rawseqorcc/trimmed-fastp/2024_Both02_Cont04_O40_gut_S45_R1_trim.fastq.gz /scratch4/workspace/jade_fiorilla_student_uml_edu-rawseqorcc/trimmed-fastp/2024_Both02_Cont04_O40_gut_S45_R2_trim.fastq.gz
Processing paired-end reads on 6 cores ...

=== Summary ===

Total read pairs processed:            780,501
  Read 1 with adapter:                 621,018 (79.6%)
  Read 2 with adapter:                 449,119 (57.5%)
Pairs written (passing filters):       780,501 (100.0%)

Total basepairs processed:   280,145,563 bp
  Read 1:   140,146,437 bp
  Read 2:   139,999,126 bp
Total written (filtered):    258,296,417 bp (92.2%)
  Read 1:   127,726,864 bp
  Read 2:   130,569,553 bp

=== First read: Adapter 1 ===

Sequence: GTGYCAGCMGCCGCGGTAA; Type: regular 5'; Length: 19; Trimmed: 621018 times

Minimum overlap: 3
No. of allowed errors:
1-9 bp: 0; 10-19 bp: 1

Overview of removed sequences
length	count	expect	max.err	error counts
3	2	12195.3	0	2
11	1	0.2	1	1
12	35	0.0	1	28 7
14	6	0.0	1	4 2
15	5	0.0	1	0 5
16	22	0.0	1	7 15
17	14	0.0	1	4 10
18	64	0.0	1	26 38
19	7606	0.0	1	3853 3753
20	607306	0.0	1	430728 176578
21	4915	0.0	1	2740 2175
22	995	0.0	1	807 188
23	3	0.0	1	1 2
24	7	0.0	1	6 1
25	4	0.0	1	2 2
26	4	0.0	1	1 3
27	2	0.0	1	2
31	1	0.0	1	0 1
32	4	0.0	1	1 3
33	3	0.0	1	1 2
34	4	0.0	1	4
35	1	0.0	1	1
36	2	0.0	1	2
37	1	0.0	1	0 1
40	7	0.0	1	7
44	1	0.0	1	0 1
45	1	0.0	1	1
46	1	0.0	1	0 1
48	1	0.0	1	0 1


=== Second read: Adapter 2 ===

Sequence: GGACTACNVGGGTWTCTAAT; Type: regular 5'; Length: 20; Trimmed: 449119 times

Minimum overlap: 3
No. of allowed errors:
1-9 bp: 0; 10-19 bp: 1

Overview of removed sequences
length	count	expect	max.err	error counts
3	5	12195.3	0	5
10	6	0.7	1	5 1
12	1	0.0	1	1
13	2	0.0	1	2
14	8	0.0	1	0 8
15	3	0.0	1	0 3
16	5	0.0	1	0 5
17	3	0.0	1	1 2
18	14	0.0	1	7 7
19	57	0.0	1	19 38
20	5931	0.0	1	4080 1851
21	439128	0.0	1	432522 6606
22	3490	0.0	1	2497 993
23	458	0.0	1	433 25
24	1	0.0	1	1
25	4	0.0	1	4
28	1	0.0	1	1
31	1	0.0	1	1
32	1	0.0	1	0 1
Running cutadapt on: 2024_Both02_Null_O12_gill_S236
This is cutadapt 5.2 with Python 3.13.15
Command line parameters: -j 6 -g GTGYCAGCMGCCGCGGTAA -G GGACTACNVGGGTWTCTAAT -o /scratch4/workspace/jade_fiorilla_student_uml_edu-rawseqorcc/trimmed-cutadapt-fastp/2024_Both02_Null_O12_gill_S236_R1_trim.fastq -p /scratch4/workspace/jade_fiorilla_student_uml_edu-rawseqorcc/trimmed-cutadapt-fastp/2024_Both02_Null_O12_gill_S236_R2_trim.fastq /scratch4/workspace/jade_fiorilla_student_uml_edu-rawseqorcc/trimmed-fastp/2024_Both02_Null_O12_gill_S236_R1_trim.fastq.gz /scratch4/workspace/jade_fiorilla_student_uml_edu-rawseqorcc/trimmed-fastp/2024_Both02_Null_O12_gill_S236_R2_trim.fastq.gz
Processing paired-end reads on 6 cores ...

=== Summary ===

Total read pairs processed:          1,987,947
  Read 1 with adapter:               1,976,746 (99.4%)
  Read 2 with adapter:               1,967,643 (99.0%)
Pairs written (passing filters):     1,987,947 (100.0%)

Total basepairs processed: 1,154,906,840 bp
  Read 1:   577,444,332 bp
  Read 2:   577,462,508 bp
Total written (filtered):  1,077,997,863 bp (93.3%)
  Read 1:   539,886,071 bp
  Read 2:   538,111,792 bp

=== First read: Adapter 1 ===

Sequence: GTGYCAGCMGCCGCGGTAA; Type: regular 5'; Length: 19; Trimmed: 1976746 times

Minimum overlap: 3
No. of allowed errors:
1-9 bp: 0; 10-19 bp: 1

Overview of removed sequences
length	count	expect	max.err	error counts
8	2	30.3	0	2
9	3	7.6	0	3
12	67	0.1	1	64 3
13	10	0.0	1	9 1
14	18	0.0	1	2 16
15	19	0.0	1	10 9
16	54	0.0	1	34 20
17	111	0.0	1	74 37
18	4657	0.0	1	761 3896
19	1967514	0.0	1	1925368 42146
20	3714	0.0	1	861 2853
21	164	0.0	1	151 13
22	353	0.0	1	305 48
23	2	0.0	1	1 1
24	9	0.0	1	8 1
25	2	0.0	1	2
26	4	0.0	1	3 1
27	2	0.0	1	1 1
28	2	0.0	1	2
29	3	0.0	1	3
30	3	0.0	1	2 1
31	2	0.0	1	2
32	3	0.0	1	3
33	5	0.0	1	4 1
34	3	0.0	1	3
35	5	0.0	1	5
36	1	0.0	1	1
37	1	0.0	1	1
38	1	0.0	1	0 1
39	8	0.0	1	8
43	2	0.0	1	2
50	1	0.0	1	1
52	1	0.0	1	1


=== Second read: Adapter 2 ===

Sequence: GGACTACNVGGGTWTCTAAT; Type: regular 5'; Length: 20; Trimmed: 1967643 times

Minimum overlap: 3
No. of allowed errors:
1-9 bp: 0; 10-19 bp: 1

Overview of removed sequences
length	count	expect	max.err	error counts
3	2	31061.7	0	2
10	4	1.9	1	3 1
11	3	0.5	1	2 1
12	8	0.1	1	7 1
13	6	0.0	1	4 2
14	14	0.0	1	2 12
15	8	0.0	1	5 3
16	9	0.0	1	5 4
17	33	0.0	1	24 9
18	90	0.0	1	57 33
19	7727	0.0	1	992 6735
20	1954786	0.0	1	1909160 45626
21	4617	0.0	1	1257 3360
22	82	0.0	1	72 10
23	178	0.0	1	170 8
24	4	0.0	1	4
25	4	0.0	1	4
26	8	0.0	1	8
27	3	0.0	1	3
28	9	0.0	1	8 1
29	3	0.0	1	3
30	1	0.0	1	1
31	6	0.0	1	6
32	3	0.0	1	3
33	1	0.0	1	1
34	6	0.0	1	6
35	7	0.0	1	7
36	8	0.0	1	6 2
37	1	0.0	1	1
38	1	0.0	1	1
39	3	0.0	1	3
40	3	0.0	1	3
42	1	0.0	1	1
43	2	0.0	1	2
44	2	0.0	1	2
Running cutadapt on: 2024_Both02_Null_O12_gut_S71
This is cutadapt 5.2 with Python 3.13.15
Command line parameters: -j 6 -g GTGYCAGCMGCCGCGGTAA -G GGACTACNVGGGTWTCTAAT -o /scratch4/workspace/jade_fiorilla_student_uml_edu-rawseqorcc/trimmed-cutadapt-fastp/2024_Both02_Null_O12_gut_S71_R1_trim.fastq -p /scratch4/workspace/jade_fiorilla_student_uml_edu-rawseqorcc/trimmed-cutadapt-fastp/2024_Both02_Null_O12_gut_S71_R2_trim.fastq /scratch4/workspace/jade_fiorilla_student_uml_edu-rawseqorcc/trimmed-fastp/2024_Both02_Null_O12_gut_S71_R1_trim.fastq.gz /scratch4/workspace/jade_fiorilla_student_uml_edu-rawseqorcc/trimmed-fastp/2024_Both02_Null_O12_gut_S71_R2_trim.fastq.gz
Processing paired-end reads on 6 cores ...

=== Summary ===

Total read pairs processed:            730,114
  Read 1 with adapter:                 590,741 (80.9%)
  Read 2 with adapter:                 459,680 (63.0%)
Pairs written (passing filters):       730,114 (100.0%)

Total basepairs processed:   281,466,678 bp
  Read 1:   140,805,547 bp
  Read 2:   140,661,131 bp
Total written (filtered):    259,991,681 bp (92.4%)
  Read 1:   128,986,832 bp
  Read 2:   131,004,849 bp

=== First read: Adapter 1 ===

Sequence: GTGYCAGCMGCCGCGGTAA; Type: regular 5'; Length: 19; Trimmed: 590741 times

Minimum overlap: 3
No. of allowed errors:
1-9 bp: 0; 10-19 bp: 1

Overview of removed sequences
length	count	expect	max.err	error counts
3	4	11408.0	0	4
9	4	2.8	0	4
10	2	0.7	1	2
11	1	0.2	1	0 1
12	28	0.0	1	23 5
13	4	0.0	1	2 2
14	4	0.0	1	2 2
15	6	0.0	1	3 3
16	18	0.0	1	15 3
17	11	0.0	1	4 7
18	63	0.0	1	23 40
19	4239	0.0	1	1081 3158
20	580591	0.0	1	424378 156213
21	3242	0.0	1	1714 1528
22	2463	0.0	1	2167 296
23	9	0.0	1	4 5
24	1	0.0	1	1
25	3	0.0	1	2 1
26	6	0.0	1	3 3
27	7	0.0	1	6 1
28	2	0.0	1	1 1
29	3	0.0	1	2 1
30	3	0.0	1	3
32	3	0.0	1	0 3
33	3	0.0	1	2 1
34	6	0.0	1	2 4
35	1	0.0	1	0 1
36	3	0.0	1	1 2
37	2	0.0	1	1 1
38	2	0.0	1	2
39	3	0.0	1	3
40	1	0.0	1	0 1
41	1	0.0	1	0 1
43	1	0.0	1	0 1
47	1	0.0	1	0 1


=== Second read: Adapter 2 ===

Sequence: GGACTACNVGGGTWTCTAAT; Type: regular 5'; Length: 20; Trimmed: 459680 times

Minimum overlap: 3
No. of allowed errors:
1-9 bp: 0; 10-19 bp: 1

Overview of removed sequences
length	count	expect	max.err	error counts
3	5	11408.0	0	5
9	1	2.8	0	1
12	3	0.0	1	0 3
13	2	0.0	1	2
14	3	0.0	1	0 3
15	4	0.0	1	2 2
16	3	0.0	1	1 2
17	12	0.0	1	3 9
18	10	0.0	1	7 3
19	31	0.0	1	19 12
20	2281	0.0	1	636 1645
21	453573	0.0	1	393468 60105
22	1956	0.0	1	1090 866
23	1778	0.0	1	1720 58
24	6	0.0	1	2 4
25	3	0.0	1	1 2
26	2	0.0	1	2
27	1	0.0	1	1
29	3	0.0	1	2 1
31	1	0.0	1	1
32	1	0.0	1	1
46	1	0.0	1	1
Running cutadapt on: 2024_Both03_Both04_O41_gill_S165
This is cutadapt 5.2 with Python 3.13.15
Command line parameters: -j 6 -g GTGYCAGCMGCCGCGGTAA -G GGACTACNVGGGTWTCTAAT -o /scratch4/workspace/jade_fiorilla_student_uml_edu-rawseqorcc/trimmed-cutadapt-fastp/2024_Both03_Both04_O41_gill_S165_R1_trim.fastq -p /scratch4/workspace/jade_fiorilla_student_uml_edu-rawseqorcc/trimmed-cutadapt-fastp/2024_Both03_Both04_O41_gill_S165_R2_trim.fastq /scratch4/workspace/jade_fiorilla_student_uml_edu-rawseqorcc/trimmed-fastp/2024_Both03_Both04_O41_gill_S165_R1_trim.fastq.gz /scratch4/workspace/jade_fiorilla_student_uml_edu-rawseqorcc/trimmed-fastp/2024_Both03_Both04_O41_gill_S165_R2_trim.fastq.gz
Processing paired-end reads on 6 cores ...

=== Summary ===

Total read pairs processed:          1,074,425
  Read 1 with adapter:                 770,540 (71.7%)
  Read 2 with adapter:                 727,155 (67.7%)
Pairs written (passing filters):     1,074,425 (100.0%)

Total basepairs processed:   428,902,126 bp
  Read 1:   214,488,587 bp
  Read 2:   214,413,539 bp
Total written (filtered):    398,217,088 bp (92.8%)
  Read 1:   199,076,757 bp
  Read 2:   199,140,331 bp

=== First read: Adapter 1 ===

Sequence: GTGYCAGCMGCCGCGGTAA; Type: regular 5'; Length: 19; Trimmed: 770540 times

Minimum overlap: 3
No. of allowed errors:
1-9 bp: 0; 10-19 bp: 1

Overview of removed sequences
length	count	expect	max.err	error counts
3	6	16787.9	0	6
9	3	4.1	0	3
11	7	0.3	1	5 2
12	36	0.1	1	26 10
13	5	0.0	1	5
14	10	0.0	1	4 6
15	14	0.0	1	7 7
16	38	0.0	1	26 12
17	19	0.0	1	10 9
18	84	0.0	1	39 45
19	7185	0.0	1	4136 3049
20	755279	0.0	1	576322 178957
21	7035	0.0	1	5275 1760
22	759	0.0	1	664 95
23	5	0.0	1	3 2
24	5	0.0	1	5
25	5	0.0	1	4 1
26	8	0.0	1	5 3
27	1	0.0	1	0 1
28	7	0.0	1	4 3
29	2	0.0	1	2
30	2	0.0	1	2
32	1	0.0	1	0 1
33	4	0.0	1	1 3
34	1	0.0	1	1
35	1	0.0	1	0 1
36	3	0.0	1	3
38	4	0.0	1	4
39	1	0.0	1	1
40	1	0.0	1	0 1
41	1	0.0	1	1
42	2	0.0	1	1 1
43	2	0.0	1	1 1
45	1	0.0	1	1
50	2	0.0	1	0 2
53	1	0.0	1	0 1


=== Second read: Adapter 2 ===

Sequence: GGACTACNVGGGTWTCTAAT; Type: regular 5'; Length: 20; Trimmed: 727155 times

Minimum overlap: 3
No. of allowed errors:
1-9 bp: 0; 10-19 bp: 1

Overview of removed sequences
length	count	expect	max.err	error counts
11	5	0.3	1	1 4
12	1	0.1	1	1
13	5	0.0	1	3 2
14	1	0.0	1	0 1
15	8	0.0	1	1 7
16	3	0.0	1	0 3
17	18	0.0	1	8 10
18	15	0.0	1	12 3
19	53	0.0	1	27 26
20	6749	0.0	1	2998 3751
21	710924	0.0	1	686621 24303
22	8825	0.0	1	4454 4371
23	522	0.0	1	482 40
24	3	0.0	1	1 2
25	5	0.0	1	5
26	2	0.0	1	2
27	1	0.0	1	1
28	5	0.0	1	3 2
29	2	0.0	1	2
31	1	0.0	1	0 1
32	1	0.0	1	1
36	1	0.0	1	1
37	2	0.0	1	2
38	1	0.0	1	0 1
41	1	0.0	1	1
45	1	0.0	1	1
Running cutadapt on: 2024_Both03_Both04_O41_gut_S166
This is cutadapt 5.2 with Python 3.13.15
Command line parameters: -j 6 -g GTGYCAGCMGCCGCGGTAA -G GGACTACNVGGGTWTCTAAT -o /scratch4/workspace/jade_fiorilla_student_uml_edu-rawseqorcc/trimmed-cutadapt-fastp/2024_Both03_Both04_O41_gut_S166_R1_trim.fastq -p /scratch4/workspace/jade_fiorilla_student_uml_edu-rawseqorcc/trimmed-cutadapt-fastp/2024_Both03_Both04_O41_gut_S166_R2_trim.fastq /scratch4/workspace/jade_fiorilla_student_uml_edu-rawseqorcc/trimmed-fastp/2024_Both03_Both04_O41_gut_S166_R1_trim.fastq.gz /scratch4/workspace/jade_fiorilla_student_uml_edu-rawseqorcc/trimmed-fastp/2024_Both03_Both04_O41_gut_S166_R2_trim.fastq.gz
Processing paired-end reads on 6 cores ...

=== Summary ===

Total read pairs processed:          1,349,975
  Read 1 with adapter:               1,007,525 (74.6%)
  Read 2 with adapter:                 847,647 (62.8%)
Pairs written (passing filters):     1,349,975 (100.0%)

Total basepairs processed:   513,194,021 bp
  Read 1:   256,663,514 bp
  Read 2:   256,530,507 bp
Total written (filtered):    475,243,089 bp (92.6%)
  Read 1:   236,513,224 bp
  Read 2:   238,729,865 bp

=== First read: Adapter 1 ===

Sequence: GTGYCAGCMGCCGCGGTAA; Type: regular 5'; Length: 19; Trimmed: 1007525 times

Minimum overlap: 3
No. of allowed errors:
1-9 bp: 0; 10-19 bp: 1

Overview of removed sequences
length	count	expect	max.err	error counts
3	38	21093.4	0	38
8	1	20.6	0	1
9	6	5.1	0	6
12	53	0.1	1	35 18
13	3	0.0	1	3
14	8	0.0	1	5 3
15	13	0.0	1	7 6
16	32	0.0	1	25 7
17	22	0.0	1	10 12
18	114	0.0	1	39 75
19	8774	0.0	1	5162 3612
20	990622	0.0	1	743473 247149
21	6266	0.0	1	4036 2230
22	1494	0.0	1	858 636
23	7	0.0	1	5 2
24	6	0.0	1	4 2
25	6	0.0	1	4 2
26	8	0.0	1	7 1
28	7	0.0	1	7
29	3	0.0	1	3
30	1	0.0	1	0 1
31	2	0.0	1	1 1
32	3	0.0	1	1 2
33	1	0.0	1	0 1
34	7	0.0	1	4 3
35	2	0.0	1	0 2
36	4	0.0	1	3 1
37	2	0.0	1	1 1
39	1	0.0	1	1
40	4	0.0	1	1 3
43	4	0.0	1	4
44	1	0.0	1	1
45	4	0.0	1	4
47	1	0.0	1	1
48	2	0.0	1	2
52	2	0.0	1	1 1
59	1	0.0	1	0 1


=== Second read: Adapter 2 ===

Sequence: GGACTACNVGGGTWTCTAAT; Type: regular 5'; Length: 20; Trimmed: 847647 times

Minimum overlap: 3
No. of allowed errors:
1-9 bp: 0; 10-19 bp: 1

Overview of removed sequences
length	count	expect	max.err	error counts
3	34	21093.4	0	34
9	1	5.1	0	1
11	1	0.3	1	0 1
12	2	0.1	1	2
13	8	0.0	1	6 2
14	18	0.0	1	5 13
15	13	0.0	1	5 8
16	5	0.0	1	4 1
17	17	0.0	1	12 5
18	18	0.0	1	14 4
19	60	0.0	1	30 30
20	7459	0.0	1	3564 3895
21	832047	0.0	1	809836 22211
22	7494	0.0	1	3760 3734
23	441	0.0	1	401 40
24	3	0.0	1	2 1
25	3	0.0	1	3
26	3	0.0	1	3
27	2	0.0	1	2
28	1	0.0	1	1
29	2	0.0	1	2
30	1	0.0	1	1
31	3	0.0	1	3
33	1	0.0	1	0 1
35	2	0.0	1	2
36	1	0.0	1	1
40	5	0.0	1	5
50	1	0.0	1	1
57	1	0.0	1	1
Running cutadapt on: 2024_Both03_Cont03_O30_gill_S138
This is cutadapt 5.2 with Python 3.13.15
Command line parameters: -j 6 -g GTGYCAGCMGCCGCGGTAA -G GGACTACNVGGGTWTCTAAT -o /scratch4/workspace/jade_fiorilla_student_uml_edu-rawseqorcc/trimmed-cutadapt-fastp/2024_Both03_Cont03_O30_gill_S138_R1_trim.fastq -p /scratch4/workspace/jade_fiorilla_student_uml_edu-rawseqorcc/trimmed-cutadapt-fastp/2024_Both03_Cont03_O30_gill_S138_R2_trim.fastq /scratch4/workspace/jade_fiorilla_student_uml_edu-rawseqorcc/trimmed-fastp/2024_Both03_Cont03_O30_gill_S138_R1_trim.fastq.gz /scratch4/workspace/jade_fiorilla_student_uml_edu-rawseqorcc/trimmed-fastp/2024_Both03_Cont03_O30_gill_S138_R2_trim.fastq.gz
Processing paired-end reads on 6 cores ...

=== Summary ===

Total read pairs processed:          1,516,506
  Read 1 with adapter:               1,226,210 (80.9%)
  Read 2 with adapter:               1,017,931 (67.1%)
Pairs written (passing filters):     1,516,506 (100.0%)

Total basepairs processed:   616,351,745 bp
  Read 1:   308,245,515 bp
  Read 2:   308,106,230 bp
Total written (filtered):    570,447,085 bp (92.6%)
  Read 1:   283,718,641 bp
  Read 2:   286,728,444 bp

=== First read: Adapter 1 ===

Sequence: GTGYCAGCMGCCGCGGTAA; Type: regular 5'; Length: 19; Trimmed: 1226210 times

Minimum overlap: 3
No. of allowed errors:
1-9 bp: 0; 10-19 bp: 1

Overview of removed sequences
length	count	expect	max.err	error counts
3	21	23695.4	0	21
8	1	23.1	0	1
9	1	5.8	0	1
10	2	1.4	1	2
11	1	0.4	1	0 1
12	80	0.1	1	58 22
13	13	0.0	1	10 3
14	4	0.0	1	1 3
15	16	0.0	1	14 2
16	43	0.0	1	34 9
17	26	0.0	1	13 13
18	132	0.0	1	65 67
19	8637	0.0	1	5047 3590
20	1207823	0.0	1	942527 265296
21	6861	0.0	1	4419 2442
22	2455	0.0	1	1782 673
23	12	0.0	1	8 4
24	5	0.0	1	5
25	1	0.0	1	1
26	4	0.0	1	4
27	3	0.0	1	2 1
28	5	0.0	1	4 1
29	3	0.0	1	3
30	1	0.0	1	1
31	7	0.0	1	5 2
32	5	0.0	1	4 1
33	5	0.0	1	3 2
34	4	0.0	1	0 4
35	3	0.0	1	3
36	2	0.0	1	2
37	5	0.0	1	5
38	1	0.0	1	0 1
39	4	0.0	1	3 1
40	3	0.0	1	3
41	5	0.0	1	5
42	1	0.0	1	0 1
43	4	0.0	1	1 3
44	3	0.0	1	3
45	1	0.0	1	1
48	1	0.0	1	1
52	4	0.0	1	2 2
54	1	0.0	1	0 1
55	1	0.0	1	1


=== Second read: Adapter 2 ===

Sequence: GGACTACNVGGGTWTCTAAT; Type: regular 5'; Length: 20; Trimmed: 1017931 times

Minimum overlap: 3
No. of allowed errors:
1-9 bp: 0; 10-19 bp: 1

Overview of removed sequences
length	count	expect	max.err	error counts
3	26	23695.4	0	26
9	2	5.8	0	2
12	8	0.1	1	6 2
13	3	0.0	1	2 1
14	6	0.0	1	4 2
15	7	0.0	1	2 5
16	5	0.0	1	3 2
17	21	0.0	1	14 7
18	26	0.0	1	17 9
19	67	0.0	1	34 33
20	8776	0.0	1	3744 5032
21	1001098	0.0	1	945238 55860
22	5240	0.0	1	2957 2283
23	2577	0.0	1	2410 167
24	19	0.0	1	8 11
25	5	0.0	1	5
27	8	0.0	1	7 1
28	2	0.0	1	2
29	1	0.0	1	1
30	7	0.0	1	7
31	3	0.0	1	3
32	3	0.0	1	3
33	4	0.0	1	4
34	5	0.0	1	5
35	2	0.0	1	2
36	1	0.0	1	1
38	1	0.0	1	0 1
39	3	0.0	1	3
42	1	0.0	1	1
43	3	0.0	1	3
44	1	0.0	1	1
Running cutadapt on: 2024_Both03_Cont03_O30_gut_S34
This is cutadapt 5.2 with Python 3.13.15
Command line parameters: -j 6 -g GTGYCAGCMGCCGCGGTAA -G GGACTACNVGGGTWTCTAAT -o /scratch4/workspace/jade_fiorilla_student_uml_edu-rawseqorcc/trimmed-cutadapt-fastp/2024_Both03_Cont03_O30_gut_S34_R1_trim.fastq -p /scratch4/workspace/jade_fiorilla_student_uml_edu-rawseqorcc/trimmed-cutadapt-fastp/2024_Both03_Cont03_O30_gut_S34_R2_trim.fastq /scratch4/workspace/jade_fiorilla_student_uml_edu-rawseqorcc/trimmed-fastp/2024_Both03_Cont03_O30_gut_S34_R1_trim.fastq.gz /scratch4/workspace/jade_fiorilla_student_uml_edu-rawseqorcc/trimmed-fastp/2024_Both03_Cont03_O30_gut_S34_R2_trim.fastq.gz
Processing paired-end reads on 6 cores ...

=== Summary ===

Total read pairs processed:          1,277,277
  Read 1 with adapter:                 973,373 (76.2%)
  Read 2 with adapter:                 392,725 (30.7%)
Pairs written (passing filters):     1,277,277 (100.0%)

Total basepairs processed:   268,433,265 bp
  Read 1:   134,406,745 bp
  Read 2:   134,026,520 bp
Total written (filtered):    242,067,715 bp (90.2%)
  Read 1:   115,900,324 bp
  Read 2:   126,167,391 bp

=== First read: Adapter 1 ===

Sequence: GTGYCAGCMGCCGCGGTAA; Type: regular 5'; Length: 19; Trimmed: 973373 times

Minimum overlap: 3
No. of allowed errors:
1-9 bp: 0; 10-19 bp: 1

Overview of removed sequences
length	count	expect	max.err	error counts
3	2	19957.5	0	2
9	3	4.9	0	3
10	1	1.2	1	1
11	3	0.3	1	1 2
12	64	0.1	1	30 34
13	6	0.0	1	1 5
14	2	0.0	1	1 1
15	8	0.0	1	3 5
16	31	0.0	1	10 21
17	82	0.0	1	26 56
18	1542	0.0	1	236 1306
19	963364	0.0	1	379555 583809
20	3836	0.0	1	2199 1637
21	3644	0.0	1	2058 1586
22	694	0.0	1	500 194
23	5	0.0	1	2 3
24	1	0.0	1	0 1
26	4	0.0	1	0 4
27	5	0.0	1	0 5
28	1	0.0	1	0 1
29	5	0.0	1	1 4
31	3	0.0	1	0 3
32	4	0.0	1	3 1
33	8	0.0	1	2 6
35	4	0.0	1	1 3
36	4	0.0	1	1 3
37	4	0.0	1	1 3
38	1	0.0	1	0 1
39	22	0.0	1	0 22
40	2	0.0	1	0 2
42	9	0.0	1	0 9
46	2	0.0	1	0 2
48	1	0.0	1	0 1
50	2	0.0	1	0 2
51	2	0.0	1	0 2
53	1	0.0	1	0 1
60	1	0.0	1	0 1


=== Second read: Adapter 2 ===

Sequence: GGACTACNVGGGTWTCTAAT; Type: regular 5'; Length: 20; Trimmed: 392725 times

Minimum overlap: 3
No. of allowed errors:
1-9 bp: 0; 10-19 bp: 1

Overview of removed sequences
length	count	expect	max.err	error counts
3	2	19957.5	0	2
12	1	0.1	1	1
13	3	0.0	1	3
14	3	0.0	1	0 3
16	6	0.0	1	1 5
17	1	0.0	1	1
18	11	0.0	1	7 4
19	1877	0.0	1	286 1591
20	386173	0.0	1	371550 14623
21	3028	0.0	1	2177 851
22	1315	0.0	1	1236 79
23	295	0.0	1	243 52
26	2	0.0	1	2
28	1	0.0	1	1
29	5	0.0	1	3 2
31	1	0.0	1	1
37	1	0.0	1	1
Running cutadapt on: 2024_Both03_Cont06_O66_gill_S230
This is cutadapt 5.2 with Python 3.13.15
Command line parameters: -j 6 -g GTGYCAGCMGCCGCGGTAA -G GGACTACNVGGGTWTCTAAT -o /scratch4/workspace/jade_fiorilla_student_uml_edu-rawseqorcc/trimmed-cutadapt-fastp/2024_Both03_Cont06_O66_gill_S230_R1_trim.fastq -p /scratch4/workspace/jade_fiorilla_student_uml_edu-rawseqorcc/trimmed-cutadapt-fastp/2024_Both03_Cont06_O66_gill_S230_R2_trim.fastq /scratch4/workspace/jade_fiorilla_student_uml_edu-rawseqorcc/trimmed-fastp/2024_Both03_Cont06_O66_gill_S230_R1_trim.fastq.gz /scratch4/workspace/jade_fiorilla_student_uml_edu-rawseqorcc/trimmed-fastp/2024_Both03_Cont06_O66_gill_S230_R2_trim.fastq.gz
Processing paired-end reads on 6 cores ...

=== Summary ===

Total read pairs processed:            911,824
  Read 1 with adapter:                 721,350 (79.1%)
  Read 2 with adapter:                 660,370 (72.4%)
Pairs written (passing filters):       911,824 (100.0%)

Total basepairs processed:   392,492,426 bp
  Read 1:   196,256,974 bp
  Read 2:   196,235,452 bp
Total written (filtered):    364,196,375 bp (92.8%)
  Read 1:   181,828,766 bp
  Read 2:   182,367,609 bp

=== First read: Adapter 1 ===

Sequence: GTGYCAGCMGCCGCGGTAA; Type: regular 5'; Length: 19; Trimmed: 721350 times

Minimum overlap: 3
No. of allowed errors:
1-9 bp: 0; 10-19 bp: 1

Overview of removed sequences
length	count	expect	max.err	error counts
4	2	3561.8	0	2
10	2	0.9	1	0 2
11	1	0.2	1	1
12	42	0.1	1	33 9
13	8	0.0	1	7 1
14	2	0.0	1	2
15	4	0.0	1	0 4
16	17	0.0	1	14 3
17	16	0.0	1	5 11
18	66	0.0	1	42 24
19	2640	0.0	1	520 2120
20	714874	0.0	1	571898 142976
21	3220	0.0	1	1769 1451
22	415	0.0	1	338 77
23	5	0.0	1	2 3
24	4	0.0	1	4
26	4	0.0	1	2 2
27	1	0.0	1	1
28	1	0.0	1	1
30	3	0.0	1	3
32	1	0.0	1	1
33	1	0.0	1	1
34	2	0.0	1	0 2
35	6	0.0	1	5 1
36	2	0.0	1	0 2
39	2	0.0	1	2
40	4	0.0	1	4
42	2	0.0	1	2
44	1	0.0	1	1
49	1	0.0	1	1
61	1	0.0	1	0 1


=== Second read: Adapter 2 ===

Sequence: GGACTACNVGGGTWTCTAAT; Type: regular 5'; Length: 20; Trimmed: 660370 times

Minimum overlap: 3
No. of allowed errors:
1-9 bp: 0; 10-19 bp: 1

Overview of removed sequences
length	count	expect	max.err	error counts
10	5	0.9	1	5
14	3	0.0	1	2 1
15	5	0.0	1	2 3
16	3	0.0	1	1 2
17	20	0.0	1	15 5
18	21	0.0	1	13 8
19	29	0.0	1	16 13
20	3804	0.0	1	357 3447
21	652769	0.0	1	590826 61943
22	3472	0.0	1	2142 1330
23	212	0.0	1	188 24
24	6	0.0	1	6
25	1	0.0	1	1
26	1	0.0	1	1
27	5	0.0	1	1 4
28	1	0.0	1	1
30	2	0.0	1	2
32	1	0.0	1	1
33	2	0.0	1	2
37	1	0.0	1	1
40	1	0.0	1	1
42	1	0.0	1	1
44	1	0.0	1	1
47	1	0.0	1	1
48	3	0.0	1	3
Running cutadapt on: 2024_Both03_Cont06_O66_gut_S54
This is cutadapt 5.2 with Python 3.13.15
Command line parameters: -j 6 -g GTGYCAGCMGCCGCGGTAA -G GGACTACNVGGGTWTCTAAT -o /scratch4/workspace/jade_fiorilla_student_uml_edu-rawseqorcc/trimmed-cutadapt-fastp/2024_Both03_Cont06_O66_gut_S54_R1_trim.fastq -p /scratch4/workspace/jade_fiorilla_student_uml_edu-rawseqorcc/trimmed-cutadapt-fastp/2024_Both03_Cont06_O66_gut_S54_R2_trim.fastq /scratch4/workspace/jade_fiorilla_student_uml_edu-rawseqorcc/trimmed-fastp/2024_Both03_Cont06_O66_gut_S54_R1_trim.fastq.gz /scratch4/workspace/jade_fiorilla_student_uml_edu-rawseqorcc/trimmed-fastp/2024_Both03_Cont06_O66_gut_S54_R2_trim.fastq.gz
Processing paired-end reads on 6 cores ...

=== Summary ===

Total read pairs processed:            607,352
  Read 1 with adapter:                 437,808 (72.1%)
  Read 2 with adapter:                 185,018 (30.5%)
Pairs written (passing filters):       607,352 (100.0%)

Total basepairs processed:   126,700,327 bp
  Read 1:    63,396,344 bp
  Read 2:    63,303,983 bp
Total written (filtered):    114,662,412 bp (90.5%)
  Read 1:    55,064,982 bp
  Read 2:    59,597,430 bp

=== First read: Adapter 1 ===

Sequence: GTGYCAGCMGCCGCGGTAA; Type: regular 5'; Length: 19; Trimmed: 437808 times

Minimum overlap: 3
No. of allowed errors:
1-9 bp: 0; 10-19 bp: 1

Overview of removed sequences
length	count	expect	max.err	error counts
3	4	9489.9	0	4
11	1	0.1	1	1
12	36	0.0	1	11 25
13	5	0.0	1	1 4
14	3	0.0	1	0 3
15	8	0.0	1	3 5
16	13	0.0	1	4 9
17	37	0.0	1	13 24
18	673	0.0	1	112 561
19	429466	0.0	1	178036 251430
20	3319	0.0	1	1662 1657
21	2262	0.0	1	1323 939
22	1936	0.0	1	1448 488
23	11	0.0	1	4 7
24	3	0.0	1	0 3
25	2	0.0	1	1 1
26	1	0.0	1	0 1
28	3	0.0	1	0 3
29	4	0.0	1	1 3
31	2	0.0	1	1 1
33	2	0.0	1	0 2
34	3	0.0	1	0 3
35	1	0.0	1	1
36	1	0.0	1	0 1
39	1	0.0	1	0 1
40	5	0.0	1	0 5
41	1	0.0	1	0 1
42	1	0.0	1	0 1
43	1	0.0	1	0 1
44	2	0.0	1	0 2
46	1	0.0	1	1


=== Second read: Adapter 2 ===

Sequence: GGACTACNVGGGTWTCTAAT; Type: regular 5'; Length: 20; Trimmed: 185018 times

Minimum overlap: 3
No. of allowed errors:
1-9 bp: 0; 10-19 bp: 1

Overview of removed sequences
length	count	expect	max.err	error counts
3	8	9489.9	0	8
10	2	0.6	1	1 1
13	4	0.0	1	3 1
14	1	0.0	1	0 1
15	2	0.0	1	2
16	7	0.0	1	5 2
17	4	0.0	1	3 1
18	14	0.0	1	11 3
19	826	0.0	1	121 705
20	180529	0.0	1	176689 3840
21	1430	0.0	1	1020 410
22	759	0.0	1	715 44
23	1423	0.0	1	1358 65
24	4	0.0	1	0 4
25	2	0.0	1	2
29	2	0.0	1	2
46	1	0.0	1	1
Running cutadapt on: 2024_Both03_Hyp04_O41_gill_S220
This is cutadapt 5.2 with Python 3.13.15
Command line parameters: -j 6 -g GTGYCAGCMGCCGCGGTAA -G GGACTACNVGGGTWTCTAAT -o /scratch4/workspace/jade_fiorilla_student_uml_edu-rawseqorcc/trimmed-cutadapt-fastp/2024_Both03_Hyp04_O41_gill_S220_R1_trim.fastq -p /scratch4/workspace/jade_fiorilla_student_uml_edu-rawseqorcc/trimmed-cutadapt-fastp/2024_Both03_Hyp04_O41_gill_S220_R2_trim.fastq /scratch4/workspace/jade_fiorilla_student_uml_edu-rawseqorcc/trimmed-fastp/2024_Both03_Hyp04_O41_gill_S220_R1_trim.fastq.gz /scratch4/workspace/jade_fiorilla_student_uml_edu-rawseqorcc/trimmed-fastp/2024_Both03_Hyp04_O41_gill_S220_R2_trim.fastq.gz
Processing paired-end reads on 6 cores ...

=== Summary ===

Total read pairs processed:            842,058
  Read 1 with adapter:                 796,552 (94.6%)
  Read 2 with adapter:                 794,234 (94.3%)
Pairs written (passing filters):       842,058 (100.0%)

Total basepairs processed:   471,338,464 bp
  Read 1:   235,666,546 bp
  Read 2:   235,671,918 bp
Total written (filtered):    437,147,097 bp (92.7%)
  Read 1:   218,942,758 bp
  Read 2:   218,204,339 bp

=== First read: Adapter 1 ===

Sequence: GTGYCAGCMGCCGCGGTAA; Type: regular 5'; Length: 19; Trimmed: 796552 times

Minimum overlap: 3
No. of allowed errors:
1-9 bp: 0; 10-19 bp: 1

Overview of removed sequences
length	count	expect	max.err	error counts
3	9	13157.2	0	9
9	3	3.2	0	3
11	1	0.2	1	1
12	29	0.1	1	28 1
13	7	0.0	1	5 2
14	5	0.0	1	4 1
15	13	0.0	1	5 8
16	13	0.0	1	12 1
17	11	0.0	1	7 4
18	29	0.0	1	20 9
19	616	0.0	1	530 86
20	4278	0.0	1	2146 2132
21	789316	0.0	1	751565 37751
22	2168	0.0	1	928 1240
23	9	0.0	1	6 3
24	5	0.0	1	5
25	10	0.0	1	10
26	4	0.0	1	3 1
27	6	0.0	1	6
28	2	0.0	1	2
30	6	0.0	1	5 1
31	2	0.0	1	2
35	6	0.0	1	6
36	2	0.0	1	2
38	1	0.0	1	1
45	1	0.0	1	1


=== Second read: Adapter 2 ===

Sequence: GGACTACNVGGGTWTCTAAT; Type: regular 5'; Length: 20; Trimmed: 794234 times

Minimum overlap: 3
No. of allowed errors:
1-9 bp: 0; 10-19 bp: 1

Overview of removed sequences
length	count	expect	max.err	error counts
3	3	13157.2	0	3
10	4	0.8	1	3 1
11	2	0.2	1	1 1
12	8	0.1	1	7 1
13	7	0.0	1	7
14	20	0.0	1	4 16
15	6	0.0	1	3 3
16	13	0.0	1	4 9
17	24	0.0	1	15 9
18	33	0.0	1	25 8
19	56	0.0	1	46 10
20	240	0.0	1	192 48
21	6487	0.0	1	2461 4026
22	785154	0.0	1	767165 17989
23	2146	0.0	1	892 1254
24	3	0.0	1	2 1
25	3	0.0	1	3
26	1	0.0	1	1
27	3	0.0	1	3
28	2	0.0	1	2
29	9	0.0	1	9
30	1	0.0	1	1
31	4	0.0	1	4
32	1	0.0	1	1
33	1	0.0	1	0 1
34	1	0.0	1	1
40	2	0.0	1	2
Running cutadapt on: 2024_Both03_Hyp04_O41_gut_S221
This is cutadapt 5.2 with Python 3.13.15
Command line parameters: -j 6 -g GTGYCAGCMGCCGCGGTAA -G GGACTACNVGGGTWTCTAAT -o /scratch4/workspace/jade_fiorilla_student_uml_edu-rawseqorcc/trimmed-cutadapt-fastp/2024_Both03_Hyp04_O41_gut_S221_R1_trim.fastq -p /scratch4/workspace/jade_fiorilla_student_uml_edu-rawseqorcc/trimmed-cutadapt-fastp/2024_Both03_Hyp04_O41_gut_S221_R2_trim.fastq /scratch4/workspace/jade_fiorilla_student_uml_edu-rawseqorcc/trimmed-fastp/2024_Both03_Hyp04_O41_gut_S221_R1_trim.fastq.gz /scratch4/workspace/jade_fiorilla_student_uml_edu-rawseqorcc/trimmed-fastp/2024_Both03_Hyp04_O41_gut_S221_R2_trim.fastq.gz
Processing paired-end reads on 6 cores ...

=== Summary ===

Total read pairs processed:            796,402
  Read 1 with adapter:                 744,732 (93.5%)
  Read 2 with adapter:                 716,030 (89.9%)
Pairs written (passing filters):       796,402 (100.0%)

Total basepairs processed:   427,349,108 bp
  Read 1:   213,686,230 bp
  Read 2:   213,662,878 bp
Total written (filtered):    395,965,881 bp (92.7%)
  Read 1:   198,050,415 bp
  Read 2:   197,915,466 bp

=== First read: Adapter 1 ===

Sequence: GTGYCAGCMGCCGCGGTAA; Type: regular 5'; Length: 19; Trimmed: 744732 times

Minimum overlap: 3
No. of allowed errors:
1-9 bp: 0; 10-19 bp: 1

Overview of removed sequences
length	count	expect	max.err	error counts
3	5	12443.8	0	5
9	2	3.0	0	2
12	21	0.0	1	20 1
13	7	0.0	1	5 2
14	4	0.0	1	2 2
15	1	0.0	1	0 1
16	21	0.0	1	15 6
17	14	0.0	1	7 7
18	33	0.0	1	16 17
19	771	0.0	1	687 84
20	3976	0.0	1	2007 1969
21	737867	0.0	1	683503 54364
22	1960	0.0	1	800 1160
23	2	0.0	1	0 2
25	3	0.0	1	3
26	4	0.0	1	4
27	3	0.0	1	3
29	7	0.0	1	7
30	2	0.0	1	2
31	3	0.0	1	3
32	4	0.0	1	4
34	1	0.0	1	1
36	7	0.0	1	7
38	1	0.0	1	1
39	2	0.0	1	2
40	1	0.0	1	1
41	2	0.0	1	2
43	2	0.0	1	2
46	2	0.0	1	1 1
51	1	0.0	1	1
53	1	0.0	1	1
54	2	0.0	1	2


=== Second read: Adapter 2 ===

Sequence: GGACTACNVGGGTWTCTAAT; Type: regular 5'; Length: 20; Trimmed: 716030 times

Minimum overlap: 3
No. of allowed errors:
1-9 bp: 0; 10-19 bp: 1

Overview of removed sequences
length	count	expect	max.err	error counts
3	7	12443.8	0	7
8	4	12.2	0	4
9	2	3.0	0	2
10	2	0.8	1	2
11	2	0.2	1	2
12	3	0.0	1	2 1
13	11	0.0	1	7 4
14	17	0.0	1	3 14
15	22	0.0	1	9 13
16	6	0.0	1	3 3
17	26	0.0	1	20 6
18	30	0.0	1	29 1
19	48	0.0	1	30 18
20	257	0.0	1	209 48
21	5914	0.0	1	2376 3538
22	707673	0.0	1	691503 16170
23	1965	0.0	1	729 1236
24	5	0.0	1	4 1
25	4	0.0	1	0 4
26	3	0.0	1	3
27	5	0.0	1	2 3
28	1	0.0	1	1
29	3	0.0	1	3
30	2	0.0	1	1 1
31	5	0.0	1	5
32	2	0.0	1	2
34	4	0.0	1	4
35	3	0.0	1	3
38	1	0.0	1	1
39	2	0.0	1	2
43	1	0.0	1	1
Running cutadapt on: 2024_Both03_Null_O24_gill_S269
This is cutadapt 5.2 with Python 3.13.15
Command line parameters: -j 6 -g GTGYCAGCMGCCGCGGTAA -G GGACTACNVGGGTWTCTAAT -o /scratch4/workspace/jade_fiorilla_student_uml_edu-rawseqorcc/trimmed-cutadapt-fastp/2024_Both03_Null_O24_gill_S269_R1_trim.fastq -p /scratch4/workspace/jade_fiorilla_student_uml_edu-rawseqorcc/trimmed-cutadapt-fastp/2024_Both03_Null_O24_gill_S269_R2_trim.fastq /scratch4/workspace/jade_fiorilla_student_uml_edu-rawseqorcc/trimmed-fastp/2024_Both03_Null_O24_gill_S269_R1_trim.fastq.gz /scratch4/workspace/jade_fiorilla_student_uml_edu-rawseqorcc/trimmed-fastp/2024_Both03_Null_O24_gill_S269_R2_trim.fastq.gz
Processing paired-end reads on 6 cores ...

=== Summary ===

Total read pairs processed:            735,101
  Read 1 with adapter:                 718,723 (97.8%)
  Read 2 with adapter:                 708,922 (96.4%)
Pairs written (passing filters):       735,101 (100.0%)

Total basepairs processed:   417,415,159 bp
  Read 1:   208,707,147 bp
  Read 2:   208,708,012 bp
Total written (filtered):    388,155,081 bp (93.0%)
  Read 1:   194,332,974 bp
  Read 2:   193,822,107 bp

=== First read: Adapter 1 ===

Sequence: GTGYCAGCMGCCGCGGTAA; Type: regular 5'; Length: 19; Trimmed: 718723 times

Minimum overlap: 3
No. of allowed errors:
1-9 bp: 0; 10-19 bp: 1

Overview of removed sequences
length	count	expect	max.err	error counts
3	1	11486.0	0	1
5	1	717.9	0	1
9	1	2.8	0	1
10	4	0.7	1	4
12	16	0.0	1	14 2
13	9	0.0	1	7 2
14	2	0.0	1	1 1
15	5	0.0	1	2 3
16	22	0.0	1	16 6
17	22	0.0	1	10 12
18	70	0.0	1	42 28
19	2980	0.0	1	1011 1969
20	713236	0.0	1	657876 55360
21	1921	0.0	1	653 1268
22	377	0.0	1	347 30
23	4	0.0	1	2 2
24	3	0.0	1	3
25	6	0.0	1	4 2
26	8	0.0	1	5 3
27	5	0.0	1	5
29	4	0.0	1	0 4
30	2	0.0	1	0 2
31	2	0.0	1	1 1
32	4	0.0	1	4
34	3	0.0	1	0 3
35	2	0.0	1	0 2
36	2	0.0	1	2
38	2	0.0	1	2
39	2	0.0	1	2
41	1	0.0	1	1
43	1	0.0	1	1
46	1	0.0	1	1
47	2	0.0	1	2
48	1	0.0	1	1
50	1	0.0	1	1


=== Second read: Adapter 2 ===

Sequence: GGACTACNVGGGTWTCTAAT; Type: regular 5'; Length: 20; Trimmed: 708922 times

Minimum overlap: 3
No. of allowed errors:
1-9 bp: 0; 10-19 bp: 1

Overview of removed sequences
length	count	expect	max.err	error counts
3	1	11486.0	0	1
9	3	2.8	0	3
10	1	0.7	1	1
11	1	0.2	1	1
12	4	0.0	1	3 1
13	5	0.0	1	2 3
14	4	0.0	1	2 2
15	15	0.0	1	4 11
16	4	0.0	1	2 2
17	16	0.0	1	13 3
18	20	0.0	1	14 6
19	36	0.0	1	17 19
20	3814	0.0	1	441 3373
21	702704	0.0	1	658320 44384
22	2119	0.0	1	776 1343
23	134	0.0	1	128 6
24	4	0.0	1	3 1
25	4	0.0	1	4
26	6	0.0	1	6
27	1	0.0	1	1
28	6	0.0	1	3 3
29	3	0.0	1	3
30	3	0.0	1	3
31	1	0.0	1	1
35	1	0.0	1	1
36	2	0.0	1	2
37	1	0.0	1	1
39	2	0.0	1	2
45	2	0.0	1	2
47	4	0.0	1	4
61	1	0.0	1	1
Running cutadapt on: 2024_Both03_Null_O24_gut_S181
This is cutadapt 5.2 with Python 3.13.15
Command line parameters: -j 6 -g GTGYCAGCMGCCGCGGTAA -G GGACTACNVGGGTWTCTAAT -o /scratch4/workspace/jade_fiorilla_student_uml_edu-rawseqorcc/trimmed-cutadapt-fastp/2024_Both03_Null_O24_gut_S181_R1_trim.fastq -p /scratch4/workspace/jade_fiorilla_student_uml_edu-rawseqorcc/trimmed-cutadapt-fastp/2024_Both03_Null_O24_gut_S181_R2_trim.fastq /scratch4/workspace/jade_fiorilla_student_uml_edu-rawseqorcc/trimmed-fastp/2024_Both03_Null_O24_gut_S181_R1_trim.fastq.gz /scratch4/workspace/jade_fiorilla_student_uml_edu-rawseqorcc/trimmed-fastp/2024_Both03_Null_O24_gut_S181_R2_trim.fastq.gz
Processing paired-end reads on 6 cores ...

=== Summary ===

Total read pairs processed:          1,638,871
  Read 1 with adapter:               1,085,398 (66.2%)
  Read 2 with adapter:                 728,386 (44.4%)
Pairs written (passing filters):     1,638,871 (100.0%)

Total basepairs processed:   422,792,284 bp
  Read 1:   211,526,255 bp
  Read 2:   211,266,029 bp
Total written (filtered):    387,581,135 bp (91.7%)
  Read 1:   190,890,555 bp
  Read 2:   196,690,580 bp

=== First read: Adapter 1 ===

Sequence: GTGYCAGCMGCCGCGGTAA; Type: regular 5'; Length: 19; Trimmed: 1085398 times

Minimum overlap: 3
No. of allowed errors:
1-9 bp: 0; 10-19 bp: 1

Overview of removed sequences
length	count	expect	max.err	error counts
3	2	25607.4	0	2
9	2	6.3	0	2
10	1	1.6	1	1
12	65	0.1	1	39 26
13	9	0.0	1	5 4
14	2	0.0	1	0 2
15	6	0.0	1	5 1
16	39	0.0	1	17 22
17	90	0.0	1	42 48
18	1814	0.0	1	254 1560
19	1072653	0.0	1	516227 556426
20	7089	0.0	1	4558 2531
21	2944	0.0	1	2494 450
22	610	0.0	1	514 96
23	3	0.0	1	1 2
24	2	0.0	1	2
25	3	0.0	1	1 2
26	2	0.0	1	0 2
27	1	0.0	1	0 1
28	2	0.0	1	0 2
29	4	0.0	1	0 4
30	4	0.0	1	4
31	3	0.0	1	2 1
32	4	0.0	1	0 4
33	26	0.0	1	1 25
35	1	0.0	1	1
36	1	0.0	1	1
37	3	0.0	1	0 3
38	1	0.0	1	0 1
39	5	0.0	1	4 1
42	2	0.0	1	2
53	1	0.0	1	0 1
55	4	0.0	1	2 2


=== Second read: Adapter 2 ===

Sequence: GGACTACNVGGGTWTCTAAT; Type: regular 5'; Length: 20; Trimmed: 728386 times

Minimum overlap: 3
No. of allowed errors:
1-9 bp: 0; 10-19 bp: 1

Overview of removed sequences
length	count	expect	max.err	error counts
9	3	6.3	0	3
10	2	1.6	1	2
11	3	0.4	1	3
12	1	0.1	1	1
13	4	0.0	1	4
14	9	0.0	1	6 3
16	12	0.0	1	8 4
17	8	0.0	1	2 6
18	49	0.0	1	37 12
19	3419	0.0	1	461 2958
20	715918	0.0	1	691391 24527
21	7060	0.0	1	5433 1627
22	1506	0.0	1	1420 86
23	366	0.0	1	345 21
24	1	0.0	1	0 1
26	3	0.0	1	3
27	2	0.0	1	1 1
29	4	0.0	1	0 4
30	1	0.0	1	0 1
31	1	0.0	1	0 1
32	2	0.0	1	2
33	5	0.0	1	5
35	1	0.0	1	0 1
39	2	0.0	1	2
40	1	0.0	1	1
41	3	0.0	1	3
Running cutadapt on: 2024_Both03_Warm01_O6_gill_S197
This is cutadapt 5.2 with Python 3.13.15
Command line parameters: -j 6 -g GTGYCAGCMGCCGCGGTAA -G GGACTACNVGGGTWTCTAAT -o /scratch4/workspace/jade_fiorilla_student_uml_edu-rawseqorcc/trimmed-cutadapt-fastp/2024_Both03_Warm01_O6_gill_S197_R1_trim.fastq -p /scratch4/workspace/jade_fiorilla_student_uml_edu-rawseqorcc/trimmed-cutadapt-fastp/2024_Both03_Warm01_O6_gill_S197_R2_trim.fastq /scratch4/workspace/jade_fiorilla_student_uml_edu-rawseqorcc/trimmed-fastp/2024_Both03_Warm01_O6_gill_S197_R1_trim.fastq.gz /scratch4/workspace/jade_fiorilla_student_uml_edu-rawseqorcc/trimmed-fastp/2024_Both03_Warm01_O6_gill_S197_R2_trim.fastq.gz
Processing paired-end reads on 6 cores ...

=== Summary ===

Total read pairs processed:          1,642,388
  Read 1 with adapter:               1,605,477 (97.8%)
  Read 2 with adapter:               1,601,330 (97.5%)
Pairs written (passing filters):     1,642,388 (100.0%)

Total basepairs processed:   963,376,782 bp
  Read 1:   481,695,535 bp
  Read 2:   481,681,247 bp
Total written (filtered):    891,289,374 bp (92.5%)
  Read 1:   446,411,595 bp
  Read 2:   444,877,779 bp

=== First read: Adapter 1 ===

Sequence: GTGYCAGCMGCCGCGGTAA; Type: regular 5'; Length: 19; Trimmed: 1605477 times

Minimum overlap: 3
No. of allowed errors:
1-9 bp: 0; 10-19 bp: 1

Overview of removed sequences
length	count	expect	max.err	error counts
3	840	25662.3	0	840
4	2	6415.6	0	2
8	1	25.1	0	1
9	6	6.3	0	6
10	9	1.6	1	4 5
11	6	0.4	1	1 5
12	311	0.1	1	281 30
13	26	0.0	1	19 7
14	22	0.0	1	13 9
15	59	0.0	1	25 34
16	143	0.0	1	105 38
17	109	0.0	1	54 55
18	216	0.0	1	155 61
19	2381	0.0	1	2216 165
20	1496	0.0	1	1134 362
21	8815	0.0	1	3078 5737
22	1587217	0.0	1	1472993 114224
23	3693	0.0	1	1141 2552
24	14	0.0	1	12 2
25	12	0.0	1	12
26	13	0.0	1	12 1
27	5	0.0	1	4 1
28	8	0.0	1	8
29	5	0.0	1	5
30	10	0.0	1	4 6
31	12	0.0	1	12
32	1	0.0	1	1
34	4	0.0	1	0 4
35	5	0.0	1	4 1
36	4	0.0	1	4
37	5	0.0	1	5
38	7	0.0	1	6 1
39	7	0.0	1	5 2
40	4	0.0	1	4
41	3	0.0	1	3
44	3	0.0	1	3
46	2	0.0	1	2
47	1	0.0	1	1


=== Second read: Adapter 2 ===

Sequence: GGACTACNVGGGTWTCTAAT; Type: regular 5'; Length: 20; Trimmed: 1601330 times

Minimum overlap: 3
No. of allowed errors:
1-9 bp: 0; 10-19 bp: 1

Overview of removed sequences
length	count	expect	max.err	error counts
3	631	25662.3	0	631
4	2	6415.6	0	2
5	3	1603.9	0	3
9	3	6.3	0	3
10	5	1.6	1	4 1
11	13	0.4	1	8 5
12	10	0.1	1	4 6
13	15	0.0	1	14 1
14	16	0.0	1	9 7
15	31	0.0	1	12 19
16	30	0.0	1	13 17
17	41	0.0	1	25 16
18	69	0.0	1	46 23
19	108	0.0	1	74 34
20	1589	0.0	1	1490 99
21	994	0.0	1	843 151
22	10562	0.0	1	2544 8018
23	1582776	0.0	1	1546656 36120
24	4351	0.0	1	1559 2792
25	14	0.0	1	12 2
26	8	0.0	1	8
27	10	0.0	1	10
28	8	0.0	1	8
29	3	0.0	1	3
30	8	0.0	1	7 1
31	4	0.0	1	1 3
32	1	0.0	1	1
33	3	0.0	1	3
34	1	0.0	1	1
37	4	0.0	1	4
38	2	0.0	1	2
39	1	0.0	1	1
41	4	0.0	1	4
43	3	0.0	1	3
45	4	0.0	1	4
47	1	0.0	1	1
55	1	0.0	1	1
61	1	0.0	1	1
Running cutadapt on: 2024_Both03_Warm01_O6_gut_S4
This is cutadapt 5.2 with Python 3.13.15
Command line parameters: -j 6 -g GTGYCAGCMGCCGCGGTAA -G GGACTACNVGGGTWTCTAAT -o /scratch4/workspace/jade_fiorilla_student_uml_edu-rawseqorcc/trimmed-cutadapt-fastp/2024_Both03_Warm01_O6_gut_S4_R1_trim.fastq -p /scratch4/workspace/jade_fiorilla_student_uml_edu-rawseqorcc/trimmed-cutadapt-fastp/2024_Both03_Warm01_O6_gut_S4_R2_trim.fastq /scratch4/workspace/jade_fiorilla_student_uml_edu-rawseqorcc/trimmed-fastp/2024_Both03_Warm01_O6_gut_S4_R1_trim.fastq.gz /scratch4/workspace/jade_fiorilla_student_uml_edu-rawseqorcc/trimmed-fastp/2024_Both03_Warm01_O6_gut_S4_R2_trim.fastq.gz
Processing paired-end reads on 6 cores ...

=== Summary ===

Total read pairs processed:            865,202
  Read 1 with adapter:                 793,611 (91.7%)
  Read 2 with adapter:                 765,061 (88.4%)
Pairs written (passing filters):       865,202 (100.0%)

Total basepairs processed:   457,231,403 bp
  Read 1:   228,649,668 bp
  Read 2:   228,581,735 bp
Total written (filtered):    422,265,027 bp (92.4%)
  Read 1:   211,240,109 bp
  Read 2:   211,024,918 bp

=== First read: Adapter 1 ===

Sequence: GTGYCAGCMGCCGCGGTAA; Type: regular 5'; Length: 19; Trimmed: 793611 times

Minimum overlap: 3
No. of allowed errors:
1-9 bp: 0; 10-19 bp: 1

Overview of removed sequences
length	count	expect	max.err	error counts
3	1491	13518.8	0	1491
9	10	3.3	0	10
10	1	0.8	1	0 1
11	1	0.2	1	1
12	169	0.1	1	159 10
13	21	0.0	1	7 14
14	20	0.0	1	9 11
15	20	0.0	1	7 13
16	82	0.0	1	69 13
17	53	0.0	1	29 24
18	134	0.0	1	80 54
19	2292	0.0	1	975 1317
20	3060	0.0	1	2435 625
21	7451	0.0	1	3864 3587
22	776913	0.0	1	720668 56245
23	1830	0.0	1	592 1238
24	8	0.0	1	7 1
25	5	0.0	1	3 2
26	4	0.0	1	4
27	6	0.0	1	6
28	1	0.0	1	1
29	4	0.0	1	4
30	4	0.0	1	4
33	2	0.0	1	2
34	5	0.0	1	2 3
36	3	0.0	1	2 1
37	7	0.0	1	7
38	1	0.0	1	1
39	2	0.0	1	2
40	1	0.0	1	1
41	1	0.0	1	1
43	1	0.0	1	1
45	2	0.0	1	2
48	5	0.0	1	4 1
54	1	0.0	1	1


=== Second read: Adapter 2 ===

Sequence: GGACTACNVGGGTWTCTAAT; Type: regular 5'; Length: 20; Trimmed: 765061 times

Minimum overlap: 3
No. of allowed errors:
1-9 bp: 0; 10-19 bp: 1

Overview of removed sequences
length	count	expect	max.err	error counts
3	1569	13518.8	0	1569
4	1	3379.7	0	1
5	3	844.9	0	3
10	2	0.8	1	1 1
11	2	0.2	1	2
12	4	0.1	1	4
13	2	0.0	1	2
14	16	0.0	1	6 10
15	14	0.0	1	3 11
16	15	0.0	1	4 11
17	12	0.0	1	9 3
18	19	0.0	1	19
19	52	0.0	1	36 16
20	436	0.0	1	400 36
21	1279	0.0	1	1169 110
22	5984	0.0	1	2125 3859
23	753447	0.0	1	726403 27044
24	2157	0.0	1	834 1323
25	11	0.0	1	5 6
26	3	0.0	1	3
27	1	0.0	1	0 1
28	2	0.0	1	1 1
29	3	0.0	1	3
30	3	0.0	1	0 3
31	2	0.0	1	2
32	5	0.0	1	5
33	3	0.0	1	3
34	2	0.0	1	2
35	1	0.0	1	1
36	1	0.0	1	1
39	5	0.0	1	2 3
41	1	0.0	1	1
44	2	0.0	1	2
47	2	0.0	1	2
Running cutadapt on: 2024_Both03_Warm04_O41_gill_S198
This is cutadapt 5.2 with Python 3.13.15
Command line parameters: -j 6 -g GTGYCAGCMGCCGCGGTAA -G GGACTACNVGGGTWTCTAAT -o /scratch4/workspace/jade_fiorilla_student_uml_edu-rawseqorcc/trimmed-cutadapt-fastp/2024_Both03_Warm04_O41_gill_S198_R1_trim.fastq -p /scratch4/workspace/jade_fiorilla_student_uml_edu-rawseqorcc/trimmed-cutadapt-fastp/2024_Both03_Warm04_O41_gill_S198_R2_trim.fastq /scratch4/workspace/jade_fiorilla_student_uml_edu-rawseqorcc/trimmed-fastp/2024_Both03_Warm04_O41_gill_S198_R1_trim.fastq.gz /scratch4/workspace/jade_fiorilla_student_uml_edu-rawseqorcc/trimmed-fastp/2024_Both03_Warm04_O41_gill_S198_R2_trim.fastq.gz
Processing paired-end reads on 6 cores ...

=== Summary ===

Total read pairs processed:          1,320,663
  Read 1 with adapter:               1,086,919 (82.3%)
  Read 2 with adapter:               1,222,403 (92.6%)
Pairs written (passing filters):     1,320,663 (100.0%)

Total basepairs processed:   713,751,770 bp
  Read 1:   356,880,232 bp
  Read 2:   356,871,538 bp
Total written (filtered):    661,881,527 bp (92.7%)
  Read 1:   333,084,859 bp
  Read 2:   328,796,668 bp

=== First read: Adapter 1 ===

Sequence: GTGYCAGCMGCCGCGGTAA; Type: regular 5'; Length: 19; Trimmed: 1086919 times

Minimum overlap: 3
No. of allowed errors:
1-9 bp: 0; 10-19 bp: 1

Overview of removed sequences
length	count	expect	max.err	error counts
3	5424	20635.4	0	5424
4	8	5158.8	0	8
9	6	5.0	0	6
10	1	1.3	1	1
11	3	0.3	1	1 2
12	199	0.1	1	182 17
13	20	0.0	1	17 3
14	18	0.0	1	4 14
15	46	0.0	1	23 23
16	91	0.0	1	71 20
17	64	0.0	1	28 36
18	155	0.0	1	96 59
19	1063	0.0	1	939 124
20	1649	0.0	1	1216 433
21	6373	0.0	1	2221 4152
22	1069209	0.0	1	1006542 62667
23	2493	0.0	1	800 1693
24	8	0.0	1	8
25	5	0.0	1	4 1
26	8	0.0	1	8
27	10	0.0	1	10
28	7	0.0	1	7
29	4	0.0	1	4
30	6	0.0	1	4 2
31	2	0.0	1	2
32	2	0.0	1	2
33	7	0.0	1	7
34	4	0.0	1	4
35	8	0.0	1	6 2
36	11	0.0	1	4 7
37	2	0.0	1	2
38	1	0.0	1	0 1
39	1	0.0	1	1
40	1	0.0	1	1
42	1	0.0	1	1
43	3	0.0	1	3
44	1	0.0	1	1
45	3	0.0	1	2 1
50	1	0.0	1	1
54	1	0.0	1	1


=== Second read: Adapter 2 ===

Sequence: GGACTACNVGGGTWTCTAAT; Type: regular 5'; Length: 20; Trimmed: 1222403 times

Minimum overlap: 3
No. of allowed errors:
1-9 bp: 0; 10-19 bp: 1

Overview of removed sequences
length	count	expect	max.err	error counts
3	1491	20635.4	0	1491
5	2	1289.7	0	2
11	9	0.3	1	3 6
12	6	0.1	1	6
13	8	0.0	1	0 8
14	23	0.0	1	13 10
15	16	0.0	1	8 8
16	17	0.0	1	4 13
17	24	0.0	1	14 10
18	46	0.0	1	38 8
19	87	0.0	1	62 25
20	874	0.0	1	799 75
21	995	0.0	1	874 121
22	8587	0.0	1	1991 6596
23	1206814	0.0	1	1172667 34147
24	3331	0.0	1	1169 2162
25	11	0.0	1	7 4
26	5	0.0	1	5
27	7	0.0	1	7
28	4	0.0	1	2 2
29	1	0.0	1	1
30	7	0.0	1	7
31	8	0.0	1	8
33	2	0.0	1	2
34	1	0.0	1	0 1
35	4	0.0	1	4
37	1	0.0	1	0 1
38	2	0.0	1	2
39	2	0.0	1	2
40	1	0.0	1	1
41	3	0.0	1	3
42	1	0.0	1	1
44	2	0.0	1	2
45	2	0.0	1	2
46	4	0.0	1	4
47	3	0.0	1	3
50	1	0.0	1	1
52	1	0.0	1	1
Running cutadapt on: 2024_Both03_Warm04_O41_gut_S5
This is cutadapt 5.2 with Python 3.13.15
Command line parameters: -j 6 -g GTGYCAGCMGCCGCGGTAA -G GGACTACNVGGGTWTCTAAT -o /scratch4/workspace/jade_fiorilla_student_uml_edu-rawseqorcc/trimmed-cutadapt-fastp/2024_Both03_Warm04_O41_gut_S5_R1_trim.fastq -p /scratch4/workspace/jade_fiorilla_student_uml_edu-rawseqorcc/trimmed-cutadapt-fastp/2024_Both03_Warm04_O41_gut_S5_R2_trim.fastq /scratch4/workspace/jade_fiorilla_student_uml_edu-rawseqorcc/trimmed-fastp/2024_Both03_Warm04_O41_gut_S5_R1_trim.fastq.gz /scratch4/workspace/jade_fiorilla_student_uml_edu-rawseqorcc/trimmed-fastp/2024_Both03_Warm04_O41_gut_S5_R2_trim.fastq.gz
Processing paired-end reads on 6 cores ...

=== Summary ===

Total read pairs processed:            907,704
  Read 1 with adapter:                 868,328 (95.7%)
  Read 2 with adapter:                 853,219 (94.0%)
Pairs written (passing filters):       907,704 (100.0%)

Total basepairs processed:   508,566,230 bp
  Read 1:   254,295,019 bp
  Read 2:   254,271,211 bp
Total written (filtered):    469,904,249 bp (92.4%)
  Read 1:   235,230,817 bp
  Read 2:   234,673,432 bp

=== First read: Adapter 1 ===

Sequence: GTGYCAGCMGCCGCGGTAA; Type: regular 5'; Length: 19; Trimmed: 868328 times

Minimum overlap: 3
No. of allowed errors:
1-9 bp: 0; 10-19 bp: 1

Overview of removed sequences
length	count	expect	max.err	error counts
3	838	14182.9	0	838
8	4	13.9	0	4
9	6	3.5	0	6
10	2	0.9	1	0 2
11	5	0.2	1	5
12	172	0.1	1	165 7
13	28	0.0	1	24 4
14	15	0.0	1	1 14
15	11	0.0	1	2 9
16	79	0.0	1	61 18
17	67	0.0	1	24 43
18	130	0.0	1	85 45
19	2440	0.0	1	1612 828
20	3473	0.0	1	2856 617
21	7855	0.0	1	4002 3853
22	851295	0.0	1	818648 32647
23	1833	0.0	1	637 1196
24	7	0.0	1	6 1
25	6	0.0	1	4 2
26	6	0.0	1	6
27	3	0.0	1	3
28	8	0.0	1	7 1
29	3	0.0	1	3
30	2	0.0	1	2
31	1	0.0	1	1
32	2	0.0	1	2
33	5	0.0	1	3 2
35	1	0.0	1	1
37	4	0.0	1	4
38	2	0.0	1	2
39	5	0.0	1	5
40	2	0.0	1	2
41	3	0.0	1	3
42	4	0.0	1	4
43	1	0.0	1	1
48	4	0.0	1	4
51	3	0.0	1	2 1
52	1	0.0	1	0 1
53	2	0.0	1	1 1


=== Second read: Adapter 2 ===

Sequence: GGACTACNVGGGTWTCTAAT; Type: regular 5'; Length: 20; Trimmed: 853219 times

Minimum overlap: 3
No. of allowed errors:
1-9 bp: 0; 10-19 bp: 1

Overview of removed sequences
length	count	expect	max.err	error counts
3	776	14182.9	0	776
5	1	886.4	0	1
10	3	0.9	1	3
11	4	0.2	1	4
13	6	0.0	1	4 2
14	14	0.0	1	4 10
15	20	0.0	1	7 13
16	21	0.0	1	7 14
17	25	0.0	1	13 12
18	43	0.0	1	34 9
19	61	0.0	1	39 22
20	991	0.0	1	941 50
21	1575	0.0	1	1453 122
22	5970	0.0	1	2197 3773
23	841404	0.0	1	829347 12057
24	2258	0.0	1	840 1418
25	18	0.0	1	15 3
26	3	0.0	1	1 2
27	3	0.0	1	3
28	4	0.0	1	4
29	1	0.0	1	1
30	3	0.0	1	0 3
32	3	0.0	1	3
33	3	0.0	1	3
34	1	0.0	1	0 1
35	1	0.0	1	1
36	1	0.0	1	0 1
37	1	0.0	1	1
40	3	0.0	1	3
41	1	0.0	1	1
47	1	0.0	1	1
Running cutadapt on: 2024_Both04_Both02_O19_gill_S139
This is cutadapt 5.2 with Python 3.13.15
Command line parameters: -j 6 -g GTGYCAGCMGCCGCGGTAA -G GGACTACNVGGGTWTCTAAT -o /scratch4/workspace/jade_fiorilla_student_uml_edu-rawseqorcc/trimmed-cutadapt-fastp/2024_Both04_Both02_O19_gill_S139_R1_trim.fastq -p /scratch4/workspace/jade_fiorilla_student_uml_edu-rawseqorcc/trimmed-cutadapt-fastp/2024_Both04_Both02_O19_gill_S139_R2_trim.fastq /scratch4/workspace/jade_fiorilla_student_uml_edu-rawseqorcc/trimmed-fastp/2024_Both04_Both02_O19_gill_S139_R1_trim.fastq.gz /scratch4/workspace/jade_fiorilla_student_uml_edu-rawseqorcc/trimmed-fastp/2024_Both04_Both02_O19_gill_S139_R2_trim.fastq.gz
Processing paired-end reads on 6 cores ...

=== Summary ===

Total read pairs processed:          1,564,304
  Read 1 with adapter:               1,340,782 (85.7%)
  Read 2 with adapter:               1,159,616 (74.1%)
Pairs written (passing filters):     1,564,304 (100.0%)

Total basepairs processed:   663,927,679 bp
  Read 1:   332,014,702 bp
  Read 2:   331,912,977 bp
Total written (filtered):    612,758,144 bp (92.3%)
  Read 1:   305,197,111 bp
  Read 2:   307,561,033 bp

=== First read: Adapter 1 ===

Sequence: GTGYCAGCMGCCGCGGTAA; Type: regular 5'; Length: 19; Trimmed: 1340782 times

Minimum overlap: 3
No. of allowed errors:
1-9 bp: 0; 10-19 bp: 1

Overview of removed sequences
length	count	expect	max.err	error counts
3	11	24442.2	0	11
8	1	23.9	0	1
9	4	6.0	0	4
10	3	1.5	1	2 1
11	1	0.4	1	1
12	61	0.1	1	52 9
13	12	0.0	1	10 2
14	11	0.0	1	4 7
15	17	0.0	1	13 4
16	37	0.0	1	29 8
17	46	0.0	1	18 28
18	181	0.0	1	89 92
19	10408	0.0	1	5771 4637
20	1319998	0.0	1	1038002 281996
21	7340	0.0	1	4760 2580
22	2523	0.0	1	2316 207
23	14	0.0	1	7 7
24	6	0.0	1	5 1
25	5	0.0	1	4 1
26	11	0.0	1	7 4
27	8	0.0	1	5 3
28	1	0.0	1	0 1
30	2	0.0	1	2
32	9	0.0	1	7 2
33	5	0.0	1	1 4
34	9	0.0	1	4 5
35	29	0.0	1	17 12
37	1	0.0	1	0 1
38	13	0.0	1	12 1
42	1	0.0	1	0 1
43	5	0.0	1	3 2
45	2	0.0	1	0 2
48	1	0.0	1	0 1
49	2	0.0	1	1 1
50	2	0.0	1	2
53	1	0.0	1	1
54	1	0.0	1	1


=== Second read: Adapter 2 ===

Sequence: GGACTACNVGGGTWTCTAAT; Type: regular 5'; Length: 20; Trimmed: 1159616 times

Minimum overlap: 3
No. of allowed errors:
1-9 bp: 0; 10-19 bp: 1

Overview of removed sequences
length	count	expect	max.err	error counts
3	9	24442.2	0	9
4	1	6110.6	0	1
9	2	6.0	0	2
10	10	1.5	1	8 2
12	10	0.1	1	9 1
13	9	0.0	1	9
14	9	0.0	1	3 6
15	2	0.0	1	2
16	14	0.0	1	8 6
17	24	0.0	1	14 10
18	27	0.0	1	17 10
19	81	0.0	1	32 49
20	11785	0.0	1	4629 7156
21	1138256	0.0	1	1008637 129619
22	6473	0.0	1	3540 2933
23	2848	0.0	1	2695 153
24	17	0.0	1	5 12
25	1	0.0	1	1
26	4	0.0	1	2 2
29	1	0.0	1	1
30	7	0.0	1	7
31	5	0.0	1	5
32	1	0.0	1	0 1
33	2	0.0	1	2
34	2	0.0	1	0 2
36	1	0.0	1	1
37	3	0.0	1	1 2
39	3	0.0	1	3
40	2	0.0	1	2
41	1	0.0	1	1
44	2	0.0	1	2
45	2	0.0	1	0 2
48	1	0.0	1	1
51	1	0.0	1	1
Running cutadapt on: 2024_Both04_Both02_O19_gut_S35
This is cutadapt 5.2 with Python 3.13.15
Command line parameters: -j 6 -g GTGYCAGCMGCCGCGGTAA -G GGACTACNVGGGTWTCTAAT -o /scratch4/workspace/jade_fiorilla_student_uml_edu-rawseqorcc/trimmed-cutadapt-fastp/2024_Both04_Both02_O19_gut_S35_R1_trim.fastq -p /scratch4/workspace/jade_fiorilla_student_uml_edu-rawseqorcc/trimmed-cutadapt-fastp/2024_Both04_Both02_O19_gut_S35_R2_trim.fastq /scratch4/workspace/jade_fiorilla_student_uml_edu-rawseqorcc/trimmed-fastp/2024_Both04_Both02_O19_gut_S35_R1_trim.fastq.gz /scratch4/workspace/jade_fiorilla_student_uml_edu-rawseqorcc/trimmed-fastp/2024_Both04_Both02_O19_gut_S35_R2_trim.fastq.gz
Processing paired-end reads on 6 cores ...

=== Summary ===

Total read pairs processed:            680,951
  Read 1 with adapter:                 505,138 (74.2%)
  Read 2 with adapter:                 156,304 (23.0%)
Pairs written (passing filters):       680,951 (100.0%)

Total basepairs processed:   114,343,883 bp
  Read 1:    57,306,650 bp
  Read 2:    57,037,233 bp
Total written (filtered):    101,602,700 bp (88.9%)
  Read 1:    47,697,068 bp
  Read 2:    53,905,632 bp

=== First read: Adapter 1 ===

Sequence: GTGYCAGCMGCCGCGGTAA; Type: regular 5'; Length: 19; Trimmed: 505138 times

Minimum overlap: 3
No. of allowed errors:
1-9 bp: 0; 10-19 bp: 1

Overview of removed sequences
length	count	expect	max.err	error counts
3	2	10639.9	0	2
4	1	2660.0	0	1
9	5	2.6	0	5
12	30	0.0	1	7 23
13	5	0.0	1	1 4
14	3	0.0	1	1 2
15	1	0.0	1	0 1
16	11	0.0	1	5 6
17	35	0.0	1	5 30
18	694	0.0	1	95 599
19	496281	0.0	1	146661 349620
20	4194	0.0	1	2769 1425
21	3430	0.0	1	2319 1111
22	401	0.0	1	287 114
23	1	0.0	1	0 1
24	1	0.0	1	0 1
26	2	0.0	1	0 2
28	3	0.0	1	1 2
30	4	0.0	1	2 2
31	1	0.0	1	0 1
32	1	0.0	1	0 1
33	4	0.0	1	0 4
34	1	0.0	1	0 1
35	1	0.0	1	0 1
37	3	0.0	1	0 3
39	2	0.0	1	0 2
40	6	0.0	1	0 6
42	2	0.0	1	1 1
43	1	0.0	1	0 1
44	1	0.0	1	0 1
47	1	0.0	1	0 1
48	3	0.0	1	0 3
49	2	0.0	1	0 2
50	3	0.0	1	0 3
52	1	0.0	1	0 1
53	1	0.0	1	0 1


=== Second read: Adapter 2 ===

Sequence: GGACTACNVGGGTWTCTAAT; Type: regular 5'; Length: 20; Trimmed: 156304 times

Minimum overlap: 3
No. of allowed errors:
1-9 bp: 0; 10-19 bp: 1

Overview of removed sequences
length	count	expect	max.err	error counts
3	1	10639.9	0	1
14	1	0.0	1	0 1
15	2	0.0	1	1 1
17	5	0.0	1	4 1
18	8	0.0	1	8
19	784	0.0	1	108 676
20	150997	0.0	1	141325 9672
21	2799	0.0	1	2380 419
22	1551	0.0	1	1471 80
23	156	0.0	1	137 19
Running cutadapt on: 2024_Both04_Both03_O32_gill_S140
This is cutadapt 5.2 with Python 3.13.15
Command line parameters: -j 6 -g GTGYCAGCMGCCGCGGTAA -G GGACTACNVGGGTWTCTAAT -o /scratch4/workspace/jade_fiorilla_student_uml_edu-rawseqorcc/trimmed-cutadapt-fastp/2024_Both04_Both03_O32_gill_S140_R1_trim.fastq -p /scratch4/workspace/jade_fiorilla_student_uml_edu-rawseqorcc/trimmed-cutadapt-fastp/2024_Both04_Both03_O32_gill_S140_R2_trim.fastq /scratch4/workspace/jade_fiorilla_student_uml_edu-rawseqorcc/trimmed-fastp/2024_Both04_Both03_O32_gill_S140_R1_trim.fastq.gz /scratch4/workspace/jade_fiorilla_student_uml_edu-rawseqorcc/trimmed-fastp/2024_Both04_Both03_O32_gill_S140_R2_trim.fastq.gz
Processing paired-end reads on 6 cores ...

=== Summary ===

Total read pairs processed:          1,917,874
  Read 1 with adapter:               1,429,771 (74.5%)
  Read 2 with adapter:                 994,780 (51.9%)
Pairs written (passing filters):     1,917,874 (100.0%)

Total basepairs processed:   626,525,823 bp
  Read 1:   313,399,066 bp
  Read 2:   313,126,757 bp
Total written (filtered):    577,036,253 bp (92.1%)
  Read 1:   284,801,880 bp
  Read 2:   292,234,373 bp

=== First read: Adapter 1 ===

Sequence: GTGYCAGCMGCCGCGGTAA; Type: regular 5'; Length: 19; Trimmed: 1429771 times

Minimum overlap: 3
No. of allowed errors:
1-9 bp: 0; 10-19 bp: 1

Overview of removed sequences
length	count	expect	max.err	error counts
3	18	29966.8	0	18
9	4	7.3	0	4
11	1	0.5	1	0 1
12	72	0.1	1	53 19
13	6	0.0	1	5 1
14	17	0.0	1	8 9
15	9	0.0	1	1 8
16	52	0.0	1	37 15
17	31	0.0	1	12 19
18	179	0.0	1	72 107
19	11038	0.0	1	6477 4561
20	1408129	0.0	1	947404 460725
21	7372	0.0	1	4812 2560
22	2720	0.0	1	2323 397
23	9	0.0	1	5 4
24	9	0.0	1	7 2
25	2	0.0	1	2
26	7	0.0	1	5 2
27	6	0.0	1	6
28	1	0.0	1	0 1
29	7	0.0	1	5 2
30	7	0.0	1	6 1
31	1	0.0	1	1
32	4	0.0	1	0 4
33	6	0.0	1	4 2
34	8	0.0	1	2 6
35	5	0.0	1	4 1
36	3	0.0	1	3
37	5	0.0	1	3 2
38	3	0.0	1	2 1
39	8	0.0	1	6 2
40	3	0.0	1	3
41	1	0.0	1	0 1
42	1	0.0	1	0 1
43	6	0.0	1	6
44	3	0.0	1	0 3
45	9	0.0	1	2 7
46	1	0.0	1	1
47	2	0.0	1	0 2
50	2	0.0	1	2
54	4	0.0	1	0 4


=== Second read: Adapter 2 ===

Sequence: GGACTACNVGGGTWTCTAAT; Type: regular 5'; Length: 20; Trimmed: 994780 times

Minimum overlap: 3
No. of allowed errors:
1-9 bp: 0; 10-19 bp: 1

Overview of removed sequences
length	count	expect	max.err	error counts
3	11	29966.8	0	11
10	1	1.8	1	1
11	3	0.5	1	3
12	4	0.1	1	2 2
13	7	0.0	1	7
14	11	0.0	1	8 3
15	10	0.0	1	1 9
16	10	0.0	1	1 9
17	9	0.0	1	5 4
18	38	0.0	1	27 11
19	100	0.0	1	42 58
20	9220	0.0	1	4751 4469
21	976860	0.0	1	942248 34612
22	5449	0.0	1	3206 2243
23	2980	0.0	1	2762 218
24	14	0.0	1	6 8
25	3	0.0	1	3
26	4	0.0	1	4
27	5	0.0	1	3 2
28	1	0.0	1	1
30	12	0.0	1	9 3
31	8	0.0	1	8
32	4	0.0	1	3 1
34	1	0.0	1	1
38	5	0.0	1	4 1
39	2	0.0	1	2
41	1	0.0	1	1
43	1	0.0	1	1
45	2	0.0	1	2
50	4	0.0	1	4
Running cutadapt on: 2024_Both04_Both03_O32_gut_S141
This is cutadapt 5.2 with Python 3.13.15
Command line parameters: -j 6 -g GTGYCAGCMGCCGCGGTAA -G GGACTACNVGGGTWTCTAAT -o /scratch4/workspace/jade_fiorilla_student_uml_edu-rawseqorcc/trimmed-cutadapt-fastp/2024_Both04_Both03_O32_gut_S141_R1_trim.fastq -p /scratch4/workspace/jade_fiorilla_student_uml_edu-rawseqorcc/trimmed-cutadapt-fastp/2024_Both04_Both03_O32_gut_S141_R2_trim.fastq /scratch4/workspace/jade_fiorilla_student_uml_edu-rawseqorcc/trimmed-fastp/2024_Both04_Both03_O32_gut_S141_R1_trim.fastq.gz /scratch4/workspace/jade_fiorilla_student_uml_edu-rawseqorcc/trimmed-fastp/2024_Both04_Both03_O32_gut_S141_R2_trim.fastq.gz
Processing paired-end reads on 6 cores ...

=== Summary ===

Total read pairs processed:          1,155,368
  Read 1 with adapter:               1,042,841 (90.3%)
  Read 2 with adapter:                 959,166 (83.0%)
Pairs written (passing filters):     1,155,368 (100.0%)

Total basepairs processed:   570,938,759 bp
  Read 1:   285,496,935 bp
  Read 2:   285,441,824 bp
Total written (filtered):    529,934,467 bp (92.8%)
  Read 1:   264,638,104 bp
  Read 2:   265,296,363 bp

=== First read: Adapter 1 ===

Sequence: GTGYCAGCMGCCGCGGTAA; Type: regular 5'; Length: 19; Trimmed: 1042841 times

Minimum overlap: 3
No. of allowed errors:
1-9 bp: 0; 10-19 bp: 1

Overview of removed sequences
length	count	expect	max.err	error counts
3	13	18052.6	0	13
9	5	4.4	0	5
10	5	1.1	1	1 4
11	2	0.3	1	1 1
12	42	0.1	1	39 3
13	11	0.0	1	8 3
14	12	0.0	1	5 7
15	7	0.0	1	4 3
16	22	0.0	1	18 4
17	34	0.0	1	13 21
18	129	0.0	1	73 56
19	8701	0.0	1	4951 3750
20	1024821	0.0	1	918527 106294
21	6925	0.0	1	4727 2198
22	2026	0.0	1	1807 219
23	13	0.0	1	7 6
24	3	0.0	1	3
25	6	0.0	1	5 1
26	2	0.0	1	2
27	2	0.0	1	1 1
28	4	0.0	1	1 3
30	9	0.0	1	1 8
31	2	0.0	1	2
32	8	0.0	1	8
33	1	0.0	1	1
34	4	0.0	1	2 2
35	5	0.0	1	5
36	8	0.0	1	2 6
37	2	0.0	1	2
38	8	0.0	1	3 5
40	1	0.0	1	0 1
41	2	0.0	1	2
43	1	0.0	1	1
45	1	0.0	1	0 1
46	1	0.0	1	1
49	1	0.0	1	1
60	1	0.0	1	1
65	1	0.0	1	0 1


=== Second read: Adapter 2 ===

Sequence: GGACTACNVGGGTWTCTAAT; Type: regular 5'; Length: 20; Trimmed: 959166 times

Minimum overlap: 3
No. of allowed errors:
1-9 bp: 0; 10-19 bp: 1

Overview of removed sequences
length	count	expect	max.err	error counts
3	11	18052.6	0	11
9	1	4.4	0	1
10	2	1.1	1	2
11	5	0.3	1	0 5
12	2	0.1	1	0 2
13	6	0.0	1	5 1
14	9	0.0	1	1 8
15	1	0.0	1	0 1
16	11	0.0	1	8 3
17	9	0.0	1	6 3
18	27	0.0	1	22 5
19	59	0.0	1	41 18
20	7244	0.0	1	3560 3684
21	943777	0.0	1	926307 17470
22	5466	0.0	1	3426 2040
23	2480	0.0	1	2345 135
24	15	0.0	1	6 9
25	1	0.0	1	1
26	11	0.0	1	11
27	2	0.0	1	1 1
29	3	0.0	1	3
30	4	0.0	1	3 1
31	2	0.0	1	2
32	4	0.0	1	4
33	2	0.0	1	2
38	3	0.0	1	3
40	5	0.0	1	5
41	1	0.0	1	1
43	2	0.0	1	2
47	1	0.0	1	1
Running cutadapt on: 2024_Both04_Cont05_O56_gill_S245
This is cutadapt 5.2 with Python 3.13.15
Command line parameters: -j 6 -g GTGYCAGCMGCCGCGGTAA -G GGACTACNVGGGTWTCTAAT -o /scratch4/workspace/jade_fiorilla_student_uml_edu-rawseqorcc/trimmed-cutadapt-fastp/2024_Both04_Cont05_O56_gill_S245_R1_trim.fastq -p /scratch4/workspace/jade_fiorilla_student_uml_edu-rawseqorcc/trimmed-cutadapt-fastp/2024_Both04_Cont05_O56_gill_S245_R2_trim.fastq /scratch4/workspace/jade_fiorilla_student_uml_edu-rawseqorcc/trimmed-fastp/2024_Both04_Cont05_O56_gill_S245_R1_trim.fastq.gz /scratch4/workspace/jade_fiorilla_student_uml_edu-rawseqorcc/trimmed-fastp/2024_Both04_Cont05_O56_gill_S245_R2_trim.fastq.gz
Processing paired-end reads on 6 cores ...

=== Summary ===

Total read pairs processed:            590,359
  Read 1 with adapter:                 566,750 (96.0%)
  Read 2 with adapter:                 582,443 (98.7%)
Pairs written (passing filters):       590,359 (100.0%)

Total basepairs processed:   335,580,017 bp
  Read 1:   167,789,148 bp
  Read 2:   167,790,869 bp
Total written (filtered):    309,750,933 bp (92.3%)
  Read 1:   155,342,790 bp
  Read 2:   154,408,143 bp

=== First read: Adapter 1 ===

Sequence: GTGYCAGCMGCCGCGGTAA; Type: regular 5'; Length: 19; Trimmed: 566750 times

Minimum overlap: 3
No. of allowed errors:
1-9 bp: 0; 10-19 bp: 1

Overview of removed sequences
length	count	expect	max.err	error counts
3	526	9224.4	0	526
9	2	2.3	0	2
10	3	0.6	1	1 2
12	121	0.0	1	119 2
13	8	0.0	1	8
14	21	0.0	1	9 12
15	17	0.0	1	8 9
16	48	0.0	1	44 4
17	43	0.0	1	28 15
18	77	0.0	1	58 19
19	2150	0.0	1	2038 112
20	617	0.0	1	450 167
21	3922	0.0	1	1697 2225
22	557797	0.0	1	537715 20082
23	1343	0.0	1	420 923
24	3	0.0	1	3
25	4	0.0	1	3 1
26	1	0.0	1	1
27	6	0.0	1	6
28	6	0.0	1	6
29	3	0.0	1	3
30	5	0.0	1	5
31	3	0.0	1	2 1
32	1	0.0	1	1
33	2	0.0	1	2
34	4	0.0	1	3 1
35	1	0.0	1	1
36	3	0.0	1	3
37	4	0.0	1	4
38	2	0.0	1	2
39	1	0.0	1	1
41	1	0.0	1	1
44	1	0.0	1	1
45	2	0.0	1	2
47	2	0.0	1	2


=== Second read: Adapter 2 ===

Sequence: GGACTACNVGGGTWTCTAAT; Type: regular 5'; Length: 20; Trimmed: 582443 times

Minimum overlap: 3
No. of allowed errors:
1-9 bp: 0; 10-19 bp: 1

Overview of removed sequences
length	count	expect	max.err	error counts
3	122	9224.4	0	122
10	1	0.6	1	1
11	5	0.1	1	3 2
12	4	0.0	1	2 2
13	6	0.0	1	4 2
14	12	0.0	1	8 4
15	15	0.0	1	5 10
16	11	0.0	1	1 10
17	14	0.0	1	8 6
18	30	0.0	1	26 4
19	46	0.0	1	23 23
20	2318	0.0	1	2236 82
21	294	0.0	1	223 71
22	4774	0.0	1	1494 3280
23	573047	0.0	1	555454 17593
24	1690	0.0	1	573 1117
25	10	0.0	1	7 3
26	6	0.0	1	6
27	5	0.0	1	4 1
28	3	0.0	1	3
29	5	0.0	1	4 1
30	1	0.0	1	1
31	2	0.0	1	1 1
32	1	0.0	1	1
34	1	0.0	1	0 1
35	3	0.0	1	3
36	1	0.0	1	1
37	1	0.0	1	1
38	4	0.0	1	4
40	1	0.0	1	1
42	3	0.0	1	3
45	4	0.0	1	4
47	3	0.0	1	3
Running cutadapt on: 2024_Both04_Cont05_O56_gut_S76
This is cutadapt 5.2 with Python 3.13.15
Command line parameters: -j 6 -g GTGYCAGCMGCCGCGGTAA -G GGACTACNVGGGTWTCTAAT -o /scratch4/workspace/jade_fiorilla_student_uml_edu-rawseqorcc/trimmed-cutadapt-fastp/2024_Both04_Cont05_O56_gut_S76_R1_trim.fastq -p /scratch4/workspace/jade_fiorilla_student_uml_edu-rawseqorcc/trimmed-cutadapt-fastp/2024_Both04_Cont05_O56_gut_S76_R2_trim.fastq /scratch4/workspace/jade_fiorilla_student_uml_edu-rawseqorcc/trimmed-fastp/2024_Both04_Cont05_O56_gut_S76_R1_trim.fastq.gz /scratch4/workspace/jade_fiorilla_student_uml_edu-rawseqorcc/trimmed-fastp/2024_Both04_Cont05_O56_gut_S76_R2_trim.fastq.gz
Processing paired-end reads on 6 cores ...

=== Summary ===

Total read pairs processed:          1,013,625
  Read 1 with adapter:                 983,422 (97.0%)
  Read 2 with adapter:                 989,655 (97.6%)
Pairs written (passing filters):     1,013,625 (100.0%)

Total basepairs processed:   557,443,134 bp
  Read 1:   278,719,977 bp
  Read 2:   278,723,157 bp
Total written (filtered):    513,143,240 bp (92.1%)
  Read 1:   257,141,743 bp
  Read 2:   256,001,497 bp

=== First read: Adapter 1 ===

Sequence: GTGYCAGCMGCCGCGGTAA; Type: regular 5'; Length: 19; Trimmed: 983422 times

Minimum overlap: 3
No. of allowed errors:
1-9 bp: 0; 10-19 bp: 1

Overview of removed sequences
length	count	expect	max.err	error counts
3	638	15837.9	0	638
8	1	15.5	0	1
9	17	3.9	0	17
10	3	1.0	1	3
11	8	0.2	1	6 2
12	215	0.1	1	202 13
13	18	0.0	1	10 8
14	17	0.0	1	6 11
15	34	0.0	1	15 19
16	99	0.0	1	74 25
17	108	0.0	1	61 47
18	130	0.0	1	95 35
19	2566	0.0	1	1440 1126
20	13744	0.0	1	10829 2915
21	8022	0.0	1	3706 4316
22	955628	0.0	1	933935 21693
23	2080	0.0	1	694 1386
24	9	0.0	1	5 4
25	3	0.0	1	3
26	12	0.0	1	12
27	9	0.0	1	8 1
28	6	0.0	1	4 2
29	8	0.0	1	8
30	3	0.0	1	3
31	4	0.0	1	2 2
32	2	0.0	1	2
33	3	0.0	1	3
34	7	0.0	1	5 2
35	3	0.0	1	2 1
36	2	0.0	1	1 1
37	5	0.0	1	5
38	1	0.0	1	1
39	3	0.0	1	3
40	3	0.0	1	3
41	4	0.0	1	3 1
42	4	0.0	1	3 1
43	1	0.0	1	1
47	2	0.0	1	2


=== Second read: Adapter 2 ===

Sequence: GGACTACNVGGGTWTCTAAT; Type: regular 5'; Length: 20; Trimmed: 989655 times

Minimum overlap: 3
No. of allowed errors:
1-9 bp: 0; 10-19 bp: 1

Overview of removed sequences
length	count	expect	max.err	error counts
3	262	15837.9	0	262
4	1	3959.5	0	1
5	4	989.9	0	4
10	5	1.0	1	3 2
11	2	0.2	1	1 1
12	9	0.1	1	6 3
13	5	0.0	1	4 1
14	16	0.0	1	10 6
15	13	0.0	1	4 9
16	15	0.0	1	4 11
17	24	0.0	1	16 8
18	46	0.0	1	27 19
19	61	0.0	1	41 20
20	974	0.0	1	856 118
21	13394	0.0	1	12717 677
22	7316	0.0	1	2175 5141
23	964842	0.0	1	941859 22983
24	2610	0.0	1	989 1621
25	9	0.0	1	4 5
26	5	0.0	1	5
27	4	0.0	1	4
28	7	0.0	1	7
29	3	0.0	1	3
30	2	0.0	1	1 1
31	7	0.0	1	7
32	1	0.0	1	1
33	1	0.0	1	1
38	4	0.0	1	2 2
39	2	0.0	1	2
42	1	0.0	1	1
45	1	0.0	1	0 1
46	2	0.0	1	2
48	4	0.0	1	4
49	1	0.0	1	1
50	1	0.0	1	1
51	1	0.0	1	1
Running cutadapt on: 2024_Both04_Hyp01_O7_gill_S213
This is cutadapt 5.2 with Python 3.13.15
Command line parameters: -j 6 -g GTGYCAGCMGCCGCGGTAA -G GGACTACNVGGGTWTCTAAT -o /scratch4/workspace/jade_fiorilla_student_uml_edu-rawseqorcc/trimmed-cutadapt-fastp/2024_Both04_Hyp01_O7_gill_S213_R1_trim.fastq -p /scratch4/workspace/jade_fiorilla_student_uml_edu-rawseqorcc/trimmed-cutadapt-fastp/2024_Both04_Hyp01_O7_gill_S213_R2_trim.fastq /scratch4/workspace/jade_fiorilla_student_uml_edu-rawseqorcc/trimmed-fastp/2024_Both04_Hyp01_O7_gill_S213_R1_trim.fastq.gz /scratch4/workspace/jade_fiorilla_student_uml_edu-rawseqorcc/trimmed-fastp/2024_Both04_Hyp01_O7_gill_S213_R2_trim.fastq.gz
Processing paired-end reads on 6 cores ...

=== Summary ===

Total read pairs processed:          1,906,468
  Read 1 with adapter:               1,902,239 (99.8%)
  Read 2 with adapter:               1,894,256 (99.4%)
Pairs written (passing filters):     1,906,468 (100.0%)

Total basepairs processed: 1,111,966,222 bp
  Read 1:   555,863,644 bp
  Read 2:   556,102,578 bp
Total written (filtered):  1,037,930,554 bp (93.3%)
  Read 1:   519,714,449 bp
  Read 2:   518,216,105 bp

=== First read: Adapter 1 ===

Sequence: GTGYCAGCMGCCGCGGTAA; Type: regular 5'; Length: 19; Trimmed: 1902239 times

Minimum overlap: 3
No. of allowed errors:
1-9 bp: 0; 10-19 bp: 1

Overview of removed sequences
length	count	expect	max.err	error counts
3	51	29788.6	0	51
8	2	29.1	0	2
12	32	0.1	1	32
13	5	0.0	1	5
14	8	0.0	1	0 8
15	8	0.0	1	2 6
16	48	0.0	1	30 18
17	90	0.0	1	77 13
18	4064	0.0	1	704 3360
19	1891191	0.0	1	1859489 31702
20	4033	0.0	1	1511 2522
21	584	0.0	1	497 87
22	2063	0.0	1	1156 907
23	6	0.0	1	3 3
24	2	0.0	1	1 1
26	1	0.0	1	1
28	2	0.0	1	1 1
29	3	0.0	1	3
30	6	0.0	1	5 1
31	8	0.0	1	3 5
32	4	0.0	1	4
33	4	0.0	1	1 3
34	2	0.0	1	2
35	7	0.0	1	7
36	2	0.0	1	2
37	2	0.0	1	2
38	6	0.0	1	6
40	1	0.0	1	1
41	1	0.0	1	1
43	1	0.0	1	1
51	2	0.0	1	0 2


=== Second read: Adapter 2 ===

Sequence: GGACTACNVGGGTWTCTAAT; Type: regular 5'; Length: 20; Trimmed: 1894256 times

Minimum overlap: 3
No. of allowed errors:
1-9 bp: 0; 10-19 bp: 1

Overview of removed sequences
length	count	expect	max.err	error counts
3	48	29788.6	0	48
10	1	1.8	1	1
12	5	0.1	1	4 1
13	3	0.0	1	2 1
14	15	0.0	1	4 11
15	11	0.0	1	7 4
16	10	0.0	1	5 5
17	36	0.0	1	22 14
18	75	0.0	1	49 26
19	7311	0.0	1	935 6376
20	1880209	0.0	1	1833610 46599
21	4890	0.0	1	1845 3045
22	292	0.0	1	262 30
23	1292	0.0	1	1232 60
24	7	0.0	1	0 7
25	8	0.0	1	8
26	3	0.0	1	3
27	3	0.0	1	3
28	8	0.0	1	8
29	3	0.0	1	3
30	2	0.0	1	2
31	2	0.0	1	1 1
33	4	0.0	1	4
34	2	0.0	1	2
35	5	0.0	1	5
36	2	0.0	1	1 1
37	1	0.0	1	1
38	1	0.0	1	1
41	3	0.0	1	3
43	2	0.0	1	2
54	1	0.0	1	1
59	1	0.0	1	1
Running cutadapt on: 2024_Both04_Hyp01_O7_gut_S30
This is cutadapt 5.2 with Python 3.13.15
Command line parameters: -j 6 -g GTGYCAGCMGCCGCGGTAA -G GGACTACNVGGGTWTCTAAT -o /scratch4/workspace/jade_fiorilla_student_uml_edu-rawseqorcc/trimmed-cutadapt-fastp/2024_Both04_Hyp01_O7_gut_S30_R1_trim.fastq -p /scratch4/workspace/jade_fiorilla_student_uml_edu-rawseqorcc/trimmed-cutadapt-fastp/2024_Both04_Hyp01_O7_gut_S30_R2_trim.fastq /scratch4/workspace/jade_fiorilla_student_uml_edu-rawseqorcc/trimmed-fastp/2024_Both04_Hyp01_O7_gut_S30_R1_trim.fastq.gz /scratch4/workspace/jade_fiorilla_student_uml_edu-rawseqorcc/trimmed-fastp/2024_Both04_Hyp01_O7_gut_S30_R2_trim.fastq.gz
Processing paired-end reads on 6 cores ...

=== Summary ===

Total read pairs processed:            907,904
  Read 1 with adapter:                 660,145 (72.7%)
  Read 2 with adapter:                 435,375 (48.0%)
Pairs written (passing filters):       907,904 (100.0%)

Total basepairs processed:   275,114,029 bp
  Read 1:   137,669,125 bp
  Read 2:   137,444,904 bp
Total written (filtered):    252,765,081 bp (91.9%)
  Read 1:   124,463,130 bp
  Read 2:   128,301,951 bp

=== First read: Adapter 1 ===

Sequence: GTGYCAGCMGCCGCGGTAA; Type: regular 5'; Length: 19; Trimmed: 660145 times

Minimum overlap: 3
No. of allowed errors:
1-9 bp: 0; 10-19 bp: 1

Overview of removed sequences
length	count	expect	max.err	error counts
3	5	14186.0	0	5
5	1	886.6	0	1
9	7	3.5	0	7
11	3	0.2	1	3
12	31	0.1	1	22 9
13	3	0.0	1	2 1
14	10	0.0	1	5 5
15	4	0.0	1	2 2
16	19	0.0	1	14 5
17	24	0.0	1	14 10
18	71	0.0	1	26 45
19	4099	0.0	1	1483 2616
20	650115	0.0	1	413826 236289
21	4235	0.0	1	2326 1909
22	1459	0.0	1	1259 200
23	4	0.0	1	2 2
24	6	0.0	1	1 5
26	2	0.0	1	1 1
28	1	0.0	1	1
29	3	0.0	1	3
31	7	0.0	1	6 1
32	3	0.0	1	3
33	3	0.0	1	0 3
34	3	0.0	1	1 2
35	5	0.0	1	3 2
36	2	0.0	1	0 2
37	4	0.0	1	2 2
38	1	0.0	1	0 1
39	1	0.0	1	1
41	5	0.0	1	1 4
42	1	0.0	1	1
44	1	0.0	1	1
51	2	0.0	1	0 2
52	1	0.0	1	0 1
53	2	0.0	1	2
60	1	0.0	1	0 1
64	1	0.0	1	0 1


=== Second read: Adapter 2 ===

Sequence: GGACTACNVGGGTWTCTAAT; Type: regular 5'; Length: 20; Trimmed: 435375 times

Minimum overlap: 3
No. of allowed errors:
1-9 bp: 0; 10-19 bp: 1

Overview of removed sequences
length	count	expect	max.err	error counts
3	2	14186.0	0	2
12	5	0.1	1	3 2
13	7	0.0	1	6 1
14	4	0.0	1	1 3
15	2	0.0	1	2
16	3	0.0	1	3
17	11	0.0	1	8 3
18	7	0.0	1	7
19	45	0.0	1	19 26
20	2878	0.0	1	1001 1877
21	429733	0.0	1	415489 14244
22	2142	0.0	1	1250 892
23	523	0.0	1	491 32
24	5	0.0	1	3 2
29	3	0.0	1	3
31	1	0.0	1	1
36	1	0.0	1	1
38	3	0.0	1	3
Running cutadapt on: 2024_Both04_Hyp05_O55_gill_S222
This is cutadapt 5.2 with Python 3.13.15
Command line parameters: -j 6 -g GTGYCAGCMGCCGCGGTAA -G GGACTACNVGGGTWTCTAAT -o /scratch4/workspace/jade_fiorilla_student_uml_edu-rawseqorcc/trimmed-cutadapt-fastp/2024_Both04_Hyp05_O55_gill_S222_R1_trim.fastq -p /scratch4/workspace/jade_fiorilla_student_uml_edu-rawseqorcc/trimmed-cutadapt-fastp/2024_Both04_Hyp05_O55_gill_S222_R2_trim.fastq /scratch4/workspace/jade_fiorilla_student_uml_edu-rawseqorcc/trimmed-fastp/2024_Both04_Hyp05_O55_gill_S222_R1_trim.fastq.gz /scratch4/workspace/jade_fiorilla_student_uml_edu-rawseqorcc/trimmed-fastp/2024_Both04_Hyp05_O55_gill_S222_R2_trim.fastq.gz
Processing paired-end reads on 6 cores ...

=== Summary ===

Total read pairs processed:            951,916
  Read 1 with adapter:                 896,478 (94.2%)
  Read 2 with adapter:                 850,608 (89.4%)
Pairs written (passing filters):       951,916 (100.0%)

Total basepairs processed:   506,707,803 bp
  Read 1:   253,366,909 bp
  Read 2:   253,340,894 bp
Total written (filtered):    469,175,705 bp (92.6%)
  Read 1:   234,543,384 bp
  Read 2:   234,632,321 bp

=== First read: Adapter 1 ===

Sequence: GTGYCAGCMGCCGCGGTAA; Type: regular 5'; Length: 19; Trimmed: 896478 times

Minimum overlap: 3
No. of allowed errors:
1-9 bp: 0; 10-19 bp: 1

Overview of removed sequences
length	count	expect	max.err	error counts
3	4	14873.7	0	4
9	1	3.6	0	1
12	49	0.1	1	46 3
13	5	0.0	1	2 3
14	9	0.0	1	7 2
16	10	0.0	1	10
17	23	0.0	1	13 10
18	36	0.0	1	17 19
19	262	0.0	1	196 66
20	4155	0.0	1	1944 2211
21	889577	0.0	1	823966 65611
22	2273	0.0	1	886 1387
23	8	0.0	1	7 1
24	9	0.0	1	4 5
25	2	0.0	1	2
26	5	0.0	1	2 3
27	2	0.0	1	2
28	2	0.0	1	2
29	1	0.0	1	1
30	6	0.0	1	6
31	2	0.0	1	2
32	7	0.0	1	5 2
33	3	0.0	1	3
34	2	0.0	1	2
35	5	0.0	1	5
36	1	0.0	1	1
37	3	0.0	1	3
38	4	0.0	1	3 1
39	4	0.0	1	4
41	5	0.0	1	5
43	1	0.0	1	1
44	1	0.0	1	0 1
51	1	0.0	1	1


=== Second read: Adapter 2 ===

Sequence: GGACTACNVGGGTWTCTAAT; Type: regular 5'; Length: 20; Trimmed: 850608 times

Minimum overlap: 3
No. of allowed errors:
1-9 bp: 0; 10-19 bp: 1

Overview of removed sequences
length	count	expect	max.err	error counts
3	1	14873.7	0	1
10	5	0.9	1	5
11	3	0.2	1	3
12	4	0.1	1	2 2
13	10	0.0	1	5 5
14	15	0.0	1	12 3
15	9	0.0	1	1 8
16	31	0.0	1	18 13
17	25	0.0	1	9 16
18	37	0.0	1	33 4
19	46	0.0	1	33 13
20	142	0.0	1	94 48
21	6000	0.0	1	2010 3990
22	842036	0.0	1	784869 57167
23	2207	0.0	1	841 1366
24	6	0.0	1	5 1
25	5	0.0	1	2 3
26	5	0.0	1	5
27	1	0.0	1	1
28	3	0.0	1	3
29	1	0.0	1	1
30	1	0.0	1	1
31	3	0.0	1	3
32	1	0.0	1	1
33	4	0.0	1	4
34	1	0.0	1	1
36	1	0.0	1	1
37	1	0.0	1	0 1
38	1	0.0	1	1
39	1	0.0	1	0 1
43	1	0.0	1	1
57	1	0.0	1	1
Running cutadapt on: 2024_Both04_Hyp05_O55_gut_S223
This is cutadapt 5.2 with Python 3.13.15
Command line parameters: -j 6 -g GTGYCAGCMGCCGCGGTAA -G GGACTACNVGGGTWTCTAAT -o /scratch4/workspace/jade_fiorilla_student_uml_edu-rawseqorcc/trimmed-cutadapt-fastp/2024_Both04_Hyp05_O55_gut_S223_R1_trim.fastq -p /scratch4/workspace/jade_fiorilla_student_uml_edu-rawseqorcc/trimmed-cutadapt-fastp/2024_Both04_Hyp05_O55_gut_S223_R2_trim.fastq /scratch4/workspace/jade_fiorilla_student_uml_edu-rawseqorcc/trimmed-fastp/2024_Both04_Hyp05_O55_gut_S223_R1_trim.fastq.gz /scratch4/workspace/jade_fiorilla_student_uml_edu-rawseqorcc/trimmed-fastp/2024_Both04_Hyp05_O55_gut_S223_R2_trim.fastq.gz
Processing paired-end reads on 6 cores ...

=== Summary ===

Total read pairs processed:            809,543
  Read 1 with adapter:                 795,438 (98.3%)
  Read 2 with adapter:                 790,292 (97.6%)
Pairs written (passing filters):       809,543 (100.0%)

Total basepairs processed:   468,055,486 bp
  Read 1:   234,026,853 bp
  Read 2:   234,028,633 bp
Total written (filtered):    433,971,210 bp (92.7%)
  Read 1:   217,324,985 bp
  Read 2:   216,646,225 bp

=== First read: Adapter 1 ===

Sequence: GTGYCAGCMGCCGCGGTAA; Type: regular 5'; Length: 19; Trimmed: 795438 times

Minimum overlap: 3
No. of allowed errors:
1-9 bp: 0; 10-19 bp: 1

Overview of removed sequences
length	count	expect	max.err	error counts
3	9	12649.1	0	9
9	5	3.1	0	5
12	47	0.0	1	47
13	7	0.0	1	7
14	1	0.0	1	0 1
15	5	0.0	1	5
16	9	0.0	1	7 2
17	11	0.0	1	7 4
18	49	0.0	1	25 24
19	367	0.0	1	308 59
20	3468	0.0	1	1616 1852
21	789087	0.0	1	769676 19411
22	2327	0.0	1	1233 1094
23	13	0.0	1	10 3
25	5	0.0	1	5
27	2	0.0	1	2
28	5	0.0	1	5
30	1	0.0	1	1
34	1	0.0	1	1
35	2	0.0	1	2
36	4	0.0	1	4
37	2	0.0	1	2
40	3	0.0	1	3
42	1	0.0	1	1
47	1	0.0	1	1
48	1	0.0	1	1
49	1	0.0	1	1
50	2	0.0	1	2
53	1	0.0	1	1
56	1	0.0	1	1


=== Second read: Adapter 2 ===

Sequence: GGACTACNVGGGTWTCTAAT; Type: regular 5'; Length: 20; Trimmed: 790292 times

Minimum overlap: 3
No. of allowed errors:
1-9 bp: 0; 10-19 bp: 1

Overview of removed sequences
length	count	expect	max.err	error counts
3	4	12649.1	0	4
9	1	3.1	0	1
10	7	0.8	1	5 2
11	1	0.2	1	1
12	11	0.0	1	8 3
13	1	0.0	1	1
14	8	0.0	1	4 4
15	8	0.0	1	1 7
16	12	0.0	1	5 7
17	16	0.0	1	12 4
18	35	0.0	1	27 8
19	45	0.0	1	37 8
20	189	0.0	1	135 54
21	5584	0.0	1	1785 3799
22	781873	0.0	1	769967 11906
23	2463	0.0	1	1304 1159
24	9	0.0	1	3 6
25	2	0.0	1	2
26	4	0.0	1	4
27	1	0.0	1	1
28	1	0.0	1	1
29	1	0.0	1	1
30	1	0.0	1	1
33	2	0.0	1	2
35	1	0.0	1	0 1
37	1	0.0	1	1
38	1	0.0	1	1
39	2	0.0	1	2
40	1	0.0	1	1
41	3	0.0	1	3
42	2	0.0	1	2
48	2	0.0	1	2
Running cutadapt on: 2024_Both04_Null_O32_gill_S237
This is cutadapt 5.2 with Python 3.13.15
Command line parameters: -j 6 -g GTGYCAGCMGCCGCGGTAA -G GGACTACNVGGGTWTCTAAT -o /scratch4/workspace/jade_fiorilla_student_uml_edu-rawseqorcc/trimmed-cutadapt-fastp/2024_Both04_Null_O32_gill_S237_R1_trim.fastq -p /scratch4/workspace/jade_fiorilla_student_uml_edu-rawseqorcc/trimmed-cutadapt-fastp/2024_Both04_Null_O32_gill_S237_R2_trim.fastq /scratch4/workspace/jade_fiorilla_student_uml_edu-rawseqorcc/trimmed-fastp/2024_Both04_Null_O32_gill_S237_R1_trim.fastq.gz /scratch4/workspace/jade_fiorilla_student_uml_edu-rawseqorcc/trimmed-fastp/2024_Both04_Null_O32_gill_S237_R2_trim.fastq.gz
Processing paired-end reads on 6 cores ...

=== Summary ===

Total read pairs processed:              2,422
  Read 1 with adapter:                   2,175 (89.8%)
  Read 2 with adapter:                   1,903 (78.6%)
Pairs written (passing filters):         2,422 (100.0%)

Total basepairs processed:     1,213,110 bp
  Read 1:       605,612 bp
  Read 2:       607,498 bp
Total written (filtered):      1,131,466 bp (93.3%)
  Read 1:       562,719 bp
  Read 2:       568,747 bp

=== First read: Adapter 1 ===

Sequence: GTGYCAGCMGCCGCGGTAA; Type: regular 5'; Length: 19; Trimmed: 2175 times

Minimum overlap: 3
No. of allowed errors:
1-9 bp: 0; 10-19 bp: 1

Overview of removed sequences
length	count	expect	max.err	error counts
18	4	0.0	1	0 4
19	1426	0.0	1	1136 290
20	235	0.0	1	206 29
21	193	0.0	1	168 25
22	317	0.0	1	300 17


=== Second read: Adapter 2 ===

Sequence: GGACTACNVGGGTWTCTAAT; Type: regular 5'; Length: 20; Trimmed: 1903 times

Minimum overlap: 3
No. of allowed errors:
1-9 bp: 0; 10-19 bp: 1

Overview of removed sequences
length	count	expect	max.err	error counts
19	7	0.0	1	0 7
20	1535	0.0	1	1481 54
21	139	0.0	1	122 17
22	107	0.0	1	99 8
23	115	0.0	1	110 5
Running cutadapt on: 2024_Both04_Null_O32_gut_S72
This is cutadapt 5.2 with Python 3.13.15
Command line parameters: -j 6 -g GTGYCAGCMGCCGCGGTAA -G GGACTACNVGGGTWTCTAAT -o /scratch4/workspace/jade_fiorilla_student_uml_edu-rawseqorcc/trimmed-cutadapt-fastp/2024_Both04_Null_O32_gut_S72_R1_trim.fastq -p /scratch4/workspace/jade_fiorilla_student_uml_edu-rawseqorcc/trimmed-cutadapt-fastp/2024_Both04_Null_O32_gut_S72_R2_trim.fastq /scratch4/workspace/jade_fiorilla_student_uml_edu-rawseqorcc/trimmed-fastp/2024_Both04_Null_O32_gut_S72_R1_trim.fastq.gz /scratch4/workspace/jade_fiorilla_student_uml_edu-rawseqorcc/trimmed-fastp/2024_Both04_Null_O32_gut_S72_R2_trim.fastq.gz
Processing paired-end reads on 6 cores ...

=== Summary ===

Total read pairs processed:            905,385
  Read 1 with adapter:                 837,655 (92.5%)
  Read 2 with adapter:                 764,662 (84.5%)
Pairs written (passing filters):       905,385 (100.0%)

Total basepairs processed:   456,500,889 bp
  Read 1:   228,283,057 bp
  Read 2:   228,217,832 bp
Total written (filtered):    423,684,597 bp (92.8%)
  Read 1:   211,527,632 bp
  Read 2:   212,156,965 bp

=== First read: Adapter 1 ===

Sequence: GTGYCAGCMGCCGCGGTAA; Type: regular 5'; Length: 19; Trimmed: 837655 times

Minimum overlap: 3
No. of allowed errors:
1-9 bp: 0; 10-19 bp: 1

Overview of removed sequences
length	count	expect	max.err	error counts
3	5	14146.6	0	5
9	3	3.5	0	3
11	3	0.2	1	1 2
12	55	0.1	1	43 12
13	10	0.0	1	6 4
14	5	0.0	1	0 5
15	6	0.0	1	2 4
16	28	0.0	1	10 18
17	25	0.0	1	10 15
18	92	0.0	1	62 30
19	6182	0.0	1	1901 4281
20	824374	0.0	1	741002 83372
21	4456	0.0	1	2308 2148
22	2367	0.0	1	2147 220
23	7	0.0	1	4 3
24	7	0.0	1	7
25	1	0.0	1	1
26	1	0.0	1	1
27	3	0.0	1	2 1
28	3	0.0	1	3
29	5	0.0	1	5
30	3	0.0	1	2 1
31	3	0.0	1	1 2
33	1	0.0	1	1
36	2	0.0	1	2
37	4	0.0	1	3 1
39	3	0.0	1	3
40	1	0.0	1	0 1


=== Second read: Adapter 2 ===

Sequence: GGACTACNVGGGTWTCTAAT; Type: regular 5'; Length: 20; Trimmed: 764662 times

Minimum overlap: 3
No. of allowed errors:
1-9 bp: 0; 10-19 bp: 1

Overview of removed sequences
length	count	expect	max.err	error counts
3	1	14146.6	0	1
10	4	0.9	1	4
12	5	0.1	1	5
13	5	0.0	1	2 3
14	3	0.0	1	1 2
15	3	0.0	1	0 3
16	12	0.0	1	7 5
17	13	0.0	1	12 1
18	16	0.0	1	10 6
19	54	0.0	1	27 27
20	4008	0.0	1	1169 2839
21	755567	0.0	1	742941 12626
22	2988	0.0	1	1528 1460
23	1933	0.0	1	1852 81
24	8	0.0	1	1 7
25	4	0.0	1	4
26	2	0.0	1	2
28	2	0.0	1	1 1
29	1	0.0	1	0 1
30	5	0.0	1	5
31	1	0.0	1	1
32	2	0.0	1	2
34	5	0.0	1	5
35	5	0.0	1	5
36	4	0.0	1	4
37	3	0.0	1	1 2
41	5	0.0	1	5
44	2	0.0	1	2
56	1	0.0	1	1
Running cutadapt on: 2024_Both04_Warm02_O19_gill_S199
This is cutadapt 5.2 with Python 3.13.15
Command line parameters: -j 6 -g GTGYCAGCMGCCGCGGTAA -G GGACTACNVGGGTWTCTAAT -o /scratch4/workspace/jade_fiorilla_student_uml_edu-rawseqorcc/trimmed-cutadapt-fastp/2024_Both04_Warm02_O19_gill_S199_R1_trim.fastq -p /scratch4/workspace/jade_fiorilla_student_uml_edu-rawseqorcc/trimmed-cutadapt-fastp/2024_Both04_Warm02_O19_gill_S199_R2_trim.fastq /scratch4/workspace/jade_fiorilla_student_uml_edu-rawseqorcc/trimmed-fastp/2024_Both04_Warm02_O19_gill_S199_R1_trim.fastq.gz /scratch4/workspace/jade_fiorilla_student_uml_edu-rawseqorcc/trimmed-fastp/2024_Both04_Warm02_O19_gill_S199_R2_trim.fastq.gz
Processing paired-end reads on 6 cores ...

=== Summary ===

Total read pairs processed:            252,918
  Read 1 with adapter:                 207,100 (81.9%)
  Read 2 with adapter:                 208,537 (82.5%)
Pairs written (passing filters):       252,918 (100.0%)

Total basepairs processed:   123,512,254 bp
  Read 1:    61,762,182 bp
  Read 2:    61,750,072 bp
Total written (filtered):    114,207,742 bp (92.5%)
  Read 1:    57,232,116 bp
  Read 2:    56,975,626 bp

=== First read: Adapter 1 ===

Sequence: GTGYCAGCMGCCGCGGTAA; Type: regular 5'; Length: 19; Trimmed: 207100 times

Minimum overlap: 3
No. of allowed errors:
1-9 bp: 0; 10-19 bp: 1

Overview of removed sequences
length	count	expect	max.err	error counts
3	1060	3951.8	0	1060
9	4	1.0	0	4
11	1	0.1	1	0 1
12	53	0.0	1	44 9
13	13	0.0	1	8 5
14	4	0.0	1	2 2
15	5	0.0	1	4 1
16	25	0.0	1	12 13
17	14	0.0	1	6 8
18	44	0.0	1	26 18
19	951	0.0	1	902 49
20	632	0.0	1	477 155
21	1332	0.0	1	578 754
22	202447	0.0	1	179439 23008
23	497	0.0	1	169 328
24	3	0.0	1	1 2
26	6	0.0	1	6
27	1	0.0	1	1
29	1	0.0	1	0 1
30	1	0.0	1	1
32	1	0.0	1	1
33	1	0.0	1	0 1
35	3	0.0	1	3
43	1	0.0	1	1


=== Second read: Adapter 2 ===

Sequence: GGACTACNVGGGTWTCTAAT; Type: regular 5'; Length: 20; Trimmed: 208537 times

Minimum overlap: 3
No. of allowed errors:
1-9 bp: 0; 10-19 bp: 1

Overview of removed sequences
length	count	expect	max.err	error counts
3	796	3951.8	0	796
8	1	3.9	0	1
11	1	0.1	1	0 1
13	1	0.0	1	0 1
14	2	0.0	1	0 2
15	5	0.0	1	1 4
16	2	0.0	1	0 2
17	6	0.0	1	4 2
18	6	0.0	1	3 3
19	30	0.0	1	11 19
20	1382	0.0	1	1302 80
21	262	0.0	1	220 42
22	1719	0.0	1	418 1301
23	203638	0.0	1	196110 7528
24	684	0.0	1	210 474
30	1	0.0	1	1
31	1	0.0	1	1
Running cutadapt on: 2024_Both04_Warm02_O19_gut_S6
This is cutadapt 5.2 with Python 3.13.15
Command line parameters: -j 6 -g GTGYCAGCMGCCGCGGTAA -G GGACTACNVGGGTWTCTAAT -o /scratch4/workspace/jade_fiorilla_student_uml_edu-rawseqorcc/trimmed-cutadapt-fastp/2024_Both04_Warm02_O19_gut_S6_R1_trim.fastq -p /scratch4/workspace/jade_fiorilla_student_uml_edu-rawseqorcc/trimmed-cutadapt-fastp/2024_Both04_Warm02_O19_gut_S6_R2_trim.fastq /scratch4/workspace/jade_fiorilla_student_uml_edu-rawseqorcc/trimmed-fastp/2024_Both04_Warm02_O19_gut_S6_R1_trim.fastq.gz /scratch4/workspace/jade_fiorilla_student_uml_edu-rawseqorcc/trimmed-fastp/2024_Both04_Warm02_O19_gut_S6_R2_trim.fastq.gz
Processing paired-end reads on 6 cores ...

=== Summary ===

Total read pairs processed:          1,353,783
  Read 1 with adapter:               1,245,712 (92.0%)
  Read 2 with adapter:               1,198,653 (88.5%)
Pairs written (passing filters):     1,353,783 (100.0%)

Total basepairs processed:   716,934,490 bp
  Read 1:   358,507,067 bp
  Read 2:   358,427,423 bp
Total written (filtered):    662,095,469 bp (92.4%)
  Read 1:   331,173,245 bp
  Read 2:   330,922,224 bp

=== First read: Adapter 1 ===

Sequence: GTGYCAGCMGCCGCGGTAA; Type: regular 5'; Length: 19; Trimmed: 1245712 times

Minimum overlap: 3
No. of allowed errors:
1-9 bp: 0; 10-19 bp: 1

Overview of removed sequences
length	count	expect	max.err	error counts
3	2416	21152.9	0	2416
4	2	5288.2	0	2
8	4	20.7	0	4
9	7	5.2	0	7
10	2	1.3	1	0 2
11	11	0.3	1	7 4
12	273	0.1	1	252 21
13	20	0.0	1	15 5
14	30	0.0	1	20 10
15	36	0.0	1	12 24
16	82	0.0	1	61 21
17	81	0.0	1	40 41
18	204	0.0	1	130 74
19	2660	0.0	1	1596 1064
20	3855	0.0	1	2786 1069
21	8836	0.0	1	4117 4719
22	1224275	0.0	1	1137695 86580
23	2806	0.0	1	903 1903
24	10	0.0	1	10
25	7	0.0	1	5 2
26	8	0.0	1	8
27	5	0.0	1	3 2
28	13	0.0	1	13
29	2	0.0	1	2
30	6	0.0	1	3 3
31	5	0.0	1	5
32	7	0.0	1	7
33	2	0.0	1	2
34	4	0.0	1	4
35	3	0.0	1	2 1
36	4	0.0	1	1 3
37	5	0.0	1	2 3
38	3	0.0	1	1 2
39	7	0.0	1	7
40	5	0.0	1	5
41	1	0.0	1	1
42	3	0.0	1	3
43	2	0.0	1	2
44	3	0.0	1	3
45	2	0.0	1	2
46	1	0.0	1	1
49	1	0.0	1	1
51	2	0.0	1	2
55	1	0.0	1	1


=== Second read: Adapter 2 ===

Sequence: GGACTACNVGGGTWTCTAAT; Type: regular 5'; Length: 20; Trimmed: 1198653 times

Minimum overlap: 3
No. of allowed errors:
1-9 bp: 0; 10-19 bp: 1

Overview of removed sequences
length	count	expect	max.err	error counts
3	2597	21152.9	0	2597
5	3	1322.1	0	3
9	1	5.2	0	1
10	2	1.3	1	2
11	2	0.3	1	2
12	6	0.1	1	4 2
13	8	0.0	1	5 3
14	20	0.0	1	13 7
15	22	0.0	1	9 13
16	10	0.0	1	4 6
17	34	0.0	1	28 6
18	35	0.0	1	28 7
19	76	0.0	1	51 25
20	999	0.0	1	935 64
21	1438	0.0	1	1342 96
22	8343	0.0	1	2503 5840
23	1181906	0.0	1	1152844 29062
24	3081	0.0	1	1173 1908
25	9	0.0	1	7 2
26	10	0.0	1	10
27	9	0.0	1	7 2
28	3	0.0	1	2 1
29	4	0.0	1	4
30	2	0.0	1	2
31	1	0.0	1	0 1
32	6	0.0	1	4 2
34	3	0.0	1	3
36	1	0.0	1	1
37	1	0.0	1	1
38	4	0.0	1	4
40	7	0.0	1	3 4
41	5	0.0	1	3 2
42	1	0.0	1	1
43	3	0.0	1	3
44	1	0.0	1	1
Running cutadapt on: 2024_Both04_Warm06_O67_gill_S200
This is cutadapt 5.2 with Python 3.13.15
Command line parameters: -j 6 -g GTGYCAGCMGCCGCGGTAA -G GGACTACNVGGGTWTCTAAT -o /scratch4/workspace/jade_fiorilla_student_uml_edu-rawseqorcc/trimmed-cutadapt-fastp/2024_Both04_Warm06_O67_gill_S200_R1_trim.fastq -p /scratch4/workspace/jade_fiorilla_student_uml_edu-rawseqorcc/trimmed-cutadapt-fastp/2024_Both04_Warm06_O67_gill_S200_R2_trim.fastq /scratch4/workspace/jade_fiorilla_student_uml_edu-rawseqorcc/trimmed-fastp/2024_Both04_Warm06_O67_gill_S200_R1_trim.fastq.gz /scratch4/workspace/jade_fiorilla_student_uml_edu-rawseqorcc/trimmed-fastp/2024_Both04_Warm06_O67_gill_S200_R2_trim.fastq.gz
Processing paired-end reads on 6 cores ...

=== Summary ===

Total read pairs processed:            508,909
  Read 1 with adapter:                 389,642 (76.6%)
  Read 2 with adapter:                 369,593 (72.6%)
Pairs written (passing filters):       508,909 (100.0%)

Total basepairs processed:   221,671,561 bp
  Read 1:   110,860,073 bp
  Read 2:   110,811,488 bp
Total written (filtered):    204,720,173 bp (92.4%)
  Read 1:   102,350,716 bp
  Read 2:   102,369,457 bp

=== First read: Adapter 1 ===

Sequence: GTGYCAGCMGCCGCGGTAA; Type: regular 5'; Length: 19; Trimmed: 389642 times

Minimum overlap: 3
No. of allowed errors:
1-9 bp: 0; 10-19 bp: 1

Overview of removed sequences
length	count	expect	max.err	error counts
3	2638	7951.7	0	2638
4	4	1987.9	0	4
9	5	1.9	0	5
10	4	0.5	1	4
12	88	0.0	1	69 19
13	13	0.0	1	9 4
14	5	0.0	1	5
15	10	0.0	1	8 2
16	37	0.0	1	26 11
17	35	0.0	1	14 21
18	51	0.0	1	22 29
19	2872	0.0	1	2758 114
20	698	0.0	1	591 107
21	2230	0.0	1	687 1543
22	379993	0.0	1	301914 78079
23	916	0.0	1	236 680
24	5	0.0	1	3 2
25	3	0.0	1	3
26	3	0.0	1	3
27	2	0.0	1	2
28	1	0.0	1	1
29	1	0.0	1	1
30	2	0.0	1	2
31	1	0.0	1	1
32	2	0.0	1	2
33	3	0.0	1	2 1
35	2	0.0	1	0 2
36	3	0.0	1	1 2
37	1	0.0	1	1
39	3	0.0	1	3
41	2	0.0	1	2
42	1	0.0	1	1
44	2	0.0	1	2
51	2	0.0	1	2
52	1	0.0	1	1
54	1	0.0	1	0 1
65	2	0.0	1	0 2


=== Second read: Adapter 2 ===

Sequence: GGACTACNVGGGTWTCTAAT; Type: regular 5'; Length: 20; Trimmed: 369593 times

Minimum overlap: 3
No. of allowed errors:
1-9 bp: 0; 10-19 bp: 1

Overview of removed sequences
length	count	expect	max.err	error counts
3	2355	7951.7	0	2355
4	2	1987.9	0	2
5	1	497.0	0	1
10	1	0.5	1	0 1
12	1	0.0	1	1
13	5	0.0	1	2 3
14	8	0.0	1	3 5
15	7	0.0	1	4 3
16	15	0.0	1	9 6
17	7	0.0	1	6 1
18	12	0.0	1	7 5
19	45	0.0	1	19 26
20	3122	0.0	1	2969 153
21	344	0.0	1	305 39
22	3236	0.0	1	646 2590
23	358211	0.0	1	346150 12061
24	2193	0.0	1	357 1836
25	12	0.0	1	7 5
27	6	0.0	1	5 1
28	1	0.0	1	1
30	1	0.0	1	1
34	1	0.0	1	1
38	1	0.0	1	1
39	2	0.0	1	2
40	1	0.0	1	1
42	1	0.0	1	1
63	2	0.0	1	2
Running cutadapt on: 2024_Both04_Warm06_O67_gut_S7
This is cutadapt 5.2 with Python 3.13.15
Command line parameters: -j 6 -g GTGYCAGCMGCCGCGGTAA -G GGACTACNVGGGTWTCTAAT -o /scratch4/workspace/jade_fiorilla_student_uml_edu-rawseqorcc/trimmed-cutadapt-fastp/2024_Both04_Warm06_O67_gut_S7_R1_trim.fastq -p /scratch4/workspace/jade_fiorilla_student_uml_edu-rawseqorcc/trimmed-cutadapt-fastp/2024_Both04_Warm06_O67_gut_S7_R2_trim.fastq /scratch4/workspace/jade_fiorilla_student_uml_edu-rawseqorcc/trimmed-fastp/2024_Both04_Warm06_O67_gut_S7_R1_trim.fastq.gz /scratch4/workspace/jade_fiorilla_student_uml_edu-rawseqorcc/trimmed-fastp/2024_Both04_Warm06_O67_gut_S7_R2_trim.fastq.gz
Processing paired-end reads on 6 cores ...

=== Summary ===

Total read pairs processed:            734,564
  Read 1 with adapter:                 653,067 (88.9%)
  Read 2 with adapter:                 615,748 (83.8%)
Pairs written (passing filters):       734,564 (100.0%)

Total basepairs processed:   367,714,976 bp
  Read 1:   183,886,525 bp
  Read 2:   183,828,451 bp
Total written (filtered):    339,288,853 bp (92.3%)
  Read 1:   169,572,929 bp
  Read 2:   169,715,924 bp

=== First read: Adapter 1 ===

Sequence: GTGYCAGCMGCCGCGGTAA; Type: regular 5'; Length: 19; Trimmed: 653067 times

Minimum overlap: 3
No. of allowed errors:
1-9 bp: 0; 10-19 bp: 1

Overview of removed sequences
length	count	expect	max.err	error counts
3	1691	11477.6	0	1691
4	1	2869.4	0	1
8	3	11.2	0	3
9	15	2.8	0	15
10	1	0.7	1	1
11	8	0.2	1	4 4
12	126	0.0	1	123 3
13	12	0.0	1	5 7
14	22	0.0	1	5 17
15	17	0.0	1	4 13
16	72	0.0	1	60 12
17	60	0.0	1	26 34
18	99	0.0	1	54 45
19	2337	0.0	1	1515 822
20	3912	0.0	1	3128 784
21	5698	0.0	1	2753 2945
22	637501	0.0	1	576012 61489
23	1430	0.0	1	515 915
24	5	0.0	1	4 1
25	7	0.0	1	7
26	10	0.0	1	10
27	5	0.0	1	5
28	3	0.0	1	2 1
29	10	0.0	1	10
30	1	0.0	1	0 1
32	7	0.0	1	4 3
33	4	0.0	1	0 4
35	1	0.0	1	1
38	2	0.0	1	1 1
39	1	0.0	1	1
40	1	0.0	1	1
42	3	0.0	1	0 3
47	1	0.0	1	1
51	1	0.0	1	0 1


=== Second read: Adapter 2 ===

Sequence: GGACTACNVGGGTWTCTAAT; Type: regular 5'; Length: 20; Trimmed: 615748 times

Minimum overlap: 3
No. of allowed errors:
1-9 bp: 0; 10-19 bp: 1

Overview of removed sequences
length	count	expect	max.err	error counts
3	2037	11477.6	0	2037
4	1	2869.4	0	1
5	2	717.3	0	2
10	1	0.7	1	1
11	1	0.2	1	1
12	11	0.0	1	8 3
13	4	0.0	1	4
14	11	0.0	1	8 3
15	5	0.0	1	4 1
16	5	0.0	1	1 4
17	18	0.0	1	8 10
18	28	0.0	1	16 12
19	59	0.0	1	34 25
20	765	0.0	1	709 56
21	1613	0.0	1	1493 120
22	4457	0.0	1	1537 2920
23	605050	0.0	1	581351 23699
24	1648	0.0	1	604 1044
25	9	0.0	1	5 4
26	1	0.0	1	0 1
28	3	0.0	1	3
29	3	0.0	1	3
32	3	0.0	1	3
33	2	0.0	1	2
34	1	0.0	1	1
35	2	0.0	1	2
37	1	0.0	1	1
39	1	0.0	1	1
40	1	0.0	1	1
42	1	0.0	1	1
44	3	0.0	1	3
50	1	0.0	1	1
Running cutadapt on: 2024_Both05_Both06_O69_gill_S231
This is cutadapt 5.2 with Python 3.13.15
Command line parameters: -j 6 -g GTGYCAGCMGCCGCGGTAA -G GGACTACNVGGGTWTCTAAT -o /scratch4/workspace/jade_fiorilla_student_uml_edu-rawseqorcc/trimmed-cutadapt-fastp/2024_Both05_Both06_O69_gill_S231_R1_trim.fastq -p /scratch4/workspace/jade_fiorilla_student_uml_edu-rawseqorcc/trimmed-cutadapt-fastp/2024_Both05_Both06_O69_gill_S231_R2_trim.fastq /scratch4/workspace/jade_fiorilla_student_uml_edu-rawseqorcc/trimmed-fastp/2024_Both05_Both06_O69_gill_S231_R1_trim.fastq.gz /scratch4/workspace/jade_fiorilla_student_uml_edu-rawseqorcc/trimmed-fastp/2024_Both05_Both06_O69_gill_S231_R2_trim.fastq.gz
Processing paired-end reads on 6 cores ...

=== Summary ===

Total read pairs processed:              4,575
  Read 1 with adapter:                   3,768 (82.4%)
  Read 2 with adapter:                   3,337 (72.9%)
Pairs written (passing filters):         4,575 (100.0%)

Total basepairs processed:     2,178,278 bp
  Read 1:     1,087,864 bp
  Read 2:     1,090,414 bp
Total written (filtered):      2,032,350 bp (93.3%)
  Read 1:     1,011,983 bp
  Read 2:     1,020,367 bp

=== First read: Adapter 1 ===

Sequence: GTGYCAGCMGCCGCGGTAA; Type: regular 5'; Length: 19; Trimmed: 3768 times

Minimum overlap: 3
No. of allowed errors:
1-9 bp: 0; 10-19 bp: 1

Overview of removed sequences
length	count	expect	max.err	error counts
3	2	71.5	0	2
18	4	0.0	1	1 3
19	486	0.0	1	448 38
20	2688	0.0	1	2044 644
21	127	0.0	1	115 12
22	461	0.0	1	406 55


=== Second read: Adapter 2 ===

Sequence: GGACTACNVGGGTWTCTAAT; Type: regular 5'; Length: 20; Trimmed: 3337 times

Minimum overlap: 3
No. of allowed errors:
1-9 bp: 0; 10-19 bp: 1

Overview of removed sequences
length	count	expect	max.err	error counts
19	7	0.0	1	1 6
20	764	0.0	1	724 40
21	2152	0.0	1	2087 65
22	81	0.0	1	71 10
23	332	0.0	1	312 20
24	1	0.0	1	0 1
Running cutadapt on: 2024_Both05_Both06_O69_gut_S55
This is cutadapt 5.2 with Python 3.13.15
Command line parameters: -j 6 -g GTGYCAGCMGCCGCGGTAA -G GGACTACNVGGGTWTCTAAT -o /scratch4/workspace/jade_fiorilla_student_uml_edu-rawseqorcc/trimmed-cutadapt-fastp/2024_Both05_Both06_O69_gut_S55_R1_trim.fastq -p /scratch4/workspace/jade_fiorilla_student_uml_edu-rawseqorcc/trimmed-cutadapt-fastp/2024_Both05_Both06_O69_gut_S55_R2_trim.fastq /scratch4/workspace/jade_fiorilla_student_uml_edu-rawseqorcc/trimmed-fastp/2024_Both05_Both06_O69_gut_S55_R1_trim.fastq.gz /scratch4/workspace/jade_fiorilla_student_uml_edu-rawseqorcc/trimmed-fastp/2024_Both05_Both06_O69_gut_S55_R2_trim.fastq.gz
Processing paired-end reads on 6 cores ...

=== Summary ===

Total read pairs processed:            941,486
  Read 1 with adapter:                 724,642 (77.0%)
  Read 2 with adapter:                 504,352 (53.6%)
Pairs written (passing filters):       941,486 (100.0%)

Total basepairs processed:   317,876,820 bp
  Read 1:   159,090,990 bp
  Read 2:   158,785,830 bp
Total written (filtered):    291,571,011 bp (91.7%)
  Read 1:   143,879,083 bp
  Read 2:   147,691,928 bp

=== First read: Adapter 1 ===

Sequence: GTGYCAGCMGCCGCGGTAA; Type: regular 5'; Length: 19; Trimmed: 724642 times

Minimum overlap: 3
No. of allowed errors:
1-9 bp: 0; 10-19 bp: 1

Overview of removed sequences
length	count	expect	max.err	error counts
3	29	14710.7	0	29
10	1	0.9	1	1
11	1	0.2	1	0 1
12	40	0.1	1	31 9
14	6	0.0	1	4 2
15	3	0.0	1	3
16	22	0.0	1	10 12
17	17	0.0	1	8 9
18	21	0.0	1	8 13
19	2960	0.0	1	1029 1931
20	4500	0.0	1	2461 2039
21	711641	0.0	1	472175 239466
22	5338	0.0	1	3754 1584
23	14	0.0	1	7 7
24	1	0.0	1	1
25	4	0.0	1	2 2
26	5	0.0	1	3 2
27	2	0.0	1	2
28	2	0.0	1	1 1
29	3	0.0	1	1 2
30	2	0.0	1	1 1
31	1	0.0	1	1
32	2	0.0	1	0 2
33	4	0.0	1	3 1
34	2	0.0	1	0 2
35	3	0.0	1	1 2
36	4	0.0	1	1 3
37	1	0.0	1	1
38	1	0.0	1	0 1
39	1	0.0	1	1
42	2	0.0	1	1 1
46	1	0.0	1	0 1
48	2	0.0	1	0 2
50	2	0.0	1	1 1
52	1	0.0	1	1
55	3	0.0	1	3


=== Second read: Adapter 2 ===

Sequence: GGACTACNVGGGTWTCTAAT; Type: regular 5'; Length: 20; Trimmed: 504352 times

Minimum overlap: 3
No. of allowed errors:
1-9 bp: 0; 10-19 bp: 1

Overview of removed sequences
length	count	expect	max.err	error counts
3	18	14710.7	0	18
10	1	0.9	1	1
11	1	0.2	1	1
12	2	0.1	1	1 1
13	2	0.0	1	2
14	1	0.0	1	0 1
15	15	0.0	1	10 5
16	7	0.0	1	4 3
17	13	0.0	1	7 6
18	21	0.0	1	18 3
19	35	0.0	1	29 6
20	659	0.0	1	607 52
21	4694	0.0	1	1760 2934
22	494067	0.0	1	483026 11041
23	4794	0.0	1	3828 966
24	7	0.0	1	1 6
27	2	0.0	1	2
29	3	0.0	1	2 1
30	1	0.0	1	0 1
32	2	0.0	1	1 1
34	1	0.0	1	0 1
38	1	0.0	1	1
39	3	0.0	1	3
40	2	0.0	1	2
Running cutadapt on: 2024_Both05_Cont01_O9_gill_S142
This is cutadapt 5.2 with Python 3.13.15
Command line parameters: -j 6 -g GTGYCAGCMGCCGCGGTAA -G GGACTACNVGGGTWTCTAAT -o /scratch4/workspace/jade_fiorilla_student_uml_edu-rawseqorcc/trimmed-cutadapt-fastp/2024_Both05_Cont01_O9_gill_S142_R1_trim.fastq -p /scratch4/workspace/jade_fiorilla_student_uml_edu-rawseqorcc/trimmed-cutadapt-fastp/2024_Both05_Cont01_O9_gill_S142_R2_trim.fastq /scratch4/workspace/jade_fiorilla_student_uml_edu-rawseqorcc/trimmed-fastp/2024_Both05_Cont01_O9_gill_S142_R1_trim.fastq.gz /scratch4/workspace/jade_fiorilla_student_uml_edu-rawseqorcc/trimmed-fastp/2024_Both05_Cont01_O9_gill_S142_R2_trim.fastq.gz
Processing paired-end reads on 6 cores ...

=== Summary ===

Total read pairs processed:            925,361
  Read 1 with adapter:                 690,712 (74.6%)
  Read 2 with adapter:                 580,756 (62.8%)
Pairs written (passing filters):       925,361 (100.0%)

Total basepairs processed:   350,058,764 bp
  Read 1:   175,079,542 bp
  Read 2:   174,979,222 bp
Total written (filtered):    324,045,051 bp (92.6%)
  Read 1:   161,264,144 bp
  Read 2:   162,780,907 bp

=== First read: Adapter 1 ===

Sequence: GTGYCAGCMGCCGCGGTAA; Type: regular 5'; Length: 19; Trimmed: 690712 times

Minimum overlap: 3
No. of allowed errors:
1-9 bp: 0; 10-19 bp: 1

Overview of removed sequences
length	count	expect	max.err	error counts
3	38	14458.8	0	38
10	4	0.9	1	0 4
11	4	0.2	1	4
12	27	0.1	1	26 1
13	5	0.0	1	3 2
14	9	0.0	1	6 3
15	7	0.0	1	3 4
16	17	0.0	1	9 8
17	19	0.0	1	9 10
18	89	0.0	1	34 55
19	8675	0.0	1	5638 3037
20	674150	0.0	1	508752 165398
21	4721	0.0	1	3144 1577
22	2888	0.0	1	2111 777
23	11	0.0	1	2 9
24	6	0.0	1	5 1
25	3	0.0	1	2 1
26	1	0.0	1	0 1
28	1	0.0	1	1
29	2	0.0	1	2
31	6	0.0	1	6
32	5	0.0	1	4 1
33	2	0.0	1	2
34	2	0.0	1	1 1
35	5	0.0	1	2 3
37	3	0.0	1	3
38	2	0.0	1	1 1
40	2	0.0	1	0 2
41	1	0.0	1	0 1
43	1	0.0	1	0 1
45	3	0.0	1	0 3
46	1	0.0	1	0 1
51	1	0.0	1	1
59	1	0.0	1	1


=== Second read: Adapter 2 ===

Sequence: GGACTACNVGGGTWTCTAAT; Type: regular 5'; Length: 20; Trimmed: 580756 times

Minimum overlap: 3
No. of allowed errors:
1-9 bp: 0; 10-19 bp: 1

Overview of removed sequences
length	count	expect	max.err	error counts
3	23	14458.8	0	23
9	3	3.5	0	3
10	2	0.9	1	1 1
12	1	0.1	1	1
13	4	0.0	1	2 2
14	5	0.0	1	4 1
15	2	0.0	1	1 1
16	3	0.0	1	3
17	17	0.0	1	11 6
18	19	0.0	1	15 4
19	54	0.0	1	23 31
20	6517	0.0	1	3943 2574
21	567064	0.0	1	545795 21269
22	4553	0.0	1	2267 2286
23	2447	0.0	1	2307 140
24	21	0.0	1	4 17
25	1	0.0	1	1
26	2	0.0	1	2
27	2	0.0	1	2
31	2	0.0	1	2
32	3	0.0	1	0 3
33	1	0.0	1	1
34	2	0.0	1	2
36	2	0.0	1	1 1
37	3	0.0	1	3
40	2	0.0	1	2
42	1	0.0	1	1
Running cutadapt on: 2024_Both05_Cont01_O9_gut_S36
This is cutadapt 5.2 with Python 3.13.15
Command line parameters: -j 6 -g GTGYCAGCMGCCGCGGTAA -G GGACTACNVGGGTWTCTAAT -o /scratch4/workspace/jade_fiorilla_student_uml_edu-rawseqorcc/trimmed-cutadapt-fastp/2024_Both05_Cont01_O9_gut_S36_R1_trim.fastq -p /scratch4/workspace/jade_fiorilla_student_uml_edu-rawseqorcc/trimmed-cutadapt-fastp/2024_Both05_Cont01_O9_gut_S36_R2_trim.fastq /scratch4/workspace/jade_fiorilla_student_uml_edu-rawseqorcc/trimmed-fastp/2024_Both05_Cont01_O9_gut_S36_R1_trim.fastq.gz /scratch4/workspace/jade_fiorilla_student_uml_edu-rawseqorcc/trimmed-fastp/2024_Both05_Cont01_O9_gut_S36_R2_trim.fastq.gz
Processing paired-end reads on 6 cores ...

=== Summary ===

Total read pairs processed:            834,844
  Read 1 with adapter:                 614,216 (73.6%)
  Read 2 with adapter:                 221,166 (26.5%)
Pairs written (passing filters):       834,844 (100.0%)

Total basepairs processed:   155,808,503 bp
  Read 1:    78,009,317 bp
  Read 2:    77,799,186 bp
Total written (filtered):    139,693,522 bp (89.7%)
  Read 1:    66,324,378 bp
  Read 2:    73,369,144 bp

=== First read: Adapter 1 ===

Sequence: GTGYCAGCMGCCGCGGTAA; Type: regular 5'; Length: 19; Trimmed: 614216 times

Minimum overlap: 3
No. of allowed errors:
1-9 bp: 0; 10-19 bp: 1

Overview of removed sequences
length	count	expect	max.err	error counts
3	2	13044.4	0	2
5	1	815.3	0	1
9	1	3.2	0	1
12	32	0.0	1	12 20
13	5	0.0	1	0 5
15	8	0.0	1	3 5
16	14	0.0	1	3 11
17	38	0.0	1	21 17
18	846	0.0	1	131 715
19	603418	0.0	1	207575 395843
20	5055	0.0	1	3475 1580
21	4001	0.0	1	2350 1651
22	742	0.0	1	605 137
23	3	0.0	1	1 2
25	1	0.0	1	0 1
27	3	0.0	1	0 3
29	1	0.0	1	0 1
31	3	0.0	1	0 3
32	11	0.0	1	0 11
33	7	0.0	1	0 7
34	2	0.0	1	0 2
35	4	0.0	1	3 1
36	4	0.0	1	0 4
39	1	0.0	1	0 1
40	3	0.0	1	2 1
41	1	0.0	1	0 1
42	2	0.0	1	0 2
43	3	0.0	1	2 1
49	1	0.0	1	0 1
57	3	0.0	1	0 3


=== Second read: Adapter 2 ===

Sequence: GGACTACNVGGGTWTCTAAT; Type: regular 5'; Length: 20; Trimmed: 221166 times

Minimum overlap: 3
No. of allowed errors:
1-9 bp: 0; 10-19 bp: 1

Overview of removed sequences
length	count	expect	max.err	error counts
10	1	0.8	1	1
13	2	0.0	1	2
15	1	0.0	1	0 1
17	4	0.0	1	3 1
18	14	0.0	1	10 4
19	927	0.0	1	149 778
20	214725	0.0	1	209588 5137
21	3663	0.0	1	3140 523
22	1447	0.0	1	1370 77
23	376	0.0	1	360 16
24	3	0.0	1	1 2
25	2	0.0	1	2
31	1	0.0	1	1
Running cutadapt on: 2024_Both05_Hyp02_O21_gill_S240
This is cutadapt 5.2 with Python 3.13.15
Command line parameters: -j 6 -g GTGYCAGCMGCCGCGGTAA -G GGACTACNVGGGTWTCTAAT -o /scratch4/workspace/jade_fiorilla_student_uml_edu-rawseqorcc/trimmed-cutadapt-fastp/2024_Both05_Hyp02_O21_gill_S240_R1_trim.fastq -p /scratch4/workspace/jade_fiorilla_student_uml_edu-rawseqorcc/trimmed-cutadapt-fastp/2024_Both05_Hyp02_O21_gill_S240_R2_trim.fastq /scratch4/workspace/jade_fiorilla_student_uml_edu-rawseqorcc/trimmed-fastp/2024_Both05_Hyp02_O21_gill_S240_R1_trim.fastq.gz /scratch4/workspace/jade_fiorilla_student_uml_edu-rawseqorcc/trimmed-fastp/2024_Both05_Hyp02_O21_gill_S240_R2_trim.fastq.gz
Processing paired-end reads on 6 cores ...

=== Summary ===

Total read pairs processed:            684,954
  Read 1 with adapter:                 491,010 (71.7%)
  Read 2 with adapter:                 649,805 (94.9%)
Pairs written (passing filters):       684,954 (100.0%)

Total basepairs processed:   365,643,611 bp
  Read 1:   182,816,465 bp
  Read 2:   182,827,146 bp
Total written (filtered):    343,310,267 bp (93.9%)
  Read 1:   173,482,956 bp
  Read 2:   169,827,311 bp

=== First read: Adapter 1 ===

Sequence: GTGYCAGCMGCCGCGGTAA; Type: regular 5'; Length: 19; Trimmed: 491010 times

Minimum overlap: 3
No. of allowed errors:
1-9 bp: 0; 10-19 bp: 1

Overview of removed sequences
length	count	expect	max.err	error counts
3	5	10702.4	0	5
9	3	2.6	0	3
11	4	0.2	1	1 3
12	44	0.0	1	43 1
13	2	0.0	1	1 1
14	3	0.0	1	3
15	7	0.0	1	3 4
16	27	0.0	1	18 9
17	44	0.0	1	24 20
18	1498	0.0	1	245 1253
19	486122	0.0	1	442105 44017
20	1602	0.0	1	663 939
21	242	0.0	1	226 16
22	1392	0.0	1	1245 147
23	1	0.0	1	0 1
25	1	0.0	1	1
28	1	0.0	1	1
29	1	0.0	1	1
30	1	0.0	1	1
31	2	0.0	1	2
32	1	0.0	1	1
33	1	0.0	1	1
37	3	0.0	1	2 1
47	3	0.0	1	0 3


=== Second read: Adapter 2 ===

Sequence: GGACTACNVGGGTWTCTAAT; Type: regular 5'; Length: 20; Trimmed: 649805 times

Minimum overlap: 3
No. of allowed errors:
1-9 bp: 0; 10-19 bp: 1

Overview of removed sequences
length	count	expect	max.err	error counts
3	4	10702.4	0	4
9	1	2.6	0	1
10	2	0.7	1	2
12	5	0.0	1	5
13	6	0.0	1	5 1
14	9	0.0	1	8 1
15	5	0.0	1	5
16	10	0.0	1	5 5
17	6	0.0	1	6
18	34	0.0	1	19 15
19	3612	0.0	1	431 3181
20	642312	0.0	1	621997 20315
21	1869	0.0	1	663 1206
22	143	0.0	1	123 20
23	1751	0.0	1	1676 75
24	7	0.0	1	3 4
25	4	0.0	1	4
26	3	0.0	1	3
27	3	0.0	1	3
28	1	0.0	1	1
29	4	0.0	1	4
30	1	0.0	1	1
31	1	0.0	1	1
32	6	0.0	1	5 1
34	1	0.0	1	0 1
35	1	0.0	1	1
38	4	0.0	1	4
Running cutadapt on: 2024_Both05_Hyp02_O21_gut_S37
This is cutadapt 5.2 with Python 3.13.15
Command line parameters: -j 6 -g GTGYCAGCMGCCGCGGTAA -G GGACTACNVGGGTWTCTAAT -o /scratch4/workspace/jade_fiorilla_student_uml_edu-rawseqorcc/trimmed-cutadapt-fastp/2024_Both05_Hyp02_O21_gut_S37_R1_trim.fastq -p /scratch4/workspace/jade_fiorilla_student_uml_edu-rawseqorcc/trimmed-cutadapt-fastp/2024_Both05_Hyp02_O21_gut_S37_R2_trim.fastq /scratch4/workspace/jade_fiorilla_student_uml_edu-rawseqorcc/trimmed-fastp/2024_Both05_Hyp02_O21_gut_S37_R1_trim.fastq.gz /scratch4/workspace/jade_fiorilla_student_uml_edu-rawseqorcc/trimmed-fastp/2024_Both05_Hyp02_O21_gut_S37_R2_trim.fastq.gz
Processing paired-end reads on 6 cores ...

=== Summary ===

Total read pairs processed:            711,542
  Read 1 with adapter:                 529,943 (74.5%)
  Read 2 with adapter:                 213,845 (30.1%)
Pairs written (passing filters):       711,542 (100.0%)

Total basepairs processed:   146,622,115 bp
  Read 1:    73,408,683 bp
  Read 2:    73,213,432 bp
Total written (filtered):    132,253,505 bp (90.2%)
  Read 1:    63,323,928 bp
  Read 2:    68,929,577 bp

=== First read: Adapter 1 ===

Sequence: GTGYCAGCMGCCGCGGTAA; Type: regular 5'; Length: 19; Trimmed: 529943 times

Minimum overlap: 3
No. of allowed errors:
1-9 bp: 0; 10-19 bp: 1

Overview of removed sequences
length	count	expect	max.err	error counts
3	8	11117.8	0	8
4	1	2779.5	0	1
10	2	0.7	1	2
12	26	0.0	1	9 17
13	3	0.0	1	2 1
14	2	0.0	1	0 2
15	3	0.0	1	3
16	18	0.0	1	5 13
17	43	0.0	1	10 33
18	872	0.0	1	121 751
19	518647	0.0	1	203077 315570
20	5613	0.0	1	3364 2249
21	3125	0.0	1	1992 1133
22	1540	0.0	1	1214 326
23	5	0.0	1	2 3
26	1	0.0	1	0 1
28	1	0.0	1	0 1
29	1	0.0	1	1
32	1	0.0	1	0 1
33	2	0.0	1	0 2
38	2	0.0	1	0 2
40	16	0.0	1	0 16
41	3	0.0	1	0 3
42	2	0.0	1	0 2
43	1	0.0	1	0 1
46	1	0.0	1	0 1
48	1	0.0	1	0 1
50	1	0.0	1	0 1
51	1	0.0	1	1
53	1	0.0	1	0 1


=== Second read: Adapter 2 ===

Sequence: GGACTACNVGGGTWTCTAAT; Type: regular 5'; Length: 20; Trimmed: 213845 times

Minimum overlap: 3
No. of allowed errors:
1-9 bp: 0; 10-19 bp: 1

Overview of removed sequences
length	count	expect	max.err	error counts
3	2	11117.8	0	2
5	1	694.9	0	1
11	2	0.2	1	2
13	1	0.0	1	0 1
14	5	0.0	1	1 4
15	1	0.0	1	0 1
16	1	0.0	1	0 1
17	10	0.0	1	9 1
18	11	0.0	1	9 2
19	908	0.0	1	113 795
20	207514	0.0	1	200698 6816
21	3533	0.0	1	3015 518
22	1147	0.0	1	1073 74
23	698	0.0	1	664 34
24	2	0.0	1	2
25	2	0.0	1	1 1
30	1	0.0	1	1
31	2	0.0	1	2
32	1	0.0	1	1
33	1	0.0	1	1
36	2	0.0	1	2
Running cutadapt on: 2024_Both05_Null_O36_gill_S270
This is cutadapt 5.2 with Python 3.13.15
Command line parameters: -j 6 -g GTGYCAGCMGCCGCGGTAA -G GGACTACNVGGGTWTCTAAT -o /scratch4/workspace/jade_fiorilla_student_uml_edu-rawseqorcc/trimmed-cutadapt-fastp/2024_Both05_Null_O36_gill_S270_R1_trim.fastq -p /scratch4/workspace/jade_fiorilla_student_uml_edu-rawseqorcc/trimmed-cutadapt-fastp/2024_Both05_Null_O36_gill_S270_R2_trim.fastq /scratch4/workspace/jade_fiorilla_student_uml_edu-rawseqorcc/trimmed-fastp/2024_Both05_Null_O36_gill_S270_R1_trim.fastq.gz /scratch4/workspace/jade_fiorilla_student_uml_edu-rawseqorcc/trimmed-fastp/2024_Both05_Null_O36_gill_S270_R2_trim.fastq.gz
Processing paired-end reads on 6 cores ...

=== Summary ===

Total read pairs processed:            670,458
  Read 1 with adapter:                 659,460 (98.4%)
  Read 2 with adapter:                 646,777 (96.5%)
Pairs written (passing filters):       670,458 (100.0%)

Total basepairs processed:   382,646,750 bp
  Read 1:   191,299,334 bp
  Read 2:   191,347,416 bp
Total written (filtered):    355,876,272 bp (93.0%)
  Read 1:   178,110,395 bp
  Read 2:   177,765,877 bp

=== First read: Adapter 1 ===

Sequence: GTGYCAGCMGCCGCGGTAA; Type: regular 5'; Length: 19; Trimmed: 659460 times

Minimum overlap: 3
No. of allowed errors:
1-9 bp: 0; 10-19 bp: 1

Overview of removed sequences
length	count	expect	max.err	error counts
9	4	2.6	0	4
11	1	0.2	1	0 1
12	25	0.0	1	25
13	5	0.0	1	5
14	8	0.0	1	3 5
15	6	0.0	1	4 2
16	20	0.0	1	19 1
17	17	0.0	1	9 8
18	86	0.0	1	47 39
19	2471	0.0	1	472 1999
20	654562	0.0	1	622777 31785
21	1923	0.0	1	628 1295
22	282	0.0	1	237 45
23	14	0.0	1	11 3
24	5	0.0	1	3 2
26	6	0.0	1	5 1
27	5	0.0	1	3 2
28	3	0.0	1	3
29	6	0.0	1	6
31	1	0.0	1	1
32	1	0.0	1	0 1
34	3	0.0	1	0 3
36	1	0.0	1	1
37	1	0.0	1	1
38	1	0.0	1	1
41	1	0.0	1	0 1
42	2	0.0	1	1 1


=== Second read: Adapter 2 ===

Sequence: GGACTACNVGGGTWTCTAAT; Type: regular 5'; Length: 20; Trimmed: 646777 times

Minimum overlap: 3
No. of allowed errors:
1-9 bp: 0; 10-19 bp: 1

Overview of removed sequences
length	count	expect	max.err	error counts
3	1	10475.9	0	1
9	1	2.6	0	1
10	7	0.6	1	7
11	1	0.2	1	1
12	4	0.0	1	3 1
13	5	0.0	1	5
14	4	0.0	1	4
16	1	0.0	1	1
17	10	0.0	1	8 2
18	14	0.0	1	12 2
19	56	0.0	1	36 20
20	2812	0.0	1	334 2478
21	641722	0.0	1	623172 18550
22	2002	0.0	1	697 1305
23	112	0.0	1	109 3
25	1	0.0	1	1
26	3	0.0	1	3
27	5	0.0	1	5
28	2	0.0	1	2
29	4	0.0	1	3 1
30	2	0.0	1	2
31	1	0.0	1	1
34	4	0.0	1	4
37	1	0.0	1	1
38	1	0.0	1	1
41	1	0.0	1	1
Running cutadapt on: 2024_Both05_Null_O36_gut_S73
This is cutadapt 5.2 with Python 3.13.15
Command line parameters: -j 6 -g GTGYCAGCMGCCGCGGTAA -G GGACTACNVGGGTWTCTAAT -o /scratch4/workspace/jade_fiorilla_student_uml_edu-rawseqorcc/trimmed-cutadapt-fastp/2024_Both05_Null_O36_gut_S73_R1_trim.fastq -p /scratch4/workspace/jade_fiorilla_student_uml_edu-rawseqorcc/trimmed-cutadapt-fastp/2024_Both05_Null_O36_gut_S73_R2_trim.fastq /scratch4/workspace/jade_fiorilla_student_uml_edu-rawseqorcc/trimmed-fastp/2024_Both05_Null_O36_gut_S73_R1_trim.fastq.gz /scratch4/workspace/jade_fiorilla_student_uml_edu-rawseqorcc/trimmed-fastp/2024_Both05_Null_O36_gut_S73_R2_trim.fastq.gz
Processing paired-end reads on 6 cores ...

=== Summary ===

Total read pairs processed:            887,643
  Read 1 with adapter:                 731,465 (82.4%)
  Read 2 with adapter:                 560,694 (63.2%)
Pairs written (passing filters):       887,643 (100.0%)

Total basepairs processed:   344,951,679 bp
  Read 1:   172,559,689 bp
  Read 2:   172,391,990 bp
Total written (filtered):    318,545,263 bp (92.3%)
  Read 1:   157,929,299 bp
  Read 2:   160,615,964 bp

=== First read: Adapter 1 ===

Sequence: GTGYCAGCMGCCGCGGTAA; Type: regular 5'; Length: 19; Trimmed: 731465 times

Minimum overlap: 3
No. of allowed errors:
1-9 bp: 0; 10-19 bp: 1

Overview of removed sequences
length	count	expect	max.err	error counts
3	7	13869.4	0	7
8	2	13.5	0	2
9	1	3.4	0	1
11	1	0.2	1	1
12	43	0.1	1	36 7
13	4	0.0	1	3 1
14	9	0.0	1	4 5
15	7	0.0	1	4 3
16	26	0.0	1	12 14
17	15	0.0	1	6 9
18	74	0.0	1	18 56
19	6203	0.0	1	2326 3877
20	718950	0.0	1	532599 186351
21	4661	0.0	1	2417 2244
22	1413	0.0	1	1260 153
23	7	0.0	1	3 4
24	1	0.0	1	0 1
25	1	0.0	1	1
26	3	0.0	1	2 1
27	1	0.0	1	1
28	4	0.0	1	3 1
29	1	0.0	1	1
30	1	0.0	1	0 1
31	3	0.0	1	3
32	1	0.0	1	1
33	2	0.0	1	2
34	1	0.0	1	1
36	3	0.0	1	0 3
37	1	0.0	1	0 1
38	1	0.0	1	1
39	2	0.0	1	2
40	4	0.0	1	1 3
41	4	0.0	1	4
46	1	0.0	1	1
50	2	0.0	1	2
53	5	0.0	1	0 5


=== Second read: Adapter 2 ===

Sequence: GGACTACNVGGGTWTCTAAT; Type: regular 5'; Length: 20; Trimmed: 560694 times

Minimum overlap: 3
No. of allowed errors:
1-9 bp: 0; 10-19 bp: 1

Overview of removed sequences
length	count	expect	max.err	error counts
3	4	13869.4	0	4
8	1	13.5	0	1
9	2	3.4	0	2
10	2	0.8	1	1 1
12	1	0.1	1	0 1
13	2	0.0	1	2
14	6	0.0	1	4 2
15	5	0.0	1	3 2
16	8	0.0	1	4 4
17	6	0.0	1	5 1
18	12	0.0	1	10 2
19	51	0.0	1	28 23
20	3662	0.0	1	1339 2323
21	552849	0.0	1	542568 10281
22	2697	0.0	1	1475 1222
23	1369	0.0	1	1297 72
24	5	0.0	1	4 1
25	2	0.0	1	2
26	1	0.0	1	1
27	6	0.0	1	2 4
28	1	0.0	1	1
36	1	0.0	1	1
44	1	0.0	1	1
Running cutadapt on: 2024_Both05_Warm03_O33_gill_S272
This is cutadapt 5.2 with Python 3.13.15
Command line parameters: -j 6 -g GTGYCAGCMGCCGCGGTAA -G GGACTACNVGGGTWTCTAAT -o /scratch4/workspace/jade_fiorilla_student_uml_edu-rawseqorcc/trimmed-cutadapt-fastp/2024_Both05_Warm03_O33_gill_S272_R1_trim.fastq -p /scratch4/workspace/jade_fiorilla_student_uml_edu-rawseqorcc/trimmed-cutadapt-fastp/2024_Both05_Warm03_O33_gill_S272_R2_trim.fastq /scratch4/workspace/jade_fiorilla_student_uml_edu-rawseqorcc/trimmed-fastp/2024_Both05_Warm03_O33_gill_S272_R1_trim.fastq.gz /scratch4/workspace/jade_fiorilla_student_uml_edu-rawseqorcc/trimmed-fastp/2024_Both05_Warm03_O33_gill_S272_R2_trim.fastq.gz
Processing paired-end reads on 6 cores ...

=== Summary ===

Total read pairs processed:            749,284
  Read 1 with adapter:                 714,480 (95.4%)
  Read 2 with adapter:                 690,985 (92.2%)
Pairs written (passing filters):       749,284 (100.0%)

Total basepairs processed:   405,254,436 bp
  Read 1:   202,633,163 bp
  Read 2:   202,621,273 bp
Total written (filtered):    376,455,191 bp (92.9%)
  Read 1:   188,343,942 bp
  Read 2:   188,111,249 bp

=== First read: Adapter 1 ===

Sequence: GTGYCAGCMGCCGCGGTAA; Type: regular 5'; Length: 19; Trimmed: 714480 times

Minimum overlap: 3
No. of allowed errors:
1-9 bp: 0; 10-19 bp: 1

Overview of removed sequences
length	count	expect	max.err	error counts
9	6	2.9	0	6
11	1	0.2	1	1
12	29	0.0	1	27 2
13	3	0.0	1	1 2
14	3	0.0	1	3
15	8	0.0	1	2 6
16	18	0.0	1	17 1
17	15	0.0	1	11 4
18	96	0.0	1	42 54
19	3760	0.0	1	1712 2048
20	707307	0.0	1	657858 49449
21	2860	0.0	1	1391 1469
22	329	0.0	1	286 43
23	5	0.0	1	5
24	3	0.0	1	2 1
25	1	0.0	1	1
27	2	0.0	1	2
28	1	0.0	1	1
29	5	0.0	1	3 2
30	2	0.0	1	2
31	3	0.0	1	2 1
32	2	0.0	1	2
33	1	0.0	1	1
34	3	0.0	1	3
35	3	0.0	1	3
36	2	0.0	1	1 1
37	2	0.0	1	1 1
38	2	0.0	1	2
39	2	0.0	1	2
42	3	0.0	1	0 3
43	1	0.0	1	1
45	1	0.0	1	0 1
48	1	0.0	1	0 1


=== Second read: Adapter 2 ===

Sequence: GGACTACNVGGGTWTCTAAT; Type: regular 5'; Length: 20; Trimmed: 690985 times

Minimum overlap: 3
No. of allowed errors:
1-9 bp: 0; 10-19 bp: 1

Overview of removed sequences
length	count	expect	max.err	error counts
3	1	11707.6	0	1
10	1	0.7	1	0 1
11	3	0.2	1	2 1
12	2	0.0	1	2
13	5	0.0	1	5
14	11	0.0	1	2 9
15	2	0.0	1	0 2
16	8	0.0	1	7 1
17	3	0.0	1	3
18	15	0.0	1	6 9
19	30	0.0	1	11 19
20	4043	0.0	1	1262 2781
21	683629	0.0	1	662172 21457
22	3072	0.0	1	1704 1368
23	127	0.0	1	111 16
24	2	0.0	1	1 1
25	5	0.0	1	5
28	2	0.0	1	2
29	1	0.0	1	1
30	1	0.0	1	1
31	2	0.0	1	1 1
32	2	0.0	1	2
33	1	0.0	1	0 1
34	4	0.0	1	4
35	2	0.0	1	2
36	1	0.0	1	1
37	2	0.0	1	2
39	1	0.0	1	1
40	1	0.0	1	1
43	2	0.0	1	2
44	1	0.0	1	1
46	1	0.0	1	1
47	2	0.0	1	2
Running cutadapt on: 2024_Both05_Warm03_O33_gut_S1
This is cutadapt 5.2 with Python 3.13.15
Command line parameters: -j 6 -g GTGYCAGCMGCCGCGGTAA -G GGACTACNVGGGTWTCTAAT -o /scratch4/workspace/jade_fiorilla_student_uml_edu-rawseqorcc/trimmed-cutadapt-fastp/2024_Both05_Warm03_O33_gut_S1_R1_trim.fastq -p /scratch4/workspace/jade_fiorilla_student_uml_edu-rawseqorcc/trimmed-cutadapt-fastp/2024_Both05_Warm03_O33_gut_S1_R2_trim.fastq /scratch4/workspace/jade_fiorilla_student_uml_edu-rawseqorcc/trimmed-fastp/2024_Both05_Warm03_O33_gut_S1_R1_trim.fastq.gz /scratch4/workspace/jade_fiorilla_student_uml_edu-rawseqorcc/trimmed-fastp/2024_Both05_Warm03_O33_gut_S1_R2_trim.fastq.gz
Processing paired-end reads on 6 cores ...

=== Summary ===

Total read pairs processed:            833,551
  Read 1 with adapter:                 730,326 (87.6%)
  Read 2 with adapter:                 725,179 (87.0%)
Pairs written (passing filters):       833,551 (100.0%)

Total basepairs processed:   426,698,855 bp
  Read 1:   213,377,661 bp
  Read 2:   213,321,194 bp
Total written (filtered):    394,060,050 bp (92.4%)
  Read 1:   197,375,180 bp
  Read 2:   196,684,870 bp

=== First read: Adapter 1 ===

Sequence: GTGYCAGCMGCCGCGGTAA; Type: regular 5'; Length: 19; Trimmed: 730326 times

Minimum overlap: 3
No. of allowed errors:
1-9 bp: 0; 10-19 bp: 1

Overview of removed sequences
length	count	expect	max.err	error counts
3	2329	13024.2	0	2329
4	4	3256.1	0	4
8	1	12.7	0	1
9	10	3.2	0	10
12	130	0.0	1	116 14
13	17	0.0	1	11 6
14	18	0.0	1	10 8
15	22	0.0	1	9 13
16	72	0.0	1	59 13
17	58	0.0	1	18 40
18	122	0.0	1	81 41
19	2710	0.0	1	1116 1594
20	2719	0.0	1	2224 495
21	5766	0.0	1	2633 3133
22	714648	0.0	1	659090 55558
23	1641	0.0	1	515 1126
24	12	0.0	1	11 1
25	9	0.0	1	6 3
26	6	0.0	1	6
27	1	0.0	1	1
28	4	0.0	1	4
29	11	0.0	1	11
30	3	0.0	1	3
31	1	0.0	1	1
35	1	0.0	1	0 1
36	2	0.0	1	1 1
37	2	0.0	1	1 1
38	2	0.0	1	2
39	1	0.0	1	1
43	2	0.0	1	2
47	1	0.0	1	1
51	1	0.0	1	1


=== Second read: Adapter 2 ===

Sequence: GGACTACNVGGGTWTCTAAT; Type: regular 5'; Length: 20; Trimmed: 725179 times

Minimum overlap: 3
No. of allowed errors:
1-9 bp: 0; 10-19 bp: 1

Overview of removed sequences
length	count	expect	max.err	error counts
3	1748	13024.2	0	1748
10	2	0.8	1	2
11	1	0.2	1	0 1
12	3	0.0	1	2 1
13	12	0.0	1	7 5
14	15	0.0	1	7 8
15	8	0.0	1	3 5
16	11	0.0	1	3 8
17	14	0.0	1	11 3
18	31	0.0	1	26 5
19	49	0.0	1	29 20
20	623	0.0	1	580 43
21	1280	0.0	1	1157 123
22	5043	0.0	1	1640 3403
23	714198	0.0	1	696649 17549
24	2095	0.0	1	709 1386
25	7	0.0	1	6 1
26	6	0.0	1	5 1
27	1	0.0	1	1
28	7	0.0	1	7
29	1	0.0	1	1
31	1	0.0	1	1
32	3	0.0	1	2 1
33	2	0.0	1	1 1
35	1	0.0	1	1
37	1	0.0	1	1
38	2	0.0	1	2
40	2	0.0	1	2
41	11	0.0	1	10 1
49	1	0.0	1	1
Running cutadapt on: 2024_Both06_Cont02_O24_gill_S216
This is cutadapt 5.2 with Python 3.13.15
Command line parameters: -j 6 -g GTGYCAGCMGCCGCGGTAA -G GGACTACNVGGGTWTCTAAT -o /scratch4/workspace/jade_fiorilla_student_uml_edu-rawseqorcc/trimmed-cutadapt-fastp/2024_Both06_Cont02_O24_gill_S216_R1_trim.fastq -p /scratch4/workspace/jade_fiorilla_student_uml_edu-rawseqorcc/trimmed-cutadapt-fastp/2024_Both06_Cont02_O24_gill_S216_R2_trim.fastq /scratch4/workspace/jade_fiorilla_student_uml_edu-rawseqorcc/trimmed-fastp/2024_Both06_Cont02_O24_gill_S216_R1_trim.fastq.gz /scratch4/workspace/jade_fiorilla_student_uml_edu-rawseqorcc/trimmed-fastp/2024_Both06_Cont02_O24_gill_S216_R2_trim.fastq.gz
Processing paired-end reads on 6 cores ...

=== Summary ===

Total read pairs processed:            448,492
  Read 1 with adapter:                 427,485 (95.3%)
  Read 2 with adapter:                 424,580 (94.7%)
Pairs written (passing filters):       448,492 (100.0%)

Total basepairs processed:   251,596,742 bp
  Read 1:   125,798,559 bp
  Read 2:   125,798,183 bp
Total written (filtered):    234,129,994 bp (93.1%)
  Read 1:   117,248,352 bp
  Read 2:   116,881,642 bp

=== First read: Adapter 1 ===

Sequence: GTGYCAGCMGCCGCGGTAA; Type: regular 5'; Length: 19; Trimmed: 427485 times

Minimum overlap: 3
No. of allowed errors:
1-9 bp: 0; 10-19 bp: 1

Overview of removed sequences
length	count	expect	max.err	error counts
11	2	0.1	1	2
12	15	0.0	1	15
13	2	0.0	1	1 1
15	2	0.0	1	1 1
16	8	0.0	1	8
17	4	0.0	1	2 2
18	48	0.0	1	28 20
19	2219	0.0	1	868 1351
20	422857	0.0	1	400128 22729
21	2086	0.0	1	1323 763
22	205	0.0	1	180 25
23	1	0.0	1	1
24	6	0.0	1	6
27	1	0.0	1	1
28	2	0.0	1	2
30	2	0.0	1	1 1
32	2	0.0	1	1 1
34	1	0.0	1	1
35	10	0.0	1	9 1
36	1	0.0	1	0 1
39	2	0.0	1	1 1
40	3	0.0	1	3
44	2	0.0	1	2
45	2	0.0	1	2
47	1	0.0	1	1
55	1	0.0	1	0 1


=== Second read: Adapter 2 ===

Sequence: GGACTACNVGGGTWTCTAAT; Type: regular 5'; Length: 20; Trimmed: 424580 times

Minimum overlap: 3
No. of allowed errors:
1-9 bp: 0; 10-19 bp: 1

Overview of removed sequences
length	count	expect	max.err	error counts
12	1	0.0	1	1
13	2	0.0	1	2
14	12	0.0	1	7 5
15	7	0.0	1	2 5
16	5	0.0	1	0 5
17	9	0.0	1	7 2
18	6	0.0	1	2 4
19	22	0.0	1	11 11
20	2234	0.0	1	501 1733
21	419617	0.0	1	357135 62482
22	2556	0.0	1	1664 892
23	93	0.0	1	85 8
24	2	0.0	1	1 1
25	1	0.0	1	1
26	1	0.0	1	1
27	2	0.0	1	1 1
28	2	0.0	1	2
29	4	0.0	1	2 2
32	2	0.0	1	2
34	1	0.0	1	1
40	1	0.0	1	1
Running cutadapt on: 2024_Both06_Cont02_O24_gut_S38
This is cutadapt 5.2 with Python 3.13.15
Command line parameters: -j 6 -g GTGYCAGCMGCCGCGGTAA -G GGACTACNVGGGTWTCTAAT -o /scratch4/workspace/jade_fiorilla_student_uml_edu-rawseqorcc/trimmed-cutadapt-fastp/2024_Both06_Cont02_O24_gut_S38_R1_trim.fastq -p /scratch4/workspace/jade_fiorilla_student_uml_edu-rawseqorcc/trimmed-cutadapt-fastp/2024_Both06_Cont02_O24_gut_S38_R2_trim.fastq /scratch4/workspace/jade_fiorilla_student_uml_edu-rawseqorcc/trimmed-fastp/2024_Both06_Cont02_O24_gut_S38_R1_trim.fastq.gz /scratch4/workspace/jade_fiorilla_student_uml_edu-rawseqorcc/trimmed-fastp/2024_Both06_Cont02_O24_gut_S38_R2_trim.fastq.gz
Processing paired-end reads on 6 cores ...

=== Summary ===

Total read pairs processed:            801,687
  Read 1 with adapter:                 675,044 (84.2%)
  Read 2 with adapter:                 430,553 (53.7%)
Pairs written (passing filters):       801,687 (100.0%)

Total basepairs processed:   268,572,410 bp
  Read 1:   134,361,932 bp
  Read 2:   134,210,478 bp
Total written (filtered):    247,115,315 bp (92.0%)
  Read 1:   121,522,255 bp
  Read 2:   125,593,060 bp

=== First read: Adapter 1 ===

Sequence: GTGYCAGCMGCCGCGGTAA; Type: regular 5'; Length: 19; Trimmed: 675044 times

Minimum overlap: 3
No. of allowed errors:
1-9 bp: 0; 10-19 bp: 1

Overview of removed sequences
length	count	expect	max.err	error counts
3	1	12526.4	0	1
9	4	3.1	0	4
10	1	0.8	1	1
11	1	0.2	1	1
12	32	0.0	1	25 7
13	7	0.0	1	2 5
14	3	0.0	1	3
15	7	0.0	1	2 5
16	24	0.0	1	16 8
17	62	0.0	1	34 28
18	1647	0.0	1	275 1372
19	662659	0.0	1	418096 244563
20	6677	0.0	1	4166 2511
21	2710	0.0	1	1515 1195
22	1179	0.0	1	908 271
23	3	0.0	1	1 2
27	2	0.0	1	0 2
28	2	0.0	1	0 2
30	1	0.0	1	0 1
31	2	0.0	1	1 1
32	9	0.0	1	0 9
35	2	0.0	1	2
37	3	0.0	1	1 2
40	2	0.0	1	1 1
42	2	0.0	1	0 2
46	1	0.0	1	0 1
52	1	0.0	1	0 1


=== Second read: Adapter 2 ===

Sequence: GGACTACNVGGGTWTCTAAT; Type: regular 5'; Length: 20; Trimmed: 430553 times

Minimum overlap: 3
No. of allowed errors:
1-9 bp: 0; 10-19 bp: 1

Overview of removed sequences
length	count	expect	max.err	error counts
3	2	12526.4	0	2
11	1	0.2	1	0 1
12	4	0.0	1	4
13	1	0.0	1	1
14	5	0.0	1	1 4
15	2	0.0	1	2
16	4	0.0	1	0 4
17	7	0.0	1	3 4
18	13	0.0	1	10 3
19	2038	0.0	1	283 1755
20	422288	0.0	1	413122 9166
21	4583	0.0	1	3613 970
22	979	0.0	1	895 84
23	615	0.0	1	581 34
24	1	0.0	1	0 1
26	2	0.0	1	2
39	2	0.0	1	2
40	1	0.0	1	1
42	1	0.0	1	1
44	1	0.0	1	1
45	3	0.0	1	3
Running cutadapt on: 2024_Both06_Hyp03_O35_gill_S258
This is cutadapt 5.2 with Python 3.13.15
Command line parameters: -j 6 -g GTGYCAGCMGCCGCGGTAA -G GGACTACNVGGGTWTCTAAT -o /scratch4/workspace/jade_fiorilla_student_uml_edu-rawseqorcc/trimmed-cutadapt-fastp/2024_Both06_Hyp03_O35_gill_S258_R1_trim.fastq -p /scratch4/workspace/jade_fiorilla_student_uml_edu-rawseqorcc/trimmed-cutadapt-fastp/2024_Both06_Hyp03_O35_gill_S258_R2_trim.fastq /scratch4/workspace/jade_fiorilla_student_uml_edu-rawseqorcc/trimmed-fastp/2024_Both06_Hyp03_O35_gill_S258_R1_trim.fastq.gz /scratch4/workspace/jade_fiorilla_student_uml_edu-rawseqorcc/trimmed-fastp/2024_Both06_Hyp03_O35_gill_S258_R2_trim.fastq.gz
Processing paired-end reads on 6 cores ...

=== Summary ===

Total read pairs processed:            632,799
  Read 1 with adapter:                 607,073 (95.9%)
  Read 2 with adapter:                 615,134 (97.2%)
Pairs written (passing filters):       632,799 (100.0%)

Total basepairs processed:   366,095,303 bp
  Read 1:   183,048,054 bp
  Read 2:   183,047,249 bp
Total written (filtered):    339,833,479 bp (92.8%)
  Read 1:   170,309,078 bp
  Read 2:   169,524,401 bp

=== First read: Adapter 1 ===

Sequence: GTGYCAGCMGCCGCGGTAA; Type: regular 5'; Length: 19; Trimmed: 607073 times

Minimum overlap: 3
No. of allowed errors:
1-9 bp: 0; 10-19 bp: 1

Overview of removed sequences
length	count	expect	max.err	error counts
3	4	9887.5	0	4
9	1	2.4	0	1
10	3	0.6	1	3
11	1	0.2	1	0 1
12	18	0.0	1	17 1
13	3	0.0	1	2 1
14	10	0.0	1	7 3
15	9	0.0	1	6 3
16	9	0.0	1	8 1
17	5	0.0	1	3 2
18	35	0.0	1	14 21
19	4175	0.0	1	4031 144
20	2404	0.0	1	721 1683
21	598792	0.0	1	567245 31547
22	1577	0.0	1	660 917
23	3	0.0	1	3
24	5	0.0	1	5
25	1	0.0	1	1
27	3	0.0	1	3
28	1	0.0	1	1
29	5	0.0	1	3 2
30	3	0.0	1	3
32	1	0.0	1	0 1
36	2	0.0	1	2
44	3	0.0	1	3


=== Second read: Adapter 2 ===

Sequence: GGACTACNVGGGTWTCTAAT; Type: regular 5'; Length: 20; Trimmed: 615134 times

Minimum overlap: 3
No. of allowed errors:
1-9 bp: 0; 10-19 bp: 1

Overview of removed sequences
length	count	expect	max.err	error counts
3	1	9887.5	0	1
9	1	2.4	0	1
10	2	0.6	1	1 1
11	1	0.2	1	1
12	8	0.0	1	3 5
13	3	0.0	1	3
14	9	0.0	1	3 6
15	11	0.0	1	1 10
16	10	0.0	1	6 4
17	10	0.0	1	5 5
18	33	0.0	1	30 3
19	49	0.0	1	29 20
20	3556	0.0	1	3410 146
21	4698	0.0	1	877 3821
22	604612	0.0	1	581146 23466
23	2102	0.0	1	1010 1092
24	7	0.0	1	3 4
27	3	0.0	1	3
28	1	0.0	1	1
30	1	0.0	1	1
32	1	0.0	1	1
35	1	0.0	1	1
36	7	0.0	1	7
39	2	0.0	1	2
44	2	0.0	1	2
48	3	0.0	1	0 3
Running cutadapt on: 2024_Both06_Hyp03_O35_gut_S266
This is cutadapt 5.2 with Python 3.13.15
Command line parameters: -j 6 -g GTGYCAGCMGCCGCGGTAA -G GGACTACNVGGGTWTCTAAT -o /scratch4/workspace/jade_fiorilla_student_uml_edu-rawseqorcc/trimmed-cutadapt-fastp/2024_Both06_Hyp03_O35_gut_S266_R1_trim.fastq -p /scratch4/workspace/jade_fiorilla_student_uml_edu-rawseqorcc/trimmed-cutadapt-fastp/2024_Both06_Hyp03_O35_gut_S266_R2_trim.fastq /scratch4/workspace/jade_fiorilla_student_uml_edu-rawseqorcc/trimmed-fastp/2024_Both06_Hyp03_O35_gut_S266_R1_trim.fastq.gz /scratch4/workspace/jade_fiorilla_student_uml_edu-rawseqorcc/trimmed-fastp/2024_Both06_Hyp03_O35_gut_S266_R2_trim.fastq.gz
Processing paired-end reads on 6 cores ...

=== Summary ===

Total read pairs processed:            796,267
  Read 1 with adapter:                 771,973 (96.9%)
  Read 2 with adapter:                 754,134 (94.7%)
Pairs written (passing filters):       796,267 (100.0%)

Total basepairs processed:   444,835,139 bp
  Read 1:   222,416,744 bp
  Read 2:   222,418,395 bp
Total written (filtered):    413,561,833 bp (93.0%)
  Read 1:   206,978,820 bp
  Read 2:   206,583,013 bp

=== First read: Adapter 1 ===

Sequence: GTGYCAGCMGCCGCGGTAA; Type: regular 5'; Length: 19; Trimmed: 771973 times

Minimum overlap: 3
No. of allowed errors:
1-9 bp: 0; 10-19 bp: 1

Overview of removed sequences
length	count	expect	max.err	error counts
9	2	3.0	0	2
11	1	0.2	1	1
12	29	0.0	1	27 2
13	9	0.0	1	5 4
14	10	0.0	1	7 3
15	5	0.0	1	2 3
16	19	0.0	1	15 4
17	21	0.0	1	8 13
18	93	0.0	1	40 53
19	3714	0.0	1	1430 2284
20	765563	0.0	1	724742 40821
21	2415	0.0	1	899 1516
22	50	0.0	1	42 8
23	8	0.0	1	8
24	2	0.0	1	2
25	4	0.0	1	3 1
26	1	0.0	1	1
27	3	0.0	1	3
28	3	0.0	1	3
29	6	0.0	1	5 1
31	2	0.0	1	2
32	3	0.0	1	0 3
33	2	0.0	1	2
34	1	0.0	1	1
36	1	0.0	1	1
38	2	0.0	1	2
40	1	0.0	1	1
44	3	0.0	1	2 1


=== Second read: Adapter 2 ===

Sequence: GGACTACNVGGGTWTCTAAT; Type: regular 5'; Length: 20; Trimmed: 754134 times

Minimum overlap: 3
No. of allowed errors:
1-9 bp: 0; 10-19 bp: 1

Overview of removed sequences
length	count	expect	max.err	error counts
3	6	12441.7	0	6
11	3	0.2	1	2 1
12	1	0.0	1	1
13	12	0.0	1	12
14	9	0.0	1	3 6
15	6	0.0	1	0 6
16	3	0.0	1	0 3
17	3	0.0	1	3
18	30	0.0	1	27 3
19	53	0.0	1	31 22
20	3615	0.0	1	560 3055
21	747969	0.0	1	724791 23178
22	2358	0.0	1	926 1432
23	30	0.0	1	25 5
25	1	0.0	1	1
26	6	0.0	1	6
27	1	0.0	1	1
28	6	0.0	1	6
29	1	0.0	1	0 1
30	6	0.0	1	6
31	5	0.0	1	5
32	4	0.0	1	4
34	1	0.0	1	1
35	1	0.0	1	1
36	2	0.0	1	1 1
38	1	0.0	1	1
39	1	0.0	1	1
Running cutadapt on: 2024_Both06_Hyp06_O72_gill_S193
This is cutadapt 5.2 with Python 3.13.15
Command line parameters: -j 6 -g GTGYCAGCMGCCGCGGTAA -G GGACTACNVGGGTWTCTAAT -o /scratch4/workspace/jade_fiorilla_student_uml_edu-rawseqorcc/trimmed-cutadapt-fastp/2024_Both06_Hyp06_O72_gill_S193_R1_trim.fastq -p /scratch4/workspace/jade_fiorilla_student_uml_edu-rawseqorcc/trimmed-cutadapt-fastp/2024_Both06_Hyp06_O72_gill_S193_R2_trim.fastq /scratch4/workspace/jade_fiorilla_student_uml_edu-rawseqorcc/trimmed-fastp/2024_Both06_Hyp06_O72_gill_S193_R1_trim.fastq.gz /scratch4/workspace/jade_fiorilla_student_uml_edu-rawseqorcc/trimmed-fastp/2024_Both06_Hyp06_O72_gill_S193_R2_trim.fastq.gz
Processing paired-end reads on 6 cores ...

=== Summary ===

Total read pairs processed:            910,279
  Read 1 with adapter:                 872,406 (95.8%)
  Read 2 with adapter:                 860,056 (94.5%)
Pairs written (passing filters):       910,279 (100.0%)

Total basepairs processed:   515,143,697 bp
  Read 1:   257,583,885 bp
  Read 2:   257,559,812 bp
Total written (filtered):    476,216,347 bp (92.4%)
  Read 1:   238,415,886 bp
  Read 2:   237,800,461 bp

=== First read: Adapter 1 ===

Sequence: GTGYCAGCMGCCGCGGTAA; Type: regular 5'; Length: 19; Trimmed: 872406 times

Minimum overlap: 3
No. of allowed errors:
1-9 bp: 0; 10-19 bp: 1

Overview of removed sequences
length	count	expect	max.err	error counts
3	804	14223.1	0	804
4	1	3555.8	0	1
9	7	3.5	0	7
11	9	0.2	1	8 1
12	177	0.1	1	169 8
13	23	0.0	1	18 5
14	20	0.0	1	5 15
15	26	0.0	1	10 16
16	54	0.0	1	42 12
17	72	0.0	1	38 34
18	147	0.0	1	114 33
19	623	0.0	1	546 77
20	989	0.0	1	740 249
21	4833	0.0	1	1863 2970
22	862452	0.0	1	819574 42878
23	2093	0.0	1	688 1405
24	11	0.0	1	9 2
25	4	0.0	1	4
26	7	0.0	1	3 4
27	4	0.0	1	4
28	1	0.0	1	1
29	6	0.0	1	6
30	7	0.0	1	7
31	5	0.0	1	3 2
32	1	0.0	1	1
33	4	0.0	1	3 1
34	4	0.0	1	3 1
35	2	0.0	1	2
36	4	0.0	1	3 1
38	6	0.0	1	5 1
39	5	0.0	1	4 1
41	1	0.0	1	1
49	2	0.0	1	2
52	2	0.0	1	2


=== Second read: Adapter 2 ===

Sequence: GGACTACNVGGGTWTCTAAT; Type: regular 5'; Length: 20; Trimmed: 860056 times

Minimum overlap: 3
No. of allowed errors:
1-9 bp: 0; 10-19 bp: 1

Overview of removed sequences
length	count	expect	max.err	error counts
3	785	14223.1	0	785
5	3	888.9	0	3
9	2	3.5	0	2
10	3	0.9	1	2 1
11	3	0.2	1	2 1
12	7	0.1	1	4 3
13	5	0.0	1	4 1
14	10	0.0	1	4 6
15	7	0.0	1	6 1
16	25	0.0	1	1 24
17	16	0.0	1	11 5
18	32	0.0	1	22 10
19	57	0.0	1	35 22
20	416	0.0	1	374 42
21	659	0.0	1	564 95
22	5410	0.0	1	1486 3924
23	850383	0.0	1	833707 16676
24	2166	0.0	1	827 1339
25	9	0.0	1	7 2
26	7	0.0	1	4 3
27	4	0.0	1	4
28	1	0.0	1	1
29	7	0.0	1	7
30	3	0.0	1	3
31	8	0.0	1	7 1
32	4	0.0	1	4
33	1	0.0	1	1
34	2	0.0	1	2
35	1	0.0	1	1
36	2	0.0	1	2
39	4	0.0	1	4
40	2	0.0	1	2
41	4	0.0	1	4
43	2	0.0	1	2
49	5	0.0	1	4 1
52	1	0.0	1	1
Running cutadapt on: 2024_Both06_Hyp06_O72_gut_S2
This is cutadapt 5.2 with Python 3.13.15
Command line parameters: -j 6 -g GTGYCAGCMGCCGCGGTAA -G GGACTACNVGGGTWTCTAAT -o /scratch4/workspace/jade_fiorilla_student_uml_edu-rawseqorcc/trimmed-cutadapt-fastp/2024_Both06_Hyp06_O72_gut_S2_R1_trim.fastq -p /scratch4/workspace/jade_fiorilla_student_uml_edu-rawseqorcc/trimmed-cutadapt-fastp/2024_Both06_Hyp06_O72_gut_S2_R2_trim.fastq /scratch4/workspace/jade_fiorilla_student_uml_edu-rawseqorcc/trimmed-fastp/2024_Both06_Hyp06_O72_gut_S2_R1_trim.fastq.gz /scratch4/workspace/jade_fiorilla_student_uml_edu-rawseqorcc/trimmed-fastp/2024_Both06_Hyp06_O72_gut_S2_R2_trim.fastq.gz
Processing paired-end reads on 6 cores ...

=== Summary ===

Total read pairs processed:          1,310,054
  Read 1 with adapter:               1,237,516 (94.5%)
  Read 2 with adapter:               1,197,631 (91.4%)
Pairs written (passing filters):     1,310,054 (100.0%)

Total basepairs processed:   718,596,235 bp
  Read 1:   359,328,820 bp
  Read 2:   359,267,415 bp
Total written (filtered):    663,929,939 bp (92.4%)
  Read 1:   332,161,385 bp
  Read 2:   331,768,554 bp

=== First read: Adapter 1 ===

Sequence: GTGYCAGCMGCCGCGGTAA; Type: regular 5'; Length: 19; Trimmed: 1237516 times

Minimum overlap: 3
No. of allowed errors:
1-9 bp: 0; 10-19 bp: 1

Overview of removed sequences
length	count	expect	max.err	error counts
3	1524	20469.6	0	1524
8	2	20.0	0	2
9	12	5.0	0	12
10	2	1.2	1	1 1
11	2	0.3	1	0 2
12	219	0.1	1	211 8
13	31	0.0	1	17 14
14	24	0.0	1	8 16
15	25	0.0	1	15 10
16	104	0.0	1	83 21
17	68	0.0	1	31 37
18	196	0.0	1	113 83
19	3938	0.0	1	1932 2006
20	3657	0.0	1	2887 770
21	8656	0.0	1	3961 4695
22	1216280	0.0	1	1154771 61509
23	2691	0.0	1	920 1771
24	7	0.0	1	7
25	8	0.0	1	8
26	9	0.0	1	9
27	5	0.0	1	4 1
28	1	0.0	1	1
29	3	0.0	1	3
30	7	0.0	1	7
31	5	0.0	1	5
32	6	0.0	1	5 1
33	1	0.0	1	1
34	3	0.0	1	0 3
35	8	0.0	1	8
36	6	0.0	1	4 2
37	3	0.0	1	3
38	2	0.0	1	1 1
39	1	0.0	1	1
40	1	0.0	1	1
47	1	0.0	1	1
51	1	0.0	1	1
52	1	0.0	1	1
60	6	0.0	1	5 1


=== Second read: Adapter 2 ===

Sequence: GGACTACNVGGGTWTCTAAT; Type: regular 5'; Length: 20; Trimmed: 1197631 times

Minimum overlap: 3
No. of allowed errors:
1-9 bp: 0; 10-19 bp: 1

Overview of removed sequences
length	count	expect	max.err	error counts
3	1755	20469.6	0	1755
5	3	1279.3	0	3
9	3	5.0	0	3
10	10	1.2	1	10
11	8	0.3	1	4 4
12	7	0.1	1	3 4
13	14	0.0	1	10 4
14	17	0.0	1	8 9
15	16	0.0	1	5 11
16	15	0.0	1	1 14
17	23	0.0	1	12 11
18	42	0.0	1	36 6
19	76	0.0	1	48 28
20	975	0.0	1	901 74
21	1543	0.0	1	1429 114
22	8128	0.0	1	2569 5559
23	1181807	0.0	1	1156940 24867
24	3095	0.0	1	1167 1928
25	12	0.0	1	11 1
26	8	0.0	1	8
27	4	0.0	1	4
28	3	0.0	1	2 1
29	4	0.0	1	4
30	5	0.0	1	5
31	7	0.0	1	6 1
32	4	0.0	1	4
33	1	0.0	1	1
34	2	0.0	1	0 2
35	3	0.0	1	3
36	6	0.0	1	6
37	3	0.0	1	3
39	3	0.0	1	1 2
40	12	0.0	1	11 1
41	1	0.0	1	1
43	1	0.0	1	1
44	3	0.0	1	3
45	4	0.0	1	4
48	7	0.0	1	7
58	1	0.0	1	1
Running cutadapt on: 2024_Both06_Null_O47_gill_S74
This is cutadapt 5.2 with Python 3.13.15
Command line parameters: -j 6 -g GTGYCAGCMGCCGCGGTAA -G GGACTACNVGGGTWTCTAAT -o /scratch4/workspace/jade_fiorilla_student_uml_edu-rawseqorcc/trimmed-cutadapt-fastp/2024_Both06_Null_O47_gill_S74_R1_trim.fastq -p /scratch4/workspace/jade_fiorilla_student_uml_edu-rawseqorcc/trimmed-cutadapt-fastp/2024_Both06_Null_O47_gill_S74_R2_trim.fastq /scratch4/workspace/jade_fiorilla_student_uml_edu-rawseqorcc/trimmed-fastp/2024_Both06_Null_O47_gill_S74_R1_trim.fastq.gz /scratch4/workspace/jade_fiorilla_student_uml_edu-rawseqorcc/trimmed-fastp/2024_Both06_Null_O47_gill_S74_R2_trim.fastq.gz
Processing paired-end reads on 6 cores ...

=== Summary ===

Total read pairs processed:            784,622
  Read 1 with adapter:                 585,121 (74.6%)
  Read 2 with adapter:                 449,183 (57.2%)
Pairs written (passing filters):       784,622 (100.0%)

Total basepairs processed:   276,922,225 bp
  Read 1:   138,553,792 bp
  Read 2:   138,368,433 bp
Total written (filtered):    255,781,121 bp (92.4%)
  Read 1:   126,847,904 bp
  Read 2:   128,933,217 bp

=== First read: Adapter 1 ===

Sequence: GTGYCAGCMGCCGCGGTAA; Type: regular 5'; Length: 19; Trimmed: 585121 times

Minimum overlap: 3
No. of allowed errors:
1-9 bp: 0; 10-19 bp: 1

Overview of removed sequences
length	count	expect	max.err	error counts
3	1	12259.7	0	1
10	1	0.7	1	1
11	3	0.2	1	1 2
12	28	0.0	1	20 8
13	3	0.0	1	1 2
14	2	0.0	1	0 2
15	5	0.0	1	3 2
16	15	0.0	1	12 3
17	15	0.0	1	3 12
18	73	0.0	1	33 40
19	3706	0.0	1	1037 2669
20	575581	0.0	1	392922 182659
21	4476	0.0	1	2774 1702
22	1148	0.0	1	1058 90
23	5	0.0	1	4 1
24	1	0.0	1	1
25	3	0.0	1	2 1
26	2	0.0	1	1 1
27	3	0.0	1	3
29	1	0.0	1	1
30	2	0.0	1	0 2
31	3	0.0	1	2 1
32	3	0.0	1	2 1
33	4	0.0	1	1 3
34	1	0.0	1	0 1
35	3	0.0	1	1 2
36	5	0.0	1	1 4
37	2	0.0	1	0 2
38	4	0.0	1	0 4
39	5	0.0	1	5
40	2	0.0	1	2
41	6	0.0	1	2 4
43	1	0.0	1	0 1
44	1	0.0	1	0 1
46	2	0.0	1	2
50	2	0.0	1	0 2
53	1	0.0	1	1
55	1	0.0	1	0 1
59	1	0.0	1	0 1


=== Second read: Adapter 2 ===

Sequence: GGACTACNVGGGTWTCTAAT; Type: regular 5'; Length: 20; Trimmed: 449183 times

Minimum overlap: 3
No. of allowed errors:
1-9 bp: 0; 10-19 bp: 1

Overview of removed sequences
length	count	expect	max.err	error counts
3	6	12259.7	0	6
10	2	0.7	1	1 1
11	3	0.2	1	3
12	4	0.0	1	3 1
13	4	0.0	1	4
14	4	0.0	1	1 3
15	5	0.0	1	2 3
16	3	0.0	1	3
17	7	0.0	1	5 2
18	7	0.0	1	3 4
19	39	0.0	1	21 18
20	2472	0.0	1	564 1908
21	442732	0.0	1	415862 26870
22	2647	0.0	1	1568 1079
23	1228	0.0	1	1178 50
24	8	0.0	1	3 5
25	1	0.0	1	1
26	1	0.0	1	1
27	2	0.0	1	2
29	1	0.0	1	0 1
30	1	0.0	1	1
38	4	0.0	1	3 1
41	2	0.0	1	2
Running cutadapt on: 2024_Both06_Null_O47_gut_S75
This is cutadapt 5.2 with Python 3.13.15
Command line parameters: -j 6 -g GTGYCAGCMGCCGCGGTAA -G GGACTACNVGGGTWTCTAAT -o /scratch4/workspace/jade_fiorilla_student_uml_edu-rawseqorcc/trimmed-cutadapt-fastp/2024_Both06_Null_O47_gut_S75_R1_trim.fastq -p /scratch4/workspace/jade_fiorilla_student_uml_edu-rawseqorcc/trimmed-cutadapt-fastp/2024_Both06_Null_O47_gut_S75_R2_trim.fastq /scratch4/workspace/jade_fiorilla_student_uml_edu-rawseqorcc/trimmed-fastp/2024_Both06_Null_O47_gut_S75_R1_trim.fastq.gz /scratch4/workspace/jade_fiorilla_student_uml_edu-rawseqorcc/trimmed-fastp/2024_Both06_Null_O47_gut_S75_R2_trim.fastq.gz
Processing paired-end reads on 6 cores ...

=== Summary ===

Total read pairs processed:            660,574
  Read 1 with adapter:                 590,868 (89.4%)
  Read 2 with adapter:                 524,865 (79.5%)
Pairs written (passing filters):       660,574 (100.0%)

Total basepairs processed:   315,163,123 bp
  Read 1:   157,610,694 bp
  Read 2:   157,552,429 bp
Total written (filtered):    292,317,844 bp (92.8%)
  Read 1:   145,789,850 bp
  Read 2:   146,527,994 bp

=== First read: Adapter 1 ===

Sequence: GTGYCAGCMGCCGCGGTAA; Type: regular 5'; Length: 19; Trimmed: 590868 times

Minimum overlap: 3
No. of allowed errors:
1-9 bp: 0; 10-19 bp: 1

Overview of removed sequences
length	count	expect	max.err	error counts
3	3	10321.5	0	3
9	1	2.5	0	1
10	3	0.6	1	3
11	1	0.2	1	1
12	38	0.0	1	35 3
14	4	0.0	1	4
15	5	0.0	1	3 2
16	14	0.0	1	10 4
17	20	0.0	1	11 9
18	65	0.0	1	31 34
19	3909	0.0	1	1664 2245
20	580464	0.0	1	502313 78151
21	4922	0.0	1	2831 2091
22	1379	0.0	1	1271 108
23	6	0.0	1	3 3
24	3	0.0	1	3
25	4	0.0	1	3 1
26	4	0.0	1	4
27	1	0.0	1	1
29	1	0.0	1	1
30	1	0.0	1	1
31	3	0.0	1	3
32	2	0.0	1	1 1
34	8	0.0	1	4 4
36	2	0.0	1	1 1
37	2	0.0	1	2
38	1	0.0	1	1
41	1	0.0	1	1
59	1	0.0	1	0 1


=== Second read: Adapter 2 ===

Sequence: GGACTACNVGGGTWTCTAAT; Type: regular 5'; Length: 20; Trimmed: 524865 times

Minimum overlap: 3
No. of allowed errors:
1-9 bp: 0; 10-19 bp: 1

Overview of removed sequences
length	count	expect	max.err	error counts
3	3	10321.5	0	3
11	5	0.2	1	4 1
12	1	0.0	1	1
13	2	0.0	1	2
14	1	0.0	1	0 1
15	3	0.0	1	3
16	10	0.0	1	5 5
17	11	0.0	1	7 4
18	14	0.0	1	13 1
19	41	0.0	1	22 19
20	3112	0.0	1	1103 2009
21	517567	0.0	1	509378 8189
22	2634	0.0	1	1631 1003
23	1424	0.0	1	1370 54
24	13	0.0	1	6 7
25	4	0.0	1	4
26	4	0.0	1	4
27	2	0.0	1	2
29	1	0.0	1	1
30	2	0.0	1	1 1
31	1	0.0	1	1
33	3	0.0	1	1 2
34	3	0.0	1	0 3
39	3	0.0	1	3
41	1	0.0	1	1
Running cutadapt on: 2024_Cont01_Cont04_W37_gill_S151
This is cutadapt 5.2 with Python 3.13.15
Command line parameters: -j 6 -g GTGYCAGCMGCCGCGGTAA -G GGACTACNVGGGTWTCTAAT -o /scratch4/workspace/jade_fiorilla_student_uml_edu-rawseqorcc/trimmed-cutadapt-fastp/2024_Cont01_Cont04_W37_gill_S151_R1_trim.fastq -p /scratch4/workspace/jade_fiorilla_student_uml_edu-rawseqorcc/trimmed-cutadapt-fastp/2024_Cont01_Cont04_W37_gill_S151_R2_trim.fastq /scratch4/workspace/jade_fiorilla_student_uml_edu-rawseqorcc/trimmed-fastp/2024_Cont01_Cont04_W37_gill_S151_R1_trim.fastq.gz /scratch4/workspace/jade_fiorilla_student_uml_edu-rawseqorcc/trimmed-fastp/2024_Cont01_Cont04_W37_gill_S151_R2_trim.fastq.gz
Processing paired-end reads on 6 cores ...

=== Summary ===

Total read pairs processed:          1,069,479
  Read 1 with adapter:                 916,910 (85.7%)
  Read 2 with adapter:                 812,118 (75.9%)
Pairs written (passing filters):     1,069,479 (100.0%)

Total basepairs processed:   488,218,642 bp
  Read 1:   244,158,920 bp
  Read 2:   244,059,722 bp
Total written (filtered):    451,119,062 bp (92.4%)
  Read 1:   224,915,870 bp
  Read 2:   226,203,192 bp

=== First read: Adapter 1 ===

Sequence: GTGYCAGCMGCCGCGGTAA; Type: regular 5'; Length: 19; Trimmed: 916910 times

Minimum overlap: 3
No. of allowed errors:
1-9 bp: 0; 10-19 bp: 1

Overview of removed sequences
length	count	expect	max.err	error counts
3	14	16710.6	0	14
8	1	16.3	0	1
10	3	1.0	1	3
11	2	0.3	1	1 1
12	45	0.1	1	41 4
13	3	0.0	1	1 2
14	6	0.0	1	6
15	4	0.0	1	0 4
16	22	0.0	1	13 9
17	14	0.0	1	5 9
18	62	0.0	1	30 32
19	3934	0.0	1	3126 808
20	6445	0.0	1	3519 2926
21	903541	0.0	1	755397 148144
22	2757	0.0	1	1278 1479
23	2	0.0	1	2
24	3	0.0	1	3
25	1	0.0	1	1
26	7	0.0	1	5 2
27	1	0.0	1	1
28	1	0.0	1	1
29	1	0.0	1	1
30	9	0.0	1	5 4
32	3	0.0	1	3
33	3	0.0	1	3
34	4	0.0	1	0 4
35	11	0.0	1	6 5
36	1	0.0	1	1
37	1	0.0	1	0 1
38	2	0.0	1	2
39	2	0.0	1	2
40	1	0.0	1	1
42	2	0.0	1	2
51	1	0.0	1	0 1
61	1	0.0	1	1


=== Second read: Adapter 2 ===

Sequence: GGACTACNVGGGTWTCTAAT; Type: regular 5'; Length: 20; Trimmed: 812118 times

Minimum overlap: 3
No. of allowed errors:
1-9 bp: 0; 10-19 bp: 1

Overview of removed sequences
length	count	expect	max.err	error counts
3	12	16710.6	0	12
9	2	4.1	0	2
10	5	1.0	1	5
12	12	0.1	1	9 3
13	11	0.0	1	10 1
14	18	0.0	1	8 10
15	12	0.0	1	2 10
16	11	0.0	1	7 4
17	20	0.0	1	11 9
18	22	0.0	1	17 5
19	59	0.0	1	32 27
20	1989	0.0	1	1861 128
21	7556	0.0	1	2081 5475
22	800060	0.0	1	773039 27021
23	2279	0.0	1	994 1285
24	8	0.0	1	6 2
25	6	0.0	1	6
26	5	0.0	1	3 2
27	3	0.0	1	3
28	3	0.0	1	3
29	7	0.0	1	4 3
30	3	0.0	1	0 3
31	5	0.0	1	5
32	1	0.0	1	1
33	3	0.0	1	2 1
39	1	0.0	1	0 1
41	1	0.0	1	1
44	1	0.0	1	1
47	3	0.0	1	3
Running cutadapt on: 2024_Cont01_Cont04_W37_gut_S224
This is cutadapt 5.2 with Python 3.13.15
Command line parameters: -j 6 -g GTGYCAGCMGCCGCGGTAA -G GGACTACNVGGGTWTCTAAT -o /scratch4/workspace/jade_fiorilla_student_uml_edu-rawseqorcc/trimmed-cutadapt-fastp/2024_Cont01_Cont04_W37_gut_S224_R1_trim.fastq -p /scratch4/workspace/jade_fiorilla_student_uml_edu-rawseqorcc/trimmed-cutadapt-fastp/2024_Cont01_Cont04_W37_gut_S224_R2_trim.fastq /scratch4/workspace/jade_fiorilla_student_uml_edu-rawseqorcc/trimmed-fastp/2024_Cont01_Cont04_W37_gut_S224_R1_trim.fastq.gz /scratch4/workspace/jade_fiorilla_student_uml_edu-rawseqorcc/trimmed-fastp/2024_Cont01_Cont04_W37_gut_S224_R2_trim.fastq.gz
Processing paired-end reads on 6 cores ...

=== Summary ===

Total read pairs processed:            829,851
  Read 1 with adapter:                 811,966 (97.8%)
  Read 2 with adapter:                 798,357 (96.2%)
Pairs written (passing filters):       829,851 (100.0%)

Total basepairs processed:   474,323,910 bp
  Read 1:   237,164,828 bp
  Read 2:   237,159,082 bp
Total written (filtered):    439,720,425 bp (92.7%)
  Read 1:   220,118,578 bp
  Read 2:   219,601,847 bp

=== First read: Adapter 1 ===

Sequence: GTGYCAGCMGCCGCGGTAA; Type: regular 5'; Length: 19; Trimmed: 811966 times

Minimum overlap: 3
No. of allowed errors:
1-9 bp: 0; 10-19 bp: 1

Overview of removed sequences
length	count	expect	max.err	error counts
3	6	12966.4	0	6
8	1	12.7	0	1
9	1	3.2	0	1
10	1	0.8	1	1
11	6	0.2	1	3 3
12	30	0.0	1	25 5
13	2	0.0	1	1 1
14	4	0.0	1	0 4
15	6	0.0	1	3 3
16	17	0.0	1	16 1
17	19	0.0	1	12 7
18	44	0.0	1	33 11
19	1389	0.0	1	1247 142
20	3901	0.0	1	1913 1988
21	804607	0.0	1	778264 26343
22	1877	0.0	1	835 1042
23	2	0.0	1	1 1
24	2	0.0	1	2
25	6	0.0	1	6
26	7	0.0	1	7
28	2	0.0	1	2
29	7	0.0	1	6 1
30	1	0.0	1	1
32	1	0.0	1	1
33	4	0.0	1	3 1
34	2	0.0	1	2
35	2	0.0	1	2
36	7	0.0	1	6 1
37	1	0.0	1	1
38	5	0.0	1	5
40	1	0.0	1	1
41	2	0.0	1	2
46	1	0.0	1	1
52	2	0.0	1	2


=== Second read: Adapter 2 ===

Sequence: GGACTACNVGGGTWTCTAAT; Type: regular 5'; Length: 20; Trimmed: 798357 times

Minimum overlap: 3
No. of allowed errors:
1-9 bp: 0; 10-19 bp: 1

Overview of removed sequences
length	count	expect	max.err	error counts
3	3	12966.4	0	3
4	1	3241.6	0	1
9	1	3.2	0	1
10	1	0.8	1	0 1
11	3	0.2	1	1 2
12	6	0.0	1	3 3
13	12	0.0	1	12
14	16	0.0	1	4 12
15	11	0.0	1	3 8
16	14	0.0	1	5 9
17	30	0.0	1	14 16
18	20	0.0	1	14 6
19	42	0.0	1	34 8
20	817	0.0	1	748 69
21	6272	0.0	1	2268 4004
22	789119	0.0	1	777374 11745
23	1962	0.0	1	870 1092
25	3	0.0	1	3
26	3	0.0	1	3
27	3	0.0	1	3
28	1	0.0	1	1
29	2	0.0	1	2
30	2	0.0	1	2
32	3	0.0	1	3
33	4	0.0	1	4
35	1	0.0	1	1
37	1	0.0	1	1
40	1	0.0	1	1
48	2	0.0	1	2
49	1	0.0	1	1
Running cutadapt on: 2024_Cont01_Hyp02_W13_gill_S255
This is cutadapt 5.2 with Python 3.13.15
Command line parameters: -j 6 -g GTGYCAGCMGCCGCGGTAA -G GGACTACNVGGGTWTCTAAT -o /scratch4/workspace/jade_fiorilla_student_uml_edu-rawseqorcc/trimmed-cutadapt-fastp/2024_Cont01_Hyp02_W13_gill_S255_R1_trim.fastq -p /scratch4/workspace/jade_fiorilla_student_uml_edu-rawseqorcc/trimmed-cutadapt-fastp/2024_Cont01_Hyp02_W13_gill_S255_R2_trim.fastq /scratch4/workspace/jade_fiorilla_student_uml_edu-rawseqorcc/trimmed-fastp/2024_Cont01_Hyp02_W13_gill_S255_R1_trim.fastq.gz /scratch4/workspace/jade_fiorilla_student_uml_edu-rawseqorcc/trimmed-fastp/2024_Cont01_Hyp02_W13_gill_S255_R2_trim.fastq.gz
Processing paired-end reads on 6 cores ...

=== Summary ===

Total read pairs processed:            662,580
  Read 1 with adapter:                 656,433 (99.1%)
  Read 2 with adapter:                 658,695 (99.4%)
Pairs written (passing filters):       662,580 (100.0%)

Total basepairs processed:   393,332,618 bp
  Read 1:   196,667,065 bp
  Read 2:   196,665,553 bp
Total written (filtered):    363,759,563 bp (92.5%)
  Read 1:   182,236,723 bp
  Read 2:   181,522,840 bp

=== First read: Adapter 1 ===

Sequence: GTGYCAGCMGCCGCGGTAA; Type: regular 5'; Length: 19; Trimmed: 656433 times

Minimum overlap: 3
No. of allowed errors:
1-9 bp: 0; 10-19 bp: 1

Overview of removed sequences
length	count	expect	max.err	error counts
3	155	10352.8	0	155
4	1	2588.2	0	1
9	4	2.5	0	4
10	3	0.6	1	0 3
11	3	0.2	1	2 1
12	123	0.0	1	119 4
13	19	0.0	1	14 5
14	19	0.0	1	9 10
15	15	0.0	1	10 5
16	69	0.0	1	48 21
17	49	0.0	1	23 26
18	90	0.0	1	65 25
19	690	0.0	1	605 85
20	560	0.0	1	399 161
21	4231	0.0	1	1650 2581
22	648828	0.0	1	628704 20124
23	1523	0.0	1	578 945
24	12	0.0	1	12
25	4	0.0	1	4
26	5	0.0	1	2 3
27	3	0.0	1	3
28	2	0.0	1	2
29	3	0.0	1	3
31	3	0.0	1	3
32	4	0.0	1	4
34	1	0.0	1	1
36	5	0.0	1	3 2
38	1	0.0	1	1
39	3	0.0	1	3
45	1	0.0	1	1
49	1	0.0	1	1
57	3	0.0	1	3


=== Second read: Adapter 2 ===

Sequence: GGACTACNVGGGTWTCTAAT; Type: regular 5'; Length: 20; Trimmed: 658695 times

Minimum overlap: 3
No. of allowed errors:
1-9 bp: 0; 10-19 bp: 1

Overview of removed sequences
length	count	expect	max.err	error counts
3	50	10352.8	0	50
5	1	647.1	0	1
9	3	2.5	0	3
10	6	0.6	1	5 1
11	1	0.2	1	0 1
12	1	0.0	1	1
13	4	0.0	1	2 2
14	18	0.0	1	10 8
15	9	0.0	1	3 6
16	14	0.0	1	1 13
17	14	0.0	1	9 5
18	27	0.0	1	21 6
19	47	0.0	1	26 21
20	595	0.0	1	579 16
21	246	0.0	1	199 47
22	5384	0.0	1	1746 3638
23	650401	0.0	1	633315 17086
24	1824	0.0	1	667 1157
25	9	0.0	1	6 3
26	6	0.0	1	4 2
27	6	0.0	1	6
28	4	0.0	1	2 2
29	2	0.0	1	2
30	1	0.0	1	1
31	2	0.0	1	2
32	1	0.0	1	1
33	1	0.0	1	1
35	4	0.0	1	1 3
36	1	0.0	1	1
41	2	0.0	1	2
42	3	0.0	1	3
44	1	0.0	1	1
45	1	0.0	1	1
52	6	0.0	1	6
Running cutadapt on: 2024_Cont01_Hyp02_W13_gut_S60
This is cutadapt 5.2 with Python 3.13.15
Command line parameters: -j 6 -g GTGYCAGCMGCCGCGGTAA -G GGACTACNVGGGTWTCTAAT -o /scratch4/workspace/jade_fiorilla_student_uml_edu-rawseqorcc/trimmed-cutadapt-fastp/2024_Cont01_Hyp02_W13_gut_S60_R1_trim.fastq -p /scratch4/workspace/jade_fiorilla_student_uml_edu-rawseqorcc/trimmed-cutadapt-fastp/2024_Cont01_Hyp02_W13_gut_S60_R2_trim.fastq /scratch4/workspace/jade_fiorilla_student_uml_edu-rawseqorcc/trimmed-fastp/2024_Cont01_Hyp02_W13_gut_S60_R1_trim.fastq.gz /scratch4/workspace/jade_fiorilla_student_uml_edu-rawseqorcc/trimmed-fastp/2024_Cont01_Hyp02_W13_gut_S60_R2_trim.fastq.gz
Processing paired-end reads on 6 cores ...

=== Summary ===

Total read pairs processed:            960,103
  Read 1 with adapter:                 797,572 (83.1%)
  Read 2 with adapter:                 649,854 (67.7%)
Pairs written (passing filters):       960,103 (100.0%)

Total basepairs processed:   396,227,234 bp
  Read 1:   198,213,403 bp
  Read 2:   198,013,831 bp
Total written (filtered):    365,190,201 bp (92.2%)
  Read 1:   181,470,648 bp
  Read 2:   183,719,553 bp

=== First read: Adapter 1 ===

Sequence: GTGYCAGCMGCCGCGGTAA; Type: regular 5'; Length: 19; Trimmed: 797572 times

Minimum overlap: 3
No. of allowed errors:
1-9 bp: 0; 10-19 bp: 1

Overview of removed sequences
length	count	expect	max.err	error counts
3	26	15001.6	0	26
9	3	3.7	0	3
12	24	0.1	1	20 4
13	2	0.0	1	1 1
15	9	0.0	1	8 1
16	16	0.0	1	13 3
17	8	0.0	1	6 2
18	44	0.0	1	26 18
19	2770	0.0	1	1494 1276
20	6283	0.0	1	3194 3089
21	782524	0.0	1	603329 179195
22	5783	0.0	1	4257 1526
23	15	0.0	1	6 9
24	5	0.0	1	4 1
25	7	0.0	1	5 2
26	1	0.0	1	0 1
27	3	0.0	1	1 2
28	7	0.0	1	7
29	1	0.0	1	0 1
30	1	0.0	1	0 1
31	2	0.0	1	1 1
32	6	0.0	1	0 6
33	2	0.0	1	2
34	8	0.0	1	2 6
35	3	0.0	1	1 2
36	4	0.0	1	2 2
38	2	0.0	1	2
39	1	0.0	1	1
41	1	0.0	1	0 1
42	3	0.0	1	2 1
44	2	0.0	1	0 2
45	3	0.0	1	3
48	1	0.0	1	0 1
50	1	0.0	1	0 1
51	1	0.0	1	0 1


=== Second read: Adapter 2 ===

Sequence: GGACTACNVGGGTWTCTAAT; Type: regular 5'; Length: 20; Trimmed: 649854 times

Minimum overlap: 3
No. of allowed errors:
1-9 bp: 0; 10-19 bp: 1

Overview of removed sequences
length	count	expect	max.err	error counts
3	16	15001.6	0	16
10	4	0.9	1	3 1
12	4	0.1	1	3 1
13	8	0.0	1	7 1
14	12	0.0	1	8 4
15	19	0.0	1	12 7
16	12	0.0	1	4 8
17	8	0.0	1	3 5
18	14	0.0	1	9 5
19	50	0.0	1	36 14
20	1109	0.0	1	1018 91
21	5220	0.0	1	2083 3137
22	637663	0.0	1	619138 18525
23	5660	0.0	1	4520 1140
24	29	0.0	1	16 13
25	3	0.0	1	3
26	6	0.0	1	5 1
27	2	0.0	1	2
28	4	0.0	1	4
29	1	0.0	1	1
30	1	0.0	1	1
32	2	0.0	1	2
33	1	0.0	1	1
36	1	0.0	1	1
40	2	0.0	1	2
41	2	0.0	1	2
42	1	0.0	1	1
Running cutadapt on: 2024_Cont01_Hyp06_W62_gill_S194
This is cutadapt 5.2 with Python 3.13.15
Command line parameters: -j 6 -g GTGYCAGCMGCCGCGGTAA -G GGACTACNVGGGTWTCTAAT -o /scratch4/workspace/jade_fiorilla_student_uml_edu-rawseqorcc/trimmed-cutadapt-fastp/2024_Cont01_Hyp06_W62_gill_S194_R1_trim.fastq -p /scratch4/workspace/jade_fiorilla_student_uml_edu-rawseqorcc/trimmed-cutadapt-fastp/2024_Cont01_Hyp06_W62_gill_S194_R2_trim.fastq /scratch4/workspace/jade_fiorilla_student_uml_edu-rawseqorcc/trimmed-fastp/2024_Cont01_Hyp06_W62_gill_S194_R1_trim.fastq.gz /scratch4/workspace/jade_fiorilla_student_uml_edu-rawseqorcc/trimmed-fastp/2024_Cont01_Hyp06_W62_gill_S194_R2_trim.fastq.gz
Processing paired-end reads on 6 cores ...

=== Summary ===

Total read pairs processed:            101,051
  Read 1 with adapter:                  88,125 (87.2%)
  Read 2 with adapter:                  81,979 (81.1%)
Pairs written (passing filters):       101,051 (100.0%)

Total basepairs processed:    49,279,883 bp
  Read 1:    24,646,766 bp
  Read 2:    24,633,117 bp
Total written (filtered):     45,487,431 bp (92.3%)
  Read 1:    22,725,372 bp
  Read 2:    22,762,059 bp

=== First read: Adapter 1 ===

Sequence: GTGYCAGCMGCCGCGGTAA; Type: regular 5'; Length: 19; Trimmed: 88125 times

Minimum overlap: 3
No. of allowed errors:
1-9 bp: 0; 10-19 bp: 1

Overview of removed sequences
length	count	expect	max.err	error counts
3	265	1578.9	0	265
10	1	0.1	1	1
11	4	0.0	1	3 1
12	22	0.0	1	20 2
13	3	0.0	1	3
15	8	0.0	1	5 3
16	8	0.0	1	4 4
17	8	0.0	1	4 4
18	18	0.0	1	9 9
19	3088	0.0	1	2974 114
20	881	0.0	1	772 109
21	1096	0.0	1	690 406
22	82524	0.0	1	71228 11296
23	189	0.0	1	65 124
28	2	0.0	1	2
32	1	0.0	1	1
34	1	0.0	1	0 1
37	2	0.0	1	2
38	1	0.0	1	0 1
39	3	0.0	1	1 2


=== Second read: Adapter 2 ===

Sequence: GGACTACNVGGGTWTCTAAT; Type: regular 5'; Length: 20; Trimmed: 81979 times

Minimum overlap: 3
No. of allowed errors:
1-9 bp: 0; 10-19 bp: 1

Overview of removed sequences
length	count	expect	max.err	error counts
3	347	1578.9	0	347
16	1	0.0	1	0 1
17	1	0.0	1	0 1
18	2	0.0	1	1 1
19	11	0.0	1	3 8
20	1801	0.0	1	1728 73
21	737	0.0	1	687 50
22	898	0.0	1	429 469
23	77885	0.0	1	75624 2261
24	290	0.0	1	65 225
25	3	0.0	1	3
29	1	0.0	1	1
33	1	0.0	1	1
34	1	0.0	1	0 1
Running cutadapt on: 2024_Cont01_Hyp06_W62_gut_S195
This is cutadapt 5.2 with Python 3.13.15
Command line parameters: -j 6 -g GTGYCAGCMGCCGCGGTAA -G GGACTACNVGGGTWTCTAAT -o /scratch4/workspace/jade_fiorilla_student_uml_edu-rawseqorcc/trimmed-cutadapt-fastp/2024_Cont01_Hyp06_W62_gut_S195_R1_trim.fastq -p /scratch4/workspace/jade_fiorilla_student_uml_edu-rawseqorcc/trimmed-cutadapt-fastp/2024_Cont01_Hyp06_W62_gut_S195_R2_trim.fastq /scratch4/workspace/jade_fiorilla_student_uml_edu-rawseqorcc/trimmed-fastp/2024_Cont01_Hyp06_W62_gut_S195_R1_trim.fastq.gz /scratch4/workspace/jade_fiorilla_student_uml_edu-rawseqorcc/trimmed-fastp/2024_Cont01_Hyp06_W62_gut_S195_R2_trim.fastq.gz
Processing paired-end reads on 6 cores ...

=== Summary ===

Total read pairs processed:            904,450
  Read 1 with adapter:                 881,071 (97.4%)
  Read 2 with adapter:                 869,016 (96.1%)
Pairs written (passing filters):       904,450 (100.0%)

Total basepairs processed:   521,704,658 bp
  Read 1:   260,859,514 bp
  Read 2:   260,845,144 bp
Total written (filtered):    482,376,869 bp (92.5%)
  Read 1:   241,498,355 bp
  Read 2:   240,878,514 bp

=== First read: Adapter 1 ===

Sequence: GTGYCAGCMGCCGCGGTAA; Type: regular 5'; Length: 19; Trimmed: 881071 times

Minimum overlap: 3
No. of allowed errors:
1-9 bp: 0; 10-19 bp: 1

Overview of removed sequences
length	count	expect	max.err	error counts
3	534	14132.0	0	534
9	6	3.5	0	6
10	1	0.9	1	0 1
11	8	0.2	1	7 1
12	176	0.1	1	171 5
13	19	0.0	1	10 9
14	13	0.0	1	8 5
15	20	0.0	1	7 13
16	92	0.0	1	74 18
17	62	0.0	1	37 25
18	148	0.0	1	89 59
19	1556	0.0	1	1422 134
20	424	0.0	1	278 146
21	5621	0.0	1	2375 3246
22	870356	0.0	1	842553 27803
23	1945	0.0	1	672 1273
24	8	0.0	1	8
25	17	0.0	1	15 2
26	12	0.0	1	12
27	2	0.0	1	2
28	7	0.0	1	7
29	7	0.0	1	6 1
30	2	0.0	1	1 1
31	5	0.0	1	5
33	4	0.0	1	4
34	1	0.0	1	1
35	1	0.0	1	1
36	5	0.0	1	1 4
37	3	0.0	1	3
38	11	0.0	1	10 1
40	1	0.0	1	1
42	1	0.0	1	0 1
43	1	0.0	1	1
45	2	0.0	1	2


=== Second read: Adapter 2 ===

Sequence: GGACTACNVGGGTWTCTAAT; Type: regular 5'; Length: 20; Trimmed: 869016 times

Minimum overlap: 3
No. of allowed errors:
1-9 bp: 0; 10-19 bp: 1

Overview of removed sequences
length	count	expect	max.err	error counts
3	615	14132.0	0	615
5	1	883.3	0	1
9	1	3.5	0	1
10	1	0.9	1	1
11	1	0.2	1	1
12	2	0.1	1	2
13	12	0.0	1	6 6
14	11	0.0	1	5 6
15	10	0.0	1	3 7
16	10	0.0	1	1 9
17	26	0.0	1	18 8
18	42	0.0	1	34 8
19	50	0.0	1	37 13
20	1130	0.0	1	1075 55
21	357	0.0	1	281 76
22	5953	0.0	1	1696 4257
23	858380	0.0	1	835886 22494
24	2384	0.0	1	860 1524
25	3	0.0	1	2 1
26	1	0.0	1	1
27	3	0.0	1	3
28	7	0.0	1	7
30	2	0.0	1	2
31	1	0.0	1	1
32	1	0.0	1	1
33	2	0.0	1	2
34	6	0.0	1	6
39	1	0.0	1	1
42	1	0.0	1	1
43	1	0.0	1	1
44	1	0.0	1	1
Running cutadapt on: 2024_Cont01_Null_W01_gill_S191
This is cutadapt 5.2 with Python 3.13.15
Command line parameters: -j 6 -g GTGYCAGCMGCCGCGGTAA -G GGACTACNVGGGTWTCTAAT -o /scratch4/workspace/jade_fiorilla_student_uml_edu-rawseqorcc/trimmed-cutadapt-fastp/2024_Cont01_Null_W01_gill_S191_R1_trim.fastq -p /scratch4/workspace/jade_fiorilla_student_uml_edu-rawseqorcc/trimmed-cutadapt-fastp/2024_Cont01_Null_W01_gill_S191_R2_trim.fastq /scratch4/workspace/jade_fiorilla_student_uml_edu-rawseqorcc/trimmed-fastp/2024_Cont01_Null_W01_gill_S191_R1_trim.fastq.gz /scratch4/workspace/jade_fiorilla_student_uml_edu-rawseqorcc/trimmed-fastp/2024_Cont01_Null_W01_gill_S191_R2_trim.fastq.gz
Processing paired-end reads on 6 cores ...

=== Summary ===

Total read pairs processed:          1,136,884
  Read 1 with adapter:                 639,460 (56.2%)
  Read 2 with adapter:                 872,294 (76.7%)
Pairs written (passing filters):     1,136,884 (100.0%)

Total basepairs processed:   494,234,323 bp
  Read 1:   247,148,389 bp
  Read 2:   247,085,934 bp
Total written (filtered):    460,426,515 bp (93.2%)
  Read 1:   233,301,796 bp
  Read 2:   227,124,719 bp

=== First read: Adapter 1 ===

Sequence: GTGYCAGCMGCCGCGGTAA; Type: regular 5'; Length: 19; Trimmed: 639460 times

Minimum overlap: 3
No. of allowed errors:
1-9 bp: 0; 10-19 bp: 1

Overview of removed sequences
length	count	expect	max.err	error counts
3	11212	17763.8	0	11212
4	13	4441.0	0	13
9	5	4.3	0	5
10	2	1.1	1	1 1
11	4	0.3	1	4
12	118	0.1	1	92 26
13	14	0.0	1	6 8
14	3	0.0	1	1 2
15	12	0.0	1	7 5
16	49	0.0	1	31 18
17	47	0.0	1	22 25
18	99	0.0	1	68 31
19	715	0.0	1	632 83
20	1263	0.0	1	955 308
21	3253	0.0	1	1188 2065
22	621332	0.0	1	474735 146597
23	1257	0.0	1	386 871
24	9	0.0	1	7 2
25	6	0.0	1	4 2
26	8	0.0	1	6 2
27	5	0.0	1	5
28	1	0.0	1	1
29	1	0.0	1	0 1
31	1	0.0	1	0 1
32	2	0.0	1	2
33	1	0.0	1	0 1
34	1	0.0	1	0 1
35	1	0.0	1	1
36	10	0.0	1	0 10
37	1	0.0	1	1
38	1	0.0	1	1
39	3	0.0	1	3
40	1	0.0	1	1
41	2	0.0	1	2
45	1	0.0	1	1
46	1	0.0	1	0 1
48	3	0.0	1	2 1
61	2	0.0	1	0 2
244	1	0.0	1	0 1


=== Second read: Adapter 2 ===

Sequence: GGACTACNVGGGTWTCTAAT; Type: regular 5'; Length: 20; Trimmed: 872294 times

Minimum overlap: 3
No. of allowed errors:
1-9 bp: 0; 10-19 bp: 1

Overview of removed sequences
length	count	expect	max.err	error counts
3	4672	17763.8	0	4672
4	3	4441.0	0	3
10	3	1.1	1	2 1
11	7	0.3	1	7
12	7	0.1	1	3 4
13	6	0.0	1	4 2
14	19	0.0	1	4 15
15	12	0.0	1	2 10
16	14	0.0	1	7 7
17	38	0.0	1	32 6
18	29	0.0	1	19 10
19	60	0.0	1	46 14
20	516	0.0	1	479 37
21	848	0.0	1	738 110
22	6985	0.0	1	1426 5559
23	856288	0.0	1	830700 25588
24	2729	0.0	1	881 1848
25	5	0.0	1	2 3
26	6	0.0	1	6
27	2	0.0	1	2
29	4	0.0	1	3 1
30	1	0.0	1	1
32	5	0.0	1	5
33	1	0.0	1	1
34	1	0.0	1	1
35	2	0.0	1	2
36	2	0.0	1	0 2
37	2	0.0	1	2
38	2	0.0	1	2
39	5	0.0	1	3 2
40	9	0.0	1	6 3
41	4	0.0	1	4
42	4	0.0	1	4
43	1	0.0	1	1
45	1	0.0	1	1
47	1	0.0	1	1
Running cutadapt on: 2024_Cont01_Null_W01_gut_S81
This is cutadapt 5.2 with Python 3.13.15
Command line parameters: -j 6 -g GTGYCAGCMGCCGCGGTAA -G GGACTACNVGGGTWTCTAAT -o /scratch4/workspace/jade_fiorilla_student_uml_edu-rawseqorcc/trimmed-cutadapt-fastp/2024_Cont01_Null_W01_gut_S81_R1_trim.fastq -p /scratch4/workspace/jade_fiorilla_student_uml_edu-rawseqorcc/trimmed-cutadapt-fastp/2024_Cont01_Null_W01_gut_S81_R2_trim.fastq /scratch4/workspace/jade_fiorilla_student_uml_edu-rawseqorcc/trimmed-fastp/2024_Cont01_Null_W01_gut_S81_R1_trim.fastq.gz /scratch4/workspace/jade_fiorilla_student_uml_edu-rawseqorcc/trimmed-fastp/2024_Cont01_Null_W01_gut_S81_R2_trim.fastq.gz
Processing paired-end reads on 6 cores ...

=== Summary ===

Total read pairs processed:          1,269,281
  Read 1 with adapter:                 847,109 (66.7%)
  Read 2 with adapter:                 439,103 (34.6%)
Pairs written (passing filters):     1,269,281 (100.0%)

Total basepairs processed:   294,179,797 bp
  Read 1:   147,362,066 bp
  Read 2:   146,817,731 bp
Total written (filtered):    266,755,292 bp (90.7%)
  Read 1:   129,588,315 bp
  Read 2:   137,166,977 bp

=== First read: Adapter 1 ===

Sequence: GTGYCAGCMGCCGCGGTAA; Type: regular 5'; Length: 19; Trimmed: 847109 times

Minimum overlap: 3
No. of allowed errors:
1-9 bp: 0; 10-19 bp: 1

Overview of removed sequences
length	count	expect	max.err	error counts
3	19	19832.5	0	19
9	2	4.8	0	2
10	2	1.2	1	2
11	4	0.3	1	2 2
12	33	0.1	1	15 18
13	4	0.0	1	0 4
14	1	0.0	1	0 1
15	4	0.0	1	1 3
16	17	0.0	1	5 12
17	8	0.0	1	1 7
18	43	0.0	1	10 33
19	5737	0.0	1	2425 3312
20	6553	0.0	1	4084 2469
21	832543	0.0	1	397805 434738
22	2047	0.0	1	932 1115
23	6	0.0	1	2 4
24	7	0.0	1	2 5
25	1	0.0	1	0 1
26	4	0.0	1	3 1
27	2	0.0	1	0 2
28	2	0.0	1	2
29	4	0.0	1	4
30	4	0.0	1	1 3
31	6	0.0	1	6
32	2	0.0	1	2
33	4	0.0	1	0 4
34	4	0.0	1	0 4
35	6	0.0	1	4 2
38	3	0.0	1	1 2
39	4	0.0	1	2 2
40	3	0.0	1	1 2
41	3	0.0	1	0 3
42	1	0.0	1	1
43	2	0.0	1	0 2
44	3	0.0	1	1 2
48	4	0.0	1	0 4
50	4	0.0	1	0 4
54	5	0.0	1	0 5
55	4	0.0	1	0 4
57	2	0.0	1	0 2
65	2	0.0	1	0 2


=== Second read: Adapter 2 ===

Sequence: GGACTACNVGGGTWTCTAAT; Type: regular 5'; Length: 20; Trimmed: 439103 times

Minimum overlap: 3
No. of allowed errors:
1-9 bp: 0; 10-19 bp: 1

Overview of removed sequences
length	count	expect	max.err	error counts
3	15	19832.5	0	15
10	4	1.2	1	3 1
11	2	0.3	1	2
13	4	0.0	1	3 1
14	8	0.0	1	7 1
15	1	0.0	1	0 1
16	7	0.0	1	2 5
17	14	0.0	1	11 3
18	12	0.0	1	11 1
19	43	0.0	1	19 24
20	1692	0.0	1	1531 161
21	6860	0.0	1	4364 2496
22	429058	0.0	1	414196 14862
23	1368	0.0	1	636 732
24	1	0.0	1	1
25	3	0.0	1	3
26	1	0.0	1	0 1
27	3	0.0	1	3
28	3	0.0	1	2 1
29	1	0.0	1	1
36	1	0.0	1	1
45	2	0.0	1	2
Running cutadapt on: 2024_Cont01_Null_W05_gill_S264
This is cutadapt 5.2 with Python 3.13.15
Command line parameters: -j 6 -g GTGYCAGCMGCCGCGGTAA -G GGACTACNVGGGTWTCTAAT -o /scratch4/workspace/jade_fiorilla_student_uml_edu-rawseqorcc/trimmed-cutadapt-fastp/2024_Cont01_Null_W05_gill_S264_R1_trim.fastq -p /scratch4/workspace/jade_fiorilla_student_uml_edu-rawseqorcc/trimmed-cutadapt-fastp/2024_Cont01_Null_W05_gill_S264_R2_trim.fastq /scratch4/workspace/jade_fiorilla_student_uml_edu-rawseqorcc/trimmed-fastp/2024_Cont01_Null_W05_gill_S264_R1_trim.fastq.gz /scratch4/workspace/jade_fiorilla_student_uml_edu-rawseqorcc/trimmed-fastp/2024_Cont01_Null_W05_gill_S264_R2_trim.fastq.gz
Processing paired-end reads on 6 cores ...

=== Summary ===

Total read pairs processed:            709,459
  Read 1 with adapter:                 695,746 (98.1%)
  Read 2 with adapter:                 681,946 (96.1%)
Pairs written (passing filters):       709,459 (100.0%)

Total basepairs processed:   399,754,903 bp
  Read 1:   199,875,375 bp
  Read 2:   199,879,528 bp
Total written (filtered):    371,527,718 bp (92.9%)
  Read 1:   185,961,487 bp
  Read 2:   185,566,231 bp

=== First read: Adapter 1 ===

Sequence: GTGYCAGCMGCCGCGGTAA; Type: regular 5'; Length: 19; Trimmed: 695746 times

Minimum overlap: 3
No. of allowed errors:
1-9 bp: 0; 10-19 bp: 1

Overview of removed sequences
length	count	expect	max.err	error counts
9	7	2.7	0	7
10	2	0.7	1	1 1
11	7	0.2	1	7
12	27	0.0	1	24 3
13	8	0.0	1	6 2
14	1	0.0	1	1
15	12	0.0	1	7 5
16	24	0.0	1	20 4
17	15	0.0	1	11 4
18	62	0.0	1	30 32
19	3288	0.0	1	1184 2104
20	689981	0.0	1	646017 43964
21	2028	0.0	1	677 1351
22	231	0.0	1	209 22
23	4	0.0	1	4
24	6	0.0	1	5 1
25	2	0.0	1	2
26	1	0.0	1	1
27	8	0.0	1	7 1
28	6	0.0	1	6
29	3	0.0	1	2 1
31	2	0.0	1	1 1
32	7	0.0	1	5 2
33	1	0.0	1	1
34	1	0.0	1	1
36	5	0.0	1	5
38	1	0.0	1	1
39	5	0.0	1	4 1
40	1	0.0	1	1


=== Second read: Adapter 2 ===

Sequence: GGACTACNVGGGTWTCTAAT; Type: regular 5'; Length: 20; Trimmed: 681946 times

Minimum overlap: 3
No. of allowed errors:
1-9 bp: 0; 10-19 bp: 1

Overview of removed sequences
length	count	expect	max.err	error counts
3	2	11085.3	0	2
10	3	0.7	1	1 2
11	2	0.2	1	1 1
12	6	0.0	1	3 3
13	4	0.0	1	2 2
14	4	0.0	1	1 3
15	8	0.0	1	7 1
16	9	0.0	1	2 7
17	8	0.0	1	3 5
18	16	0.0	1	14 2
19	46	0.0	1	21 25
20	9684	0.0	1	651 9033
21	669916	0.0	1	649725 20191
22	2126	0.0	1	820 1306
23	84	0.0	1	83 1
24	4	0.0	1	4
25	3	0.0	1	3
27	3	0.0	1	3
28	1	0.0	1	1
29	1	0.0	1	1
30	2	0.0	1	2
31	3	0.0	1	3
33	3	0.0	1	3
35	2	0.0	1	1 1
37	2	0.0	1	1 1
40	2	0.0	1	2
45	1	0.0	1	1
47	1	0.0	1	0 1
Running cutadapt on: 2024_Cont01_Null_W05_gut_S82
This is cutadapt 5.2 with Python 3.13.15
Command line parameters: -j 6 -g GTGYCAGCMGCCGCGGTAA -G GGACTACNVGGGTWTCTAAT -o /scratch4/workspace/jade_fiorilla_student_uml_edu-rawseqorcc/trimmed-cutadapt-fastp/2024_Cont01_Null_W05_gut_S82_R1_trim.fastq -p /scratch4/workspace/jade_fiorilla_student_uml_edu-rawseqorcc/trimmed-cutadapt-fastp/2024_Cont01_Null_W05_gut_S82_R2_trim.fastq /scratch4/workspace/jade_fiorilla_student_uml_edu-rawseqorcc/trimmed-fastp/2024_Cont01_Null_W05_gut_S82_R1_trim.fastq.gz /scratch4/workspace/jade_fiorilla_student_uml_edu-rawseqorcc/trimmed-fastp/2024_Cont01_Null_W05_gut_S82_R2_trim.fastq.gz
Processing paired-end reads on 6 cores ...

=== Summary ===

Total read pairs processed:            822,835
  Read 1 with adapter:                 636,034 (77.3%)
  Read 2 with adapter:                 449,169 (54.6%)
Pairs written (passing filters):       822,835 (100.0%)

Total basepairs processed:   280,081,069 bp
  Read 1:   140,164,309 bp
  Read 2:   139,916,760 bp
Total written (filtered):    256,870,930 bp (91.7%)
  Read 1:   126,820,000 bp
  Read 2:   130,050,930 bp

=== First read: Adapter 1 ===

Sequence: GTGYCAGCMGCCGCGGTAA; Type: regular 5'; Length: 19; Trimmed: 636034 times

Minimum overlap: 3
No. of allowed errors:
1-9 bp: 0; 10-19 bp: 1

Overview of removed sequences
length	count	expect	max.err	error counts
3	12	12856.8	0	12
11	8	0.2	1	4 4
12	31	0.0	1	27 4
13	3	0.0	1	3
14	4	0.0	1	4
15	3	0.0	1	0 3
16	9	0.0	1	5 4
17	7	0.0	1	3 4
18	35	0.0	1	13 22
19	2983	0.0	1	925 2058
20	7859	0.0	1	5257 2602
21	623361	0.0	1	417796 205565
22	1676	0.0	1	746 930
23	4	0.0	1	2 2
24	2	0.0	1	1 1
25	3	0.0	1	1 2
26	2	0.0	1	1 1
27	2	0.0	1	2
30	3	0.0	1	1 2
31	2	0.0	1	1 1
33	1	0.0	1	0 1
34	3	0.0	1	1 2
35	2	0.0	1	0 2
36	5	0.0	1	3 2
38	1	0.0	1	1
39	4	0.0	1	1 3
40	1	0.0	1	1
43	3	0.0	1	3
44	1	0.0	1	0 1
47	1	0.0	1	0 1
48	1	0.0	1	0 1
55	2	0.0	1	1 1


=== Second read: Adapter 2 ===

Sequence: GGACTACNVGGGTWTCTAAT; Type: regular 5'; Length: 20; Trimmed: 449169 times

Minimum overlap: 3
No. of allowed errors:
1-9 bp: 0; 10-19 bp: 1

Overview of removed sequences
length	count	expect	max.err	error counts
3	3	12856.8	0	3
4	1	3214.2	0	1
9	3	3.1	0	3
10	3	0.8	1	2 1
11	2	0.2	1	2
12	3	0.0	1	2 1
13	7	0.0	1	6 1
14	12	0.0	1	10 2
15	2	0.0	1	0 2
16	6	0.0	1	4 2
17	6	0.0	1	2 4
18	34	0.0	1	28 6
19	31	0.0	1	14 17
20	604	0.0	1	536 68
21	15436	0.0	1	5123 10313
22	431677	0.0	1	422888 8789
23	1323	0.0	1	617 706
24	8	0.0	1	4 4
26	2	0.0	1	2
27	1	0.0	1	1
28	1	0.0	1	1
29	1	0.0	1	1
37	1	0.0	1	1
45	2	0.0	1	2
Running cutadapt on: 2024_Cont02_Both02_W16_gill_S246
This is cutadapt 5.2 with Python 3.13.15
Command line parameters: -j 6 -g GTGYCAGCMGCCGCGGTAA -G GGACTACNVGGGTWTCTAAT -o /scratch4/workspace/jade_fiorilla_student_uml_edu-rawseqorcc/trimmed-cutadapt-fastp/2024_Cont02_Both02_W16_gill_S246_R1_trim.fastq -p /scratch4/workspace/jade_fiorilla_student_uml_edu-rawseqorcc/trimmed-cutadapt-fastp/2024_Cont02_Both02_W16_gill_S246_R2_trim.fastq /scratch4/workspace/jade_fiorilla_student_uml_edu-rawseqorcc/trimmed-fastp/2024_Cont02_Both02_W16_gill_S246_R1_trim.fastq.gz /scratch4/workspace/jade_fiorilla_student_uml_edu-rawseqorcc/trimmed-fastp/2024_Cont02_Both02_W16_gill_S246_R2_trim.fastq.gz
Processing paired-end reads on 6 cores ...

=== Summary ===

Total read pairs processed:            717,234
  Read 1 with adapter:                 512,451 (71.4%)
  Read 2 with adapter:                 659,594 (92.0%)
Pairs written (passing filters):       717,234 (100.0%)

Total basepairs processed:   364,050,440 bp
  Read 1:   182,012,898 bp
  Read 2:   182,037,542 bp
Total written (filtered):    337,731,749 bp (92.8%)
  Read 1:   170,831,445 bp
  Read 2:   166,900,304 bp

=== First read: Adapter 1 ===

Sequence: GTGYCAGCMGCCGCGGTAA; Type: regular 5'; Length: 19; Trimmed: 512451 times

Minimum overlap: 3
No. of allowed errors:
1-9 bp: 0; 10-19 bp: 1

Overview of removed sequences
length	count	expect	max.err	error counts
3	4503	11206.8	0	4503
4	2	2801.7	0	2
9	4	2.7	0	4
10	3	0.7	1	0 3
11	1	0.2	1	1
12	81	0.0	1	61 20
13	9	0.0	1	6 3
14	5	0.0	1	1 4
15	19	0.0	1	7 12
16	27	0.0	1	16 11
17	19	0.0	1	3 16
18	89	0.0	1	51 38
19	833	0.0	1	758 75
20	823	0.0	1	599 224
21	3035	0.0	1	1208 1827
22	501605	0.0	1	371809 129796
23	1330	0.0	1	305 1025
24	7	0.0	1	7
25	4	0.0	1	3 1
26	3	0.0	1	2 1
27	2	0.0	1	1 1
29	4	0.0	1	1 3
30	3	0.0	1	0 3
31	4	0.0	1	1 3
32	5	0.0	1	4 1
33	2	0.0	1	2
34	5	0.0	1	4 1
35	1	0.0	1	0 1
36	3	0.0	1	3
38	4	0.0	1	3 1
40	2	0.0	1	2
41	1	0.0	1	1
42	3	0.0	1	3
43	3	0.0	1	3
45	1	0.0	1	0 1
49	6	0.0	1	1 5


=== Second read: Adapter 2 ===

Sequence: GGACTACNVGGGTWTCTAAT; Type: regular 5'; Length: 20; Trimmed: 659594 times

Minimum overlap: 3
No. of allowed errors:
1-9 bp: 0; 10-19 bp: 1

Overview of removed sequences
length	count	expect	max.err	error counts
3	963	11206.8	0	963
4	1	2801.7	0	1
5	1	700.4	0	1
11	4	0.2	1	1 3
12	5	0.0	1	5
13	7	0.0	1	2 5
14	11	0.0	1	9 2
15	2	0.0	1	1 1
16	13	0.0	1	6 7
17	16	0.0	1	11 5
18	22	0.0	1	19 3
19	45	0.0	1	32 13
20	1199	0.0	1	1121 78
21	340	0.0	1	274 66
22	11707	0.0	1	1319 10388
23	642972	0.0	1	606730 36242
24	2240	0.0	1	585 1655
25	6	0.0	1	1 5
26	2	0.0	1	2
27	4	0.0	1	4
28	3	0.0	1	3
29	5	0.0	1	5
30	1	0.0	1	0 1
31	1	0.0	1	0 1
32	4	0.0	1	4
33	7	0.0	1	3 4
35	5	0.0	1	0 5
38	6	0.0	1	6
39	2	0.0	1	2
Running cutadapt on: 2024_Cont02_Both02_W16_gut_S39
This is cutadapt 5.2 with Python 3.13.15
Command line parameters: -j 6 -g GTGYCAGCMGCCGCGGTAA -G GGACTACNVGGGTWTCTAAT -o /scratch4/workspace/jade_fiorilla_student_uml_edu-rawseqorcc/trimmed-cutadapt-fastp/2024_Cont02_Both02_W16_gut_S39_R1_trim.fastq -p /scratch4/workspace/jade_fiorilla_student_uml_edu-rawseqorcc/trimmed-cutadapt-fastp/2024_Cont02_Both02_W16_gut_S39_R2_trim.fastq /scratch4/workspace/jade_fiorilla_student_uml_edu-rawseqorcc/trimmed-fastp/2024_Cont02_Both02_W16_gut_S39_R1_trim.fastq.gz /scratch4/workspace/jade_fiorilla_student_uml_edu-rawseqorcc/trimmed-fastp/2024_Cont02_Both02_W16_gut_S39_R2_trim.fastq.gz
Processing paired-end reads on 6 cores ...

=== Summary ===

Total read pairs processed:          1,013,462
  Read 1 with adapter:                 705,136 (69.6%)
  Read 2 with adapter:                 156,769 (15.5%)
Pairs written (passing filters):     1,013,462 (100.0%)

Total basepairs processed:   128,306,641 bp
  Read 1:    64,311,355 bp
  Read 2:    63,995,286 bp
Total written (filtered):    111,753,588 bp (87.1%)
  Read 1:    50,899,771 bp
  Read 2:    60,853,817 bp

=== First read: Adapter 1 ===

Sequence: GTGYCAGCMGCCGCGGTAA; Type: regular 5'; Length: 19; Trimmed: 705136 times

Minimum overlap: 3
No. of allowed errors:
1-9 bp: 0; 10-19 bp: 1

Overview of removed sequences
length	count	expect	max.err	error counts
3	6	15835.3	0	6
8	1	15.5	0	1
12	39	0.1	1	6 33
13	6	0.0	1	0 6
14	2	0.0	1	0 2
15	3	0.0	1	0 3
16	43	0.0	1	8 35
17	59	0.0	1	11 48
18	781	0.0	1	65 716
19	695149	0.0	1	147842 547307
20	4887	0.0	1	2900 1987
21	2713	0.0	1	1731 982
22	1381	0.0	1	1003 378
23	8	0.0	1	4 4
24	10	0.0	1	3 7
25	3	0.0	1	0 3
27	2	0.0	1	0 2
28	1	0.0	1	0 1
29	3	0.0	1	3
30	1	0.0	1	0 1
31	3	0.0	1	0 3
32	1	0.0	1	0 1
33	5	0.0	1	0 5
35	3	0.0	1	1 2
37	2	0.0	1	0 2
39	8	0.0	1	0 8
41	2	0.0	1	0 2
42	1	0.0	1	0 1
43	1	0.0	1	0 1
45	3	0.0	1	0 3
46	1	0.0	1	0 1
48	1	0.0	1	0 1
51	1	0.0	1	0 1
53	1	0.0	1	0 1
54	2	0.0	1	2
59	3	0.0	1	0 3


=== Second read: Adapter 2 ===

Sequence: GGACTACNVGGGTWTCTAAT; Type: regular 5'; Length: 20; Trimmed: 156769 times

Minimum overlap: 3
No. of allowed errors:
1-9 bp: 0; 10-19 bp: 1

Overview of removed sequences
length	count	expect	max.err	error counts
3	5	15835.3	0	5
13	3	0.0	1	3
14	1	0.0	1	0 1
15	2	0.0	1	2
16	1	0.0	1	0 1
17	4	0.0	1	4
18	10	0.0	1	5 5
19	856	0.0	1	91 765
20	151156	0.0	1	145572 5584
21	2951	0.0	1	2545 406
22	1189	0.0	1	1102 87
23	590	0.0	1	554 36
24	1	0.0	1	0 1
Running cutadapt on: 2024_Cont02_Cont01_W3_gill_S214
This is cutadapt 5.2 with Python 3.13.15
Command line parameters: -j 6 -g GTGYCAGCMGCCGCGGTAA -G GGACTACNVGGGTWTCTAAT -o /scratch4/workspace/jade_fiorilla_student_uml_edu-rawseqorcc/trimmed-cutadapt-fastp/2024_Cont02_Cont01_W3_gill_S214_R1_trim.fastq -p /scratch4/workspace/jade_fiorilla_student_uml_edu-rawseqorcc/trimmed-cutadapt-fastp/2024_Cont02_Cont01_W3_gill_S214_R2_trim.fastq /scratch4/workspace/jade_fiorilla_student_uml_edu-rawseqorcc/trimmed-fastp/2024_Cont02_Cont01_W3_gill_S214_R1_trim.fastq.gz /scratch4/workspace/jade_fiorilla_student_uml_edu-rawseqorcc/trimmed-fastp/2024_Cont02_Cont01_W3_gill_S214_R2_trim.fastq.gz
Processing paired-end reads on 6 cores ...

=== Summary ===

Total read pairs processed:            858,885
  Read 1 with adapter:                 745,787 (86.8%)
  Read 2 with adapter:                 704,696 (82.0%)
Pairs written (passing filters):       858,885 (100.0%)

Total basepairs processed:   413,938,495 bp
  Read 1:   206,974,147 bp
  Read 2:   206,964,348 bp
Total written (filtered):    384,226,613 bp (92.8%)
  Read 1:   192,058,521 bp
  Read 2:   192,168,092 bp

=== First read: Adapter 1 ===

Sequence: GTGYCAGCMGCCGCGGTAA; Type: regular 5'; Length: 19; Trimmed: 745787 times

Minimum overlap: 3
No. of allowed errors:
1-9 bp: 0; 10-19 bp: 1

Overview of removed sequences
length	count	expect	max.err	error counts
3	2	13420.1	0	2
9	5	3.3	0	5
12	44	0.1	1	35 9
13	7	0.0	1	6 1
14	1	0.0	1	1
15	15	0.0	1	10 5
16	27	0.0	1	24 3
17	31	0.0	1	14 17
18	78	0.0	1	42 36
19	3695	0.0	1	1239 2456
20	738741	0.0	1	639808 98933
21	2269	0.0	1	769 1500
22	828	0.0	1	731 97
23	6	0.0	1	3 3
24	3	0.0	1	3
26	4	0.0	1	3 1
27	1	0.0	1	1
28	6	0.0	1	5 1
29	1	0.0	1	1
31	1	0.0	1	1
32	1	0.0	1	1
34	2	0.0	1	2
35	2	0.0	1	2
36	4	0.0	1	3 1
37	1	0.0	1	1
38	4	0.0	1	4
41	3	0.0	1	3
52	2	0.0	1	2
55	3	0.0	1	0 3


=== Second read: Adapter 2 ===

Sequence: GGACTACNVGGGTWTCTAAT; Type: regular 5'; Length: 20; Trimmed: 704696 times

Minimum overlap: 3
No. of allowed errors:
1-9 bp: 0; 10-19 bp: 1

Overview of removed sequences
length	count	expect	max.err	error counts
3	1	13420.1	0	1
10	3	0.8	1	2 1
11	1	0.2	1	0 1
12	1	0.1	1	1
13	2	0.0	1	2
14	6	0.0	1	2 4
15	3	0.0	1	3
16	7	0.0	1	2 5
17	11	0.0	1	8 3
18	21	0.0	1	13 8
19	48	0.0	1	24 24
20	6156	0.0	1	1813 4343
21	695115	0.0	1	642087 53028
22	2734	0.0	1	818 1916
23	555	0.0	1	512 43
24	2	0.0	1	0 2
25	4	0.0	1	3 1
27	4	0.0	1	3 1
28	4	0.0	1	3 1
29	2	0.0	1	2
31	4	0.0	1	4
32	1	0.0	1	1
33	3	0.0	1	2 1
34	1	0.0	1	1
35	1	0.0	1	1
37	1	0.0	1	1
39	2	0.0	1	2
43	1	0.0	1	1
48	1	0.0	1	1
52	1	0.0	1	1
Running cutadapt on: 2024_Cont02_Cont01_W3_gut_S31
This is cutadapt 5.2 with Python 3.13.15
Command line parameters: -j 6 -g GTGYCAGCMGCCGCGGTAA -G GGACTACNVGGGTWTCTAAT -o /scratch4/workspace/jade_fiorilla_student_uml_edu-rawseqorcc/trimmed-cutadapt-fastp/2024_Cont02_Cont01_W3_gut_S31_R1_trim.fastq -p /scratch4/workspace/jade_fiorilla_student_uml_edu-rawseqorcc/trimmed-cutadapt-fastp/2024_Cont02_Cont01_W3_gut_S31_R2_trim.fastq /scratch4/workspace/jade_fiorilla_student_uml_edu-rawseqorcc/trimmed-fastp/2024_Cont02_Cont01_W3_gut_S31_R1_trim.fastq.gz /scratch4/workspace/jade_fiorilla_student_uml_edu-rawseqorcc/trimmed-fastp/2024_Cont02_Cont01_W3_gut_S31_R2_trim.fastq.gz
Processing paired-end reads on 6 cores ...

=== Summary ===

Total read pairs processed:          1,046,240
  Read 1 with adapter:                 910,823 (87.1%)
  Read 2 with adapter:                 751,991 (71.9%)
Pairs written (passing filters):     1,046,240 (100.0%)

Total basepairs processed:   456,725,103 bp
  Read 1:   228,444,966 bp
  Read 2:   228,280,137 bp
Total written (filtered):    422,715,424 bp (92.6%)
  Read 1:   210,226,823 bp
  Read 2:   212,488,601 bp

=== First read: Adapter 1 ===

Sequence: GTGYCAGCMGCCGCGGTAA; Type: regular 5'; Length: 19; Trimmed: 910823 times

Minimum overlap: 3
No. of allowed errors:
1-9 bp: 0; 10-19 bp: 1

Overview of removed sequences
length	count	expect	max.err	error counts
3	5	16347.5	0	5
10	1	1.0	1	1
12	63	0.1	1	59 4
13	10	0.0	1	4 6
14	7	0.0	1	2 5
15	7	0.0	1	5 2
16	14	0.0	1	14
17	36	0.0	1	14 22
18	108	0.0	1	59 49
19	4973	0.0	1	1555 3418
20	899761	0.0	1	731066 168695
21	4624	0.0	1	2074 2550
22	1135	0.0	1	902 233
23	6	0.0	1	4 2
24	12	0.0	1	8 4
25	7	0.0	1	6 1
26	7	0.0	1	5 2
27	3	0.0	1	3
28	4	0.0	1	3 1
29	1	0.0	1	0 1
30	2	0.0	1	2
31	3	0.0	1	2 1
32	4	0.0	1	4
33	4	0.0	1	4
34	5	0.0	1	4 1
35	4	0.0	1	0 4
36	1	0.0	1	1
37	5	0.0	1	4 1
42	3	0.0	1	2 1
44	1	0.0	1	0 1
46	1	0.0	1	1
49	2	0.0	1	0 2
50	2	0.0	1	2
51	1	0.0	1	1
54	1	0.0	1	1


=== Second read: Adapter 2 ===

Sequence: GGACTACNVGGGTWTCTAAT; Type: regular 5'; Length: 20; Trimmed: 751991 times

Minimum overlap: 3
No. of allowed errors:
1-9 bp: 0; 10-19 bp: 1

Overview of removed sequences
length	count	expect	max.err	error counts
3	3	16347.5	0	3
10	1	1.0	1	1
11	2	0.2	1	2
12	4	0.1	1	4
13	4	0.0	1	3 1
14	4	0.0	1	2 2
15	7	0.0	1	5 2
16	13	0.0	1	3 10
17	11	0.0	1	6 5
18	25	0.0	1	11 14
19	63	0.0	1	35 28
20	3800	0.0	1	909 2891
21	744716	0.0	1	729539 15177
22	2827	0.0	1	1288 1539
23	483	0.0	1	452 31
24	5	0.0	1	3 2
25	2	0.0	1	2
26	4	0.0	1	4
27	1	0.0	1	0 1
28	3	0.0	1	3
30	1	0.0	1	1
32	2	0.0	1	2
33	3	0.0	1	3
34	1	0.0	1	1
35	3	0.0	1	3
42	1	0.0	1	1
47	2	0.0	1	2
Running cutadapt on: 2024_Cont02_Hyp01_W4_gill_S136
This is cutadapt 5.2 with Python 3.13.15
Command line parameters: -j 6 -g GTGYCAGCMGCCGCGGTAA -G GGACTACNVGGGTWTCTAAT -o /scratch4/workspace/jade_fiorilla_student_uml_edu-rawseqorcc/trimmed-cutadapt-fastp/2024_Cont02_Hyp01_W4_gill_S136_R1_trim.fastq -p /scratch4/workspace/jade_fiorilla_student_uml_edu-rawseqorcc/trimmed-cutadapt-fastp/2024_Cont02_Hyp01_W4_gill_S136_R2_trim.fastq /scratch4/workspace/jade_fiorilla_student_uml_edu-rawseqorcc/trimmed-fastp/2024_Cont02_Hyp01_W4_gill_S136_R1_trim.fastq.gz /scratch4/workspace/jade_fiorilla_student_uml_edu-rawseqorcc/trimmed-fastp/2024_Cont02_Hyp01_W4_gill_S136_R2_trim.fastq.gz
Processing paired-end reads on 6 cores ...

=== Summary ===

Total read pairs processed:          2,065,952
  Read 1 with adapter:               1,191,977 (57.7%)
  Read 2 with adapter:               1,156,554 (56.0%)
Pairs written (passing filters):     2,065,952 (100.0%)

Total basepairs processed:   634,663,695 bp
  Read 1:   317,429,892 bp
  Read 2:   317,233,803 bp
Total written (filtered):    586,536,065 bp (92.4%)
  Read 1:   293,591,091 bp
  Read 2:   292,944,974 bp

=== First read: Adapter 1 ===

Sequence: GTGYCAGCMGCCGCGGTAA; Type: regular 5'; Length: 19; Trimmed: 1191977 times

Minimum overlap: 3
No. of allowed errors:
1-9 bp: 0; 10-19 bp: 1

Overview of removed sequences
length	count	expect	max.err	error counts
3	7	32280.5	0	7
5	1	2017.5	0	1
9	3	7.9	0	3
10	2	2.0	1	0 2
11	8	0.5	1	7 1
12	65	0.1	1	50 15
13	11	0.0	1	6 5
14	12	0.0	1	3 9
15	16	0.0	1	13 3
16	43	0.0	1	23 20
17	34	0.0	1	15 19
18	163	0.0	1	69 94
19	9718	0.0	1	5734 3984
20	1173689	0.0	1	721990 451699
21	6664	0.0	1	4449 2215
22	1464	0.0	1	1309 155
23	14	0.0	1	7 7
24	1	0.0	1	0 1
25	1	0.0	1	1
26	6	0.0	1	3 3
27	1	0.0	1	1
28	4	0.0	1	1 3
29	2	0.0	1	2
30	5	0.0	1	3 2
31	1	0.0	1	1
32	3	0.0	1	1 2
33	4	0.0	1	0 4
34	1	0.0	1	1
35	5	0.0	1	1 4
36	7	0.0	1	4 3
37	5	0.0	1	1 4
39	1	0.0	1	0 1
40	1	0.0	1	0 1
42	1	0.0	1	1
43	7	0.0	1	3 4
45	2	0.0	1	0 2
47	1	0.0	1	1
49	3	0.0	1	2 1
50	1	0.0	1	1


=== Second read: Adapter 2 ===

Sequence: GGACTACNVGGGTWTCTAAT; Type: regular 5'; Length: 20; Trimmed: 1156554 times

Minimum overlap: 3
No. of allowed errors:
1-9 bp: 0; 10-19 bp: 1

Overview of removed sequences
length	count	expect	max.err	error counts
3	11	32280.5	0	11
11	2	0.5	1	0 2
12	5	0.1	1	5
13	7	0.0	1	4 3
14	14	0.0	1	8 6
15	14	0.0	1	4 10
16	12	0.0	1	5 7
17	11	0.0	1	6 5
18	39	0.0	1	30 9
19	116	0.0	1	55 61
20	10709	0.0	1	4165 6544
21	1135831	0.0	1	1065239 70592
22	7317	0.0	1	3436 3881
23	2399	0.0	1	2289 110
24	18	0.0	1	8 10
25	6	0.0	1	4 2
27	6	0.0	1	4 2
28	2	0.0	1	2
29	2	0.0	1	2
30	2	0.0	1	1 1
31	2	0.0	1	2
32	3	0.0	1	2 1
33	2	0.0	1	1 1
34	3	0.0	1	3
35	3	0.0	1	3
36	2	0.0	1	2
37	2	0.0	1	2
38	2	0.0	1	2
39	1	0.0	1	0 1
41	1	0.0	1	1
43	1	0.0	1	0 1
45	1	0.0	1	1
51	5	0.0	1	5
52	3	0.0	1	3
Running cutadapt on: 2024_Cont02_Hyp01_W4_gut_S137
This is cutadapt 5.2 with Python 3.13.15
Command line parameters: -j 6 -g GTGYCAGCMGCCGCGGTAA -G GGACTACNVGGGTWTCTAAT -o /scratch4/workspace/jade_fiorilla_student_uml_edu-rawseqorcc/trimmed-cutadapt-fastp/2024_Cont02_Hyp01_W4_gut_S137_R1_trim.fastq -p /scratch4/workspace/jade_fiorilla_student_uml_edu-rawseqorcc/trimmed-cutadapt-fastp/2024_Cont02_Hyp01_W4_gut_S137_R2_trim.fastq /scratch4/workspace/jade_fiorilla_student_uml_edu-rawseqorcc/trimmed-fastp/2024_Cont02_Hyp01_W4_gut_S137_R1_trim.fastq.gz /scratch4/workspace/jade_fiorilla_student_uml_edu-rawseqorcc/trimmed-fastp/2024_Cont02_Hyp01_W4_gut_S137_R2_trim.fastq.gz
Processing paired-end reads on 6 cores ...

=== Summary ===

Total read pairs processed:          1,168,979
  Read 1 with adapter:               1,061,984 (90.8%)
  Read 2 with adapter:               1,010,410 (86.4%)
Pairs written (passing filters):     1,168,979 (100.0%)

Total basepairs processed:   599,189,101 bp
  Read 1:   299,615,517 bp
  Read 2:   299,573,584 bp
Total written (filtered):    556,733,311 bp (92.9%)
  Read 1:   278,378,610 bp
  Read 2:   278,354,701 bp

=== First read: Adapter 1 ===

Sequence: GTGYCAGCMGCCGCGGTAA; Type: regular 5'; Length: 19; Trimmed: 1061984 times

Minimum overlap: 3
No. of allowed errors:
1-9 bp: 0; 10-19 bp: 1

Overview of removed sequences
length	count	expect	max.err	error counts
3	17	18265.3	0	17
8	1	17.8	0	1
9	1	4.5	0	1
10	1	1.1	1	1
11	5	0.3	1	5
12	47	0.1	1	43 4
13	12	0.0	1	10 2
14	21	0.0	1	6 15
15	20	0.0	1	6 14
16	30	0.0	1	22 8
17	33	0.0	1	14 19
18	111	0.0	1	50 61
19	10592	0.0	1	6239 4353
20	1043759	0.0	1	959718 84041
21	5838	0.0	1	3503 2335
22	1427	0.0	1	1280 147
23	19	0.0	1	16 3
24	7	0.0	1	7
25	3	0.0	1	3
26	5	0.0	1	4 1
27	4	0.0	1	3 1
28	6	0.0	1	5 1
29	2	0.0	1	2
30	2	0.0	1	2
31	3	0.0	1	2 1
34	1	0.0	1	1
35	5	0.0	1	4 1
36	1	0.0	1	0 1
38	2	0.0	1	1 1
40	2	0.0	1	2
42	1	0.0	1	1
43	4	0.0	1	2 2
44	1	0.0	1	1
45	1	0.0	1	1


=== Second read: Adapter 2 ===

Sequence: GGACTACNVGGGTWTCTAAT; Type: regular 5'; Length: 20; Trimmed: 1010410 times

Minimum overlap: 3
No. of allowed errors:
1-9 bp: 0; 10-19 bp: 1

Overview of removed sequences
length	count	expect	max.err	error counts
3	9	18265.3	0	9
11	5	0.3	1	3 2
12	4	0.1	1	2 2
13	4	0.0	1	4
14	17	0.0	1	15 2
15	5	0.0	1	1 4
16	10	0.0	1	5 5
17	16	0.0	1	13 3
18	32	0.0	1	22 10
19	75	0.0	1	42 33
20	8740	0.0	1	4323 4417
21	994475	0.0	1	937335 57140
22	4587	0.0	1	2475 2112
23	2383	0.0	1	2279 104
24	8	0.0	1	4 4
25	5	0.0	1	5
26	6	0.0	1	6
27	5	0.0	1	5
28	2	0.0	1	0 2
29	2	0.0	1	2
30	3	0.0	1	1 2
31	1	0.0	1	1
32	1	0.0	1	1
33	1	0.0	1	1
34	1	0.0	1	1
35	1	0.0	1	1
37	1	0.0	1	0 1
38	4	0.0	1	4
39	2	0.0	1	2
41	3	0.0	1	3
43	1	0.0	1	1
47	1	0.0	1	1
Running cutadapt on: 2024_Cont02_Null_W15_gill_S83
This is cutadapt 5.2 with Python 3.13.15
Command line parameters: -j 6 -g GTGYCAGCMGCCGCGGTAA -G GGACTACNVGGGTWTCTAAT -o /scratch4/workspace/jade_fiorilla_student_uml_edu-rawseqorcc/trimmed-cutadapt-fastp/2024_Cont02_Null_W15_gill_S83_R1_trim.fastq -p /scratch4/workspace/jade_fiorilla_student_uml_edu-rawseqorcc/trimmed-cutadapt-fastp/2024_Cont02_Null_W15_gill_S83_R2_trim.fastq /scratch4/workspace/jade_fiorilla_student_uml_edu-rawseqorcc/trimmed-fastp/2024_Cont02_Null_W15_gill_S83_R1_trim.fastq.gz /scratch4/workspace/jade_fiorilla_student_uml_edu-rawseqorcc/trimmed-fastp/2024_Cont02_Null_W15_gill_S83_R2_trim.fastq.gz
Processing paired-end reads on 6 cores ...

=== Summary ===

Total read pairs processed:          1,024,352
  Read 1 with adapter:                 668,092 (65.2%)
  Read 2 with adapter:                 315,072 (30.8%)
Pairs written (passing filters):     1,024,352 (100.0%)

Total basepairs processed:   212,176,012 bp
  Read 1:   106,283,218 bp
  Read 2:   105,892,794 bp
Total written (filtered):    191,236,368 bp (90.1%)
  Read 1:    92,265,629 bp
  Read 2:    98,970,739 bp

=== First read: Adapter 1 ===

Sequence: GTGYCAGCMGCCGCGGTAA; Type: regular 5'; Length: 19; Trimmed: 668092 times

Minimum overlap: 3
No. of allowed errors:
1-9 bp: 0; 10-19 bp: 1

Overview of removed sequences
length	count	expect	max.err	error counts
3	10	16005.5	0	10
10	1	1.0	1	0 1
11	1	0.2	1	0 1
12	30	0.1	1	14 16
13	1	0.0	1	1
14	4	0.0	1	0 4
15	16	0.0	1	4 12
16	16	0.0	1	5 11
17	13	0.0	1	3 10
18	26	0.0	1	9 17
19	2974	0.0	1	1767 1207
20	8081	0.0	1	5770 2311
21	655033	0.0	1	274635 380398
22	1825	0.0	1	1012 813
23	8	0.0	1	1 7
24	5	0.0	1	4 1
25	4	0.0	1	1 3
26	3	0.0	1	2 1
27	1	0.0	1	0 1
28	3	0.0	1	1 2
29	3	0.0	1	1 2
30	5	0.0	1	0 5
31	2	0.0	1	0 2
32	2	0.0	1	1 1
33	1	0.0	1	0 1
34	2	0.0	1	1 1
35	2	0.0	1	0 2
37	3	0.0	1	3
38	5	0.0	1	2 3
41	6	0.0	1	0 6
44	1	0.0	1	0 1
46	2	0.0	1	0 2
47	2	0.0	1	2
51	1	0.0	1	0 1


=== Second read: Adapter 2 ===

Sequence: GGACTACNVGGGTWTCTAAT; Type: regular 5'; Length: 20; Trimmed: 315072 times

Minimum overlap: 3
No. of allowed errors:
1-9 bp: 0; 10-19 bp: 1

Overview of removed sequences
length	count	expect	max.err	error counts
3	6	16005.5	0	6
12	1	0.1	1	1
13	2	0.0	1	2
14	4	0.0	1	1 3
15	7	0.0	1	3 4
16	7	0.0	1	2 5
17	7	0.0	1	4 3
18	6	0.0	1	5 1
19	15	0.0	1	7 8
20	1344	0.0	1	1254 90
21	8182	0.0	1	5612 2570
22	303944	0.0	1	283858 20086
23	1521	0.0	1	737 784
24	5	0.0	1	2 3
25	3	0.0	1	1 2
26	3	0.0	1	2 1
27	1	0.0	1	1
28	1	0.0	1	1
29	1	0.0	1	1
30	2	0.0	1	2
31	2	0.0	1	2
33	2	0.0	1	2
34	3	0.0	1	3
36	2	0.0	1	2
42	1	0.0	1	1
Running cutadapt on: 2024_Cont02_Null_W15_gut_S84
This is cutadapt 5.2 with Python 3.13.15
Command line parameters: -j 6 -g GTGYCAGCMGCCGCGGTAA -G GGACTACNVGGGTWTCTAAT -o /scratch4/workspace/jade_fiorilla_student_uml_edu-rawseqorcc/trimmed-cutadapt-fastp/2024_Cont02_Null_W15_gut_S84_R1_trim.fastq -p /scratch4/workspace/jade_fiorilla_student_uml_edu-rawseqorcc/trimmed-cutadapt-fastp/2024_Cont02_Null_W15_gut_S84_R2_trim.fastq /scratch4/workspace/jade_fiorilla_student_uml_edu-rawseqorcc/trimmed-fastp/2024_Cont02_Null_W15_gut_S84_R1_trim.fastq.gz /scratch4/workspace/jade_fiorilla_student_uml_edu-rawseqorcc/trimmed-fastp/2024_Cont02_Null_W15_gut_S84_R2_trim.fastq.gz
Processing paired-end reads on 6 cores ...

=== Summary ===

Total read pairs processed:            877,843
  Read 1 with adapter:                 632,698 (72.1%)
  Read 2 with adapter:                 401,318 (45.7%)
Pairs written (passing filters):       877,843 (100.0%)

Total basepairs processed:   255,977,179 bp
  Read 1:   128,126,728 bp
  Read 2:   127,850,451 bp
Total written (filtered):    233,884,245 bp (91.4%)
  Read 1:   114,853,234 bp
  Read 2:   119,031,011 bp

=== First read: Adapter 1 ===

Sequence: GTGYCAGCMGCCGCGGTAA; Type: regular 5'; Length: 19; Trimmed: 632698 times

Minimum overlap: 3
No. of allowed errors:
1-9 bp: 0; 10-19 bp: 1

Overview of removed sequences
length	count	expect	max.err	error counts
3	17	13716.3	0	17
12	23	0.1	1	10 13
13	5	0.0	1	2 3
14	3	0.0	1	0 3
15	5	0.0	1	4 1
16	11	0.0	1	6 5
17	7	0.0	1	3 4
18	29	0.0	1	17 12
19	3357	0.0	1	1801 1556
20	9275	0.0	1	6025 3250
21	616965	0.0	1	368858 248107
22	2932	0.0	1	1840 1092
23	20	0.0	1	9 11
24	3	0.0	1	2 1
25	5	0.0	1	5
27	4	0.0	1	4
28	3	0.0	1	3
29	1	0.0	1	0 1
30	3	0.0	1	3
31	2	0.0	1	2
32	3	0.0	1	1 2
33	3	0.0	1	2 1
34	1	0.0	1	1
35	1	0.0	1	0 1
36	5	0.0	1	5
37	2	0.0	1	1 1
38	2	0.0	1	1 1
39	2	0.0	1	1 1
40	3	0.0	1	2 1
41	1	0.0	1	1
43	1	0.0	1	1
50	1	0.0	1	1
52	2	0.0	1	2
56	1	0.0	1	0 1


=== Second read: Adapter 2 ===

Sequence: GGACTACNVGGGTWTCTAAT; Type: regular 5'; Length: 20; Trimmed: 401318 times

Minimum overlap: 3
No. of allowed errors:
1-9 bp: 0; 10-19 bp: 1

Overview of removed sequences
length	count	expect	max.err	error counts
3	11	13716.3	0	11
9	1	3.3	0	1
11	1	0.2	1	0 1
12	6	0.1	1	5 1
14	12	0.0	1	6 6
16	4	0.0	1	0 4
17	19	0.0	1	13 6
18	13	0.0	1	12 1
19	38	0.0	1	22 16
20	1419	0.0	1	1286 133
21	8288	0.0	1	5829 2459
22	389352	0.0	1	372059 17293
23	2138	0.0	1	1154 984
24	4	0.0	1	3 1
25	1	0.0	1	1
26	2	0.0	1	2
27	1	0.0	1	0 1
28	1	0.0	1	1
29	2	0.0	1	2
31	1	0.0	1	0 1
32	1	0.0	1	0 1
33	1	0.0	1	1
35	1	0.0	1	1
41	1	0.0	1	1
Running cutadapt on: 2024_Cont02_Warm02_W15_gill_S196
This is cutadapt 5.2 with Python 3.13.15
Command line parameters: -j 6 -g GTGYCAGCMGCCGCGGTAA -G GGACTACNVGGGTWTCTAAT -o /scratch4/workspace/jade_fiorilla_student_uml_edu-rawseqorcc/trimmed-cutadapt-fastp/2024_Cont02_Warm02_W15_gill_S196_R1_trim.fastq -p /scratch4/workspace/jade_fiorilla_student_uml_edu-rawseqorcc/trimmed-cutadapt-fastp/2024_Cont02_Warm02_W15_gill_S196_R2_trim.fastq /scratch4/workspace/jade_fiorilla_student_uml_edu-rawseqorcc/trimmed-fastp/2024_Cont02_Warm02_W15_gill_S196_R1_trim.fastq.gz /scratch4/workspace/jade_fiorilla_student_uml_edu-rawseqorcc/trimmed-fastp/2024_Cont02_Warm02_W15_gill_S196_R2_trim.fastq.gz
Processing paired-end reads on 6 cores ...

=== Summary ===

Total read pairs processed:          1,150,814
  Read 1 with adapter:                 782,967 (68.0%)
  Read 2 with adapter:                 616,202 (53.5%)
Pairs written (passing filters):     1,150,814 (100.0%)

Total basepairs processed:   391,323,094 bp
  Read 1:   195,767,112 bp
  Read 2:   195,555,982 bp
Total written (filtered):    360,298,477 bp (92.1%)
  Read 1:   178,712,758 bp
  Read 2:   181,585,719 bp

=== First read: Adapter 1 ===

Sequence: GTGYCAGCMGCCGCGGTAA; Type: regular 5'; Length: 19; Trimmed: 782967 times

Minimum overlap: 3
No. of allowed errors:
1-9 bp: 0; 10-19 bp: 1

Overview of removed sequences
length	count	expect	max.err	error counts
3	8305	17981.5	0	8305
4	7	4495.4	0	7
9	5	4.4	0	5
10	6	1.1	1	3 3
11	6	0.3	1	5 1
12	136	0.1	1	88 48
13	15	0.0	1	9 6
14	9	0.0	1	2 7
15	28	0.0	1	12 16
16	65	0.0	1	41 24
17	42	0.0	1	13 29
18	91	0.0	1	44 47
19	1967	0.0	1	1807 160
20	1642	0.0	1	1280 362
21	3618	0.0	1	1214 2404
22	765122	0.0	1	483442 281680
23	1821	0.0	1	382 1439
24	7	0.0	1	3 4
25	3	0.0	1	2 1
26	13	0.0	1	6 7
27	3	0.0	1	1 2
28	2	0.0	1	2
29	5	0.0	1	5
30	4	0.0	1	3 1
32	4	0.0	1	3 1
33	1	0.0	1	1
34	9	0.0	1	9
35	5	0.0	1	1 4
36	3	0.0	1	1 2
37	2	0.0	1	2
38	1	0.0	1	0 1
39	4	0.0	1	4
40	2	0.0	1	2
41	1	0.0	1	1
42	3	0.0	1	3
45	1	0.0	1	0 1
46	7	0.0	1	1 6
50	1	0.0	1	1
52	1	0.0	1	1


=== Second read: Adapter 2 ===

Sequence: GGACTACNVGGGTWTCTAAT; Type: regular 5'; Length: 20; Trimmed: 616202 times

Minimum overlap: 3
No. of allowed errors:
1-9 bp: 0; 10-19 bp: 1

Overview of removed sequences
length	count	expect	max.err	error counts
3	9397	17981.5	0	9397
4	1	4495.4	0	1
5	1	1123.8	0	1
9	3	4.4	0	3
11	6	0.3	1	6
12	5	0.1	1	3 2
13	4	0.0	1	4
14	5	0.0	1	2 3
15	8	0.0	1	4 4
16	10	0.0	1	0 10
17	12	0.0	1	10 2
18	31	0.0	1	25 6
19	45	0.0	1	24 21
20	1310	0.0	1	1221 89
21	1175	0.0	1	1044 131
22	9467	0.0	1	999 8468
23	592979	0.0	1	574853 18126
24	1702	0.0	1	548 1154
25	3	0.0	1	1 2
26	3	0.0	1	1 2
27	4	0.0	1	4
28	4	0.0	1	4
31	3	0.0	1	3
32	2	0.0	1	2
33	1	0.0	1	0 1
35	3	0.0	1	2 1
36	7	0.0	1	6 1
37	4	0.0	1	2 2
39	1	0.0	1	1
41	2	0.0	1	2
44	1	0.0	1	1
46	1	0.0	1	1
49	2	0.0	1	2
Running cutadapt on: 2024_Cont02_Warm02_W15_gut_S3
This is cutadapt 5.2 with Python 3.13.15
Command line parameters: -j 6 -g GTGYCAGCMGCCGCGGTAA -G GGACTACNVGGGTWTCTAAT -o /scratch4/workspace/jade_fiorilla_student_uml_edu-rawseqorcc/trimmed-cutadapt-fastp/2024_Cont02_Warm02_W15_gut_S3_R1_trim.fastq -p /scratch4/workspace/jade_fiorilla_student_uml_edu-rawseqorcc/trimmed-cutadapt-fastp/2024_Cont02_Warm02_W15_gut_S3_R2_trim.fastq /scratch4/workspace/jade_fiorilla_student_uml_edu-rawseqorcc/trimmed-fastp/2024_Cont02_Warm02_W15_gut_S3_R1_trim.fastq.gz /scratch4/workspace/jade_fiorilla_student_uml_edu-rawseqorcc/trimmed-fastp/2024_Cont02_Warm02_W15_gut_S3_R2_trim.fastq.gz
Processing paired-end reads on 6 cores ...

=== Summary ===

Total read pairs processed:            542,550
  Read 1 with adapter:                 500,737 (92.3%)
  Read 2 with adapter:                 478,363 (88.2%)
Pairs written (passing filters):       542,550 (100.0%)

Total basepairs processed:   287,829,091 bp
  Read 1:   143,940,320 bp
  Read 2:   143,888,771 bp
Total written (filtered):    265,874,400 bp (92.4%)
  Read 1:   132,959,609 bp
  Read 2:   132,914,791 bp

=== First read: Adapter 1 ===

Sequence: GTGYCAGCMGCCGCGGTAA; Type: regular 5'; Length: 19; Trimmed: 500737 times

Minimum overlap: 3
No. of allowed errors:
1-9 bp: 0; 10-19 bp: 1

Overview of removed sequences
length	count	expect	max.err	error counts
3	801	8477.3	0	801
9	2	2.1	0	2
10	1	0.5	1	0 1
11	2	0.1	1	1 1
12	69	0.0	1	67 2
13	8	0.0	1	5 3
14	11	0.0	1	5 6
15	7	0.0	1	2 5
16	43	0.0	1	36 7
17	39	0.0	1	15 24
18	75	0.0	1	40 35
19	3747	0.0	1	2053 1694
20	1781	0.0	1	1416 365
21	5428	0.0	1	2948 2480
22	487508	0.0	1	454792 32716
23	1159	0.0	1	398 761
24	5	0.0	1	4 1
25	8	0.0	1	3 5
26	5	0.0	1	4 1
27	1	0.0	1	1
28	6	0.0	1	3 3
29	7	0.0	1	7
30	3	0.0	1	3
31	2	0.0	1	1 1
33	1	0.0	1	1
34	3	0.0	1	2 1
35	1	0.0	1	0 1
36	4	0.0	1	4
37	2	0.0	1	2
40	3	0.0	1	3
43	2	0.0	1	2
45	1	0.0	1	1
46	1	0.0	1	0 1
47	1	0.0	1	1


=== Second read: Adapter 2 ===

Sequence: GGACTACNVGGGTWTCTAAT; Type: regular 5'; Length: 20; Trimmed: 478363 times

Minimum overlap: 3
No. of allowed errors:
1-9 bp: 0; 10-19 bp: 1

Overview of removed sequences
length	count	expect	max.err	error counts
3	1022	8477.3	0	1022
4	1	2119.3	0	1
9	1	2.1	0	1
10	1	0.5	1	1
12	4	0.0	1	2 2
13	5	0.0	1	3 2
14	7	0.0	1	7
15	10	0.0	1	5 5
16	6	0.0	1	2 4
17	4	0.0	1	4
18	18	0.0	1	7 11
19	41	0.0	1	22 19
20	1115	0.0	1	1015 100
21	814	0.0	1	766 48
22	3887	0.0	1	1621 2266
23	470154	0.0	1	440348 29806
24	1246	0.0	1	463 783
25	3	0.0	1	1 2
27	3	0.0	1	2 1
28	3	0.0	1	1 2
29	1	0.0	1	1
30	2	0.0	1	1 1
31	2	0.0	1	1 1
32	3	0.0	1	3
34	1	0.0	1	1
38	1	0.0	1	1
40	4	0.0	1	4
46	2	0.0	1	2
49	2	0.0	1	0 2
Running cutadapt on: 2024_Cont03_Both03_W30_gill_S217
This is cutadapt 5.2 with Python 3.13.15
Command line parameters: -j 6 -g GTGYCAGCMGCCGCGGTAA -G GGACTACNVGGGTWTCTAAT -o /scratch4/workspace/jade_fiorilla_student_uml_edu-rawseqorcc/trimmed-cutadapt-fastp/2024_Cont03_Both03_W30_gill_S217_R1_trim.fastq -p /scratch4/workspace/jade_fiorilla_student_uml_edu-rawseqorcc/trimmed-cutadapt-fastp/2024_Cont03_Both03_W30_gill_S217_R2_trim.fastq /scratch4/workspace/jade_fiorilla_student_uml_edu-rawseqorcc/trimmed-fastp/2024_Cont03_Both03_W30_gill_S217_R1_trim.fastq.gz /scratch4/workspace/jade_fiorilla_student_uml_edu-rawseqorcc/trimmed-fastp/2024_Cont03_Both03_W30_gill_S217_R2_trim.fastq.gz
Processing paired-end reads on 6 cores ...

=== Summary ===

Total read pairs processed:            565,000
  Read 1 with adapter:                 492,432 (87.2%)
  Read 2 with adapter:                 420,690 (74.5%)
Pairs written (passing filters):       565,000 (100.0%)

Total basepairs processed:   253,802,100 bp
  Read 1:   126,925,471 bp
  Read 2:   126,876,629 bp
Total written (filtered):    235,117,390 bp (92.6%)
  Read 1:   117,075,368 bp
  Read 2:   118,042,022 bp

=== First read: Adapter 1 ===

Sequence: GTGYCAGCMGCCGCGGTAA; Type: regular 5'; Length: 19; Trimmed: 492432 times

Minimum overlap: 3
No. of allowed errors:
1-9 bp: 0; 10-19 bp: 1

Overview of removed sequences
length	count	expect	max.err	error counts
3	4	8828.1	0	4
9	2	2.2	0	2
12	22	0.0	1	21 1
13	3	0.0	1	2 1
14	6	0.0	1	1 5
15	7	0.0	1	3 4
16	19	0.0	1	11 8
17	12	0.0	1	5 7
18	54	0.0	1	23 31
19	1691	0.0	1	336 1355
20	487887	0.0	1	403807 84080
21	2156	0.0	1	1189 967
22	530	0.0	1	469 61
23	5	0.0	1	4 1
24	1	0.0	1	1
25	2	0.0	1	1 1
28	1	0.0	1	1
29	4	0.0	1	0 4
30	1	0.0	1	0 1
31	2	0.0	1	2
32	2	0.0	1	2
33	3	0.0	1	2 1
34	5	0.0	1	4 1
37	4	0.0	1	4
38	1	0.0	1	1
39	2	0.0	1	2
44	1	0.0	1	1
45	2	0.0	1	2
46	2	0.0	1	1 1
48	1	0.0	1	0 1


=== Second read: Adapter 2 ===

Sequence: GGACTACNVGGGTWTCTAAT; Type: regular 5'; Length: 20; Trimmed: 420690 times

Minimum overlap: 3
No. of allowed errors:
1-9 bp: 0; 10-19 bp: 1

Overview of removed sequences
length	count	expect	max.err	error counts
3	2	8828.1	0	2
13	2	0.0	1	2
14	4	0.0	1	2 2
15	1	0.0	1	1
16	6	0.0	1	1 5
17	3	0.0	1	2 1
18	11	0.0	1	5 6
19	25	0.0	1	14 11
20	2870	0.0	1	206 2664
21	415047	0.0	1	385326 29721
22	2409	0.0	1	1391 1018
23	283	0.0	1	263 20
24	1	0.0	1	0 1
25	5	0.0	1	5
26	3	0.0	1	3
27	2	0.0	1	2
29	3	0.0	1	2 1
30	6	0.0	1	5 1
31	3	0.0	1	3
32	1	0.0	1	1
35	1	0.0	1	1
36	1	0.0	1	1
46	1	0.0	1	1
Running cutadapt on: 2024_Cont03_Both03_W30_gut_S40
This is cutadapt 5.2 with Python 3.13.15
Command line parameters: -j 6 -g GTGYCAGCMGCCGCGGTAA -G GGACTACNVGGGTWTCTAAT -o /scratch4/workspace/jade_fiorilla_student_uml_edu-rawseqorcc/trimmed-cutadapt-fastp/2024_Cont03_Both03_W30_gut_S40_R1_trim.fastq -p /scratch4/workspace/jade_fiorilla_student_uml_edu-rawseqorcc/trimmed-cutadapt-fastp/2024_Cont03_Both03_W30_gut_S40_R2_trim.fastq /scratch4/workspace/jade_fiorilla_student_uml_edu-rawseqorcc/trimmed-fastp/2024_Cont03_Both03_W30_gut_S40_R1_trim.fastq.gz /scratch4/workspace/jade_fiorilla_student_uml_edu-rawseqorcc/trimmed-fastp/2024_Cont03_Both03_W30_gut_S40_R2_trim.fastq.gz
Processing paired-end reads on 6 cores ...

=== Summary ===

Total read pairs processed:            900,524
  Read 1 with adapter:                 617,573 (68.6%)
  Read 2 with adapter:                 184,758 (20.5%)
Pairs written (passing filters):       900,524 (100.0%)

Total basepairs processed:   138,153,807 bp
  Read 1:    69,192,894 bp
  Read 2:    68,960,913 bp
Total written (filtered):    122,694,238 bp (88.8%)
  Read 1:    57,440,540 bp
  Read 2:    65,253,698 bp

=== First read: Adapter 1 ===

Sequence: GTGYCAGCMGCCGCGGTAA; Type: regular 5'; Length: 19; Trimmed: 617573 times

Minimum overlap: 3
No. of allowed errors:
1-9 bp: 0; 10-19 bp: 1

Overview of removed sequences
length	count	expect	max.err	error counts
3	2	14070.7	0	2
9	4	3.4	0	4
11	1	0.2	1	1
12	42	0.1	1	12 30
13	5	0.0	1	2 3
14	4	0.0	1	0 4
15	2	0.0	1	0 2
16	25	0.0	1	9 16
17	39	0.0	1	15 24
18	841	0.0	1	105 736
19	604257	0.0	1	171339 432918
20	7337	0.0	1	5506 1831
21	3214	0.0	1	2209 1005
22	1734	0.0	1	1400 334
23	12	0.0	1	1 11
24	1	0.0	1	0 1
25	1	0.0	1	0 1
26	4	0.0	1	1 3
27	5	0.0	1	0 5
28	2	0.0	1	0 2
29	1	0.0	1	0 1
30	1	0.0	1	0 1
31	6	0.0	1	1 5
32	2	0.0	1	0 2
33	8	0.0	1	0 8
34	2	0.0	1	0 2
36	2	0.0	1	0 2
37	1	0.0	1	0 1
38	1	0.0	1	0 1
40	3	0.0	1	0 3
42	4	0.0	1	0 4
43	1	0.0	1	0 1
45	1	0.0	1	1
46	2	0.0	1	0 2
47	3	0.0	1	0 3
53	2	0.0	1	0 2
57	1	0.0	1	0 1


=== Second read: Adapter 2 ===

Sequence: GGACTACNVGGGTWTCTAAT; Type: regular 5'; Length: 20; Trimmed: 184758 times

Minimum overlap: 3
No. of allowed errors:
1-9 bp: 0; 10-19 bp: 1

Overview of removed sequences
length	count	expect	max.err	error counts
3	5	14070.7	0	5
15	6	0.0	1	1 5
16	4	0.0	1	2 2
17	3	0.0	1	0 3
18	16	0.0	1	11 5
19	784	0.0	1	103 681
20	174395	0.0	1	169273 5122
21	6852	0.0	1	6243 609
22	1945	0.0	1	1853 92
23	743	0.0	1	711 32
24	1	0.0	1	0 1
25	2	0.0	1	2
27	1	0.0	1	1
39	1	0.0	1	1
Running cutadapt on: 2024_Cont03_Cont02_W17_gill_S218
This is cutadapt 5.2 with Python 3.13.15
Command line parameters: -j 6 -g GTGYCAGCMGCCGCGGTAA -G GGACTACNVGGGTWTCTAAT -o /scratch4/workspace/jade_fiorilla_student_uml_edu-rawseqorcc/trimmed-cutadapt-fastp/2024_Cont03_Cont02_W17_gill_S218_R1_trim.fastq -p /scratch4/workspace/jade_fiorilla_student_uml_edu-rawseqorcc/trimmed-cutadapt-fastp/2024_Cont03_Cont02_W17_gill_S218_R2_trim.fastq /scratch4/workspace/jade_fiorilla_student_uml_edu-rawseqorcc/trimmed-fastp/2024_Cont03_Cont02_W17_gill_S218_R1_trim.fastq.gz /scratch4/workspace/jade_fiorilla_student_uml_edu-rawseqorcc/trimmed-fastp/2024_Cont03_Cont02_W17_gill_S218_R2_trim.fastq.gz
Processing paired-end reads on 6 cores ...

=== Summary ===

Total read pairs processed:            710,790
  Read 1 with adapter:                 649,244 (91.3%)
  Read 2 with adapter:                 599,572 (84.4%)
Pairs written (passing filters):       710,790 (100.0%)

Total basepairs processed:   357,370,335 bp
  Read 1:   178,693,605 bp
  Read 2:   178,676,730 bp
Total written (filtered):    331,793,523 bp (92.8%)
  Read 1:   165,708,449 bp
  Read 2:   166,085,074 bp

=== First read: Adapter 1 ===

Sequence: GTGYCAGCMGCCGCGGTAA; Type: regular 5'; Length: 19; Trimmed: 649244 times

Minimum overlap: 3
No. of allowed errors:
1-9 bp: 0; 10-19 bp: 1

Overview of removed sequences
length	count	expect	max.err	error counts
9	3	2.7	0	3
10	1	0.7	1	1
11	4	0.2	1	3 1
12	40	0.0	1	39 1
13	2	0.0	1	1 1
14	6	0.0	1	3 3
15	8	0.0	1	5 3
16	14	0.0	1	10 4
17	24	0.0	1	14 10
18	71	0.0	1	38 33
19	3487	0.0	1	1552 1935
20	642055	0.0	1	578010 64045
21	3382	0.0	1	2070 1312
22	79	0.0	1	62 17
23	5	0.0	1	4 1
24	2	0.0	1	1 1
25	1	0.0	1	1
26	1	0.0	1	1
27	5	0.0	1	5
29	2	0.0	1	2
31	6	0.0	1	3 3
32	5	0.0	1	3 2
34	1	0.0	1	1
35	1	0.0	1	1
38	1	0.0	1	0 1
39	38	0.0	1	37 1


=== Second read: Adapter 2 ===

Sequence: GGACTACNVGGGTWTCTAAT; Type: regular 5'; Length: 20; Trimmed: 599572 times

Minimum overlap: 3
No. of allowed errors:
1-9 bp: 0; 10-19 bp: 1

Overview of removed sequences
length	count	expect	max.err	error counts
11	1	0.2	1	0 1
13	6	0.0	1	6
14	3	0.0	1	0 3
15	3	0.0	1	3
16	4	0.0	1	2 2
17	19	0.0	1	9 10
18	18	0.0	1	13 5
19	28	0.0	1	14 14
20	3367	0.0	1	600 2767
21	592134	0.0	1	547268 44866
22	3911	0.0	1	2557 1354
23	58	0.0	1	45 13
24	2	0.0	1	2
26	2	0.0	1	2
27	3	0.0	1	3
28	1	0.0	1	0 1
30	1	0.0	1	1
34	2	0.0	1	0 2
36	2	0.0	1	2
38	1	0.0	1	1
46	1	0.0	1	1
47	2	0.0	1	2
50	3	0.0	1	3
Running cutadapt on: 2024_Cont03_Cont02_W17_gut_S41
This is cutadapt 5.2 with Python 3.13.15
Command line parameters: -j 6 -g GTGYCAGCMGCCGCGGTAA -G GGACTACNVGGGTWTCTAAT -o /scratch4/workspace/jade_fiorilla_student_uml_edu-rawseqorcc/trimmed-cutadapt-fastp/2024_Cont03_Cont02_W17_gut_S41_R1_trim.fastq -p /scratch4/workspace/jade_fiorilla_student_uml_edu-rawseqorcc/trimmed-cutadapt-fastp/2024_Cont03_Cont02_W17_gut_S41_R2_trim.fastq /scratch4/workspace/jade_fiorilla_student_uml_edu-rawseqorcc/trimmed-fastp/2024_Cont03_Cont02_W17_gut_S41_R1_trim.fastq.gz /scratch4/workspace/jade_fiorilla_student_uml_edu-rawseqorcc/trimmed-fastp/2024_Cont03_Cont02_W17_gut_S41_R2_trim.fastq.gz
Processing paired-end reads on 6 cores ...

=== Summary ===

Total read pairs processed:            820,530
  Read 1 with adapter:                 664,831 (81.0%)
  Read 2 with adapter:                 399,010 (48.6%)
Pairs written (passing filters):       820,530 (100.0%)

Total basepairs processed:   251,634,364 bp
  Read 1:   125,892,130 bp
  Read 2:   125,742,234 bp
Total written (filtered):    230,988,636 bp (91.8%)
  Read 1:   113,240,308 bp
  Read 2:   117,748,328 bp

=== First read: Adapter 1 ===

Sequence: GTGYCAGCMGCCGCGGTAA; Type: regular 5'; Length: 19; Trimmed: 664831 times

Minimum overlap: 3
No. of allowed errors:
1-9 bp: 0; 10-19 bp: 1

Overview of removed sequences
length	count	expect	max.err	error counts
3	5	12820.8	0	5
10	1	0.8	1	1
11	1	0.2	1	0 1
12	42	0.0	1	26 16
13	1	0.0	1	1
14	6	0.0	1	0 6
15	8	0.0	1	4 4
16	24	0.0	1	14 10
17	38	0.0	1	18 20
18	1370	0.0	1	207 1163
19	648504	0.0	1	382850 265654
20	9595	0.0	1	7135 2460
21	3720	0.0	1	2720 1000
22	1480	0.0	1	1233 247
23	5	0.0	1	2 3
25	1	0.0	1	0 1
26	3	0.0	1	0 3
27	2	0.0	1	2
28	1	0.0	1	1
30	1	0.0	1	0 1
31	1	0.0	1	0 1
33	3	0.0	1	1 2
34	2	0.0	1	2
35	2	0.0	1	0 2
36	1	0.0	1	0 1
37	1	0.0	1	0 1
38	2	0.0	1	0 2
39	1	0.0	1	0 1
41	2	0.0	1	0 2
42	3	0.0	1	2 1
43	3	0.0	1	0 3
45	1	0.0	1	0 1
51	1	0.0	1	0 1


=== Second read: Adapter 2 ===

Sequence: GGACTACNVGGGTWTCTAAT; Type: regular 5'; Length: 20; Trimmed: 399010 times

Minimum overlap: 3
No. of allowed errors:
1-9 bp: 0; 10-19 bp: 1

Overview of removed sequences
length	count	expect	max.err	error counts
3	2	12820.8	0	2
11	2	0.2	1	2
12	1	0.0	1	0 1
13	1	0.0	1	1
14	7	0.0	1	0 7
15	3	0.0	1	2 1
16	6	0.0	1	2 4
17	7	0.0	1	6 1
18	15	0.0	1	5 10
19	1767	0.0	1	255 1512
20	385131	0.0	1	377438 7693
21	9104	0.0	1	8080 1024
22	2396	0.0	1	2280 116
23	555	0.0	1	523 32
24	4	0.0	1	4
25	1	0.0	1	1
26	2	0.0	1	2
28	2	0.0	1	2
33	1	0.0	1	1
34	1	0.0	1	1
37	1	0.0	1	0 1
38	1	0.0	1	0 1
Running cutadapt on: 2024_Cont03_Null_W21_gill_S238
This is cutadapt 5.2 with Python 3.13.15
Command line parameters: -j 6 -g GTGYCAGCMGCCGCGGTAA -G GGACTACNVGGGTWTCTAAT -o /scratch4/workspace/jade_fiorilla_student_uml_edu-rawseqorcc/trimmed-cutadapt-fastp/2024_Cont03_Null_W21_gill_S238_R1_trim.fastq -p /scratch4/workspace/jade_fiorilla_student_uml_edu-rawseqorcc/trimmed-cutadapt-fastp/2024_Cont03_Null_W21_gill_S238_R2_trim.fastq /scratch4/workspace/jade_fiorilla_student_uml_edu-rawseqorcc/trimmed-fastp/2024_Cont03_Null_W21_gill_S238_R1_trim.fastq.gz /scratch4/workspace/jade_fiorilla_student_uml_edu-rawseqorcc/trimmed-fastp/2024_Cont03_Null_W21_gill_S238_R2_trim.fastq.gz
Processing paired-end reads on 6 cores ...

=== Summary ===

Total read pairs processed:              3,579
  Read 1 with adapter:                   2,570 (71.8%)
  Read 2 with adapter:                   1,210 (33.8%)
Pairs written (passing filters):         3,579 (100.0%)

Total basepairs processed:     1,155,701 bp
  Read 1:       573,114 bp
  Read 2:       582,587 bp
Total written (filtered):      1,080,551 bp (93.5%)
  Read 1:       522,829 bp
  Read 2:       557,722 bp

=== First read: Adapter 1 ===

Sequence: GTGYCAGCMGCCGCGGTAA; Type: regular 5'; Length: 19; Trimmed: 2570 times

Minimum overlap: 3
No. of allowed errors:
1-9 bp: 0; 10-19 bp: 1

Overview of removed sequences
length	count	expect	max.err	error counts
12	1	0.0	1	1
18	1	0.0	1	0 1
19	1787	0.0	1	423 1364
20	354	0.0	1	285 69
21	173	0.0	1	126 47
22	253	0.0	1	226 27
23	1	0.0	1	0 1


=== Second read: Adapter 2 ===

Sequence: GGACTACNVGGGTWTCTAAT; Type: regular 5'; Length: 20; Trimmed: 1210 times

Minimum overlap: 3
No. of allowed errors:
1-9 bp: 0; 10-19 bp: 1

Overview of removed sequences
length	count	expect	max.err	error counts
3	1	55.9	0	1
18	1	0.0	1	1
19	2	0.0	1	0 2
20	833	0.0	1	784 49
21	180	0.0	1	160 20
22	74	0.0	1	61 13
23	118	0.0	1	115 3
24	1	0.0	1	1
Running cutadapt on: 2024_Cont03_Null_W21_gut_S85
This is cutadapt 5.2 with Python 3.13.15
Command line parameters: -j 6 -g GTGYCAGCMGCCGCGGTAA -G GGACTACNVGGGTWTCTAAT -o /scratch4/workspace/jade_fiorilla_student_uml_edu-rawseqorcc/trimmed-cutadapt-fastp/2024_Cont03_Null_W21_gut_S85_R1_trim.fastq -p /scratch4/workspace/jade_fiorilla_student_uml_edu-rawseqorcc/trimmed-cutadapt-fastp/2024_Cont03_Null_W21_gut_S85_R2_trim.fastq /scratch4/workspace/jade_fiorilla_student_uml_edu-rawseqorcc/trimmed-fastp/2024_Cont03_Null_W21_gut_S85_R1_trim.fastq.gz /scratch4/workspace/jade_fiorilla_student_uml_edu-rawseqorcc/trimmed-fastp/2024_Cont03_Null_W21_gut_S85_R2_trim.fastq.gz
Processing paired-end reads on 6 cores ...

=== Summary ===

Total read pairs processed:            952,839
  Read 1 with adapter:                 707,444 (74.2%)
  Read 2 with adapter:                 496,360 (52.1%)
Pairs written (passing filters):       952,839 (100.0%)

Total basepairs processed:   311,282,232 bp
  Read 1:   155,773,783 bp
  Read 2:   155,508,449 bp
Total written (filtered):    285,528,357 bp (91.7%)
  Read 1:   140,930,103 bp
  Read 2:   144,598,254 bp

=== First read: Adapter 1 ===

Sequence: GTGYCAGCMGCCGCGGTAA; Type: regular 5'; Length: 19; Trimmed: 707444 times

Minimum overlap: 3
No. of allowed errors:
1-9 bp: 0; 10-19 bp: 1

Overview of removed sequences
length	count	expect	max.err	error counts
3	7	14888.1	0	7
12	30	0.1	1	18 12
13	10	0.0	1	4 6
14	4	0.0	1	0 4
15	3	0.0	1	1 2
16	13	0.0	1	6 7
17	16	0.0	1	10 6
18	53	0.0	1	18 35
19	2784	0.0	1	1520 1264
20	10115	0.0	1	6840 3275
21	691681	0.0	1	456502 235179
22	2643	0.0	1	1451 1192
23	6	0.0	1	3 3
24	4	0.0	1	1 3
25	5	0.0	1	1 4
26	4	0.0	1	1 3
27	5	0.0	1	4 1
28	3	0.0	1	2 1
29	5	0.0	1	0 5
30	1	0.0	1	1
31	6	0.0	1	2 4
32	3	0.0	1	2 1
33	5	0.0	1	1 4
34	2	0.0	1	1 1
35	2	0.0	1	0 2
36	1	0.0	1	1
37	6	0.0	1	5 1
38	1	0.0	1	1
39	1	0.0	1	1
40	1	0.0	1	0 1
43	9	0.0	1	3 6
45	1	0.0	1	0 1
47	5	0.0	1	2 3
48	2	0.0	1	0 2
55	1	0.0	1	0 1
57	4	0.0	1	0 4
61	1	0.0	1	0 1
67	1	0.0	1	0 1


=== Second read: Adapter 2 ===

Sequence: GGACTACNVGGGTWTCTAAT; Type: regular 5'; Length: 20; Trimmed: 496360 times

Minimum overlap: 3
No. of allowed errors:
1-9 bp: 0; 10-19 bp: 1

Overview of removed sequences
length	count	expect	max.err	error counts
3	11	14888.1	0	11
4	2	3722.0	0	2
10	4	0.9	1	4
13	6	0.0	1	4 2
14	11	0.0	1	5 6
15	4	0.0	1	2 2
16	13	0.0	1	6 7
17	7	0.0	1	6 1
18	16	0.0	1	11 5
19	36	0.0	1	15 21
20	1074	0.0	1	980 94
21	8855	0.0	1	6382 2473
22	484471	0.0	1	468428 16043
23	1822	0.0	1	1049 773
24	7	0.0	1	5 2
25	1	0.0	1	1
27	5	0.0	1	4 1
28	4	0.0	1	4
30	2	0.0	1	2
31	3	0.0	1	3
32	1	0.0	1	1
35	1	0.0	1	1
39	2	0.0	1	2
40	1	0.0	1	1
42	1	0.0	1	1
Running cutadapt on: 2024_Cont03_Warm03_W29_gill_S8
This is cutadapt 5.2 with Python 3.13.15
Command line parameters: -j 6 -g GTGYCAGCMGCCGCGGTAA -G GGACTACNVGGGTWTCTAAT -o /scratch4/workspace/jade_fiorilla_student_uml_edu-rawseqorcc/trimmed-cutadapt-fastp/2024_Cont03_Warm03_W29_gill_S8_R1_trim.fastq -p /scratch4/workspace/jade_fiorilla_student_uml_edu-rawseqorcc/trimmed-cutadapt-fastp/2024_Cont03_Warm03_W29_gill_S8_R2_trim.fastq /scratch4/workspace/jade_fiorilla_student_uml_edu-rawseqorcc/trimmed-fastp/2024_Cont03_Warm03_W29_gill_S8_R1_trim.fastq.gz /scratch4/workspace/jade_fiorilla_student_uml_edu-rawseqorcc/trimmed-fastp/2024_Cont03_Warm03_W29_gill_S8_R2_trim.fastq.gz
Processing paired-end reads on 6 cores ...

=== Summary ===

Total read pairs processed:            831,407
  Read 1 with adapter:                 783,199 (94.2%)
  Read 2 with adapter:                 756,372 (91.0%)
Pairs written (passing filters):       831,407 (100.0%)

Total basepairs processed:   455,349,642 bp
  Read 1:   227,686,677 bp
  Read 2:   227,662,965 bp
Total written (filtered):    420,797,269 bp (92.4%)
  Read 1:   210,498,409 bp
  Read 2:   210,298,860 bp

=== First read: Adapter 1 ===

Sequence: GTGYCAGCMGCCGCGGTAA; Type: regular 5'; Length: 19; Trimmed: 783199 times

Minimum overlap: 3
No. of allowed errors:
1-9 bp: 0; 10-19 bp: 1

Overview of removed sequences
length	count	expect	max.err	error counts
3	1050	12990.7	0	1050
4	1	3247.7	0	1
9	8	3.2	0	8
10	5	0.8	1	2 3
11	13	0.2	1	12 1
12	140	0.0	1	137 3
13	11	0.0	1	4 7
14	13	0.0	1	6 7
15	16	0.0	1	8 8
16	91	0.0	1	59 32
17	47	0.0	1	24 23
18	111	0.0	1	64 47
19	2903	0.0	1	1742 1161
20	3086	0.0	1	2238 848
21	6341	0.0	1	2952 3389
22	767633	0.0	1	712479 55154
23	1683	0.0	1	557 1126
24	5	0.0	1	5
25	1	0.0	1	1
26	5	0.0	1	5
27	4	0.0	1	2 2
28	2	0.0	1	2
30	1	0.0	1	1
32	3	0.0	1	3
34	1	0.0	1	0 1
35	2	0.0	1	2
36	3	0.0	1	2 1
37	3	0.0	1	1 2
39	3	0.0	1	3
41	2	0.0	1	2
43	5	0.0	1	1 4
45	1	0.0	1	1
48	1	0.0	1	1
54	2	0.0	1	2
55	2	0.0	1	2
65	1	0.0	1	0 1


=== Second read: Adapter 2 ===

Sequence: GGACTACNVGGGTWTCTAAT; Type: regular 5'; Length: 20; Trimmed: 756372 times

Minimum overlap: 3
No. of allowed errors:
1-9 bp: 0; 10-19 bp: 1

Overview of removed sequences
length	count	expect	max.err	error counts
3	1111	12990.7	0	1111
5	2	811.9	0	2
10	1	0.8	1	1
12	1	0.0	1	1
13	2	0.0	1	1 1
14	17	0.0	1	10 7
15	6	0.0	1	2 4
16	13	0.0	1	2 11
17	29	0.0	1	24 5
18	18	0.0	1	14 4
19	53	0.0	1	40 13
20	1084	0.0	1	1028 56
21	1246	0.0	1	1177 69
22	6014	0.0	1	1863 4151
23	744729	0.0	1	709333 35396
24	2005	0.0	1	714 1291
25	3	0.0	1	2 1
26	4	0.0	1	4
27	3	0.0	1	3
28	7	0.0	1	6 1
29	4	0.0	1	4
30	1	0.0	1	1
31	1	0.0	1	1
32	4	0.0	1	4
33	2	0.0	1	2
34	1	0.0	1	1
35	1	0.0	1	1
36	1	0.0	1	0 1
37	2	0.0	1	0 2
39	1	0.0	1	0 1
40	1	0.0	1	1
41	1	0.0	1	1
46	3	0.0	1	3
49	1	0.0	1	1
Running cutadapt on: 2024_Cont03_Warm03_W29_gut_S9
This is cutadapt 5.2 with Python 3.13.15
Command line parameters: -j 6 -g GTGYCAGCMGCCGCGGTAA -G GGACTACNVGGGTWTCTAAT -o /scratch4/workspace/jade_fiorilla_student_uml_edu-rawseqorcc/trimmed-cutadapt-fastp/2024_Cont03_Warm03_W29_gut_S9_R1_trim.fastq -p /scratch4/workspace/jade_fiorilla_student_uml_edu-rawseqorcc/trimmed-cutadapt-fastp/2024_Cont03_Warm03_W29_gut_S9_R2_trim.fastq /scratch4/workspace/jade_fiorilla_student_uml_edu-rawseqorcc/trimmed-fastp/2024_Cont03_Warm03_W29_gut_S9_R1_trim.fastq.gz /scratch4/workspace/jade_fiorilla_student_uml_edu-rawseqorcc/trimmed-fastp/2024_Cont03_Warm03_W29_gut_S9_R2_trim.fastq.gz
Processing paired-end reads on 6 cores ...

=== Summary ===

Total read pairs processed:            710,328
  Read 1 with adapter:                 651,262 (91.7%)
  Read 2 with adapter:                 616,841 (86.8%)
Pairs written (passing filters):       710,328 (100.0%)

Total basepairs processed:   371,099,407 bp
  Read 1:   185,570,525 bp
  Read 2:   185,528,882 bp
Total written (filtered):    342,673,306 bp (92.3%)
  Read 1:   171,287,576 bp
  Read 2:   171,385,730 bp

=== First read: Adapter 1 ===

Sequence: GTGYCAGCMGCCGCGGTAA; Type: regular 5'; Length: 19; Trimmed: 651262 times

Minimum overlap: 3
No. of allowed errors:
1-9 bp: 0; 10-19 bp: 1

Overview of removed sequences
length	count	expect	max.err	error counts
3	1206	11098.9	0	1206
4	2	2774.7	0	2
8	2	10.8	0	2
9	12	2.7	0	12
11	7	0.2	1	6 1
12	130	0.0	1	126 4
13	10	0.0	1	7 3
14	13	0.0	1	4 9
15	11	0.0	1	2 9
16	43	0.0	1	28 15
17	41	0.0	1	20 21
18	120	0.0	1	64 56
19	2257	0.0	1	897 1360
20	2503	0.0	1	2023 480
21	9331	0.0	1	6248 3083
22	634106	0.0	1	587007 47099
23	1412	0.0	1	451 961
24	7	0.0	1	6 1
25	5	0.0	1	5
26	3	0.0	1	3
27	3	0.0	1	2 1
28	5	0.0	1	5
29	1	0.0	1	1
30	4	0.0	1	4
33	2	0.0	1	0 2
34	2	0.0	1	2
35	1	0.0	1	0 1
36	1	0.0	1	1
37	3	0.0	1	3
38	6	0.0	1	6
39	2	0.0	1	2
40	2	0.0	1	2
41	4	0.0	1	3 1
42	1	0.0	1	1
43	1	0.0	1	1
45	1	0.0	1	0 1
49	1	0.0	1	1
52	1	0.0	1	0 1


=== Second read: Adapter 2 ===

Sequence: GGACTACNVGGGTWTCTAAT; Type: regular 5'; Length: 20; Trimmed: 616841 times

Minimum overlap: 3
No. of allowed errors:
1-9 bp: 0; 10-19 bp: 1

Overview of removed sequences
length	count	expect	max.err	error counts
3	1540	11098.9	0	1540
4	4	2774.7	0	4
5	1	693.7	0	1
11	1	0.2	1	1
12	4	0.0	1	4
13	5	0.0	1	4 1
14	6	0.0	1	3 3
15	6	0.0	1	3 3
16	12	0.0	1	7 5
17	15	0.0	1	11 4
18	34	0.0	1	20 14
19	33	0.0	1	20 13
20	563	0.0	1	534 29
21	1295	0.0	1	1165 130
22	10114	0.0	1	7052 3062
23	601675	0.0	1	588325 13350
24	1498	0.0	1	521 977
25	6	0.0	1	3 3
26	1	0.0	1	1
27	1	0.0	1	1
29	7	0.0	1	7
30	5	0.0	1	4 1
31	2	0.0	1	2
32	3	0.0	1	3
33	4	0.0	1	4
35	1	0.0	1	1
37	2	0.0	1	0 2
42	1	0.0	1	1
45	2	0.0	1	2
Running cutadapt on: 2024_Cont04_Both01_W7_gill_S143
This is cutadapt 5.2 with Python 3.13.15
Command line parameters: -j 6 -g GTGYCAGCMGCCGCGGTAA -G GGACTACNVGGGTWTCTAAT -o /scratch4/workspace/jade_fiorilla_student_uml_edu-rawseqorcc/trimmed-cutadapt-fastp/2024_Cont04_Both01_W7_gill_S143_R1_trim.fastq -p /scratch4/workspace/jade_fiorilla_student_uml_edu-rawseqorcc/trimmed-cutadapt-fastp/2024_Cont04_Both01_W7_gill_S143_R2_trim.fastq /scratch4/workspace/jade_fiorilla_student_uml_edu-rawseqorcc/trimmed-fastp/2024_Cont04_Both01_W7_gill_S143_R1_trim.fastq.gz /scratch4/workspace/jade_fiorilla_student_uml_edu-rawseqorcc/trimmed-fastp/2024_Cont04_Both01_W7_gill_S143_R2_trim.fastq.gz
Processing paired-end reads on 6 cores ...

=== Summary ===

Total read pairs processed:          1,152,677
  Read 1 with adapter:               1,025,707 (89.0%)
  Read 2 with adapter:                 922,032 (80.0%)
Pairs written (passing filters):     1,152,677 (100.0%)

Total basepairs processed:   551,939,793 bp
  Read 1:   275,993,087 bp
  Read 2:   275,946,706 bp
Total written (filtered):    512,058,486 bp (92.8%)
  Read 1:   255,476,228 bp
  Read 2:   256,582,258 bp

=== First read: Adapter 1 ===

Sequence: GTGYCAGCMGCCGCGGTAA; Type: regular 5'; Length: 19; Trimmed: 1025707 times

Minimum overlap: 3
No. of allowed errors:
1-9 bp: 0; 10-19 bp: 1

Overview of removed sequences
length	count	expect	max.err	error counts
3	4	18010.6	0	4
9	1	4.4	0	1
10	4	1.1	1	2 2
12	39	0.1	1	30 9
13	6	0.0	1	5 1
14	10	0.0	1	5 5
15	6	0.0	1	3 3
16	22	0.0	1	12 10
17	39	0.0	1	20 19
18	129	0.0	1	68 61
19	7251	0.0	1	3534 3717
20	1008686	0.0	1	885669 123017
21	8583	0.0	1	5821 2762
22	872	0.0	1	675 197
23	8	0.0	1	6 2
24	6	0.0	1	4 2
25	3	0.0	1	3
26	3	0.0	1	3
28	4	0.0	1	3 1
29	2	0.0	1	1 1
31	2	0.0	1	1 1
32	1	0.0	1	1
33	1	0.0	1	0 1
34	1	0.0	1	1
35	1	0.0	1	1
36	3	0.0	1	1 2
37	3	0.0	1	2 1
38	6	0.0	1	6
39	3	0.0	1	3
42	3	0.0	1	3
43	2	0.0	1	2
45	2	0.0	1	2
56	1	0.0	1	0 1


=== Second read: Adapter 2 ===

Sequence: GGACTACNVGGGTWTCTAAT; Type: regular 5'; Length: 20; Trimmed: 922032 times

Minimum overlap: 3
No. of allowed errors:
1-9 bp: 0; 10-19 bp: 1

Overview of removed sequences
length	count	expect	max.err	error counts
3	9	18010.6	0	9
9	4	4.4	0	4
10	1	1.1	1	1
11	3	0.3	1	0 3
12	3	0.1	1	1 2
13	9	0.0	1	7 2
14	10	0.0	1	5 5
15	3	0.0	1	2 1
16	16	0.0	1	6 10
17	15	0.0	1	14 1
18	35	0.0	1	30 5
19	52	0.0	1	27 25
20	5808	0.0	1	2331 3477
21	908407	0.0	1	882367 26040
22	7298	0.0	1	5154 2144
23	310	0.0	1	278 32
24	7	0.0	1	5 2
25	4	0.0	1	3 1
26	8	0.0	1	7 1
27	4	0.0	1	4
28	7	0.0	1	4 3
29	2	0.0	1	2
30	3	0.0	1	3
31	1	0.0	1	1
32	1	0.0	1	1
33	1	0.0	1	1
34	1	0.0	1	1
35	1	0.0	1	1
39	3	0.0	1	3
43	1	0.0	1	1
44	1	0.0	1	1
46	3	0.0	1	3
47	1	0.0	1	1
Running cutadapt on: 2024_Cont04_Both01_W7_gut_S144
This is cutadapt 5.2 with Python 3.13.15
Command line parameters: -j 6 -g GTGYCAGCMGCCGCGGTAA -G GGACTACNVGGGTWTCTAAT -o /scratch4/workspace/jade_fiorilla_student_uml_edu-rawseqorcc/trimmed-cutadapt-fastp/2024_Cont04_Both01_W7_gut_S144_R1_trim.fastq -p /scratch4/workspace/jade_fiorilla_student_uml_edu-rawseqorcc/trimmed-cutadapt-fastp/2024_Cont04_Both01_W7_gut_S144_R2_trim.fastq /scratch4/workspace/jade_fiorilla_student_uml_edu-rawseqorcc/trimmed-fastp/2024_Cont04_Both01_W7_gut_S144_R1_trim.fastq.gz /scratch4/workspace/jade_fiorilla_student_uml_edu-rawseqorcc/trimmed-fastp/2024_Cont04_Both01_W7_gut_S144_R2_trim.fastq.gz
Processing paired-end reads on 6 cores ...

=== Summary ===

Total read pairs processed:          1,374,715
  Read 1 with adapter:               1,120,349 (81.5%)
  Read 2 with adapter:                 894,936 (65.1%)
Pairs written (passing filters):     1,374,715 (100.0%)

Total basepairs processed:   545,946,759 bp
  Read 1:   273,052,860 bp
  Read 2:   272,893,899 bp
Total written (filtered):    504,744,710 bp (92.5%)
  Read 1:   250,645,887 bp
  Read 2:   254,098,823 bp

=== First read: Adapter 1 ===

Sequence: GTGYCAGCMGCCGCGGTAA; Type: regular 5'; Length: 19; Trimmed: 1120349 times

Minimum overlap: 3
No. of allowed errors:
1-9 bp: 0; 10-19 bp: 1

Overview of removed sequences
length	count	expect	max.err	error counts
9	2	5.2	0	2
10	4	1.3	1	4
11	1	0.3	1	0 1
12	60	0.1	1	41 19
13	6	0.0	1	4 2
14	21	0.0	1	11 10
15	13	0.0	1	10 3
16	27	0.0	1	19 8
17	18	0.0	1	4 14
18	114	0.0	1	62 52
19	7649	0.0	1	4092 3557
20	1104540	0.0	1	856007 248533
21	7777	0.0	1	5536 2241
22	35	0.0	1	21 14
23	6	0.0	1	3 3
24	9	0.0	1	7 2
25	6	0.0	1	4 2
26	4	0.0	1	3 1
27	5	0.0	1	2 3
28	3	0.0	1	3
29	3	0.0	1	2 1
30	4	0.0	1	2 2
31	3	0.0	1	2 1
32	6	0.0	1	3 3
33	2	0.0	1	2
34	7	0.0	1	2 5
35	2	0.0	1	0 2
36	4	0.0	1	2 2
37	4	0.0	1	3 1
38	1	0.0	1	1
39	3	0.0	1	3
40	2	0.0	1	0 2
41	3	0.0	1	2 1
48	1	0.0	1	1
50	1	0.0	1	1
56	3	0.0	1	2 1


=== Second read: Adapter 2 ===

Sequence: GGACTACNVGGGTWTCTAAT; Type: regular 5'; Length: 20; Trimmed: 894936 times

Minimum overlap: 3
No. of allowed errors:
1-9 bp: 0; 10-19 bp: 1

Overview of removed sequences
length	count	expect	max.err	error counts
3	3	21479.9	0	3
10	8	1.3	1	7 1
11	3	0.3	1	1 2
12	2	0.1	1	2
13	2	0.0	1	2
14	11	0.0	1	4 7
15	2	0.0	1	1 1
16	2	0.0	1	1 1
17	12	0.0	1	9 3
18	12	0.0	1	9 3
19	58	0.0	1	38 20
20	6288	0.0	1	2658 3630
21	880725	0.0	1	847090 33635
22	7742	0.0	1	5318 2424
23	29	0.0	1	18 11
24	5	0.0	1	2 3
25	1	0.0	1	0 1
26	1	0.0	1	1
27	3	0.0	1	3
28	1	0.0	1	1
29	3	0.0	1	1 2
30	3	0.0	1	3
31	1	0.0	1	1
32	2	0.0	1	2
33	5	0.0	1	5
34	3	0.0	1	3
35	1	0.0	1	1
37	1	0.0	1	1
39	1	0.0	1	1
40	1	0.0	1	1
41	1	0.0	1	1
42	1	0.0	1	1
44	1	0.0	1	1
46	1	0.0	1	1
47	1	0.0	1	1
Running cutadapt on: 2024_Cont04_Both05_W56_gill_S252
This is cutadapt 5.2 with Python 3.13.15
Command line parameters: -j 6 -g GTGYCAGCMGCCGCGGTAA -G GGACTACNVGGGTWTCTAAT -o /scratch4/workspace/jade_fiorilla_student_uml_edu-rawseqorcc/trimmed-cutadapt-fastp/2024_Cont04_Both05_W56_gill_S252_R1_trim.fastq -p /scratch4/workspace/jade_fiorilla_student_uml_edu-rawseqorcc/trimmed-cutadapt-fastp/2024_Cont04_Both05_W56_gill_S252_R2_trim.fastq /scratch4/workspace/jade_fiorilla_student_uml_edu-rawseqorcc/trimmed-fastp/2024_Cont04_Both05_W56_gill_S252_R1_trim.fastq.gz /scratch4/workspace/jade_fiorilla_student_uml_edu-rawseqorcc/trimmed-fastp/2024_Cont04_Both05_W56_gill_S252_R2_trim.fastq.gz
Processing paired-end reads on 6 cores ...

=== Summary ===

Total read pairs processed:            792,072
  Read 1 with adapter:                 608,971 (76.9%)
  Read 2 with adapter:                 785,142 (99.1%)
Pairs written (passing filters):       792,072 (100.0%)

Total basepairs processed:   453,967,127 bp
  Read 1:   226,973,680 bp
  Read 2:   226,993,447 bp
Total written (filtered):    422,607,042 bp (93.1%)
  Read 1:   213,664,630 bp
  Read 2:   208,942,412 bp

=== First read: Adapter 1 ===

Sequence: GTGYCAGCMGCCGCGGTAA; Type: regular 5'; Length: 19; Trimmed: 608971 times

Minimum overlap: 3
No. of allowed errors:
1-9 bp: 0; 10-19 bp: 1

Overview of removed sequences
length	count	expect	max.err	error counts
3	4239	12376.1	0	4239
4	3	3094.0	0	3
9	2	3.0	0	2
10	4	0.8	1	2 2
11	8	0.2	1	6 2
12	98	0.0	1	89 9
13	12	0.0	1	7 5
14	16	0.0	1	10 6
15	20	0.0	1	10 10
16	63	0.0	1	46 17
17	48	0.0	1	14 34
18	76	0.0	1	53 23
19	713	0.0	1	645 68
20	770	0.0	1	554 216
21	3338	0.0	1	1131 2207
22	598253	0.0	1	570419 27834
23	1257	0.0	1	426 831
24	4	0.0	1	4
25	5	0.0	1	4 1
26	1	0.0	1	1
27	5	0.0	1	5
28	5	0.0	1	5
29	1	0.0	1	0 1
30	4	0.0	1	2 2
32	2	0.0	1	2
34	12	0.0	1	4 8
35	3	0.0	1	3
36	2	0.0	1	2
39	4	0.0	1	2 2
41	1	0.0	1	1
44	2	0.0	1	2


=== Second read: Adapter 2 ===

Sequence: GGACTACNVGGGTWTCTAAT; Type: regular 5'; Length: 20; Trimmed: 785142 times

Minimum overlap: 3
No. of allowed errors:
1-9 bp: 0; 10-19 bp: 1

Overview of removed sequences
length	count	expect	max.err	error counts
3	99	12376.1	0	99
4	1	3094.0	0	1
5	1	773.5	0	1
9	1	3.0	0	1
10	5	0.8	1	5
11	1	0.2	1	1
12	6	0.0	1	4 2
13	7	0.0	1	1 6
14	13	0.0	1	7 6
15	17	0.0	1	11 6
16	14	0.0	1	2 12
17	10	0.0	1	9 1
18	22	0.0	1	19 3
19	42	0.0	1	31 11
20	362	0.0	1	334 28
21	438	0.0	1	366 72
22	4939	0.0	1	1121 3818
23	777028	0.0	1	759182 17846
24	2088	0.0	1	780 1308
25	6	0.0	1	4 2
26	1	0.0	1	1
27	1	0.0	1	1
28	6	0.0	1	6
29	1	0.0	1	1
30	7	0.0	1	5 2
32	1	0.0	1	1
33	8	0.0	1	7 1
37	1	0.0	1	0 1
38	1	0.0	1	1
39	5	0.0	1	5
40	2	0.0	1	2
41	1	0.0	1	1
44	1	0.0	1	1
45	2	0.0	1	2
46	2	0.0	1	2
48	2	0.0	1	2
Running cutadapt on: 2024_Cont04_Both05_W56_gut_S167
This is cutadapt 5.2 with Python 3.13.15
Command line parameters: -j 6 -g GTGYCAGCMGCCGCGGTAA -G GGACTACNVGGGTWTCTAAT -o /scratch4/workspace/jade_fiorilla_student_uml_edu-rawseqorcc/trimmed-cutadapt-fastp/2024_Cont04_Both05_W56_gut_S167_R1_trim.fastq -p /scratch4/workspace/jade_fiorilla_student_uml_edu-rawseqorcc/trimmed-cutadapt-fastp/2024_Cont04_Both05_W56_gut_S167_R2_trim.fastq /scratch4/workspace/jade_fiorilla_student_uml_edu-rawseqorcc/trimmed-fastp/2024_Cont04_Both05_W56_gut_S167_R1_trim.fastq.gz /scratch4/workspace/jade_fiorilla_student_uml_edu-rawseqorcc/trimmed-fastp/2024_Cont04_Both05_W56_gut_S167_R2_trim.fastq.gz
Processing paired-end reads on 6 cores ...

=== Summary ===

Total read pairs processed:          2,388,847
  Read 1 with adapter:               1,646,081 (68.9%)
  Read 2 with adapter:               1,077,636 (45.1%)
Pairs written (passing filters):     2,388,847 (100.0%)

Total basepairs processed:   679,938,850 bp
  Read 1:   340,184,948 bp
  Read 2:   339,753,902 bp
Total written (filtered):    624,390,344 bp (91.8%)
  Read 1:   307,262,581 bp
  Read 2:   317,127,763 bp

=== First read: Adapter 1 ===

Sequence: GTGYCAGCMGCCGCGGTAA; Type: regular 5'; Length: 19; Trimmed: 1646081 times

Minimum overlap: 3
No. of allowed errors:
1-9 bp: 0; 10-19 bp: 1

Overview of removed sequences
length	count	expect	max.err	error counts
3	14	37325.7	0	14
9	6	9.1	0	6
10	2	2.3	1	0 2
11	3	0.6	1	2 1
12	74	0.1	1	41 33
13	19	0.0	1	12 7
14	23	0.0	1	12 11
15	23	0.0	1	15 8
16	30	0.0	1	20 10
17	38	0.0	1	11 27
18	183	0.0	1	73 110
19	10350	0.0	1	4802 5548
20	1625242	0.0	1	998984 626258
21	8713	0.0	1	4875 3838
22	1229	0.0	1	900 329
23	14	0.0	1	9 5
24	7	0.0	1	4 3
25	4	0.0	1	1 3
26	5	0.0	1	4 1
27	5	0.0	1	1 4
28	7	0.0	1	3 4
29	4	0.0	1	3 1
30	2	0.0	1	1 1
31	5	0.0	1	1 4
32	10	0.0	1	3 7
33	3	0.0	1	3
34	7	0.0	1	2 5
35	5	0.0	1	1 4
36	4	0.0	1	0 4
37	5	0.0	1	0 5
38	8	0.0	1	3 5
39	5	0.0	1	0 5
40	3	0.0	1	1 2
41	2	0.0	1	2
42	2	0.0	1	1 1
43	9	0.0	1	5 4
44	2	0.0	1	0 2
47	6	0.0	1	0 6
48	1	0.0	1	0 1
49	2	0.0	1	0 2
51	3	0.0	1	2 1
55	1	0.0	1	0 1
56	1	0.0	1	1


=== Second read: Adapter 2 ===

Sequence: GGACTACNVGGGTWTCTAAT; Type: regular 5'; Length: 20; Trimmed: 1077636 times

Minimum overlap: 3
No. of allowed errors:
1-9 bp: 0; 10-19 bp: 1

Overview of removed sequences
length	count	expect	max.err	error counts
3	13	37325.7	0	13
5	1	2332.9	0	1
9	3	9.1	0	3
10	1	2.3	1	1
11	2	0.6	1	0 2
12	4	0.1	1	4
13	4	0.0	1	4
14	17	0.0	1	8 9
15	13	0.0	1	3 10
16	11	0.0	1	3 8
17	17	0.0	1	11 6
18	49	0.0	1	43 6
19	86	0.0	1	48 38
20	10963	0.0	1	3177 7786
21	1059529	0.0	1	1015857 43672
22	6416	0.0	1	3099 3317
23	469	0.0	1	433 36
24	5	0.0	1	4 1
25	3	0.0	1	3
26	2	0.0	1	2
27	4	0.0	1	4
28	1	0.0	1	1
29	1	0.0	1	1
30	2	0.0	1	2
31	4	0.0	1	3 1
32	2	0.0	1	2
34	4	0.0	1	2 2
37	1	0.0	1	0 1
39	1	0.0	1	1
40	2	0.0	1	2
42	1	0.0	1	1
43	1	0.0	1	1
44	3	0.0	1	3
45	1	0.0	1	1
Running cutadapt on: 2024_Cont04_Cont06_W67_gill_S232
This is cutadapt 5.2 with Python 3.13.15
Command line parameters: -j 6 -g GTGYCAGCMGCCGCGGTAA -G GGACTACNVGGGTWTCTAAT -o /scratch4/workspace/jade_fiorilla_student_uml_edu-rawseqorcc/trimmed-cutadapt-fastp/2024_Cont04_Cont06_W67_gill_S232_R1_trim.fastq -p /scratch4/workspace/jade_fiorilla_student_uml_edu-rawseqorcc/trimmed-cutadapt-fastp/2024_Cont04_Cont06_W67_gill_S232_R2_trim.fastq /scratch4/workspace/jade_fiorilla_student_uml_edu-rawseqorcc/trimmed-fastp/2024_Cont04_Cont06_W67_gill_S232_R1_trim.fastq.gz /scratch4/workspace/jade_fiorilla_student_uml_edu-rawseqorcc/trimmed-fastp/2024_Cont04_Cont06_W67_gill_S232_R2_trim.fastq.gz
Processing paired-end reads on 6 cores ...

=== Summary ===

Total read pairs processed:             13,078
  Read 1 with adapter:                  11,127 (85.1%)
  Read 2 with adapter:                   9,392 (71.8%)
Pairs written (passing filters):        13,078 (100.0%)

Total basepairs processed:     5,682,914 bp
  Read 1:     2,842,707 bp
  Read 2:     2,840,207 bp
Total written (filtered):      5,265,469 bp (92.7%)
  Read 1:     2,621,089 bp
  Read 2:     2,644,380 bp

=== First read: Adapter 1 ===

Sequence: GTGYCAGCMGCCGCGGTAA; Type: regular 5'; Length: 19; Trimmed: 11127 times

Minimum overlap: 3
No. of allowed errors:
1-9 bp: 0; 10-19 bp: 1

Overview of removed sequences
length	count	expect	max.err	error counts
3	2	204.3	0	2
18	3	0.0	1	1 2
19	1319	0.0	1	1267 52
20	9525	0.0	1	7486 2039
21	126	0.0	1	109 17
22	148	0.0	1	139 9
23	1	0.0	1	0 1
24	3	0.0	1	3


=== Second read: Adapter 2 ===

Sequence: GGACTACNVGGGTWTCTAAT; Type: regular 5'; Length: 20; Trimmed: 9392 times

Minimum overlap: 3
No. of allowed errors:
1-9 bp: 0; 10-19 bp: 1

Overview of removed sequences
length	count	expect	max.err	error counts
3	1	204.3	0	1
19	10	0.0	1	2 8
20	1599	0.0	1	1494 105
21	7618	0.0	1	7018 600
22	97	0.0	1	65 32
23	66	0.0	1	58 8
24	1	0.0	1	0 1
Running cutadapt on: 2024_Cont04_Cont06_W67_gut_S168
This is cutadapt 5.2 with Python 3.13.15
Command line parameters: -j 6 -g GTGYCAGCMGCCGCGGTAA -G GGACTACNVGGGTWTCTAAT -o /scratch4/workspace/jade_fiorilla_student_uml_edu-rawseqorcc/trimmed-cutadapt-fastp/2024_Cont04_Cont06_W67_gut_S168_R1_trim.fastq -p /scratch4/workspace/jade_fiorilla_student_uml_edu-rawseqorcc/trimmed-cutadapt-fastp/2024_Cont04_Cont06_W67_gut_S168_R2_trim.fastq /scratch4/workspace/jade_fiorilla_student_uml_edu-rawseqorcc/trimmed-fastp/2024_Cont04_Cont06_W67_gut_S168_R1_trim.fastq.gz /scratch4/workspace/jade_fiorilla_student_uml_edu-rawseqorcc/trimmed-fastp/2024_Cont04_Cont06_W67_gut_S168_R2_trim.fastq.gz
Processing paired-end reads on 6 cores ...

=== Summary ===

Total read pairs processed:          2,501,174
  Read 1 with adapter:               1,564,609 (62.6%)
  Read 2 with adapter:                 791,157 (31.6%)
Pairs written (passing filters):     2,501,174 (100.0%)

Total basepairs processed:   529,202,422 bp
  Read 1:   264,871,058 bp
  Read 2:   264,331,364 bp
Total written (filtered):    481,303,372 bp (90.9%)
  Read 1:   233,582,488 bp
  Read 2:   247,720,884 bp

=== First read: Adapter 1 ===

Sequence: GTGYCAGCMGCCGCGGTAA; Type: regular 5'; Length: 19; Trimmed: 1564609 times

Minimum overlap: 3
No. of allowed errors:
1-9 bp: 0; 10-19 bp: 1

Overview of removed sequences
length	count	expect	max.err	error counts
8	2	38.2	0	2
9	2	9.5	0	2
10	1	2.4	1	1
11	2	0.6	1	1 1
12	56	0.1	1	34 22
13	6	0.0	1	4 2
14	13	0.0	1	1 12
15	23	0.0	1	5 18
16	45	0.0	1	8 37
17	31	0.0	1	16 15
18	170	0.0	1	54 116
19	10800	0.0	1	5267 5533
20	1546410	0.0	1	732930 813480
21	6892	0.0	1	4379 2513
22	37	0.0	1	17 20
23	10	0.0	1	5 5
24	10	0.0	1	5 5
25	6	0.0	1	3 3
26	4	0.0	1	2 2
27	1	0.0	1	0 1
28	1	0.0	1	1
29	3	0.0	1	1 2
30	5	0.0	1	3 2
31	13	0.0	1	9 4
32	8	0.0	1	3 5
33	1	0.0	1	0 1
34	9	0.0	1	5 4
35	4	0.0	1	3 1
36	6	0.0	1	0 6
37	4	0.0	1	1 3
38	7	0.0	1	0 7
39	3	0.0	1	2 1
41	2	0.0	1	1 1
43	10	0.0	1	1 9
44	4	0.0	1	0 4
45	2	0.0	1	1 1
46	1	0.0	1	1
49	2	0.0	1	2
50	2	0.0	1	1 1
51	1	0.0	1	0 1


=== Second read: Adapter 2 ===

Sequence: GGACTACNVGGGTWTCTAAT; Type: regular 5'; Length: 20; Trimmed: 791157 times

Minimum overlap: 3
No. of allowed errors:
1-9 bp: 0; 10-19 bp: 1

Overview of removed sequences
length	count	expect	max.err	error counts
3	2	39080.8	0	2
12	2	0.1	1	2
13	8	0.0	1	8
14	12	0.0	1	6 6
15	3	0.0	1	3
16	10	0.0	1	6 4
17	14	0.0	1	11 3
18	28	0.0	1	16 12
19	66	0.0	1	28 38
20	9143	0.0	1	3466 5677
21	776281	0.0	1	736943 39338
22	5523	0.0	1	2739 2784
23	28	0.0	1	14 14
24	7	0.0	1	7
25	2	0.0	1	2
26	4	0.0	1	3 1
27	3	0.0	1	0 3
28	2	0.0	1	2
29	5	0.0	1	3 2
30	4	0.0	1	4
31	4	0.0	1	3 1
33	2	0.0	1	2
34	1	0.0	1	1
36	1	0.0	1	1
41	2	0.0	1	2
Running cutadapt on: 2024_Cont04_Hyp05_W56_gill_S225
This is cutadapt 5.2 with Python 3.13.15
Command line parameters: -j 6 -g GTGYCAGCMGCCGCGGTAA -G GGACTACNVGGGTWTCTAAT -o /scratch4/workspace/jade_fiorilla_student_uml_edu-rawseqorcc/trimmed-cutadapt-fastp/2024_Cont04_Hyp05_W56_gill_S225_R1_trim.fastq -p /scratch4/workspace/jade_fiorilla_student_uml_edu-rawseqorcc/trimmed-cutadapt-fastp/2024_Cont04_Hyp05_W56_gill_S225_R2_trim.fastq /scratch4/workspace/jade_fiorilla_student_uml_edu-rawseqorcc/trimmed-fastp/2024_Cont04_Hyp05_W56_gill_S225_R1_trim.fastq.gz /scratch4/workspace/jade_fiorilla_student_uml_edu-rawseqorcc/trimmed-fastp/2024_Cont04_Hyp05_W56_gill_S225_R2_trim.fastq.gz
Processing paired-end reads on 6 cores ...

=== Summary ===

Total read pairs processed:            586,508
  Read 1 with adapter:                 545,961 (93.1%)
  Read 2 with adapter:                 517,927 (88.3%)
Pairs written (passing filters):       586,508 (100.0%)

Total basepairs processed:   307,300,398 bp
  Read 1:   153,666,089 bp
  Read 2:   153,634,309 bp
Total written (filtered):    284,445,159 bp (92.6%)
  Read 1:   142,202,361 bp
  Read 2:   142,242,798 bp

=== First read: Adapter 1 ===

Sequence: GTGYCAGCMGCCGCGGTAA; Type: regular 5'; Length: 19; Trimmed: 545961 times

Minimum overlap: 3
No. of allowed errors:
1-9 bp: 0; 10-19 bp: 1

Overview of removed sequences
length	count	expect	max.err	error counts
3	10	9164.2	0	10
9	2	2.2	0	2
12	14	0.0	1	14
14	2	0.0	1	2
15	7	0.0	1	2 5
16	11	0.0	1	7 4
17	11	0.0	1	8 3
18	29	0.0	1	16 13
19	217	0.0	1	177 40
20	2577	0.0	1	1152 1425
21	541307	0.0	1	494454 46853
22	1734	0.0	1	884 850
23	3	0.0	1	1 2
24	1	0.0	1	1
25	6	0.0	1	6
26	1	0.0	1	1
27	4	0.0	1	2 2
28	4	0.0	1	3 1
29	1	0.0	1	1
30	5	0.0	1	5
32	4	0.0	1	4
33	3	0.0	1	3
35	2	0.0	1	0 2
42	1	0.0	1	1
44	1	0.0	1	1
46	3	0.0	1	3
47	1	0.0	1	1


=== Second read: Adapter 2 ===

Sequence: GGACTACNVGGGTWTCTAAT; Type: regular 5'; Length: 20; Trimmed: 517927 times

Minimum overlap: 3
No. of allowed errors:
1-9 bp: 0; 10-19 bp: 1

Overview of removed sequences
length	count	expect	max.err	error counts
3	2	9164.2	0	2
12	4	0.0	1	3 1
13	7	0.0	1	5 2
14	10	0.0	1	6 4
15	4	0.0	1	1 3
16	12	0.0	1	2 10
17	10	0.0	1	6 4
18	19	0.0	1	14 5
19	25	0.0	1	15 10
20	103	0.0	1	83 20
21	3954	0.0	1	1248 2706
22	512171	0.0	1	468817 43354
23	1581	0.0	1	865 716
24	6	0.0	1	2 4
26	3	0.0	1	3
28	3	0.0	1	3
29	2	0.0	1	1 1
30	3	0.0	1	2 1
31	1	0.0	1	0 1
32	3	0.0	1	3
45	1	0.0	1	1
46	1	0.0	1	1
48	2	0.0	1	2
Running cutadapt on: 2024_Cont04_Hyp05_W56_gut_S46
This is cutadapt 5.2 with Python 3.13.15
Command line parameters: -j 6 -g GTGYCAGCMGCCGCGGTAA -G GGACTACNVGGGTWTCTAAT -o /scratch4/workspace/jade_fiorilla_student_uml_edu-rawseqorcc/trimmed-cutadapt-fastp/2024_Cont04_Hyp05_W56_gut_S46_R1_trim.fastq -p /scratch4/workspace/jade_fiorilla_student_uml_edu-rawseqorcc/trimmed-cutadapt-fastp/2024_Cont04_Hyp05_W56_gut_S46_R2_trim.fastq /scratch4/workspace/jade_fiorilla_student_uml_edu-rawseqorcc/trimmed-fastp/2024_Cont04_Hyp05_W56_gut_S46_R1_trim.fastq.gz /scratch4/workspace/jade_fiorilla_student_uml_edu-rawseqorcc/trimmed-fastp/2024_Cont04_Hyp05_W56_gut_S46_R2_trim.fastq.gz
Processing paired-end reads on 6 cores ...

=== Summary ===

Total read pairs processed:            964,035
  Read 1 with adapter:                 766,127 (79.5%)
  Read 2 with adapter:                 561,242 (58.2%)
Pairs written (passing filters):       964,035 (100.0%)

Total basepairs processed:   350,102,544 bp
  Read 1:   175,164,873 bp
  Read 2:   174,937,671 bp
Total written (filtered):    321,702,090 bp (91.9%)
  Read 1:   159,095,285 bp
  Read 2:   162,606,805 bp

=== First read: Adapter 1 ===

Sequence: GTGYCAGCMGCCGCGGTAA; Type: regular 5'; Length: 19; Trimmed: 766127 times

Minimum overlap: 3
No. of allowed errors:
1-9 bp: 0; 10-19 bp: 1

Overview of removed sequences
length	count	expect	max.err	error counts
3	18	15063.0	0	18
12	31	0.1	1	21 10
13	2	0.0	1	2
14	9	0.0	1	4 5
15	6	0.0	1	0 6
16	29	0.0	1	19 10
17	10	0.0	1	8 2
18	55	0.0	1	23 32
19	6178	0.0	1	3563 2615
20	9382	0.0	1	6091 3291
21	747792	0.0	1	530415 217377
22	2528	0.0	1	1301 1227
23	9	0.0	1	4 5
24	4	0.0	1	3 1
25	5	0.0	1	5
26	9	0.0	1	7 2
27	1	0.0	1	1
28	3	0.0	1	3
29	1	0.0	1	1
30	1	0.0	1	1
31	5	0.0	1	1 4
32	4	0.0	1	2 2
33	2	0.0	1	0 2
35	1	0.0	1	1
36	1	0.0	1	0 1
38	3	0.0	1	2 1
39	4	0.0	1	3 1
40	1	0.0	1	0 1
41	12	0.0	1	4 8
43	2	0.0	1	2
44	3	0.0	1	3
45	10	0.0	1	10
46	1	0.0	1	1
47	2	0.0	1	0 2
50	1	0.0	1	0 1
53	1	0.0	1	0 1
61	1	0.0	1	1


=== Second read: Adapter 2 ===

Sequence: GGACTACNVGGGTWTCTAAT; Type: regular 5'; Length: 20; Trimmed: 561242 times

Minimum overlap: 3
No. of allowed errors:
1-9 bp: 0; 10-19 bp: 1

Overview of removed sequences
length	count	expect	max.err	error counts
3	6	15063.0	0	6
8	1	14.7	0	1
10	5	0.9	1	5
12	1	0.1	1	1
13	2	0.0	1	2
14	9	0.0	1	4 5
15	8	0.0	1	2 6
16	8	0.0	1	2 6
17	9	0.0	1	4 5
18	29	0.0	1	23 6
19	44	0.0	1	18 26
20	3822	0.0	1	3629 193
21	10038	0.0	1	6965 3073
22	545445	0.0	1	533022 12423
23	1797	0.0	1	908 889
24	5	0.0	1	3 2
25	1	0.0	1	1
27	3	0.0	1	3
28	2	0.0	1	2
29	1	0.0	1	1
31	1	0.0	1	0 1
33	4	0.0	1	4
34	1	0.0	1	1
Running cutadapt on: 2024_Cont04_Null_W29_gill_S265
This is cutadapt 5.2 with Python 3.13.15
Command line parameters: -j 6 -g GTGYCAGCMGCCGCGGTAA -G GGACTACNVGGGTWTCTAAT -o /scratch4/workspace/jade_fiorilla_student_uml_edu-rawseqorcc/trimmed-cutadapt-fastp/2024_Cont04_Null_W29_gill_S265_R1_trim.fastq -p /scratch4/workspace/jade_fiorilla_student_uml_edu-rawseqorcc/trimmed-cutadapt-fastp/2024_Cont04_Null_W29_gill_S265_R2_trim.fastq /scratch4/workspace/jade_fiorilla_student_uml_edu-rawseqorcc/trimmed-fastp/2024_Cont04_Null_W29_gill_S265_R1_trim.fastq.gz /scratch4/workspace/jade_fiorilla_student_uml_edu-rawseqorcc/trimmed-fastp/2024_Cont04_Null_W29_gill_S265_R2_trim.fastq.gz
Processing paired-end reads on 6 cores ...

=== Summary ===

Total read pairs processed:            554,765
  Read 1 with adapter:                 513,215 (92.5%)
  Read 2 with adapter:                 490,197 (88.4%)
Pairs written (passing filters):       554,765 (100.0%)

Total basepairs processed:   288,915,615 bp
  Read 1:   144,472,319 bp
  Read 2:   144,443,296 bp
Total written (filtered):    268,357,399 bp (92.9%)
  Read 1:   134,207,930 bp
  Read 2:   134,149,469 bp

=== First read: Adapter 1 ===

Sequence: GTGYCAGCMGCCGCGGTAA; Type: regular 5'; Length: 19; Trimmed: 513215 times

Minimum overlap: 3
No. of allowed errors:
1-9 bp: 0; 10-19 bp: 1

Overview of removed sequences
length	count	expect	max.err	error counts
3	1	8668.2	0	1
9	1	2.1	0	1
12	15	0.0	1	13 2
13	3	0.0	1	3
14	3	0.0	1	2 1
15	5	0.0	1	4 1
16	13	0.0	1	5 8
17	9	0.0	1	4 5
18	55	0.0	1	28 27
19	1749	0.0	1	297 1452
20	509683	0.0	1	454025 55658
21	1356	0.0	1	454 902
22	293	0.0	1	275 18
23	5	0.0	1	5
24	3	0.0	1	2 1
25	3	0.0	1	2 1
26	1	0.0	1	0 1
27	2	0.0	1	2
29	1	0.0	1	0 1
31	1	0.0	1	1
33	3	0.0	1	2 1
34	3	0.0	1	3
35	2	0.0	1	2
36	1	0.0	1	1
41	2	0.0	1	1 1
43	2	0.0	1	2


=== Second read: Adapter 2 ===

Sequence: GGACTACNVGGGTWTCTAAT; Type: regular 5'; Length: 20; Trimmed: 490197 times

Minimum overlap: 3
No. of allowed errors:
1-9 bp: 0; 10-19 bp: 1

Overview of removed sequences
length	count	expect	max.err	error counts
3	1	8668.2	0	1
12	1	0.0	1	1
13	2	0.0	1	2
14	6	0.0	1	2 4
15	3	0.0	1	3
16	4	0.0	1	2 2
17	6	0.0	1	3 3
18	10	0.0	1	8 2
19	27	0.0	1	16 11
20	2017	0.0	1	217 1800
21	486501	0.0	1	455977 30524
22	1455	0.0	1	530 925
23	149	0.0	1	140 9
24	1	0.0	1	1
25	1	0.0	1	1
26	2	0.0	1	1 1
27	1	0.0	1	1
30	1	0.0	1	1
31	1	0.0	1	0 1
32	1	0.0	1	1
33	1	0.0	1	0 1
37	2	0.0	1	0 2
38	1	0.0	1	1
40	1	0.0	1	1
47	2	0.0	1	2
Running cutadapt on: 2024_Cont04_Null_W29_gut_S77
This is cutadapt 5.2 with Python 3.13.15
Command line parameters: -j 6 -g GTGYCAGCMGCCGCGGTAA -G GGACTACNVGGGTWTCTAAT -o /scratch4/workspace/jade_fiorilla_student_uml_edu-rawseqorcc/trimmed-cutadapt-fastp/2024_Cont04_Null_W29_gut_S77_R1_trim.fastq -p /scratch4/workspace/jade_fiorilla_student_uml_edu-rawseqorcc/trimmed-cutadapt-fastp/2024_Cont04_Null_W29_gut_S77_R2_trim.fastq /scratch4/workspace/jade_fiorilla_student_uml_edu-rawseqorcc/trimmed-fastp/2024_Cont04_Null_W29_gut_S77_R1_trim.fastq.gz /scratch4/workspace/jade_fiorilla_student_uml_edu-rawseqorcc/trimmed-fastp/2024_Cont04_Null_W29_gut_S77_R2_trim.fastq.gz
Processing paired-end reads on 6 cores ...

=== Summary ===

Total read pairs processed:            765,623
  Read 1 with adapter:                 687,552 (89.8%)
  Read 2 with adapter:                 600,840 (78.5%)
Pairs written (passing filters):       765,623 (100.0%)

Total basepairs processed:   361,982,007 bp
  Read 1:   181,026,322 bp
  Read 2:   180,955,685 bp
Total written (filtered):    335,607,321 bp (92.7%)
  Read 1:   167,271,915 bp
  Read 2:   168,335,406 bp

=== First read: Adapter 1 ===

Sequence: GTGYCAGCMGCCGCGGTAA; Type: regular 5'; Length: 19; Trimmed: 687552 times

Minimum overlap: 3
No. of allowed errors:
1-9 bp: 0; 10-19 bp: 1

Overview of removed sequences
length	count	expect	max.err	error counts
3	7	11962.9	0	7
10	2	0.7	1	2
11	1	0.2	1	0 1
12	22	0.0	1	21 1
13	1	0.0	1	1
14	14	0.0	1	4 10
15	10	0.0	1	5 5
16	18	0.0	1	12 6
17	16	0.0	1	12 4
18	79	0.0	1	24 55
19	4047	0.0	1	1542 2505
20	677489	0.0	1	581798 95691
21	3885	0.0	1	2048 1837
22	1918	0.0	1	1724 194
23	10	0.0	1	6 4
24	2	0.0	1	2
25	1	0.0	1	1
26	2	0.0	1	2
27	1	0.0	1	0 1
28	3	0.0	1	3
29	1	0.0	1	0 1
30	4	0.0	1	4
31	3	0.0	1	1 2
32	2	0.0	1	2
33	3	0.0	1	3
35	4	0.0	1	3 1
36	1	0.0	1	1
38	1	0.0	1	0 1
39	1	0.0	1	1
40	3	0.0	1	2 1
52	1	0.0	1	0 1


=== Second read: Adapter 2 ===

Sequence: GGACTACNVGGGTWTCTAAT; Type: regular 5'; Length: 20; Trimmed: 600840 times

Minimum overlap: 3
No. of allowed errors:
1-9 bp: 0; 10-19 bp: 1

Overview of removed sequences
length	count	expect	max.err	error counts
3	5	11962.9	0	5
9	1	2.9	0	1
11	4	0.2	1	0 4
12	2	0.0	1	2
13	4	0.0	1	4
14	10	0.0	1	4 6
15	8	0.0	1	3 5
16	6	0.0	1	4 2
17	6	0.0	1	2 4
18	4	0.0	1	4
19	33	0.0	1	21 12
20	3210	0.0	1	902 2308
21	593277	0.0	1	580935 12342
22	2456	0.0	1	1318 1138
23	1784	0.0	1	1702 82
24	7	0.0	1	6 1
25	1	0.0	1	1
26	2	0.0	1	2
28	2	0.0	1	2
29	5	0.0	1	5
30	3	0.0	1	2 1
32	1	0.0	1	1
33	2	0.0	1	2
37	5	0.0	1	5
39	2	0.0	1	2
Running cutadapt on: 2024_Cont05_Both04_W46_gill_S226
This is cutadapt 5.2 with Python 3.13.15
Command line parameters: -j 6 -g GTGYCAGCMGCCGCGGTAA -G GGACTACNVGGGTWTCTAAT -o /scratch4/workspace/jade_fiorilla_student_uml_edu-rawseqorcc/trimmed-cutadapt-fastp/2024_Cont05_Both04_W46_gill_S226_R1_trim.fastq -p /scratch4/workspace/jade_fiorilla_student_uml_edu-rawseqorcc/trimmed-cutadapt-fastp/2024_Cont05_Both04_W46_gill_S226_R2_trim.fastq /scratch4/workspace/jade_fiorilla_student_uml_edu-rawseqorcc/trimmed-fastp/2024_Cont05_Both04_W46_gill_S226_R1_trim.fastq.gz /scratch4/workspace/jade_fiorilla_student_uml_edu-rawseqorcc/trimmed-fastp/2024_Cont05_Both04_W46_gill_S226_R2_trim.fastq.gz
Processing paired-end reads on 6 cores ...

=== Summary ===

Total read pairs processed:            923,851
  Read 1 with adapter:                 787,875 (85.3%)
  Read 2 with adapter:                 716,884 (77.6%)
Pairs written (passing filters):       923,851 (100.0%)

Total basepairs processed:   429,520,311 bp
  Read 1:   214,796,566 bp
  Read 2:   214,723,745 bp
Total written (filtered):    397,215,590 bp (92.5%)
  Read 1:   198,256,169 bp
  Read 2:   198,959,421 bp

=== First read: Adapter 1 ===

Sequence: GTGYCAGCMGCCGCGGTAA; Type: regular 5'; Length: 19; Trimmed: 787875 times

Minimum overlap: 3
No. of allowed errors:
1-9 bp: 0; 10-19 bp: 1

Overview of removed sequences
length	count	expect	max.err	error counts
3	10	14435.2	0	10
9	1	3.5	0	1
10	1	0.9	1	0 1
12	24	0.1	1	21 3
13	1	0.0	1	1
14	10	0.0	1	8 2
15	1	0.0	1	0 1
16	15	0.0	1	8 7
17	6	0.0	1	3 3
18	52	0.0	1	28 24
19	1502	0.0	1	1358 144
20	3615	0.0	1	1794 1821
21	780898	0.0	1	647778 133120
22	1677	0.0	1	531 1146
23	7	0.0	1	4 3
24	6	0.0	1	5 1
25	8	0.0	1	7 1
27	2	0.0	1	2
28	1	0.0	1	1
29	2	0.0	1	2
30	1	0.0	1	1
33	1	0.0	1	1
34	3	0.0	1	1 2
35	7	0.0	1	7
36	5	0.0	1	4 1
37	7	0.0	1	7
39	4	0.0	1	3 1
41	1	0.0	1	0 1
43	3	0.0	1	3
51	4	0.0	1	0 4


=== Second read: Adapter 2 ===

Sequence: GGACTACNVGGGTWTCTAAT; Type: regular 5'; Length: 20; Trimmed: 716884 times

Minimum overlap: 3
No. of allowed errors:
1-9 bp: 0; 10-19 bp: 1

Overview of removed sequences
length	count	expect	max.err	error counts
3	1	14435.2	0	1
9	3	3.5	0	3
10	1	0.9	1	1
11	6	0.2	1	5 1
12	2	0.1	1	1 1
13	3	0.0	1	3
14	17	0.0	1	5 12
15	7	0.0	1	1 6
16	3	0.0	1	1 2
17	23	0.0	1	20 3
18	28	0.0	1	21 7
19	31	0.0	1	19 12
20	551	0.0	1	466 85
21	7395	0.0	1	2227 5168
22	707078	0.0	1	616157 90921
23	1697	0.0	1	648 1049
24	5	0.0	1	5
25	3	0.0	1	3
26	1	0.0	1	1
27	2	0.0	1	0 2
28	4	0.0	1	4
29	1	0.0	1	1
30	2	0.0	1	1 1
31	1	0.0	1	1
32	2	0.0	1	0 2
33	5	0.0	1	3 2
37	4	0.0	1	1 3
39	2	0.0	1	0 2
41	2	0.0	1	0 2
42	1	0.0	1	0 1
44	3	0.0	1	3
Running cutadapt on: 2024_Cont05_Both04_W46_gut_S47
This is cutadapt 5.2 with Python 3.13.15
Command line parameters: -j 6 -g GTGYCAGCMGCCGCGGTAA -G GGACTACNVGGGTWTCTAAT -o /scratch4/workspace/jade_fiorilla_student_uml_edu-rawseqorcc/trimmed-cutadapt-fastp/2024_Cont05_Both04_W46_gut_S47_R1_trim.fastq -p /scratch4/workspace/jade_fiorilla_student_uml_edu-rawseqorcc/trimmed-cutadapt-fastp/2024_Cont05_Both04_W46_gut_S47_R2_trim.fastq /scratch4/workspace/jade_fiorilla_student_uml_edu-rawseqorcc/trimmed-fastp/2024_Cont05_Both04_W46_gut_S47_R1_trim.fastq.gz /scratch4/workspace/jade_fiorilla_student_uml_edu-rawseqorcc/trimmed-fastp/2024_Cont05_Both04_W46_gut_S47_R2_trim.fastq.gz
Processing paired-end reads on 6 cores ...

=== Summary ===

Total read pairs processed:            789,999
  Read 1 with adapter:                 654,669 (82.9%)
  Read 2 with adapter:                 555,688 (70.3%)
Pairs written (passing filters):       789,999 (100.0%)

Total basepairs processed:   340,410,442 bp
  Read 1:   170,271,118 bp
  Read 2:   170,139,324 bp
Total written (filtered):    313,432,807 bp (92.1%)
  Read 1:   155,972,597 bp
  Read 2:   157,460,210 bp

=== First read: Adapter 1 ===

Sequence: GTGYCAGCMGCCGCGGTAA; Type: regular 5'; Length: 19; Trimmed: 654669 times

Minimum overlap: 3
No. of allowed errors:
1-9 bp: 0; 10-19 bp: 1

Overview of removed sequences
length	count	expect	max.err	error counts
3	3037	12343.7	0	3037
4	2	3085.9	0	2
8	2	12.1	0	2
9	16	3.0	0	16
10	2	0.8	1	2
11	2	0.2	1	2
12	133	0.0	1	110 23
13	24	0.0	1	18 6
14	10	0.0	1	5 5
15	22	0.0	1	17 5
16	56	0.0	1	47 9
17	48	0.0	1	25 23
18	100	0.0	1	47 53
19	11731	0.0	1	5412 6319
20	2406	0.0	1	1629 777
21	5425	0.0	1	1945 3480
22	630344	0.0	1	522136 108208
23	1247	0.0	1	383 864
24	4	0.0	1	4
25	3	0.0	1	3
26	9	0.0	1	7 2
27	3	0.0	1	2 1
28	4	0.0	1	1 3
29	5	0.0	1	5
33	3	0.0	1	0 3
34	3	0.0	1	3
36	4	0.0	1	3 1
37	3	0.0	1	3
38	2	0.0	1	1 1
39	5	0.0	1	3 2
40	4	0.0	1	3 1
48	7	0.0	1	1 6
49	1	0.0	1	1
56	2	0.0	1	2


=== Second read: Adapter 2 ===

Sequence: GGACTACNVGGGTWTCTAAT; Type: regular 5'; Length: 20; Trimmed: 555688 times

Minimum overlap: 3
No. of allowed errors:
1-9 bp: 0; 10-19 bp: 1

Overview of removed sequences
length	count	expect	max.err	error counts
3	3791	12343.7	0	3791
5	2	771.5	0	2
8	1	12.1	0	1
9	1	3.0	0	1
10	3	0.8	1	3
11	3	0.2	1	1 2
12	2	0.0	1	2
14	5	0.0	1	1 4
15	8	0.0	1	0 8
16	3	0.0	1	2 1
17	12	0.0	1	11 1
18	20	0.0	1	19 1
19	77	0.0	1	25 52
20	6962	0.0	1	6655 307
21	1062	0.0	1	942 120
22	4170	0.0	1	1285 2885
23	537801	0.0	1	523657 14144
24	1729	0.0	1	533 1196
25	5	0.0	1	4 1
26	2	0.0	1	2
27	7	0.0	1	7
28	2	0.0	1	2
30	3	0.0	1	3
33	3	0.0	1	3
34	1	0.0	1	0 1
35	2	0.0	1	1 1
36	3	0.0	1	3
37	2	0.0	1	1 1
39	2	0.0	1	2
41	1	0.0	1	1
45	1	0.0	1	1
50	2	0.0	1	2
Running cutadapt on: 2024_Cont05_Cont03_W33_gill_S61
This is cutadapt 5.2 with Python 3.13.15
Command line parameters: -j 6 -g GTGYCAGCMGCCGCGGTAA -G GGACTACNVGGGTWTCTAAT -o /scratch4/workspace/jade_fiorilla_student_uml_edu-rawseqorcc/trimmed-cutadapt-fastp/2024_Cont05_Cont03_W33_gill_S61_R1_trim.fastq -p /scratch4/workspace/jade_fiorilla_student_uml_edu-rawseqorcc/trimmed-cutadapt-fastp/2024_Cont05_Cont03_W33_gill_S61_R2_trim.fastq /scratch4/workspace/jade_fiorilla_student_uml_edu-rawseqorcc/trimmed-fastp/2024_Cont05_Cont03_W33_gill_S61_R1_trim.fastq.gz /scratch4/workspace/jade_fiorilla_student_uml_edu-rawseqorcc/trimmed-fastp/2024_Cont05_Cont03_W33_gill_S61_R2_trim.fastq.gz
Processing paired-end reads on 6 cores ...

=== Summary ===

Total read pairs processed:            819,054
  Read 1 with adapter:                 719,045 (87.8%)
  Read 2 with adapter:                 685,218 (83.7%)
Pairs written (passing filters):       819,054 (100.0%)

Total basepairs processed:   409,430,045 bp
  Read 1:   204,757,882 bp
  Read 2:   204,672,163 bp
Total written (filtered):    377,983,398 bp (92.3%)
  Read 1:   189,010,367 bp
  Read 2:   188,973,031 bp

=== First read: Adapter 1 ===

Sequence: GTGYCAGCMGCCGCGGTAA; Type: regular 5'; Length: 19; Trimmed: 719045 times

Minimum overlap: 3
No. of allowed errors:
1-9 bp: 0; 10-19 bp: 1

Overview of removed sequences
length	count	expect	max.err	error counts
3	2123	12797.7	0	2123
9	8	3.1	0	8
10	2	0.8	1	1 1
11	7	0.2	1	6 1
12	146	0.0	1	118 28
13	10	0.0	1	4 6
14	16	0.0	1	12 4
15	38	0.0	1	23 15
16	76	0.0	1	54 22
17	60	0.0	1	19 41
18	128	0.0	1	83 45
19	2493	0.0	1	1368 1125
20	4586	0.0	1	3318 1268
21	13205	0.0	1	7763 5442
22	694457	0.0	1	628358 66099
23	1637	0.0	1	520 1117
24	5	0.0	1	3 2
25	2	0.0	1	2
26	10	0.0	1	9 1
27	3	0.0	1	3
28	2	0.0	1	2
29	5	0.0	1	3 2
30	2	0.0	1	2
32	1	0.0	1	1
33	4	0.0	1	3 1
34	1	0.0	1	1
35	4	0.0	1	2 2
36	4	0.0	1	4
37	1	0.0	1	1
38	4	0.0	1	4
39	1	0.0	1	1
43	1	0.0	1	1
45	2	0.0	1	2
49	1	0.0	1	1


=== Second read: Adapter 2 ===

Sequence: GGACTACNVGGGTWTCTAAT; Type: regular 5'; Length: 20; Trimmed: 685218 times

Minimum overlap: 3
No. of allowed errors:
1-9 bp: 0; 10-19 bp: 1

Overview of removed sequences
length	count	expect	max.err	error counts
3	2115	12797.7	0	2115
4	2	3199.4	0	2
5	2	799.9	0	2
10	3	0.8	1	3
11	4	0.2	1	2 2
12	3	0.0	1	3
13	4	0.0	1	3 1
14	20	0.0	1	12 8
15	9	0.0	1	5 4
16	14	0.0	1	3 11
17	30	0.0	1	23 7
18	25	0.0	1	18 7
19	55	0.0	1	34 21
20	805	0.0	1	746 59
21	2076	0.0	1	1853 223
22	12845	0.0	1	9123 3722
23	665405	0.0	1	652552 12853
24	1776	0.0	1	685 1091
25	3	0.0	1	3
26	3	0.0	1	1 2
27	6	0.0	1	6
29	2	0.0	1	2
30	1	0.0	1	1
31	3	0.0	1	2 1
32	2	0.0	1	2
33	1	0.0	1	1
34	1	0.0	1	1
36	1	0.0	1	1
37	1	0.0	1	1
38	1	0.0	1	1
Running cutadapt on: 2024_Cont05_Cont03_W33_gut_S62
This is cutadapt 5.2 with Python 3.13.15
Command line parameters: -j 6 -g GTGYCAGCMGCCGCGGTAA -G GGACTACNVGGGTWTCTAAT -o /scratch4/workspace/jade_fiorilla_student_uml_edu-rawseqorcc/trimmed-cutadapt-fastp/2024_Cont05_Cont03_W33_gut_S62_R1_trim.fastq -p /scratch4/workspace/jade_fiorilla_student_uml_edu-rawseqorcc/trimmed-cutadapt-fastp/2024_Cont05_Cont03_W33_gut_S62_R2_trim.fastq /scratch4/workspace/jade_fiorilla_student_uml_edu-rawseqorcc/trimmed-fastp/2024_Cont05_Cont03_W33_gut_S62_R1_trim.fastq.gz /scratch4/workspace/jade_fiorilla_student_uml_edu-rawseqorcc/trimmed-fastp/2024_Cont05_Cont03_W33_gut_S62_R2_trim.fastq.gz
Processing paired-end reads on 6 cores ...

=== Summary ===

Total read pairs processed:            702,740
  Read 1 with adapter:                 603,112 (85.8%)
  Read 2 with adapter:                 540,209 (76.9%)
Pairs written (passing filters):       702,740 (100.0%)

Total basepairs processed:   328,322,299 bp
  Read 1:   164,209,583 bp
  Read 2:   164,112,716 bp
Total written (filtered):    302,765,098 bp (92.2%)
  Read 1:   151,010,136 bp
  Read 2:   151,754,962 bp

=== First read: Adapter 1 ===

Sequence: GTGYCAGCMGCCGCGGTAA; Type: regular 5'; Length: 19; Trimmed: 603112 times

Minimum overlap: 3
No. of allowed errors:
1-9 bp: 0; 10-19 bp: 1

Overview of removed sequences
length	count	expect	max.err	error counts
3	2107	10980.3	0	2107
8	1	10.7	0	1
9	1	2.7	0	1
10	3	0.7	1	3
11	3	0.2	1	2 1
12	124	0.0	1	113 11
13	13	0.0	1	11 2
14	6	0.0	1	3 3
15	18	0.0	1	9 9
16	66	0.0	1	50 16
17	41	0.0	1	20 21
18	103	0.0	1	58 45
19	3241	0.0	1	1774 1467
20	3591	0.0	1	2291 1300
21	11278	0.0	1	6702 4576
22	581179	0.0	1	504895 76284
23	1278	0.0	1	422 856
24	10	0.0	1	7 3
25	14	0.0	1	13 1
27	2	0.0	1	1 1
28	5	0.0	1	4 1
29	2	0.0	1	2
30	3	0.0	1	1 2
31	1	0.0	1	1
33	1	0.0	1	1
34	3	0.0	1	3
35	3	0.0	1	2 1
37	2	0.0	1	2
39	1	0.0	1	0 1
40	2	0.0	1	2
43	6	0.0	1	6
48	1	0.0	1	1
49	1	0.0	1	1
54	2	0.0	1	1 1


=== Second read: Adapter 2 ===

Sequence: GGACTACNVGGGTWTCTAAT; Type: regular 5'; Length: 20; Trimmed: 540209 times

Minimum overlap: 3
No. of allowed errors:
1-9 bp: 0; 10-19 bp: 1

Overview of removed sequences
length	count	expect	max.err	error counts
3	2539	10980.3	0	2539
4	1	2745.1	0	1
11	14	0.2	1	14
12	2	0.0	1	2
13	3	0.0	1	0 3
14	3	0.0	1	2 1
15	7	0.0	1	0 7
16	5	0.0	1	4 1
17	12	0.0	1	8 4
18	20	0.0	1	11 9
19	27	0.0	1	19 8
20	1176	0.0	1	1097 79
21	1474	0.0	1	1324 150
22	10780	0.0	1	7829 2951
23	522724	0.0	1	510850 11874
24	1392	0.0	1	514 878
25	4	0.0	1	4
26	2	0.0	1	0 2
27	5	0.0	1	4 1
29	4	0.0	1	4
30	3	0.0	1	3
31	3	0.0	1	3
32	3	0.0	1	3
34	1	0.0	1	1
36	1	0.0	1	1
37	1	0.0	1	1
39	1	0.0	1	1
45	2	0.0	1	2
Running cutadapt on: 2024_Cont05_Warm01_W9_gill_S201
This is cutadapt 5.2 with Python 3.13.15
Command line parameters: -j 6 -g GTGYCAGCMGCCGCGGTAA -G GGACTACNVGGGTWTCTAAT -o /scratch4/workspace/jade_fiorilla_student_uml_edu-rawseqorcc/trimmed-cutadapt-fastp/2024_Cont05_Warm01_W9_gill_S201_R1_trim.fastq -p /scratch4/workspace/jade_fiorilla_student_uml_edu-rawseqorcc/trimmed-cutadapt-fastp/2024_Cont05_Warm01_W9_gill_S201_R2_trim.fastq /scratch4/workspace/jade_fiorilla_student_uml_edu-rawseqorcc/trimmed-fastp/2024_Cont05_Warm01_W9_gill_S201_R1_trim.fastq.gz /scratch4/workspace/jade_fiorilla_student_uml_edu-rawseqorcc/trimmed-fastp/2024_Cont05_Warm01_W9_gill_S201_R2_trim.fastq.gz
Processing paired-end reads on 6 cores ...

=== Summary ===

Total read pairs processed:            648,091
  Read 1 with adapter:                 426,682 (65.8%)
  Read 2 with adapter:                 502,261 (77.5%)
Pairs written (passing filters):       648,091 (100.0%)

Total basepairs processed:   272,362,956 bp
  Read 1:   136,186,798 bp
  Read 2:   136,176,158 bp
Total written (filtered):    251,586,667 bp (92.4%)
  Read 1:   126,903,230 bp
  Read 2:   124,683,437 bp

=== First read: Adapter 1 ===

Sequence: GTGYCAGCMGCCGCGGTAA; Type: regular 5'; Length: 19; Trimmed: 426682 times

Minimum overlap: 3
No. of allowed errors:
1-9 bp: 0; 10-19 bp: 1

Overview of removed sequences
length	count	expect	max.err	error counts
3	5102	10126.4	0	5102
4	4	2531.6	0	4
9	6	2.5	0	6
11	4	0.2	1	3 1
12	99	0.0	1	59 40
13	11	0.0	1	3 8
14	14	0.0	1	7 7
15	7	0.0	1	5 2
16	48	0.0	1	28 20
17	18	0.0	1	8 10
18	62	0.0	1	34 28
19	836	0.0	1	775 61
20	556	0.0	1	397 159
21	2433	0.0	1	848 1585
22	416163	0.0	1	305041 111122
23	1285	0.0	1	213 1072
24	5	0.0	1	5
25	1	0.0	1	1
26	2	0.0	1	1 1
28	8	0.0	1	3 5
29	1	0.0	1	1
30	4	0.0	1	4
31	1	0.0	1	0 1
32	1	0.0	1	0 1
33	1	0.0	1	0 1
34	1	0.0	1	1
38	2	0.0	1	1 1
39	1	0.0	1	0 1
41	1	0.0	1	1
43	3	0.0	1	0 3
47	1	0.0	1	1
56	1	0.0	1	0 1


=== Second read: Adapter 2 ===

Sequence: GGACTACNVGGGTWTCTAAT; Type: regular 5'; Length: 20; Trimmed: 502261 times

Minimum overlap: 3
No. of allowed errors:
1-9 bp: 0; 10-19 bp: 1

Overview of removed sequences
length	count	expect	max.err	error counts
3	2482	10126.4	0	2482
7	1	39.6	0	1
11	2	0.2	1	1 1
12	3	0.0	1	3
13	2	0.0	1	1 1
14	12	0.0	1	6 6
15	14	0.0	1	6 8
16	6	0.0	1	3 3
17	11	0.0	1	9 2
18	14	0.0	1	7 7
19	45	0.0	1	28 17
20	1348	0.0	1	1274 74
21	242	0.0	1	204 38
22	7392	0.0	1	824 6568
23	488012	0.0	1	452433 35579
24	2645	0.0	1	429 2216
25	5	0.0	1	2 3
26	4	0.0	1	3 1
27	3	0.0	1	3
28	4	0.0	1	4
29	1	0.0	1	1
30	1	0.0	1	1
31	1	0.0	1	0 1
32	1	0.0	1	1
35	3	0.0	1	0 3
37	1	0.0	1	1
38	1	0.0	1	1
44	1	0.0	1	0 1
49	1	0.0	1	0 1
59	3	0.0	1	3
Running cutadapt on: 2024_Cont05_Warm01_W9_gut_S10
This is cutadapt 5.2 with Python 3.13.15
Command line parameters: -j 6 -g GTGYCAGCMGCCGCGGTAA -G GGACTACNVGGGTWTCTAAT -o /scratch4/workspace/jade_fiorilla_student_uml_edu-rawseqorcc/trimmed-cutadapt-fastp/2024_Cont05_Warm01_W9_gut_S10_R1_trim.fastq -p /scratch4/workspace/jade_fiorilla_student_uml_edu-rawseqorcc/trimmed-cutadapt-fastp/2024_Cont05_Warm01_W9_gut_S10_R2_trim.fastq /scratch4/workspace/jade_fiorilla_student_uml_edu-rawseqorcc/trimmed-fastp/2024_Cont05_Warm01_W9_gut_S10_R1_trim.fastq.gz /scratch4/workspace/jade_fiorilla_student_uml_edu-rawseqorcc/trimmed-fastp/2024_Cont05_Warm01_W9_gut_S10_R2_trim.fastq.gz
Processing paired-end reads on 6 cores ...

=== Summary ===

Total read pairs processed:            863,978
  Read 1 with adapter:                 773,609 (89.5%)
  Read 2 with adapter:                 728,633 (84.3%)
Pairs written (passing filters):       863,978 (100.0%)

Total basepairs processed:   437,745,836 bp
  Read 1:   218,910,689 bp
  Read 2:   218,835,147 bp
Total written (filtered):    404,092,999 bp (92.3%)
  Read 1:   201,956,453 bp
  Read 2:   202,136,546 bp

=== First read: Adapter 1 ===

Sequence: GTGYCAGCMGCCGCGGTAA; Type: regular 5'; Length: 19; Trimmed: 773609 times

Minimum overlap: 3
No. of allowed errors:
1-9 bp: 0; 10-19 bp: 1

Overview of removed sequences
length	count	expect	max.err	error counts
3	1953	13499.7	0	1953
8	1	13.2	0	1
9	6	3.3	0	6
11	1	0.2	1	1
12	104	0.1	1	97 7
13	19	0.0	1	11 8
14	12	0.0	1	6 6
15	17	0.0	1	9 8
16	56	0.0	1	41 15
17	52	0.0	1	29 23
18	110	0.0	1	63 47
19	3316	0.0	1	1664 1652
20	3364	0.0	1	2664 700
21	11203	0.0	1	7646 3557
22	751606	0.0	1	687054 64552
23	1723	0.0	1	551 1172
24	9	0.0	1	9
25	8	0.0	1	7 1
26	4	0.0	1	3 1
27	2	0.0	1	2
29	2	0.0	1	1 1
30	5	0.0	1	5
31	5	0.0	1	3 2
32	1	0.0	1	1
33	3	0.0	1	3
34	3	0.0	1	3
35	4	0.0	1	4
36	5	0.0	1	4 1
37	3	0.0	1	0 3
38	4	0.0	1	4
41	2	0.0	1	2
42	2	0.0	1	2
46	1	0.0	1	0 1
48	2	0.0	1	2
57	1	0.0	1	0 1


=== Second read: Adapter 2 ===

Sequence: GGACTACNVGGGTWTCTAAT; Type: regular 5'; Length: 20; Trimmed: 728633 times

Minimum overlap: 3
No. of allowed errors:
1-9 bp: 0; 10-19 bp: 1

Overview of removed sequences
length	count	expect	max.err	error counts
3	2110	13499.7	0	2110
4	2	3374.9	0	2
5	2	843.7	0	2
8	1	13.2	0	1
9	4	3.3	0	4
10	7	0.8	1	7
11	2	0.2	1	2
12	6	0.1	1	4 2
13	1	0.0	1	1
14	20	0.0	1	11 9
15	12	0.0	1	6 6
16	9	0.0	1	7 2
17	20	0.0	1	15 5
18	17	0.0	1	12 5
19	61	0.0	1	37 24
20	979	0.0	1	910 69
21	1599	0.0	1	1438 161
22	12784	0.0	1	8810 3974
23	709048	0.0	1	685333 23715
24	1908	0.0	1	675 1233
25	9	0.0	1	7 2
26	2	0.0	1	2
27	3	0.0	1	3
28	3	0.0	1	3
29	2	0.0	1	2
31	4	0.0	1	4
32	2	0.0	1	1 1
33	2	0.0	1	1 1
35	4	0.0	1	3 1
38	1	0.0	1	1
40	1	0.0	1	1
41	2	0.0	1	2
43	4	0.0	1	4
46	1	0.0	1	1
48	1	0.0	1	1
Running cutadapt on: 2024_Cont05_Warm04_W45_gill_S202
This is cutadapt 5.2 with Python 3.13.15
Command line parameters: -j 6 -g GTGYCAGCMGCCGCGGTAA -G GGACTACNVGGGTWTCTAAT -o /scratch4/workspace/jade_fiorilla_student_uml_edu-rawseqorcc/trimmed-cutadapt-fastp/2024_Cont05_Warm04_W45_gill_S202_R1_trim.fastq -p /scratch4/workspace/jade_fiorilla_student_uml_edu-rawseqorcc/trimmed-cutadapt-fastp/2024_Cont05_Warm04_W45_gill_S202_R2_trim.fastq /scratch4/workspace/jade_fiorilla_student_uml_edu-rawseqorcc/trimmed-fastp/2024_Cont05_Warm04_W45_gill_S202_R1_trim.fastq.gz /scratch4/workspace/jade_fiorilla_student_uml_edu-rawseqorcc/trimmed-fastp/2024_Cont05_Warm04_W45_gill_S202_R2_trim.fastq.gz
Processing paired-end reads on 6 cores ...

=== Summary ===

Total read pairs processed:          1,993,657
  Read 1 with adapter:               1,987,444 (99.7%)
  Read 2 with adapter:               1,977,871 (99.2%)
Pairs written (passing filters):     1,993,657 (100.0%)

Total basepairs processed: 1,160,216,673 bp
  Read 1:   580,098,956 bp
  Read 2:   580,117,717 bp
Total written (filtered):  1,082,890,549 bp (93.3%)
  Read 1:   542,332,349 bp
  Read 2:   540,558,200 bp

=== First read: Adapter 1 ===

Sequence: GTGYCAGCMGCCGCGGTAA; Type: regular 5'; Length: 19; Trimmed: 1987444 times

Minimum overlap: 3
No. of allowed errors:
1-9 bp: 0; 10-19 bp: 1

Overview of removed sequences
length	count	expect	max.err	error counts
3	24	31150.9	0	24
8	1	30.4	0	1
9	1	7.6	0	1
11	6	0.5	1	3 3
12	55	0.1	1	45 10
13	2	0.0	1	2
14	9	0.0	1	0 9
15	7	0.0	1	7
16	47	0.0	1	29 18
17	80	0.0	1	61 19
18	4699	0.0	1	804 3895
19	1976157	0.0	1	1931600 44557
20	3928	0.0	1	981 2947
21	582	0.0	1	496 86
22	1794	0.0	1	1264 530
23	7	0.0	1	3 4
24	2	0.0	1	2
25	1	0.0	1	1
27	2	0.0	1	2
28	5	0.0	1	5
29	4	0.0	1	4
30	4	0.0	1	1 3
31	9	0.0	1	6 3
32	5	0.0	1	5
33	1	0.0	1	1
36	2	0.0	1	2
37	3	0.0	1	1 2
39	3	0.0	1	3
40	1	0.0	1	1
42	1	0.0	1	1
43	1	0.0	1	1
47	1	0.0	1	1


=== Second read: Adapter 2 ===

Sequence: GGACTACNVGGGTWTCTAAT; Type: regular 5'; Length: 20; Trimmed: 1977871 times

Minimum overlap: 3
No. of allowed errors:
1-9 bp: 0; 10-19 bp: 1

Overview of removed sequences
length	count	expect	max.err	error counts
3	21	31150.9	0	21
9	8	7.6	0	8
10	1	1.9	1	0 1
11	12	0.5	1	12
12	7	0.1	1	4 3
13	17	0.0	1	16 1
14	27	0.0	1	12 15
15	9	0.0	1	4 5
16	31	0.0	1	10 21
17	28	0.0	1	24 4
18	63	0.0	1	49 14
19	8085	0.0	1	1042 7043
20	1962560	0.0	1	1923277 39283
21	4825	0.0	1	1232 3593
22	252	0.0	1	205 47
23	1873	0.0	1	1757 116
24	12	0.0	1	6 6
25	3	0.0	1	3
26	3	0.0	1	1 2
27	4	0.0	1	3 1
29	4	0.0	1	3 1
30	3	0.0	1	3
31	3	0.0	1	2 1
32	4	0.0	1	4
34	2	0.0	1	2
35	4	0.0	1	4
36	6	0.0	1	6
37	1	0.0	1	1
38	2	0.0	1	2
40	1	0.0	1	1
Running cutadapt on: 2024_Cont05_Warm04_W45_gut_S134
This is cutadapt 5.2 with Python 3.13.15
Command line parameters: -j 6 -g GTGYCAGCMGCCGCGGTAA -G GGACTACNVGGGTWTCTAAT -o /scratch4/workspace/jade_fiorilla_student_uml_edu-rawseqorcc/trimmed-cutadapt-fastp/2024_Cont05_Warm04_W45_gut_S134_R1_trim.fastq -p /scratch4/workspace/jade_fiorilla_student_uml_edu-rawseqorcc/trimmed-cutadapt-fastp/2024_Cont05_Warm04_W45_gut_S134_R2_trim.fastq /scratch4/workspace/jade_fiorilla_student_uml_edu-rawseqorcc/trimmed-fastp/2024_Cont05_Warm04_W45_gut_S134_R1_trim.fastq.gz /scratch4/workspace/jade_fiorilla_student_uml_edu-rawseqorcc/trimmed-fastp/2024_Cont05_Warm04_W45_gut_S134_R2_trim.fastq.gz
Processing paired-end reads on 6 cores ...

=== Summary ===

Total read pairs processed:          1,327,205
  Read 1 with adapter:               1,127,589 (85.0%)
  Read 2 with adapter:               1,097,052 (82.7%)
Pairs written (passing filters):     1,327,205 (100.0%)

Total basepairs processed:   652,693,862 bp
  Read 1:   326,406,217 bp
  Read 2:   326,287,645 bp
Total written (filtered):    602,898,758 bp (92.4%)
  Read 1:   301,730,291 bp
  Read 2:   301,168,467 bp

=== First read: Adapter 1 ===

Sequence: GTGYCAGCMGCCGCGGTAA; Type: regular 5'; Length: 19; Trimmed: 1127589 times

Minimum overlap: 3
No. of allowed errors:
1-9 bp: 0; 10-19 bp: 1

Overview of removed sequences
length	count	expect	max.err	error counts
3	4368	20737.6	0	4368
4	5	5184.4	0	5
8	3	20.3	0	3
9	8	5.1	0	8
10	2	1.3	1	2
11	5	0.3	1	3 2
12	253	0.1	1	233 20
13	27	0.0	1	15 12
14	17	0.0	1	8 9
15	31	0.0	1	24 7
16	96	0.0	1	76 20
17	67	0.0	1	40 27
18	185	0.0	1	115 70
19	5129	0.0	1	4208 921
20	4506	0.0	1	3649 857
21	22101	0.0	1	16636 5465
22	1088103	0.0	1	991949 96154
23	2583	0.0	1	856 1727
24	16	0.0	1	15 1
25	6	0.0	1	4 2
26	13	0.0	1	13
27	9	0.0	1	9
28	3	0.0	1	3
29	10	0.0	1	10
30	3	0.0	1	3
31	2	0.0	1	2
32	2	0.0	1	1 1
33	1	0.0	1	0 1
34	3	0.0	1	1 2
35	2	0.0	1	1 1
36	6	0.0	1	5 1
37	3	0.0	1	3
38	1	0.0	1	1
39	1	0.0	1	1
40	1	0.0	1	0 1
41	1	0.0	1	1
42	3	0.0	1	3
43	2	0.0	1	0 2
44	2	0.0	1	1 1
45	2	0.0	1	2
47	5	0.0	1	5
48	1	0.0	1	1
49	1	0.0	1	1
52	1	0.0	1	1


=== Second read: Adapter 2 ===

Sequence: GGACTACNVGGGTWTCTAAT; Type: regular 5'; Length: 20; Trimmed: 1097052 times

Minimum overlap: 3
No. of allowed errors:
1-9 bp: 0; 10-19 bp: 1

Overview of removed sequences
length	count	expect	max.err	error counts
3	3784	20737.6	0	3784
5	3	1296.1	0	3
9	2	5.1	0	2
10	1	1.3	1	1
11	4	0.3	1	2 2
12	5	0.1	1	4 1
13	9	0.0	1	4 5
14	33	0.0	1	22 11
15	16	0.0	1	8 8
16	16	0.0	1	6 10
17	43	0.0	1	20 23
18	43	0.0	1	25 18
19	79	0.0	1	50 29
20	2497	0.0	1	2381 116
21	2149	0.0	1	1906 243
22	28007	0.0	1	20634 7373
23	1057190	0.0	1	1023979 33211
24	3077	0.0	1	1036 2041
25	14	0.0	1	12 2
26	4	0.0	1	2 2
27	6	0.0	1	5 1
28	9	0.0	1	9
29	3	0.0	1	3
30	5	0.0	1	5
31	2	0.0	1	2
32	1	0.0	1	1
33	7	0.0	1	5 2
34	8	0.0	1	8
35	2	0.0	1	2
36	3	0.0	1	3
37	4	0.0	1	4
39	5	0.0	1	5
40	1	0.0	1	0 1
41	4	0.0	1	4
42	3	0.0	1	3
44	1	0.0	1	1
45	5	0.0	1	5
47	6	0.0	1	6
53	1	0.0	1	1
Running cutadapt on: 2024_Cont06_Both06_W71_gill_S169
This is cutadapt 5.2 with Python 3.13.15
Command line parameters: -j 6 -g GTGYCAGCMGCCGCGGTAA -G GGACTACNVGGGTWTCTAAT -o /scratch4/workspace/jade_fiorilla_student_uml_edu-rawseqorcc/trimmed-cutadapt-fastp/2024_Cont06_Both06_W71_gill_S169_R1_trim.fastq -p /scratch4/workspace/jade_fiorilla_student_uml_edu-rawseqorcc/trimmed-cutadapt-fastp/2024_Cont06_Both06_W71_gill_S169_R2_trim.fastq /scratch4/workspace/jade_fiorilla_student_uml_edu-rawseqorcc/trimmed-fastp/2024_Cont06_Both06_W71_gill_S169_R1_trim.fastq.gz /scratch4/workspace/jade_fiorilla_student_uml_edu-rawseqorcc/trimmed-fastp/2024_Cont06_Both06_W71_gill_S169_R2_trim.fastq.gz
Processing paired-end reads on 6 cores ...

=== Summary ===

Total read pairs processed:          2,107,323
  Read 1 with adapter:               1,442,825 (68.5%)
  Read 2 with adapter:                 963,000 (45.7%)
Pairs written (passing filters):     2,107,323 (100.0%)

Total basepairs processed:   610,433,428 bp
  Read 1:   305,379,721 bp
  Read 2:   305,053,707 bp
Total written (filtered):    561,362,932 bp (92.0%)
  Read 1:   276,527,560 bp
  Read 2:   284,835,372 bp

=== First read: Adapter 1 ===

Sequence: GTGYCAGCMGCCGCGGTAA; Type: regular 5'; Length: 19; Trimmed: 1442825 times

Minimum overlap: 3
No. of allowed errors:
1-9 bp: 0; 10-19 bp: 1

Overview of removed sequences
length	count	expect	max.err	error counts
5	2	2057.9	0	2
9	1	8.0	0	1
10	3	2.0	1	1 2
11	3	0.5	1	2 1
12	78	0.1	1	53 25
13	6	0.0	1	6
14	8	0.0	1	2 6
15	9	0.0	1	3 6
16	63	0.0	1	40 23
17	41	0.0	1	14 27
18	166	0.0	1	57 109
19	10107	0.0	1	5549 4558
20	1426644	0.0	1	883269 543375
21	5559	0.0	1	3071 2488
22	31	0.0	1	21 10
23	4	0.0	1	3 1
24	3	0.0	1	2 1
26	7	0.0	1	1 6
27	3	0.0	1	1 2
28	2	0.0	1	2
29	2	0.0	1	0 2
31	14	0.0	1	5 9
32	7	0.0	1	3 4
33	6	0.0	1	5 1
34	6	0.0	1	2 4
35	9	0.0	1	2 7
36	3	0.0	1	3
37	2	0.0	1	0 2
38	5	0.0	1	3 2
39	4	0.0	1	0 4
40	1	0.0	1	0 1
41	5	0.0	1	2 3
42	1	0.0	1	0 1
43	2	0.0	1	0 2
44	4	0.0	1	1 3
46	3	0.0	1	0 3
48	3	0.0	1	3
49	2	0.0	1	0 2
50	2	0.0	1	2
52	3	0.0	1	0 3
162	1	0.0	1	0 1


=== Second read: Adapter 2 ===

Sequence: GGACTACNVGGGTWTCTAAT; Type: regular 5'; Length: 20; Trimmed: 963000 times

Minimum overlap: 3
No. of allowed errors:
1-9 bp: 0; 10-19 bp: 1

Overview of removed sequences
length	count	expect	max.err	error counts
3	1	32926.9	0	1
10	8	2.0	1	3 5
11	3	0.5	1	1 2
12	6	0.1	1	5 1
13	6	0.0	1	4 2
14	6	0.0	1	1 5
15	6	0.0	1	2 4
16	5	0.0	1	2 3
17	2	0.0	1	2
18	22	0.0	1	16 6
19	71	0.0	1	36 35
20	10299	0.0	1	3655 6644
21	946769	0.0	1	870047 76722
22	5731	0.0	1	2110 3621
23	32	0.0	1	22 10
24	4	0.0	1	4
25	2	0.0	1	2
26	2	0.0	1	2
27	1	0.0	1	1
28	1	0.0	1	0 1
29	2	0.0	1	1 1
30	2	0.0	1	2
32	1	0.0	1	1
33	1	0.0	1	0 1
35	4	0.0	1	4
36	2	0.0	1	2
37	3	0.0	1	3
38	5	0.0	1	2 3
42	1	0.0	1	0 1
45	1	0.0	1	0 1
53	1	0.0	1	0 1
Running cutadapt on: 2024_Cont06_Both06_W71_gut_S170
This is cutadapt 5.2 with Python 3.13.15
Command line parameters: -j 6 -g GTGYCAGCMGCCGCGGTAA -G GGACTACNVGGGTWTCTAAT -o /scratch4/workspace/jade_fiorilla_student_uml_edu-rawseqorcc/trimmed-cutadapt-fastp/2024_Cont06_Both06_W71_gut_S170_R1_trim.fastq -p /scratch4/workspace/jade_fiorilla_student_uml_edu-rawseqorcc/trimmed-cutadapt-fastp/2024_Cont06_Both06_W71_gut_S170_R2_trim.fastq /scratch4/workspace/jade_fiorilla_student_uml_edu-rawseqorcc/trimmed-fastp/2024_Cont06_Both06_W71_gut_S170_R1_trim.fastq.gz /scratch4/workspace/jade_fiorilla_student_uml_edu-rawseqorcc/trimmed-fastp/2024_Cont06_Both06_W71_gut_S170_R2_trim.fastq.gz
Processing paired-end reads on 6 cores ...

=== Summary ===

Total read pairs processed:          1,997,602
  Read 1 with adapter:               1,342,337 (67.2%)
  Read 2 with adapter:                 878,488 (44.0%)
Pairs written (passing filters):     1,997,602 (100.0%)

Total basepairs processed:   561,342,406 bp
  Read 1:   280,835,978 bp
  Read 2:   280,506,428 bp
Total written (filtered):    516,048,256 bp (91.9%)
  Read 1:   253,988,283 bp
  Read 2:   262,059,973 bp

=== First read: Adapter 1 ===

Sequence: GTGYCAGCMGCCGCGGTAA; Type: regular 5'; Length: 19; Trimmed: 1342337 times

Minimum overlap: 3
No. of allowed errors:
1-9 bp: 0; 10-19 bp: 1

Overview of removed sequences
length	count	expect	max.err	error counts
3	17	31212.5	0	17
8	1	30.5	0	1
9	6	7.6	0	6
10	1	1.9	1	1
12	66	0.1	1	40 26
13	10	0.0	1	6 4
14	13	0.0	1	0 13
15	16	0.0	1	9 7
16	31	0.0	1	18 13
17	47	0.0	1	19 28
18	139	0.0	1	43 96
19	8308	0.0	1	4556 3752
20	1325881	0.0	1	828404 497477
21	6572	0.0	1	4162 2410
22	1053	0.0	1	578 475
23	22	0.0	1	5 17
24	9	0.0	1	7 2
25	5	0.0	1	2 3
26	2	0.0	1	2
27	4	0.0	1	3 1
28	4	0.0	1	0 4
29	5	0.0	1	1 4
30	2	0.0	1	2
31	7	0.0	1	2 5
32	5	0.0	1	3 2
33	7	0.0	1	1 6
34	3	0.0	1	3
35	60	0.0	1	55 5
36	4	0.0	1	1 3
37	3	0.0	1	3
38	4	0.0	1	3 1
39	15	0.0	1	14 1
40	3	0.0	1	1 2
41	4	0.0	1	3 1
43	1	0.0	1	1
44	3	0.0	1	3
45	2	0.0	1	1 1
46	1	0.0	1	1
60	1	0.0	1	0 1


=== Second read: Adapter 2 ===

Sequence: GGACTACNVGGGTWTCTAAT; Type: regular 5'; Length: 20; Trimmed: 878488 times

Minimum overlap: 3
No. of allowed errors:
1-9 bp: 0; 10-19 bp: 1

Overview of removed sequences
length	count	expect	max.err	error counts
3	19	31212.5	0	19
10	1	1.9	1	0 1
11	4	0.5	1	4
12	1	0.1	1	0 1
13	7	0.0	1	6 1
14	15	0.0	1	6 9
15	2	0.0	1	1 1
16	8	0.0	1	6 2
17	8	0.0	1	4 4
18	20	0.0	1	11 9
19	47	0.0	1	24 23
20	7116	0.0	1	3085 4031
21	865906	0.0	1	810998 54908
22	4908	0.0	1	2687 2221
23	374	0.0	1	331 43
24	12	0.0	1	2 10
25	2	0.0	1	2
27	4	0.0	1	4
28	3	0.0	1	2 1
29	6	0.0	1	6
30	1	0.0	1	1
31	8	0.0	1	8
32	3	0.0	1	1 2
33	4	0.0	1	3 1
35	1	0.0	1	1
36	4	0.0	1	4
42	2	0.0	1	0 2
43	1	0.0	1	1
44	1	0.0	1	0 1
Running cutadapt on: 2024_Cont06_Cont05_W59_gill_S48
This is cutadapt 5.2 with Python 3.13.15
Command line parameters: -j 6 -g GTGYCAGCMGCCGCGGTAA -G GGACTACNVGGGTWTCTAAT -o /scratch4/workspace/jade_fiorilla_student_uml_edu-rawseqorcc/trimmed-cutadapt-fastp/2024_Cont06_Cont05_W59_gill_S48_R1_trim.fastq -p /scratch4/workspace/jade_fiorilla_student_uml_edu-rawseqorcc/trimmed-cutadapt-fastp/2024_Cont06_Cont05_W59_gill_S48_R2_trim.fastq /scratch4/workspace/jade_fiorilla_student_uml_edu-rawseqorcc/trimmed-fastp/2024_Cont06_Cont05_W59_gill_S48_R1_trim.fastq.gz /scratch4/workspace/jade_fiorilla_student_uml_edu-rawseqorcc/trimmed-fastp/2024_Cont06_Cont05_W59_gill_S48_R2_trim.fastq.gz
Processing paired-end reads on 6 cores ...

=== Summary ===

Total read pairs processed:          1,306,083
  Read 1 with adapter:                 828,124 (63.4%)
  Read 2 with adapter:                 155,643 (11.9%)
Pairs written (passing filters):     1,306,083 (100.0%)

Total basepairs processed:   141,690,732 bp
  Read 1:    71,011,290 bp
  Read 2:    70,679,442 bp
Total written (filtered):    122,820,571 bp (86.7%)
  Read 1:    55,261,872 bp
  Read 2:    67,558,699 bp

=== First read: Adapter 1 ===

Sequence: GTGYCAGCMGCCGCGGTAA; Type: regular 5'; Length: 19; Trimmed: 828124 times

Minimum overlap: 3
No. of allowed errors:
1-9 bp: 0; 10-19 bp: 1

Overview of removed sequences
length	count	expect	max.err	error counts
3	4	20407.5	0	4
9	1	5.0	0	1
12	44	0.1	1	4 40
13	4	0.0	1	1 3
14	4	0.0	1	1 3
15	8	0.0	1	1 7
16	34	0.0	1	10 24
17	48	0.0	1	1 47
18	909	0.0	1	114 795
19	818895	0.0	1	144124 674771
20	3528	0.0	1	2038 1490
21	2228	0.0	1	1438 790
22	2331	0.0	1	1865 466
23	11	0.0	1	5 6
24	6	0.0	1	0 6
25	3	0.0	1	0 3
27	1	0.0	1	0 1
28	1	0.0	1	1
29	4	0.0	1	1 3
30	1	0.0	1	0 1
31	2	0.0	1	0 2
32	3	0.0	1	0 3
33	3	0.0	1	1 2
34	6	0.0	1	0 6
35	2	0.0	1	0 2
36	5	0.0	1	2 3
37	1	0.0	1	1
38	2	0.0	1	0 2
39	1	0.0	1	0 1
40	3	0.0	1	0 3
41	2	0.0	1	0 2
42	2	0.0	1	0 2
43	5	0.0	1	1 4
45	1	0.0	1	0 1
46	2	0.0	1	0 2
47	1	0.0	1	0 1
49	2	0.0	1	0 2
50	7	0.0	1	0 7
51	3	0.0	1	0 3
53	2	0.0	1	0 2
57	2	0.0	1	0 2
121	2	0.0	1	2


=== Second read: Adapter 2 ===

Sequence: GGACTACNVGGGTWTCTAAT; Type: regular 5'; Length: 20; Trimmed: 155643 times

Minimum overlap: 3
No. of allowed errors:
1-9 bp: 0; 10-19 bp: 1

Overview of removed sequences
length	count	expect	max.err	error counts
3	11	20407.5	0	11
10	1	1.2	1	1
11	2	0.3	1	2
15	1	0.0	1	0 1
16	1	0.0	1	1
17	2	0.0	1	1 1
18	7	0.0	1	3 4
19	743	0.0	1	104 639
20	150381	0.0	1	143712 6669
21	1960	0.0	1	1226 734
22	721	0.0	1	693 28
23	1805	0.0	1	1720 85
24	6	0.0	1	4 2
34	1	0.0	1	1
35	1	0.0	1	1
Running cutadapt on: 2024_Cont06_Cont05_W59_gut_S49
This is cutadapt 5.2 with Python 3.13.15
Command line parameters: -j 6 -g GTGYCAGCMGCCGCGGTAA -G GGACTACNVGGGTWTCTAAT -o /scratch4/workspace/jade_fiorilla_student_uml_edu-rawseqorcc/trimmed-cutadapt-fastp/2024_Cont06_Cont05_W59_gut_S49_R1_trim.fastq -p /scratch4/workspace/jade_fiorilla_student_uml_edu-rawseqorcc/trimmed-cutadapt-fastp/2024_Cont06_Cont05_W59_gut_S49_R2_trim.fastq /scratch4/workspace/jade_fiorilla_student_uml_edu-rawseqorcc/trimmed-fastp/2024_Cont06_Cont05_W59_gut_S49_R1_trim.fastq.gz /scratch4/workspace/jade_fiorilla_student_uml_edu-rawseqorcc/trimmed-fastp/2024_Cont06_Cont05_W59_gut_S49_R2_trim.fastq.gz
Processing paired-end reads on 6 cores ...

=== Summary ===

Total read pairs processed:            957,749
  Read 1 with adapter:                 685,693 (71.6%)
  Read 2 with adapter:                 292,467 (30.5%)
Pairs written (passing filters):       957,749 (100.0%)

Total basepairs processed:   198,086,225 bp
  Read 1:    99,124,881 bp
  Read 2:    98,961,344 bp
Total written (filtered):    179,197,699 bp (90.5%)
  Read 1:    86,084,865 bp
  Read 2:    93,112,834 bp

=== First read: Adapter 1 ===

Sequence: GTGYCAGCMGCCGCGGTAA; Type: regular 5'; Length: 19; Trimmed: 685693 times

Minimum overlap: 3
No. of allowed errors:
1-9 bp: 0; 10-19 bp: 1

Overview of removed sequences
length	count	expect	max.err	error counts
3	5	14964.8	0	5
12	50	0.1	1	29 21
13	13	0.0	1	1 12
14	9	0.0	1	1 8
15	12	0.0	1	3 9
16	30	0.0	1	14 16
17	62	0.0	1	17 45
18	1119	0.0	1	160 959
19	677435	0.0	1	276542 400893
20	2327	0.0	1	1176 1151
21	3139	0.0	1	1632 1507
22	1441	0.0	1	1121 320
23	3	0.0	1	1 2
24	1	0.0	1	0 1
26	1	0.0	1	1
27	3	0.0	1	0 3
28	3	0.0	1	2 1
30	2	0.0	1	1 1
31	3	0.0	1	0 3
32	6	0.0	1	0 6
33	2	0.0	1	1 1
34	1	0.0	1	0 1
35	6	0.0	1	1 5
36	1	0.0	1	1
38	1	0.0	1	1
39	1	0.0	1	0 1
40	2	0.0	1	0 2
41	1	0.0	1	1
42	2	0.0	1	0 2
45	2	0.0	1	0 2
46	3	0.0	1	0 3
47	5	0.0	1	0 5
48	1	0.0	1	0 1
56	1	0.0	1	0 1


=== Second read: Adapter 2 ===

Sequence: GGACTACNVGGGTWTCTAAT; Type: regular 5'; Length: 20; Trimmed: 292467 times

Minimum overlap: 3
No. of allowed errors:
1-9 bp: 0; 10-19 bp: 1

Overview of removed sequences
length	count	expect	max.err	error counts
3	7	14964.8	0	7
11	1	0.2	1	1
12	3	0.1	1	2 1
14	1	0.0	1	1
15	1	0.0	1	1
16	5	0.0	1	2 3
17	6	0.0	1	5 1
18	15	0.0	1	4 11
19	7644	0.0	1	173 7471
20	281217	0.0	1	273826 7391
21	1400	0.0	1	799 601
22	916	0.0	1	838 78
23	1240	0.0	1	1166 74
24	5	0.0	1	4 1
28	1	0.0	1	0 1
30	1	0.0	1	1
32	1	0.0	1	0 1
33	1	0.0	1	1
34	1	0.0	1	1
36	1	0.0	1	1
Running cutadapt on: 2024_Cont06_Hyp03_W36_gill_S63
This is cutadapt 5.2 with Python 3.13.15
Command line parameters: -j 6 -g GTGYCAGCMGCCGCGGTAA -G GGACTACNVGGGTWTCTAAT -o /scratch4/workspace/jade_fiorilla_student_uml_edu-rawseqorcc/trimmed-cutadapt-fastp/2024_Cont06_Hyp03_W36_gill_S63_R1_trim.fastq -p /scratch4/workspace/jade_fiorilla_student_uml_edu-rawseqorcc/trimmed-cutadapt-fastp/2024_Cont06_Hyp03_W36_gill_S63_R2_trim.fastq /scratch4/workspace/jade_fiorilla_student_uml_edu-rawseqorcc/trimmed-fastp/2024_Cont06_Hyp03_W36_gill_S63_R1_trim.fastq.gz /scratch4/workspace/jade_fiorilla_student_uml_edu-rawseqorcc/trimmed-fastp/2024_Cont06_Hyp03_W36_gill_S63_R2_trim.fastq.gz
Processing paired-end reads on 6 cores ...

=== Summary ===

Total read pairs processed:          1,450,877
  Read 1 with adapter:                 945,336 (65.2%)
  Read 2 with adapter:                 163,416 (11.3%)
Pairs written (passing filters):     1,450,877 (100.0%)

Total basepairs processed:   151,651,072 bp
  Read 1:    76,040,410 bp
  Read 2:    75,610,662 bp
Total written (filtered):    130,390,905 bp (86.0%)
  Read 1:    58,060,568 bp
  Read 2:    72,330,337 bp

=== First read: Adapter 1 ===

Sequence: GTGYCAGCMGCCGCGGTAA; Type: regular 5'; Length: 19; Trimmed: 945336 times

Minimum overlap: 3
No. of allowed errors:
1-9 bp: 0; 10-19 bp: 1

Overview of removed sequences
length	count	expect	max.err	error counts
3	7	22670.0	0	7
9	3	5.5	0	3
12	69	0.1	1	11 58
14	5	0.0	1	3 2
15	9	0.0	1	0 9
16	29	0.0	1	2 27
17	75	0.0	1	10 65
18	1081	0.0	1	84 997
19	930966	0.0	1	149928 781038
20	8641	0.0	1	6580 2061
21	2485	0.0	1	1541 944
22	1895	0.0	1	1457 438
23	5	0.0	1	1 4
24	4	0.0	1	0 4
25	4	0.0	1	0 4
26	1	0.0	1	0 1
27	2	0.0	1	0 2
28	2	0.0	1	1 1
29	2	0.0	1	0 2
31	1	0.0	1	0 1
32	3	0.0	1	0 3
33	12	0.0	1	0 12
34	3	0.0	1	0 3
36	6	0.0	1	0 6
37	6	0.0	1	0 6
38	1	0.0	1	0 1
40	4	0.0	1	0 4
41	2	0.0	1	0 2
42	3	0.0	1	0 3
45	1	0.0	1	0 1
48	1	0.0	1	0 1
49	1	0.0	1	0 1
53	2	0.0	1	0 2
54	2	0.0	1	0 2
59	1	0.0	1	0 1
63	2	0.0	1	0 2


=== Second read: Adapter 2 ===

Sequence: GGACTACNVGGGTWTCTAAT; Type: regular 5'; Length: 20; Trimmed: 163416 times

Minimum overlap: 3
No. of allowed errors:
1-9 bp: 0; 10-19 bp: 1

Overview of removed sequences
length	count	expect	max.err	error counts
3	5	22670.0	0	5
12	1	0.1	1	1
16	7	0.0	1	4 3
17	1	0.0	1	1
18	4	0.0	1	3 1
19	708	0.0	1	100 608
20	152771	0.0	1	147419 5352
21	7970	0.0	1	7353 617
22	1010	0.0	1	925 85
23	932	0.0	1	887 45
24	1	0.0	1	0 1
25	1	0.0	1	1
26	2	0.0	1	2
27	1	0.0	1	1
35	1	0.0	1	1
36	1	0.0	1	1
Running cutadapt on: 2024_Cont06_Hyp03_W36_gut_S64
This is cutadapt 5.2 with Python 3.13.15
Command line parameters: -j 6 -g GTGYCAGCMGCCGCGGTAA -G GGACTACNVGGGTWTCTAAT -o /scratch4/workspace/jade_fiorilla_student_uml_edu-rawseqorcc/trimmed-cutadapt-fastp/2024_Cont06_Hyp03_W36_gut_S64_R1_trim.fastq -p /scratch4/workspace/jade_fiorilla_student_uml_edu-rawseqorcc/trimmed-cutadapt-fastp/2024_Cont06_Hyp03_W36_gut_S64_R2_trim.fastq /scratch4/workspace/jade_fiorilla_student_uml_edu-rawseqorcc/trimmed-fastp/2024_Cont06_Hyp03_W36_gut_S64_R1_trim.fastq.gz /scratch4/workspace/jade_fiorilla_student_uml_edu-rawseqorcc/trimmed-fastp/2024_Cont06_Hyp03_W36_gut_S64_R2_trim.fastq.gz
Processing paired-end reads on 6 cores ...

=== Summary ===

Total read pairs processed:          1,228,424
  Read 1 with adapter:                 933,044 (76.0%)
  Read 2 with adapter:                 422,161 (34.4%)
Pairs written (passing filters):     1,228,424 (100.0%)

Total basepairs processed:   283,306,997 bp
  Read 1:   141,805,477 bp
  Read 2:   141,501,520 bp
Total written (filtered):    257,102,525 bp (90.8%)
  Read 1:   124,057,315 bp
  Read 2:   133,045,210 bp

=== First read: Adapter 1 ===

Sequence: GTGYCAGCMGCCGCGGTAA; Type: regular 5'; Length: 19; Trimmed: 933044 times

Minimum overlap: 3
No. of allowed errors:
1-9 bp: 0; 10-19 bp: 1

Overview of removed sequences
length	count	expect	max.err	error counts
3	2	19194.1	0	2
9	2	4.7	0	2
11	3	0.3	1	3
12	40	0.1	1	20 20
13	4	0.0	1	2 2
14	9	0.0	1	2 7
15	14	0.0	1	7 7
16	37	0.0	1	10 27
17	85	0.0	1	39 46
18	1583	0.0	1	226 1357
19	915489	0.0	1	404609 510880
20	11385	0.0	1	8310 3075
21	2704	0.0	1	1810 894
22	1626	0.0	1	1313 313
23	9	0.0	1	4 5
25	1	0.0	1	1
27	4	0.0	1	2 2
29	3	0.0	1	3
30	2	0.0	1	2
31	1	0.0	1	0 1
33	7	0.0	1	0 7
34	2	0.0	1	0 2
36	7	0.0	1	4 3
37	1	0.0	1	1
38	2	0.0	1	1 1
39	2	0.0	1	2
40	3	0.0	1	1 2
41	9	0.0	1	0 9
46	1	0.0	1	0 1
48	2	0.0	1	0 2
50	1	0.0	1	0 1
51	1	0.0	1	0 1
54	2	0.0	1	0 2
59	1	0.0	1	0 1


=== Second read: Adapter 2 ===

Sequence: GGACTACNVGGGTWTCTAAT; Type: regular 5'; Length: 20; Trimmed: 422161 times

Minimum overlap: 3
No. of allowed errors:
1-9 bp: 0; 10-19 bp: 1

Overview of removed sequences
length	count	expect	max.err	error counts
3	5	19194.1	0	5
8	1	18.7	0	1
13	1	0.0	1	1
14	9	0.0	1	1 8
15	6	0.0	1	2 4
16	8	0.0	1	2 6
17	7	0.0	1	2 5
18	32	0.0	1	24 8
19	1757	0.0	1	242 1515
20	407867	0.0	1	401362 6505
21	10570	0.0	1	9438 1132
22	1164	0.0	1	1091 73
23	724	0.0	1	692 32
24	3	0.0	1	0 3
25	1	0.0	1	0 1
26	1	0.0	1	0 1
27	1	0.0	1	1
28	1	0.0	1	1
32	2	0.0	1	0 2
40	1	0.0	1	1
Running cutadapt on: 2024_Cont06_Hyp04_W48_gill_S227
This is cutadapt 5.2 with Python 3.13.15
Command line parameters: -j 6 -g GTGYCAGCMGCCGCGGTAA -G GGACTACNVGGGTWTCTAAT -o /scratch4/workspace/jade_fiorilla_student_uml_edu-rawseqorcc/trimmed-cutadapt-fastp/2024_Cont06_Hyp04_W48_gill_S227_R1_trim.fastq -p /scratch4/workspace/jade_fiorilla_student_uml_edu-rawseqorcc/trimmed-cutadapt-fastp/2024_Cont06_Hyp04_W48_gill_S227_R2_trim.fastq /scratch4/workspace/jade_fiorilla_student_uml_edu-rawseqorcc/trimmed-fastp/2024_Cont06_Hyp04_W48_gill_S227_R1_trim.fastq.gz /scratch4/workspace/jade_fiorilla_student_uml_edu-rawseqorcc/trimmed-fastp/2024_Cont06_Hyp04_W48_gill_S227_R2_trim.fastq.gz
Processing paired-end reads on 6 cores ...

=== Summary ===

Total read pairs processed:            815,299
  Read 1 with adapter:                 691,219 (84.8%)
  Read 2 with adapter:                 632,128 (77.5%)
Pairs written (passing filters):       815,299 (100.0%)

Total basepairs processed:   379,527,387 bp
  Read 1:   189,793,011 bp
  Read 2:   189,734,376 bp
Total written (filtered):    351,110,758 bp (92.5%)
  Read 1:   175,279,459 bp
  Read 2:   175,831,299 bp

=== First read: Adapter 1 ===

Sequence: GTGYCAGCMGCCGCGGTAA; Type: regular 5'; Length: 19; Trimmed: 691219 times

Minimum overlap: 3
No. of allowed errors:
1-9 bp: 0; 10-19 bp: 1

Overview of removed sequences
length	count	expect	max.err	error counts
3	5	12739.0	0	5
11	2	0.2	1	2
12	34	0.0	1	31 3
13	1	0.0	1	1
14	3	0.0	1	3
15	15	0.0	1	5 10
16	13	0.0	1	9 4
17	14	0.0	1	8 6
18	39	0.0	1	26 13
19	531	0.0	1	465 66
20	2576	0.0	1	944 1632
21	686173	0.0	1	569934 116239
22	1748	0.0	1	778 970
23	6	0.0	1	3 3
24	7	0.0	1	6 1
25	10	0.0	1	10
26	8	0.0	1	5 3
27	8	0.0	1	8
28	2	0.0	1	1 1
30	2	0.0	1	2
31	1	0.0	1	1
34	5	0.0	1	3 2
35	1	0.0	1	1
36	4	0.0	1	4
40	3	0.0	1	3
41	1	0.0	1	0 1
47	2	0.0	1	1 1
50	5	0.0	1	0 5


=== Second read: Adapter 2 ===

Sequence: GGACTACNVGGGTWTCTAAT; Type: regular 5'; Length: 20; Trimmed: 632128 times

Minimum overlap: 3
No. of allowed errors:
1-9 bp: 0; 10-19 bp: 1

Overview of removed sequences
length	count	expect	max.err	error counts
3	6	12739.0	0	6
4	1	3184.8	0	1
10	2	0.8	1	1 1
11	4	0.2	1	3 1
12	4	0.0	1	4
13	9	0.0	1	6 3
14	10	0.0	1	4 6
15	10	0.0	1	4 6
16	8	0.0	1	2 6
17	4	0.0	1	2 2
18	29	0.0	1	14 15
19	34	0.0	1	18 16
20	203	0.0	1	170 33
21	4483	0.0	1	1313 3170
22	625608	0.0	1	529990 95618
23	1680	0.0	1	742 938
24	5	0.0	1	2 3
25	2	0.0	1	2
26	4	0.0	1	4
27	7	0.0	1	3 4
29	5	0.0	1	5
32	3	0.0	1	2 1
33	3	0.0	1	3
36	2	0.0	1	2
39	2	0.0	1	2
Running cutadapt on: 2024_Cont06_Hyp04_W48_gut_S152
This is cutadapt 5.2 with Python 3.13.15
Command line parameters: -j 6 -g GTGYCAGCMGCCGCGGTAA -G GGACTACNVGGGTWTCTAAT -o /scratch4/workspace/jade_fiorilla_student_uml_edu-rawseqorcc/trimmed-cutadapt-fastp/2024_Cont06_Hyp04_W48_gut_S152_R1_trim.fastq -p /scratch4/workspace/jade_fiorilla_student_uml_edu-rawseqorcc/trimmed-cutadapt-fastp/2024_Cont06_Hyp04_W48_gut_S152_R2_trim.fastq /scratch4/workspace/jade_fiorilla_student_uml_edu-rawseqorcc/trimmed-fastp/2024_Cont06_Hyp04_W48_gut_S152_R1_trim.fastq.gz /scratch4/workspace/jade_fiorilla_student_uml_edu-rawseqorcc/trimmed-fastp/2024_Cont06_Hyp04_W48_gut_S152_R2_trim.fastq.gz
Processing paired-end reads on 6 cores ...

=== Summary ===

Total read pairs processed:          1,271,436
  Read 1 with adapter:               1,202,979 (94.6%)
  Read 2 with adapter:               1,155,303 (90.9%)
Pairs written (passing filters):     1,271,436 (100.0%)

Total basepairs processed:   686,668,719 bp
  Read 1:   343,357,321 bp
  Read 2:   343,311,398 bp
Total written (filtered):    636,018,919 bp (92.6%)
  Read 1:   318,111,800 bp
  Read 2:   317,907,119 bp

=== First read: Adapter 1 ===

Sequence: GTGYCAGCMGCCGCGGTAA; Type: regular 5'; Length: 19; Trimmed: 1202979 times

Minimum overlap: 3
No. of allowed errors:
1-9 bp: 0; 10-19 bp: 1

Overview of removed sequences
length	count	expect	max.err	error counts
3	11	19866.2	0	11
8	2	19.4	0	2
9	3	4.9	0	3
10	1	1.2	1	0 1
11	1	0.3	1	1
12	48	0.1	1	40 8
13	7	0.0	1	6 1
14	8	0.0	1	4 4
15	11	0.0	1	3 8
16	24	0.0	1	16 8
17	30	0.0	1	13 17
18	47	0.0	1	25 22
19	4446	0.0	1	3650 796
20	10254	0.0	1	5592 4662
21	1185344	0.0	1	1113094 72250
22	2675	0.0	1	766 1909
23	9	0.0	1	7 2
24	14	0.0	1	14
25	4	0.0	1	3 1
26	4	0.0	1	3 1
27	2	0.0	1	1 1
28	1	0.0	1	1
29	3	0.0	1	1 2
30	3	0.0	1	2 1
32	1	0.0	1	1
33	1	0.0	1	0 1
34	3	0.0	1	0 3
35	1	0.0	1	1
36	4	0.0	1	4
38	4	0.0	1	4
41	3	0.0	1	3
42	1	0.0	1	1
43	2	0.0	1	2
46	3	0.0	1	3
48	1	0.0	1	1
55	2	0.0	1	0 2
61	1	0.0	1	1


=== Second read: Adapter 2 ===

Sequence: GGACTACNVGGGTWTCTAAT; Type: regular 5'; Length: 20; Trimmed: 1155303 times

Minimum overlap: 3
No. of allowed errors:
1-9 bp: 0; 10-19 bp: 1

Overview of removed sequences
length	count	expect	max.err	error counts
3	4	19866.2	0	4
4	1	4966.5	0	1
9	5	4.9	0	5
10	6	1.2	1	5 1
11	6	0.3	1	4 2
12	7	0.1	1	2 5
13	8	0.0	1	7 1
14	15	0.0	1	11 4
15	18	0.0	1	4 14
16	22	0.0	1	10 12
17	27	0.0	1	13 14
18	42	0.0	1	30 12
19	73	0.0	1	51 22
20	2387	0.0	1	2234 153
21	9469	0.0	1	3751 5718
22	1140374	0.0	1	1116582 23792
23	2786	0.0	1	1078 1708
24	5	0.0	1	4 1
25	9	0.0	1	9
26	11	0.0	1	10 1
27	1	0.0	1	1
28	5	0.0	1	4 1
30	5	0.0	1	5
31	4	0.0	1	4
32	1	0.0	1	1
33	3	0.0	1	3
35	1	0.0	1	1
36	1	0.0	1	1
39	1	0.0	1	1
40	2	0.0	1	2
41	1	0.0	1	1
46	2	0.0	1	2
49	1	0.0	1	1
Running cutadapt on: 2024_Cont06_Null_W42_gill_S260
This is cutadapt 5.2 with Python 3.13.15
Command line parameters: -j 6 -g GTGYCAGCMGCCGCGGTAA -G GGACTACNVGGGTWTCTAAT -o /scratch4/workspace/jade_fiorilla_student_uml_edu-rawseqorcc/trimmed-cutadapt-fastp/2024_Cont06_Null_W42_gill_S260_R1_trim.fastq -p /scratch4/workspace/jade_fiorilla_student_uml_edu-rawseqorcc/trimmed-cutadapt-fastp/2024_Cont06_Null_W42_gill_S260_R2_trim.fastq /scratch4/workspace/jade_fiorilla_student_uml_edu-rawseqorcc/trimmed-fastp/2024_Cont06_Null_W42_gill_S260_R1_trim.fastq.gz /scratch4/workspace/jade_fiorilla_student_uml_edu-rawseqorcc/trimmed-fastp/2024_Cont06_Null_W42_gill_S260_R2_trim.fastq.gz
Processing paired-end reads on 6 cores ...

=== Summary ===

Total read pairs processed:          2,278,299
  Read 1 with adapter:               2,249,673 (98.7%)
  Read 2 with adapter:               2,214,484 (97.2%)
Pairs written (passing filters):     2,278,299 (100.0%)

Total basepairs processed: 1,299,169,374 bp
  Read 1:   649,569,000 bp
  Read 2:   649,600,374 bp
Total written (filtered):  1,212,127,987 bp (93.3%)
  Read 1:   606,816,883 bp
  Read 2:   605,311,104 bp

=== First read: Adapter 1 ===

Sequence: GTGYCAGCMGCCGCGGTAA; Type: regular 5'; Length: 19; Trimmed: 2249673 times

Minimum overlap: 3
No. of allowed errors:
1-9 bp: 0; 10-19 bp: 1

Overview of removed sequences
length	count	expect	max.err	error counts
3	1	35598.4	0	1
9	3	8.7	0	3
11	1	0.5	1	1
12	54	0.1	1	54
13	14	0.0	1	13 1
14	11	0.0	1	3 8
15	9	0.0	1	4 5
16	84	0.0	1	56 28
17	103	0.0	1	79 24
18	5526	0.0	1	917 4609
19	2235109	0.0	1	2173784 61325
20	4312	0.0	1	1021 3291
21	3409	0.0	1	1314 2095
22	970	0.0	1	849 121
23	7	0.0	1	2 5
24	6	0.0	1	6
25	1	0.0	1	0 1
26	3	0.0	1	3
27	1	0.0	1	1
28	6	0.0	1	6
29	5	0.0	1	5
30	4	0.0	1	4
31	5	0.0	1	5
32	1	0.0	1	1
33	6	0.0	1	5 1
34	2	0.0	1	2
35	2	0.0	1	2
39	1	0.0	1	1
41	5	0.0	1	5
42	1	0.0	1	1
43	9	0.0	1	9
44	1	0.0	1	1
46	1	0.0	1	1


=== Second read: Adapter 2 ===

Sequence: GGACTACNVGGGTWTCTAAT; Type: regular 5'; Length: 20; Trimmed: 2214484 times

Minimum overlap: 3
No. of allowed errors:
1-9 bp: 0; 10-19 bp: 1

Overview of removed sequences
length	count	expect	max.err	error counts
3	2	35598.4	0	2
9	4	8.7	0	4
10	3	2.2	1	3
11	8	0.5	1	6 2
12	13	0.1	1	11 2
13	11	0.0	1	8 3
14	30	0.0	1	13 17
15	17	0.0	1	12 5
16	19	0.0	1	10 9
17	26	0.0	1	18 8
18	100	0.0	1	59 41
19	12800	0.0	1	1138 11662
20	2192932	0.0	1	2138972 53960
21	5263	0.0	1	1395 3868
22	2249	0.0	1	2000 249
23	938	0.0	1	897 41
24	11	0.0	1	8 3
25	8	0.0	1	8
26	3	0.0	1	3
27	6	0.0	1	3 3
28	4	0.0	1	3 1
29	4	0.0	1	4
30	2	0.0	1	1 1
31	1	0.0	1	1
33	6	0.0	1	6
34	5	0.0	1	5
35	2	0.0	1	2
36	3	0.0	1	3
37	3	0.0	1	0 3
38	1	0.0	1	1
39	1	0.0	1	1
40	2	0.0	1	2
47	3	0.0	1	3
48	3	0.0	1	0 3
53	1	0.0	1	1
Running cutadapt on: 2024_Cont06_Null_W42_gut_S78
This is cutadapt 5.2 with Python 3.13.15
Command line parameters: -j 6 -g GTGYCAGCMGCCGCGGTAA -G GGACTACNVGGGTWTCTAAT -o /scratch4/workspace/jade_fiorilla_student_uml_edu-rawseqorcc/trimmed-cutadapt-fastp/2024_Cont06_Null_W42_gut_S78_R1_trim.fastq -p /scratch4/workspace/jade_fiorilla_student_uml_edu-rawseqorcc/trimmed-cutadapt-fastp/2024_Cont06_Null_W42_gut_S78_R2_trim.fastq /scratch4/workspace/jade_fiorilla_student_uml_edu-rawseqorcc/trimmed-fastp/2024_Cont06_Null_W42_gut_S78_R1_trim.fastq.gz /scratch4/workspace/jade_fiorilla_student_uml_edu-rawseqorcc/trimmed-fastp/2024_Cont06_Null_W42_gut_S78_R2_trim.fastq.gz
Processing paired-end reads on 6 cores ...

=== Summary ===

Total read pairs processed:            701,041
  Read 1 with adapter:                 589,420 (84.1%)
  Read 2 with adapter:                 454,244 (64.8%)
Pairs written (passing filters):       701,041 (100.0%)

Total basepairs processed:   279,452,521 bp
  Read 1:   139,788,513 bp
  Read 2:   139,664,008 bp
Total written (filtered):    258,119,911 bp (92.4%)
  Read 1:   127,997,141 bp
  Read 2:   130,122,770 bp

=== First read: Adapter 1 ===

Sequence: GTGYCAGCMGCCGCGGTAA; Type: regular 5'; Length: 19; Trimmed: 589420 times

Minimum overlap: 3
No. of allowed errors:
1-9 bp: 0; 10-19 bp: 1

Overview of removed sequences
length	count	expect	max.err	error counts
3	1	10953.8	0	1
9	2	2.7	0	2
11	1	0.2	1	0 1
12	37	0.0	1	31 6
13	5	0.0	1	1 4
14	7	0.0	1	7
15	8	0.0	1	6 2
16	13	0.0	1	5 8
17	18	0.0	1	6 12
18	68	0.0	1	34 34
19	4519	0.0	1	1754 2765
20	579177	0.0	1	438187 140990
21	3536	0.0	1	1917 1619
22	1981	0.0	1	1740 241
23	4	0.0	1	1 3
25	3	0.0	1	3
26	3	0.0	1	3
27	2	0.0	1	1 1
28	2	0.0	1	2
29	3	0.0	1	3
30	2	0.0	1	2
34	3	0.0	1	3
35	1	0.0	1	0 1
36	2	0.0	1	0 2
37	4	0.0	1	3 1
38	4	0.0	1	1 3
39	3	0.0	1	1 2
41	1	0.0	1	0 1
42	3	0.0	1	2 1
43	1	0.0	1	0 1
45	3	0.0	1	3
46	1	0.0	1	1
55	1	0.0	1	1
62	1	0.0	1	0 1


=== Second read: Adapter 2 ===

Sequence: GGACTACNVGGGTWTCTAAT; Type: regular 5'; Length: 20; Trimmed: 454244 times

Minimum overlap: 3
No. of allowed errors:
1-9 bp: 0; 10-19 bp: 1

Overview of removed sequences
length	count	expect	max.err	error counts
3	6	10953.8	0	6
10	5	0.7	1	4 1
12	3	0.0	1	0 3
14	7	0.0	1	1 6
15	6	0.0	1	2 4
16	5	0.0	1	0 5
17	7	0.0	1	3 4
18	9	0.0	1	2 7
19	36	0.0	1	18 18
20	3060	0.0	1	1139 1921
21	447303	0.0	1	438295 9008
22	2161	0.0	1	1195 966
23	1614	0.0	1	1551 63
24	5	0.0	1	1 4
25	3	0.0	1	3
27	2	0.0	1	2
29	3	0.0	1	2 1
30	2	0.0	1	2
32	1	0.0	1	1
37	1	0.0	1	1
38	1	0.0	1	1
40	1	0.0	1	1
43	2	0.0	1	2
45	1	0.0	1	1
Running cutadapt on: 2024_Cont06_Warm06_W72_gill_S203
This is cutadapt 5.2 with Python 3.13.15
Command line parameters: -j 6 -g GTGYCAGCMGCCGCGGTAA -G GGACTACNVGGGTWTCTAAT -o /scratch4/workspace/jade_fiorilla_student_uml_edu-rawseqorcc/trimmed-cutadapt-fastp/2024_Cont06_Warm06_W72_gill_S203_R1_trim.fastq -p /scratch4/workspace/jade_fiorilla_student_uml_edu-rawseqorcc/trimmed-cutadapt-fastp/2024_Cont06_Warm06_W72_gill_S203_R2_trim.fastq /scratch4/workspace/jade_fiorilla_student_uml_edu-rawseqorcc/trimmed-fastp/2024_Cont06_Warm06_W72_gill_S203_R1_trim.fastq.gz /scratch4/workspace/jade_fiorilla_student_uml_edu-rawseqorcc/trimmed-fastp/2024_Cont06_Warm06_W72_gill_S203_R2_trim.fastq.gz
Processing paired-end reads on 6 cores ...

=== Summary ===

Total read pairs processed:          1,975,432
  Read 1 with adapter:               1,970,394 (99.7%)
  Read 2 with adapter:               1,963,436 (99.4%)
Pairs written (passing filters):     1,975,432 (100.0%)

Total basepairs processed: 1,150,994,411 bp
  Read 1:   575,487,639 bp
  Read 2:   575,506,772 bp
Total written (filtered):  1,074,278,701 bp (93.3%)
  Read 1:   538,043,627 bp
  Read 2:   536,235,074 bp

=== First read: Adapter 1 ===

Sequence: GTGYCAGCMGCCGCGGTAA; Type: regular 5'; Length: 19; Trimmed: 1970394 times

Minimum overlap: 3
No. of allowed errors:
1-9 bp: 0; 10-19 bp: 1

Overview of removed sequences
length	count	expect	max.err	error counts
3	31	30866.1	0	31
9	2	7.5	0	2
10	1	1.9	1	1
11	1	0.5	1	1
12	42	0.1	1	42
13	10	0.0	1	8 2
14	14	0.0	1	4 10
15	9	0.0	1	8 1
16	48	0.0	1	27 21
17	117	0.0	1	97 20
18	4374	0.0	1	757 3617
19	1959453	0.0	1	1907333 52120
20	3261	0.0	1	552 2709
21	727	0.0	1	613 114
22	2229	0.0	1	1531 698
23	15	0.0	1	7 8
24	9	0.0	1	9
25	5	0.0	1	5
26	1	0.0	1	1
27	3	0.0	1	3
28	6	0.0	1	6
29	2	0.0	1	2
31	4	0.0	1	4
32	2	0.0	1	2
33	2	0.0	1	2
34	1	0.0	1	1
35	4	0.0	1	4
36	1	0.0	1	1
37	3	0.0	1	3
38	8	0.0	1	7 1
40	1	0.0	1	1
43	4	0.0	1	4
46	4	0.0	1	4


=== Second read: Adapter 2 ===

Sequence: GGACTACNVGGGTWTCTAAT; Type: regular 5'; Length: 20; Trimmed: 1963436 times

Minimum overlap: 3
No. of allowed errors:
1-9 bp: 0; 10-19 bp: 1

Overview of removed sequences
length	count	expect	max.err	error counts
3	20	30866.1	0	20
9	1	7.5	0	1
10	4	1.9	1	4
11	3	0.5	1	2 1
12	7	0.1	1	5 2
13	16	0.0	1	13 3
14	27	0.0	1	9 18
15	14	0.0	1	4 10
16	19	0.0	1	7 12
17	30	0.0	1	17 13
18	76	0.0	1	34 42
19	8001	0.0	1	1067 6934
20	1948233	0.0	1	1922817 25416
21	4540	0.0	1	1137 3403
22	314	0.0	1	271 43
23	2056	0.0	1	1844 212
24	14	0.0	1	4 10
25	1	0.0	1	1
26	6	0.0	1	6
27	3	0.0	1	3
28	8	0.0	1	6 2
29	8	0.0	1	8
30	4	0.0	1	3 1
31	6	0.0	1	4 2
32	4	0.0	1	4
33	1	0.0	1	1
34	5	0.0	1	3 2
35	1	0.0	1	1
37	4	0.0	1	3 1
39	6	0.0	1	5 1
40	2	0.0	1	2
41	1	0.0	1	1
50	1	0.0	1	1
Running cutadapt on: 2024_Cont06_Warm06_W72_gut_S11
This is cutadapt 5.2 with Python 3.13.15
Command line parameters: -j 6 -g GTGYCAGCMGCCGCGGTAA -G GGACTACNVGGGTWTCTAAT -o /scratch4/workspace/jade_fiorilla_student_uml_edu-rawseqorcc/trimmed-cutadapt-fastp/2024_Cont06_Warm06_W72_gut_S11_R1_trim.fastq -p /scratch4/workspace/jade_fiorilla_student_uml_edu-rawseqorcc/trimmed-cutadapt-fastp/2024_Cont06_Warm06_W72_gut_S11_R2_trim.fastq /scratch4/workspace/jade_fiorilla_student_uml_edu-rawseqorcc/trimmed-fastp/2024_Cont06_Warm06_W72_gut_S11_R1_trim.fastq.gz /scratch4/workspace/jade_fiorilla_student_uml_edu-rawseqorcc/trimmed-fastp/2024_Cont06_Warm06_W72_gut_S11_R2_trim.fastq.gz
Processing paired-end reads on 6 cores ...

=== Summary ===

Total read pairs processed:            478,483
  Read 1 with adapter:                 379,528 (79.3%)
  Read 2 with adapter:                 360,639 (75.4%)
Pairs written (passing filters):       478,483 (100.0%)

Total basepairs processed:   212,108,456 bp
  Read 1:   106,086,630 bp
  Read 2:   106,021,826 bp
Total written (filtered):    195,583,903 bp (92.2%)
  Read 1:    97,804,128 bp
  Read 2:    97,779,775 bp

=== First read: Adapter 1 ===

Sequence: GTGYCAGCMGCCGCGGTAA; Type: regular 5'; Length: 19; Trimmed: 379528 times

Minimum overlap: 3
No. of allowed errors:
1-9 bp: 0; 10-19 bp: 1

Overview of removed sequences
length	count	expect	max.err	error counts
3	2282	7476.3	0	2282
4	2	1869.1	0	2
9	2	1.8	0	2
11	1	0.1	1	1
12	59	0.0	1	51 8
13	5	0.0	1	4 1
14	7	0.0	1	2 5
15	3	0.0	1	2 1
16	32	0.0	1	21 11
17	28	0.0	1	13 15
18	68	0.0	1	38 30
19	3609	0.0	1	1901 1708
20	1771	0.0	1	1369 402
21	9133	0.0	1	6575 2558
22	361674	0.0	1	308534 53140
23	821	0.0	1	245 576
24	3	0.0	1	0 3
25	7	0.0	1	5 2
26	1	0.0	1	1
27	4	0.0	1	3 1
29	2	0.0	1	0 2
31	1	0.0	1	1
32	3	0.0	1	2 1
34	1	0.0	1	0 1
35	2	0.0	1	2
36	1	0.0	1	0 1
37	1	0.0	1	1
43	1	0.0	1	1
48	1	0.0	1	1
54	3	0.0	1	3


=== Second read: Adapter 2 ===

Sequence: GGACTACNVGGGTWTCTAAT; Type: regular 5'; Length: 20; Trimmed: 360639 times

Minimum overlap: 3
No. of allowed errors:
1-9 bp: 0; 10-19 bp: 1

Overview of removed sequences
length	count	expect	max.err	error counts
3	1930	7476.3	0	1930
4	1	1869.1	0	1
11	3	0.1	1	2 1
12	1	0.0	1	1
13	1	0.0	1	0 1
14	4	0.0	1	1 3
15	8	0.0	1	6 2
16	1	0.0	1	0 1
17	9	0.0	1	5 4
18	6	0.0	1	5 1
19	29	0.0	1	16 13
20	1108	0.0	1	1022 86
21	865	0.0	1	778 87
22	9621	0.0	1	7310 2311
23	346175	0.0	1	275773 70402
24	861	0.0	1	272 589
25	2	0.0	1	2
26	5	0.0	1	5
27	2	0.0	1	1 1
32	1	0.0	1	0 1
33	1	0.0	1	1
34	1	0.0	1	1
39	1	0.0	1	0 1
43	1	0.0	1	1
47	1	0.0	1	1
57	1	0.0	1	1
Running cutadapt on: 2024_ContNA_Warm05_W52_gill_S153
This is cutadapt 5.2 with Python 3.13.15
Command line parameters: -j 6 -g GTGYCAGCMGCCGCGGTAA -G GGACTACNVGGGTWTCTAAT -o /scratch4/workspace/jade_fiorilla_student_uml_edu-rawseqorcc/trimmed-cutadapt-fastp/2024_ContNA_Warm05_W52_gill_S153_R1_trim.fastq -p /scratch4/workspace/jade_fiorilla_student_uml_edu-rawseqorcc/trimmed-cutadapt-fastp/2024_ContNA_Warm05_W52_gill_S153_R2_trim.fastq /scratch4/workspace/jade_fiorilla_student_uml_edu-rawseqorcc/trimmed-fastp/2024_ContNA_Warm05_W52_gill_S153_R1_trim.fastq.gz /scratch4/workspace/jade_fiorilla_student_uml_edu-rawseqorcc/trimmed-fastp/2024_ContNA_Warm05_W52_gill_S153_R2_trim.fastq.gz
Processing paired-end reads on 6 cores ...

=== Summary ===

Total read pairs processed:          1,437,579
  Read 1 with adapter:               1,314,969 (91.5%)
  Read 2 with adapter:               1,204,886 (83.8%)
Pairs written (passing filters):     1,437,579 (100.0%)

Total basepairs processed:   718,303,671 bp
  Read 1:   359,201,666 bp
  Read 2:   359,102,005 bp
Total written (filtered):    664,228,164 bp (92.5%)
  Read 1:   331,606,417 bp
  Read 2:   332,621,747 bp

=== First read: Adapter 1 ===

Sequence: GTGYCAGCMGCCGCGGTAA; Type: regular 5'; Length: 19; Trimmed: 1314969 times

Minimum overlap: 3
No. of allowed errors:
1-9 bp: 0; 10-19 bp: 1

Overview of removed sequences
length	count	expect	max.err	error counts
3	4	22462.2	0	4
4	1	5615.5	0	1
9	2	5.5	0	2
11	5	0.3	1	5
12	58	0.1	1	54 4
13	10	0.0	1	8 2
14	2	0.0	1	0 2
15	5	0.0	1	3 2
16	33	0.0	1	24 9
17	19	0.0	1	6 13
18	92	0.0	1	62 30
19	4688	0.0	1	3833 855
20	11912	0.0	1	7337 4575
21	1295504	0.0	1	1144729 150775
22	2533	0.0	1	746 1787
23	21	0.0	1	15 6
24	12	0.0	1	8 4
25	6	0.0	1	2 4
26	5	0.0	1	4 1
27	4	0.0	1	4
28	3	0.0	1	3
29	4	0.0	1	3 1
30	1	0.0	1	1
31	2	0.0	1	2
32	3	0.0	1	0 3
33	5	0.0	1	3 2
34	8	0.0	1	8
35	4	0.0	1	4
36	1	0.0	1	1
37	2	0.0	1	2
38	4	0.0	1	2 2
39	2	0.0	1	2
40	2	0.0	1	2
41	2	0.0	1	2
44	2	0.0	1	1 1
46	6	0.0	1	6
56	2	0.0	1	2


=== Second read: Adapter 2 ===

Sequence: GGACTACNVGGGTWTCTAAT; Type: regular 5'; Length: 20; Trimmed: 1204886 times

Minimum overlap: 3
No. of allowed errors:
1-9 bp: 0; 10-19 bp: 1

Overview of removed sequences
length	count	expect	max.err	error counts
3	3	22462.2	0	3
10	7	1.4	1	7
11	6	0.3	1	5 1
12	12	0.1	1	7 5
13	8	0.0	1	7 1
14	16	0.0	1	8 8
15	14	0.0	1	7 7
16	22	0.0	1	10 12
17	21	0.0	1	13 8
18	37	0.0	1	21 16
19	65	0.0	1	37 28
20	2463	0.0	1	2308 155
21	24489	0.0	1	4299 20190
22	1174664	0.0	1	1154103 20561
23	3004	0.0	1	1126 1878
24	17	0.0	1	12 5
25	2	0.0	1	2
26	9	0.0	1	8 1
27	3	0.0	1	3
28	6	0.0	1	6
29	2	0.0	1	2
33	6	0.0	1	5 1
34	2	0.0	1	1 1
38	2	0.0	1	2
39	2	0.0	1	2
42	2	0.0	1	2
43	1	0.0	1	1
46	1	0.0	1	1
Running cutadapt on: 2024_ContNA_Warm05_W52_gut_S154
This is cutadapt 5.2 with Python 3.13.15
Command line parameters: -j 6 -g GTGYCAGCMGCCGCGGTAA -G GGACTACNVGGGTWTCTAAT -o /scratch4/workspace/jade_fiorilla_student_uml_edu-rawseqorcc/trimmed-cutadapt-fastp/2024_ContNA_Warm05_W52_gut_S154_R1_trim.fastq -p /scratch4/workspace/jade_fiorilla_student_uml_edu-rawseqorcc/trimmed-cutadapt-fastp/2024_ContNA_Warm05_W52_gut_S154_R2_trim.fastq /scratch4/workspace/jade_fiorilla_student_uml_edu-rawseqorcc/trimmed-fastp/2024_ContNA_Warm05_W52_gut_S154_R1_trim.fastq.gz /scratch4/workspace/jade_fiorilla_student_uml_edu-rawseqorcc/trimmed-fastp/2024_ContNA_Warm05_W52_gut_S154_R2_trim.fastq.gz
Processing paired-end reads on 6 cores ...

=== Summary ===

Total read pairs processed:          1,304,768
  Read 1 with adapter:               1,214,906 (93.1%)
  Read 2 with adapter:               1,139,813 (87.4%)
Pairs written (passing filters):     1,304,768 (100.0%)

Total basepairs processed:   677,402,380 bp
  Read 1:   338,730,792 bp
  Read 2:   338,671,588 bp
Total written (filtered):    626,846,595 bp (92.5%)
  Read 1:   313,231,653 bp
  Read 2:   313,614,942 bp

=== First read: Adapter 1 ===

Sequence: GTGYCAGCMGCCGCGGTAA; Type: regular 5'; Length: 19; Trimmed: 1214906 times

Minimum overlap: 3
No. of allowed errors:
1-9 bp: 0; 10-19 bp: 1

Overview of removed sequences
length	count	expect	max.err	error counts
3	18	20387.0	0	18
8	1	19.9	0	1
10	1	1.2	1	1
11	5	0.3	1	1 4
12	53	0.1	1	44 9
13	12	0.0	1	7 5
14	3	0.0	1	1 2
15	9	0.0	1	1 8
16	34	0.0	1	25 9
17	23	0.0	1	13 10
18	66	0.0	1	35 31
19	3438	0.0	1	3054 384
20	9659	0.0	1	5383 4276
21	1198362	0.0	1	1092595 105767
22	3127	0.0	1	1225 1902
23	12	0.0	1	8 4
24	7	0.0	1	7
25	7	0.0	1	6 1
26	7	0.0	1	5 2
27	1	0.0	1	1
28	4	0.0	1	4
29	2	0.0	1	0 2
30	2	0.0	1	2
31	4	0.0	1	4
32	5	0.0	1	5
33	10	0.0	1	9 1
35	6	0.0	1	1 5
37	2	0.0	1	2
38	4	0.0	1	2 2
39	2	0.0	1	2
40	6	0.0	1	6
41	6	0.0	1	0 6
42	4	0.0	1	4
44	2	0.0	1	2
47	2	0.0	1	2


=== Second read: Adapter 2 ===

Sequence: GGACTACNVGGGTWTCTAAT; Type: regular 5'; Length: 20; Trimmed: 1139813 times

Minimum overlap: 3
No. of allowed errors:
1-9 bp: 0; 10-19 bp: 1

Overview of removed sequences
length	count	expect	max.err	error counts
3	11	20387.0	0	11
4	1	5096.8	0	1
9	1	5.0	0	1
10	2	1.2	1	2
11	9	0.3	1	4 5
12	15	0.1	1	2 13
13	11	0.0	1	9 2
14	14	0.0	1	5 9
15	22	0.0	1	16 6
16	15	0.0	1	10 5
17	41	0.0	1	20 21
18	58	0.0	1	45 13
19	78	0.0	1	47 31
20	2115	0.0	1	1995 120
21	17026	0.0	1	3197 13829
22	1117199	0.0	1	1099126 18073
23	3125	0.0	1	1200 1925
24	23	0.0	1	4 19
25	6	0.0	1	6
26	2	0.0	1	2
27	5	0.0	1	5
28	5	0.0	1	5
30	3	0.0	1	3
31	2	0.0	1	2
32	4	0.0	1	4
33	3	0.0	1	1 2
35	4	0.0	1	1 3
36	2	0.0	1	2
37	1	0.0	1	1
39	3	0.0	1	3
41	1	0.0	1	1
42	3	0.0	1	3
43	3	0.0	1	3
Running cutadapt on: 2024_Hyp01_Both02_B13_gill_S32
This is cutadapt 5.2 with Python 3.13.15
Command line parameters: -j 6 -g GTGYCAGCMGCCGCGGTAA -G GGACTACNVGGGTWTCTAAT -o /scratch4/workspace/jade_fiorilla_student_uml_edu-rawseqorcc/trimmed-cutadapt-fastp/2024_Hyp01_Both02_B13_gill_S32_R1_trim.fastq -p /scratch4/workspace/jade_fiorilla_student_uml_edu-rawseqorcc/trimmed-cutadapt-fastp/2024_Hyp01_Both02_B13_gill_S32_R2_trim.fastq /scratch4/workspace/jade_fiorilla_student_uml_edu-rawseqorcc/trimmed-fastp/2024_Hyp01_Both02_B13_gill_S32_R1_trim.fastq.gz /scratch4/workspace/jade_fiorilla_student_uml_edu-rawseqorcc/trimmed-fastp/2024_Hyp01_Both02_B13_gill_S32_R2_trim.fastq.gz
Processing paired-end reads on 6 cores ...

=== Summary ===

Total read pairs processed:          1,004,315
  Read 1 with adapter:                 726,992 (72.4%)
  Read 2 with adapter:                 522,365 (52.0%)
Pairs written (passing filters):     1,004,315 (100.0%)

Total basepairs processed:   325,673,255 bp
  Read 1:   162,954,400 bp
  Read 2:   162,718,855 bp
Total written (filtered):    300,162,919 bp (92.2%)
  Read 1:   148,413,397 bp
  Read 2:   151,749,522 bp

=== First read: Adapter 1 ===

Sequence: GTGYCAGCMGCCGCGGTAA; Type: regular 5'; Length: 19; Trimmed: 726992 times

Minimum overlap: 3
No. of allowed errors:
1-9 bp: 0; 10-19 bp: 1

Overview of removed sequences
length	count	expect	max.err	error counts
3	7	15692.4	0	7
9	5	3.8	0	5
11	1	0.2	1	0 1
12	25	0.1	1	20 5
13	5	0.0	1	3 2
14	8	0.0	1	6 2
15	3	0.0	1	1 2
16	24	0.0	1	10 14
17	19	0.0	1	5 14
18	92	0.0	1	36 56
19	4627	0.0	1	1653 2974
20	717319	0.0	1	454692 262627
21	3571	0.0	1	1841 1730
22	1244	0.0	1	962 282
23	2	0.0	1	2
24	2	0.0	1	1 1
25	2	0.0	1	1 1
26	11	0.0	1	2 9
28	1	0.0	1	0 1
29	1	0.0	1	1
32	1	0.0	1	1
33	6	0.0	1	0 6
35	2	0.0	1	1 1
36	1	0.0	1	1
37	2	0.0	1	0 2
39	2	0.0	1	0 2
41	1	0.0	1	0 1
42	1	0.0	1	1
45	4	0.0	1	2 2
49	1	0.0	1	0 1
51	2	0.0	1	0 2


=== Second read: Adapter 2 ===

Sequence: GGACTACNVGGGTWTCTAAT; Type: regular 5'; Length: 20; Trimmed: 522365 times

Minimum overlap: 3
No. of allowed errors:
1-9 bp: 0; 10-19 bp: 1

Overview of removed sequences
length	count	expect	max.err	error counts
3	8	15692.4	0	8
10	3	1.0	1	1 2
11	2	0.2	1	1 1
12	2	0.1	1	2
13	3	0.0	1	3
14	4	0.0	1	1 3
15	2	0.0	1	2
16	5	0.0	1	3 2
17	9	0.0	1	4 5
18	14	0.0	1	9 5
19	31	0.0	1	19 12
20	3411	0.0	1	1033 2378
21	516139	0.0	1	501530 14609
22	2276	0.0	1	1198 1078
23	421	0.0	1	398 23
24	3	0.0	1	3
25	5	0.0	1	5
26	3	0.0	1	3
27	1	0.0	1	1
28	1	0.0	1	1
30	1	0.0	1	1
31	1	0.0	1	1
32	1	0.0	1	1
33	4	0.0	1	0 4
35	2	0.0	1	0 2
36	3	0.0	1	3
38	1	0.0	1	0 1
39	2	0.0	1	2
40	3	0.0	1	3
41	1	0.0	1	1
43	2	0.0	1	2
44	1	0.0	1	1
Running cutadapt on: 2024_Hyp01_Both02_B13_gut_S276
This is cutadapt 5.2 with Python 3.13.15
Command line parameters: -j 6 -g GTGYCAGCMGCCGCGGTAA -G GGACTACNVGGGTWTCTAAT -o /scratch4/workspace/jade_fiorilla_student_uml_edu-rawseqorcc/trimmed-cutadapt-fastp/2024_Hyp01_Both02_B13_gut_S276_R1_trim.fastq -p /scratch4/workspace/jade_fiorilla_student_uml_edu-rawseqorcc/trimmed-cutadapt-fastp/2024_Hyp01_Both02_B13_gut_S276_R2_trim.fastq /scratch4/workspace/jade_fiorilla_student_uml_edu-rawseqorcc/trimmed-fastp/2024_Hyp01_Both02_B13_gut_S276_R1_trim.fastq.gz /scratch4/workspace/jade_fiorilla_student_uml_edu-rawseqorcc/trimmed-fastp/2024_Hyp01_Both02_B13_gut_S276_R2_trim.fastq.gz
Processing paired-end reads on 6 cores ...

=== Summary ===

Total read pairs processed:            844,129
  Read 1 with adapter:                 724,527 (85.8%)
  Read 2 with adapter:                 591,576 (70.1%)
Pairs written (passing filters):       844,129 (100.0%)

Total basepairs processed:   359,772,774 bp
  Read 1:   179,934,337 bp
  Read 2:   179,838,437 bp
Total written (filtered):    332,858,176 bp (92.5%)
  Read 1:   165,442,849 bp
  Read 2:   167,415,327 bp

=== First read: Adapter 1 ===

Sequence: GTGYCAGCMGCCGCGGTAA; Type: regular 5'; Length: 19; Trimmed: 724527 times

Minimum overlap: 3
No. of allowed errors:
1-9 bp: 0; 10-19 bp: 1

Overview of removed sequences
length	count	expect	max.err	error counts
3	5	13189.5	0	5
9	2	3.2	0	2
12	35	0.1	1	30 5
13	10	0.0	1	9 1
14	14	0.0	1	6 8
15	9	0.0	1	2 7
16	23	0.0	1	11 12
17	9	0.0	1	5 4
18	82	0.0	1	36 46
19	2949	0.0	1	1167 1782
20	717819	0.0	1	565402 152417
21	2932	0.0	1	1569 1363
22	585	0.0	1	486 99
23	3	0.0	1	0 3
24	5	0.0	1	1 4
25	2	0.0	1	2
26	1	0.0	1	1
27	4	0.0	1	3 1
28	3	0.0	1	2 1
29	3	0.0	1	2 1
31	4	0.0	1	1 3
33	2	0.0	1	1 1
35	11	0.0	1	3 8
36	4	0.0	1	4
37	1	0.0	1	1
38	3	0.0	1	3
42	1	0.0	1	1
43	3	0.0	1	3
45	1	0.0	1	1
47	2	0.0	1	2


=== Second read: Adapter 2 ===

Sequence: GGACTACNVGGGTWTCTAAT; Type: regular 5'; Length: 20; Trimmed: 591576 times

Minimum overlap: 3
No. of allowed errors:
1-9 bp: 0; 10-19 bp: 1

Overview of removed sequences
length	count	expect	max.err	error counts
3	4	13189.5	0	4
10	1	0.8	1	1
11	4	0.2	1	4
12	1	0.1	1	1
13	9	0.0	1	8 1
14	8	0.0	1	3 5
15	3	0.0	1	1 2
16	7	0.0	1	1 6
17	9	0.0	1	8 1
18	21	0.0	1	16 5
19	35	0.0	1	25 10
20	3309	0.0	1	1014 2295
21	584864	0.0	1	574561 10303
22	3016	0.0	1	1888 1128
23	253	0.0	1	226 27
24	6	0.0	1	5 1
25	1	0.0	1	1
26	6	0.0	1	5 1
27	1	0.0	1	1
29	5	0.0	1	4 1
32	5	0.0	1	5
33	2	0.0	1	2
37	1	0.0	1	1
38	3	0.0	1	3
40	1	0.0	1	1
41	1	0.0	1	1
Running cutadapt on: 2024_Hyp01_Both06_B61_gill_S204
This is cutadapt 5.2 with Python 3.13.15
Command line parameters: -j 6 -g GTGYCAGCMGCCGCGGTAA -G GGACTACNVGGGTWTCTAAT -o /scratch4/workspace/jade_fiorilla_student_uml_edu-rawseqorcc/trimmed-cutadapt-fastp/2024_Hyp01_Both06_B61_gill_S204_R1_trim.fastq -p /scratch4/workspace/jade_fiorilla_student_uml_edu-rawseqorcc/trimmed-cutadapt-fastp/2024_Hyp01_Both06_B61_gill_S204_R2_trim.fastq /scratch4/workspace/jade_fiorilla_student_uml_edu-rawseqorcc/trimmed-fastp/2024_Hyp01_Both06_B61_gill_S204_R1_trim.fastq.gz /scratch4/workspace/jade_fiorilla_student_uml_edu-rawseqorcc/trimmed-fastp/2024_Hyp01_Both06_B61_gill_S204_R2_trim.fastq.gz
Processing paired-end reads on 6 cores ...

=== Summary ===

Total read pairs processed:          1,944,210
  Read 1 with adapter:               1,842,209 (94.8%)
  Read 2 with adapter:               1,767,633 (90.9%)
Pairs written (passing filters):     1,944,210 (100.0%)

Total basepairs processed: 1,021,412,893 bp
  Read 1:   510,686,460 bp
  Read 2:   510,726,433 bp
Total written (filtered):    951,048,997 bp (93.1%)
  Read 1:   475,677,486 bp
  Read 2:   475,371,511 bp

=== First read: Adapter 1 ===

Sequence: GTGYCAGCMGCCGCGGTAA; Type: regular 5'; Length: 19; Trimmed: 1842209 times

Minimum overlap: 3
No. of allowed errors:
1-9 bp: 0; 10-19 bp: 1

Overview of removed sequences
length	count	expect	max.err	error counts
3	31	30378.3	0	31
9	1	7.4	0	1
11	1	0.5	1	1
12	33	0.1	1	32 1
13	10	0.0	1	9 1
14	5	0.0	1	1 4
15	5	0.0	1	4 1
16	73	0.0	1	49 24
17	84	0.0	1	61 23
18	4280	0.0	1	670 3610
19	1830977	0.0	1	1722186 108791
20	4000	0.0	1	1206 2794
21	275	0.0	1	246 29
22	2358	0.0	1	1594 764
23	7	0.0	1	2 5
24	7	0.0	1	6 1
25	7	0.0	1	7
26	4	0.0	1	4
27	2	0.0	1	2
28	7	0.0	1	7
29	2	0.0	1	2
30	2	0.0	1	0 2
31	6	0.0	1	6
32	3	0.0	1	3
33	3	0.0	1	1 2
34	6	0.0	1	6
36	7	0.0	1	4 3
37	2	0.0	1	1 1
38	2	0.0	1	2
40	2	0.0	1	2
41	1	0.0	1	1
42	4	0.0	1	3 1
44	2	0.0	1	2


=== Second read: Adapter 2 ===

Sequence: GGACTACNVGGGTWTCTAAT; Type: regular 5'; Length: 20; Trimmed: 1767633 times

Minimum overlap: 3
No. of allowed errors:
1-9 bp: 0; 10-19 bp: 1

Overview of removed sequences
length	count	expect	max.err	error counts
3	38	30378.3	0	38
9	1	7.4	0	1
10	4	1.9	1	3 1
11	1	0.5	1	1
12	2	0.1	1	2
13	14	0.0	1	9 5
14	17	0.0	1	7 10
15	8	0.0	1	5 3
16	20	0.0	1	8 12
17	29	0.0	1	17 12
18	60	0.0	1	38 22
19	7067	0.0	1	898 6169
20	1754091	0.0	1	1686042 68049
21	4295	0.0	1	1219 3076
22	160	0.0	1	133 27
23	1755	0.0	1	1629 126
24	15	0.0	1	6 9
25	8	0.0	1	4 4
26	2	0.0	1	2
27	8	0.0	1	8
28	8	0.0	1	5 3
29	2	0.0	1	2
30	4	0.0	1	4
31	6	0.0	1	3 3
33	1	0.0	1	1
34	1	0.0	1	1
35	5	0.0	1	5
36	1	0.0	1	1
38	2	0.0	1	2
40	3	0.0	1	3
42	1	0.0	1	1
44	1	0.0	1	1
46	2	0.0	1	1 1
50	1	0.0	1	1
Running cutadapt on: 2024_Hyp01_Both06_B61_gut_S12
This is cutadapt 5.2 with Python 3.13.15
Command line parameters: -j 6 -g GTGYCAGCMGCCGCGGTAA -G GGACTACNVGGGTWTCTAAT -o /scratch4/workspace/jade_fiorilla_student_uml_edu-rawseqorcc/trimmed-cutadapt-fastp/2024_Hyp01_Both06_B61_gut_S12_R1_trim.fastq -p /scratch4/workspace/jade_fiorilla_student_uml_edu-rawseqorcc/trimmed-cutadapt-fastp/2024_Hyp01_Both06_B61_gut_S12_R2_trim.fastq /scratch4/workspace/jade_fiorilla_student_uml_edu-rawseqorcc/trimmed-fastp/2024_Hyp01_Both06_B61_gut_S12_R1_trim.fastq.gz /scratch4/workspace/jade_fiorilla_student_uml_edu-rawseqorcc/trimmed-fastp/2024_Hyp01_Both06_B61_gut_S12_R2_trim.fastq.gz
Processing paired-end reads on 6 cores ...

=== Summary ===

Total read pairs processed:            611,217
  Read 1 with adapter:                 529,050 (86.6%)
  Read 2 with adapter:                 464,886 (76.1%)
Pairs written (passing filters):       611,217 (100.0%)

Total basepairs processed:   276,724,932 bp
  Read 1:   138,399,197 bp
  Read 2:   138,325,735 bp
Total written (filtered):    255,393,979 bp (92.3%)
  Read 1:   127,294,073 bp
  Read 2:   128,099,906 bp

=== First read: Adapter 1 ===

Sequence: GTGYCAGCMGCCGCGGTAA; Type: regular 5'; Length: 19; Trimmed: 529050 times

Minimum overlap: 3
No. of allowed errors:
1-9 bp: 0; 10-19 bp: 1

Overview of removed sequences
length	count	expect	max.err	error counts
3	16	9550.3	0	16
9	3	2.3	0	3
12	22	0.0	1	16 6
13	4	0.0	1	3 1
14	3	0.0	1	2 1
15	14	0.0	1	5 9
16	17	0.0	1	14 3
17	12	0.0	1	5 7
18	30	0.0	1	12 18
19	1847	0.0	1	762 1085
20	4093	0.0	1	2456 1637
21	519638	0.0	1	437916 81722
22	3309	0.0	1	2241 1068
23	5	0.0	1	2 3
24	3	0.0	1	3
25	5	0.0	1	3 2
27	2	0.0	1	1 1
28	4	0.0	1	2 2
30	5	0.0	1	5
31	2	0.0	1	2
32	3	0.0	1	3
34	1	0.0	1	1
35	3	0.0	1	3
36	1	0.0	1	1
37	1	0.0	1	1
38	1	0.0	1	1
39	1	0.0	1	1
40	1	0.0	1	0 1
41	1	0.0	1	0 1
45	1	0.0	1	0 1
55	1	0.0	1	0 1
60	1	0.0	1	1


=== Second read: Adapter 2 ===

Sequence: GGACTACNVGGGTWTCTAAT; Type: regular 5'; Length: 20; Trimmed: 464886 times

Minimum overlap: 3
No. of allowed errors:
1-9 bp: 0; 10-19 bp: 1

Overview of removed sequences
length	count	expect	max.err	error counts
3	9	9550.3	0	9
10	1	0.6	1	1
11	5	0.1	1	4 1
12	6	0.0	1	6
13	7	0.0	1	6 1
14	9	0.0	1	6 3
15	5	0.0	1	1 4
16	10	0.0	1	2 8
17	11	0.0	1	8 3
18	16	0.0	1	11 5
19	45	0.0	1	36 9
20	406	0.0	1	345 61
21	4293	0.0	1	1534 2759
22	456117	0.0	1	445375 10742
23	3910	0.0	1	2969 941
24	14	0.0	1	6 8
25	1	0.0	1	1
26	1	0.0	1	1
27	3	0.0	1	3
29	2	0.0	1	2
33	1	0.0	1	0 1
34	5	0.0	1	5
36	1	0.0	1	1
38	1	0.0	1	1
39	2	0.0	1	1 1
41	1	0.0	1	1
44	1	0.0	1	1
46	1	0.0	1	1
47	2	0.0	1	2
Running cutadapt on: 2024_Hyp01_Cont06_B62_gill_S171
This is cutadapt 5.2 with Python 3.13.15
Command line parameters: -j 6 -g GTGYCAGCMGCCGCGGTAA -G GGACTACNVGGGTWTCTAAT -o /scratch4/workspace/jade_fiorilla_student_uml_edu-rawseqorcc/trimmed-cutadapt-fastp/2024_Hyp01_Cont06_B62_gill_S171_R1_trim.fastq -p /scratch4/workspace/jade_fiorilla_student_uml_edu-rawseqorcc/trimmed-cutadapt-fastp/2024_Hyp01_Cont06_B62_gill_S171_R2_trim.fastq /scratch4/workspace/jade_fiorilla_student_uml_edu-rawseqorcc/trimmed-fastp/2024_Hyp01_Cont06_B62_gill_S171_R1_trim.fastq.gz /scratch4/workspace/jade_fiorilla_student_uml_edu-rawseqorcc/trimmed-fastp/2024_Hyp01_Cont06_B62_gill_S171_R2_trim.fastq.gz
Processing paired-end reads on 6 cores ...

=== Summary ===

Total read pairs processed:          1,440,378
  Read 1 with adapter:               1,123,502 (78.0%)
  Read 2 with adapter:                 864,132 (60.0%)
Pairs written (passing filters):     1,440,378 (100.0%)

Total basepairs processed:   530,365,944 bp
  Read 1:   265,262,950 bp
  Read 2:   265,102,994 bp
Total written (filtered):    489,751,454 bp (92.3%)
  Read 1:   242,793,513 bp
  Read 2:   246,957,941 bp

=== First read: Adapter 1 ===

Sequence: GTGYCAGCMGCCGCGGTAA; Type: regular 5'; Length: 19; Trimmed: 1123502 times

Minimum overlap: 3
No. of allowed errors:
1-9 bp: 0; 10-19 bp: 1

Overview of removed sequences
length	count	expect	max.err	error counts
12	55	0.1	1	43 12
13	4	0.0	1	2 2
14	8	0.0	1	2 6
15	13	0.0	1	5 8
16	24	0.0	1	10 14
17	39	0.0	1	20 19
18	136	0.0	1	60 76
19	9333	0.0	1	5065 4268
20	1106121	0.0	1	800557 305564
21	6631	0.0	1	4308 2323
22	1059	0.0	1	970 89
23	10	0.0	1	5 5
25	1	0.0	1	1
26	3	0.0	1	2 1
27	4	0.0	1	4
28	3	0.0	1	1 2
29	1	0.0	1	1
30	6	0.0	1	5 1
31	2	0.0	1	0 2
32	8	0.0	1	4 4
33	4	0.0	1	2 2
34	8	0.0	1	0 8
35	3	0.0	1	1 2
36	3	0.0	1	2 1
37	7	0.0	1	7
38	6	0.0	1	3 3
41	1	0.0	1	1
42	1	0.0	1	0 1
43	1	0.0	1	0 1
44	2	0.0	1	2
47	1	0.0	1	0 1
49	2	0.0	1	0 2
50	1	0.0	1	1
62	1	0.0	1	0 1


=== Second read: Adapter 2 ===

Sequence: GGACTACNVGGGTWTCTAAT; Type: regular 5'; Length: 20; Trimmed: 864132 times

Minimum overlap: 3
No. of allowed errors:
1-9 bp: 0; 10-19 bp: 1

Overview of removed sequences
length	count	expect	max.err	error counts
3	2	22505.9	0	2
9	2	5.5	0	2
10	3	1.4	1	3
11	9	0.3	1	8 1
12	3	0.1	1	3
13	3	0.0	1	2 1
14	10	0.0	1	7 3
15	11	0.0	1	9 2
16	15	0.0	1	1 14
17	6	0.0	1	3 3
18	21	0.0	1	11 10
19	64	0.0	1	34 30
20	7418	0.0	1	3750 3668
21	851115	0.0	1	804907 46208
22	4923	0.0	1	2917 2006
23	484	0.0	1	466 18
24	9	0.0	1	8 1
26	2	0.0	1	2
27	5	0.0	1	5
28	2	0.0	1	2
29	1	0.0	1	0 1
30	4	0.0	1	4
31	4	0.0	1	4
32	4	0.0	1	4
36	1	0.0	1	1
37	1	0.0	1	1
38	1	0.0	1	1
40	3	0.0	1	3
42	2	0.0	1	2
46	1	0.0	1	1
50	3	0.0	1	3
Running cutadapt on: 2024_Hyp01_Cont06_B62_gut_S172
This is cutadapt 5.2 with Python 3.13.15
Command line parameters: -j 6 -g GTGYCAGCMGCCGCGGTAA -G GGACTACNVGGGTWTCTAAT -o /scratch4/workspace/jade_fiorilla_student_uml_edu-rawseqorcc/trimmed-cutadapt-fastp/2024_Hyp01_Cont06_B62_gut_S172_R1_trim.fastq -p /scratch4/workspace/jade_fiorilla_student_uml_edu-rawseqorcc/trimmed-cutadapt-fastp/2024_Hyp01_Cont06_B62_gut_S172_R2_trim.fastq /scratch4/workspace/jade_fiorilla_student_uml_edu-rawseqorcc/trimmed-fastp/2024_Hyp01_Cont06_B62_gut_S172_R1_trim.fastq.gz /scratch4/workspace/jade_fiorilla_student_uml_edu-rawseqorcc/trimmed-fastp/2024_Hyp01_Cont06_B62_gut_S172_R2_trim.fastq.gz
Processing paired-end reads on 6 cores ...

=== Summary ===

Total read pairs processed:          1,397,931
  Read 1 with adapter:               1,328,775 (95.1%)
  Read 2 with adapter:               1,283,149 (91.8%)
Pairs written (passing filters):     1,397,931 (100.0%)

Total basepairs processed:   754,563,663 bp
  Read 1:   377,294,359 bp
  Read 2:   377,269,304 bp
Total written (filtered):    701,045,733 bp (92.9%)
  Read 1:   350,719,979 bp
  Read 2:   350,325,754 bp

=== First read: Adapter 1 ===

Sequence: GTGYCAGCMGCCGCGGTAA; Type: regular 5'; Length: 19; Trimmed: 1328775 times

Minimum overlap: 3
No. of allowed errors:
1-9 bp: 0; 10-19 bp: 1

Overview of removed sequences
length	count	expect	max.err	error counts
3	4	21842.7	0	4
9	12	5.3	0	12
10	6	1.3	1	3 3
11	1	0.3	1	1
12	61	0.1	1	55 6
13	14	0.0	1	10 4
14	8	0.0	1	6 2
15	21	0.0	1	7 14
16	34	0.0	1	24 10
17	35	0.0	1	12 23
18	166	0.0	1	85 81
19	10531	0.0	1	5783 4748
20	1309095	0.0	1	1231430 77665
21	7533	0.0	1	4647 2886
22	1156	0.0	1	920 236
23	14	0.0	1	8 6
24	5	0.0	1	4 1
25	7	0.0	1	5 2
26	6	0.0	1	6
27	4	0.0	1	3 1
28	3	0.0	1	3
29	4	0.0	1	4
30	4	0.0	1	4
31	2	0.0	1	2
32	5	0.0	1	4 1
33	8	0.0	1	6 2
34	4	0.0	1	4
35	7	0.0	1	7
36	8	0.0	1	8
37	1	0.0	1	1
38	3	0.0	1	3
40	2	0.0	1	2
41	1	0.0	1	1
43	3	0.0	1	3
47	3	0.0	1	3
48	1	0.0	1	0 1
49	1	0.0	1	1
56	2	0.0	1	1 1


=== Second read: Adapter 2 ===

Sequence: GGACTACNVGGGTWTCTAAT; Type: regular 5'; Length: 20; Trimmed: 1283149 times

Minimum overlap: 3
No. of allowed errors:
1-9 bp: 0; 10-19 bp: 1

Overview of removed sequences
length	count	expect	max.err	error counts
3	3	21842.7	0	3
10	1	1.3	1	0 1
11	4	0.3	1	2 2
12	1	0.1	1	1
13	13	0.0	1	12 1
14	14	0.0	1	4 10
15	3	0.0	1	1 2
16	6	0.0	1	3 3
17	13	0.0	1	5 8
18	28	0.0	1	19 9
19	121	0.0	1	53 68
20	8955	0.0	1	3959 4996
21	1267695	0.0	1	1235005 32690
22	5768	0.0	1	3110 2658
23	479	0.0	1	389 90
24	8	0.0	1	4 4
25	4	0.0	1	3 1
26	3	0.0	1	3
27	7	0.0	1	5 2
28	4	0.0	1	3 1
29	4	0.0	1	4
30	3	0.0	1	3
34	4	0.0	1	4
35	2	0.0	1	2
37	2	0.0	1	2
40	1	0.0	1	1
46	1	0.0	1	1
47	2	0.0	1	2
Running cutadapt on: 2024_Hyp01_Null_B08_gill_S261
This is cutadapt 5.2 with Python 3.13.15
Command line parameters: -j 6 -g GTGYCAGCMGCCGCGGTAA -G GGACTACNVGGGTWTCTAAT -o /scratch4/workspace/jade_fiorilla_student_uml_edu-rawseqorcc/trimmed-cutadapt-fastp/2024_Hyp01_Null_B08_gill_S261_R1_trim.fastq -p /scratch4/workspace/jade_fiorilla_student_uml_edu-rawseqorcc/trimmed-cutadapt-fastp/2024_Hyp01_Null_B08_gill_S261_R2_trim.fastq /scratch4/workspace/jade_fiorilla_student_uml_edu-rawseqorcc/trimmed-fastp/2024_Hyp01_Null_B08_gill_S261_R1_trim.fastq.gz /scratch4/workspace/jade_fiorilla_student_uml_edu-rawseqorcc/trimmed-fastp/2024_Hyp01_Null_B08_gill_S261_R2_trim.fastq.gz
Processing paired-end reads on 6 cores ...

=== Summary ===

Total read pairs processed:            856,811
  Read 1 with adapter:                 781,916 (91.3%)
  Read 2 with adapter:                 786,664 (91.8%)
Pairs written (passing filters):       856,811 (100.0%)

Total basepairs processed:   437,886,608 bp
  Read 1:   218,944,312 bp
  Read 2:   218,942,296 bp
Total written (filtered):    404,167,714 bp (92.3%)
  Read 1:   202,527,009 bp
  Read 2:   201,640,705 bp

=== First read: Adapter 1 ===

Sequence: GTGYCAGCMGCCGCGGTAA; Type: regular 5'; Length: 19; Trimmed: 781916 times

Minimum overlap: 3
No. of allowed errors:
1-9 bp: 0; 10-19 bp: 1

Overview of removed sequences
length	count	expect	max.err	error counts
3	14	13387.7	0	14
10	2	0.8	1	2
11	6	0.2	1	6
12	17	0.1	1	15 2
13	2	0.0	1	2
14	2	0.0	1	1 1
15	3	0.0	1	3
16	21	0.0	1	15 6
17	8	0.0	1	5 3
18	36	0.0	1	17 19
19	1182	0.0	1	1109 73
20	2820	0.0	1	929 1891
21	775191	0.0	1	676897 98294
22	2566	0.0	1	1433 1133
23	11	0.0	1	8 3
24	2	0.0	1	2
26	5	0.0	1	5
28	4	0.0	1	0 4
29	4	0.0	1	3 1
30	2	0.0	1	2
31	2	0.0	1	2
32	1	0.0	1	1
34	1	0.0	1	1
37	3	0.0	1	3
38	2	0.0	1	2
40	3	0.0	1	3
43	2	0.0	1	2
44	1	0.0	1	0 1
47	2	0.0	1	2
53	1	0.0	1	0 1


=== Second read: Adapter 2 ===

Sequence: GGACTACNVGGGTWTCTAAT; Type: regular 5'; Length: 20; Trimmed: 786664 times

Minimum overlap: 3
No. of allowed errors:
1-9 bp: 0; 10-19 bp: 1

Overview of removed sequences
length	count	expect	max.err	error counts
3	2	13387.7	0	2
4	1	3346.9	0	1
5	1	836.7	0	1
10	2	0.8	1	2
11	3	0.2	1	3
12	5	0.1	1	5
13	8	0.0	1	7 1
14	9	0.0	1	2 7
15	12	0.0	1	6 6
16	15	0.0	1	6 9
17	27	0.0	1	23 4
18	31	0.0	1	20 11
19	57	0.0	1	32 25
20	875	0.0	1	804 71
21	5511	0.0	1	899 4612
22	777217	0.0	1	685875 91342
23	2850	0.0	1	1559 1291
24	13	0.0	1	11 2
26	4	0.0	1	4
28	3	0.0	1	3
29	1	0.0	1	0 1
30	1	0.0	1	1
32	1	0.0	1	1
33	3	0.0	1	3
34	4	0.0	1	4
37	1	0.0	1	1
40	4	0.0	1	4
43	1	0.0	1	0 1
45	1	0.0	1	0 1
47	1	0.0	1	1
Running cutadapt on: 2024_Hyp01_Null_B08_gut_S79
This is cutadapt 5.2 with Python 3.13.15
Command line parameters: -j 6 -g GTGYCAGCMGCCGCGGTAA -G GGACTACNVGGGTWTCTAAT -o /scratch4/workspace/jade_fiorilla_student_uml_edu-rawseqorcc/trimmed-cutadapt-fastp/2024_Hyp01_Null_B08_gut_S79_R1_trim.fastq -p /scratch4/workspace/jade_fiorilla_student_uml_edu-rawseqorcc/trimmed-cutadapt-fastp/2024_Hyp01_Null_B08_gut_S79_R2_trim.fastq /scratch4/workspace/jade_fiorilla_student_uml_edu-rawseqorcc/trimmed-fastp/2024_Hyp01_Null_B08_gut_S79_R1_trim.fastq.gz /scratch4/workspace/jade_fiorilla_student_uml_edu-rawseqorcc/trimmed-fastp/2024_Hyp01_Null_B08_gut_S79_R2_trim.fastq.gz
Processing paired-end reads on 6 cores ...

=== Summary ===

Total read pairs processed:            513,284
  Read 1 with adapter:                 464,746 (90.5%)
  Read 2 with adapter:                 407,368 (79.4%)
Pairs written (passing filters):       513,284 (100.0%)

Total basepairs processed:   243,545,398 bp
  Read 1:   121,792,054 bp
  Read 2:   121,753,344 bp
Total written (filtered):    225,679,528 bp (92.7%)
  Read 1:   112,488,417 bp
  Read 2:   113,191,111 bp

=== First read: Adapter 1 ===

Sequence: GTGYCAGCMGCCGCGGTAA; Type: regular 5'; Length: 19; Trimmed: 464746 times

Minimum overlap: 3
No. of allowed errors:
1-9 bp: 0; 10-19 bp: 1

Overview of removed sequences
length	count	expect	max.err	error counts
3	8	8020.1	0	8
11	4	0.1	1	0 4
12	13	0.0	1	11 2
13	4	0.0	1	2 2
14	3	0.0	1	2 1
15	8	0.0	1	3 5
16	8	0.0	1	6 2
17	8	0.0	1	7 1
18	77	0.0	1	28 49
19	4941	0.0	1	1385 3556
20	448117	0.0	1	387129 60988
21	9258	0.0	1	5542 3716
22	2257	0.0	1	1824 433
23	10	0.0	1	7 3
24	4	0.0	1	3 1
25	1	0.0	1	0 1
26	1	0.0	1	0 1
27	2	0.0	1	2
28	1	0.0	1	1
29	2	0.0	1	2
30	1	0.0	1	1
33	1	0.0	1	1
34	1	0.0	1	0 1
35	2	0.0	1	1 1
36	1	0.0	1	1
37	2	0.0	1	2
38	3	0.0	1	3
40	4	0.0	1	1 3
43	2	0.0	1	2
52	2	0.0	1	2


=== Second read: Adapter 2 ===

Sequence: GGACTACNVGGGTWTCTAAT; Type: regular 5'; Length: 20; Trimmed: 407368 times

Minimum overlap: 3
No. of allowed errors:
1-9 bp: 0; 10-19 bp: 1

Overview of removed sequences
length	count	expect	max.err	error counts
3	11	8020.1	0	11
9	1	2.0	0	0 1
11	1	0.1	1	1
13	1	0.0	1	1
14	5	0.0	1	3 2
15	8	0.0	1	5 3
16	5	0.0	1	3 2
17	2	0.0	1	2
18	7	0.0	1	4 3
19	31	0.0	1	22 9
20	2436	0.0	1	960 1476
21	395765	0.0	1	386187 9578
22	7919	0.0	1	6870 1049
23	1161	0.0	1	1078 83
24	4	0.0	1	2 2
27	1	0.0	1	1
28	4	0.0	1	4
30	2	0.0	1	2
31	1	0.0	1	1
34	1	0.0	1	1
36	1	0.0	1	1
46	1	0.0	1	1
Running cutadapt on: 2024_Hyp01_Warm04_B38_gill_S205
This is cutadapt 5.2 with Python 3.13.15
Command line parameters: -j 6 -g GTGYCAGCMGCCGCGGTAA -G GGACTACNVGGGTWTCTAAT -o /scratch4/workspace/jade_fiorilla_student_uml_edu-rawseqorcc/trimmed-cutadapt-fastp/2024_Hyp01_Warm04_B38_gill_S205_R1_trim.fastq -p /scratch4/workspace/jade_fiorilla_student_uml_edu-rawseqorcc/trimmed-cutadapt-fastp/2024_Hyp01_Warm04_B38_gill_S205_R2_trim.fastq /scratch4/workspace/jade_fiorilla_student_uml_edu-rawseqorcc/trimmed-fastp/2024_Hyp01_Warm04_B38_gill_S205_R1_trim.fastq.gz /scratch4/workspace/jade_fiorilla_student_uml_edu-rawseqorcc/trimmed-fastp/2024_Hyp01_Warm04_B38_gill_S205_R2_trim.fastq.gz
Processing paired-end reads on 6 cores ...

=== Summary ===

Total read pairs processed:          2,037,607
  Read 1 with adapter:               2,028,667 (99.6%)
  Read 2 with adapter:               2,024,121 (99.3%)
Pairs written (passing filters):     2,037,607 (100.0%)

Total basepairs processed: 1,186,305,909 bp
  Read 1:   593,127,732 bp
  Read 2:   593,178,177 bp
Total written (filtered):  1,107,268,019 bp (93.3%)
  Read 1:   554,575,923 bp
  Read 2:   552,692,096 bp

=== First read: Adapter 1 ===

Sequence: GTGYCAGCMGCCGCGGTAA; Type: regular 5'; Length: 19; Trimmed: 2028667 times

Minimum overlap: 3
No. of allowed errors:
1-9 bp: 0; 10-19 bp: 1

Overview of removed sequences
length	count	expect	max.err	error counts
3	21	31837.6	0	21
8	1	31.1	0	1
9	2	7.8	0	2
12	56	0.1	1	55 1
13	13	0.0	1	11 2
14	9	0.0	1	4 5
15	7	0.0	1	2 5
16	54	0.0	1	40 14
17	99	0.0	1	73 26
18	4216	0.0	1	751 3465
19	2017579	0.0	1	1996367 21212
20	3604	0.0	1	1012 2592
21	427	0.0	1	376 51
22	2520	0.0	1	1816 704
23	14	0.0	1	7 7
24	4	0.0	1	4
25	6	0.0	1	6
27	2	0.0	1	2
28	2	0.0	1	2
29	4	0.0	1	4
30	4	0.0	1	4
32	4	0.0	1	4
33	2	0.0	1	2
34	4	0.0	1	1 3
35	3	0.0	1	3
36	3	0.0	1	2 1
37	2	0.0	1	2
38	2	0.0	1	2
39	2	0.0	1	2
40	1	0.0	1	1


=== Second read: Adapter 2 ===

Sequence: GGACTACNVGGGTWTCTAAT; Type: regular 5'; Length: 20; Trimmed: 2024121 times

Minimum overlap: 3
No. of allowed errors:
1-9 bp: 0; 10-19 bp: 1

Overview of removed sequences
length	count	expect	max.err	error counts
3	13	31837.6	0	13
10	9	1.9	1	9
11	3	0.5	1	3
12	13	0.1	1	11 2
13	13	0.0	1	11 2
14	14	0.0	1	10 4
15	17	0.0	1	10 7
16	17	0.0	1	6 11
17	26	0.0	1	21 5
18	101	0.0	1	68 33
19	7996	0.0	1	1057 6939
20	2008663	0.0	1	1975674 32989
21	4674	0.0	1	1250 3424
22	222	0.0	1	173 49
23	2261	0.0	1	1948 313
24	17	0.0	1	9 8
25	8	0.0	1	7 1
26	4	0.0	1	4
27	3	0.0	1	3
28	6	0.0	1	6
29	3	0.0	1	3
30	2	0.0	1	2
31	10	0.0	1	8 2
32	5	0.0	1	5
33	1	0.0	1	1
34	4	0.0	1	1 3
35	3	0.0	1	3
39	1	0.0	1	1
40	7	0.0	1	3 4
43	5	0.0	1	5
Running cutadapt on: 2024_Hyp01_Warm04_B38_gut_S13
This is cutadapt 5.2 with Python 3.13.15
Command line parameters: -j 6 -g GTGYCAGCMGCCGCGGTAA -G GGACTACNVGGGTWTCTAAT -o /scratch4/workspace/jade_fiorilla_student_uml_edu-rawseqorcc/trimmed-cutadapt-fastp/2024_Hyp01_Warm04_B38_gut_S13_R1_trim.fastq -p /scratch4/workspace/jade_fiorilla_student_uml_edu-rawseqorcc/trimmed-cutadapt-fastp/2024_Hyp01_Warm04_B38_gut_S13_R2_trim.fastq /scratch4/workspace/jade_fiorilla_student_uml_edu-rawseqorcc/trimmed-fastp/2024_Hyp01_Warm04_B38_gut_S13_R1_trim.fastq.gz /scratch4/workspace/jade_fiorilla_student_uml_edu-rawseqorcc/trimmed-fastp/2024_Hyp01_Warm04_B38_gut_S13_R2_trim.fastq.gz
Processing paired-end reads on 6 cores ...

=== Summary ===

Total read pairs processed:            482,487
  Read 1 with adapter:                 446,295 (92.5%)
  Read 2 with adapter:                 423,876 (87.9%)
Pairs written (passing filters):       482,487 (100.0%)

Total basepairs processed:   251,252,243 bp
  Read 1:   125,636,984 bp
  Read 2:   125,615,259 bp
Total written (filtered):    232,562,737 bp (92.6%)
  Read 1:   116,270,556 bp
  Read 2:   116,292,181 bp

=== First read: Adapter 1 ===

Sequence: GTGYCAGCMGCCGCGGTAA; Type: regular 5'; Length: 19; Trimmed: 446295 times

Minimum overlap: 3
No. of allowed errors:
1-9 bp: 0; 10-19 bp: 1

Overview of removed sequences
length	count	expect	max.err	error counts
3	9	7538.9	0	9
8	1	7.4	0	1
9	2	1.8	0	2
11	1	0.1	1	1
12	27	0.0	1	26 1
13	2	0.0	1	2
14	2	0.0	1	1 1
15	4	0.0	1	2 2
16	8	0.0	1	6 2
17	7	0.0	1	5 2
18	42	0.0	1	12 30
19	2058	0.0	1	1391 667
20	4559	0.0	1	2934 1625
21	436139	0.0	1	403212 32927
22	3404	0.0	1	2587 817
23	7	0.0	1	5 2
24	1	0.0	1	1
25	2	0.0	1	2
26	1	0.0	1	1
27	2	0.0	1	1 1
28	9	0.0	1	9
30	2	0.0	1	2
33	2	0.0	1	2
34	1	0.0	1	1
35	2	0.0	1	2
37	1	0.0	1	1


=== Second read: Adapter 2 ===

Sequence: GGACTACNVGGGTWTCTAAT; Type: regular 5'; Length: 20; Trimmed: 423876 times

Minimum overlap: 3
No. of allowed errors:
1-9 bp: 0; 10-19 bp: 1

Overview of removed sequences
length	count	expect	max.err	error counts
3	8	7538.9	0	8
9	1	1.8	0	1
10	1	0.5	1	0 1
11	1	0.1	1	1
12	4	0.0	1	4
13	9	0.0	1	7 2
14	12	0.0	1	7 5
15	5	0.0	1	3 2
16	11	0.0	1	4 7
17	16	0.0	1	6 10
18	16	0.0	1	10 6
19	33	0.0	1	23 10
20	952	0.0	1	901 51
21	3877	0.0	1	1823 2054
22	414701	0.0	1	405733 8968
23	4201	0.0	1	3315 886
24	17	0.0	1	8 9
26	1	0.0	1	1
27	2	0.0	1	2
29	2	0.0	1	2
30	2	0.0	1	2
34	1	0.0	1	1
35	2	0.0	1	2
41	1	0.0	1	1
Running cutadapt on: 2024_Hyp01_Warm05_B49_gill_S206
This is cutadapt 5.2 with Python 3.13.15
Command line parameters: -j 6 -g GTGYCAGCMGCCGCGGTAA -G GGACTACNVGGGTWTCTAAT -o /scratch4/workspace/jade_fiorilla_student_uml_edu-rawseqorcc/trimmed-cutadapt-fastp/2024_Hyp01_Warm05_B49_gill_S206_R1_trim.fastq -p /scratch4/workspace/jade_fiorilla_student_uml_edu-rawseqorcc/trimmed-cutadapt-fastp/2024_Hyp01_Warm05_B49_gill_S206_R2_trim.fastq /scratch4/workspace/jade_fiorilla_student_uml_edu-rawseqorcc/trimmed-fastp/2024_Hyp01_Warm05_B49_gill_S206_R1_trim.fastq.gz /scratch4/workspace/jade_fiorilla_student_uml_edu-rawseqorcc/trimmed-fastp/2024_Hyp01_Warm05_B49_gill_S206_R2_trim.fastq.gz
Processing paired-end reads on 6 cores ...

=== Summary ===

Total read pairs processed:          2,052,372
  Read 1 with adapter:               1,984,291 (96.7%)
  Read 2 with adapter:               1,931,037 (94.1%)
Pairs written (passing filters):     2,052,372 (100.0%)

Total basepairs processed: 1,127,110,729 bp
  Read 1:   563,558,942 bp
  Read 2:   563,551,787 bp
Total written (filtered):  1,050,783,571 bp (93.2%)
  Read 1:   525,853,013 bp
  Read 2:   524,930,558 bp

=== First read: Adapter 1 ===

Sequence: GTGYCAGCMGCCGCGGTAA; Type: regular 5'; Length: 19; Trimmed: 1984291 times

Minimum overlap: 3
No. of allowed errors:
1-9 bp: 0; 10-19 bp: 1

Overview of removed sequences
length	count	expect	max.err	error counts
3	31	32068.3	0	31
5	1	2004.3	0	1
12	48	0.1	1	48
13	10	0.0	1	7 3
14	21	0.0	1	6 15
15	9	0.0	1	5 4
16	47	0.0	1	29 18
17	117	0.0	1	85 32
18	5095	0.0	1	726 4369
19	1972558	0.0	1	1897978 74580
20	4205	0.0	1	1118 3087
21	390	0.0	1	334 56
22	1694	0.0	1	1197 497
23	10	0.0	1	7 3
24	2	0.0	1	2
25	7	0.0	1	7
26	3	0.0	1	3
28	1	0.0	1	0 1
29	5	0.0	1	5
30	5	0.0	1	4 1
31	4	0.0	1	3 1
32	2	0.0	1	1 1
33	1	0.0	1	1
34	1	0.0	1	1
36	1	0.0	1	1
37	3	0.0	1	3
38	3	0.0	1	2 1
39	1	0.0	1	1
40	2	0.0	1	1 1
41	4	0.0	1	2 2
42	8	0.0	1	8
48	2	0.0	1	1 1


=== Second read: Adapter 2 ===

Sequence: GGACTACNVGGGTWTCTAAT; Type: regular 5'; Length: 20; Trimmed: 1931037 times

Minimum overlap: 3
No. of allowed errors:
1-9 bp: 0; 10-19 bp: 1

Overview of removed sequences
length	count	expect	max.err	error counts
3	31	32068.3	0	31
10	4	2.0	1	4
11	11	0.5	1	11
12	15	0.1	1	9 6
13	17	0.0	1	9 8
14	16	0.0	1	6 10
15	19	0.0	1	10 9
16	22	0.0	1	8 14
17	39	0.0	1	22 17
18	89	0.0	1	55 34
19	7810	0.0	1	1012 6798
20	1916647	0.0	1	1844937 71710
21	4717	0.0	1	1348 3369
22	209	0.0	1	163 46
23	1339	0.0	1	1239 100
24	7	0.0	1	5 2
26	5	0.0	1	5
27	6	0.0	1	6
28	2	0.0	1	2
29	5	0.0	1	5
30	4	0.0	1	2 2
31	3	0.0	1	2 1
32	2	0.0	1	1 1
33	1	0.0	1	1
35	2	0.0	1	2
36	1	0.0	1	1
37	1	0.0	1	1
40	2	0.0	1	2
41	1	0.0	1	1
42	1	0.0	1	1
43	7	0.0	1	6 1
44	2	0.0	1	2
Running cutadapt on: 2024_Hyp01_Warm05_B49_gut_S14
This is cutadapt 5.2 with Python 3.13.15
Command line parameters: -j 6 -g GTGYCAGCMGCCGCGGTAA -G GGACTACNVGGGTWTCTAAT -o /scratch4/workspace/jade_fiorilla_student_uml_edu-rawseqorcc/trimmed-cutadapt-fastp/2024_Hyp01_Warm05_B49_gut_S14_R1_trim.fastq -p /scratch4/workspace/jade_fiorilla_student_uml_edu-rawseqorcc/trimmed-cutadapt-fastp/2024_Hyp01_Warm05_B49_gut_S14_R2_trim.fastq /scratch4/workspace/jade_fiorilla_student_uml_edu-rawseqorcc/trimmed-fastp/2024_Hyp01_Warm05_B49_gut_S14_R1_trim.fastq.gz /scratch4/workspace/jade_fiorilla_student_uml_edu-rawseqorcc/trimmed-fastp/2024_Hyp01_Warm05_B49_gut_S14_R2_trim.fastq.gz
Processing paired-end reads on 6 cores ...

=== Summary ===

Total read pairs processed:            735,942
  Read 1 with adapter:                 672,082 (91.3%)
  Read 2 with adapter:                 640,754 (87.1%)
Pairs written (passing filters):       735,942 (100.0%)

Total basepairs processed:   380,322,857 bp
  Read 1:   190,180,281 bp
  Read 2:   190,142,576 bp
Total written (filtered):    352,120,591 bp (92.6%)
  Read 1:   176,072,038 bp
  Read 2:   176,048,553 bp

=== First read: Adapter 1 ===

Sequence: GTGYCAGCMGCCGCGGTAA; Type: regular 5'; Length: 19; Trimmed: 672082 times

Minimum overlap: 3
No. of allowed errors:
1-9 bp: 0; 10-19 bp: 1

Overview of removed sequences
length	count	expect	max.err	error counts
3	10	11499.1	0	10
10	3	0.7	1	0 3
11	1	0.2	1	1
12	39	0.0	1	34 5
13	3	0.0	1	3
14	4	0.0	1	0 4
15	7	0.0	1	5 2
16	33	0.0	1	22 11
17	13	0.0	1	13
18	46	0.0	1	27 19
19	2301	0.0	1	1468 833
20	5557	0.0	1	2798 2759
21	659070	0.0	1	603518 55552
22	4926	0.0	1	3650 1276
23	5	0.0	1	1 4
24	3	0.0	1	3
25	6	0.0	1	6
26	7	0.0	1	7
27	2	0.0	1	2
29	7	0.0	1	7
30	5	0.0	1	3 2
31	2	0.0	1	1 1
32	3	0.0	1	1 2
33	1	0.0	1	1
34	4	0.0	1	3 1
35	1	0.0	1	0 1
36	8	0.0	1	5 3
37	2	0.0	1	1 1
38	1	0.0	1	1
39	1	0.0	1	1
40	2	0.0	1	1 1
41	3	0.0	1	3
44	1	0.0	1	1
45	2	0.0	1	2
49	1	0.0	1	1
55	1	0.0	1	0 1
58	1	0.0	1	1


=== Second read: Adapter 2 ===

Sequence: GGACTACNVGGGTWTCTAAT; Type: regular 5'; Length: 20; Trimmed: 640754 times

Minimum overlap: 3
No. of allowed errors:
1-9 bp: 0; 10-19 bp: 1

Overview of removed sequences
length	count	expect	max.err	error counts
3	16	11499.1	0	16
10	5	0.7	1	5
11	2	0.2	1	0 2
12	5	0.0	1	2 3
13	9	0.0	1	9
14	13	0.0	1	3 10
15	11	0.0	1	4 7
16	18	0.0	1	4 14
17	17	0.0	1	9 8
18	32	0.0	1	23 9
19	43	0.0	1	22 21
20	1073	0.0	1	996 77
21	5369	0.0	1	1909 3460
22	628418	0.0	1	610258 18160
23	5677	0.0	1	4241 1436
24	15	0.0	1	7 8
25	2	0.0	1	2
26	2	0.0	1	2
27	4	0.0	1	3 1
28	1	0.0	1	0 1
29	2	0.0	1	0 2
30	1	0.0	1	1
31	1	0.0	1	1
32	1	0.0	1	1
33	4	0.0	1	4
34	1	0.0	1	1
37	1	0.0	1	1
38	3	0.0	1	3
40	1	0.0	1	1
41	1	0.0	1	1
45	1	0.0	1	1
47	1	0.0	1	1
48	2	0.0	1	0 2
49	2	0.0	1	1 1
Running cutadapt on: 2024_Hyp02_Both05_B51_gill_S173
This is cutadapt 5.2 with Python 3.13.15
Command line parameters: -j 6 -g GTGYCAGCMGCCGCGGTAA -G GGACTACNVGGGTWTCTAAT -o /scratch4/workspace/jade_fiorilla_student_uml_edu-rawseqorcc/trimmed-cutadapt-fastp/2024_Hyp02_Both05_B51_gill_S173_R1_trim.fastq -p /scratch4/workspace/jade_fiorilla_student_uml_edu-rawseqorcc/trimmed-cutadapt-fastp/2024_Hyp02_Both05_B51_gill_S173_R2_trim.fastq /scratch4/workspace/jade_fiorilla_student_uml_edu-rawseqorcc/trimmed-fastp/2024_Hyp02_Both05_B51_gill_S173_R1_trim.fastq.gz /scratch4/workspace/jade_fiorilla_student_uml_edu-rawseqorcc/trimmed-fastp/2024_Hyp02_Both05_B51_gill_S173_R2_trim.fastq.gz
Processing paired-end reads on 6 cores ...

=== Summary ===

Total read pairs processed:          1,492,117
  Read 1 with adapter:               1,041,281 (69.8%)
  Read 2 with adapter:                 770,395 (51.6%)
Pairs written (passing filters):     1,492,117 (100.0%)

Total basepairs processed:   474,851,400 bp
  Read 1:   237,552,277 bp
  Read 2:   237,299,123 bp
Total written (filtered):    437,847,947 bp (92.2%)
  Read 1:   216,726,497 bp
  Read 2:   221,121,450 bp

=== First read: Adapter 1 ===

Sequence: GTGYCAGCMGCCGCGGTAA; Type: regular 5'; Length: 19; Trimmed: 1041281 times

Minimum overlap: 3
No. of allowed errors:
1-9 bp: 0; 10-19 bp: 1

Overview of removed sequences
length	count	expect	max.err	error counts
9	3	5.7	0	3
10	1	1.4	1	0 1
11	3	0.4	1	0 3
12	38	0.1	1	26 12
13	5	0.0	1	1 4
14	5	0.0	1	1 4
15	10	0.0	1	5 5
16	25	0.0	1	12 13
17	25	0.0	1	8 17
18	137	0.0	1	61 76
19	7825	0.0	1	4196 3629
20	1026226	0.0	1	645435 380791
21	6107	0.0	1	4105 2002
22	779	0.0	1	680 99
23	10	0.0	1	5 5
24	6	0.0	1	3 3
25	2	0.0	1	2
26	3	0.0	1	0 3
27	2	0.0	1	0 2
28	1	0.0	1	0 1
29	2	0.0	1	2
30	4	0.0	1	4
31	1	0.0	1	1
32	12	0.0	1	1 11
33	6	0.0	1	6
34	7	0.0	1	7
35	12	0.0	1	7 5
36	5	0.0	1	2 3
37	5	0.0	1	1 4
38	2	0.0	1	2
39	1	0.0	1	1
40	2	0.0	1	0 2
41	1	0.0	1	0 1
43	1	0.0	1	1
45	1	0.0	1	0 1
46	1	0.0	1	0 1
47	2	0.0	1	1 1
57	1	0.0	1	0 1
59	1	0.0	1	0 1
120	1	0.0	1	1


=== Second read: Adapter 2 ===

Sequence: GGACTACNVGGGTWTCTAAT; Type: regular 5'; Length: 20; Trimmed: 770395 times

Minimum overlap: 3
No. of allowed errors:
1-9 bp: 0; 10-19 bp: 1

Overview of removed sequences
length	count	expect	max.err	error counts
3	3	23314.3	0	3
9	1	5.7	0	1
10	5	1.4	1	5
11	4	0.4	1	3 1
13	7	0.0	1	5 2
14	7	0.0	1	3 4
15	3	0.0	1	1 2
16	10	0.0	1	6 4
17	4	0.0	1	1 3
18	16	0.0	1	10 6
19	45	0.0	1	20 25
20	6056	0.0	1	2721 3335
21	759164	0.0	1	709518 49646
22	4574	0.0	1	2729 1845
23	454	0.0	1	415 39
24	8	0.0	1	4 4
25	2	0.0	1	0 2
26	2	0.0	1	0 2
27	4	0.0	1	3 1
28	2	0.0	1	2
30	2	0.0	1	2
31	2	0.0	1	1 1
32	3	0.0	1	3
33	1	0.0	1	1
35	2	0.0	1	2
36	5	0.0	1	3 2
38	2	0.0	1	2
39	3	0.0	1	3
40	1	0.0	1	1
41	1	0.0	1	1
42	1	0.0	1	0 1
47	1	0.0	1	1
Running cutadapt on: 2024_Hyp02_Both05_B51_gut_S174
This is cutadapt 5.2 with Python 3.13.15
Command line parameters: -j 6 -g GTGYCAGCMGCCGCGGTAA -G GGACTACNVGGGTWTCTAAT -o /scratch4/workspace/jade_fiorilla_student_uml_edu-rawseqorcc/trimmed-cutadapt-fastp/2024_Hyp02_Both05_B51_gut_S174_R1_trim.fastq -p /scratch4/workspace/jade_fiorilla_student_uml_edu-rawseqorcc/trimmed-cutadapt-fastp/2024_Hyp02_Both05_B51_gut_S174_R2_trim.fastq /scratch4/workspace/jade_fiorilla_student_uml_edu-rawseqorcc/trimmed-fastp/2024_Hyp02_Both05_B51_gut_S174_R1_trim.fastq.gz /scratch4/workspace/jade_fiorilla_student_uml_edu-rawseqorcc/trimmed-fastp/2024_Hyp02_Both05_B51_gut_S174_R2_trim.fastq.gz
Processing paired-end reads on 6 cores ...

=== Summary ===

Total read pairs processed:          1,433,321
  Read 1 with adapter:               1,264,870 (88.2%)
  Read 2 with adapter:               1,156,287 (80.7%)
Pairs written (passing filters):     1,433,321 (100.0%)

Total basepairs processed:   686,814,643 bp
  Read 1:   343,441,265 bp
  Read 2:   343,373,378 bp
Total written (filtered):    637,240,840 bp (92.8%)
  Read 1:   318,146,047 bp
  Read 2:   319,094,793 bp

=== First read: Adapter 1 ===

Sequence: GTGYCAGCMGCCGCGGTAA; Type: regular 5'; Length: 19; Trimmed: 1264870 times

Minimum overlap: 3
No. of allowed errors:
1-9 bp: 0; 10-19 bp: 1

Overview of removed sequences
length	count	expect	max.err	error counts
3	30	22395.6	0	30
8	1	21.9	0	1
9	1	5.5	0	1
10	1	1.4	1	1
11	5	0.3	1	4 1
12	62	0.1	1	56 6
13	8	0.0	1	4 4
14	9	0.0	1	5 4
15	24	0.0	1	14 10
16	39	0.0	1	32 7
17	40	0.0	1	10 30
18	156	0.0	1	85 71
19	10527	0.0	1	5198 5329
20	1246287	0.0	1	1092933 153354
21	5876	0.0	1	3186 2690
22	1712	0.0	1	963 749
23	14	0.0	1	9 5
24	7	0.0	1	3 4
25	13	0.0	1	11 2
26	6	0.0	1	3 3
27	3	0.0	1	3
28	2	0.0	1	1 1
29	1	0.0	1	1
30	4	0.0	1	3 1
31	1	0.0	1	1
32	4	0.0	1	3 1
33	5	0.0	1	4 1
34	2	0.0	1	2
35	13	0.0	1	13
36	1	0.0	1	1
37	4	0.0	1	4
38	3	0.0	1	3
39	2	0.0	1	0 2
40	2	0.0	1	1 1
45	4	0.0	1	4
47	1	0.0	1	1


=== Second read: Adapter 2 ===

Sequence: GGACTACNVGGGTWTCTAAT; Type: regular 5'; Length: 20; Trimmed: 1156287 times

Minimum overlap: 3
No. of allowed errors:
1-9 bp: 0; 10-19 bp: 1

Overview of removed sequences
length	count	expect	max.err	error counts
3	21	22395.6	0	21
9	2	5.5	0	2
10	3	1.4	1	1 2
11	2	0.3	1	1 1
12	6	0.1	1	6
13	3	0.0	1	2 1
14	13	0.0	1	7 6
15	9	0.0	1	3 6
16	15	0.0	1	7 8
17	10	0.0	1	5 5
18	37	0.0	1	29 8
19	101	0.0	1	63 38
20	8203	0.0	1	3527 4676
21	1142694	0.0	1	1108775 33919
22	4683	0.0	1	2360 2323
23	452	0.0	1	415 37
24	3	0.0	1	2 1
25	4	0.0	1	3 1
26	2	0.0	1	2
27	4	0.0	1	4
28	1	0.0	1	1
29	5	0.0	1	5
30	3	0.0	1	3
32	3	0.0	1	3
34	3	0.0	1	1 2
35	2	0.0	1	1 1
36	2	0.0	1	2
38	1	0.0	1	1
Running cutadapt on: 2024_Hyp02_Cont01_B4_gill_S215
This is cutadapt 5.2 with Python 3.13.15
Command line parameters: -j 6 -g GTGYCAGCMGCCGCGGTAA -G GGACTACNVGGGTWTCTAAT -o /scratch4/workspace/jade_fiorilla_student_uml_edu-rawseqorcc/trimmed-cutadapt-fastp/2024_Hyp02_Cont01_B4_gill_S215_R1_trim.fastq -p /scratch4/workspace/jade_fiorilla_student_uml_edu-rawseqorcc/trimmed-cutadapt-fastp/2024_Hyp02_Cont01_B4_gill_S215_R2_trim.fastq /scratch4/workspace/jade_fiorilla_student_uml_edu-rawseqorcc/trimmed-fastp/2024_Hyp02_Cont01_B4_gill_S215_R1_trim.fastq.gz /scratch4/workspace/jade_fiorilla_student_uml_edu-rawseqorcc/trimmed-fastp/2024_Hyp02_Cont01_B4_gill_S215_R2_trim.fastq.gz
Processing paired-end reads on 6 cores ...

=== Summary ===

Total read pairs processed:            834,652
  Read 1 with adapter:                 604,394 (72.4%)
  Read 2 with adapter:                 544,285 (65.2%)
Pairs written (passing filters):       834,652 (100.0%)

Total basepairs processed:   325,447,097 bp
  Read 1:   162,757,704 bp
  Read 2:   162,689,393 bp
Total written (filtered):    301,929,508 bp (92.8%)
  Read 1:   150,667,908 bp
  Read 2:   151,261,600 bp

=== First read: Adapter 1 ===

Sequence: GTGYCAGCMGCCGCGGTAA; Type: regular 5'; Length: 19; Trimmed: 604394 times

Minimum overlap: 3
No. of allowed errors:
1-9 bp: 0; 10-19 bp: 1

Overview of removed sequences
length	count	expect	max.err	error counts
3	2	13041.4	0	2
9	1	3.2	0	1
10	3	0.8	1	2 1
11	1	0.2	1	1
12	28	0.0	1	24 4
13	1	0.0	1	0 1
14	2	0.0	1	1 1
15	4	0.0	1	3 1
16	19	0.0	1	14 5
17	26	0.0	1	9 17
18	61	0.0	1	23 38
19	1911	0.0	1	458 1453
20	598716	0.0	1	436083 162633
21	3068	0.0	1	1195 1873
22	522	0.0	1	440 82
23	4	0.0	1	3 1
24	4	0.0	1	4
25	2	0.0	1	0 2
26	4	0.0	1	2 2
30	2	0.0	1	2
31	1	0.0	1	0 1
32	1	0.0	1	0 1
34	1	0.0	1	0 1
35	1	0.0	1	0 1
36	2	0.0	1	0 2
39	1	0.0	1	1
42	1	0.0	1	1
43	2	0.0	1	1 1
46	1	0.0	1	0 1
49	1	0.0	1	0 1
50	1	0.0	1	1


=== Second read: Adapter 2 ===

Sequence: GGACTACNVGGGTWTCTAAT; Type: regular 5'; Length: 20; Trimmed: 544285 times

Minimum overlap: 3
No. of allowed errors:
1-9 bp: 0; 10-19 bp: 1

Overview of removed sequences
length	count	expect	max.err	error counts
3	2	13041.4	0	2
12	2	0.0	1	0 2
13	6	0.0	1	6
14	7	0.0	1	4 3
15	11	0.0	1	1 10
16	2	0.0	1	1 1
17	7	0.0	1	2 5
18	6	0.0	1	5 1
19	38	0.0	1	23 15
20	5579	0.0	1	286 5293
21	535693	0.0	1	473558 62135
22	2551	0.0	1	1530 1021
23	349	0.0	1	331 18
24	1	0.0	1	0 1
25	1	0.0	1	1
26	1	0.0	1	1
27	2	0.0	1	2
28	1	0.0	1	0 1
29	3	0.0	1	2 1
31	2	0.0	1	0 2
32	5	0.0	1	5
34	1	0.0	1	1
37	2	0.0	1	2
43	4	0.0	1	4
44	4	0.0	1	0 4
47	4	0.0	1	0 4
49	1	0.0	1	1
Running cutadapt on: 2024_Hyp02_Cont01_B4_gut_S33
This is cutadapt 5.2 with Python 3.13.15
Command line parameters: -j 6 -g GTGYCAGCMGCCGCGGTAA -G GGACTACNVGGGTWTCTAAT -o /scratch4/workspace/jade_fiorilla_student_uml_edu-rawseqorcc/trimmed-cutadapt-fastp/2024_Hyp02_Cont01_B4_gut_S33_R1_trim.fastq -p /scratch4/workspace/jade_fiorilla_student_uml_edu-rawseqorcc/trimmed-cutadapt-fastp/2024_Hyp02_Cont01_B4_gut_S33_R2_trim.fastq /scratch4/workspace/jade_fiorilla_student_uml_edu-rawseqorcc/trimmed-fastp/2024_Hyp02_Cont01_B4_gut_S33_R1_trim.fastq.gz /scratch4/workspace/jade_fiorilla_student_uml_edu-rawseqorcc/trimmed-fastp/2024_Hyp02_Cont01_B4_gut_S33_R2_trim.fastq.gz
Processing paired-end reads on 6 cores ...

=== Summary ===

Total read pairs processed:            884,838
  Read 1 with adapter:                 800,314 (90.4%)
  Read 2 with adapter:                 707,413 (79.9%)
Pairs written (passing filters):       884,838 (100.0%)

Total basepairs processed:   424,691,197 bp
  Read 1:   212,388,825 bp
  Read 2:   212,302,372 bp
Total written (filtered):    393,845,628 bp (92.7%)
  Read 1:   196,391,517 bp
  Read 2:   197,454,111 bp

=== First read: Adapter 1 ===

Sequence: GTGYCAGCMGCCGCGGTAA; Type: regular 5'; Length: 19; Trimmed: 800314 times

Minimum overlap: 3
No. of allowed errors:
1-9 bp: 0; 10-19 bp: 1

Overview of removed sequences
length	count	expect	max.err	error counts
3	3	13825.6	0	3
9	2	3.4	0	2
12	36	0.1	1	31 5
13	9	0.0	1	6 3
14	1	0.0	1	1
15	9	0.0	1	7 2
16	25	0.0	1	16 9
17	28	0.0	1	17 11
18	103	0.0	1	46 57
19	16441	0.0	1	7005 9436
20	777503	0.0	1	677546 99957
21	4512	0.0	1	2236 2276
22	1586	0.0	1	1251 335
23	9	0.0	1	4 5
24	2	0.0	1	1 1
25	5	0.0	1	1 4
26	6	0.0	1	6
27	3	0.0	1	1 2
28	1	0.0	1	0 1
30	2	0.0	1	1 1
32	4	0.0	1	0 4
33	4	0.0	1	2 2
34	1	0.0	1	1
35	4	0.0	1	4
37	1	0.0	1	1
39	6	0.0	1	4 2
40	1	0.0	1	1
41	4	0.0	1	2 2
47	1	0.0	1	0 1
48	1	0.0	1	0 1
61	1	0.0	1	0 1


=== Second read: Adapter 2 ===

Sequence: GGACTACNVGGGTWTCTAAT; Type: regular 5'; Length: 20; Trimmed: 707413 times

Minimum overlap: 3
No. of allowed errors:
1-9 bp: 0; 10-19 bp: 1

Overview of removed sequences
length	count	expect	max.err	error counts
3	1	13825.6	0	1
10	1	0.8	1	1
11	5	0.2	1	4 1
12	5	0.1	1	5
13	2	0.0	1	2
14	10	0.0	1	7 3
15	8	0.0	1	4 4
16	7	0.0	1	3 4
17	14	0.0	1	11 3
18	30	0.0	1	23 7
19	90	0.0	1	35 55
20	11754	0.0	1	8406 3348
21	691601	0.0	1	676281 15320
22	3083	0.0	1	1719 1364
23	765	0.0	1	726 39
24	5	0.0	1	4 1
25	3	0.0	1	3
27	7	0.0	1	7
28	2	0.0	1	2
30	4	0.0	1	4
31	4	0.0	1	4
33	2	0.0	1	2
34	3	0.0	1	0 3
37	3	0.0	1	3
38	2	0.0	1	2
43	2	0.0	1	2
Running cutadapt on: 2024_Hyp02_Hyp01_B3_gill_S145
This is cutadapt 5.2 with Python 3.13.15
Command line parameters: -j 6 -g GTGYCAGCMGCCGCGGTAA -G GGACTACNVGGGTWTCTAAT -o /scratch4/workspace/jade_fiorilla_student_uml_edu-rawseqorcc/trimmed-cutadapt-fastp/2024_Hyp02_Hyp01_B3_gill_S145_R1_trim.fastq -p /scratch4/workspace/jade_fiorilla_student_uml_edu-rawseqorcc/trimmed-cutadapt-fastp/2024_Hyp02_Hyp01_B3_gill_S145_R2_trim.fastq /scratch4/workspace/jade_fiorilla_student_uml_edu-rawseqorcc/trimmed-fastp/2024_Hyp02_Hyp01_B3_gill_S145_R1_trim.fastq.gz /scratch4/workspace/jade_fiorilla_student_uml_edu-rawseqorcc/trimmed-fastp/2024_Hyp02_Hyp01_B3_gill_S145_R2_trim.fastq.gz
Processing paired-end reads on 6 cores ...

=== Summary ===

Total read pairs processed:          1,655,913
  Read 1 with adapter:               1,304,528 (78.8%)
  Read 2 with adapter:               1,029,080 (62.1%)
Pairs written (passing filters):     1,655,913 (100.0%)

Total basepairs processed:   623,166,006 bp
  Read 1:   311,678,031 bp
  Read 2:   311,487,975 bp
Total written (filtered):    575,467,720 bp (92.3%)
  Read 1:   285,590,056 bp
  Read 2:   289,877,664 bp

=== First read: Adapter 1 ===

Sequence: GTGYCAGCMGCCGCGGTAA; Type: regular 5'; Length: 19; Trimmed: 1304528 times

Minimum overlap: 3
No. of allowed errors:
1-9 bp: 0; 10-19 bp: 1

Overview of removed sequences
length	count	expect	max.err	error counts
8	1	25.3	0	1
9	6	6.3	0	6
10	2	1.6	1	1 1
11	4	0.4	1	1 3
12	58	0.1	1	42 16
13	3	0.0	1	3
14	18	0.0	1	7 11
15	17	0.0	1	7 10
16	34	0.0	1	24 10
17	35	0.0	1	19 16
18	164	0.0	1	59 105
19	8945	0.0	1	4349 4596
20	1288196	0.0	1	965535 322661
21	6960	0.0	1	4527 2433
22	22	0.0	1	14 8
23	5	0.0	1	3 2
24	8	0.0	1	8
25	7	0.0	1	7
28	7	0.0	1	7
29	2	0.0	1	2
30	5	0.0	1	4 1
31	3	0.0	1	3
32	1	0.0	1	1
33	2	0.0	1	1 1
34	2	0.0	1	2
35	6	0.0	1	4 2
36	1	0.0	1	0 1
37	3	0.0	1	3
38	3	0.0	1	3
41	1	0.0	1	0 1
43	1	0.0	1	1
45	3	0.0	1	3
50	1	0.0	1	0 1
53	1	0.0	1	0 1
59	1	0.0	1	0 1


=== Second read: Adapter 2 ===

Sequence: GGACTACNVGGGTWTCTAAT; Type: regular 5'; Length: 20; Trimmed: 1029080 times

Minimum overlap: 3
No. of allowed errors:
1-9 bp: 0; 10-19 bp: 1

Overview of removed sequences
length	count	expect	max.err	error counts
3	3	25873.6	0	3
9	3	6.3	0	3
11	1	0.4	1	0 1
12	5	0.1	1	4 1
13	4	0.0	1	4
14	13	0.0	1	8 5
15	11	0.0	1	6 5
16	17	0.0	1	5 12
17	14	0.0	1	11 3
18	39	0.0	1	25 14
19	78	0.0	1	41 37
20	7886	0.0	1	2796 5090
21	1013176	0.0	1	964139 49037
22	7754	0.0	1	4803 2951
23	30	0.0	1	11 19
24	7	0.0	1	7
25	8	0.0	1	8
26	2	0.0	1	2
27	1	0.0	1	1
28	2	0.0	1	1 1
29	1	0.0	1	1
30	5	0.0	1	5
31	1	0.0	1	1
32	2	0.0	1	2
33	3	0.0	1	3
34	3	0.0	1	3
35	1	0.0	1	0 1
37	2	0.0	1	2
38	3	0.0	1	3
39	1	0.0	1	1
41	1	0.0	1	1
43	2	0.0	1	0 2
50	1	0.0	1	0 1
Running cutadapt on: 2024_Hyp02_Hyp01_B3_gut_S277
This is cutadapt 5.2 with Python 3.13.15
Command line parameters: -j 6 -g GTGYCAGCMGCCGCGGTAA -G GGACTACNVGGGTWTCTAAT -o /scratch4/workspace/jade_fiorilla_student_uml_edu-rawseqorcc/trimmed-cutadapt-fastp/2024_Hyp02_Hyp01_B3_gut_S277_R1_trim.fastq -p /scratch4/workspace/jade_fiorilla_student_uml_edu-rawseqorcc/trimmed-cutadapt-fastp/2024_Hyp02_Hyp01_B3_gut_S277_R2_trim.fastq /scratch4/workspace/jade_fiorilla_student_uml_edu-rawseqorcc/trimmed-fastp/2024_Hyp02_Hyp01_B3_gut_S277_R1_trim.fastq.gz /scratch4/workspace/jade_fiorilla_student_uml_edu-rawseqorcc/trimmed-fastp/2024_Hyp02_Hyp01_B3_gut_S277_R2_trim.fastq.gz
Processing paired-end reads on 6 cores ...

=== Summary ===

Total read pairs processed:          2,269,260
  Read 1 with adapter:               2,265,977 (99.9%)
  Read 2 with adapter:               2,257,438 (99.5%)
Pairs written (passing filters):     2,269,260 (100.0%)

Total basepairs processed: 1,324,407,493 bp
  Read 1:   662,194,621 bp
  Read 2:   662,212,872 bp
Total written (filtered):  1,236,200,472 bp (93.3%)
  Read 1:   619,137,103 bp
  Read 2:   617,063,369 bp

=== First read: Adapter 1 ===

Sequence: GTGYCAGCMGCCGCGGTAA; Type: regular 5'; Length: 19; Trimmed: 2265977 times

Minimum overlap: 3
No. of allowed errors:
1-9 bp: 0; 10-19 bp: 1

Overview of removed sequences
length	count	expect	max.err	error counts
8	1	34.6	0	1
9	2	8.7	0	2
11	1	0.5	1	1
12	60	0.1	1	60
13	5	0.0	1	5
14	3	0.0	1	1 2
15	5	0.0	1	3 2
16	60	0.0	1	39 21
17	129	0.0	1	88 41
18	5429	0.0	1	851 4578
19	2252971	0.0	1	2230150 22821
20	5254	0.0	1	1881 3373
21	1532	0.0	1	1387 145
22	475	0.0	1	423 52
23	4	0.0	1	2 2
24	3	0.0	1	2 1
25	3	0.0	1	3
26	5	0.0	1	4 1
27	1	0.0	1	1
28	4	0.0	1	4
30	5	0.0	1	4 1
31	1	0.0	1	1
32	1	0.0	1	1
33	3	0.0	1	3
34	6	0.0	1	5 1
35	6	0.0	1	6
36	3	0.0	1	3
37	1	0.0	1	1
43	3	0.0	1	3
45	1	0.0	1	1


=== Second read: Adapter 2 ===

Sequence: GGACTACNVGGGTWTCTAAT; Type: regular 5'; Length: 20; Trimmed: 2257438 times

Minimum overlap: 3
No. of allowed errors:
1-9 bp: 0; 10-19 bp: 1

Overview of removed sequences
length	count	expect	max.err	error counts
8	1	34.6	0	1
9	1	8.7	0	1
10	5	2.2	1	5
11	9	0.5	1	6 3
12	9	0.1	1	7 2
13	5	0.0	1	3 2
14	29	0.0	1	4 25
15	24	0.0	1	15 9
16	11	0.0	1	6 5
17	46	0.0	1	25 21
18	110	0.0	1	72 38
19	9498	0.0	1	1240 8258
20	2239022	0.0	1	2168676 70346
21	6783	0.0	1	2748 4035
22	1653	0.0	1	1505 148
23	180	0.0	1	167 13
24	4	0.0	1	3 1
25	10	0.0	1	10
26	2	0.0	1	2
27	3	0.0	1	3
28	1	0.0	1	1
29	5	0.0	1	2 3
30	6	0.0	1	3 3
31	3	0.0	1	2 1
32	3	0.0	1	2 1
33	2	0.0	1	2
35	3	0.0	1	3
36	1	0.0	1	1
37	2	0.0	1	2
41	2	0.0	1	2
42	1	0.0	1	1
44	2	0.0	1	2
47	1	0.0	1	1
48	1	0.0	1	1
Running cutadapt on: 2024_Hyp02_Hyp05_B51_gill_S155
This is cutadapt 5.2 with Python 3.13.15
Command line parameters: -j 6 -g GTGYCAGCMGCCGCGGTAA -G GGACTACNVGGGTWTCTAAT -o /scratch4/workspace/jade_fiorilla_student_uml_edu-rawseqorcc/trimmed-cutadapt-fastp/2024_Hyp02_Hyp05_B51_gill_S155_R1_trim.fastq -p /scratch4/workspace/jade_fiorilla_student_uml_edu-rawseqorcc/trimmed-cutadapt-fastp/2024_Hyp02_Hyp05_B51_gill_S155_R2_trim.fastq /scratch4/workspace/jade_fiorilla_student_uml_edu-rawseqorcc/trimmed-fastp/2024_Hyp02_Hyp05_B51_gill_S155_R1_trim.fastq.gz /scratch4/workspace/jade_fiorilla_student_uml_edu-rawseqorcc/trimmed-fastp/2024_Hyp02_Hyp05_B51_gill_S155_R2_trim.fastq.gz
Processing paired-end reads on 6 cores ...

=== Summary ===

Total read pairs processed:          1,032,292
  Read 1 with adapter:                 943,141 (91.4%)
  Read 2 with adapter:                 852,138 (82.5%)
Pairs written (passing filters):     1,032,292 (100.0%)

Total basepairs processed:   510,692,266 bp
  Read 1:   255,388,319 bp
  Read 2:   255,303,947 bp
Total written (filtered):    472,164,771 bp (92.5%)
  Read 1:   235,597,069 bp
  Read 2:   236,567,702 bp

=== First read: Adapter 1 ===

Sequence: GTGYCAGCMGCCGCGGTAA; Type: regular 5'; Length: 19; Trimmed: 943141 times

Minimum overlap: 3
No. of allowed errors:
1-9 bp: 0; 10-19 bp: 1

Overview of removed sequences
length	count	expect	max.err	error counts
3	9	16129.6	0	9
9	5	3.9	0	5
10	3	1.0	1	3
11	1	0.2	1	1
12	37	0.1	1	35 2
13	8	0.0	1	5 3
14	10	0.0	1	8 2
15	7	0.0	1	4 3
16	20	0.0	1	11 9
17	22	0.0	1	13 9
18	48	0.0	1	26 22
19	4440	0.0	1	3622 818
20	8361	0.0	1	4499 3862
21	927414	0.0	1	818788 108626
22	2670	0.0	1	1283 1387
23	7	0.0	1	5 2
24	7	0.0	1	4 3
25	6	0.0	1	5 1
26	6	0.0	1	4 2
27	3	0.0	1	3
28	1	0.0	1	1
29	5	0.0	1	4 1
30	8	0.0	1	7 1
31	7	0.0	1	7
32	3	0.0	1	0 3
33	6	0.0	1	6
35	4	0.0	1	2 2
36	1	0.0	1	1
37	4	0.0	1	4
38	5	0.0	1	4 1
41	1	0.0	1	0 1
43	2	0.0	1	0 2
44	1	0.0	1	1
45	2	0.0	1	2
47	1	0.0	1	1
49	1	0.0	1	1
51	3	0.0	1	3
53	1	0.0	1	0 1
55	1	0.0	1	0 1


=== Second read: Adapter 2 ===

Sequence: GGACTACNVGGGTWTCTAAT; Type: regular 5'; Length: 20; Trimmed: 852138 times

Minimum overlap: 3
No. of allowed errors:
1-9 bp: 0; 10-19 bp: 1

Overview of removed sequences
length	count	expect	max.err	error counts
3	1	16129.6	0	1
4	1	4032.4	0	1
10	4	1.0	1	3 1
11	6	0.2	1	2 4
12	3	0.1	1	2 1
13	4	0.0	1	4
14	9	0.0	1	4 5
15	13	0.0	1	7 6
16	25	0.0	1	13 12
17	31	0.0	1	18 13
18	46	0.0	1	36 10
19	66	0.0	1	42 24
20	2779	0.0	1	2603 176
21	6850	0.0	1	2497 4353
22	839890	0.0	1	811255 28635
23	2372	0.0	1	1073 1299
24	5	0.0	1	3 2
25	6	0.0	1	5 1
26	4	0.0	1	3 1
27	3	0.0	1	3
28	3	0.0	1	3
29	1	0.0	1	1
31	2	0.0	1	2
32	2	0.0	1	2
33	2	0.0	1	2
34	3	0.0	1	3
35	1	0.0	1	1
37	1	0.0	1	1
39	1	0.0	1	1
40	1	0.0	1	1
41	1	0.0	1	1
47	2	0.0	1	2
Running cutadapt on: 2024_Hyp02_Hyp05_B51_gut_S273
This is cutadapt 5.2 with Python 3.13.15
Command line parameters: -j 6 -g GTGYCAGCMGCCGCGGTAA -G GGACTACNVGGGTWTCTAAT -o /scratch4/workspace/jade_fiorilla_student_uml_edu-rawseqorcc/trimmed-cutadapt-fastp/2024_Hyp02_Hyp05_B51_gut_S273_R1_trim.fastq -p /scratch4/workspace/jade_fiorilla_student_uml_edu-rawseqorcc/trimmed-cutadapt-fastp/2024_Hyp02_Hyp05_B51_gut_S273_R2_trim.fastq /scratch4/workspace/jade_fiorilla_student_uml_edu-rawseqorcc/trimmed-fastp/2024_Hyp02_Hyp05_B51_gut_S273_R1_trim.fastq.gz /scratch4/workspace/jade_fiorilla_student_uml_edu-rawseqorcc/trimmed-fastp/2024_Hyp02_Hyp05_B51_gut_S273_R2_trim.fastq.gz
Processing paired-end reads on 6 cores ...

=== Summary ===

Total read pairs processed:            706,706
  Read 1 with adapter:                 671,329 (95.0%)
  Read 2 with adapter:                 666,695 (94.3%)
Pairs written (passing filters):       706,706 (100.0%)

Total basepairs processed:   390,802,037 bp
  Read 1:   195,407,334 bp
  Read 2:   195,394,703 bp
Total written (filtered):    362,042,901 bp (92.6%)
  Read 1:   181,311,208 bp
  Read 2:   180,731,693 bp

=== First read: Adapter 1 ===

Sequence: GTGYCAGCMGCCGCGGTAA; Type: regular 5'; Length: 19; Trimmed: 671329 times

Minimum overlap: 3
No. of allowed errors:
1-9 bp: 0; 10-19 bp: 1

Overview of removed sequences
length	count	expect	max.err	error counts
3	6	11042.3	0	6
9	1	2.7	0	1
12	21	0.0	1	18 3
14	3	0.0	1	2 1
15	1	0.0	1	0 1
16	18	0.0	1	10 8
17	8	0.0	1	2 6
18	30	0.0	1	22 8
19	360	0.0	1	294 66
20	2956	0.0	1	1215 1741
21	666020	0.0	1	626126 39894
22	1856	0.0	1	820 1036
23	8	0.0	1	7 1
24	2	0.0	1	2
25	2	0.0	1	2
27	5	0.0	1	5
28	1	0.0	1	1
29	3	0.0	1	3
31	1	0.0	1	0 1
33	5	0.0	1	5
35	1	0.0	1	1
36	4	0.0	1	4
37	2	0.0	1	2
38	1	0.0	1	1
39	1	0.0	1	1
40	7	0.0	1	5 2
43	3	0.0	1	3
46	1	0.0	1	1
49	1	0.0	1	1
52	1	0.0	1	1


=== Second read: Adapter 2 ===

Sequence: GGACTACNVGGGTWTCTAAT; Type: regular 5'; Length: 20; Trimmed: 666695 times

Minimum overlap: 3
No. of allowed errors:
1-9 bp: 0; 10-19 bp: 1

Overview of removed sequences
length	count	expect	max.err	error counts
10	3	0.7	1	3
11	4	0.2	1	4
12	4	0.0	1	1 3
13	2	0.0	1	2
14	12	0.0	1	5 7
15	10	0.0	1	4 6
16	14	0.0	1	4 10
17	14	0.0	1	9 5
18	24	0.0	1	20 4
19	33	0.0	1	12 21
20	366	0.0	1	317 49
21	5086	0.0	1	1510 3576
22	659178	0.0	1	636284 22894
23	1911	0.0	1	749 1162
24	7	0.0	1	5 2
25	3	0.0	1	3
26	1	0.0	1	1
27	4	0.0	1	4
28	4	0.0	1	4
29	1	0.0	1	1
30	1	0.0	1	0 1
32	3	0.0	1	1 2
33	3	0.0	1	3
35	2	0.0	1	1 1
37	1	0.0	1	1
44	3	0.0	1	3
46	1	0.0	1	1
Running cutadapt on: 2024_Hyp02_Null_B14_gill_S268
This is cutadapt 5.2 with Python 3.13.15
Command line parameters: -j 6 -g GTGYCAGCMGCCGCGGTAA -G GGACTACNVGGGTWTCTAAT -o /scratch4/workspace/jade_fiorilla_student_uml_edu-rawseqorcc/trimmed-cutadapt-fastp/2024_Hyp02_Null_B14_gill_S268_R1_trim.fastq -p /scratch4/workspace/jade_fiorilla_student_uml_edu-rawseqorcc/trimmed-cutadapt-fastp/2024_Hyp02_Null_B14_gill_S268_R2_trim.fastq /scratch4/workspace/jade_fiorilla_student_uml_edu-rawseqorcc/trimmed-fastp/2024_Hyp02_Null_B14_gill_S268_R1_trim.fastq.gz /scratch4/workspace/jade_fiorilla_student_uml_edu-rawseqorcc/trimmed-fastp/2024_Hyp02_Null_B14_gill_S268_R2_trim.fastq.gz
Processing paired-end reads on 6 cores ...

=== Summary ===

Total read pairs processed:            772,144
  Read 1 with adapter:                 757,866 (98.2%)
  Read 2 with adapter:                 761,912 (98.7%)
Pairs written (passing filters):       772,144 (100.0%)

Total basepairs processed:   448,938,506 bp
  Read 1:   224,464,269 bp
  Read 2:   224,474,237 bp
Total written (filtered):    417,782,400 bp (93.1%)
  Read 1:   209,307,407 bp
  Read 2:   208,474,993 bp

=== First read: Adapter 1 ===

Sequence: GTGYCAGCMGCCGCGGTAA; Type: regular 5'; Length: 19; Trimmed: 757866 times

Minimum overlap: 3
No. of allowed errors:
1-9 bp: 0; 10-19 bp: 1

Overview of removed sequences
length	count	expect	max.err	error counts
12	39	0.0	1	39
13	2	0.0	1	2
14	5	0.0	1	4 1
15	1	0.0	1	0 1
16	11	0.0	1	10 1
17	38	0.0	1	24 14
18	73	0.0	1	38 35
19	3111	0.0	1	930 2181
20	752002	0.0	1	718362 33640
21	2140	0.0	1	705 1435
22	409	0.0	1	338 71
23	3	0.0	1	3
24	4	0.0	1	4
25	4	0.0	1	4
26	3	0.0	1	3
28	5	0.0	1	5
29	1	0.0	1	1
30	1	0.0	1	1
32	3	0.0	1	1 2
33	1	0.0	1	1
34	2	0.0	1	2
35	1	0.0	1	0 1
37	1	0.0	1	1
38	1	0.0	1	0 1
41	3	0.0	1	3
44	2	0.0	1	2


=== Second read: Adapter 2 ===

Sequence: GGACTACNVGGGTWTCTAAT; Type: regular 5'; Length: 20; Trimmed: 761912 times

Minimum overlap: 3
No. of allowed errors:
1-9 bp: 0; 10-19 bp: 1

Overview of removed sequences
length	count	expect	max.err	error counts
3	4	12064.8	0	4
11	3	0.2	1	1 2
12	1	0.0	1	1
13	4	0.0	1	2 2
14	3	0.0	1	2 1
15	5	0.0	1	1 4
16	9	0.0	1	2 7
17	7	0.0	1	4 3
18	18	0.0	1	14 4
19	31	0.0	1	23 8
20	3511	0.0	1	407 3104
21	755757	0.0	1	723096 32661
22	2375	0.0	1	858 1517
23	157	0.0	1	142 15
24	3	0.0	1	2 1
26	4	0.0	1	4
28	2	0.0	1	2
29	4	0.0	1	2 2
31	2	0.0	1	2
32	2	0.0	1	1 1
38	5	0.0	1	4 1
39	4	0.0	1	4
44	1	0.0	1	1
Running cutadapt on: 2024_Hyp02_Null_B14_gut_S80
This is cutadapt 5.2 with Python 3.13.15
Command line parameters: -j 6 -g GTGYCAGCMGCCGCGGTAA -G GGACTACNVGGGTWTCTAAT -o /scratch4/workspace/jade_fiorilla_student_uml_edu-rawseqorcc/trimmed-cutadapt-fastp/2024_Hyp02_Null_B14_gut_S80_R1_trim.fastq -p /scratch4/workspace/jade_fiorilla_student_uml_edu-rawseqorcc/trimmed-cutadapt-fastp/2024_Hyp02_Null_B14_gut_S80_R2_trim.fastq /scratch4/workspace/jade_fiorilla_student_uml_edu-rawseqorcc/trimmed-fastp/2024_Hyp02_Null_B14_gut_S80_R1_trim.fastq.gz /scratch4/workspace/jade_fiorilla_student_uml_edu-rawseqorcc/trimmed-fastp/2024_Hyp02_Null_B14_gut_S80_R2_trim.fastq.gz
Processing paired-end reads on 6 cores ...

=== Summary ===

Total read pairs processed:            891,295
  Read 1 with adapter:                 768,454 (86.2%)
  Read 2 with adapter:                 646,586 (72.5%)
Pairs written (passing filters):       891,295 (100.0%)

Total basepairs processed:   391,428,051 bp
  Read 1:   195,765,023 bp
  Read 2:   195,663,028 bp
Total written (filtered):    362,463,997 bp (92.6%)
  Read 1:   180,387,480 bp
  Read 2:   182,076,517 bp

=== First read: Adapter 1 ===

Sequence: GTGYCAGCMGCCGCGGTAA; Type: regular 5'; Length: 19; Trimmed: 768454 times

Minimum overlap: 3
No. of allowed errors:
1-9 bp: 0; 10-19 bp: 1

Overview of removed sequences
length	count	expect	max.err	error counts
3	6	13926.5	0	6
11	1	0.2	1	1
12	28	0.1	1	23 5
13	11	0.0	1	8 3
14	9	0.0	1	4 5
15	6	0.0	1	5 1
16	24	0.0	1	21 3
17	19	0.0	1	17 2
18	91	0.0	1	39 52
19	7186	0.0	1	2303 4883
20	747303	0.0	1	612311 134992
21	11773	0.0	1	7062 4711
22	1935	0.0	1	1603 332
23	12	0.0	1	6 6
24	6	0.0	1	2 4
25	1	0.0	1	1
26	3	0.0	1	3
27	2	0.0	1	2
28	2	0.0	1	1 1
29	1	0.0	1	1
30	3	0.0	1	0 3
33	1	0.0	1	1
35	2	0.0	1	1 1
36	9	0.0	1	5 4
37	2	0.0	1	0 2
41	1	0.0	1	1
43	12	0.0	1	11 1
48	1	0.0	1	1
50	2	0.0	1	0 2
59	1	0.0	1	0 1
60	1	0.0	1	0 1


=== Second read: Adapter 2 ===

Sequence: GGACTACNVGGGTWTCTAAT; Type: regular 5'; Length: 20; Trimmed: 646586 times

Minimum overlap: 3
No. of allowed errors:
1-9 bp: 0; 10-19 bp: 1

Overview of removed sequences
length	count	expect	max.err	error counts
3	6	13926.5	0	6
10	4	0.9	1	4
12	3	0.1	1	3
13	4	0.0	1	2 2
14	4	0.0	1	0 4
15	6	0.0	1	2 4
16	3	0.0	1	3
17	6	0.0	1	5 1
18	29	0.0	1	17 12
19	49	0.0	1	27 22
20	3985	0.0	1	1487 2498
21	630972	0.0	1	618515 12457
22	10588	0.0	1	8846 1742
23	889	0.0	1	816 73
24	6	0.0	1	1 5
25	5	0.0	1	5
26	3	0.0	1	3
28	1	0.0	1	1
29	4	0.0	1	4
30	6	0.0	1	6
31	2	0.0	1	2
33	3	0.0	1	3
34	3	0.0	1	3
35	2	0.0	1	2
37	1	0.0	1	0 1
39	1	0.0	1	1
41	1	0.0	1	0 1
Running cutadapt on: 2024_Hyp02_Warm02_B16_gill_S209
This is cutadapt 5.2 with Python 3.13.15
Command line parameters: -j 6 -g GTGYCAGCMGCCGCGGTAA -G GGACTACNVGGGTWTCTAAT -o /scratch4/workspace/jade_fiorilla_student_uml_edu-rawseqorcc/trimmed-cutadapt-fastp/2024_Hyp02_Warm02_B16_gill_S209_R1_trim.fastq -p /scratch4/workspace/jade_fiorilla_student_uml_edu-rawseqorcc/trimmed-cutadapt-fastp/2024_Hyp02_Warm02_B16_gill_S209_R2_trim.fastq /scratch4/workspace/jade_fiorilla_student_uml_edu-rawseqorcc/trimmed-fastp/2024_Hyp02_Warm02_B16_gill_S209_R1_trim.fastq.gz /scratch4/workspace/jade_fiorilla_student_uml_edu-rawseqorcc/trimmed-fastp/2024_Hyp02_Warm02_B16_gill_S209_R2_trim.fastq.gz
Processing paired-end reads on 6 cores ...

=== Summary ===

Total read pairs processed:          1,708,179
  Read 1 with adapter:               1,691,739 (99.0%)
  Read 2 with adapter:               1,668,679 (97.7%)
Pairs written (passing filters):     1,708,179 (100.0%)

Total basepairs processed:   980,723,278 bp
  Read 1:   490,321,168 bp
  Read 2:   490,402,110 bp
Total written (filtered):    915,199,521 bp (93.3%)
  Read 1:   458,171,435 bp
  Read 2:   457,028,086 bp

=== First read: Adapter 1 ===

Sequence: GTGYCAGCMGCCGCGGTAA; Type: regular 5'; Length: 19; Trimmed: 1691739 times

Minimum overlap: 3
No. of allowed errors:
1-9 bp: 0; 10-19 bp: 1

Overview of removed sequences
length	count	expect	max.err	error counts
3	48	26690.3	0	48
5	1	1668.1	0	1
9	2	6.5	0	2
10	2	1.6	1	2
11	1	0.4	1	1
12	48	0.1	1	46 2
13	4	0.0	1	2 2
14	8	0.0	1	1 7
15	11	0.0	1	9 2
16	43	0.0	1	34 9
17	114	0.0	1	92 22
18	4213	0.0	1	706 3507
19	1680600	0.0	1	1650752 29848
20	3800	0.0	1	1078 2722
21	448	0.0	1	382 66
22	2334	0.0	1	1229 1105
23	2	0.0	1	0 2
24	2	0.0	1	2
25	7	0.0	1	7
26	6	0.0	1	6
27	2	0.0	1	2
28	1	0.0	1	1
29	1	0.0	1	1
30	5	0.0	1	4 1
31	6	0.0	1	3 3
33	4	0.0	1	2 2
34	1	0.0	1	1
35	2	0.0	1	2
36	9	0.0	1	9
37	2	0.0	1	2
38	2	0.0	1	1 1
40	1	0.0	1	1
41	4	0.0	1	4
42	1	0.0	1	1
43	2	0.0	1	2
50	2	0.0	1	2


=== Second read: Adapter 2 ===

Sequence: GGACTACNVGGGTWTCTAAT; Type: regular 5'; Length: 20; Trimmed: 1668679 times

Minimum overlap: 3
No. of allowed errors:
1-9 bp: 0; 10-19 bp: 1

Overview of removed sequences
length	count	expect	max.err	error counts
3	60	26690.3	0	60
10	3	1.6	1	3
11	2	0.4	1	2
12	14	0.1	1	13 1
13	9	0.0	1	5 4
14	15	0.0	1	9 6
15	7	0.0	1	1 6
16	14	0.0	1	4 10
17	16	0.0	1	10 6
18	59	0.0	1	37 22
19	6703	0.0	1	943 5760
20	1656020	0.0	1	1614582 41438
21	4362	0.0	1	1345 3017
22	282	0.0	1	259 23
23	1056	0.0	1	969 87
24	9	0.0	1	2 7
25	2	0.0	1	2
26	1	0.0	1	0 1
27	1	0.0	1	0 1
28	9	0.0	1	9
29	3	0.0	1	3
30	8	0.0	1	7 1
31	2	0.0	1	1 1
32	9	0.0	1	9
33	2	0.0	1	1 1
35	2	0.0	1	2
36	1	0.0	1	1
40	1	0.0	1	1
43	1	0.0	1	1
45	2	0.0	1	2
46	3	0.0	1	3
52	1	0.0	1	1
Running cutadapt on: 2024_Hyp02_Warm02_B16_gut_S22
This is cutadapt 5.2 with Python 3.13.15
Command line parameters: -j 6 -g GTGYCAGCMGCCGCGGTAA -G GGACTACNVGGGTWTCTAAT -o /scratch4/workspace/jade_fiorilla_student_uml_edu-rawseqorcc/trimmed-cutadapt-fastp/2024_Hyp02_Warm02_B16_gut_S22_R1_trim.fastq -p /scratch4/workspace/jade_fiorilla_student_uml_edu-rawseqorcc/trimmed-cutadapt-fastp/2024_Hyp02_Warm02_B16_gut_S22_R2_trim.fastq /scratch4/workspace/jade_fiorilla_student_uml_edu-rawseqorcc/trimmed-fastp/2024_Hyp02_Warm02_B16_gut_S22_R1_trim.fastq.gz /scratch4/workspace/jade_fiorilla_student_uml_edu-rawseqorcc/trimmed-fastp/2024_Hyp02_Warm02_B16_gut_S22_R2_trim.fastq.gz
Processing paired-end reads on 6 cores ...

=== Summary ===

Total read pairs processed:          1,047,179
  Read 1 with adapter:                 669,510 (63.9%)
  Read 2 with adapter:                 349,132 (33.3%)
Pairs written (passing filters):     1,047,179 (100.0%)

Total basepairs processed:   235,973,297 bp
  Read 1:   118,160,502 bp
  Read 2:   117,812,795 bp
Total written (filtered):    215,235,087 bp (91.2%)
  Read 1:   104,762,119 bp
  Read 2:   110,472,968 bp

=== First read: Adapter 1 ===

Sequence: GTGYCAGCMGCCGCGGTAA; Type: regular 5'; Length: 19; Trimmed: 669510 times

Minimum overlap: 3
No. of allowed errors:
1-9 bp: 0; 10-19 bp: 1

Overview of removed sequences
length	count	expect	max.err	error counts
3	4	16362.2	0	4
5	1	1022.6	0	1
9	1	4.0	0	1
10	5	1.0	1	5
12	26	0.1	1	14 12
13	7	0.0	1	2 5
14	5	0.0	1	0 5
15	15	0.0	1	1 14
16	23	0.0	1	18 5
17	9	0.0	1	3 6
18	79	0.0	1	29 50
19	5315	0.0	1	2381 2934
20	652290	0.0	1	322768 329522
21	9890	0.0	1	7516 2374
22	1772	0.0	1	1533 239
23	6	0.0	1	3 3
24	3	0.0	1	1 2
25	9	0.0	1	7 2
26	4	0.0	1	0 4
27	3	0.0	1	1 2
28	3	0.0	1	2 1
29	7	0.0	1	3 4
30	3	0.0	1	1 2
31	1	0.0	1	1
32	1	0.0	1	0 1
33	3	0.0	1	1 2
34	3	0.0	1	1 2
35	4	0.0	1	0 4
36	1	0.0	1	1
37	3	0.0	1	1 2
38	2	0.0	1	0 2
42	3	0.0	1	0 3
43	2	0.0	1	0 2
46	1	0.0	1	0 1
52	2	0.0	1	2
53	2	0.0	1	0 2
56	1	0.0	1	1
59	1	0.0	1	0 1


=== Second read: Adapter 2 ===

Sequence: GGACTACNVGGGTWTCTAAT; Type: regular 5'; Length: 20; Trimmed: 349132 times

Minimum overlap: 3
No. of allowed errors:
1-9 bp: 0; 10-19 bp: 1

Overview of removed sequences
length	count	expect	max.err	error counts
3	4	16362.2	0	4
11	1	0.2	1	1
12	1	0.1	1	0 1
14	6	0.0	1	1 5
15	4	0.0	1	0 4
16	7	0.0	1	6 1
17	7	0.0	1	7
18	11	0.0	1	9 2
19	26	0.0	1	17 9
20	3188	0.0	1	1802 1386
21	335400	0.0	1	325650 9750
22	9557	0.0	1	8512 1045
23	899	0.0	1	842 57
24	6	0.0	1	4 2
25	1	0.0	1	1
26	1	0.0	1	0 1
27	3	0.0	1	3
28	1	0.0	1	0 1
30	2	0.0	1	1 1
31	1	0.0	1	1
35	2	0.0	1	2
37	1	0.0	1	0 1
43	2	0.0	1	2
46	1	0.0	1	1
Running cutadapt on: 2024_Hyp03_Both04_B41_gill_S248
This is cutadapt 5.2 with Python 3.13.15
Command line parameters: -j 6 -g GTGYCAGCMGCCGCGGTAA -G GGACTACNVGGGTWTCTAAT -o /scratch4/workspace/jade_fiorilla_student_uml_edu-rawseqorcc/trimmed-cutadapt-fastp/2024_Hyp03_Both04_B41_gill_S248_R1_trim.fastq -p /scratch4/workspace/jade_fiorilla_student_uml_edu-rawseqorcc/trimmed-cutadapt-fastp/2024_Hyp03_Both04_B41_gill_S248_R2_trim.fastq /scratch4/workspace/jade_fiorilla_student_uml_edu-rawseqorcc/trimmed-fastp/2024_Hyp03_Both04_B41_gill_S248_R1_trim.fastq.gz /scratch4/workspace/jade_fiorilla_student_uml_edu-rawseqorcc/trimmed-fastp/2024_Hyp03_Both04_B41_gill_S248_R2_trim.fastq.gz
Processing paired-end reads on 6 cores ...

=== Summary ===

Total read pairs processed:            640,133
  Read 1 with adapter:                 622,449 (97.2%)
  Read 2 with adapter:                 633,224 (98.9%)
Pairs written (passing filters):       640,133 (100.0%)

Total basepairs processed:   378,729,867 bp
  Read 1:   189,364,234 bp
  Read 2:   189,365,633 bp
Total written (filtered):    350,496,628 bp (92.5%)
  Read 1:   175,686,637 bp
  Read 2:   174,809,991 bp

=== First read: Adapter 1 ===

Sequence: GTGYCAGCMGCCGCGGTAA; Type: regular 5'; Length: 19; Trimmed: 622449 times

Minimum overlap: 3
No. of allowed errors:
1-9 bp: 0; 10-19 bp: 1

Overview of removed sequences
length	count	expect	max.err	error counts
3	382	10002.1	0	382
4	1	2500.5	0	1
8	1	9.8	0	1
9	9	2.4	0	9
10	2	0.6	1	2
11	5	0.2	1	3 2
12	137	0.0	1	131 6
13	18	0.0	1	8 10
14	14	0.0	1	4 10
15	23	0.0	1	9 14
16	49	0.0	1	35 14
17	40	0.0	1	13 27
18	99	0.0	1	63 36
19	1089	0.0	1	1019 70
20	614	0.0	1	465 149
21	3549	0.0	1	1208 2341
22	614959	0.0	1	598070 16889
23	1408	0.0	1	472 936
24	4	0.0	1	4
25	1	0.0	1	1
26	8	0.0	1	8
27	2	0.0	1	1 1
28	2	0.0	1	0 2
30	6	0.0	1	5 1
31	2	0.0	1	2
32	3	0.0	1	3
33	1	0.0	1	0 1
34	4	0.0	1	2 2
35	4	0.0	1	4
37	3	0.0	1	3
38	3	0.0	1	3
40	1	0.0	1	1
47	5	0.0	1	5
50	1	0.0	1	1


=== Second read: Adapter 2 ===

Sequence: GGACTACNVGGGTWTCTAAT; Type: regular 5'; Length: 20; Trimmed: 633224 times

Minimum overlap: 3
No. of allowed errors:
1-9 bp: 0; 10-19 bp: 1

Overview of removed sequences
length	count	expect	max.err	error counts
3	100	10002.1	0	100
10	5	0.6	1	3 2
11	3	0.2	1	1 2
12	3	0.0	1	2 1
13	7	0.0	1	7
14	11	0.0	1	6 5
15	10	0.0	1	4 6
16	6	0.0	1	2 4
17	8	0.0	1	5 3
18	22	0.0	1	18 4
19	46	0.0	1	33 13
20	673	0.0	1	633 40
21	337	0.0	1	293 44
22	5004	0.0	1	956 4048
23	625263	0.0	1	610071 15192
24	1699	0.0	1	541 1158
25	7	0.0	1	7
26	1	0.0	1	1
27	3	0.0	1	3
29	1	0.0	1	1
30	1	0.0	1	1
31	1	0.0	1	1
33	3	0.0	1	3
35	1	0.0	1	1
37	2	0.0	1	1 1
38	3	0.0	1	0 3
41	1	0.0	1	1
42	1	0.0	1	1
48	1	0.0	1	1
51	1	0.0	1	1
Running cutadapt on: 2024_Hyp03_Both04_B41_gut_S50
This is cutadapt 5.2 with Python 3.13.15
Command line parameters: -j 6 -g GTGYCAGCMGCCGCGGTAA -G GGACTACNVGGGTWTCTAAT -o /scratch4/workspace/jade_fiorilla_student_uml_edu-rawseqorcc/trimmed-cutadapt-fastp/2024_Hyp03_Both04_B41_gut_S50_R1_trim.fastq -p /scratch4/workspace/jade_fiorilla_student_uml_edu-rawseqorcc/trimmed-cutadapt-fastp/2024_Hyp03_Both04_B41_gut_S50_R2_trim.fastq /scratch4/workspace/jade_fiorilla_student_uml_edu-rawseqorcc/trimmed-fastp/2024_Hyp03_Both04_B41_gut_S50_R1_trim.fastq.gz /scratch4/workspace/jade_fiorilla_student_uml_edu-rawseqorcc/trimmed-fastp/2024_Hyp03_Both04_B41_gut_S50_R2_trim.fastq.gz
Processing paired-end reads on 6 cores ...

=== Summary ===

Total read pairs processed:          1,448,307
  Read 1 with adapter:                 968,825 (66.9%)
  Read 2 with adapter:                 259,918 (17.9%)
Pairs written (passing filters):     1,448,307 (100.0%)

Total basepairs processed:   203,979,809 bp
  Read 1:   102,169,127 bp
  Read 2:   101,810,682 bp
Total written (filtered):    180,355,365 bp (88.4%)
  Read 1:    83,748,824 bp
  Read 2:    96,606,541 bp

=== First read: Adapter 1 ===

Sequence: GTGYCAGCMGCCGCGGTAA; Type: regular 5'; Length: 19; Trimmed: 968825 times

Minimum overlap: 3
No. of allowed errors:
1-9 bp: 0; 10-19 bp: 1

Overview of removed sequences
length	count	expect	max.err	error counts
3	2	22629.8	0	2
12	55	0.1	1	17 38
13	9	0.0	1	4 5
14	3	0.0	1	1 2
15	12	0.0	1	0 12
16	41	0.0	1	11 30
17	64	0.0	1	11 53
18	1293	0.0	1	147 1146
19	959509	0.0	1	249746 709763
20	3411	0.0	1	1815 1596
21	3163	0.0	1	1908 1255
22	1164	0.0	1	917 247
23	7	0.0	1	0 7
24	3	0.0	1	0 3
25	5	0.0	1	0 5
26	1	0.0	1	1
28	1	0.0	1	0 1
30	5	0.0	1	0 5
31	4	0.0	1	0 4
32	34	0.0	1	0 34
33	4	0.0	1	0 4
34	1	0.0	1	1
35	2	0.0	1	0 2
36	1	0.0	1	0 1
37	8	0.0	1	0 8
38	6	0.0	1	0 6
39	3	0.0	1	0 3
40	1	0.0	1	0 1
42	1	0.0	1	0 1
43	1	0.0	1	1
44	1	0.0	1	1
45	1	0.0	1	0 1
47	1	0.0	1	0 1
48	1	0.0	1	0 1
49	2	0.0	1	0 2
51	2	0.0	1	0 2
53	2	0.0	1	0 2
56	1	0.0	1	0 1


=== Second read: Adapter 2 ===

Sequence: GGACTACNVGGGTWTCTAAT; Type: regular 5'; Length: 20; Trimmed: 259918 times

Minimum overlap: 3
No. of allowed errors:
1-9 bp: 0; 10-19 bp: 1

Overview of removed sequences
length	count	expect	max.err	error counts
3	6	22629.8	0	6
10	1	1.4	1	1
12	1	0.1	1	1
13	2	0.0	1	2
14	1	0.0	1	0 1
15	1	0.0	1	0 1
16	1	0.0	1	1
17	14	0.0	1	11 3
18	23	0.0	1	11 12
19	1210	0.0	1	174 1036
20	254784	0.0	1	249078 5706
21	1697	0.0	1	1097 600
22	1056	0.0	1	996 60
23	1111	0.0	1	1058 53
24	2	0.0	1	1 1
25	1	0.0	1	1
26	2	0.0	1	2
29	1	0.0	1	1
32	1	0.0	1	1
33	2	0.0	1	2
34	1	0.0	1	0 1
Running cutadapt on: 2024_Hyp03_Cont05_B54_gill_S274
This is cutadapt 5.2 with Python 3.13.15
Command line parameters: -j 6 -g GTGYCAGCMGCCGCGGTAA -G GGACTACNVGGGTWTCTAAT -o /scratch4/workspace/jade_fiorilla_student_uml_edu-rawseqorcc/trimmed-cutadapt-fastp/2024_Hyp03_Cont05_B54_gill_S274_R1_trim.fastq -p /scratch4/workspace/jade_fiorilla_student_uml_edu-rawseqorcc/trimmed-cutadapt-fastp/2024_Hyp03_Cont05_B54_gill_S274_R2_trim.fastq /scratch4/workspace/jade_fiorilla_student_uml_edu-rawseqorcc/trimmed-fastp/2024_Hyp03_Cont05_B54_gill_S274_R1_trim.fastq.gz /scratch4/workspace/jade_fiorilla_student_uml_edu-rawseqorcc/trimmed-fastp/2024_Hyp03_Cont05_B54_gill_S274_R2_trim.fastq.gz
Processing paired-end reads on 6 cores ...

=== Summary ===

Total read pairs processed:            867,582
  Read 1 with adapter:                 800,318 (92.2%)
  Read 2 with adapter:                 754,179 (86.9%)
Pairs written (passing filters):       867,582 (100.0%)

Total basepairs processed:   447,853,882 bp
  Read 1:   223,950,706 bp
  Read 2:   223,903,176 bp
Total written (filtered):    414,469,593 bp (92.5%)
  Read 1:   207,150,633 bp
  Read 2:   207,318,960 bp

=== First read: Adapter 1 ===

Sequence: GTGYCAGCMGCCGCGGTAA; Type: regular 5'; Length: 19; Trimmed: 800318 times

Minimum overlap: 3
No. of allowed errors:
1-9 bp: 0; 10-19 bp: 1

Overview of removed sequences
length	count	expect	max.err	error counts
3	6	13556.0	0	6
11	1	0.2	1	1
12	22	0.1	1	21 1
13	4	0.0	1	4
14	1	0.0	1	0 1
15	8	0.0	1	3 5
16	12	0.0	1	9 3
17	24	0.0	1	19 5
18	31	0.0	1	17 14
19	2008	0.0	1	1879 129
20	4109	0.0	1	2041 2068
21	792429	0.0	1	719055 73374
22	1610	0.0	1	525 1085
23	4	0.0	1	2 2
24	2	0.0	1	2
25	6	0.0	1	5 1
26	5	0.0	1	4 1
27	6	0.0	1	6
28	1	0.0	1	0 1
29	4	0.0	1	4
30	3	0.0	1	3
32	1	0.0	1	0 1
33	5	0.0	1	3 2
34	3	0.0	1	3
35	1	0.0	1	1
36	1	0.0	1	1
37	1	0.0	1	1
38	1	0.0	1	1
40	1	0.0	1	1
41	1	0.0	1	1
42	2	0.0	1	2
46	1	0.0	1	1
48	1	0.0	1	1
50	1	0.0	1	1
51	1	0.0	1	1
54	1	0.0	1	0 1


=== Second read: Adapter 2 ===

Sequence: GGACTACNVGGGTWTCTAAT; Type: regular 5'; Length: 20; Trimmed: 754179 times

Minimum overlap: 3
No. of allowed errors:
1-9 bp: 0; 10-19 bp: 1

Overview of removed sequences
length	count	expect	max.err	error counts
3	5	13556.0	0	5
10	8	0.8	1	7 1
11	2	0.2	1	1 1
12	1	0.1	1	0 1
13	2	0.0	1	1 1
14	16	0.0	1	7 9
15	7	0.0	1	2 5
16	11	0.0	1	5 6
17	10	0.0	1	5 5
18	34	0.0	1	23 11
19	45	0.0	1	30 15
20	1269	0.0	1	1146 123
21	6751	0.0	1	2567 4184
22	744096	0.0	1	649228 94868
23	1886	0.0	1	630 1256
24	3	0.0	1	2 1
25	2	0.0	1	0 2
26	3	0.0	1	0 3
27	1	0.0	1	1
28	1	0.0	1	1
29	3	0.0	1	3
30	2	0.0	1	2
32	2	0.0	1	2
33	1	0.0	1	1
35	2	0.0	1	0 2
37	1	0.0	1	0 1
39	2	0.0	1	2
41	5	0.0	1	5
45	1	0.0	1	1
47	2	0.0	1	2
48	2	0.0	1	2
51	2	0.0	1	0 2
52	1	0.0	1	1
Running cutadapt on: 2024_Hyp03_Cont05_B54_gut_S96
This is cutadapt 5.2 with Python 3.13.15
Command line parameters: -j 6 -g GTGYCAGCMGCCGCGGTAA -G GGACTACNVGGGTWTCTAAT -o /scratch4/workspace/jade_fiorilla_student_uml_edu-rawseqorcc/trimmed-cutadapt-fastp/2024_Hyp03_Cont05_B54_gut_S96_R1_trim.fastq -p /scratch4/workspace/jade_fiorilla_student_uml_edu-rawseqorcc/trimmed-cutadapt-fastp/2024_Hyp03_Cont05_B54_gut_S96_R2_trim.fastq /scratch4/workspace/jade_fiorilla_student_uml_edu-rawseqorcc/trimmed-fastp/2024_Hyp03_Cont05_B54_gut_S96_R1_trim.fastq.gz /scratch4/workspace/jade_fiorilla_student_uml_edu-rawseqorcc/trimmed-fastp/2024_Hyp03_Cont05_B54_gut_S96_R2_trim.fastq.gz
Processing paired-end reads on 6 cores ...

=== Summary ===

Total read pairs processed:          1,026,705
  Read 1 with adapter:               1,016,707 (99.0%)
  Read 2 with adapter:               1,012,767 (98.6%)
Pairs written (passing filters):     1,026,705 (100.0%)

Total basepairs processed:   600,024,397 bp
  Read 1:   300,007,733 bp
  Read 2:   300,016,664 bp
Total written (filtered):    556,514,452 bp (92.7%)
  Read 1:   278,716,639 bp
  Read 2:   277,797,813 bp

=== First read: Adapter 1 ===

Sequence: GTGYCAGCMGCCGCGGTAA; Type: regular 5'; Length: 19; Trimmed: 1016707 times

Minimum overlap: 3
No. of allowed errors:
1-9 bp: 0; 10-19 bp: 1

Overview of removed sequences
length	count	expect	max.err	error counts
3	4	16042.3	0	4
8	1	15.7	0	1
9	9	3.9	0	9
10	3	1.0	1	2 1
11	5	0.2	1	4 1
12	58	0.1	1	55 3
13	7	0.0	1	7
14	8	0.0	1	6 2
15	8	0.0	1	4 4
16	21	0.0	1	19 2
17	35	0.0	1	18 17
18	80	0.0	1	39 41
19	23276	0.0	1	20655 2621
20	14839	0.0	1	9626 5213
21	976077	0.0	1	958829 17248
22	2198	0.0	1	716 1482
23	6	0.0	1	5 1
24	2	0.0	1	2
25	7	0.0	1	7
26	11	0.0	1	5 6
27	1	0.0	1	1
28	3	0.0	1	2 1
29	6	0.0	1	5 1
30	4	0.0	1	4
31	2	0.0	1	2
32	1	0.0	1	0 1
33	2	0.0	1	2
34	3	0.0	1	3
35	1	0.0	1	0 1
36	5	0.0	1	5
37	3	0.0	1	3
38	3	0.0	1	3
39	9	0.0	1	9
40	1	0.0	1	1
41	2	0.0	1	2
43	2	0.0	1	1 1
47	1	0.0	1	1
52	2	0.0	1	2
57	1	0.0	1	1


=== Second read: Adapter 2 ===

Sequence: GGACTACNVGGGTWTCTAAT; Type: regular 5'; Length: 20; Trimmed: 1012767 times

Minimum overlap: 3
No. of allowed errors:
1-9 bp: 0; 10-19 bp: 1

Overview of removed sequences
length	count	expect	max.err	error counts
3	2	16042.3	0	2
10	2	1.0	1	2
11	5	0.2	1	3 2
12	19	0.1	1	14 5
13	16	0.0	1	13 3
14	19	0.0	1	5 14
15	14	0.0	1	3 11
16	23	0.0	1	11 12
17	28	0.0	1	22 6
18	47	0.0	1	37 10
19	181	0.0	1	60 121
20	24291	0.0	1	23518 773
21	14460	0.0	1	8705 5755
22	971376	0.0	1	951914 19462
23	2228	0.0	1	819 1409
24	17	0.0	1	10 7
25	4	0.0	1	4
26	6	0.0	1	5 1
27	2	0.0	1	2
28	2	0.0	1	2
29	2	0.0	1	2
30	3	0.0	1	3
33	1	0.0	1	1
34	2	0.0	1	2
35	2	0.0	1	2
36	1	0.0	1	0 1
39	1	0.0	1	0 1
40	2	0.0	1	2
41	2	0.0	1	2
42	4	0.0	1	4
44	2	0.0	1	2
47	1	0.0	1	1
50	2	0.0	1	2
Running cutadapt on: 2024_Hyp03_Hyp04_B41_gill_S156
This is cutadapt 5.2 with Python 3.13.15
Command line parameters: -j 6 -g GTGYCAGCMGCCGCGGTAA -G GGACTACNVGGGTWTCTAAT -o /scratch4/workspace/jade_fiorilla_student_uml_edu-rawseqorcc/trimmed-cutadapt-fastp/2024_Hyp03_Hyp04_B41_gill_S156_R1_trim.fastq -p /scratch4/workspace/jade_fiorilla_student_uml_edu-rawseqorcc/trimmed-cutadapt-fastp/2024_Hyp03_Hyp04_B41_gill_S156_R2_trim.fastq /scratch4/workspace/jade_fiorilla_student_uml_edu-rawseqorcc/trimmed-fastp/2024_Hyp03_Hyp04_B41_gill_S156_R1_trim.fastq.gz /scratch4/workspace/jade_fiorilla_student_uml_edu-rawseqorcc/trimmed-fastp/2024_Hyp03_Hyp04_B41_gill_S156_R2_trim.fastq.gz
Processing paired-end reads on 6 cores ...

=== Summary ===

Total read pairs processed:          1,519,185
  Read 1 with adapter:               1,396,819 (91.9%)
  Read 2 with adapter:               1,277,277 (84.1%)
Pairs written (passing filters):     1,519,185 (100.0%)

Total basepairs processed:   760,812,559 bp
  Read 1:   380,469,369 bp
  Read 2:   380,343,190 bp
Total written (filtered):    703,406,672 bp (92.5%)
  Read 1:   351,151,347 bp
  Read 2:   352,255,325 bp

=== First read: Adapter 1 ===

Sequence: GTGYCAGCMGCCGCGGTAA; Type: regular 5'; Length: 19; Trimmed: 1396819 times

Minimum overlap: 3
No. of allowed errors:
1-9 bp: 0; 10-19 bp: 1

Overview of removed sequences
length	count	expect	max.err	error counts
3	11	23737.3	0	11
8	1	23.2	0	1
9	2	5.8	0	2
10	1	1.4	1	1
11	1	0.4	1	0 1
12	69	0.1	1	59 10
13	4	0.0	1	4
14	5	0.0	1	4 1
15	10	0.0	1	4 6
16	18	0.0	1	11 7
17	26	0.0	1	18 8
18	50	0.0	1	22 28
19	4575	0.0	1	3833 742
20	9260	0.0	1	4814 4446
21	1378961	0.0	1	1230644 148317
22	3732	0.0	1	1593 2139
23	17	0.0	1	9 8
24	7	0.0	1	7
25	10	0.0	1	9 1
26	1	0.0	1	0 1
27	8	0.0	1	8
28	1	0.0	1	1
29	5	0.0	1	4 1
31	3	0.0	1	3
32	8	0.0	1	8
33	8	0.0	1	2 6
34	3	0.0	1	2 1
35	2	0.0	1	2
36	6	0.0	1	5 1
37	5	0.0	1	5
38	3	0.0	1	2 1
42	1	0.0	1	1
43	2	0.0	1	2
44	1	0.0	1	1
48	1	0.0	1	1
58	1	0.0	1	1


=== Second read: Adapter 2 ===

Sequence: GGACTACNVGGGTWTCTAAT; Type: regular 5'; Length: 20; Trimmed: 1277277 times

Minimum overlap: 3
No. of allowed errors:
1-9 bp: 0; 10-19 bp: 1

Overview of removed sequences
length	count	expect	max.err	error counts
3	6	23737.3	0	6
5	1	1483.6	0	1
9	3	5.8	0	3
10	7	1.4	1	5 2
11	4	0.4	1	2 2
12	8	0.1	1	7 1
13	17	0.0	1	7 10
14	13	0.0	1	9 4
15	17	0.0	1	11 6
16	10	0.0	1	5 5
17	36	0.0	1	22 14
18	42	0.0	1	30 12
19	105	0.0	1	51 54
20	2578	0.0	1	2432 146
21	9193	0.0	1	3036 6157
22	1262002	0.0	1	1187372 74630
23	3193	0.0	1	1277 1916
24	6	0.0	1	5 1
25	5	0.0	1	1 4
26	4	0.0	1	4
27	3	0.0	1	3
28	2	0.0	1	0 2
30	5	0.0	1	4 1
31	1	0.0	1	1
33	2	0.0	1	2
35	2	0.0	1	2
37	1	0.0	1	1
38	1	0.0	1	0 1
39	2	0.0	1	2
40	2	0.0	1	1 1
41	1	0.0	1	1
42	1	0.0	1	1
43	1	0.0	1	1
47	2	0.0	1	2
48	1	0.0	1	1
Running cutadapt on: 2024_Hyp03_Hyp04_B41_gut_S157
This is cutadapt 5.2 with Python 3.13.15
Command line parameters: -j 6 -g GTGYCAGCMGCCGCGGTAA -G GGACTACNVGGGTWTCTAAT -o /scratch4/workspace/jade_fiorilla_student_uml_edu-rawseqorcc/trimmed-cutadapt-fastp/2024_Hyp03_Hyp04_B41_gut_S157_R1_trim.fastq -p /scratch4/workspace/jade_fiorilla_student_uml_edu-rawseqorcc/trimmed-cutadapt-fastp/2024_Hyp03_Hyp04_B41_gut_S157_R2_trim.fastq /scratch4/workspace/jade_fiorilla_student_uml_edu-rawseqorcc/trimmed-fastp/2024_Hyp03_Hyp04_B41_gut_S157_R1_trim.fastq.gz /scratch4/workspace/jade_fiorilla_student_uml_edu-rawseqorcc/trimmed-fastp/2024_Hyp03_Hyp04_B41_gut_S157_R2_trim.fastq.gz
Processing paired-end reads on 6 cores ...

=== Summary ===

Total read pairs processed:          1,089,614
  Read 1 with adapter:               1,024,868 (94.1%)
  Read 2 with adapter:                 965,969 (88.7%)
Pairs written (passing filters):     1,089,614 (100.0%)

Total basepairs processed:   575,475,510 bp
  Read 1:   287,762,811 bp
  Read 2:   287,712,699 bp
Total written (filtered):    532,721,669 bp (92.6%)
  Read 1:   266,251,559 bp
  Read 2:   266,470,110 bp

=== First read: Adapter 1 ===

Sequence: GTGYCAGCMGCCGCGGTAA; Type: regular 5'; Length: 19; Trimmed: 1024868 times

Minimum overlap: 3
No. of allowed errors:
1-9 bp: 0; 10-19 bp: 1

Overview of removed sequences
length	count	expect	max.err	error counts
3	8	17025.2	0	8
9	1	4.2	0	1
11	3	0.3	1	1 2
12	53	0.1	1	48 5
13	4	0.0	1	1 3
14	10	0.0	1	9 1
15	8	0.0	1	6 2
16	17	0.0	1	14 3
17	34	0.0	1	27 7
18	58	0.0	1	24 34
19	3698	0.0	1	3009 689
20	5939	0.0	1	2926 3013
21	1012121	0.0	1	935688 76433
22	2829	0.0	1	1114 1715
23	17	0.0	1	16 1
24	7	0.0	1	6 1
25	12	0.0	1	9 3
26	10	0.0	1	8 2
27	4	0.0	1	4
28	4	0.0	1	4
31	1	0.0	1	1
33	3	0.0	1	3
34	4	0.0	1	3 1
35	6	0.0	1	6
37	8	0.0	1	4 4
38	2	0.0	1	2
40	1	0.0	1	1
43	1	0.0	1	1
44	2	0.0	1	2
50	1	0.0	1	1
57	1	0.0	1	1
58	1	0.0	1	1


=== Second read: Adapter 2 ===

Sequence: GGACTACNVGGGTWTCTAAT; Type: regular 5'; Length: 20; Trimmed: 965969 times

Minimum overlap: 3
No. of allowed errors:
1-9 bp: 0; 10-19 bp: 1

Overview of removed sequences
length	count	expect	max.err	error counts
3	1	17025.2	0	1
9	1	4.2	0	1
10	2	1.0	1	2
11	4	0.3	1	2 2
12	5	0.1	1	3 2
13	11	0.0	1	5 6
14	24	0.0	1	10 14
15	13	0.0	1	6 7
16	11	0.0	1	4 7
17	19	0.0	1	12 7
18	42	0.0	1	30 12
19	52	0.0	1	32 20
20	1969	0.0	1	1876 93
21	6792	0.0	1	2100 4692
22	954388	0.0	1	913621 40767
23	2600	0.0	1	1174 1426
24	6	0.0	1	6
25	2	0.0	1	2
26	2	0.0	1	2
27	2	0.0	1	2
28	2	0.0	1	1 1
29	1	0.0	1	1
30	2	0.0	1	2
32	3	0.0	1	3
34	1	0.0	1	1
37	1	0.0	1	1
38	3	0.0	1	3
41	2	0.0	1	2
42	3	0.0	1	3
44	2	0.0	1	2
49	1	0.0	1	1
54	1	0.0	1	1
63	1	0.0	1	1
Running cutadapt on: 2024_Hyp03_Hyp06_B66_gill_S253
This is cutadapt 5.2 with Python 3.13.15
Command line parameters: -j 6 -g GTGYCAGCMGCCGCGGTAA -G GGACTACNVGGGTWTCTAAT -o /scratch4/workspace/jade_fiorilla_student_uml_edu-rawseqorcc/trimmed-cutadapt-fastp/2024_Hyp03_Hyp06_B66_gill_S253_R1_trim.fastq -p /scratch4/workspace/jade_fiorilla_student_uml_edu-rawseqorcc/trimmed-cutadapt-fastp/2024_Hyp03_Hyp06_B66_gill_S253_R2_trim.fastq /scratch4/workspace/jade_fiorilla_student_uml_edu-rawseqorcc/trimmed-fastp/2024_Hyp03_Hyp06_B66_gill_S253_R1_trim.fastq.gz /scratch4/workspace/jade_fiorilla_student_uml_edu-rawseqorcc/trimmed-fastp/2024_Hyp03_Hyp06_B66_gill_S253_R2_trim.fastq.gz
Processing paired-end reads on 6 cores ...

=== Summary ===

Total read pairs processed:            675,727
  Read 1 with adapter:                 649,972 (96.2%)
  Read 2 with adapter:                 665,435 (98.5%)
Pairs written (passing filters):       675,727 (100.0%)

Total basepairs processed:   397,195,719 bp
  Read 1:   198,599,162 bp
  Read 2:   198,596,557 bp
Total written (filtered):    367,622,905 bp (92.6%)
  Read 1:   184,320,319 bp
  Read 2:   183,302,586 bp

=== First read: Adapter 1 ===

Sequence: GTGYCAGCMGCCGCGGTAA; Type: regular 5'; Length: 19; Trimmed: 649972 times

Minimum overlap: 3
No. of allowed errors:
1-9 bp: 0; 10-19 bp: 1

Overview of removed sequences
length	count	expect	max.err	error counts
3	653	10558.2	0	653
4	1	2639.6	0	1
8	3	10.3	0	3
9	6	2.6	0	6
10	3	0.6	1	3
11	2	0.2	1	1 1
12	98	0.0	1	95 3
13	19	0.0	1	15 4
14	14	0.0	1	8 6
15	12	0.0	1	10 2
16	75	0.0	1	58 17
17	40	0.0	1	22 18
18	73	0.0	1	44 29
19	901	0.0	1	820 81
20	547	0.0	1	396 151
21	3692	0.0	1	1243 2449
22	642314	0.0	1	600794 41520
23	1473	0.0	1	433 1040
24	10	0.0	1	8 2
25	3	0.0	1	3
26	5	0.0	1	5
27	3	0.0	1	1 2
28	4	0.0	1	4
29	3	0.0	1	3
31	2	0.0	1	2
32	3	0.0	1	3
33	1	0.0	1	1
34	2	0.0	1	2
35	1	0.0	1	1
36	1	0.0	1	1
37	1	0.0	1	1
38	2	0.0	1	2
40	2	0.0	1	2
41	1	0.0	1	1
45	2	0.0	1	2


=== Second read: Adapter 2 ===

Sequence: GGACTACNVGGGTWTCTAAT; Type: regular 5'; Length: 20; Trimmed: 665435 times

Minimum overlap: 3
No. of allowed errors:
1-9 bp: 0; 10-19 bp: 1

Overview of removed sequences
length	count	expect	max.err	error counts
3	160	10558.2	0	160
4	1	2639.6	0	1
5	3	659.9	0	3
11	1	0.2	1	1
12	5	0.0	1	3 2
13	11	0.0	1	10 1
14	8	0.0	1	4 4
15	13	0.0	1	8 5
16	9	0.0	1	4 5
17	11	0.0	1	9 2
18	30	0.0	1	21 9
19	55	0.0	1	22 33
20	397	0.0	1	358 39
21	289	0.0	1	237 52
22	7664	0.0	1	942 6722
23	654470	0.0	1	636287 18183
24	2279	0.0	1	672 1607
25	7	0.0	1	1 6
26	2	0.0	1	2
27	2	0.0	1	2
28	2	0.0	1	2
29	6	0.0	1	5 1
35	1	0.0	1	1
39	4	0.0	1	4
40	1	0.0	1	1
42	3	0.0	1	3
44	1	0.0	1	1
Running cutadapt on: 2024_Hyp03_Hyp06_B66_gut_S56
This is cutadapt 5.2 with Python 3.13.15
Command line parameters: -j 6 -g GTGYCAGCMGCCGCGGTAA -G GGACTACNVGGGTWTCTAAT -o /scratch4/workspace/jade_fiorilla_student_uml_edu-rawseqorcc/trimmed-cutadapt-fastp/2024_Hyp03_Hyp06_B66_gut_S56_R1_trim.fastq -p /scratch4/workspace/jade_fiorilla_student_uml_edu-rawseqorcc/trimmed-cutadapt-fastp/2024_Hyp03_Hyp06_B66_gut_S56_R2_trim.fastq /scratch4/workspace/jade_fiorilla_student_uml_edu-rawseqorcc/trimmed-fastp/2024_Hyp03_Hyp06_B66_gut_S56_R1_trim.fastq.gz /scratch4/workspace/jade_fiorilla_student_uml_edu-rawseqorcc/trimmed-fastp/2024_Hyp03_Hyp06_B66_gut_S56_R2_trim.fastq.gz
Processing paired-end reads on 6 cores ...

=== Summary ===

Total read pairs processed:          1,039,065
  Read 1 with adapter:                 765,947 (73.7%)
  Read 2 with adapter:                 484,072 (46.6%)
Pairs written (passing filters):     1,039,065 (100.0%)

Total basepairs processed:   311,683,691 bp
  Read 1:   156,028,236 bp
  Read 2:   155,655,455 bp
Total written (filtered):    284,960,510 bp (91.4%)
  Read 1:   139,951,847 bp
  Read 2:   145,008,663 bp

=== First read: Adapter 1 ===

Sequence: GTGYCAGCMGCCGCGGTAA; Type: regular 5'; Length: 19; Trimmed: 765947 times

Minimum overlap: 3
No. of allowed errors:
1-9 bp: 0; 10-19 bp: 1

Overview of removed sequences
length	count	expect	max.err	error counts
3	15	16235.4	0	15
8	3	15.9	0	3
9	3	4.0	0	3
12	44	0.1	1	26 18
13	6	0.0	1	2 4
14	4	0.0	1	1 3
15	3	0.0	1	2 1
16	19	0.0	1	17 2
17	26	0.0	1	11 15
18	47	0.0	1	15 32
19	4239	0.0	1	1755 2484
20	5480	0.0	1	3028 2452
21	750406	0.0	1	455498 294908
22	5554	0.0	1	4025 1529
23	18	0.0	1	9 9
24	8	0.0	1	6 2
25	9	0.0	1	4 5
26	1	0.0	1	1
27	5	0.0	1	1 4
28	3	0.0	1	0 3
29	5	0.0	1	2 3
31	5	0.0	1	4 1
32	6	0.0	1	4 2
33	3	0.0	1	2 1
34	2	0.0	1	0 2
35	4	0.0	1	1 3
36	7	0.0	1	3 4
37	1	0.0	1	0 1
38	2	0.0	1	2
39	1	0.0	1	0 1
40	1	0.0	1	0 1
41	1	0.0	1	0 1
43	1	0.0	1	0 1
45	3	0.0	1	3
46	3	0.0	1	1 2
47	3	0.0	1	0 3
49	1	0.0	1	0 1
50	1	0.0	1	0 1
53	3	0.0	1	0 3
64	1	0.0	1	0 1


=== Second read: Adapter 2 ===

Sequence: GGACTACNVGGGTWTCTAAT; Type: regular 5'; Length: 20; Trimmed: 484072 times

Minimum overlap: 3
No. of allowed errors:
1-9 bp: 0; 10-19 bp: 1

Overview of removed sequences
length	count	expect	max.err	error counts
3	20	16235.4	0	20
10	2	1.0	1	1 1
11	5	0.2	1	5
12	3	0.1	1	1 2
13	4	0.0	1	3 1
14	11	0.0	1	4 7
15	9	0.0	1	2 7
16	1	0.0	1	0 1
17	7	0.0	1	5 2
18	35	0.0	1	18 17
19	42	0.0	1	26 16
20	1032	0.0	1	960 72
21	5404	0.0	1	2013 3391
22	471963	0.0	1	458455 13508
23	5496	0.0	1	4303 1193
24	23	0.0	1	12 11
25	2	0.0	1	1 1
26	4	0.0	1	3 1
29	3	0.0	1	3
30	1	0.0	1	1
31	1	0.0	1	1
32	1	0.0	1	1
33	1	0.0	1	1
39	1	0.0	1	1
41	1	0.0	1	1
Running cutadapt on: 2024_Hyp03_Null_B18_gill_S182
This is cutadapt 5.2 with Python 3.13.15
Command line parameters: -j 6 -g GTGYCAGCMGCCGCGGTAA -G GGACTACNVGGGTWTCTAAT -o /scratch4/workspace/jade_fiorilla_student_uml_edu-rawseqorcc/trimmed-cutadapt-fastp/2024_Hyp03_Null_B18_gill_S182_R1_trim.fastq -p /scratch4/workspace/jade_fiorilla_student_uml_edu-rawseqorcc/trimmed-cutadapt-fastp/2024_Hyp03_Null_B18_gill_S182_R2_trim.fastq /scratch4/workspace/jade_fiorilla_student_uml_edu-rawseqorcc/trimmed-fastp/2024_Hyp03_Null_B18_gill_S182_R1_trim.fastq.gz /scratch4/workspace/jade_fiorilla_student_uml_edu-rawseqorcc/trimmed-fastp/2024_Hyp03_Null_B18_gill_S182_R2_trim.fastq.gz
Processing paired-end reads on 6 cores ...

=== Summary ===

Total read pairs processed:          2,325,953
  Read 1 with adapter:               1,575,747 (67.7%)
  Read 2 with adapter:                 536,441 (23.1%)
Pairs written (passing filters):     2,325,953 (100.0%)

Total basepairs processed:   381,867,755 bp
  Read 1:   191,151,089 bp
  Read 2:   190,716,666 bp
Total written (filtered):    341,177,931 bp (89.3%)
  Read 1:   161,196,791 bp
  Read 2:   179,981,140 bp

=== First read: Adapter 1 ===

Sequence: GTGYCAGCMGCCGCGGTAA; Type: regular 5'; Length: 19; Trimmed: 1575747 times

Minimum overlap: 3
No. of allowed errors:
1-9 bp: 0; 10-19 bp: 1

Overview of removed sequences
length	count	expect	max.err	error counts
3	21	36343.0	0	21
9	3	8.9	0	3
12	67	0.1	1	20 47
13	12	0.0	1	4 8
14	3	0.0	1	0 3
15	6	0.0	1	0 6
16	67	0.0	1	15 52
17	104	0.0	1	30 74
18	2061	0.0	1	231 1830
19	1561273	0.0	1	493314 1067959
20	8651	0.0	1	5635 3016
21	2107	0.0	1	1704 403
22	1258	0.0	1	635 623
23	6	0.0	1	2 4
24	2	0.0	1	0 2
25	10	0.0	1	6 4
26	1	0.0	1	1
27	4	0.0	1	1 3
28	1	0.0	1	0 1
29	1	0.0	1	0 1
30	1	0.0	1	1
31	25	0.0	1	2 23
32	2	0.0	1	0 2
33	3	0.0	1	0 3
34	13	0.0	1	4 9
35	2	0.0	1	1 1
36	2	0.0	1	1 1
37	1	0.0	1	1
38	3	0.0	1	1 2
39	4	0.0	1	0 4
40	2	0.0	1	0 2
41	2	0.0	1	0 2
42	4	0.0	1	0 4
43	2	0.0	1	0 2
44	2	0.0	1	0 2
45	5	0.0	1	2 3
46	1	0.0	1	0 1
47	2	0.0	1	0 2
48	1	0.0	1	0 1
49	2	0.0	1	1 1
50	1	0.0	1	0 1
51	3	0.0	1	0 3
54	2	0.0	1	1 1
59	4	0.0	1	0 4


=== Second read: Adapter 2 ===

Sequence: GGACTACNVGGGTWTCTAAT; Type: regular 5'; Length: 20; Trimmed: 536441 times

Minimum overlap: 3
No. of allowed errors:
1-9 bp: 0; 10-19 bp: 1

Overview of removed sequences
length	count	expect	max.err	error counts
3	27	36343.0	0	27
9	1	8.9	0	1
10	1	2.2	1	1
11	3	0.6	1	2 1
12	1	0.1	1	1
13	2	0.0	1	2
14	11	0.0	1	5 6
15	3	0.0	1	3
16	7	0.0	1	4 3
17	18	0.0	1	14 4
18	24	0.0	1	12 12
19	3922	0.0	1	295 3627
20	522825	0.0	1	487510 35315
21	8215	0.0	1	6322 1893
22	1052	0.0	1	967 85
23	316	0.0	1	294 22
24	2	0.0	1	2
25	4	0.0	1	4
26	1	0.0	1	1
28	1	0.0	1	1
29	1	0.0	1	0 1
30	1	0.0	1	1
32	1	0.0	1	1
33	1	0.0	1	0 1
35	1	0.0	1	1
Running cutadapt on: 2024_Hyp03_Null_B18_gut_S86
This is cutadapt 5.2 with Python 3.13.15
Command line parameters: -j 6 -g GTGYCAGCMGCCGCGGTAA -G GGACTACNVGGGTWTCTAAT -o /scratch4/workspace/jade_fiorilla_student_uml_edu-rawseqorcc/trimmed-cutadapt-fastp/2024_Hyp03_Null_B18_gut_S86_R1_trim.fastq -p /scratch4/workspace/jade_fiorilla_student_uml_edu-rawseqorcc/trimmed-cutadapt-fastp/2024_Hyp03_Null_B18_gut_S86_R2_trim.fastq /scratch4/workspace/jade_fiorilla_student_uml_edu-rawseqorcc/trimmed-fastp/2024_Hyp03_Null_B18_gut_S86_R1_trim.fastq.gz /scratch4/workspace/jade_fiorilla_student_uml_edu-rawseqorcc/trimmed-fastp/2024_Hyp03_Null_B18_gut_S86_R2_trim.fastq.gz
Processing paired-end reads on 6 cores ...

=== Summary ===

Total read pairs processed:            827,814
  Read 1 with adapter:                 614,405 (74.2%)
  Read 2 with adapter:                 403,666 (48.8%)
Pairs written (passing filters):       827,814 (100.0%)

Total basepairs processed:   255,197,134 bp
  Read 1:   127,720,878 bp
  Read 2:   127,476,256 bp
Total written (filtered):    233,435,761 bp (91.5%)
  Read 1:   114,831,021 bp
  Read 2:   118,604,740 bp

=== First read: Adapter 1 ===

Sequence: GTGYCAGCMGCCGCGGTAA; Type: regular 5'; Length: 19; Trimmed: 614405 times

Minimum overlap: 3
No. of allowed errors:
1-9 bp: 0; 10-19 bp: 1

Overview of removed sequences
length	count	expect	max.err	error counts
3	18	12934.6	0	18
9	1	3.2	0	1
10	2	0.8	1	2
11	4	0.2	1	1 3
12	24	0.0	1	18 6
14	1	0.0	1	1
15	1	0.0	1	1
16	3	0.0	1	0 3
17	6	0.0	1	2 4
18	32	0.0	1	11 21
19	3741	0.0	1	1971 1770
20	8154	0.0	1	5139 3015
21	599635	0.0	1	371356 228279
22	2703	0.0	1	1510 1193
23	4	0.0	1	2 2
24	2	0.0	1	0 2
25	10	0.0	1	7 3
26	9	0.0	1	5 4
27	5	0.0	1	0 5
28	5	0.0	1	0 5
29	2	0.0	1	2
30	1	0.0	1	1
31	3	0.0	1	3
32	3	0.0	1	3
33	3	0.0	1	0 3
34	3	0.0	1	3
35	4	0.0	1	0 4
36	4	0.0	1	1 3
38	4	0.0	1	2 2
40	1	0.0	1	0 1
42	1	0.0	1	0 1
43	2	0.0	1	0 2
45	2	0.0	1	0 2
46	5	0.0	1	0 5
48	1	0.0	1	0 1
58	3	0.0	1	0 3
68	3	0.0	1	0 3


=== Second read: Adapter 2 ===

Sequence: GGACTACNVGGGTWTCTAAT; Type: regular 5'; Length: 20; Trimmed: 403666 times

Minimum overlap: 3
No. of allowed errors:
1-9 bp: 0; 10-19 bp: 1

Overview of removed sequences
length	count	expect	max.err	error counts
3	3	12934.6	0	3
4	1	3233.6	0	1
11	1	0.2	1	1
12	2	0.0	1	0 2
13	9	0.0	1	9
14	4	0.0	1	1 3
15	9	0.0	1	3 6
16	5	0.0	1	0 5
17	9	0.0	1	7 2
18	20	0.0	1	15 5
19	34	0.0	1	15 19
20	1552	0.0	1	1447 105
21	7465	0.0	1	5143 2322
22	392847	0.0	1	375554 17293
23	1682	0.0	1	982 700
24	4	0.0	1	2 2
25	1	0.0	1	1
26	3	0.0	1	2 1
27	1	0.0	1	1
28	2	0.0	1	2
31	1	0.0	1	1
35	1	0.0	1	1
36	1	0.0	1	1
42	4	0.0	1	4
45	2	0.0	1	2
48	1	0.0	1	0 1
53	2	0.0	1	1 1
Running cutadapt on: 2024_Hyp03_Warm03_B30_gill_S210
This is cutadapt 5.2 with Python 3.13.15
Command line parameters: -j 6 -g GTGYCAGCMGCCGCGGTAA -G GGACTACNVGGGTWTCTAAT -o /scratch4/workspace/jade_fiorilla_student_uml_edu-rawseqorcc/trimmed-cutadapt-fastp/2024_Hyp03_Warm03_B30_gill_S210_R1_trim.fastq -p /scratch4/workspace/jade_fiorilla_student_uml_edu-rawseqorcc/trimmed-cutadapt-fastp/2024_Hyp03_Warm03_B30_gill_S210_R2_trim.fastq /scratch4/workspace/jade_fiorilla_student_uml_edu-rawseqorcc/trimmed-fastp/2024_Hyp03_Warm03_B30_gill_S210_R1_trim.fastq.gz /scratch4/workspace/jade_fiorilla_student_uml_edu-rawseqorcc/trimmed-fastp/2024_Hyp03_Warm03_B30_gill_S210_R2_trim.fastq.gz
Processing paired-end reads on 6 cores ...

=== Summary ===

Total read pairs processed:          2,094,240
  Read 1 with adapter:               2,089,165 (99.8%)
  Read 2 with adapter:               2,081,397 (99.4%)
Pairs written (passing filters):     2,094,240 (100.0%)

Total basepairs processed: 1,222,088,249 bp
  Read 1:   611,027,218 bp
  Read 2:   611,061,031 bp
Total written (filtered):  1,140,763,024 bp (93.3%)
  Read 1:   571,329,611 bp
  Read 2:   569,433,413 bp

=== First read: Adapter 1 ===

Sequence: GTGYCAGCMGCCGCGGTAA; Type: regular 5'; Length: 19; Trimmed: 2089165 times

Minimum overlap: 3
No. of allowed errors:
1-9 bp: 0; 10-19 bp: 1

Overview of removed sequences
length	count	expect	max.err	error counts
3	19	32722.5	0	19
9	2	8.0	0	2
10	3	2.0	1	3
12	49	0.1	1	47 2
13	8	0.0	1	7 1
14	9	0.0	1	4 5
15	7	0.0	1	3 4
16	37	0.0	1	27 10
17	107	0.0	1	75 32
18	4622	0.0	1	854 3768
19	2078235	0.0	1	2046897 31338
20	4481	0.0	1	1595 2886
21	711	0.0	1	585 126
22	808	0.0	1	459 349
23	6	0.0	1	3 3
24	9	0.0	1	9
26	3	0.0	1	3
27	7	0.0	1	4 3
28	4	0.0	1	4
29	2	0.0	1	0 2
33	4	0.0	1	3 1
34	2	0.0	1	2
35	2	0.0	1	2
36	3	0.0	1	3
37	9	0.0	1	8 1
38	1	0.0	1	1
39	2	0.0	1	2
40	6	0.0	1	6
43	2	0.0	1	2
46	3	0.0	1	3
49	2	0.0	1	2


=== Second read: Adapter 2 ===

Sequence: GGACTACNVGGGTWTCTAAT; Type: regular 5'; Length: 20; Trimmed: 2081397 times

Minimum overlap: 3
No. of allowed errors:
1-9 bp: 0; 10-19 bp: 1

Overview of removed sequences
length	count	expect	max.err	error counts
3	14	32722.5	0	14
9	3	8.0	0	2 1
10	6	2.0	1	6
11	7	0.5	1	6 1
12	21	0.1	1	17 4
13	7	0.0	1	6 1
14	27	0.0	1	11 16
15	9	0.0	1	6 3
16	18	0.0	1	7 11
17	30	0.0	1	25 5
18	109	0.0	1	67 42
19	8006	0.0	1	1009 6997
20	2066441	0.0	1	2016737 49704
21	5628	0.0	1	2050 3578
22	326	0.0	1	282 44
23	686	0.0	1	650 36
24	14	0.0	1	9 5
25	3	0.0	1	3
26	7	0.0	1	7
27	6	0.0	1	6
28	3	0.0	1	2 1
29	2	0.0	1	2
30	2	0.0	1	2
31	3	0.0	1	3
32	4	0.0	1	4
33	3	0.0	1	2 1
34	3	0.0	1	3
35	1	0.0	1	1
36	3	0.0	1	3
39	3	0.0	1	1 2
41	1	0.0	1	1
44	1	0.0	1	1
Running cutadapt on: 2024_Hyp03_Warm03_B30_gut_S135
This is cutadapt 5.2 with Python 3.13.15
Command line parameters: -j 6 -g GTGYCAGCMGCCGCGGTAA -G GGACTACNVGGGTWTCTAAT -o /scratch4/workspace/jade_fiorilla_student_uml_edu-rawseqorcc/trimmed-cutadapt-fastp/2024_Hyp03_Warm03_B30_gut_S135_R1_trim.fastq -p /scratch4/workspace/jade_fiorilla_student_uml_edu-rawseqorcc/trimmed-cutadapt-fastp/2024_Hyp03_Warm03_B30_gut_S135_R2_trim.fastq /scratch4/workspace/jade_fiorilla_student_uml_edu-rawseqorcc/trimmed-fastp/2024_Hyp03_Warm03_B30_gut_S135_R1_trim.fastq.gz /scratch4/workspace/jade_fiorilla_student_uml_edu-rawseqorcc/trimmed-fastp/2024_Hyp03_Warm03_B30_gut_S135_R2_trim.fastq.gz
Processing paired-end reads on 6 cores ...

=== Summary ===

Total read pairs processed:          1,677,819
  Read 1 with adapter:               1,137,346 (67.8%)
  Read 2 with adapter:               1,341,619 (80.0%)
Pairs written (passing filters):     1,677,819 (100.0%)

Total basepairs processed:   740,612,214 bp
  Read 1:   370,345,926 bp
  Read 2:   370,266,288 bp
Total written (filtered):    685,221,767 bp (92.5%)
  Read 1:   345,633,899 bp
  Read 2:   339,587,868 bp

=== First read: Adapter 1 ===

Sequence: GTGYCAGCMGCCGCGGTAA; Type: regular 5'; Length: 19; Trimmed: 1137346 times

Minimum overlap: 3
No. of allowed errors:
1-9 bp: 0; 10-19 bp: 1

Overview of removed sequences
length	count	expect	max.err	error counts
3	12219	26215.9	0	12219
4	7	6554.0	0	7
8	3	25.6	0	3
9	19	6.4	0	19
10	1	1.6	1	0 1
11	6	0.4	1	5 1
12	285	0.1	1	262 23
13	20	0.0	1	14 6
14	19	0.0	1	11 8
15	39	0.0	1	22 17
16	95	0.0	1	67 28
17	47	0.0	1	19 28
18	177	0.0	1	94 83
19	6272	0.0	1	4820 1452
20	22464	0.0	1	18284 4180
21	11563	0.0	1	6172 5391
22	1081515	0.0	1	955473 126042
23	2497	0.0	1	762 1735
24	10	0.0	1	9 1
25	9	0.0	1	6 3
26	20	0.0	1	18 2
27	4	0.0	1	3 1
28	11	0.0	1	10 1
29	5	0.0	1	5
30	4	0.0	1	3 1
31	4	0.0	1	4
32	4	0.0	1	4
33	2	0.0	1	1 1
34	1	0.0	1	0 1
35	1	0.0	1	1
36	2	0.0	1	2
37	7	0.0	1	6 1
39	2	0.0	1	2
41	4	0.0	1	2 2
42	2	0.0	1	0 2
44	1	0.0	1	0 1
45	1	0.0	1	1
46	1	0.0	1	1
49	2	0.0	1	1 1
60	1	0.0	1	1


=== Second read: Adapter 2 ===

Sequence: GGACTACNVGGGTWTCTAAT; Type: regular 5'; Length: 20; Trimmed: 1341619 times

Minimum overlap: 3
No. of allowed errors:
1-9 bp: 0; 10-19 bp: 1

Overview of removed sequences
length	count	expect	max.err	error counts
3	5650	26215.9	0	5650
4	1	6554.0	0	1
5	1	1638.5	0	1
10	5	1.6	1	5
11	10	0.4	1	2 8
12	4	0.1	1	4
13	12	0.0	1	3 9
14	22	0.0	1	8 14
15	32	0.0	1	9 23
16	22	0.0	1	7 15
17	49	0.0	1	31 18
18	52	0.0	1	35 17
19	93	0.0	1	43 50
20	3582	0.0	1	3279 303
21	23349	0.0	1	21856 1493
22	11520	0.0	1	4183 7337
23	1292924	0.0	1	1255006 37918
24	4204	0.0	1	1234 2970
25	16	0.0	1	15 1
26	5	0.0	1	4 1
27	9	0.0	1	8 1
28	3	0.0	1	3
30	5	0.0	1	5
31	5	0.0	1	3 2
32	3	0.0	1	2 1
33	3	0.0	1	2 1
34	5	0.0	1	5
36	2	0.0	1	2
37	7	0.0	1	7
38	3	0.0	1	3
39	5	0.0	1	5
40	6	0.0	1	5 1
41	1	0.0	1	1
42	4	0.0	1	4
43	1	0.0	1	1
47	1	0.0	1	1
49	1	0.0	1	1
50	1	0.0	1	1
59	1	0.0	1	1
Running cutadapt on: 2024_Hyp03_Warm06_B66_gill_S207
This is cutadapt 5.2 with Python 3.13.15
Command line parameters: -j 6 -g GTGYCAGCMGCCGCGGTAA -G GGACTACNVGGGTWTCTAAT -o /scratch4/workspace/jade_fiorilla_student_uml_edu-rawseqorcc/trimmed-cutadapt-fastp/2024_Hyp03_Warm06_B66_gill_S207_R1_trim.fastq -p /scratch4/workspace/jade_fiorilla_student_uml_edu-rawseqorcc/trimmed-cutadapt-fastp/2024_Hyp03_Warm06_B66_gill_S207_R2_trim.fastq /scratch4/workspace/jade_fiorilla_student_uml_edu-rawseqorcc/trimmed-fastp/2024_Hyp03_Warm06_B66_gill_S207_R1_trim.fastq.gz /scratch4/workspace/jade_fiorilla_student_uml_edu-rawseqorcc/trimmed-fastp/2024_Hyp03_Warm06_B66_gill_S207_R2_trim.fastq.gz
Processing paired-end reads on 6 cores ...

=== Summary ===

Total read pairs processed:          1,791,760
  Read 1 with adapter:               1,770,394 (98.8%)
  Read 2 with adapter:               1,750,716 (97.7%)
Pairs written (passing filters):     1,791,760 (100.0%)

Total basepairs processed: 1,026,604,756 bp
  Read 1:   513,300,519 bp
  Read 2:   513,304,237 bp
Total written (filtered):    957,939,396 bp (93.3%)
  Read 1:   479,653,058 bp
  Read 2:   478,286,338 bp

=== First read: Adapter 1 ===

Sequence: GTGYCAGCMGCCGCGGTAA; Type: regular 5'; Length: 19; Trimmed: 1770394 times

Minimum overlap: 3
No. of allowed errors:
1-9 bp: 0; 10-19 bp: 1

Overview of removed sequences
length	count	expect	max.err	error counts
3	69	27996.2	0	69
5	1	1749.8	0	1
9	3	6.8	0	3
10	3	1.7	1	3
11	3	0.4	1	2 1
12	39	0.1	1	39
13	6	0.0	1	5 1
14	8	0.0	1	4 4
15	6	0.0	1	6
16	31	0.0	1	19 12
17	86	0.0	1	66 20
18	4159	0.0	1	663 3496
19	1757924	0.0	1	1696494 61430
20	4225	0.0	1	1400 2825
21	359	0.0	1	331 28
22	3416	0.0	1	1709 1707
23	10	0.0	1	7 3
24	2	0.0	1	2
25	8	0.0	1	8
26	1	0.0	1	1
27	1	0.0	1	1
29	1	0.0	1	1
30	4	0.0	1	0 4
31	2	0.0	1	2
33	1	0.0	1	1
36	2	0.0	1	2
37	2	0.0	1	2
38	1	0.0	1	1
39	11	0.0	1	7 4
41	2	0.0	1	2
42	1	0.0	1	1
46	3	0.0	1	3
47	3	0.0	1	3
53	1	0.0	1	0 1


=== Second read: Adapter 2 ===

Sequence: GGACTACNVGGGTWTCTAAT; Type: regular 5'; Length: 20; Trimmed: 1750716 times

Minimum overlap: 3
No. of allowed errors:
1-9 bp: 0; 10-19 bp: 1

Overview of removed sequences
length	count	expect	max.err	error counts
3	70	27996.2	0	70
8	1	27.3	0	1
10	5	1.7	1	5
11	7	0.4	1	4 3
12	7	0.1	1	7
13	10	0.0	1	10
14	23	0.0	1	9 14
15	12	0.0	1	6 6
16	10	0.0	1	3 7
17	23	0.0	1	19 4
18	75	0.0	1	47 28
19	7154	0.0	1	927 6227
20	1736007	0.0	1	1705583 30424
21	4813	0.0	1	1628 3185
22	228	0.0	1	203 25
23	2193	0.0	1	1797 396
24	20	0.0	1	9 11
25	4	0.0	1	4
26	2	0.0	1	2
27	5	0.0	1	3 2
28	7	0.0	1	7
29	7	0.0	1	7
30	3	0.0	1	3
31	4	0.0	1	4
32	5	0.0	1	4 1
34	1	0.0	1	1
35	6	0.0	1	3 3
36	7	0.0	1	0 7
37	1	0.0	1	1
38	1	0.0	1	1
39	1	0.0	1	0 1
45	1	0.0	1	1
46	1	0.0	1	1
51	2	0.0	1	2
Running cutadapt on: 2024_Hyp03_Warm06_B66_gut_S15
This is cutadapt 5.2 with Python 3.13.15
Command line parameters: -j 6 -g GTGYCAGCMGCCGCGGTAA -G GGACTACNVGGGTWTCTAAT -o /scratch4/workspace/jade_fiorilla_student_uml_edu-rawseqorcc/trimmed-cutadapt-fastp/2024_Hyp03_Warm06_B66_gut_S15_R1_trim.fastq -p /scratch4/workspace/jade_fiorilla_student_uml_edu-rawseqorcc/trimmed-cutadapt-fastp/2024_Hyp03_Warm06_B66_gut_S15_R2_trim.fastq /scratch4/workspace/jade_fiorilla_student_uml_edu-rawseqorcc/trimmed-fastp/2024_Hyp03_Warm06_B66_gut_S15_R1_trim.fastq.gz /scratch4/workspace/jade_fiorilla_student_uml_edu-rawseqorcc/trimmed-fastp/2024_Hyp03_Warm06_B66_gut_S15_R2_trim.fastq.gz
Processing paired-end reads on 6 cores ...

=== Summary ===

Total read pairs processed:            623,321
  Read 1 with adapter:                 512,929 (82.3%)
  Read 2 with adapter:                 468,656 (75.2%)
Pairs written (passing filters):       623,321 (100.0%)

Total basepairs processed:   266,681,832 bp
  Read 1:   133,386,650 bp
  Read 2:   133,295,182 bp
Total written (filtered):    245,606,316 bp (92.1%)
  Read 1:   122,619,688 bp
  Read 2:   122,986,628 bp

=== First read: Adapter 1 ===

Sequence: GTGYCAGCMGCCGCGGTAA; Type: regular 5'; Length: 19; Trimmed: 512929 times

Minimum overlap: 3
No. of allowed errors:
1-9 bp: 0; 10-19 bp: 1

Overview of removed sequences
length	count	expect	max.err	error counts
3	15	9739.4	0	15
11	2	0.1	1	2
12	24	0.0	1	23 1
13	2	0.0	1	0 2
14	6	0.0	1	3 3
15	4	0.0	1	2 2
16	10	0.0	1	6 4
17	1	0.0	1	1
18	21	0.0	1	11 10
19	1835	0.0	1	1195 640
20	4918	0.0	1	3056 1862
21	501745	0.0	1	413857 87888
22	4299	0.0	1	3179 1120
23	9	0.0	1	6 3
25	2	0.0	1	1 1
26	6	0.0	1	5 1
27	3	0.0	1	3
28	4	0.0	1	4
30	3	0.0	1	3
31	1	0.0	1	1
32	2	0.0	1	1 1
33	5	0.0	1	4 1
35	1	0.0	1	1
37	2	0.0	1	2
38	4	0.0	1	2 2
39	1	0.0	1	1
40	1	0.0	1	1
42	1	0.0	1	1
45	1	0.0	1	1
51	1	0.0	1	0 1


=== Second read: Adapter 2 ===

Sequence: GGACTACNVGGGTWTCTAAT; Type: regular 5'; Length: 20; Trimmed: 468656 times

Minimum overlap: 3
No. of allowed errors:
1-9 bp: 0; 10-19 bp: 1

Overview of removed sequences
length	count	expect	max.err	error counts
3	12	9739.4	0	12
4	1	2434.8	0	1
11	3	0.1	1	2 1
12	1	0.0	1	1
13	5	0.0	1	2 3
14	6	0.0	1	2 4
15	4	0.0	1	2 2
16	10	0.0	1	1 9
17	11	0.0	1	10 1
18	26	0.0	1	19 7
19	31	0.0	1	16 15
20	727	0.0	1	676 51
21	4718	0.0	1	1931 2787
22	458313	0.0	1	433505 24808
23	4759	0.0	1	3848 911
24	10	0.0	1	2 8
26	3	0.0	1	2 1
27	1	0.0	1	1
29	2	0.0	1	2
30	1	0.0	1	1
31	4	0.0	1	2 2
32	1	0.0	1	1
33	2	0.0	1	2
34	1	0.0	1	1
44	1	0.0	1	1
52	1	0.0	1	1
55	2	0.0	1	2
Running cutadapt on: 2024_Hyp04_Hyp02_B19_gill_S186
This is cutadapt 5.2 with Python 3.13.15
Command line parameters: -j 6 -g GTGYCAGCMGCCGCGGTAA -G GGACTACNVGGGTWTCTAAT -o /scratch4/workspace/jade_fiorilla_student_uml_edu-rawseqorcc/trimmed-cutadapt-fastp/2024_Hyp04_Hyp02_B19_gill_S186_R1_trim.fastq -p /scratch4/workspace/jade_fiorilla_student_uml_edu-rawseqorcc/trimmed-cutadapt-fastp/2024_Hyp04_Hyp02_B19_gill_S186_R2_trim.fastq /scratch4/workspace/jade_fiorilla_student_uml_edu-rawseqorcc/trimmed-fastp/2024_Hyp04_Hyp02_B19_gill_S186_R1_trim.fastq.gz /scratch4/workspace/jade_fiorilla_student_uml_edu-rawseqorcc/trimmed-fastp/2024_Hyp04_Hyp02_B19_gill_S186_R2_trim.fastq.gz
Processing paired-end reads on 6 cores ...

=== Summary ===

Total read pairs processed:          2,088,611
  Read 1 with adapter:               1,136,088 (54.4%)
  Read 2 with adapter:                 983,760 (47.1%)
Pairs written (passing filters):     2,088,611 (100.0%)

Total basepairs processed:   566,074,804 bp
  Read 1:   283,174,154 bp
  Read 2:   282,900,650 bp
Total written (filtered):    519,339,808 bp (91.7%)
  Read 1:   258,650,535 bp
  Read 2:   260,689,273 bp

=== First read: Adapter 1 ===

Sequence: GTGYCAGCMGCCGCGGTAA; Type: regular 5'; Length: 19; Trimmed: 1136088 times

Minimum overlap: 3
No. of allowed errors:
1-9 bp: 0; 10-19 bp: 1

Overview of removed sequences
length	count	expect	max.err	error counts
3	21756	32634.5	0	21756
4	18	8158.6	0	18
9	6	8.0	0	6
10	9	2.0	1	1 8
11	4	0.5	1	1 3
12	218	0.1	1	109 109
13	13	0.0	1	7 6
14	12	0.0	1	6 6
15	22	0.0	1	8 14
16	110	0.0	1	56 54
17	53	0.0	1	15 38
18	176	0.0	1	69 107
19	10620	0.0	1	8408 2212
20	8058	0.0	1	5284 2774
21	8591	0.0	1	4163 4428
22	1083611	0.0	1	564759 518852
23	2691	0.0	1	434 2257
24	5	0.0	1	3 2
25	5	0.0	1	5
26	10	0.0	1	6 4
27	7	0.0	1	4 3
28	8	0.0	1	4 4
29	7	0.0	1	5 2
30	6	0.0	1	0 6
31	2	0.0	1	1 1
32	6	0.0	1	0 6
33	1	0.0	1	0 1
34	2	0.0	1	1 1
35	4	0.0	1	4
36	3	0.0	1	1 2
37	2	0.0	1	0 2
38	11	0.0	1	3 8
39	3	0.0	1	1 2
40	3	0.0	1	1 2
41	3	0.0	1	1 2
42	6	0.0	1	5 1
43	2	0.0	1	0 2
44	4	0.0	1	0 4
45	2	0.0	1	1 1
46	3	0.0	1	0 3
47	3	0.0	1	2 1
51	2	0.0	1	1 1
52	2	0.0	1	0 2
53	2	0.0	1	0 2
55	3	0.0	1	0 3
57	1	0.0	1	0 1
58	1	0.0	1	0 1
62	1	0.0	1	0 1


=== Second read: Adapter 2 ===

Sequence: GGACTACNVGGGTWTCTAAT; Type: regular 5'; Length: 20; Trimmed: 983760 times

Minimum overlap: 3
No. of allowed errors:
1-9 bp: 0; 10-19 bp: 1

Overview of removed sequences
length	count	expect	max.err	error counts
3	18988	32634.5	0	18988
4	7	8158.6	0	7
5	1	2039.7	0	1
9	1	8.0	0	1
10	1	2.0	1	1
11	4	0.5	1	1 3
12	4	0.1	1	2 2
13	21	0.0	1	10 11
14	14	0.0	1	2 12
15	19	0.0	1	8 11
16	20	0.0	1	6 14
17	20	0.0	1	13 7
18	44	0.0	1	26 18
19	113	0.0	1	52 61
20	9928	0.0	1	9453 475
21	3435	0.0	1	3103 332
22	19076	0.0	1	3071 16005
23	910495	0.0	1	843662 66833
24	21498	0.0	1	830 20668
25	27	0.0	1	5 22
26	7	0.0	1	6 1
27	2	0.0	1	2
28	1	0.0	1	1
29	3	0.0	1	3
31	3	0.0	1	1 2
33	6	0.0	1	3 3
34	4	0.0	1	4
36	1	0.0	1	1
37	1	0.0	1	0 1
39	5	0.0	1	3 2
40	2	0.0	1	2
41	2	0.0	1	2
43	2	0.0	1	2
46	2	0.0	1	2
47	1	0.0	1	1
52	2	0.0	1	2
Running cutadapt on: 2024_Hyp04_Hyp02_B19_gut_S16
This is cutadapt 5.2 with Python 3.13.15
Command line parameters: -j 6 -g GTGYCAGCMGCCGCGGTAA -G GGACTACNVGGGTWTCTAAT -o /scratch4/workspace/jade_fiorilla_student_uml_edu-rawseqorcc/trimmed-cutadapt-fastp/2024_Hyp04_Hyp02_B19_gut_S16_R1_trim.fastq -p /scratch4/workspace/jade_fiorilla_student_uml_edu-rawseqorcc/trimmed-cutadapt-fastp/2024_Hyp04_Hyp02_B19_gut_S16_R2_trim.fastq /scratch4/workspace/jade_fiorilla_student_uml_edu-rawseqorcc/trimmed-fastp/2024_Hyp04_Hyp02_B19_gut_S16_R1_trim.fastq.gz /scratch4/workspace/jade_fiorilla_student_uml_edu-rawseqorcc/trimmed-fastp/2024_Hyp04_Hyp02_B19_gut_S16_R2_trim.fastq.gz
Processing paired-end reads on 6 cores ...

=== Summary ===

Total read pairs processed:            639,389
  Read 1 with adapter:                 582,878 (91.2%)
  Read 2 with adapter:                 541,926 (84.8%)
Pairs written (passing filters):       639,389 (100.0%)

Total basepairs processed:   323,864,094 bp
  Read 1:   161,954,215 bp
  Read 2:   161,909,879 bp
Total written (filtered):    299,709,915 bp (92.5%)
  Read 1:   149,719,817 bp
  Read 2:   149,990,098 bp

=== First read: Adapter 1 ===

Sequence: GTGYCAGCMGCCGCGGTAA; Type: regular 5'; Length: 19; Trimmed: 582878 times

Minimum overlap: 3
No. of allowed errors:
1-9 bp: 0; 10-19 bp: 1

Overview of removed sequences
length	count	expect	max.err	error counts
3	9	9990.5	0	9
9	3	2.4	0	3
10	2	0.6	1	2
11	5	0.2	1	3 2
12	22	0.0	1	18 4
13	8	0.0	1	7 1
14	2	0.0	1	0 2
15	4	0.0	1	2 2
16	18	0.0	1	13 5
17	20	0.0	1	8 12
18	29	0.0	1	8 21
19	2540	0.0	1	1574 966
20	4665	0.0	1	2479 2186
21	571332	0.0	1	517395 53937
22	4187	0.0	1	2988 1199
23	9	0.0	1	3 6
24	1	0.0	1	0 1
25	1	0.0	1	1
26	4	0.0	1	4
29	1	0.0	1	0 1
30	2	0.0	1	2
32	2	0.0	1	2
34	1	0.0	1	1
35	3	0.0	1	2 1
38	1	0.0	1	1
44	2	0.0	1	2
45	1	0.0	1	1
47	1	0.0	1	0 1
49	3	0.0	1	3


=== Second read: Adapter 2 ===

Sequence: GGACTACNVGGGTWTCTAAT; Type: regular 5'; Length: 20; Trimmed: 541926 times

Minimum overlap: 3
No. of allowed errors:
1-9 bp: 0; 10-19 bp: 1

Overview of removed sequences
length	count	expect	max.err	error counts
3	17	9990.5	0	17
10	2	0.6	1	1 1
11	3	0.2	1	2 1
12	9	0.0	1	5 4
13	1	0.0	1	1
14	9	0.0	1	5 4
15	8	0.0	1	2 6
16	16	0.0	1	8 8
17	13	0.0	1	4 9
18	18	0.0	1	14 4
19	31	0.0	1	14 17
20	1118	0.0	1	1055 63
21	4265	0.0	1	1667 2598
22	531773	0.0	1	519723 12050
23	4612	0.0	1	3547 1065
24	10	0.0	1	7 3
25	3	0.0	1	3
26	2	0.0	1	1 1
27	1	0.0	1	1
28	2	0.0	1	2
29	2	0.0	1	1 1
30	2	0.0	1	2
32	3	0.0	1	3
34	2	0.0	1	2
39	1	0.0	1	0 1
46	1	0.0	1	1
47	1	0.0	1	1
49	1	0.0	1	1
Running cutadapt on: 2024_Hyp04_Null_B28_gill_S256
This is cutadapt 5.2 with Python 3.13.15
Command line parameters: -j 6 -g GTGYCAGCMGCCGCGGTAA -G GGACTACNVGGGTWTCTAAT -o /scratch4/workspace/jade_fiorilla_student_uml_edu-rawseqorcc/trimmed-cutadapt-fastp/2024_Hyp04_Null_B28_gill_S256_R1_trim.fastq -p /scratch4/workspace/jade_fiorilla_student_uml_edu-rawseqorcc/trimmed-cutadapt-fastp/2024_Hyp04_Null_B28_gill_S256_R2_trim.fastq /scratch4/workspace/jade_fiorilla_student_uml_edu-rawseqorcc/trimmed-fastp/2024_Hyp04_Null_B28_gill_S256_R1_trim.fastq.gz /scratch4/workspace/jade_fiorilla_student_uml_edu-rawseqorcc/trimmed-fastp/2024_Hyp04_Null_B28_gill_S256_R2_trim.fastq.gz
Processing paired-end reads on 6 cores ...

=== Summary ===

Total read pairs processed:            637,015
  Read 1 with adapter:                 580,484 (91.1%)
  Read 2 with adapter:                 618,653 (97.1%)
Pairs written (passing filters):       637,015 (100.0%)

Total basepairs processed:   368,212,161 bp
  Read 1:   184,107,042 bp
  Read 2:   184,105,119 bp
Total written (filtered):    341,261,848 bp (92.7%)
  Read 1:   171,371,033 bp
  Read 2:   169,890,815 bp

=== First read: Adapter 1 ===

Sequence: GTGYCAGCMGCCGCGGTAA; Type: regular 5'; Length: 19; Trimmed: 580484 times

Minimum overlap: 3
No. of allowed errors:
1-9 bp: 0; 10-19 bp: 1

Overview of removed sequences
length	count	expect	max.err	error counts
3	1302	9953.4	0	1302
4	1	2488.3	0	1
9	3	2.4	0	3
10	1	0.6	1	0 1
11	1	0.2	1	0 1
12	78	0.0	1	66 12
13	15	0.0	1	13 2
14	7	0.0	1	2 5
15	21	0.0	1	14 7
16	49	0.0	1	37 12
17	37	0.0	1	17 20
18	91	0.0	1	52 39
19	1631	0.0	1	1496 135
20	651	0.0	1	514 137
21	3882	0.0	1	1617 2265
22	571033	0.0	1	517022 54011
23	1630	0.0	1	391 1239
24	3	0.0	1	2 1
25	3	0.0	1	1 2
26	3	0.0	1	1 2
27	4	0.0	1	4
28	2	0.0	1	2
29	3	0.0	1	1 2
30	3	0.0	1	3
32	1	0.0	1	1
33	3	0.0	1	3
34	3	0.0	1	3
35	1	0.0	1	0 1
36	3	0.0	1	2 1
37	6	0.0	1	6
39	3	0.0	1	3
40	2	0.0	1	1 1
42	4	0.0	1	4
43	2	0.0	1	2
44	1	0.0	1	1
50	1	0.0	1	0 1


=== Second read: Adapter 2 ===

Sequence: GGACTACNVGGGTWTCTAAT; Type: regular 5'; Length: 20; Trimmed: 618653 times

Minimum overlap: 3
No. of allowed errors:
1-9 bp: 0; 10-19 bp: 1

Overview of removed sequences
length	count	expect	max.err	error counts
3	293	9953.4	0	293
4	3	2488.3	0	3
5	3	622.1	0	3
10	1	0.6	1	1
12	3	0.0	1	3
13	11	0.0	1	9 2
14	19	0.0	1	7 12
15	5	0.0	1	0 5
16	3	0.0	1	3
17	7	0.0	1	3 4
18	16	0.0	1	7 9
19	42	0.0	1	19 23
20	1363	0.0	1	1281 82
21	310	0.0	1	237 73
22	5603	0.0	1	2074 3529
23	608930	0.0	1	595809 13121
24	2009	0.0	1	585 1424
25	9	0.0	1	8 1
26	1	0.0	1	1
27	1	0.0	1	1
28	3	0.0	1	3
29	5	0.0	1	5
30	3	0.0	1	3
32	1	0.0	1	1
33	1	0.0	1	0 1
35	1	0.0	1	1
36	2	0.0	1	2
39	3	0.0	1	3
40	1	0.0	1	1
47	1	0.0	1	1
Running cutadapt on: 2024_Hyp04_Null_B28_gut_S87
This is cutadapt 5.2 with Python 3.13.15
Command line parameters: -j 6 -g GTGYCAGCMGCCGCGGTAA -G GGACTACNVGGGTWTCTAAT -o /scratch4/workspace/jade_fiorilla_student_uml_edu-rawseqorcc/trimmed-cutadapt-fastp/2024_Hyp04_Null_B28_gut_S87_R1_trim.fastq -p /scratch4/workspace/jade_fiorilla_student_uml_edu-rawseqorcc/trimmed-cutadapt-fastp/2024_Hyp04_Null_B28_gut_S87_R2_trim.fastq /scratch4/workspace/jade_fiorilla_student_uml_edu-rawseqorcc/trimmed-fastp/2024_Hyp04_Null_B28_gut_S87_R1_trim.fastq.gz /scratch4/workspace/jade_fiorilla_student_uml_edu-rawseqorcc/trimmed-fastp/2024_Hyp04_Null_B28_gut_S87_R2_trim.fastq.gz
Processing paired-end reads on 6 cores ...

=== Summary ===

Total read pairs processed:            899,625
  Read 1 with adapter:                 671,616 (74.7%)
  Read 2 with adapter:                 430,799 (47.9%)
Pairs written (passing filters):       899,625 (100.0%)

Total basepairs processed:   275,538,440 bp
  Read 1:   137,902,576 bp
  Read 2:   137,635,864 bp
Total written (filtered):    251,967,726 bp (91.4%)
  Read 1:   123,805,836 bp
  Read 2:   128,161,890 bp

=== First read: Adapter 1 ===

Sequence: GTGYCAGCMGCCGCGGTAA; Type: regular 5'; Length: 19; Trimmed: 671616 times

Minimum overlap: 3
No. of allowed errors:
1-9 bp: 0; 10-19 bp: 1

Overview of removed sequences
length	count	expect	max.err	error counts
3	19	14056.6	0	19
11	1	0.2	1	1
12	28	0.1	1	18 10
13	2	0.0	1	0 2
14	2	0.0	1	1 1
15	6	0.0	1	3 3
16	15	0.0	1	8 7
17	9	0.0	1	5 4
18	23	0.0	1	7 16
19	2758	0.0	1	873 1885
20	4328	0.0	1	2098 2230
21	661485	0.0	1	409510 251975
22	2873	0.0	1	1560 1313
23	13	0.0	1	8 5
24	4	0.0	1	1 3
25	13	0.0	1	9 4
26	5	0.0	1	3 2
27	1	0.0	1	0 1
29	4	0.0	1	3 1
30	2	0.0	1	0 2
31	1	0.0	1	1
33	2	0.0	1	1 1
34	1	0.0	1	1
35	7	0.0	1	2 5
36	3	0.0	1	2 1
37	2	0.0	1	2
39	1	0.0	1	0 1
40	2	0.0	1	0 2
41	1	0.0	1	1
46	1	0.0	1	0 1
48	1	0.0	1	0 1
51	1	0.0	1	0 1
57	1	0.0	1	0 1
59	1	0.0	1	0 1


=== Second read: Adapter 2 ===

Sequence: GGACTACNVGGGTWTCTAAT; Type: regular 5'; Length: 20; Trimmed: 430799 times

Minimum overlap: 3
No. of allowed errors:
1-9 bp: 0; 10-19 bp: 1

Overview of removed sequences
length	count	expect	max.err	error counts
3	6	14056.6	0	6
10	1	0.9	1	0 1
11	1	0.2	1	1
12	6	0.1	1	4 2
13	3	0.0	1	3
14	6	0.0	1	2 4
15	4	0.0	1	2 2
16	8	0.0	1	7 1
17	3	0.0	1	2 1
18	22	0.0	1	18 4
19	38	0.0	1	27 11
20	665	0.0	1	617 48
21	3631	0.0	1	1500 2131
22	424652	0.0	1	412084 12568
23	1722	0.0	1	975 747
24	9	0.0	1	5 4
25	5	0.0	1	5
26	6	0.0	1	6
28	3	0.0	1	3
32	1	0.0	1	1
33	4	0.0	1	1 3
45	2	0.0	1	2
47	1	0.0	1	1
Running cutadapt on: 2024_Hyp04_Warm01_B7_gill_S17
This is cutadapt 5.2 with Python 3.13.15
Command line parameters: -j 6 -g GTGYCAGCMGCCGCGGTAA -G GGACTACNVGGGTWTCTAAT -o /scratch4/workspace/jade_fiorilla_student_uml_edu-rawseqorcc/trimmed-cutadapt-fastp/2024_Hyp04_Warm01_B7_gill_S17_R1_trim.fastq -p /scratch4/workspace/jade_fiorilla_student_uml_edu-rawseqorcc/trimmed-cutadapt-fastp/2024_Hyp04_Warm01_B7_gill_S17_R2_trim.fastq /scratch4/workspace/jade_fiorilla_student_uml_edu-rawseqorcc/trimmed-fastp/2024_Hyp04_Warm01_B7_gill_S17_R1_trim.fastq.gz /scratch4/workspace/jade_fiorilla_student_uml_edu-rawseqorcc/trimmed-fastp/2024_Hyp04_Warm01_B7_gill_S17_R2_trim.fastq.gz
Processing paired-end reads on 6 cores ...

=== Summary ===

Total read pairs processed:            980,533
  Read 1 with adapter:                 908,375 (92.6%)
  Read 2 with adapter:                 855,711 (87.3%)
Pairs written (passing filters):       980,533 (100.0%)

Total basepairs processed:   510,962,629 bp
  Read 1:   255,516,379 bp
  Read 2:   255,446,250 bp
Total written (filtered):    473,087,081 bp (92.6%)
  Read 1:   236,455,699 bp
  Read 2:   236,631,382 bp

=== First read: Adapter 1 ===

Sequence: GTGYCAGCMGCCGCGGTAA; Type: regular 5'; Length: 19; Trimmed: 908375 times

Minimum overlap: 3
No. of allowed errors:
1-9 bp: 0; 10-19 bp: 1

Overview of removed sequences
length	count	expect	max.err	error counts
3	16	15320.8	0	16
10	1	0.9	1	0 1
11	2	0.2	1	0 2
12	54	0.1	1	50 4
13	9	0.0	1	6 3
14	2	0.0	1	0 2
15	14	0.0	1	9 5
16	19	0.0	1	12 7
17	18	0.0	1	11 7
18	58	0.0	1	34 24
19	4023	0.0	1	1405 2618
20	10641	0.0	1	6164 4477
21	889135	0.0	1	813443 75692
22	4337	0.0	1	2563 1774
23	11	0.0	1	6 5
24	6	0.0	1	6
25	2	0.0	1	1 1
26	2	0.0	1	1 1
27	2	0.0	1	2
28	1	0.0	1	1
29	1	0.0	1	0 1
31	2	0.0	1	1 1
32	1	0.0	1	1
33	2	0.0	1	2
34	3	0.0	1	1 2
35	1	0.0	1	1
37	1	0.0	1	1
39	3	0.0	1	2 1
40	1	0.0	1	1
41	1	0.0	1	1
42	1	0.0	1	1
45	1	0.0	1	1
50	2	0.0	1	2
54	2	0.0	1	2


=== Second read: Adapter 2 ===

Sequence: GGACTACNVGGGTWTCTAAT; Type: regular 5'; Length: 20; Trimmed: 855711 times

Minimum overlap: 3
No. of allowed errors:
1-9 bp: 0; 10-19 bp: 1

Overview of removed sequences
length	count	expect	max.err	error counts
3	16	15320.8	0	16
10	2	0.9	1	2
11	5	0.2	1	2 3
12	4	0.1	1	4
13	12	0.0	1	10 2
14	12	0.0	1	4 8
15	9	0.0	1	5 4
16	21	0.0	1	7 14
17	19	0.0	1	8 11
18	41	0.0	1	30 11
19	62	0.0	1	34 28
20	1153	0.0	1	1055 98
21	11154	0.0	1	6517 4637
22	839758	0.0	1	810409 29349
23	3401	0.0	1	1980 1421
24	4	0.0	1	2 2
25	2	0.0	1	1 1
26	2	0.0	1	2
27	3	0.0	1	2 1
28	3	0.0	1	3
29	2	0.0	1	1 1
30	1	0.0	1	1
31	1	0.0	1	1
35	3	0.0	1	3
39	3	0.0	1	2 1
40	4	0.0	1	4
41	4	0.0	1	4
42	5	0.0	1	0 5
45	3	0.0	1	2 1
46	1	0.0	1	1
51	1	0.0	1	1
Running cutadapt on: 2024_Hyp04_Warm01_B7_gut_S18
This is cutadapt 5.2 with Python 3.13.15
Command line parameters: -j 6 -g GTGYCAGCMGCCGCGGTAA -G GGACTACNVGGGTWTCTAAT -o /scratch4/workspace/jade_fiorilla_student_uml_edu-rawseqorcc/trimmed-cutadapt-fastp/2024_Hyp04_Warm01_B7_gut_S18_R1_trim.fastq -p /scratch4/workspace/jade_fiorilla_student_uml_edu-rawseqorcc/trimmed-cutadapt-fastp/2024_Hyp04_Warm01_B7_gut_S18_R2_trim.fastq /scratch4/workspace/jade_fiorilla_student_uml_edu-rawseqorcc/trimmed-fastp/2024_Hyp04_Warm01_B7_gut_S18_R1_trim.fastq.gz /scratch4/workspace/jade_fiorilla_student_uml_edu-rawseqorcc/trimmed-fastp/2024_Hyp04_Warm01_B7_gut_S18_R2_trim.fastq.gz
Processing paired-end reads on 6 cores ...

=== Summary ===

Total read pairs processed:          1,103,791
  Read 1 with adapter:               1,072,169 (97.1%)
  Read 2 with adapter:               1,045,167 (94.7%)
Pairs written (passing filters):     1,103,791 (100.0%)

Total basepairs processed:   622,248,851 bp
  Read 1:   311,133,266 bp
  Read 2:   311,115,585 bp
Total written (filtered):    576,774,795 bp (92.7%)
  Read 1:   288,638,065 bp
  Read 2:   288,136,730 bp

=== First read: Adapter 1 ===

Sequence: GTGYCAGCMGCCGCGGTAA; Type: regular 5'; Length: 19; Trimmed: 1072169 times

Minimum overlap: 3
No. of allowed errors:
1-9 bp: 0; 10-19 bp: 1

Overview of removed sequences
length	count	expect	max.err	error counts
3	11	17246.7	0	11
9	1	4.2	0	1
10	2	1.1	1	0 2
11	1	0.3	1	1
12	39	0.1	1	35 4
13	8	0.0	1	7 1
14	2	0.0	1	0 2
15	17	0.0	1	6 11
16	14	0.0	1	10 4
17	31	0.0	1	21 10
18	68	0.0	1	40 28
19	5557	0.0	1	2388 3169
20	13352	0.0	1	7852 5500
21	1048656	0.0	1	987595 61061
22	4330	0.0	1	2434 1896
23	8	0.0	1	5 3
24	5	0.0	1	3 2
25	3	0.0	1	3
26	7	0.0	1	2 5
27	1	0.0	1	1
28	3	0.0	1	3
29	3	0.0	1	2 1
30	2	0.0	1	2
31	1	0.0	1	1
32	3	0.0	1	3
33	4	0.0	1	3 1
34	3	0.0	1	3
35	4	0.0	1	3 1
36	9	0.0	1	9
37	2	0.0	1	2
38	5	0.0	1	5
40	2	0.0	1	2
41	4	0.0	1	4
43	1	0.0	1	1
44	9	0.0	1	9
48	1	0.0	1	1


=== Second read: Adapter 2 ===

Sequence: GGACTACNVGGGTWTCTAAT; Type: regular 5'; Length: 20; Trimmed: 1045167 times

Minimum overlap: 3
No. of allowed errors:
1-9 bp: 0; 10-19 bp: 1

Overview of removed sequences
length	count	expect	max.err	error counts
3	9	17246.7	0	9
9	4	4.2	0	4
10	5	1.1	1	5
11	9	0.3	1	8 1
12	4	0.1	1	4
13	9	0.0	1	9
14	16	0.0	1	8 8
15	23	0.0	1	4 19
16	17	0.0	1	8 9
17	31	0.0	1	25 6
18	64	0.0	1	43 21
19	86	0.0	1	58 28
20	1725	0.0	1	1559 166
21	13539	0.0	1	8068 5471
22	1026166	0.0	1	1009903 16263
23	3415	0.0	1	1820 1595
24	9	0.0	1	5 4
25	8	0.0	1	8
26	1	0.0	1	1
27	5	0.0	1	5
28	4	0.0	1	3 1
29	6	0.0	1	6
30	2	0.0	1	2
31	1	0.0	1	1
34	2	0.0	1	2
35	3	0.0	1	3
39	1	0.0	1	1
40	1	0.0	1	1
48	1	0.0	1	1
54	1	0.0	1	1
Running cutadapt on: 2024_Hyp05_Both01_B9_gill_S19
This is cutadapt 5.2 with Python 3.13.15
Command line parameters: -j 6 -g GTGYCAGCMGCCGCGGTAA -G GGACTACNVGGGTWTCTAAT -o /scratch4/workspace/jade_fiorilla_student_uml_edu-rawseqorcc/trimmed-cutadapt-fastp/2024_Hyp05_Both01_B9_gill_S19_R1_trim.fastq -p /scratch4/workspace/jade_fiorilla_student_uml_edu-rawseqorcc/trimmed-cutadapt-fastp/2024_Hyp05_Both01_B9_gill_S19_R2_trim.fastq /scratch4/workspace/jade_fiorilla_student_uml_edu-rawseqorcc/trimmed-fastp/2024_Hyp05_Both01_B9_gill_S19_R1_trim.fastq.gz /scratch4/workspace/jade_fiorilla_student_uml_edu-rawseqorcc/trimmed-fastp/2024_Hyp05_Both01_B9_gill_S19_R2_trim.fastq.gz
Processing paired-end reads on 6 cores ...

=== Summary ===

Total read pairs processed:          1,084,187
  Read 1 with adapter:                 966,002 (89.1%)
  Read 2 with adapter:                 864,605 (79.7%)
Pairs written (passing filters):     1,084,187 (100.0%)

Total basepairs processed:   518,571,781 bp
  Read 1:   259,340,512 bp
  Read 2:   259,231,269 bp
Total written (filtered):    479,298,260 bp (92.4%)
  Read 1:   239,074,372 bp
  Read 2:   240,223,888 bp

=== First read: Adapter 1 ===

Sequence: GTGYCAGCMGCCGCGGTAA; Type: regular 5'; Length: 19; Trimmed: 966002 times

Minimum overlap: 3
No. of allowed errors:
1-9 bp: 0; 10-19 bp: 1

Overview of removed sequences
length	count	expect	max.err	error counts
3	22	16940.4	0	22
9	4	4.1	0	4
10	2	1.0	1	0 2
11	3	0.3	1	3
12	59	0.1	1	52 7
13	2	0.0	1	1 1
14	2	0.0	1	0 2
15	7	0.0	1	5 2
16	11	0.0	1	5 6
17	25	0.0	1	13 12
18	62	0.0	1	30 32
19	6290	0.0	1	2902 3388
20	9602	0.0	1	5149 4453
21	946961	0.0	1	825811 121150
22	2852	0.0	1	1209 1643
23	25	0.0	1	10 15
24	4	0.0	1	3 1
25	7	0.0	1	5 2
26	8	0.0	1	1 7
27	2	0.0	1	2
29	4	0.0	1	2 2
30	6	0.0	1	6
31	4	0.0	1	4
32	9	0.0	1	4 5
33	5	0.0	1	4 1
34	1	0.0	1	1
35	5	0.0	1	3 2
36	1	0.0	1	1
37	2	0.0	1	0 2
38	5	0.0	1	5
39	1	0.0	1	1
40	2	0.0	1	2
42	1	0.0	1	1
44	2	0.0	1	2
45	2	0.0	1	0 2
46	1	0.0	1	0 1
51	1	0.0	1	1


=== Second read: Adapter 2 ===

Sequence: GGACTACNVGGGTWTCTAAT; Type: regular 5'; Length: 20; Trimmed: 864605 times

Minimum overlap: 3
No. of allowed errors:
1-9 bp: 0; 10-19 bp: 1

Overview of removed sequences
length	count	expect	max.err	error counts
3	7	16940.4	0	7
8	1	16.5	0	1
10	2	1.0	1	2
11	4	0.3	1	2 2
12	7	0.1	1	5 2
13	18	0.0	1	12 6
14	25	0.0	1	13 12
15	24	0.0	1	8 16
16	13	0.0	1	4 9
17	18	0.0	1	12 6
18	55	0.0	1	41 14
19	74	0.0	1	30 44
20	2159	0.0	1	1920 239
21	11320	0.0	1	5778 5542
22	848100	0.0	1	810519 37581
23	2733	0.0	1	1119 1614
24	7	0.0	1	3 4
25	3	0.0	1	3
26	5	0.0	1	5
27	1	0.0	1	1
28	1	0.0	1	1
29	1	0.0	1	1
30	2	0.0	1	1 1
31	8	0.0	1	6 2
32	1	0.0	1	0 1
33	2	0.0	1	0 2
34	3	0.0	1	3
35	1	0.0	1	0 1
37	2	0.0	1	2
38	3	0.0	1	3
39	3	0.0	1	3
43	2	0.0	1	2
Running cutadapt on: 2024_Hyp05_Both01_B9_gut_S20
This is cutadapt 5.2 with Python 3.13.15
Command line parameters: -j 6 -g GTGYCAGCMGCCGCGGTAA -G GGACTACNVGGGTWTCTAAT -o /scratch4/workspace/jade_fiorilla_student_uml_edu-rawseqorcc/trimmed-cutadapt-fastp/2024_Hyp05_Both01_B9_gut_S20_R1_trim.fastq -p /scratch4/workspace/jade_fiorilla_student_uml_edu-rawseqorcc/trimmed-cutadapt-fastp/2024_Hyp05_Both01_B9_gut_S20_R2_trim.fastq /scratch4/workspace/jade_fiorilla_student_uml_edu-rawseqorcc/trimmed-fastp/2024_Hyp05_Both01_B9_gut_S20_R1_trim.fastq.gz /scratch4/workspace/jade_fiorilla_student_uml_edu-rawseqorcc/trimmed-fastp/2024_Hyp05_Both01_B9_gut_S20_R2_trim.fastq.gz
Processing paired-end reads on 6 cores ...

=== Summary ===

Total read pairs processed:            743,255
  Read 1 with adapter:                 698,903 (94.0%)
  Read 2 with adapter:                 663,599 (89.3%)
Pairs written (passing filters):       743,255 (100.0%)

Total basepairs processed:   395,561,318 bp
  Read 1:   197,806,864 bp
  Read 2:   197,754,454 bp
Total written (filtered):    366,310,187 bp (92.6%)
  Read 1:   183,144,699 bp
  Read 2:   183,165,488 bp

=== First read: Adapter 1 ===

Sequence: GTGYCAGCMGCCGCGGTAA; Type: regular 5'; Length: 19; Trimmed: 698903 times

Minimum overlap: 3
No. of allowed errors:
1-9 bp: 0; 10-19 bp: 1

Overview of removed sequences
length	count	expect	max.err	error counts
3	7	11613.4	0	7
9	4	2.8	0	4
10	1	0.7	1	0 1
11	3	0.2	1	2 1
12	21	0.0	1	18 3
13	6	0.0	1	6
14	5	0.0	1	0 5
15	6	0.0	1	2 4
16	10	0.0	1	7 3
17	8	0.0	1	4 4
18	49	0.0	1	23 26
19	3214	0.0	1	1083 2131
20	10327	0.0	1	6185 4142
21	683122	0.0	1	636315 46807
22	2055	0.0	1	944 1111
23	10	0.0	1	7 3
24	1	0.0	1	1
25	8	0.0	1	6 2
26	2	0.0	1	2
27	6	0.0	1	6
28	4	0.0	1	3 1
29	3	0.0	1	3
31	3	0.0	1	3
32	1	0.0	1	0 1
33	3	0.0	1	3
34	7	0.0	1	7
35	4	0.0	1	2 2
37	4	0.0	1	4
38	3	0.0	1	3
40	1	0.0	1	1
46	1	0.0	1	1
47	3	0.0	1	3
61	1	0.0	1	0 1


=== Second read: Adapter 2 ===

Sequence: GGACTACNVGGGTWTCTAAT; Type: regular 5'; Length: 20; Trimmed: 663599 times

Minimum overlap: 3
No. of allowed errors:
1-9 bp: 0; 10-19 bp: 1

Overview of removed sequences
length	count	expect	max.err	error counts
3	2	11613.4	0	2
4	1	2903.3	0	1
9	1	2.8	0	1
10	3	0.7	1	3
11	6	0.2	1	4 2
12	5	0.0	1	2 3
13	10	0.0	1	10
14	13	0.0	1	5 8
15	15	0.0	1	10 5
16	16	0.0	1	4 12
17	18	0.0	1	11 7
18	28	0.0	1	20 8
19	56	0.0	1	38 18
20	725	0.0	1	650 75
21	10105	0.0	1	6325 3780
22	650655	0.0	1	637487 13168
23	1896	0.0	1	785 1111
24	11	0.0	1	10 1
25	2	0.0	1	2
26	4	0.0	1	4
28	2	0.0	1	2
29	3	0.0	1	3
30	2	0.0	1	2
32	5	0.0	1	2 3
34	3	0.0	1	3
36	1	0.0	1	0 1
37	2	0.0	1	1 1
39	3	0.0	1	3
40	1	0.0	1	1
44	1	0.0	1	1
46	1	0.0	1	1
53	2	0.0	1	2
55	1	0.0	1	1
Running cutadapt on: 2024_Hyp05_Both03_B34_gill_S241
This is cutadapt 5.2 with Python 3.13.15
Command line parameters: -j 6 -g GTGYCAGCMGCCGCGGTAA -G GGACTACNVGGGTWTCTAAT -o /scratch4/workspace/jade_fiorilla_student_uml_edu-rawseqorcc/trimmed-cutadapt-fastp/2024_Hyp05_Both03_B34_gill_S241_R1_trim.fastq -p /scratch4/workspace/jade_fiorilla_student_uml_edu-rawseqorcc/trimmed-cutadapt-fastp/2024_Hyp05_Both03_B34_gill_S241_R2_trim.fastq /scratch4/workspace/jade_fiorilla_student_uml_edu-rawseqorcc/trimmed-fastp/2024_Hyp05_Both03_B34_gill_S241_R1_trim.fastq.gz /scratch4/workspace/jade_fiorilla_student_uml_edu-rawseqorcc/trimmed-fastp/2024_Hyp05_Both03_B34_gill_S241_R2_trim.fastq.gz
Processing paired-end reads on 6 cores ...

=== Summary ===

Total read pairs processed:            729,780
  Read 1 with adapter:                 576,678 (79.0%)
  Read 2 with adapter:                 679,607 (93.1%)
Pairs written (passing filters):       729,780 (100.0%)

Total basepairs processed:   405,616,876 bp
  Read 1:   202,812,789 bp
  Read 2:   202,804,087 bp
Total written (filtered):    377,395,964 bp (93.0%)
  Read 1:   190,195,940 bp
  Read 2:   187,200,024 bp

=== First read: Adapter 1 ===

Sequence: GTGYCAGCMGCCGCGGTAA; Type: regular 5'; Length: 19; Trimmed: 576678 times

Minimum overlap: 3
No. of allowed errors:
1-9 bp: 0; 10-19 bp: 1

Overview of removed sequences
length	count	expect	max.err	error counts
3	3295	11402.8	0	3295
4	1	2850.7	0	1
9	3	2.8	0	2 1
10	1	0.7	1	0 1
11	5	0.2	1	2 3
12	103	0.0	1	98 5
13	13	0.0	1	9 4
14	21	0.0	1	11 10
15	12	0.0	1	5 7
16	59	0.0	1	45 14
17	32	0.0	1	12 20
18	85	0.0	1	50 35
19	880	0.0	1	804 76
20	544	0.0	1	352 192
21	3745	0.0	1	1342 2403
22	565912	0.0	1	527894 38018
23	1929	0.0	1	393 1536
24	8	0.0	1	6 2
25	2	0.0	1	1 1
26	2	0.0	1	1 1
27	1	0.0	1	1
28	2	0.0	1	2
30	2	0.0	1	2
31	3	0.0	1	3
32	1	0.0	1	1
34	1	0.0	1	1
35	1	0.0	1	1
37	2	0.0	1	2
38	4	0.0	1	3 1
45	2	0.0	1	2
47	4	0.0	1	4
52	1	0.0	1	0 1
54	2	0.0	1	0 2


=== Second read: Adapter 2 ===

Sequence: GGACTACNVGGGTWTCTAAT; Type: regular 5'; Length: 20; Trimmed: 679607 times

Minimum overlap: 3
No. of allowed errors:
1-9 bp: 0; 10-19 bp: 1

Overview of removed sequences
length	count	expect	max.err	error counts
3	871	11402.8	0	871
5	1	712.7	0	1
10	1	0.7	1	1
11	2	0.2	1	0 2
13	7	0.0	1	4 3
14	14	0.0	1	8 6
15	9	0.0	1	6 3
16	12	0.0	1	5 7
17	13	0.0	1	13
18	21	0.0	1	14 7
19	42	0.0	1	17 25
20	1157	0.0	1	1113 44
21	211	0.0	1	166 45
22	7692	0.0	1	1547 6145
23	667040	0.0	1	643425 23615
24	2472	0.0	1	716 1756
25	4	0.0	1	3 1
26	6	0.0	1	6
27	3	0.0	1	3
28	4	0.0	1	2 2
29	1	0.0	1	1
30	3	0.0	1	3
31	2	0.0	1	0 2
32	7	0.0	1	4 3
33	1	0.0	1	1
34	2	0.0	1	2
37	2	0.0	1	1 1
39	1	0.0	1	1
41	1	0.0	1	1
45	1	0.0	1	0 1
47	2	0.0	1	2
54	1	0.0	1	1
57	1	0.0	1	1
Running cutadapt on: 2024_Hyp05_Both03_B34_gut_S242
This is cutadapt 5.2 with Python 3.13.15
Command line parameters: -j 6 -g GTGYCAGCMGCCGCGGTAA -G GGACTACNVGGGTWTCTAAT -o /scratch4/workspace/jade_fiorilla_student_uml_edu-rawseqorcc/trimmed-cutadapt-fastp/2024_Hyp05_Both03_B34_gut_S242_R1_trim.fastq -p /scratch4/workspace/jade_fiorilla_student_uml_edu-rawseqorcc/trimmed-cutadapt-fastp/2024_Hyp05_Both03_B34_gut_S242_R2_trim.fastq /scratch4/workspace/jade_fiorilla_student_uml_edu-rawseqorcc/trimmed-fastp/2024_Hyp05_Both03_B34_gut_S242_R1_trim.fastq.gz /scratch4/workspace/jade_fiorilla_student_uml_edu-rawseqorcc/trimmed-fastp/2024_Hyp05_Both03_B34_gut_S242_R2_trim.fastq.gz
Processing paired-end reads on 6 cores ...

=== Summary ===

Total read pairs processed:          4,410,985
  Read 1 with adapter:               4,401,266 (99.8%)
  Read 2 with adapter:               4,384,775 (99.4%)
Pairs written (passing filters):     4,410,985 (100.0%)

Total basepairs processed: 2,575,306,489 bp
  Read 1: 1,287,599,245 bp
  Read 2: 1,287,707,244 bp
Total written (filtered):  2,403,939,847 bp (93.3%)
  Read 1: 1,203,950,924 bp
  Read 2: 1,199,988,923 bp

=== First read: Adapter 1 ===

Sequence: GTGYCAGCMGCCGCGGTAA; Type: regular 5'; Length: 19; Trimmed: 4401266 times

Minimum overlap: 3
No. of allowed errors:
1-9 bp: 0; 10-19 bp: 1

Overview of removed sequences
length	count	expect	max.err	error counts
3	52	68921.6	0	52
9	7	16.8	0	7
10	1	4.2	1	1
11	4	1.1	1	4
12	98	0.3	1	97 1
13	42	0.1	1	30 12
14	26	0.0	1	7 19
15	23	0.0	1	11 12
16	114	0.0	1	83 31
17	257	0.0	1	200 57
18	10866	0.0	1	1823 9043
19	4371086	0.0	1	4328013 43073
20	8773	0.0	1	1542 7231
21	1340	0.0	1	1202 138
22	8467	0.0	1	7746 721
23	26	0.0	1	10 16
24	13	0.0	1	12 1
25	6	0.0	1	4 2
26	4	0.0	1	2 2
27	1	0.0	1	0 1
28	3	0.0	1	3
29	8	0.0	1	8
30	2	0.0	1	2
31	8	0.0	1	4 4
32	6	0.0	1	6
33	2	0.0	1	2
34	1	0.0	1	1
35	1	0.0	1	1
36	6	0.0	1	6
37	6	0.0	1	6
38	4	0.0	1	4
39	1	0.0	1	1
41	1	0.0	1	1
42	2	0.0	1	2
43	2	0.0	1	2
44	1	0.0	1	1
45	1	0.0	1	1
46	2	0.0	1	2
49	1	0.0	1	1
58	2	0.0	1	2


=== Second read: Adapter 2 ===

Sequence: GGACTACNVGGGTWTCTAAT; Type: regular 5'; Length: 20; Trimmed: 4384775 times

Minimum overlap: 3
No. of allowed errors:
1-9 bp: 0; 10-19 bp: 1

Overview of removed sequences
length	count	expect	max.err	error counts
3	29	68921.6	0	29
8	3	67.3	0	3
9	1	16.8	0	1
10	12	4.2	1	12
11	16	1.1	1	14 2
12	19	0.3	1	16 3
13	23	0.1	1	19 4
14	55	0.0	1	17 38
15	19	0.0	1	11 8
16	45	0.0	1	14 31
17	60	0.0	1	46 14
18	225	0.0	1	133 92
19	17793	0.0	1	2349 15444
20	4345376	0.0	1	4258679 86697
21	10140	0.0	1	2350 7790
22	1043	0.0	1	871 172
23	9785	0.0	1	9408 377
24	38	0.0	1	10 28
25	8	0.0	1	7 1
26	6	0.0	1	6
27	1	0.0	1	1
28	3	0.0	1	3
29	9	0.0	1	7 2
30	10	0.0	1	9 1
31	3	0.0	1	2 1
32	7	0.0	1	7
33	7	0.0	1	7
34	7	0.0	1	7
35	5	0.0	1	5
37	4	0.0	1	4
38	4	0.0	1	4
39	8	0.0	1	8
40	2	0.0	1	2
43	1	0.0	1	1
44	3	0.0	1	3
46	2	0.0	1	2
47	1	0.0	1	1
48	1	0.0	1	1
50	1	0.0	1	1
Running cutadapt on: 2024_Hyp05_Cont02_B22_gill_S243
This is cutadapt 5.2 with Python 3.13.15
Command line parameters: -j 6 -g GTGYCAGCMGCCGCGGTAA -G GGACTACNVGGGTWTCTAAT -o /scratch4/workspace/jade_fiorilla_student_uml_edu-rawseqorcc/trimmed-cutadapt-fastp/2024_Hyp05_Cont02_B22_gill_S243_R1_trim.fastq -p /scratch4/workspace/jade_fiorilla_student_uml_edu-rawseqorcc/trimmed-cutadapt-fastp/2024_Hyp05_Cont02_B22_gill_S243_R2_trim.fastq /scratch4/workspace/jade_fiorilla_student_uml_edu-rawseqorcc/trimmed-fastp/2024_Hyp05_Cont02_B22_gill_S243_R1_trim.fastq.gz /scratch4/workspace/jade_fiorilla_student_uml_edu-rawseqorcc/trimmed-fastp/2024_Hyp05_Cont02_B22_gill_S243_R2_trim.fastq.gz
Processing paired-end reads on 6 cores ...

=== Summary ===

Total read pairs processed:            627,609
  Read 1 with adapter:                 540,810 (86.2%)
  Read 2 with adapter:                 594,032 (94.7%)
Pairs written (passing filters):       627,609 (100.0%)

Total basepairs processed:   351,809,575 bp
  Read 1:   175,907,173 bp
  Read 2:   175,902,402 bp
Total written (filtered):    326,316,650 bp (92.8%)
  Read 1:   164,055,694 bp
  Read 2:   162,260,956 bp

=== First read: Adapter 1 ===

Sequence: GTGYCAGCMGCCGCGGTAA; Type: regular 5'; Length: 19; Trimmed: 540810 times

Minimum overlap: 3
No. of allowed errors:
1-9 bp: 0; 10-19 bp: 1

Overview of removed sequences
length	count	expect	max.err	error counts
3	2011	9806.4	0	2011
9	10	2.4	0	10
10	1	0.6	1	0 1
11	7	0.1	1	5 2
12	109	0.0	1	108 1
13	13	0.0	1	9 4
14	5	0.0	1	3 2
15	9	0.0	1	6 3
16	47	0.0	1	34 13
17	39	0.0	1	21 18
18	101	0.0	1	58 43
19	1106	0.0	1	1040 66
20	162	0.0	1	76 86
21	4043	0.0	1	1662 2381
22	531649	0.0	1	501723 29926
23	1433	0.0	1	356 1077
24	12	0.0	1	12
25	6	0.0	1	6
26	5	0.0	1	5
27	1	0.0	1	1
28	12	0.0	1	12
30	4	0.0	1	4
31	1	0.0	1	1
34	9	0.0	1	9
36	5	0.0	1	2 3
37	3	0.0	1	3
38	1	0.0	1	1
39	1	0.0	1	1
40	1	0.0	1	1
41	4	0.0	1	4


=== Second read: Adapter 2 ===

Sequence: GGACTACNVGGGTWTCTAAT; Type: regular 5'; Length: 20; Trimmed: 594032 times

Minimum overlap: 3
No. of allowed errors:
1-9 bp: 0; 10-19 bp: 1

Overview of removed sequences
length	count	expect	max.err	error counts
3	625	9806.4	0	625
4	1	2451.6	0	1
5	1	612.9	0	1
10	6	0.6	1	6
11	5	0.1	1	2 3
12	5	0.0	1	4 1
13	3	0.0	1	3
14	8	0.0	1	5 3
15	4	0.0	1	1 3
16	15	0.0	1	6 9
17	16	0.0	1	10 6
18	23	0.0	1	19 4
19	33	0.0	1	15 18
20	1277	0.0	1	1220 57
21	94	0.0	1	54 40
22	5983	0.0	1	1276 4707
23	584139	0.0	1	561394 22745
24	1755	0.0	1	599 1156
25	7	0.0	1	4 3
26	6	0.0	1	6
27	6	0.0	1	6
28	1	0.0	1	1
29	4	0.0	1	4
30	1	0.0	1	0 1
31	2	0.0	1	2
32	1	0.0	1	0 1
33	4	0.0	1	4
36	3	0.0	1	3
40	2	0.0	1	2
41	1	0.0	1	1
44	1	0.0	1	1
Running cutadapt on: 2024_Hyp05_Cont02_B22_gut_S187
This is cutadapt 5.2 with Python 3.13.15
Command line parameters: -j 6 -g GTGYCAGCMGCCGCGGTAA -G GGACTACNVGGGTWTCTAAT -o /scratch4/workspace/jade_fiorilla_student_uml_edu-rawseqorcc/trimmed-cutadapt-fastp/2024_Hyp05_Cont02_B22_gut_S187_R1_trim.fastq -p /scratch4/workspace/jade_fiorilla_student_uml_edu-rawseqorcc/trimmed-cutadapt-fastp/2024_Hyp05_Cont02_B22_gut_S187_R2_trim.fastq /scratch4/workspace/jade_fiorilla_student_uml_edu-rawseqorcc/trimmed-fastp/2024_Hyp05_Cont02_B22_gut_S187_R1_trim.fastq.gz /scratch4/workspace/jade_fiorilla_student_uml_edu-rawseqorcc/trimmed-fastp/2024_Hyp05_Cont02_B22_gut_S187_R2_trim.fastq.gz
Processing paired-end reads on 6 cores ...

=== Summary ===

Total read pairs processed:          1,329,555
  Read 1 with adapter:               1,308,347 (98.4%)
  Read 2 with adapter:               1,307,146 (98.3%)
Pairs written (passing filters):     1,329,555 (100.0%)

Total basepairs processed:   775,337,531 bp
  Read 1:   387,671,465 bp
  Read 2:   387,666,066 bp
Total written (filtered):    716,611,839 bp (92.4%)
  Read 1:   358,959,110 bp
  Read 2:   357,652,729 bp

=== First read: Adapter 1 ===

Sequence: GTGYCAGCMGCCGCGGTAA; Type: regular 5'; Length: 19; Trimmed: 1308347 times

Minimum overlap: 3
No. of allowed errors:
1-9 bp: 0; 10-19 bp: 1

Overview of removed sequences
length	count	expect	max.err	error counts
3	412	20774.3	0	412
4	2	5193.6	0	2
8	3	20.3	0	3
9	14	5.1	0	14
10	3	1.3	1	3
11	16	0.3	1	16
12	241	0.1	1	238 3
13	18	0.0	1	12 6
14	21	0.0	1	10 11
15	39	0.0	1	22 17
16	101	0.0	1	91 10
17	104	0.0	1	52 52
18	203	0.0	1	130 73
19	12337	0.0	1	9184 3153
20	7021	0.0	1	4545 2476
21	10637	0.0	1	5580 5057
22	1274454	0.0	1	1249201 25253
23	2613	0.0	1	970 1643
24	6	0.0	1	3 3
25	15	0.0	1	15
26	10	0.0	1	10
27	11	0.0	1	10 1
28	13	0.0	1	13
29	2	0.0	1	2
31	2	0.0	1	2
32	4	0.0	1	4
33	4	0.0	1	1 3
34	2	0.0	1	2
35	5	0.0	1	4 1
36	6	0.0	1	6
37	8	0.0	1	8
38	4	0.0	1	4
39	1	0.0	1	1
40	5	0.0	1	5
41	2	0.0	1	2
43	2	0.0	1	2
47	3	0.0	1	3
48	2	0.0	1	2
54	1	0.0	1	1


=== Second read: Adapter 2 ===

Sequence: GGACTACNVGGGTWTCTAAT; Type: regular 5'; Length: 20; Trimmed: 1307146 times

Minimum overlap: 3
No. of allowed errors:
1-9 bp: 0; 10-19 bp: 1

Overview of removed sequences
length	count	expect	max.err	error counts
3	237	20774.3	0	237
5	2	1298.4	0	2
11	4	0.3	1	4
12	9	0.1	1	9
13	7	0.0	1	4 3
14	26	0.0	1	17 9
15	29	0.0	1	8 21
16	14	0.0	1	6 8
17	40	0.0	1	23 17
18	49	0.0	1	31 18
19	127	0.0	1	53 74
20	10904	0.0	1	10350 554
21	2836	0.0	1	2484 352
22	10628	0.0	1	3951 6677
23	1278304	0.0	1	1250905 27399
24	3860	0.0	1	1219 2641
25	9	0.0	1	3 6
26	8	0.0	1	6 2
27	3	0.0	1	3
28	3	0.0	1	3
29	3	0.0	1	3
30	5	0.0	1	5
31	6	0.0	1	4 2
32	4	0.0	1	4
33	1	0.0	1	1
34	3	0.0	1	2 1
35	2	0.0	1	2
36	5	0.0	1	3 2
37	5	0.0	1	5
38	2	0.0	1	2
39	1	0.0	1	1
40	2	0.0	1	2
41	1	0.0	1	1
44	1	0.0	1	1
46	1	0.0	1	1
48	1	0.0	1	1
49	3	0.0	1	3
51	1	0.0	1	1
Running cutadapt on: 2024_Hyp05_Cont04_B46_gill_S275
This is cutadapt 5.2 with Python 3.13.15
Command line parameters: -j 6 -g GTGYCAGCMGCCGCGGTAA -G GGACTACNVGGGTWTCTAAT -o /scratch4/workspace/jade_fiorilla_student_uml_edu-rawseqorcc/trimmed-cutadapt-fastp/2024_Hyp05_Cont04_B46_gill_S275_R1_trim.fastq -p /scratch4/workspace/jade_fiorilla_student_uml_edu-rawseqorcc/trimmed-cutadapt-fastp/2024_Hyp05_Cont04_B46_gill_S275_R2_trim.fastq /scratch4/workspace/jade_fiorilla_student_uml_edu-rawseqorcc/trimmed-fastp/2024_Hyp05_Cont04_B46_gill_S275_R1_trim.fastq.gz /scratch4/workspace/jade_fiorilla_student_uml_edu-rawseqorcc/trimmed-fastp/2024_Hyp05_Cont04_B46_gill_S275_R2_trim.fastq.gz
Processing paired-end reads on 6 cores ...

=== Summary ===

Total read pairs processed:            821,838
  Read 1 with adapter:                 767,668 (93.4%)
  Read 2 with adapter:                 735,111 (89.4%)
Pairs written (passing filters):       821,838 (100.0%)

Total basepairs processed:   433,861,963 bp
  Read 1:   216,943,887 bp
  Read 2:   216,918,076 bp
Total written (filtered):    401,575,536 bp (92.6%)
  Read 1:   200,825,185 bp
  Read 2:   200,750,351 bp

=== First read: Adapter 1 ===

Sequence: GTGYCAGCMGCCGCGGTAA; Type: regular 5'; Length: 19; Trimmed: 767668 times

Minimum overlap: 3
No. of allowed errors:
1-9 bp: 0; 10-19 bp: 1

Overview of removed sequences
length	count	expect	max.err	error counts
3	12	12841.2	0	12
9	3	3.1	0	3
10	2	0.8	1	0 2
11	2	0.2	1	2
12	24	0.0	1	23 1
13	3	0.0	1	3
14	6	0.0	1	4 2
15	4	0.0	1	2 2
16	7	0.0	1	7
17	13	0.0	1	6 7
18	44	0.0	1	25 19
19	671	0.0	1	595 76
20	3172	0.0	1	1173 1999
21	761350	0.0	1	707578 53772
22	2288	0.0	1	910 1378
23	9	0.0	1	8 1
24	5	0.0	1	3 2
25	7	0.0	1	6 1
27	4	0.0	1	3 1
28	4	0.0	1	4
29	2	0.0	1	0 2
30	3	0.0	1	1 2
32	1	0.0	1	1
34	3	0.0	1	1 2
35	3	0.0	1	3
36	1	0.0	1	1
37	11	0.0	1	11
38	1	0.0	1	1
39	5	0.0	1	2 3
40	1	0.0	1	1
41	5	0.0	1	5
44	1	0.0	1	1
52	1	0.0	1	1


=== Second read: Adapter 2 ===

Sequence: GGACTACNVGGGTWTCTAAT; Type: regular 5'; Length: 20; Trimmed: 735111 times

Minimum overlap: 3
No. of allowed errors:
1-9 bp: 0; 10-19 bp: 1

Overview of removed sequences
length	count	expect	max.err	error counts
3	5	12841.2	0	5
4	1	3210.3	0	1
12	1	0.0	1	1
13	8	0.0	1	5 3
14	16	0.0	1	13 3
15	6	0.0	1	2 4
16	13	0.0	1	5 8
17	8	0.0	1	4 4
18	37	0.0	1	21 16
19	30	0.0	1	18 12
20	563	0.0	1	490 73
21	5154	0.0	1	1555 3599
22	727267	0.0	1	678169 49098
23	1962	0.0	1	805 1157
24	7	0.0	1	5 2
25	4	0.0	1	4
26	1	0.0	1	1
27	6	0.0	1	6
28	4	0.0	1	4
29	1	0.0	1	1
30	2	0.0	1	2
31	3	0.0	1	1 2
32	2	0.0	1	2
35	1	0.0	1	1
38	4	0.0	1	4
39	1	0.0	1	1
40	3	0.0	1	3
42	1	0.0	1	1
Running cutadapt on: 2024_Hyp05_Cont04_B46_gut_S158
This is cutadapt 5.2 with Python 3.13.15
Command line parameters: -j 6 -g GTGYCAGCMGCCGCGGTAA -G GGACTACNVGGGTWTCTAAT -o /scratch4/workspace/jade_fiorilla_student_uml_edu-rawseqorcc/trimmed-cutadapt-fastp/2024_Hyp05_Cont04_B46_gut_S158_R1_trim.fastq -p /scratch4/workspace/jade_fiorilla_student_uml_edu-rawseqorcc/trimmed-cutadapt-fastp/2024_Hyp05_Cont04_B46_gut_S158_R2_trim.fastq /scratch4/workspace/jade_fiorilla_student_uml_edu-rawseqorcc/trimmed-fastp/2024_Hyp05_Cont04_B46_gut_S158_R1_trim.fastq.gz /scratch4/workspace/jade_fiorilla_student_uml_edu-rawseqorcc/trimmed-fastp/2024_Hyp05_Cont04_B46_gut_S158_R2_trim.fastq.gz
Processing paired-end reads on 6 cores ...

=== Summary ===

Total read pairs processed:            693,976
  Read 1 with adapter:                 648,932 (93.5%)
  Read 2 with adapter:                 614,521 (88.6%)
Pairs written (passing filters):       693,976 (100.0%)

Total basepairs processed:   363,765,503 bp
  Read 1:   181,896,412 bp
  Read 2:   181,869,091 bp
Total written (filtered):    336,641,253 bp (92.5%)
  Read 1:   168,282,238 bp
  Read 2:   168,359,015 bp

=== First read: Adapter 1 ===

Sequence: GTGYCAGCMGCCGCGGTAA; Type: regular 5'; Length: 19; Trimmed: 648932 times

Minimum overlap: 3
No. of allowed errors:
1-9 bp: 0; 10-19 bp: 1

Overview of removed sequences
length	count	expect	max.err	error counts
3	22	10843.4	0	22
4	1	2710.8	0	1
9	3	2.6	0	3
12	19	0.0	1	19
13	4	0.0	1	3 1
14	1	0.0	1	0 1
15	6	0.0	1	4 2
16	18	0.0	1	14 4
17	14	0.0	1	7 7
18	41	0.0	1	20 21
19	4625	0.0	1	3605 1020
20	6176	0.0	1	3860 2316
21	635354	0.0	1	589707 45647
22	2605	0.0	1	1203 1402
23	8	0.0	1	4 4
24	1	0.0	1	0 1
25	7	0.0	1	7
26	5	0.0	1	5
28	3	0.0	1	3
30	2	0.0	1	2
31	1	0.0	1	0 1
32	2	0.0	1	2
33	2	0.0	1	0 2
34	1	0.0	1	1
36	1	0.0	1	0 1
37	1	0.0	1	1
38	3	0.0	1	3
40	1	0.0	1	1
41	4	0.0	1	4
47	1	0.0	1	1


=== Second read: Adapter 2 ===

Sequence: GGACTACNVGGGTWTCTAAT; Type: regular 5'; Length: 20; Trimmed: 614521 times

Minimum overlap: 3
No. of allowed errors:
1-9 bp: 0; 10-19 bp: 1

Overview of removed sequences
length	count	expect	max.err	error counts
3	21	10843.4	0	21
10	3	0.7	1	2 1
11	1	0.2	1	1
12	2	0.0	1	0 2
13	5	0.0	1	5
14	15	0.0	1	6 9
15	8	0.0	1	1 7
16	12	0.0	1	7 5
17	15	0.0	1	10 5
18	21	0.0	1	14 7
19	49	0.0	1	20 29
20	2387	0.0	1	2274 113
21	5508	0.0	1	2324 3184
22	604738	0.0	1	588216 16522
23	1713	0.0	1	815 898
24	6	0.0	1	4 2
27	4	0.0	1	4
28	2	0.0	1	2
32	1	0.0	1	1
33	2	0.0	1	1 1
34	1	0.0	1	1
35	1	0.0	1	0 1
38	1	0.0	1	1
42	1	0.0	1	1
43	2	0.0	1	2
50	1	0.0	1	1
63	1	0.0	1	1
Running cutadapt on: 2024_Hyp05_Null_B35_gill_S262
This is cutadapt 5.2 with Python 3.13.15
Command line parameters: -j 6 -g GTGYCAGCMGCCGCGGTAA -G GGACTACNVGGGTWTCTAAT -o /scratch4/workspace/jade_fiorilla_student_uml_edu-rawseqorcc/trimmed-cutadapt-fastp/2024_Hyp05_Null_B35_gill_S262_R1_trim.fastq -p /scratch4/workspace/jade_fiorilla_student_uml_edu-rawseqorcc/trimmed-cutadapt-fastp/2024_Hyp05_Null_B35_gill_S262_R2_trim.fastq /scratch4/workspace/jade_fiorilla_student_uml_edu-rawseqorcc/trimmed-fastp/2024_Hyp05_Null_B35_gill_S262_R1_trim.fastq.gz /scratch4/workspace/jade_fiorilla_student_uml_edu-rawseqorcc/trimmed-fastp/2024_Hyp05_Null_B35_gill_S262_R2_trim.fastq.gz
Processing paired-end reads on 6 cores ...

=== Summary ===

Total read pairs processed:            788,212
  Read 1 with adapter:                 593,868 (75.3%)
  Read 2 with adapter:                 561,100 (71.2%)
Pairs written (passing filters):       788,212 (100.0%)

Total basepairs processed:   328,045,902 bp
  Read 1:   164,051,517 bp
  Read 2:   163,994,385 bp
Total written (filtered):    303,234,847 bp (92.4%)
  Read 1:   151,581,316 bp
  Read 2:   151,653,531 bp

=== First read: Adapter 1 ===

Sequence: GTGYCAGCMGCCGCGGTAA; Type: regular 5'; Length: 19; Trimmed: 593868 times

Minimum overlap: 3
No. of allowed errors:
1-9 bp: 0; 10-19 bp: 1

Overview of removed sequences
length	count	expect	max.err	error counts
3	9	12315.8	0	9
9	2	3.0	0	2
10	1	0.8	1	0 1
12	22	0.0	1	17 5
14	3	0.0	1	0 3
15	3	0.0	1	2 1
16	4	0.0	1	3 1
17	9	0.0	1	2 7
18	22	0.0	1	14 8
19	364	0.0	1	315 49
20	2276	0.0	1	849 1427
21	589171	0.0	1	444819 144352
22	1938	0.0	1	961 977
23	4	0.0	1	3 1
24	3	0.0	1	2 1
25	2	0.0	1	2
26	1	0.0	1	0 1
27	1	0.0	1	1
30	2	0.0	1	1 1
31	4	0.0	1	1 3
33	3	0.0	1	1 2
34	1	0.0	1	1
35	4	0.0	1	2 2
36	1	0.0	1	1
37	6	0.0	1	4 2
39	2	0.0	1	2
40	1	0.0	1	0 1
41	1	0.0	1	0 1
42	2	0.0	1	0 2
44	1	0.0	1	0 1
45	2	0.0	1	2
49	2	0.0	1	2
62	1	0.0	1	0 1


=== Second read: Adapter 2 ===

Sequence: GGACTACNVGGGTWTCTAAT; Type: regular 5'; Length: 20; Trimmed: 561100 times

Minimum overlap: 3
No. of allowed errors:
1-9 bp: 0; 10-19 bp: 1

Overview of removed sequences
length	count	expect	max.err	error counts
3	3	12315.8	0	3
4	2	3079.0	0	2
9	2	3.0	0	2
12	4	0.0	1	4
13	3	0.0	1	3
14	3	0.0	1	1 2
15	13	0.0	1	6 7
16	11	0.0	1	4 7
17	19	0.0	1	9 10
18	19	0.0	1	15 4
19	36	0.0	1	22 14
20	396	0.0	1	353 43
21	4722	0.0	1	689 4033
22	553364	0.0	1	504826 48538
23	2470	0.0	1	1271 1199
24	2	0.0	1	0 2
25	5	0.0	1	5
26	4	0.0	1	2 2
27	3	0.0	1	2 1
29	1	0.0	1	1
30	2	0.0	1	1 1
31	2	0.0	1	0 2
33	2	0.0	1	2
34	1	0.0	1	1
36	2	0.0	1	2
38	2	0.0	1	2
40	1	0.0	1	1
41	1	0.0	1	1
46	3	0.0	1	3
47	2	0.0	1	2
Running cutadapt on: 2024_Hyp05_Null_B35_gut_S88
This is cutadapt 5.2 with Python 3.13.15
Command line parameters: -j 6 -g GTGYCAGCMGCCGCGGTAA -G GGACTACNVGGGTWTCTAAT -o /scratch4/workspace/jade_fiorilla_student_uml_edu-rawseqorcc/trimmed-cutadapt-fastp/2024_Hyp05_Null_B35_gut_S88_R1_trim.fastq -p /scratch4/workspace/jade_fiorilla_student_uml_edu-rawseqorcc/trimmed-cutadapt-fastp/2024_Hyp05_Null_B35_gut_S88_R2_trim.fastq /scratch4/workspace/jade_fiorilla_student_uml_edu-rawseqorcc/trimmed-fastp/2024_Hyp05_Null_B35_gut_S88_R1_trim.fastq.gz /scratch4/workspace/jade_fiorilla_student_uml_edu-rawseqorcc/trimmed-fastp/2024_Hyp05_Null_B35_gut_S88_R2_trim.fastq.gz
Processing paired-end reads on 6 cores ...

=== Summary ===

Total read pairs processed:          1,001,491
  Read 1 with adapter:                 862,198 (86.1%)
  Read 2 with adapter:                 735,798 (73.5%)
Pairs written (passing filters):     1,001,491 (100.0%)

Total basepairs processed:   446,403,402 bp
  Read 1:   223,275,306 bp
  Read 2:   223,128,096 bp
Total written (filtered):    412,126,867 bp (92.3%)
  Read 1:   205,179,863 bp
  Read 2:   206,947,004 bp

=== First read: Adapter 1 ===

Sequence: GTGYCAGCMGCCGCGGTAA; Type: regular 5'; Length: 19; Trimmed: 862198 times

Minimum overlap: 3
No. of allowed errors:
1-9 bp: 0; 10-19 bp: 1

Overview of removed sequences
length	count	expect	max.err	error counts
3	5	15648.3	0	5
6	1	244.5	0	1
9	1	3.8	0	1
12	41	0.1	1	35 6
13	5	0.0	1	4 1
14	3	0.0	1	2 1
15	8	0.0	1	2 6
16	27	0.0	1	18 9
17	24	0.0	1	11 13
18	45	0.0	1	23 22
19	3839	0.0	1	1419 2420
20	5698	0.0	1	2951 2747
21	849359	0.0	1	706609 142750
22	3087	0.0	1	1617 1470
23	14	0.0	1	7 7
24	5	0.0	1	3 2
25	2	0.0	1	2
26	3	0.0	1	3
27	1	0.0	1	0 1
28	2	0.0	1	2
29	7	0.0	1	7
33	3	0.0	1	1 2
35	4	0.0	1	2 2
36	1	0.0	1	1
38	1	0.0	1	1
39	1	0.0	1	1
40	1	0.0	1	1
41	4	0.0	1	4
42	1	0.0	1	0 1
43	2	0.0	1	2
50	3	0.0	1	3


=== Second read: Adapter 2 ===

Sequence: GGACTACNVGGGTWTCTAAT; Type: regular 5'; Length: 20; Trimmed: 735798 times

Minimum overlap: 3
No. of allowed errors:
1-9 bp: 0; 10-19 bp: 1

Overview of removed sequences
length	count	expect	max.err	error counts
3	7	15648.3	0	7
10	3	1.0	1	2 1
11	1	0.2	1	0 1
12	4	0.1	1	1 3
13	18	0.0	1	16 2
14	23	0.0	1	14 9
15	21	0.0	1	11 10
16	13	0.0	1	5 8
17	14	0.0	1	8 6
18	41	0.0	1	30 11
19	47	0.0	1	35 12
20	990	0.0	1	893 97
21	5967	0.0	1	2149 3818
22	726205	0.0	1	711172 15033
23	2418	0.0	1	1234 1184
24	6	0.0	1	3 3
25	2	0.0	1	2
26	3	0.0	1	2 1
28	5	0.0	1	1 4
29	1	0.0	1	1
31	1	0.0	1	1
32	2	0.0	1	2
33	1	0.0	1	0 1
34	1	0.0	1	1
39	1	0.0	1	1
46	1	0.0	1	1
50	1	0.0	1	1
65	1	0.0	1	1
Running cutadapt on: 2024_Hyp06_Cont03_B36_gill_S159
This is cutadapt 5.2 with Python 3.13.15
Command line parameters: -j 6 -g GTGYCAGCMGCCGCGGTAA -G GGACTACNVGGGTWTCTAAT -o /scratch4/workspace/jade_fiorilla_student_uml_edu-rawseqorcc/trimmed-cutadapt-fastp/2024_Hyp06_Cont03_B36_gill_S159_R1_trim.fastq -p /scratch4/workspace/jade_fiorilla_student_uml_edu-rawseqorcc/trimmed-cutadapt-fastp/2024_Hyp06_Cont03_B36_gill_S159_R2_trim.fastq /scratch4/workspace/jade_fiorilla_student_uml_edu-rawseqorcc/trimmed-fastp/2024_Hyp06_Cont03_B36_gill_S159_R1_trim.fastq.gz /scratch4/workspace/jade_fiorilla_student_uml_edu-rawseqorcc/trimmed-fastp/2024_Hyp06_Cont03_B36_gill_S159_R2_trim.fastq.gz
Processing paired-end reads on 6 cores ...

=== Summary ===

Total read pairs processed:          1,289,224
  Read 1 with adapter:               1,177,324 (91.3%)
  Read 2 with adapter:               1,064,980 (82.6%)
Pairs written (passing filters):     1,289,224 (100.0%)

Total basepairs processed:   633,078,726 bp
  Read 1:   316,589,495 bp
  Read 2:   316,489,231 bp
Total written (filtered):    584,981,009 bp (92.4%)
  Read 1:   291,892,904 bp
  Read 2:   293,088,105 bp

=== First read: Adapter 1 ===

Sequence: GTGYCAGCMGCCGCGGTAA; Type: regular 5'; Length: 19; Trimmed: 1177324 times

Minimum overlap: 3
No. of allowed errors:
1-9 bp: 0; 10-19 bp: 1

Overview of removed sequences
length	count	expect	max.err	error counts
3	19	20144.1	0	19
9	3	4.9	0	3
11	1	0.3	1	1
12	56	0.1	1	47 9
13	5	0.0	1	2 3
14	8	0.0	1	2 6
15	13	0.0	1	5 8
16	30	0.0	1	21 9
17	32	0.0	1	17 15
18	63	0.0	1	39 24
19	5616	0.0	1	4311 1305
20	18956	0.0	1	12873 6083
21	1148769	0.0	1	1004608 144161
22	3673	0.0	1	1538 2135
23	15	0.0	1	11 4
24	11	0.0	1	4 7
25	4	0.0	1	4
27	6	0.0	1	4 2
28	1	0.0	1	1
30	3	0.0	1	0 3
31	6	0.0	1	3 3
32	4	0.0	1	2 2
33	2	0.0	1	2
34	3	0.0	1	3
35	2	0.0	1	2
36	3	0.0	1	1 2
37	7	0.0	1	6 1
40	2	0.0	1	2
41	1	0.0	1	1
42	1	0.0	1	1
44	2	0.0	1	1 1
47	1	0.0	1	1
48	1	0.0	1	1
49	2	0.0	1	1 1
52	1	0.0	1	1
54	1	0.0	1	1
57	1	0.0	1	1


=== Second read: Adapter 2 ===

Sequence: GGACTACNVGGGTWTCTAAT; Type: regular 5'; Length: 20; Trimmed: 1064980 times

Minimum overlap: 3
No. of allowed errors:
1-9 bp: 0; 10-19 bp: 1

Overview of removed sequences
length	count	expect	max.err	error counts
3	12	20144.1	0	12
8	1	19.7	0	1
9	1	4.9	0	1
10	2	1.2	1	2
11	5	0.3	1	1 4
12	7	0.1	1	2 5
13	7	0.0	1	6 1
14	22	0.0	1	15 7
15	26	0.0	1	6 20
16	16	0.0	1	5 11
17	27	0.0	1	24 3
18	52	0.0	1	35 17
19	78	0.0	1	53 25
20	3292	0.0	1	2908 384
21	24117	0.0	1	16987 7130
22	1034015	0.0	1	970701 63314
23	3246	0.0	1	1355 1891
24	7	0.0	1	2 5
25	7	0.0	1	4 3
26	1	0.0	1	1
27	4	0.0	1	4
28	3	0.0	1	2 1
29	2	0.0	1	1 1
30	4	0.0	1	4
31	3	0.0	1	0 3
32	4	0.0	1	3 1
34	1	0.0	1	1
35	3	0.0	1	1 2
36	2	0.0	1	2
37	4	0.0	1	1 3
38	1	0.0	1	1
39	1	0.0	1	1
40	1	0.0	1	1
41	2	0.0	1	2
45	2	0.0	1	2
49	1	0.0	1	1
50	1	0.0	1	1
Running cutadapt on: 2024_Hyp06_Cont03_B36_gut_S51
This is cutadapt 5.2 with Python 3.13.15
Command line parameters: -j 6 -g GTGYCAGCMGCCGCGGTAA -G GGACTACNVGGGTWTCTAAT -o /scratch4/workspace/jade_fiorilla_student_uml_edu-rawseqorcc/trimmed-cutadapt-fastp/2024_Hyp06_Cont03_B36_gut_S51_R1_trim.fastq -p /scratch4/workspace/jade_fiorilla_student_uml_edu-rawseqorcc/trimmed-cutadapt-fastp/2024_Hyp06_Cont03_B36_gut_S51_R2_trim.fastq /scratch4/workspace/jade_fiorilla_student_uml_edu-rawseqorcc/trimmed-fastp/2024_Hyp06_Cont03_B36_gut_S51_R1_trim.fastq.gz /scratch4/workspace/jade_fiorilla_student_uml_edu-rawseqorcc/trimmed-fastp/2024_Hyp06_Cont03_B36_gut_S51_R2_trim.fastq.gz
Processing paired-end reads on 6 cores ...

=== Summary ===

Total read pairs processed:            360,971
  Read 1 with adapter:                 239,840 (66.4%)
  Read 2 with adapter:                  85,451 (23.7%)
Pairs written (passing filters):       360,971 (100.0%)

Total basepairs processed:    60,913,676 bp
  Read 1:    30,483,721 bp
  Read 2:    30,429,955 bp
Total written (filtered):     54,626,158 bp (89.7%)
  Read 1:    25,912,487 bp
  Read 2:    28,713,671 bp

=== First read: Adapter 1 ===

Sequence: GTGYCAGCMGCCGCGGTAA; Type: regular 5'; Length: 19; Trimmed: 239840 times

Minimum overlap: 3
No. of allowed errors:
1-9 bp: 0; 10-19 bp: 1

Overview of removed sequences
length	count	expect	max.err	error counts
3	2	5640.2	0	2
9	2	1.4	0	2
12	14	0.0	1	7 7
14	1	0.0	1	0 1
15	2	0.0	1	0 2
16	11	0.0	1	0 11
17	24	0.0	1	8 16
18	377	0.0	1	44 333
19	231287	0.0	1	73268 158019
20	3130	0.0	1	2117 1013
21	3528	0.0	1	1987 1541
22	1438	0.0	1	1180 258
23	6	0.0	1	0 6
24	1	0.0	1	0 1
30	1	0.0	1	0 1
33	4	0.0	1	1 3
34	2	0.0	1	2
35	1	0.0	1	0 1
42	2	0.0	1	2
47	5	0.0	1	0 5
48	1	0.0	1	0 1
57	1	0.0	1	0 1


=== Second read: Adapter 2 ===

Sequence: GGACTACNVGGGTWTCTAAT; Type: regular 5'; Length: 20; Trimmed: 85451 times

Minimum overlap: 3
No. of allowed errors:
1-9 bp: 0; 10-19 bp: 1

Overview of removed sequences
length	count	expect	max.err	error counts
3	7	5640.2	0	7
14	4	0.0	1	0 4
15	1	0.0	1	0 1
18	6	0.0	1	0 6
19	411	0.0	1	56 355
20	81083	0.0	1	79353 1730
21	1529	0.0	1	1298 231
22	1030	0.0	1	962 68
23	1371	0.0	1	1320 51
24	3	0.0	1	1 2
26	1	0.0	1	1
39	1	0.0	1	1
44	4	0.0	1	4
Running cutadapt on: 2024_Hyp06_Hyp03_B35_gill_S259
This is cutadapt 5.2 with Python 3.13.15
Command line parameters: -j 6 -g GTGYCAGCMGCCGCGGTAA -G GGACTACNVGGGTWTCTAAT -o /scratch4/workspace/jade_fiorilla_student_uml_edu-rawseqorcc/trimmed-cutadapt-fastp/2024_Hyp06_Hyp03_B35_gill_S259_R1_trim.fastq -p /scratch4/workspace/jade_fiorilla_student_uml_edu-rawseqorcc/trimmed-cutadapt-fastp/2024_Hyp06_Hyp03_B35_gill_S259_R2_trim.fastq /scratch4/workspace/jade_fiorilla_student_uml_edu-rawseqorcc/trimmed-fastp/2024_Hyp06_Hyp03_B35_gill_S259_R1_trim.fastq.gz /scratch4/workspace/jade_fiorilla_student_uml_edu-rawseqorcc/trimmed-fastp/2024_Hyp06_Hyp03_B35_gill_S259_R2_trim.fastq.gz
Processing paired-end reads on 6 cores ...

=== Summary ===

Total read pairs processed:            469,768
  Read 1 with adapter:                 453,053 (96.4%)
  Read 2 with adapter:                 458,474 (97.6%)
Pairs written (passing filters):       469,768 (100.0%)

Total basepairs processed:   271,846,332 bp
  Read 1:   135,921,580 bp
  Read 2:   135,924,752 bp
Total written (filtered):    252,249,950 bp (92.8%)
  Read 1:   126,409,035 bp
  Read 2:   125,840,915 bp

=== First read: Adapter 1 ===

Sequence: GTGYCAGCMGCCGCGGTAA; Type: regular 5'; Length: 19; Trimmed: 453053 times

Minimum overlap: 3
No. of allowed errors:
1-9 bp: 0; 10-19 bp: 1

Overview of removed sequences
length	count	expect	max.err	error counts
3	4	7340.1	0	4
9	2	1.8	0	2
10	2	0.4	1	1 1
12	29	0.0	1	19 10
13	3	0.0	1	2 1
14	3	0.0	1	2 1
15	7	0.0	1	1 6
16	16	0.0	1	14 2
17	13	0.0	1	4 9
18	28	0.0	1	20 8
19	586	0.0	1	549 37
20	1632	0.0	1	402 1230
21	448929	0.0	1	420111 28818
22	1780	0.0	1	1006 774
23	5	0.0	1	2 3
24	2	0.0	1	2
25	2	0.0	1	2
26	2	0.0	1	2
27	1	0.0	1	1
29	2	0.0	1	2
33	1	0.0	1	1
36	2	0.0	1	2
40	1	0.0	1	1
42	1	0.0	1	1


=== Second read: Adapter 2 ===

Sequence: GGACTACNVGGGTWTCTAAT; Type: regular 5'; Length: 20; Trimmed: 458474 times

Minimum overlap: 3
No. of allowed errors:
1-9 bp: 0; 10-19 bp: 1

Overview of removed sequences
length	count	expect	max.err	error counts
3	1	7340.1	0	1
10	4	0.4	1	4
11	3	0.1	1	0 3
12	6	0.0	1	1 5
13	6	0.0	1	5 1
14	10	0.0	1	4 6
15	20	0.0	1	5 15
16	11	0.0	1	8 3
17	9	0.0	1	7 2
18	8	0.0	1	5 3
19	38	0.0	1	23 15
20	454	0.0	1	415 39
21	3118	0.0	1	449 2669
22	452824	0.0	1	420495 32329
23	1934	0.0	1	1139 795
24	9	0.0	1	4 5
25	2	0.0	1	1 1
26	2	0.0	1	1 1
27	1	0.0	1	1
29	4	0.0	1	1 3
31	2	0.0	1	2
33	1	0.0	1	0 1
35	5	0.0	1	5
36	1	0.0	1	1
41	1	0.0	1	1
Running cutadapt on: 2024_Hyp06_Hyp03_B35_gut_S65
This is cutadapt 5.2 with Python 3.13.15
Command line parameters: -j 6 -g GTGYCAGCMGCCGCGGTAA -G GGACTACNVGGGTWTCTAAT -o /scratch4/workspace/jade_fiorilla_student_uml_edu-rawseqorcc/trimmed-cutadapt-fastp/2024_Hyp06_Hyp03_B35_gut_S65_R1_trim.fastq -p /scratch4/workspace/jade_fiorilla_student_uml_edu-rawseqorcc/trimmed-cutadapt-fastp/2024_Hyp06_Hyp03_B35_gut_S65_R2_trim.fastq /scratch4/workspace/jade_fiorilla_student_uml_edu-rawseqorcc/trimmed-fastp/2024_Hyp06_Hyp03_B35_gut_S65_R1_trim.fastq.gz /scratch4/workspace/jade_fiorilla_student_uml_edu-rawseqorcc/trimmed-fastp/2024_Hyp06_Hyp03_B35_gut_S65_R2_trim.fastq.gz
Processing paired-end reads on 6 cores ...

=== Summary ===

Total read pairs processed:          1,502,193
  Read 1 with adapter:                 978,333 (65.1%)
  Read 2 with adapter:                 208,161 (13.9%)
Pairs written (passing filters):     1,502,193 (100.0%)

Total basepairs processed:   176,807,482 bp
  Read 1:    88,599,302 bp
  Read 2:    88,208,180 bp
Total written (filtered):    154,028,471 bp (87.1%)
  Read 1:    69,994,116 bp
  Read 2:    84,034,355 bp

=== First read: Adapter 1 ===

Sequence: GTGYCAGCMGCCGCGGTAA; Type: regular 5'; Length: 19; Trimmed: 978333 times

Minimum overlap: 3
No. of allowed errors:
1-9 bp: 0; 10-19 bp: 1

Overview of removed sequences
length	count	expect	max.err	error counts
3	2	23471.8	0	2
12	61	0.1	1	6 55
13	4	0.0	1	0 4
14	3	0.0	1	0 3
15	14	0.0	1	2 12
16	38	0.0	1	3 35
17	63	0.0	1	12 51
18	1156	0.0	1	125 1031
19	964432	0.0	1	193073 771359
20	7959	0.0	1	5869 2090
21	3809	0.0	1	2245 1564
22	721	0.0	1	527 194
23	4	0.0	1	3 1
24	3	0.0	1	0 3
25	2	0.0	1	1 1
26	5	0.0	1	1 4
27	3	0.0	1	0 3
28	3	0.0	1	0 3
29	1	0.0	1	0 1
30	7	0.0	1	0 7
32	8	0.0	1	0 8
33	1	0.0	1	0 1
34	1	0.0	1	0 1
35	1	0.0	1	0 1
36	7	0.0	1	2 5
37	4	0.0	1	0 4
38	2	0.0	1	0 2
39	2	0.0	1	0 2
41	3	0.0	1	0 3
42	5	0.0	1	0 5
43	4	0.0	1	0 4
44	1	0.0	1	0 1
47	2	0.0	1	0 2
57	1	0.0	1	0 1
58	1	0.0	1	0 1


=== Second read: Adapter 2 ===

Sequence: GGACTACNVGGGTWTCTAAT; Type: regular 5'; Length: 20; Trimmed: 208161 times

Minimum overlap: 3
No. of allowed errors:
1-9 bp: 0; 10-19 bp: 1

Overview of removed sequences
length	count	expect	max.err	error counts
3	2	23471.8	0	2
10	2	1.4	1	2
11	1	0.4	1	0 1
14	2	0.0	1	0 2
15	1	0.0	1	0 1
16	4	0.0	1	1 3
17	4	0.0	1	1 3
18	15	0.0	1	10 5
19	829	0.0	1	141 688
20	197740	0.0	1	167341 30399
21	7831	0.0	1	6989 842
22	1457	0.0	1	1364 93
23	270	0.0	1	231 39
24	1	0.0	1	1
25	1	0.0	1	1
28	1	0.0	1	0 1
Running cutadapt on: 2024_Hyp06_Null_B45_gill_S89
This is cutadapt 5.2 with Python 3.13.15
Command line parameters: -j 6 -g GTGYCAGCMGCCGCGGTAA -G GGACTACNVGGGTWTCTAAT -o /scratch4/workspace/jade_fiorilla_student_uml_edu-rawseqorcc/trimmed-cutadapt-fastp/2024_Hyp06_Null_B45_gill_S89_R1_trim.fastq -p /scratch4/workspace/jade_fiorilla_student_uml_edu-rawseqorcc/trimmed-cutadapt-fastp/2024_Hyp06_Null_B45_gill_S89_R2_trim.fastq /scratch4/workspace/jade_fiorilla_student_uml_edu-rawseqorcc/trimmed-fastp/2024_Hyp06_Null_B45_gill_S89_R1_trim.fastq.gz /scratch4/workspace/jade_fiorilla_student_uml_edu-rawseqorcc/trimmed-fastp/2024_Hyp06_Null_B45_gill_S89_R2_trim.fastq.gz
Processing paired-end reads on 6 cores ...

=== Summary ===

Total read pairs processed:          1,109,872
  Read 1 with adapter:                 824,868 (74.3%)
  Read 2 with adapter:                 514,722 (46.4%)
Pairs written (passing filters):     1,109,872 (100.0%)

Total basepairs processed:   331,278,408 bp
  Read 1:   165,825,889 bp
  Read 2:   165,452,519 bp
Total written (filtered):    302,647,902 bp (91.4%)
  Read 1:   148,514,269 bp
  Read 2:   154,133,633 bp

=== First read: Adapter 1 ===

Sequence: GTGYCAGCMGCCGCGGTAA; Type: regular 5'; Length: 19; Trimmed: 824868 times

Minimum overlap: 3
No. of allowed errors:
1-9 bp: 0; 10-19 bp: 1

Overview of removed sequences
length	count	expect	max.err	error counts
3	16	17341.8	0	16
12	52	0.1	1	33 19
13	5	0.0	1	3 2
14	6	0.0	1	2 4
15	4	0.0	1	3 1
16	20	0.0	1	12 8
17	15	0.0	1	4 11
18	48	0.0	1	29 19
19	4334	0.0	1	1690 2644
20	3622	0.0	1	1560 2062
21	814720	0.0	1	488425 326295
22	1958	0.0	1	850 1108
23	8	0.0	1	4 4
24	3	0.0	1	0 3
25	6	0.0	1	1 5
26	6	0.0	1	2 4
27	2	0.0	1	0 2
28	3	0.0	1	1 2
32	2	0.0	1	0 2
33	3	0.0	1	0 3
34	6	0.0	1	6
35	6	0.0	1	3 3
36	2	0.0	1	1 1
37	1	0.0	1	1
38	2	0.0	1	2
40	2	0.0	1	2
41	4	0.0	1	0 4
42	2	0.0	1	2
44	1	0.0	1	0 1
45	2	0.0	1	1 1
46	1	0.0	1	0 1
55	2	0.0	1	2
58	2	0.0	1	0 2
61	2	0.0	1	0 2


=== Second read: Adapter 2 ===

Sequence: GGACTACNVGGGTWTCTAAT; Type: regular 5'; Length: 20; Trimmed: 514722 times

Minimum overlap: 3
No. of allowed errors:
1-9 bp: 0; 10-19 bp: 1

Overview of removed sequences
length	count	expect	max.err	error counts
3	5	17341.8	0	5
9	1	4.2	0	1
10	4	1.1	1	4
11	1	0.3	1	0 1
12	2	0.1	1	2
13	1	0.0	1	1
14	10	0.0	1	3 7
15	5	0.0	1	0 5
16	8	0.0	1	3 5
17	6	0.0	1	3 3
18	26	0.0	1	20 6
19	31	0.0	1	18 13
20	1134	0.0	1	1009 125
21	3726	0.0	1	1238 2488
22	508241	0.0	1	492235 16006
23	1509	0.0	1	681 828
24	4	0.0	1	2 2
25	4	0.0	1	3 1
30	2	0.0	1	2
36	1	0.0	1	1
45	1	0.0	1	1
Running cutadapt on: 2024_Hyp06_Null_B45_gut_S183
This is cutadapt 5.2 with Python 3.13.15
Command line parameters: -j 6 -g GTGYCAGCMGCCGCGGTAA -G GGACTACNVGGGTWTCTAAT -o /scratch4/workspace/jade_fiorilla_student_uml_edu-rawseqorcc/trimmed-cutadapt-fastp/2024_Hyp06_Null_B45_gut_S183_R1_trim.fastq -p /scratch4/workspace/jade_fiorilla_student_uml_edu-rawseqorcc/trimmed-cutadapt-fastp/2024_Hyp06_Null_B45_gut_S183_R2_trim.fastq /scratch4/workspace/jade_fiorilla_student_uml_edu-rawseqorcc/trimmed-fastp/2024_Hyp06_Null_B45_gut_S183_R1_trim.fastq.gz /scratch4/workspace/jade_fiorilla_student_uml_edu-rawseqorcc/trimmed-fastp/2024_Hyp06_Null_B45_gut_S183_R2_trim.fastq.gz
Processing paired-end reads on 6 cores ...

=== Summary ===

Total read pairs processed:          1,797,694
  Read 1 with adapter:               1,369,993 (76.2%)
  Read 2 with adapter:                 727,949 (40.5%)
Pairs written (passing filters):     1,797,694 (100.0%)

Total basepairs processed:   472,850,363 bp
  Read 1:   236,527,833 bp
  Read 2:   236,322,530 bp
Total written (filtered):    432,205,380 bp (91.4%)
  Read 1:   210,467,653 bp
  Read 2:   221,737,727 bp

=== First read: Adapter 1 ===

Sequence: GTGYCAGCMGCCGCGGTAA; Type: regular 5'; Length: 19; Trimmed: 1369993 times

Minimum overlap: 3
No. of allowed errors:
1-9 bp: 0; 10-19 bp: 1

Overview of removed sequences
length	count	expect	max.err	error counts
3	51	28089.0	0	51
9	1	6.9	0	1
11	5	0.4	1	5
12	90	0.1	1	56 34
13	17	0.0	1	9 8
14	8	0.0	1	5 3
15	9	0.0	1	2 7
16	44	0.0	1	17 27
17	115	0.0	1	67 48
18	2598	0.0	1	421 2177
19	1349984	0.0	1	702597 647387
20	6175	0.0	1	3431 2744
21	5270	0.0	1	3885 1385
22	5516	0.0	1	4229 1287
23	13	0.0	1	8 5
24	3	0.0	1	3
25	3	0.0	1	1 2
26	1	0.0	1	1
27	1	0.0	1	0 1
28	1	0.0	1	0 1
29	2	0.0	1	0 2
30	6	0.0	1	2 4
31	20	0.0	1	2 18
32	7	0.0	1	2 5
33	2	0.0	1	0 2
34	6	0.0	1	0 6
35	2	0.0	1	0 2
36	12	0.0	1	6 6
37	3	0.0	1	2 1
39	4	0.0	1	1 3
40	1	0.0	1	0 1
42	9	0.0	1	0 9
45	1	0.0	1	1
46	2	0.0	1	0 2
48	1	0.0	1	0 1
49	4	0.0	1	0 4
51	1	0.0	1	0 1
53	2	0.0	1	0 2
54	2	0.0	1	0 2
62	1	0.0	1	0 1


=== Second read: Adapter 2 ===

Sequence: GGACTACNVGGGTWTCTAAT; Type: regular 5'; Length: 20; Trimmed: 727949 times

Minimum overlap: 3
No. of allowed errors:
1-9 bp: 0; 10-19 bp: 1

Overview of removed sequences
length	count	expect	max.err	error counts
3	80	28089.0	0	80
4	1	7022.2	0	1
9	1	6.9	0	1
11	4	0.4	1	3 1
13	4	0.0	1	3 1
14	11	0.0	1	3 8
15	4	0.0	1	3 1
16	13	0.0	1	2 11
17	18	0.0	1	14 4
18	36	0.0	1	24 12
19	3212	0.0	1	468 2744
20	710979	0.0	1	697041 13938
21	3876	0.0	1	2240 1636
22	2389	0.0	1	2184 205
23	7270	0.0	1	6715 555
24	42	0.0	1	11 31
25	2	0.0	1	1 1
27	2	0.0	1	1 1
29	1	0.0	1	1
34	1	0.0	1	1
35	1	0.0	1	1
47	1	0.0	1	1
49	1	0.0	1	1
Running cutadapt on: 2024_phase1_both01_hyp_filter_S107
This is cutadapt 5.2 with Python 3.13.15
Command line parameters: -j 6 -g GTGYCAGCMGCCGCGGTAA -G GGACTACNVGGGTWTCTAAT -o /scratch4/workspace/jade_fiorilla_student_uml_edu-rawseqorcc/trimmed-cutadapt-fastp/2024_phase1_both01_hyp_filter_S107_R1_trim.fastq -p /scratch4/workspace/jade_fiorilla_student_uml_edu-rawseqorcc/trimmed-cutadapt-fastp/2024_phase1_both01_hyp_filter_S107_R2_trim.fastq /scratch4/workspace/jade_fiorilla_student_uml_edu-rawseqorcc/trimmed-fastp/2024_phase1_both01_hyp_filter_S107_R1_trim.fastq.gz /scratch4/workspace/jade_fiorilla_student_uml_edu-rawseqorcc/trimmed-fastp/2024_phase1_both01_hyp_filter_S107_R2_trim.fastq.gz
Processing paired-end reads on 6 cores ...

=== Summary ===

Total read pairs processed:            527,932
  Read 1 with adapter:                 521,968 (98.9%)
  Read 2 with adapter:                 515,162 (97.6%)
Pairs written (passing filters):       527,932 (100.0%)

Total basepairs processed:   302,775,742 bp
  Read 1:   151,387,502 bp
  Read 2:   151,388,240 bp
Total written (filtered):    282,530,060 bp (93.3%)
  Read 1:   141,453,197 bp
  Read 2:   141,076,863 bp

=== First read: Adapter 1 ===

Sequence: GTGYCAGCMGCCGCGGTAA; Type: regular 5'; Length: 19; Trimmed: 521968 times

Minimum overlap: 3
No. of allowed errors:
1-9 bp: 0; 10-19 bp: 1

Overview of removed sequences
length	count	expect	max.err	error counts
3	4	8248.9	0	4
9	6	2.0	0	6
10	2	0.5	1	1 1
12	32	0.0	1	30 2
13	1	0.0	1	1
14	9	0.0	1	1 8
15	2	0.0	1	1 1
16	20	0.0	1	15 5
17	37	0.0	1	25 12
18	1239	0.0	1	267 972
19	508481	0.0	1	469400 39081
20	6787	0.0	1	4921 1866
21	4312	0.0	1	4009 303
22	1012	0.0	1	894 118
23	5	0.0	1	3 2
25	2	0.0	1	2
27	2	0.0	1	1 1
28	2	0.0	1	0 2
29	3	0.0	1	3
31	2	0.0	1	2
35	3	0.0	1	3
36	3	0.0	1	3
41	1	0.0	1	1
42	1	0.0	1	1


=== Second read: Adapter 2 ===

Sequence: GGACTACNVGGGTWTCTAAT; Type: regular 5'; Length: 20; Trimmed: 515162 times

Minimum overlap: 3
No. of allowed errors:
1-9 bp: 0; 10-19 bp: 1

Overview of removed sequences
length	count	expect	max.err	error counts
3	5	8248.9	0	5
12	2	0.0	1	2
13	3	0.0	1	2 1
14	4	0.0	1	0 4
15	8	0.0	1	4 4
16	12	0.0	1	7 5
17	13	0.0	1	5 8
18	35	0.0	1	18 17
19	2513	0.0	1	351 2162
20	505358	0.0	1	497949 7409
21	4043	0.0	1	2967 1076
22	2661	0.0	1	2565 96
23	482	0.0	1	450 32
24	4	0.0	1	3 1
25	2	0.0	1	1 1
26	6	0.0	1	6
27	4	0.0	1	4
28	1	0.0	1	1
30	1	0.0	1	1
31	2	0.0	1	2
35	1	0.0	1	0 1
36	1	0.0	1	1
41	1	0.0	1	1
Running cutadapt on: 2024_phase1_both03_hyp_filter_S108
This is cutadapt 5.2 with Python 3.13.15
Command line parameters: -j 6 -g GTGYCAGCMGCCGCGGTAA -G GGACTACNVGGGTWTCTAAT -o /scratch4/workspace/jade_fiorilla_student_uml_edu-rawseqorcc/trimmed-cutadapt-fastp/2024_phase1_both03_hyp_filter_S108_R1_trim.fastq -p /scratch4/workspace/jade_fiorilla_student_uml_edu-rawseqorcc/trimmed-cutadapt-fastp/2024_phase1_both03_hyp_filter_S108_R2_trim.fastq /scratch4/workspace/jade_fiorilla_student_uml_edu-rawseqorcc/trimmed-fastp/2024_phase1_both03_hyp_filter_S108_R1_trim.fastq.gz /scratch4/workspace/jade_fiorilla_student_uml_edu-rawseqorcc/trimmed-fastp/2024_phase1_both03_hyp_filter_S108_R2_trim.fastq.gz
Processing paired-end reads on 6 cores ...

=== Summary ===

Total read pairs processed:            596,771
  Read 1 with adapter:                 590,629 (99.0%)
  Read 2 with adapter:                 583,217 (97.7%)
Pairs written (passing filters):       596,771 (100.0%)

Total basepairs processed:   342,890,817 bp
  Read 1:   171,445,512 bp
  Read 2:   171,445,305 bp
Total written (filtered):    319,980,279 bp (93.3%)
  Read 1:   160,206,435 bp
  Read 2:   159,773,844 bp

=== First read: Adapter 1 ===

Sequence: GTGYCAGCMGCCGCGGTAA; Type: regular 5'; Length: 19; Trimmed: 590629 times

Minimum overlap: 3
No. of allowed errors:
1-9 bp: 0; 10-19 bp: 1

Overview of removed sequences
length	count	expect	max.err	error counts
3	24	9324.5	0	24
9	3	2.3	0	3
11	3	0.1	1	2 1
12	52	0.0	1	48 4
13	11	0.0	1	10 1
14	11	0.0	1	1 10
15	7	0.0	1	5 2
16	20	0.0	1	13 7
17	44	0.0	1	35 9
18	1449	0.0	1	331 1118
19	576185	0.0	1	530172 46013
20	7359	0.0	1	5254 2105
21	4282	0.0	1	3942 340
22	1146	0.0	1	818 328
23	10	0.0	1	8 2
26	5	0.0	1	3 2
27	2	0.0	1	1 1
28	5	0.0	1	5
29	1	0.0	1	1
30	2	0.0	1	2
33	1	0.0	1	0 1
35	1	0.0	1	1
37	3	0.0	1	3
38	1	0.0	1	1
40	2	0.0	1	2


=== Second read: Adapter 2 ===

Sequence: GGACTACNVGGGTWTCTAAT; Type: regular 5'; Length: 20; Trimmed: 583217 times

Minimum overlap: 3
No. of allowed errors:
1-9 bp: 0; 10-19 bp: 1

Overview of removed sequences
length	count	expect	max.err	error counts
3	14	9324.5	0	14
10	3	0.6	1	3
11	3	0.1	1	1 2
12	8	0.0	1	7 1
13	3	0.0	1	3
14	13	0.0	1	11 2
15	5	0.0	1	4 1
16	11	0.0	1	3 8
17	11	0.0	1	8 3
18	38	0.0	1	22 16
19	2893	0.0	1	382 2511
20	572912	0.0	1	564345 8567
21	4519	0.0	1	3331 1188
22	2354	0.0	1	2239 115
23	412	0.0	1	331 81
24	5	0.0	1	4 1
25	1	0.0	1	1
27	2	0.0	1	2
30	2	0.0	1	2
31	2	0.0	1	2
35	1	0.0	1	1
36	3	0.0	1	3
37	1	0.0	1	1
46	1	0.0	1	0 1
Running cutadapt on: 2024_phase1_both06_hyp_filter_S109
This is cutadapt 5.2 with Python 3.13.15
Command line parameters: -j 6 -g GTGYCAGCMGCCGCGGTAA -G GGACTACNVGGGTWTCTAAT -o /scratch4/workspace/jade_fiorilla_student_uml_edu-rawseqorcc/trimmed-cutadapt-fastp/2024_phase1_both06_hyp_filter_S109_R1_trim.fastq -p /scratch4/workspace/jade_fiorilla_student_uml_edu-rawseqorcc/trimmed-cutadapt-fastp/2024_phase1_both06_hyp_filter_S109_R2_trim.fastq /scratch4/workspace/jade_fiorilla_student_uml_edu-rawseqorcc/trimmed-fastp/2024_phase1_both06_hyp_filter_S109_R1_trim.fastq.gz /scratch4/workspace/jade_fiorilla_student_uml_edu-rawseqorcc/trimmed-fastp/2024_phase1_both06_hyp_filter_S109_R2_trim.fastq.gz
Processing paired-end reads on 6 cores ...

=== Summary ===

Total read pairs processed:            721,521
  Read 1 with adapter:                 714,642 (99.0%)
  Read 2 with adapter:                 706,953 (98.0%)
Pairs written (passing filters):       721,521 (100.0%)

Total basepairs processed:   414,800,430 bp
  Read 1:   207,400,065 bp
  Read 2:   207,400,365 bp
Total written (filtered):    387,061,852 bp (93.3%)
  Read 1:   193,807,819 bp
  Read 2:   193,254,033 bp

=== First read: Adapter 1 ===

Sequence: GTGYCAGCMGCCGCGGTAA; Type: regular 5'; Length: 19; Trimmed: 714642 times

Minimum overlap: 3
No. of allowed errors:
1-9 bp: 0; 10-19 bp: 1

Overview of removed sequences
length	count	expect	max.err	error counts
3	12	11273.8	0	12
9	1	2.8	0	1
10	2	0.7	1	0 2
12	37	0.0	1	37
13	2	0.0	1	2
14	10	0.0	1	0 10
15	6	0.0	1	2 4
16	23	0.0	1	12 11
17	51	0.0	1	31 20
18	1889	0.0	1	353 1536
19	702295	0.0	1	652170 50125
20	5014	0.0	1	3357 1657
21	4412	0.0	1	4090 322
22	864	0.0	1	636 228
23	6	0.0	1	2 4
24	4	0.0	1	0 4
26	4	0.0	1	3 1
30	2	0.0	1	2
33	4	0.0	1	4
39	1	0.0	1	1
42	1	0.0	1	1
44	2	0.0	1	2


=== Second read: Adapter 2 ===

Sequence: GGACTACNVGGGTWTCTAAT; Type: regular 5'; Length: 20; Trimmed: 706953 times

Minimum overlap: 3
No. of allowed errors:
1-9 bp: 0; 10-19 bp: 1

Overview of removed sequences
length	count	expect	max.err	error counts
3	2	11273.8	0	2
9	1	2.8	0	1
10	1	0.7	1	1
11	7	0.2	1	6 1
12	4	0.0	1	4
13	9	0.0	1	7 2
14	7	0.0	1	2 5
15	5	0.0	1	4 1
16	8	0.0	1	4 4
17	14	0.0	1	10 4
18	39	0.0	1	27 12
19	3380	0.0	1	461 2919
20	696350	0.0	1	687689 8661
21	3917	0.0	1	2522 1395
22	2625	0.0	1	2517 108
23	563	0.0	1	469 94
24	3	0.0	1	0 3
25	2	0.0	1	0 2
26	1	0.0	1	1
27	1	0.0	1	1
28	1	0.0	1	1
29	3	0.0	1	3
30	1	0.0	1	1
31	1	0.0	1	1
33	1	0.0	1	1
34	1	0.0	1	1
37	1	0.0	1	0 1
38	2	0.0	1	2
39	3	0.0	1	3
Running cutadapt on: 2024_phase1_Cont01_hyp_filter_S98
This is cutadapt 5.2 with Python 3.13.15
Command line parameters: -j 6 -g GTGYCAGCMGCCGCGGTAA -G GGACTACNVGGGTWTCTAAT -o /scratch4/workspace/jade_fiorilla_student_uml_edu-rawseqorcc/trimmed-cutadapt-fastp/2024_phase1_Cont01_hyp_filter_S98_R1_trim.fastq -p /scratch4/workspace/jade_fiorilla_student_uml_edu-rawseqorcc/trimmed-cutadapt-fastp/2024_phase1_Cont01_hyp_filter_S98_R2_trim.fastq /scratch4/workspace/jade_fiorilla_student_uml_edu-rawseqorcc/trimmed-fastp/2024_phase1_Cont01_hyp_filter_S98_R1_trim.fastq.gz /scratch4/workspace/jade_fiorilla_student_uml_edu-rawseqorcc/trimmed-fastp/2024_phase1_Cont01_hyp_filter_S98_R2_trim.fastq.gz
Processing paired-end reads on 6 cores ...

=== Summary ===

Total read pairs processed:            764,480
  Read 1 with adapter:                 750,807 (98.2%)
  Read 2 with adapter:                 737,309 (96.4%)
Pairs written (passing filters):       764,480 (100.0%)

Total basepairs processed:   432,577,447 bp
  Read 1:   216,290,574 bp
  Read 2:   216,286,873 bp
Total written (filtered):    403,515,561 bp (93.3%)
  Read 1:   201,996,655 bp
  Read 2:   201,518,906 bp

=== First read: Adapter 1 ===

Sequence: GTGYCAGCMGCCGCGGTAA; Type: regular 5'; Length: 19; Trimmed: 750807 times

Minimum overlap: 3
No. of allowed errors:
1-9 bp: 0; 10-19 bp: 1

Overview of removed sequences
length	count	expect	max.err	error counts
3	15	11945.0	0	15
9	2	2.9	0	2
11	2	0.2	1	2
12	32	0.0	1	31 1
13	11	0.0	1	8 3
14	6	0.0	1	3 3
15	7	0.0	1	2 5
16	16	0.0	1	12 4
17	76	0.0	1	52 24
18	1735	0.0	1	329 1406
19	728652	0.0	1	649758 78894
20	10629	0.0	1	8031 2598
21	8671	0.0	1	7900 771
22	917	0.0	1	519 398
23	7	0.0	1	5 2
24	2	0.0	1	2
25	2	0.0	1	2
26	1	0.0	1	1
27	1	0.0	1	1
28	5	0.0	1	5
29	4	0.0	1	2 2
32	2	0.0	1	1 1
33	3	0.0	1	3
34	2	0.0	1	1 1
37	3	0.0	1	3
41	1	0.0	1	0 1
48	1	0.0	1	1
51	1	0.0	1	0 1
57	1	0.0	1	1


=== Second read: Adapter 2 ===

Sequence: GGACTACNVGGGTWTCTAAT; Type: regular 5'; Length: 20; Trimmed: 737309 times

Minimum overlap: 3
No. of allowed errors:
1-9 bp: 0; 10-19 bp: 1

Overview of removed sequences
length	count	expect	max.err	error counts
3	12	11945.0	0	12
9	1	2.9	0	1
10	6	0.7	1	6
11	2	0.2	1	2
12	6	0.0	1	4 2
13	5	0.0	1	2 3
14	14	0.0	1	5 9
15	8	0.0	1	3 5
16	7	0.0	1	3 4
17	20	0.0	1	14 6
18	53	0.0	1	33 20
19	3502	0.0	1	484 3018
20	716744	0.0	1	709084 7660
21	8388	0.0	1	6715 1673
22	8134	0.0	1	7904 230
23	388	0.0	1	344 44
24	8	0.0	1	5 3
25	1	0.0	1	1
26	3	0.0	1	3
29	2	0.0	1	2
31	2	0.0	1	2
38	1	0.0	1	1
45	2	0.0	1	2
Running cutadapt on: 2024_phase1_cont03_hyp_filter_S99
This is cutadapt 5.2 with Python 3.13.15
Command line parameters: -j 6 -g GTGYCAGCMGCCGCGGTAA -G GGACTACNVGGGTWTCTAAT -o /scratch4/workspace/jade_fiorilla_student_uml_edu-rawseqorcc/trimmed-cutadapt-fastp/2024_phase1_cont03_hyp_filter_S99_R1_trim.fastq -p /scratch4/workspace/jade_fiorilla_student_uml_edu-rawseqorcc/trimmed-cutadapt-fastp/2024_phase1_cont03_hyp_filter_S99_R2_trim.fastq /scratch4/workspace/jade_fiorilla_student_uml_edu-rawseqorcc/trimmed-fastp/2024_phase1_cont03_hyp_filter_S99_R1_trim.fastq.gz /scratch4/workspace/jade_fiorilla_student_uml_edu-rawseqorcc/trimmed-fastp/2024_phase1_cont03_hyp_filter_S99_R2_trim.fastq.gz
Processing paired-end reads on 6 cores ...

=== Summary ===

Total read pairs processed:            650,984
  Read 1 with adapter:                 640,703 (98.4%)
  Read 2 with adapter:                 628,997 (96.6%)
Pairs written (passing filters):       650,984 (100.0%)

Total basepairs processed:   369,993,719 bp
  Read 1:   184,997,413 bp
  Read 2:   184,996,306 bp
Total written (filtered):    345,187,670 bp (93.3%)
  Read 1:   172,794,766 bp
  Read 2:   172,392,904 bp

=== First read: Adapter 1 ===

Sequence: GTGYCAGCMGCCGCGGTAA; Type: regular 5'; Length: 19; Trimmed: 640703 times

Minimum overlap: 3
No. of allowed errors:
1-9 bp: 0; 10-19 bp: 1

Overview of removed sequences
length	count	expect	max.err	error counts
3	1	10171.6	0	1
8	1	9.9	0	1
10	3	0.6	1	3
12	34	0.0	1	31 3
13	7	0.0	1	4 3
14	16	0.0	1	3 13
15	3	0.0	1	1 2
16	35	0.0	1	27 8
17	51	0.0	1	41 10
18	1592	0.0	1	321 1271
19	618716	0.0	1	554424 64292
20	10132	0.0	1	7664 2468
21	9114	0.0	1	8272 842
22	976	0.0	1	885 91
23	10	0.0	1	4 6
26	2	0.0	1	0 2
28	1	0.0	1	0 1
31	2	0.0	1	1 1
32	1	0.0	1	0 1
34	2	0.0	1	0 2
37	2	0.0	1	2
43	1	0.0	1	1
56	1	0.0	1	1


=== Second read: Adapter 2 ===

Sequence: GGACTACNVGGGTWTCTAAT; Type: regular 5'; Length: 20; Trimmed: 628997 times

Minimum overlap: 3
No. of allowed errors:
1-9 bp: 0; 10-19 bp: 1

Overview of removed sequences
length	count	expect	max.err	error counts
3	2	10171.6	0	2
9	1	2.5	0	1
10	1	0.6	1	0 1
11	8	0.2	1	7 1
12	3	0.0	1	3
13	5	0.0	1	4 1
14	14	0.0	1	5 9
15	11	0.0	1	3 8
16	5	0.0	1	4 1
17	18	0.0	1	8 10
18	30	0.0	1	18 12
19	2993	0.0	1	432 2561
20	608830	0.0	1	600284 8546
21	8000	0.0	1	6437 1563
22	8508	0.0	1	8171 337
23	547	0.0	1	495 52
24	3	0.0	1	2 1
25	1	0.0	1	1
27	2	0.0	1	2
29	3	0.0	1	3
30	1	0.0	1	1
31	1	0.0	1	1
32	2	0.0	1	2
37	2	0.0	1	2
38	4	0.0	1	4
43	1	0.0	1	1
45	1	0.0	1	1
Running cutadapt on: 2024_phase1_cont06_hyp_filter_S100
This is cutadapt 5.2 with Python 3.13.15
Command line parameters: -j 6 -g GTGYCAGCMGCCGCGGTAA -G GGACTACNVGGGTWTCTAAT -o /scratch4/workspace/jade_fiorilla_student_uml_edu-rawseqorcc/trimmed-cutadapt-fastp/2024_phase1_cont06_hyp_filter_S100_R1_trim.fastq -p /scratch4/workspace/jade_fiorilla_student_uml_edu-rawseqorcc/trimmed-cutadapt-fastp/2024_phase1_cont06_hyp_filter_S100_R2_trim.fastq /scratch4/workspace/jade_fiorilla_student_uml_edu-rawseqorcc/trimmed-fastp/2024_phase1_cont06_hyp_filter_S100_R1_trim.fastq.gz /scratch4/workspace/jade_fiorilla_student_uml_edu-rawseqorcc/trimmed-fastp/2024_phase1_cont06_hyp_filter_S100_R2_trim.fastq.gz
Processing paired-end reads on 6 cores ...

=== Summary ===

Total read pairs processed:            456,668
  Read 1 with adapter:                 449,745 (98.5%)
  Read 2 with adapter:                 442,350 (96.9%)
Pairs written (passing filters):       456,668 (100.0%)

Total basepairs processed:   260,072,795 bp
  Read 1:   130,037,914 bp
  Read 2:   130,034,881 bp
Total written (filtered):    242,623,558 bp (93.3%)
  Read 1:   121,460,942 bp
  Read 2:   121,162,616 bp

=== First read: Adapter 1 ===

Sequence: GTGYCAGCMGCCGCGGTAA; Type: regular 5'; Length: 19; Trimmed: 449745 times

Minimum overlap: 3
No. of allowed errors:
1-9 bp: 0; 10-19 bp: 1

Overview of removed sequences
length	count	expect	max.err	error counts
3	9	7135.4	0	9
9	6	1.7	0	6
10	1	0.4	1	1
11	1	0.1	1	1
12	31	0.0	1	23 8
13	3	0.0	1	3
14	2	0.0	1	0 2
15	2	0.0	1	1 1
16	18	0.0	1	13 5
17	43	0.0	1	32 11
18	1244	0.0	1	260 984
19	427042	0.0	1	383034 44008
20	10280	0.0	1	7990 2290
21	9915	0.0	1	8918 997
22	1128	0.0	1	792 336
23	6	0.0	1	5 1
24	1	0.0	1	0 1
27	2	0.0	1	1 1
28	3	0.0	1	2 1
31	3	0.0	1	2 1
32	3	0.0	1	3
34	1	0.0	1	1
38	1	0.0	1	1


=== Second read: Adapter 2 ===

Sequence: GGACTACNVGGGTWTCTAAT; Type: regular 5'; Length: 20; Trimmed: 442350 times

Minimum overlap: 3
No. of allowed errors:
1-9 bp: 0; 10-19 bp: 1

Overview of removed sequences
length	count	expect	max.err	error counts
3	7	7135.4	0	7
10	1	0.4	1	1
12	1	0.0	1	1
13	6	0.0	1	5 1
14	5	0.0	1	2 3
15	8	0.0	1	6 2
16	3	0.0	1	0 3
17	12	0.0	1	8 4
18	34	0.0	1	28 6
19	2169	0.0	1	295 1874
20	422496	0.0	1	416548 5948
21	8043	0.0	1	6916 1127
22	9131	0.0	1	8685 446
23	417	0.0	1	320 97
26	1	0.0	1	1
28	1	0.0	1	0 1
30	4	0.0	1	4
31	1	0.0	1	1
33	2	0.0	1	2
36	3	0.0	1	3
37	1	0.0	1	0 1
40	3	0.0	1	3
47	1	0.0	1	1
Running cutadapt on: 2024_phase1_hyp01_hyp_filter_S104
This is cutadapt 5.2 with Python 3.13.15
Command line parameters: -j 6 -g GTGYCAGCMGCCGCGGTAA -G GGACTACNVGGGTWTCTAAT -o /scratch4/workspace/jade_fiorilla_student_uml_edu-rawseqorcc/trimmed-cutadapt-fastp/2024_phase1_hyp01_hyp_filter_S104_R1_trim.fastq -p /scratch4/workspace/jade_fiorilla_student_uml_edu-rawseqorcc/trimmed-cutadapt-fastp/2024_phase1_hyp01_hyp_filter_S104_R2_trim.fastq /scratch4/workspace/jade_fiorilla_student_uml_edu-rawseqorcc/trimmed-fastp/2024_phase1_hyp01_hyp_filter_S104_R1_trim.fastq.gz /scratch4/workspace/jade_fiorilla_student_uml_edu-rawseqorcc/trimmed-fastp/2024_phase1_hyp01_hyp_filter_S104_R2_trim.fastq.gz
Processing paired-end reads on 6 cores ...

=== Summary ===

Total read pairs processed:            843,388
  Read 1 with adapter:                 832,504 (98.7%)
  Read 2 with adapter:                 820,846 (97.3%)
Pairs written (passing filters):       843,388 (100.0%)

Total basepairs processed:   482,482,571 bp
  Read 1:   241,239,662 bp
  Read 2:   241,242,909 bp
Total written (filtered):    450,226,988 bp (93.3%)
  Read 1:   225,407,514 bp
  Read 2:   224,819,474 bp

=== First read: Adapter 1 ===

Sequence: GTGYCAGCMGCCGCGGTAA; Type: regular 5'; Length: 19; Trimmed: 832504 times

Minimum overlap: 3
No. of allowed errors:
1-9 bp: 0; 10-19 bp: 1

Overview of removed sequences
length	count	expect	max.err	error counts
3	3	13177.9	0	3
9	4	3.2	0	4
10	2	0.8	1	2
11	1	0.2	1	0 1
12	48	0.1	1	43 5
13	4	0.0	1	4
14	5	0.0	1	3 2
15	11	0.0	1	7 4
16	34	0.0	1	17 17
17	62	0.0	1	47 15
18	2098	0.0	1	441 1657
19	817348	0.0	1	747405 69943
20	8749	0.0	1	5954 2795
21	3986	0.0	1	3730 256
22	118	0.0	1	18 100
23	3	0.0	1	3
24	4	0.0	1	1 3
25	1	0.0	1	1
26	3	0.0	1	2 1
28	2	0.0	1	0 2
29	3	0.0	1	1 2
32	2	0.0	1	2
33	6	0.0	1	4 2
35	1	0.0	1	1
37	1	0.0	1	1
38	1	0.0	1	1
42	2	0.0	1	2
43	2	0.0	1	0 2


=== Second read: Adapter 2 ===

Sequence: GGACTACNVGGGTWTCTAAT; Type: regular 5'; Length: 20; Trimmed: 820846 times

Minimum overlap: 3
No. of allowed errors:
1-9 bp: 0; 10-19 bp: 1

Overview of removed sequences
length	count	expect	max.err	error counts
3	5	13177.9	0	5
10	3	0.8	1	3
11	4	0.2	1	4
12	2	0.1	1	1 1
13	2	0.0	1	1 1
14	24	0.0	1	8 16
15	4	0.0	1	1 3
16	13	0.0	1	7 6
17	25	0.0	1	17 8
18	62	0.0	1	42 20
19	3924	0.0	1	505 3419
20	808361	0.0	1	796831 11530
21	6021	0.0	1	4304 1717
22	2362	0.0	1	2252 110
23	14	0.0	1	10 4
25	2	0.0	1	2
26	3	0.0	1	2 1
28	2	0.0	1	1 1
29	1	0.0	1	1
30	1	0.0	1	1
32	3	0.0	1	3
35	1	0.0	1	0 1
36	1	0.0	1	1
38	2	0.0	1	2
39	2	0.0	1	2
42	2	0.0	1	2
Running cutadapt on: 2024_phase1_hyp03_hyp_filter_S105
This is cutadapt 5.2 with Python 3.13.15
Command line parameters: -j 6 -g GTGYCAGCMGCCGCGGTAA -G GGACTACNVGGGTWTCTAAT -o /scratch4/workspace/jade_fiorilla_student_uml_edu-rawseqorcc/trimmed-cutadapt-fastp/2024_phase1_hyp03_hyp_filter_S105_R1_trim.fastq -p /scratch4/workspace/jade_fiorilla_student_uml_edu-rawseqorcc/trimmed-cutadapt-fastp/2024_phase1_hyp03_hyp_filter_S105_R2_trim.fastq /scratch4/workspace/jade_fiorilla_student_uml_edu-rawseqorcc/trimmed-fastp/2024_phase1_hyp03_hyp_filter_S105_R1_trim.fastq.gz /scratch4/workspace/jade_fiorilla_student_uml_edu-rawseqorcc/trimmed-fastp/2024_phase1_hyp03_hyp_filter_S105_R2_trim.fastq.gz
Processing paired-end reads on 6 cores ...

=== Summary ===

Total read pairs processed:            492,344
  Read 1 with adapter:                 487,722 (99.1%)
  Read 2 with adapter:                 481,628 (97.8%)
Pairs written (passing filters):       492,344 (100.0%)

Total basepairs processed:   283,214,589 bp
  Read 1:   141,606,041 bp
  Read 2:   141,608,548 bp
Total written (filtered):    264,293,023 bp (93.3%)
  Read 1:   132,324,439 bp
  Read 2:   131,968,584 bp

=== First read: Adapter 1 ===

Sequence: GTGYCAGCMGCCGCGGTAA; Type: regular 5'; Length: 19; Trimmed: 487722 times

Minimum overlap: 3
No. of allowed errors:
1-9 bp: 0; 10-19 bp: 1

Overview of removed sequences
length	count	expect	max.err	error counts
3	1	7692.9	0	1
11	2	0.1	1	2
12	37	0.0	1	37
13	1	0.0	1	0 1
14	4	0.0	1	0 4
15	5	0.0	1	4 1
16	15	0.0	1	13 2
17	44	0.0	1	38 6
18	1168	0.0	1	232 936
19	473098	0.0	1	435514 37584
20	10372	0.0	1	8326 2046
21	2892	0.0	1	2621 271
22	68	0.0	1	17 51
23	2	0.0	1	2
24	1	0.0	1	1
25	3	0.0	1	3
26	1	0.0	1	1
30	2	0.0	1	2
32	1	0.0	1	1
33	1	0.0	1	0 1
36	1	0.0	1	1
37	1	0.0	1	1
38	1	0.0	1	1
40	1	0.0	1	1


=== Second read: Adapter 2 ===

Sequence: GGACTACNVGGGTWTCTAAT; Type: regular 5'; Length: 20; Trimmed: 481628 times

Minimum overlap: 3
No. of allowed errors:
1-9 bp: 0; 10-19 bp: 1

Overview of removed sequences
length	count	expect	max.err	error counts
3	1	7692.9	0	1
10	1	0.5	1	1
11	1	0.1	1	1
12	1	0.0	1	1
13	9	0.0	1	9
14	6	0.0	1	0 6
15	1	0.0	1	0 1
16	3	0.0	1	1 2
17	12	0.0	1	6 6
18	25	0.0	1	14 11
19	2218	0.0	1	339 1879
20	471344	0.0	1	464506 6838
21	6306	0.0	1	5132 1174
22	1647	0.0	1	1575 72
23	39	0.0	1	28 11
24	2	0.0	1	1 1
25	2	0.0	1	2
27	2	0.0	1	2
30	1	0.0	1	1
31	1	0.0	1	1
32	2	0.0	1	2
33	1	0.0	1	1
37	2	0.0	1	0 2
47	1	0.0	1	1
Running cutadapt on: 2024_phase1_hyp06_hyp_filter_S106
This is cutadapt 5.2 with Python 3.13.15
Command line parameters: -j 6 -g GTGYCAGCMGCCGCGGTAA -G GGACTACNVGGGTWTCTAAT -o /scratch4/workspace/jade_fiorilla_student_uml_edu-rawseqorcc/trimmed-cutadapt-fastp/2024_phase1_hyp06_hyp_filter_S106_R1_trim.fastq -p /scratch4/workspace/jade_fiorilla_student_uml_edu-rawseqorcc/trimmed-cutadapt-fastp/2024_phase1_hyp06_hyp_filter_S106_R2_trim.fastq /scratch4/workspace/jade_fiorilla_student_uml_edu-rawseqorcc/trimmed-fastp/2024_phase1_hyp06_hyp_filter_S106_R1_trim.fastq.gz /scratch4/workspace/jade_fiorilla_student_uml_edu-rawseqorcc/trimmed-fastp/2024_phase1_hyp06_hyp_filter_S106_R2_trim.fastq.gz
Processing paired-end reads on 6 cores ...

=== Summary ===

Total read pairs processed:            877,470
  Read 1 with adapter:                 870,827 (99.2%)
  Read 2 with adapter:                 862,977 (98.3%)
Pairs written (passing filters):       877,470 (100.0%)

Total basepairs processed:   506,900,347 bp
  Read 1:   253,449,304 bp
  Read 2:   253,451,043 bp
Total written (filtered):    473,071,605 bp (93.3%)
  Read 1:   236,886,827 bp
  Read 2:   236,184,778 bp

=== First read: Adapter 1 ===

Sequence: GTGYCAGCMGCCGCGGTAA; Type: regular 5'; Length: 19; Trimmed: 870827 times

Minimum overlap: 3
No. of allowed errors:
1-9 bp: 0; 10-19 bp: 1

Overview of removed sequences
length	count	expect	max.err	error counts
3	25	13710.5	0	25
9	3	3.3	0	3
11	2	0.2	1	1 1
12	43	0.1	1	39 4
13	3	0.0	1	2 1
14	2	0.0	1	1 1
15	2	0.0	1	1 1
16	42	0.0	1	33 9
17	60	0.0	1	53 7
18	2274	0.0	1	464 1810
19	854703	0.0	1	783625 71078
20	8653	0.0	1	6022 2631
21	3961	0.0	1	3641 320
22	1025	0.0	1	552 473
23	2	0.0	1	1 1
24	4	0.0	1	4
27	1	0.0	1	0 1
28	2	0.0	1	2
29	2	0.0	1	2
31	1	0.0	1	1
32	1	0.0	1	1
33	2	0.0	1	2
34	1	0.0	1	1
36	4	0.0	1	4
37	2	0.0	1	2
38	1	0.0	1	1
39	1	0.0	1	1
41	1	0.0	1	1
46	3	0.0	1	0 3
48	1	0.0	1	0 1


=== Second read: Adapter 2 ===

Sequence: GGACTACNVGGGTWTCTAAT; Type: regular 5'; Length: 20; Trimmed: 862977 times

Minimum overlap: 3
No. of allowed errors:
1-9 bp: 0; 10-19 bp: 1

Overview of removed sequences
length	count	expect	max.err	error counts
3	17	13710.5	0	17
9	1	3.3	0	1
10	1	0.8	1	1
11	7	0.2	1	6 1
12	3	0.1	1	2 1
13	7	0.0	1	5 2
14	19	0.0	1	1 18
15	4	0.0	1	1 3
16	10	0.0	1	3 7
17	23	0.0	1	20 3
18	68	0.0	1	32 36
19	4072	0.0	1	634 3438
20	850453	0.0	1	838428 12025
21	5645	0.0	1	3927 1718
22	2236	0.0	1	2143 93
23	373	0.0	1	333 40
24	14	0.0	1	6 8
25	1	0.0	1	1
26	1	0.0	1	1
27	2	0.0	1	2
29	2	0.0	1	1 1
30	3	0.0	1	3
31	1	0.0	1	1
32	1	0.0	1	1
33	2	0.0	1	2
35	1	0.0	1	1
38	3	0.0	1	3
39	4	0.0	1	4
40	1	0.0	1	1
41	1	0.0	1	1
42	1	0.0	1	1
Running cutadapt on: 2024_phase1_warm01_hyp_filter_S101
This is cutadapt 5.2 with Python 3.13.15
Command line parameters: -j 6 -g GTGYCAGCMGCCGCGGTAA -G GGACTACNVGGGTWTCTAAT -o /scratch4/workspace/jade_fiorilla_student_uml_edu-rawseqorcc/trimmed-cutadapt-fastp/2024_phase1_warm01_hyp_filter_S101_R1_trim.fastq -p /scratch4/workspace/jade_fiorilla_student_uml_edu-rawseqorcc/trimmed-cutadapt-fastp/2024_phase1_warm01_hyp_filter_S101_R2_trim.fastq /scratch4/workspace/jade_fiorilla_student_uml_edu-rawseqorcc/trimmed-fastp/2024_phase1_warm01_hyp_filter_S101_R1_trim.fastq.gz /scratch4/workspace/jade_fiorilla_student_uml_edu-rawseqorcc/trimmed-fastp/2024_phase1_warm01_hyp_filter_S101_R2_trim.fastq.gz
Processing paired-end reads on 6 cores ...

=== Summary ===

Total read pairs processed:            668,138
  Read 1 with adapter:                 661,672 (99.0%)
  Read 2 with adapter:                 657,430 (98.4%)
Pairs written (passing filters):       668,138 (100.0%)

Total basepairs processed:   385,217,340 bp
  Read 1:   192,611,362 bp
  Read 2:   192,605,978 bp
Total written (filtered):    359,456,031 bp (93.3%)
  Read 1:   180,016,978 bp
  Read 2:   179,439,053 bp

=== First read: Adapter 1 ===

Sequence: GTGYCAGCMGCCGCGGTAA; Type: regular 5'; Length: 19; Trimmed: 661672 times

Minimum overlap: 3
No. of allowed errors:
1-9 bp: 0; 10-19 bp: 1

Overview of removed sequences
length	count	expect	max.err	error counts
3	3	10439.7	0	3
10	2	0.6	1	0 2
12	32	0.0	1	25 7
13	6	0.0	1	4 2
14	3	0.0	1	0 3
15	11	0.0	1	6 5
16	27	0.0	1	22 5
17	48	0.0	1	37 11
18	1373	0.0	1	269 1104
19	645203	0.0	1	574391 70812
20	6314	0.0	1	4782 1532
21	8024	0.0	1	7330 694
22	590	0.0	1	491 99
23	4	0.0	1	1 3
24	2	0.0	1	2
25	4	0.0	1	3 1
26	1	0.0	1	1
28	2	0.0	1	2
29	1	0.0	1	0 1
30	5	0.0	1	1 4
31	4	0.0	1	4
32	2	0.0	1	2
35	4	0.0	1	4
36	2	0.0	1	2
38	1	0.0	1	1
40	2	0.0	1	2
42	2	0.0	1	2


=== Second read: Adapter 2 ===

Sequence: GGACTACNVGGGTWTCTAAT; Type: regular 5'; Length: 20; Trimmed: 657430 times

Minimum overlap: 3
No. of allowed errors:
1-9 bp: 0; 10-19 bp: 1

Overview of removed sequences
length	count	expect	max.err	error counts
3	2	10439.7	0	2
9	3	2.5	0	3
10	4	0.6	1	4
11	2	0.2	1	1 1
12	8	0.0	1	8
13	12	0.0	1	9 3
14	23	0.0	1	10 13
15	7	0.0	1	4 3
16	9	0.0	1	5 4
17	10	0.0	1	6 4
18	44	0.0	1	29 15
19	3066	0.0	1	475 2591
20	640554	0.0	1	635849 4705
21	5919	0.0	1	4571 1348
22	7346	0.0	1	7081 265
23	399	0.0	1	357 42
24	4	0.0	1	4
25	4	0.0	1	4
26	3	0.0	1	3
28	2	0.0	1	1 1
29	1	0.0	1	1
30	2	0.0	1	2
31	1	0.0	1	1
32	1	0.0	1	0 1
34	1	0.0	1	1
35	2	0.0	1	2
37	1	0.0	1	1
Running cutadapt on: 2024_phase1_warm03_hyp_filter_S102
This is cutadapt 5.2 with Python 3.13.15
Command line parameters: -j 6 -g GTGYCAGCMGCCGCGGTAA -G GGACTACNVGGGTWTCTAAT -o /scratch4/workspace/jade_fiorilla_student_uml_edu-rawseqorcc/trimmed-cutadapt-fastp/2024_phase1_warm03_hyp_filter_S102_R1_trim.fastq -p /scratch4/workspace/jade_fiorilla_student_uml_edu-rawseqorcc/trimmed-cutadapt-fastp/2024_phase1_warm03_hyp_filter_S102_R2_trim.fastq /scratch4/workspace/jade_fiorilla_student_uml_edu-rawseqorcc/trimmed-fastp/2024_phase1_warm03_hyp_filter_S102_R1_trim.fastq.gz /scratch4/workspace/jade_fiorilla_student_uml_edu-rawseqorcc/trimmed-fastp/2024_phase1_warm03_hyp_filter_S102_R2_trim.fastq.gz
Processing paired-end reads on 6 cores ...

=== Summary ===

Total read pairs processed:            539,225
  Read 1 with adapter:                 531,888 (98.6%)
  Read 2 with adapter:                 524,073 (97.2%)
Pairs written (passing filters):       539,225 (100.0%)

Total basepairs processed:   308,050,839 bp
  Read 1:   154,026,193 bp
  Read 2:   154,024,646 bp
Total written (filtered):    287,418,647 bp (93.3%)
  Read 1:   143,894,737 bp
  Read 2:   143,523,910 bp

=== First read: Adapter 1 ===

Sequence: GTGYCAGCMGCCGCGGTAA; Type: regular 5'; Length: 19; Trimmed: 531888 times

Minimum overlap: 3
No. of allowed errors:
1-9 bp: 0; 10-19 bp: 1

Overview of removed sequences
length	count	expect	max.err	error counts
3	19	8425.4	0	19
11	1	0.1	1	0 1
12	24	0.0	1	19 5
13	3	0.0	1	1 2
14	1	0.0	1	1
15	1	0.0	1	1
16	9	0.0	1	5 4
17	50	0.0	1	36 14
18	1334	0.0	1	230 1104
19	513319	0.0	1	461132 52187
20	8414	0.0	1	6675 1739
21	7250	0.0	1	6489 761
22	1432	0.0	1	880 552
23	7	0.0	1	2 5
24	3	0.0	1	3
26	1	0.0	1	1
28	1	0.0	1	0 1
31	9	0.0	1	4 5
32	2	0.0	1	2
34	1	0.0	1	1
36	1	0.0	1	1
37	3	0.0	1	3
38	1	0.0	1	1
41	2	0.0	1	2


=== Second read: Adapter 2 ===

Sequence: GGACTACNVGGGTWTCTAAT; Type: regular 5'; Length: 20; Trimmed: 524073 times

Minimum overlap: 3
No. of allowed errors:
1-9 bp: 0; 10-19 bp: 1

Overview of removed sequences
length	count	expect	max.err	error counts
3	33	8425.4	0	33
10	2	0.5	1	2
11	4	0.1	1	3 1
12	2	0.0	1	2
13	2	0.0	1	1 1
14	9	0.0	1	2 7
15	6	0.0	1	6
16	10	0.0	1	4 6
17	10	0.0	1	8 2
18	36	0.0	1	24 12
19	2484	0.0	1	330 2154
20	506792	0.0	1	499548 7244
21	7332	0.0	1	6054 1278
22	6856	0.0	1	6562 294
23	484	0.0	1	434 50
24	2	0.0	1	1 1
25	1	0.0	1	1
31	2	0.0	1	2
32	2	0.0	1	2
36	2	0.0	1	2
43	2	0.0	1	2
Running cutadapt on: 2024_phase1_warm06_hyp_filter_S103
This is cutadapt 5.2 with Python 3.13.15
Command line parameters: -j 6 -g GTGYCAGCMGCCGCGGTAA -G GGACTACNVGGGTWTCTAAT -o /scratch4/workspace/jade_fiorilla_student_uml_edu-rawseqorcc/trimmed-cutadapt-fastp/2024_phase1_warm06_hyp_filter_S103_R1_trim.fastq -p /scratch4/workspace/jade_fiorilla_student_uml_edu-rawseqorcc/trimmed-cutadapt-fastp/2024_phase1_warm06_hyp_filter_S103_R2_trim.fastq /scratch4/workspace/jade_fiorilla_student_uml_edu-rawseqorcc/trimmed-fastp/2024_phase1_warm06_hyp_filter_S103_R1_trim.fastq.gz /scratch4/workspace/jade_fiorilla_student_uml_edu-rawseqorcc/trimmed-fastp/2024_phase1_warm06_hyp_filter_S103_R2_trim.fastq.gz
Processing paired-end reads on 6 cores ...

=== Summary ===

Total read pairs processed:            732,038
  Read 1 with adapter:                 716,534 (97.9%)
  Read 2 with adapter:                 698,268 (95.4%)
Pairs written (passing filters):       732,038 (100.0%)

Total basepairs processed:   410,877,555 bp
  Read 1:   205,442,194 bp
  Read 2:   205,435,361 bp
Total written (filtered):    383,274,636 bp (93.3%)
  Read 1:   191,811,364 bp
  Read 2:   191,463,272 bp

=== First read: Adapter 1 ===

Sequence: GTGYCAGCMGCCGCGGTAA; Type: regular 5'; Length: 19; Trimmed: 716534 times

Minimum overlap: 3
No. of allowed errors:
1-9 bp: 0; 10-19 bp: 1

Overview of removed sequences
length	count	expect	max.err	error counts
3	11	11438.1	0	11
8	2	11.2	0	2
9	3	2.8	0	3
10	1	0.7	1	1
12	54	0.0	1	50 4
13	6	0.0	1	5 1
14	4	0.0	1	2 2
15	7	0.0	1	2 5
16	33	0.0	1	25 8
17	59	0.0	1	38 21
18	1734	0.0	1	319 1415
19	702975	0.0	1	622323 80652
20	5395	0.0	1	3850 1545
21	4998	0.0	1	4281 717
22	1224	0.0	1	948 276
23	6	0.0	1	6
24	4	0.0	1	1 3
25	6	0.0	1	1 5
29	2	0.0	1	0 2
30	1	0.0	1	0 1
32	2	0.0	1	2
35	1	0.0	1	1
37	2	0.0	1	2
39	3	0.0	1	3
41	1	0.0	1	1


=== Second read: Adapter 2 ===

Sequence: GGACTACNVGGGTWTCTAAT; Type: regular 5'; Length: 20; Trimmed: 698268 times

Minimum overlap: 3
No. of allowed errors:
1-9 bp: 0; 10-19 bp: 1

Overview of removed sequences
length	count	expect	max.err	error counts
3	11	11438.1	0	11
9	1	2.8	0	1
10	2	0.7	1	2
11	2	0.2	1	2
12	4	0.0	1	3 1
13	10	0.0	1	10
14	23	0.0	1	16 7
15	6	0.0	1	3 3
16	10	0.0	1	1 9
17	10	0.0	1	6 4
18	45	0.0	1	22 23
19	3250	0.0	1	485 2765
20	688007	0.0	1	677927 10080
21	3805	0.0	1	2439 1366
22	2533	0.0	1	2423 110
23	534	0.0	1	505 29
24	2	0.0	1	1 1
25	2	0.0	1	2
29	2	0.0	1	2
32	3	0.0	1	3
34	2	0.0	1	2
36	2	0.0	1	2
40	2	0.0	1	2
Running cutadapt on: 2024_phase2_Both01_Hyp_filter_S119
This is cutadapt 5.2 with Python 3.13.15
Command line parameters: -j 6 -g GTGYCAGCMGCCGCGGTAA -G GGACTACNVGGGTWTCTAAT -o /scratch4/workspace/jade_fiorilla_student_uml_edu-rawseqorcc/trimmed-cutadapt-fastp/2024_phase2_Both01_Hyp_filter_S119_R1_trim.fastq -p /scratch4/workspace/jade_fiorilla_student_uml_edu-rawseqorcc/trimmed-cutadapt-fastp/2024_phase2_Both01_Hyp_filter_S119_R2_trim.fastq /scratch4/workspace/jade_fiorilla_student_uml_edu-rawseqorcc/trimmed-fastp/2024_phase2_Both01_Hyp_filter_S119_R1_trim.fastq.gz /scratch4/workspace/jade_fiorilla_student_uml_edu-rawseqorcc/trimmed-fastp/2024_phase2_Both01_Hyp_filter_S119_R2_trim.fastq.gz
Processing paired-end reads on 6 cores ...

=== Summary ===

Total read pairs processed:            522,017
  Read 1 with adapter:                 516,587 (99.0%)
  Read 2 with adapter:                 508,799 (97.5%)
Pairs written (passing filters):       522,017 (100.0%)

Total basepairs processed:   299,316,859 bp
  Read 1:   149,659,361 bp
  Read 2:   149,657,498 bp
Total written (filtered):    279,252,137 bp (93.3%)
  Read 1:   139,806,215 bp
  Read 2:   139,445,922 bp

=== First read: Adapter 1 ===

Sequence: GTGYCAGCMGCCGCGGTAA; Type: regular 5'; Length: 19; Trimmed: 516587 times

Minimum overlap: 3
No. of allowed errors:
1-9 bp: 0; 10-19 bp: 1

Overview of removed sequences
length	count	expect	max.err	error counts
3	4	8156.5	0	4
11	3	0.1	1	2 1
12	36	0.0	1	34 2
13	3	0.0	1	3
14	3	0.0	1	0 3
15	6	0.0	1	3 3
16	31	0.0	1	22 9
17	48	0.0	1	34 14
18	1286	0.0	1	255 1031
19	493210	0.0	1	448184 45026
20	5273	0.0	1	3956 1317
21	15548	0.0	1	14142 1406
22	1127	0.0	1	929 198
23	1	0.0	1	1
25	1	0.0	1	1
26	1	0.0	1	1
27	2	0.0	1	2
36	1	0.0	1	1
38	1	0.0	1	1
42	2	0.0	1	2


=== Second read: Adapter 2 ===

Sequence: GGACTACNVGGGTWTCTAAT; Type: regular 5'; Length: 20; Trimmed: 508799 times

Minimum overlap: 3
No. of allowed errors:
1-9 bp: 0; 10-19 bp: 1

Overview of removed sequences
length	count	expect	max.err	error counts
3	4	8156.5	0	4
4	1	2039.1	0	1
10	7	0.5	1	6 1
11	1	0.1	1	0 1
13	4	0.0	1	4
14	9	0.0	1	3 6
16	14	0.0	1	5 9
17	14	0.0	1	10 4
18	33	0.0	1	21 12
19	2421	0.0	1	340 2081
20	485625	0.0	1	478993 6632
21	3568	0.0	1	2490 1078
22	16506	0.0	1	16001 505
23	581	0.0	1	512 69
24	2	0.0	1	0 2
25	1	0.0	1	1
26	3	0.0	1	1 2
28	1	0.0	1	1
30	1	0.0	1	1
35	1	0.0	1	1
36	1	0.0	1	0 1
43	1	0.0	1	1
Running cutadapt on: 2024_phase2_Both01_Norm_filter_S131
This is cutadapt 5.2 with Python 3.13.15
Command line parameters: -j 6 -g GTGYCAGCMGCCGCGGTAA -G GGACTACNVGGGTWTCTAAT -o /scratch4/workspace/jade_fiorilla_student_uml_edu-rawseqorcc/trimmed-cutadapt-fastp/2024_phase2_Both01_Norm_filter_S131_R1_trim.fastq -p /scratch4/workspace/jade_fiorilla_student_uml_edu-rawseqorcc/trimmed-cutadapt-fastp/2024_phase2_Both01_Norm_filter_S131_R2_trim.fastq /scratch4/workspace/jade_fiorilla_student_uml_edu-rawseqorcc/trimmed-fastp/2024_phase2_Both01_Norm_filter_S131_R1_trim.fastq.gz /scratch4/workspace/jade_fiorilla_student_uml_edu-rawseqorcc/trimmed-fastp/2024_phase2_Both01_Norm_filter_S131_R2_trim.fastq.gz
Processing paired-end reads on 6 cores ...

=== Summary ===

Total read pairs processed:            859,660
  Read 1 with adapter:                 855,349 (99.5%)
  Read 2 with adapter:                 851,263 (99.0%)
Pairs written (passing filters):       859,660 (100.0%)

Total basepairs processed:   506,742,359 bp
  Read 1:   253,368,786 bp
  Read 2:   253,373,573 bp
Total written (filtered):    470,076,981 bp (92.8%)
  Read 1:   235,420,871 bp
  Read 2:   234,656,110 bp

=== First read: Adapter 1 ===

Sequence: GTGYCAGCMGCCGCGGTAA; Type: regular 5'; Length: 19; Trimmed: 855349 times

Minimum overlap: 3
No. of allowed errors:
1-9 bp: 0; 10-19 bp: 1

Overview of removed sequences
length	count	expect	max.err	error counts
3	11	13432.2	0	11
9	5	3.3	0	5
12	44	0.1	1	40 4
13	6	0.0	1	5 1
14	6	0.0	1	3 3
15	16	0.0	1	4 12
16	21	0.0	1	16 5
17	17	0.0	1	13 4
18	58	0.0	1	19 39
19	4912	0.0	1	4144 768
20	7423	0.0	1	4592 2831
21	839344	0.0	1	786674 52670
22	3418	0.0	1	2230 1188
23	13	0.0	1	9 4
24	3	0.0	1	3
25	10	0.0	1	8 2
26	5	0.0	1	5
27	3	0.0	1	2 1
28	2	0.0	1	2
29	3	0.0	1	2 1
30	3	0.0	1	2 1
31	1	0.0	1	1
32	7	0.0	1	6 1
33	2	0.0	1	2
34	1	0.0	1	1
35	5	0.0	1	3 2
37	1	0.0	1	1
39	1	0.0	1	0 1
41	5	0.0	1	5
51	2	0.0	1	0 2
52	1	0.0	1	1


=== Second read: Adapter 2 ===

Sequence: GGACTACNVGGGTWTCTAAT; Type: regular 5'; Length: 20; Trimmed: 851263 times

Minimum overlap: 3
No. of allowed errors:
1-9 bp: 0; 10-19 bp: 1

Overview of removed sequences
length	count	expect	max.err	error counts
3	12	13432.2	0	12
9	3	3.3	0	3
10	7	0.8	1	7
11	4	0.2	1	3 1
12	14	0.1	1	11 3
13	6	0.0	1	6
14	19	0.0	1	8 11
15	20	0.0	1	12 8
16	18	0.0	1	3 15
17	18	0.0	1	15 3
18	44	0.0	1	34 10
19	83	0.0	1	43 40
20	2946	0.0	1	2795 151
21	7248	0.0	1	2648 4600
22	836774	0.0	1	825623 11151
23	4003	0.0	1	2685 1318
24	15	0.0	1	7 8
25	7	0.0	1	7
26	2	0.0	1	2
27	3	0.0	1	2 1
30	1	0.0	1	1
31	7	0.0	1	7
33	2	0.0	1	2
36	3	0.0	1	3
41	1	0.0	1	1
45	1	0.0	1	1
53	1	0.0	1	1
58	1	0.0	1	1
Running cutadapt on: 2024_phase2_Both03_Hyp_filter_S120
This is cutadapt 5.2 with Python 3.13.15
Command line parameters: -j 6 -g GTGYCAGCMGCCGCGGTAA -G GGACTACNVGGGTWTCTAAT -o /scratch4/workspace/jade_fiorilla_student_uml_edu-rawseqorcc/trimmed-cutadapt-fastp/2024_phase2_Both03_Hyp_filter_S120_R1_trim.fastq -p /scratch4/workspace/jade_fiorilla_student_uml_edu-rawseqorcc/trimmed-cutadapt-fastp/2024_phase2_Both03_Hyp_filter_S120_R2_trim.fastq /scratch4/workspace/jade_fiorilla_student_uml_edu-rawseqorcc/trimmed-fastp/2024_phase2_Both03_Hyp_filter_S120_R1_trim.fastq.gz /scratch4/workspace/jade_fiorilla_student_uml_edu-rawseqorcc/trimmed-fastp/2024_phase2_Both03_Hyp_filter_S120_R2_trim.fastq.gz
Processing paired-end reads on 6 cores ...

=== Summary ===

Total read pairs processed:            749,289
  Read 1 with adapter:                 741,581 (99.0%)
  Read 2 with adapter:                 732,157 (97.7%)
Pairs written (passing filters):       749,289 (100.0%)

Total basepairs processed:   430,382,466 bp
  Read 1:   215,191,250 bp
  Read 2:   215,191,216 bp
Total written (filtered):    401,576,571 bp (93.3%)
  Read 1:   201,064,694 bp
  Read 2:   200,511,877 bp

=== First read: Adapter 1 ===

Sequence: GTGYCAGCMGCCGCGGTAA; Type: regular 5'; Length: 19; Trimmed: 741581 times

Minimum overlap: 3
No. of allowed errors:
1-9 bp: 0; 10-19 bp: 1

Overview of removed sequences
length	count	expect	max.err	error counts
8	1	11.4	0	1
9	2	2.9	0	2
11	1	0.2	1	1
12	50	0.0	1	47 3
13	7	0.0	1	5 2
14	4	0.0	1	2 2
15	7	0.0	1	5 2
16	36	0.0	1	27 9
17	60	0.0	1	49 11
18	1640	0.0	1	322 1318
19	716027	0.0	1	654078 61949
20	8976	0.0	1	6020 2956
21	14688	0.0	1	13829 859
22	50	0.0	1	30 20
23	1	0.0	1	1
24	8	0.0	1	8
25	1	0.0	1	1
27	3	0.0	1	3
28	1	0.0	1	0 1
29	5	0.0	1	3 2
31	2	0.0	1	2
33	3	0.0	1	3
34	1	0.0	1	1
35	1	0.0	1	1
38	2	0.0	1	2
39	1	0.0	1	1
42	1	0.0	1	0 1
44	1	0.0	1	1
45	1	0.0	1	1


=== Second read: Adapter 2 ===

Sequence: GGACTACNVGGGTWTCTAAT; Type: regular 5'; Length: 20; Trimmed: 732157 times

Minimum overlap: 3
No. of allowed errors:
1-9 bp: 0; 10-19 bp: 1

Overview of removed sequences
length	count	expect	max.err	error counts
10	2	0.7	1	2
11	2	0.2	1	2
12	3	0.0	1	3
13	2	0.0	1	2
14	10	0.0	1	4 6
15	8	0.0	1	6 2
16	11	0.0	1	4 7
17	10	0.0	1	6 4
18	55	0.0	1	31 24
19	3427	0.0	1	501 2926
20	705769	0.0	1	696035 9734
21	5980	0.0	1	4403 1577
22	16799	0.0	1	16315 484
23	58	0.0	1	33 25
24	4	0.0	1	2 2
25	2	0.0	1	2
26	2	0.0	1	2
27	1	0.0	1	1
29	2	0.0	1	2
31	4	0.0	1	4
34	1	0.0	1	1
37	2	0.0	1	2
39	1	0.0	1	1
50	2	0.0	1	2
Running cutadapt on: 2024_phase2_Both03_Norm_filter_S132
This is cutadapt 5.2 with Python 3.13.15
Command line parameters: -j 6 -g GTGYCAGCMGCCGCGGTAA -G GGACTACNVGGGTWTCTAAT -o /scratch4/workspace/jade_fiorilla_student_uml_edu-rawseqorcc/trimmed-cutadapt-fastp/2024_phase2_Both03_Norm_filter_S132_R1_trim.fastq -p /scratch4/workspace/jade_fiorilla_student_uml_edu-rawseqorcc/trimmed-cutadapt-fastp/2024_phase2_Both03_Norm_filter_S132_R2_trim.fastq /scratch4/workspace/jade_fiorilla_student_uml_edu-rawseqorcc/trimmed-fastp/2024_phase2_Both03_Norm_filter_S132_R1_trim.fastq.gz /scratch4/workspace/jade_fiorilla_student_uml_edu-rawseqorcc/trimmed-fastp/2024_phase2_Both03_Norm_filter_S132_R2_trim.fastq.gz
Processing paired-end reads on 6 cores ...

=== Summary ===

Total read pairs processed:          1,140,938
  Read 1 with adapter:               1,136,542 (99.6%)
  Read 2 with adapter:               1,131,417 (99.2%)
Pairs written (passing filters):     1,140,938 (100.0%)

Total basepairs processed:   673,556,220 bp
  Read 1:   336,774,168 bp
  Read 2:   336,782,052 bp
Total written (filtered):    624,824,123 bp (92.8%)
  Read 1:   312,921,839 bp
  Read 2:   311,902,284 bp

=== First read: Adapter 1 ===

Sequence: GTGYCAGCMGCCGCGGTAA; Type: regular 5'; Length: 19; Trimmed: 1136542 times

Minimum overlap: 3
No. of allowed errors:
1-9 bp: 0; 10-19 bp: 1

Overview of removed sequences
length	count	expect	max.err	error counts
3	18	17827.2	0	18
8	1	17.4	0	1
9	5	4.4	0	5
10	2	1.1	1	1 1
11	2	0.3	1	2
12	51	0.1	1	47 4
13	3	0.0	1	3
14	9	0.0	1	3 6
15	10	0.0	1	5 5
16	23	0.0	1	19 4
17	24	0.0	1	16 8
18	75	0.0	1	44 31
19	5181	0.0	1	4480 701
20	8436	0.0	1	5009 3427
21	1118543	0.0	1	1043105 75438
22	4050	0.0	1	2459 1591
23	10	0.0	1	7 3
24	10	0.0	1	7 3
25	3	0.0	1	3
26	7	0.0	1	7
27	4	0.0	1	3 1
28	4	0.0	1	4
29	5	0.0	1	5
30	8	0.0	1	7 1
31	6	0.0	1	6
32	4	0.0	1	4
33	3	0.0	1	3
34	5	0.0	1	5
35	1	0.0	1	1
36	9	0.0	1	9
37	10	0.0	1	10
38	6	0.0	1	6
39	2	0.0	1	1 1
40	5	0.0	1	5
41	1	0.0	1	1
42	2	0.0	1	2
44	1	0.0	1	1
46	1	0.0	1	1
50	2	0.0	1	2


=== Second read: Adapter 2 ===

Sequence: GGACTACNVGGGTWTCTAAT; Type: regular 5'; Length: 20; Trimmed: 1131417 times

Minimum overlap: 3
No. of allowed errors:
1-9 bp: 0; 10-19 bp: 1

Overview of removed sequences
length	count	expect	max.err	error counts
3	14	17827.2	0	14
4	2	4456.8	0	2
9	2	4.4	0	2
10	9	1.1	1	8 1
11	10	0.3	1	10
12	12	0.1	1	8 4
13	17	0.0	1	12 5
14	24	0.0	1	14 10
15	21	0.0	1	10 11
16	20	0.0	1	12 8
17	37	0.0	1	28 9
18	49	0.0	1	32 17
19	127	0.0	1	56 71
20	2870	0.0	1	2687 183
21	8977	0.0	1	3114 5863
22	1114312	0.0	1	1099872 14440
23	4855	0.0	1	3090 1765
24	14	0.0	1	7 7
25	5	0.0	1	5
26	5	0.0	1	3 2
27	3	0.0	1	3
28	2	0.0	1	2
29	2	0.0	1	2
30	4	0.0	1	3 1
31	5	0.0	1	5
33	1	0.0	1	0 1
34	2	0.0	1	2
35	3	0.0	1	3
37	2	0.0	1	2
40	8	0.0	1	8
44	2	0.0	1	2
45	1	0.0	1	0 1
Running cutadapt on: 2024_phase2_Both06_Hyp_filter_S121
This is cutadapt 5.2 with Python 3.13.15
Command line parameters: -j 6 -g GTGYCAGCMGCCGCGGTAA -G GGACTACNVGGGTWTCTAAT -o /scratch4/workspace/jade_fiorilla_student_uml_edu-rawseqorcc/trimmed-cutadapt-fastp/2024_phase2_Both06_Hyp_filter_S121_R1_trim.fastq -p /scratch4/workspace/jade_fiorilla_student_uml_edu-rawseqorcc/trimmed-cutadapt-fastp/2024_phase2_Both06_Hyp_filter_S121_R2_trim.fastq /scratch4/workspace/jade_fiorilla_student_uml_edu-rawseqorcc/trimmed-fastp/2024_phase2_Both06_Hyp_filter_S121_R1_trim.fastq.gz /scratch4/workspace/jade_fiorilla_student_uml_edu-rawseqorcc/trimmed-fastp/2024_phase2_Both06_Hyp_filter_S121_R2_trim.fastq.gz
Processing paired-end reads on 6 cores ...

=== Summary ===

Total read pairs processed:            567,096
  Read 1 with adapter:                 557,155 (98.2%)
  Read 2 with adapter:                 543,385 (95.8%)
Pairs written (passing filters):       567,096 (100.0%)

Total basepairs processed:   320,006,170 bp
  Read 1:   160,003,624 bp
  Read 2:   160,002,546 bp
Total written (filtered):    298,482,871 bp (93.3%)
  Read 1:   149,382,854 bp
  Read 2:   149,100,017 bp

=== First read: Adapter 1 ===

Sequence: GTGYCAGCMGCCGCGGTAA; Type: regular 5'; Length: 19; Trimmed: 557155 times

Minimum overlap: 3
No. of allowed errors:
1-9 bp: 0; 10-19 bp: 1

Overview of removed sequences
length	count	expect	max.err	error counts
9	1	2.2	0	1
12	20	0.0	1	15 5
13	1	0.0	1	1
14	7	0.0	1	1 6
16	15	0.0	1	12 3
17	37	0.0	1	21 16
18	1407	0.0	1	253 1154
19	532182	0.0	1	488475 43707
20	10743	0.0	1	8515 2228
21	12674	0.0	1	11767 907
22	46	0.0	1	24 22
24	1	0.0	1	0 1
25	2	0.0	1	2
26	1	0.0	1	1
28	1	0.0	1	1
29	2	0.0	1	2
30	2	0.0	1	0 2
31	1	0.0	1	1
34	3	0.0	1	0 3
36	4	0.0	1	4
38	1	0.0	1	1
40	2	0.0	1	2
44	1	0.0	1	1
46	1	0.0	1	1


=== Second read: Adapter 2 ===

Sequence: GGACTACNVGGGTWTCTAAT; Type: regular 5'; Length: 20; Trimmed: 543385 times

Minimum overlap: 3
No. of allowed errors:
1-9 bp: 0; 10-19 bp: 1

Overview of removed sequences
length	count	expect	max.err	error counts
10	4	0.5	1	4
11	3	0.1	1	3
12	8	0.0	1	5 3
13	6	0.0	1	5 1
14	9	0.0	1	1 8
15	9	0.0	1	5 4
16	8	0.0	1	4 4
17	8	0.0	1	6 2
18	35	0.0	1	21 14
19	2495	0.0	1	381 2114
20	518602	0.0	1	511387 7215
21	6881	0.0	1	5489 1392
22	15247	0.0	1	14828 419
23	48	0.0	1	18 30
24	2	0.0	1	2
25	2	0.0	1	2
26	2	0.0	1	2
27	1	0.0	1	1
28	4	0.0	1	4
29	2	0.0	1	2
31	3	0.0	1	3
33	1	0.0	1	1
34	5	0.0	1	5
Running cutadapt on: 2024_phase2_Both06_Norm_filter_S133
This is cutadapt 5.2 with Python 3.13.15
Command line parameters: -j 6 -g GTGYCAGCMGCCGCGGTAA -G GGACTACNVGGGTWTCTAAT -o /scratch4/workspace/jade_fiorilla_student_uml_edu-rawseqorcc/trimmed-cutadapt-fastp/2024_phase2_Both06_Norm_filter_S133_R1_trim.fastq -p /scratch4/workspace/jade_fiorilla_student_uml_edu-rawseqorcc/trimmed-cutadapt-fastp/2024_phase2_Both06_Norm_filter_S133_R2_trim.fastq /scratch4/workspace/jade_fiorilla_student_uml_edu-rawseqorcc/trimmed-fastp/2024_phase2_Both06_Norm_filter_S133_R1_trim.fastq.gz /scratch4/workspace/jade_fiorilla_student_uml_edu-rawseqorcc/trimmed-fastp/2024_phase2_Both06_Norm_filter_S133_R2_trim.fastq.gz
Processing paired-end reads on 6 cores ...

=== Summary ===

Total read pairs processed:            816,841
  Read 1 with adapter:                 813,272 (99.6%)
  Read 2 with adapter:                 810,187 (99.2%)
Pairs written (passing filters):       816,841 (100.0%)

Total basepairs processed:   481,585,381 bp
  Read 1:   240,789,302 bp
  Read 2:   240,796,079 bp
Total written (filtered):    446,701,003 bp (92.8%)
  Read 1:   223,721,315 bp
  Read 2:   222,979,688 bp

=== First read: Adapter 1 ===

Sequence: GTGYCAGCMGCCGCGGTAA; Type: regular 5'; Length: 19; Trimmed: 813272 times

Minimum overlap: 3
No. of allowed errors:
1-9 bp: 0; 10-19 bp: 1

Overview of removed sequences
length	count	expect	max.err	error counts
3	11	12763.1	0	11
11	6	0.2	1	3 3
12	31	0.0	1	31
13	6	0.0	1	6
15	5	0.0	1	4 1
16	12	0.0	1	11 1
17	15	0.0	1	8 7
18	48	0.0	1	24 24
19	4148	0.0	1	3430 718
20	5397	0.0	1	3073 2324
21	800410	0.0	1	767377 33033
22	3111	0.0	1	1915 1196
23	10	0.0	1	6 4
24	4	0.0	1	3 1
25	3	0.0	1	2 1
26	6	0.0	1	4 2
27	7	0.0	1	7
28	3	0.0	1	3
29	1	0.0	1	1
30	2	0.0	1	2
31	3	0.0	1	3
32	7	0.0	1	7
33	2	0.0	1	2
35	2	0.0	1	0 2
36	8	0.0	1	8
37	1	0.0	1	1
38	1	0.0	1	1
39	3	0.0	1	3
42	3	0.0	1	3
43	1	0.0	1	1
44	2	0.0	1	2
45	1	0.0	1	0 1
47	2	0.0	1	2


=== Second read: Adapter 2 ===

Sequence: GGACTACNVGGGTWTCTAAT; Type: regular 5'; Length: 20; Trimmed: 810187 times

Minimum overlap: 3
No. of allowed errors:
1-9 bp: 0; 10-19 bp: 1

Overview of removed sequences
length	count	expect	max.err	error counts
3	8	12763.1	0	8
10	4	0.8	1	4
11	5	0.2	1	2 3
12	5	0.0	1	1 4
13	15	0.0	1	12 3
14	16	0.0	1	8 8
15	7	0.0	1	3 4
16	12	0.0	1	4 8
17	22	0.0	1	15 7
18	35	0.0	1	27 8
19	69	0.0	1	46 23
20	2169	0.0	1	2059 110
21	6180	0.0	1	2084 4096
22	798007	0.0	1	789635 8372
23	3587	0.0	1	2355 1232
24	18	0.0	1	9 9
25	1	0.0	1	1
26	4	0.0	1	2 2
27	1	0.0	1	1
28	1	0.0	1	1
29	2	0.0	1	2
31	5	0.0	1	5
32	2	0.0	1	1 1
33	1	0.0	1	1
34	2	0.0	1	2
36	3	0.0	1	3
37	1	0.0	1	1
38	2	0.0	1	2
41	1	0.0	1	1
55	2	0.0	1	2
Running cutadapt on: 2024_phase2_Cont01_Hyp_filter_S110
This is cutadapt 5.2 with Python 3.13.15
Command line parameters: -j 6 -g GTGYCAGCMGCCGCGGTAA -G GGACTACNVGGGTWTCTAAT -o /scratch4/workspace/jade_fiorilla_student_uml_edu-rawseqorcc/trimmed-cutadapt-fastp/2024_phase2_Cont01_Hyp_filter_S110_R1_trim.fastq -p /scratch4/workspace/jade_fiorilla_student_uml_edu-rawseqorcc/trimmed-cutadapt-fastp/2024_phase2_Cont01_Hyp_filter_S110_R2_trim.fastq /scratch4/workspace/jade_fiorilla_student_uml_edu-rawseqorcc/trimmed-fastp/2024_phase2_Cont01_Hyp_filter_S110_R1_trim.fastq.gz /scratch4/workspace/jade_fiorilla_student_uml_edu-rawseqorcc/trimmed-fastp/2024_phase2_Cont01_Hyp_filter_S110_R2_trim.fastq.gz
Processing paired-end reads on 6 cores ...

=== Summary ===

Total read pairs processed:            667,354
  Read 1 with adapter:                 651,502 (97.6%)
  Read 2 with adapter:                 632,778 (94.8%)
Pairs written (passing filters):       667,354 (100.0%)

Total basepairs processed:   372,670,782 bp
  Read 1:   186,340,415 bp
  Read 2:   186,330,367 bp
Total written (filtered):    347,616,422 bp (93.3%)
  Read 1:   173,947,295 bp
  Read 2:   173,669,127 bp

=== First read: Adapter 1 ===

Sequence: GTGYCAGCMGCCGCGGTAA; Type: regular 5'; Length: 19; Trimmed: 651502 times

Minimum overlap: 3
No. of allowed errors:
1-9 bp: 0; 10-19 bp: 1

Overview of removed sequences
length	count	expect	max.err	error counts
3	18	10427.4	0	18
8	3	10.2	0	3
9	2	2.5	0	2
10	2	0.6	1	2
11	1	0.2	1	1
12	28	0.0	1	23 5
13	5	0.0	1	5
14	8	0.0	1	3 5
15	5	0.0	1	3 2
16	22	0.0	1	15 7
17	61	0.0	1	42 19
18	1553	0.0	1	292 1261
19	639145	0.0	1	579086 60059
20	6092	0.0	1	4548 1544
21	3067	0.0	1	2716 351
22	1466	0.0	1	991 475
23	2	0.0	1	2
25	2	0.0	1	2
29	1	0.0	1	1
30	1	0.0	1	1
31	4	0.0	1	4
32	1	0.0	1	1
33	2	0.0	1	2
34	2	0.0	1	0 2
36	1	0.0	1	0 1
37	1	0.0	1	1
38	2	0.0	1	2
40	2	0.0	1	2
42	2	0.0	1	2
50	1	0.0	1	1


=== Second read: Adapter 2 ===

Sequence: GGACTACNVGGGTWTCTAAT; Type: regular 5'; Length: 20; Trimmed: 632778 times

Minimum overlap: 3
No. of allowed errors:
1-9 bp: 0; 10-19 bp: 1

Overview of removed sequences
length	count	expect	max.err	error counts
3	24	10427.4	0	24
4	1	2606.9	0	1
10	3	0.6	1	3
11	8	0.2	1	8
12	7	0.0	1	7
13	12	0.0	1	12
14	9	0.0	1	3 6
15	3	0.0	1	1 2
16	8	0.0	1	5 3
17	15	0.0	1	11 4
18	42	0.0	1	21 21
19	2965	0.0	1	428 2537
20	623039	0.0	1	613606 9433
21	4375	0.0	1	3179 1196
22	1742	0.0	1	1646 96
23	502	0.0	1	452 50
24	7	0.0	1	3 4
25	2	0.0	1	2
26	3	0.0	1	3
27	4	0.0	1	0 4
28	1	0.0	1	1
29	2	0.0	1	2
33	1	0.0	1	0 1
35	1	0.0	1	1
37	1	0.0	1	1
41	1	0.0	1	1
Running cutadapt on: 2024_phase2_Cont01_Norm_filter_S122
This is cutadapt 5.2 with Python 3.13.15
Command line parameters: -j 6 -g GTGYCAGCMGCCGCGGTAA -G GGACTACNVGGGTWTCTAAT -o /scratch4/workspace/jade_fiorilla_student_uml_edu-rawseqorcc/trimmed-cutadapt-fastp/2024_phase2_Cont01_Norm_filter_S122_R1_trim.fastq -p /scratch4/workspace/jade_fiorilla_student_uml_edu-rawseqorcc/trimmed-cutadapt-fastp/2024_phase2_Cont01_Norm_filter_S122_R2_trim.fastq /scratch4/workspace/jade_fiorilla_student_uml_edu-rawseqorcc/trimmed-fastp/2024_phase2_Cont01_Norm_filter_S122_R1_trim.fastq.gz /scratch4/workspace/jade_fiorilla_student_uml_edu-rawseqorcc/trimmed-fastp/2024_phase2_Cont01_Norm_filter_S122_R2_trim.fastq.gz
Processing paired-end reads on 6 cores ...

=== Summary ===

Total read pairs processed:          1,256,487
  Read 1 with adapter:               1,187,401 (94.5%)
  Read 2 with adapter:               1,149,599 (91.5%)
Pairs written (passing filters):     1,256,487 (100.0%)

Total basepairs processed:   681,822,625 bp
  Read 1:   340,930,185 bp
  Read 2:   340,892,440 bp
Total written (filtered):    631,673,213 bp (92.6%)
  Read 1:   316,032,978 bp
  Read 2:   315,640,235 bp

=== First read: Adapter 1 ===

Sequence: GTGYCAGCMGCCGCGGTAA; Type: regular 5'; Length: 19; Trimmed: 1187401 times

Minimum overlap: 3
No. of allowed errors:
1-9 bp: 0; 10-19 bp: 1

Overview of removed sequences
length	count	expect	max.err	error counts
3	20	19632.6	0	20
9	6	4.8	0	6
10	5	1.2	1	5
11	8	0.3	1	8
12	72	0.1	1	67 5
14	5	0.0	1	2 3
15	10	0.0	1	4 6
16	26	0.0	1	21 5
17	45	0.0	1	23 22
18	92	0.0	1	50 42
19	14454	0.0	1	13268 1186
20	12070	0.0	1	6927 5143
21	1156895	0.0	1	1086446 70449
22	3610	0.0	1	1293 2317
23	7	0.0	1	4 3
24	5	0.0	1	5
25	1	0.0	1	1
26	4	0.0	1	2 2
27	4	0.0	1	4
28	7	0.0	1	7
29	2	0.0	1	2
30	1	0.0	1	1
31	2	0.0	1	0 2
32	4	0.0	1	3 1
33	5	0.0	1	5
34	7	0.0	1	7
35	4	0.0	1	0 4
36	3	0.0	1	3
37	4	0.0	1	4
38	4	0.0	1	4
40	2	0.0	1	2
41	5	0.0	1	4 1
42	1	0.0	1	1
43	2	0.0	1	2
44	2	0.0	1	2
45	1	0.0	1	1
46	1	0.0	1	0 1
49	1	0.0	1	1
50	1	0.0	1	0 1
51	1	0.0	1	0 1
54	2	0.0	1	2


=== Second read: Adapter 2 ===

Sequence: GGACTACNVGGGTWTCTAAT; Type: regular 5'; Length: 20; Trimmed: 1149599 times

Minimum overlap: 3
No. of allowed errors:
1-9 bp: 0; 10-19 bp: 1

Overview of removed sequences
length	count	expect	max.err	error counts
3	16	19632.6	0	16
4	1	4908.2	0	1
8	1	19.2	0	1
9	1	4.8	0	1
10	10	1.2	1	9 1
11	2	0.3	1	1 1
12	10	0.1	1	6 4
13	19	0.0	1	16 3
14	22	0.0	1	10 12
15	23	0.0	1	2 21
16	19	0.0	1	9 10
17	27	0.0	1	17 10
18	47	0.0	1	41 6
19	155	0.0	1	72 83
20	14961	0.0	1	14412 549
21	10917	0.0	1	4839 6078
22	1120148	0.0	1	1095260 24888
23	3132	0.0	1	1358 1774
24	32	0.0	1	15 17
25	7	0.0	1	7
26	8	0.0	1	6 2
27	5	0.0	1	4 1
29	1	0.0	1	1
30	2	0.0	1	2
31	2	0.0	1	2
32	2	0.0	1	2
33	5	0.0	1	3 2
34	1	0.0	1	1
35	2	0.0	1	1 1
36	3	0.0	1	3
37	5	0.0	1	5
41	1	0.0	1	1
42	1	0.0	1	0 1
43	1	0.0	1	1
45	1	0.0	1	1
46	1	0.0	1	1
47	1	0.0	1	1
48	3	0.0	1	3
49	3	0.0	1	3
53	1	0.0	1	1
Running cutadapt on: 2024_phase2_Cont03_Hyp_filter_S111
This is cutadapt 5.2 with Python 3.13.15
Command line parameters: -j 6 -g GTGYCAGCMGCCGCGGTAA -G GGACTACNVGGGTWTCTAAT -o /scratch4/workspace/jade_fiorilla_student_uml_edu-rawseqorcc/trimmed-cutadapt-fastp/2024_phase2_Cont03_Hyp_filter_S111_R1_trim.fastq -p /scratch4/workspace/jade_fiorilla_student_uml_edu-rawseqorcc/trimmed-cutadapt-fastp/2024_phase2_Cont03_Hyp_filter_S111_R2_trim.fastq /scratch4/workspace/jade_fiorilla_student_uml_edu-rawseqorcc/trimmed-fastp/2024_phase2_Cont03_Hyp_filter_S111_R1_trim.fastq.gz /scratch4/workspace/jade_fiorilla_student_uml_edu-rawseqorcc/trimmed-fastp/2024_phase2_Cont03_Hyp_filter_S111_R2_trim.fastq.gz
Processing paired-end reads on 6 cores ...

=== Summary ===

Total read pairs processed:            546,159
  Read 1 with adapter:                 539,778 (98.8%)
  Read 2 with adapter:                 531,452 (97.3%)
Pairs written (passing filters):       546,159 (100.0%)

Total basepairs processed:   312,502,350 bp
  Read 1:   156,251,252 bp
  Read 2:   156,251,098 bp
Total written (filtered):    291,591,107 bp (93.3%)
  Read 1:   145,977,318 bp
  Read 2:   145,613,789 bp

=== First read: Adapter 1 ===

Sequence: GTGYCAGCMGCCGCGGTAA; Type: regular 5'; Length: 19; Trimmed: 539778 times

Minimum overlap: 3
No. of allowed errors:
1-9 bp: 0; 10-19 bp: 1

Overview of removed sequences
length	count	expect	max.err	error counts
3	12	8533.7	0	12
9	5	2.1	0	5
12	29	0.0	1	29
13	6	0.0	1	5 1
14	5	0.0	1	3 2
15	5	0.0	1	3 2
16	19	0.0	1	15 4
17	45	0.0	1	31 14
18	1321	0.0	1	275 1046
19	526287	0.0	1	486318 39969
20	5384	0.0	1	3876 1508
21	5322	0.0	1	4523 799
22	1315	0.0	1	952 363
23	10	0.0	1	3 7
24	4	0.0	1	4
26	1	0.0	1	1
27	1	0.0	1	1
28	2	0.0	1	0 2
32	2	0.0	1	2
34	1	0.0	1	0 1
36	1	0.0	1	1
41	1	0.0	1	1


=== Second read: Adapter 2 ===

Sequence: GGACTACNVGGGTWTCTAAT; Type: regular 5'; Length: 20; Trimmed: 531452 times

Minimum overlap: 3
No. of allowed errors:
1-9 bp: 0; 10-19 bp: 1

Overview of removed sequences
length	count	expect	max.err	error counts
3	13	8533.7	0	13
9	2	2.1	0	2
10	4	0.5	1	4
12	2	0.0	1	2
13	3	0.0	1	2 1
14	10	0.0	1	4 6
15	6	0.0	1	2 4
16	8	0.0	1	4 4
17	8	0.0	1	7 1
18	20	0.0	1	13 7
19	2524	0.0	1	346 2178
20	521812	0.0	1	514538 7274
21	3630	0.0	1	2576 1054
22	2729	0.0	1	2579 150
23	659	0.0	1	580 79
24	6	0.0	1	6
25	1	0.0	1	1
26	3	0.0	1	3
28	1	0.0	1	0 1
29	1	0.0	1	0 1
31	2	0.0	1	2
33	1	0.0	1	0 1
34	2	0.0	1	2
39	1	0.0	1	1
41	2	0.0	1	2
43	2	0.0	1	2
Running cutadapt on: 2024_phase2_Cont03_Norm_filter_S123
This is cutadapt 5.2 with Python 3.13.15
Command line parameters: -j 6 -g GTGYCAGCMGCCGCGGTAA -G GGACTACNVGGGTWTCTAAT -o /scratch4/workspace/jade_fiorilla_student_uml_edu-rawseqorcc/trimmed-cutadapt-fastp/2024_phase2_Cont03_Norm_filter_S123_R1_trim.fastq -p /scratch4/workspace/jade_fiorilla_student_uml_edu-rawseqorcc/trimmed-cutadapt-fastp/2024_phase2_Cont03_Norm_filter_S123_R2_trim.fastq /scratch4/workspace/jade_fiorilla_student_uml_edu-rawseqorcc/trimmed-fastp/2024_phase2_Cont03_Norm_filter_S123_R1_trim.fastq.gz /scratch4/workspace/jade_fiorilla_student_uml_edu-rawseqorcc/trimmed-fastp/2024_phase2_Cont03_Norm_filter_S123_R2_trim.fastq.gz
Processing paired-end reads on 6 cores ...

=== Summary ===

Total read pairs processed:            899,038
  Read 1 with adapter:                 892,140 (99.2%)
  Read 2 with adapter:                 886,756 (98.6%)
Pairs written (passing filters):       899,038 (100.0%)

Total basepairs processed:   527,538,161 bp
  Read 1:   263,767,530 bp
  Read 2:   263,770,631 bp
Total written (filtered):    489,372,177 bp (92.8%)
  Read 1:   245,070,852 bp
  Read 2:   244,301,325 bp

=== First read: Adapter 1 ===

Sequence: GTGYCAGCMGCCGCGGTAA; Type: regular 5'; Length: 19; Trimmed: 892140 times

Minimum overlap: 3
No. of allowed errors:
1-9 bp: 0; 10-19 bp: 1

Overview of removed sequences
length	count	expect	max.err	error counts
3	6	14047.5	0	6
11	1	0.2	1	0 1
12	43	0.1	1	38 5
13	7	0.0	1	4 3
14	4	0.0	1	2 2
15	5	0.0	1	3 2
16	10	0.0	1	7 3
17	24	0.0	1	7 17
18	97	0.0	1	56 41
19	15824	0.0	1	14135 1689
20	8927	0.0	1	5660 3267
21	864383	0.0	1	834946 29437
22	2739	0.0	1	1493 1246
23	13	0.0	1	12 1
24	4	0.0	1	3 1
25	7	0.0	1	7
26	2	0.0	1	2
27	7	0.0	1	6 1
28	3	0.0	1	3
29	2	0.0	1	2
30	5	0.0	1	5
31	4	0.0	1	3 1
32	4	0.0	1	3 1
33	1	0.0	1	1
34	3	0.0	1	3
35	2	0.0	1	2
37	1	0.0	1	1
38	3	0.0	1	2 1
39	2	0.0	1	2
42	2	0.0	1	2
44	2	0.0	1	2
46	2	0.0	1	2
47	1	0.0	1	1


=== Second read: Adapter 2 ===

Sequence: GGACTACNVGGGTWTCTAAT; Type: regular 5'; Length: 20; Trimmed: 886756 times

Minimum overlap: 3
No. of allowed errors:
1-9 bp: 0; 10-19 bp: 1

Overview of removed sequences
length	count	expect	max.err	error counts
3	5	14047.5	0	5
10	6	0.9	1	6
11	9	0.2	1	5 4
12	5	0.1	1	3 2
13	14	0.0	1	10 4
14	24	0.0	1	11 13
15	6	0.0	1	4 2
16	10	0.0	1	4 6
17	16	0.0	1	11 5
18	36	0.0	1	24 12
19	139	0.0	1	44 95
20	16064	0.0	1	15545 519
21	8564	0.0	1	3832 4732
22	859364	0.0	1	848076 11288
23	2448	0.0	1	1208 1240
24	15	0.0	1	10 5
25	7	0.0	1	7
26	3	0.0	1	2 1
27	4	0.0	1	4
28	2	0.0	1	2
29	1	0.0	1	1
30	1	0.0	1	0 1
31	2	0.0	1	1 1
32	4	0.0	1	3 1
33	2	0.0	1	2
39	1	0.0	1	1
41	1	0.0	1	1
43	1	0.0	1	1
46	2	0.0	1	2
Running cutadapt on: 2024_phase2_Cont06_Hyp_filter_S112
This is cutadapt 5.2 with Python 3.13.15
Command line parameters: -j 6 -g GTGYCAGCMGCCGCGGTAA -G GGACTACNVGGGTWTCTAAT -o /scratch4/workspace/jade_fiorilla_student_uml_edu-rawseqorcc/trimmed-cutadapt-fastp/2024_phase2_Cont06_Hyp_filter_S112_R1_trim.fastq -p /scratch4/workspace/jade_fiorilla_student_uml_edu-rawseqorcc/trimmed-cutadapt-fastp/2024_phase2_Cont06_Hyp_filter_S112_R2_trim.fastq /scratch4/workspace/jade_fiorilla_student_uml_edu-rawseqorcc/trimmed-fastp/2024_phase2_Cont06_Hyp_filter_S112_R1_trim.fastq.gz /scratch4/workspace/jade_fiorilla_student_uml_edu-rawseqorcc/trimmed-fastp/2024_phase2_Cont06_Hyp_filter_S112_R2_trim.fastq.gz
Processing paired-end reads on 6 cores ...

=== Summary ===

Total read pairs processed:            722,471
  Read 1 with adapter:                 691,675 (95.7%)
  Read 2 with adapter:                 655,350 (90.7%)
Pairs written (passing filters):       722,471 (100.0%)

Total basepairs processed:   387,065,335 bp
  Read 1:   193,538,189 bp
  Read 2:   193,527,146 bp
Total written (filtered):    360,792,600 bp (93.2%)
  Read 1:   180,380,421 bp
  Read 2:   180,412,179 bp

=== First read: Adapter 1 ===

Sequence: GTGYCAGCMGCCGCGGTAA; Type: regular 5'; Length: 19; Trimmed: 691675 times

Minimum overlap: 3
No. of allowed errors:
1-9 bp: 0; 10-19 bp: 1

Overview of removed sequences
length	count	expect	max.err	error counts
3	4	11288.6	0	4
9	2	2.8	0	2
11	1	0.2	1	1
12	31	0.0	1	30 1
13	3	0.0	1	2 1
14	3	0.0	1	0 3
15	6	0.0	1	2 4
16	29	0.0	1	24 5
17	64	0.0	1	45 19
18	1686	0.0	1	321 1365
19	676463	0.0	1	584078 92385
20	8966	0.0	1	6133 2833
21	4248	0.0	1	3931 317
22	146	0.0	1	15 131
23	3	0.0	1	3
24	2	0.0	1	0 2
25	1	0.0	1	1
26	2	0.0	1	0 2
27	3	0.0	1	3
30	2	0.0	1	1 1
36	1	0.0	1	1
37	2	0.0	1	1 1
40	5	0.0	1	5
51	2	0.0	1	2


=== Second read: Adapter 2 ===

Sequence: GGACTACNVGGGTWTCTAAT; Type: regular 5'; Length: 20; Trimmed: 655350 times

Minimum overlap: 3
No. of allowed errors:
1-9 bp: 0; 10-19 bp: 1

Overview of removed sequences
length	count	expect	max.err	error counts
3	5	11288.6	0	5
10	3	0.7	1	3
11	2	0.2	1	2
12	5	0.0	1	5
13	6	0.0	1	6
14	8	0.0	1	4 4
15	7	0.0	1	5 2
16	6	0.0	1	2 4
17	19	0.0	1	13 6
18	53	0.0	1	30 23
19	2955	0.0	1	478 2477
20	643699	0.0	1	633899 9800
21	5941	0.0	1	4502 1439
22	2603	0.0	1	2495 108
23	23	0.0	1	14 9
26	1	0.0	1	0 1
28	1	0.0	1	1
29	5	0.0	1	5
30	4	0.0	1	4
37	1	0.0	1	1
42	1	0.0	1	1
46	1	0.0	1	1
47	1	0.0	1	1
Running cutadapt on: 2024_phase2_Cont06_Norm_filter_S124
This is cutadapt 5.2 with Python 3.13.15
Command line parameters: -j 6 -g GTGYCAGCMGCCGCGGTAA -G GGACTACNVGGGTWTCTAAT -o /scratch4/workspace/jade_fiorilla_student_uml_edu-rawseqorcc/trimmed-cutadapt-fastp/2024_phase2_Cont06_Norm_filter_S124_R1_trim.fastq -p /scratch4/workspace/jade_fiorilla_student_uml_edu-rawseqorcc/trimmed-cutadapt-fastp/2024_phase2_Cont06_Norm_filter_S124_R2_trim.fastq /scratch4/workspace/jade_fiorilla_student_uml_edu-rawseqorcc/trimmed-fastp/2024_phase2_Cont06_Norm_filter_S124_R1_trim.fastq.gz /scratch4/workspace/jade_fiorilla_student_uml_edu-rawseqorcc/trimmed-fastp/2024_phase2_Cont06_Norm_filter_S124_R2_trim.fastq.gz
Processing paired-end reads on 6 cores ...

=== Summary ===

Total read pairs processed:          1,122,943
  Read 1 with adapter:               1,117,267 (99.5%)
  Read 2 with adapter:               1,111,777 (99.0%)
Pairs written (passing filters):     1,122,943 (100.0%)

Total basepairs processed:   661,249,787 bp
  Read 1:   330,620,783 bp
  Read 2:   330,629,004 bp
Total written (filtered):    613,409,230 bp (92.8%)
  Read 1:   307,197,955 bp
  Read 2:   306,211,275 bp

=== First read: Adapter 1 ===

Sequence: GTGYCAGCMGCCGCGGTAA; Type: regular 5'; Length: 19; Trimmed: 1117267 times

Minimum overlap: 3
No. of allowed errors:
1-9 bp: 0; 10-19 bp: 1

Overview of removed sequences
length	count	expect	max.err	error counts
3	3	17546.0	0	3
9	4	4.3	0	4
10	2	1.1	1	2
11	3	0.3	1	1 2
12	45	0.1	1	39 6
13	1	0.0	1	1
14	12	0.0	1	3 9
15	8	0.0	1	6 2
16	26	0.0	1	13 13
17	18	0.0	1	13 5
18	81	0.0	1	38 43
19	16461	0.0	1	14848 1613
20	9775	0.0	1	5939 3836
21	1087723	0.0	1	1005279 82444
22	3018	0.0	1	1505 1513
23	13	0.0	1	12 1
24	11	0.0	1	6 5
26	4	0.0	1	3 1
27	4	0.0	1	4
29	6	0.0	1	4 2
30	1	0.0	1	1
31	1	0.0	1	1
32	3	0.0	1	1 2
33	4	0.0	1	2 2
34	1	0.0	1	1
35	5	0.0	1	3 2
36	2	0.0	1	2
37	3	0.0	1	3
38	2	0.0	1	2
39	4	0.0	1	1 3
40	3	0.0	1	3
41	2	0.0	1	2
42	6	0.0	1	6
43	2	0.0	1	2
45	3	0.0	1	3
46	1	0.0	1	1
47	3	0.0	1	3
49	3	0.0	1	3


=== Second read: Adapter 2 ===

Sequence: GGACTACNVGGGTWTCTAAT; Type: regular 5'; Length: 20; Trimmed: 1111777 times

Minimum overlap: 3
No. of allowed errors:
1-9 bp: 0; 10-19 bp: 1

Overview of removed sequences
length	count	expect	max.err	error counts
3	4	17546.0	0	4
4	1	4386.5	0	1
8	2	17.1	0	2
9	1	4.3	0	1
10	5	1.1	1	5
11	8	0.3	1	4 4
12	5	0.1	1	2 3
13	13	0.0	1	9 4
14	15	0.0	1	5 10
15	29	0.0	1	8 21
16	29	0.0	1	11 18
17	28	0.0	1	24 4
18	77	0.0	1	55 22
19	180	0.0	1	44 136
20	16626	0.0	1	16036 590
21	9963	0.0	1	4194 5769
22	1081598	0.0	1	1068314 13284
23	3129	0.0	1	1326 1803
24	7	0.0	1	5 2
25	7	0.0	1	7
26	5	0.0	1	4 1
27	5	0.0	1	5
28	2	0.0	1	2
29	1	0.0	1	1
31	6	0.0	1	6
32	3	0.0	1	2 1
33	3	0.0	1	3
34	9	0.0	1	9
37	1	0.0	1	1
39	1	0.0	1	0 1
40	5	0.0	1	5
44	4	0.0	1	4
45	1	0.0	1	1
46	2	0.0	1	2
47	1	0.0	1	1
48	1	0.0	1	1
Running cutadapt on: 2024_phase2_Hyp01_Hyp_filter_S116
This is cutadapt 5.2 with Python 3.13.15
Command line parameters: -j 6 -g GTGYCAGCMGCCGCGGTAA -G GGACTACNVGGGTWTCTAAT -o /scratch4/workspace/jade_fiorilla_student_uml_edu-rawseqorcc/trimmed-cutadapt-fastp/2024_phase2_Hyp01_Hyp_filter_S116_R1_trim.fastq -p /scratch4/workspace/jade_fiorilla_student_uml_edu-rawseqorcc/trimmed-cutadapt-fastp/2024_phase2_Hyp01_Hyp_filter_S116_R2_trim.fastq /scratch4/workspace/jade_fiorilla_student_uml_edu-rawseqorcc/trimmed-fastp/2024_phase2_Hyp01_Hyp_filter_S116_R1_trim.fastq.gz /scratch4/workspace/jade_fiorilla_student_uml_edu-rawseqorcc/trimmed-fastp/2024_phase2_Hyp01_Hyp_filter_S116_R2_trim.fastq.gz
Processing paired-end reads on 6 cores ...

=== Summary ===

Total read pairs processed:          1,068,626
  Read 1 with adapter:               1,052,695 (98.5%)
  Read 2 with adapter:               1,032,738 (96.6%)
Pairs written (passing filters):     1,068,626 (100.0%)

Total basepairs processed:   607,167,040 bp
  Read 1:   303,583,951 bp
  Read 2:   303,583,089 bp
Total written (filtered):    566,486,536 bp (93.3%)
  Read 1:   283,565,378 bp
  Read 2:   282,921,158 bp

=== First read: Adapter 1 ===

Sequence: GTGYCAGCMGCCGCGGTAA; Type: regular 5'; Length: 19; Trimmed: 1052695 times

Minimum overlap: 3
No. of allowed errors:
1-9 bp: 0; 10-19 bp: 1

Overview of removed sequences
length	count	expect	max.err	error counts
3	17	16697.3	0	17
5	1	1043.6	0	1
9	3	4.1	0	3
10	2	1.0	1	2
12	62	0.1	1	55 7
13	14	0.0	1	8 6
14	8	0.0	1	0 8
15	17	0.0	1	1 16
16	28	0.0	1	18 10
17	103	0.0	1	69 34
18	2581	0.0	1	487 2094
19	1035861	0.0	1	944706 91155
20	8266	0.0	1	5521 2745
21	4541	0.0	1	4123 418
22	1144	0.0	1	869 275
23	16	0.0	1	12 4
24	9	0.0	1	9
26	2	0.0	1	2
28	2	0.0	1	2
29	2	0.0	1	2
30	4	0.0	1	4
32	2	0.0	1	2
34	3	0.0	1	3
36	2	0.0	1	2
37	1	0.0	1	1
40	3	0.0	1	3
47	1	0.0	1	1


=== Second read: Adapter 2 ===

Sequence: GGACTACNVGGGTWTCTAAT; Type: regular 5'; Length: 20; Trimmed: 1032738 times

Minimum overlap: 3
No. of allowed errors:
1-9 bp: 0; 10-19 bp: 1

Overview of removed sequences
length	count	expect	max.err	error counts
3	12	16697.3	0	12
9	1	4.1	0	1
10	1	1.0	1	1
11	1	0.3	1	1
12	3	0.1	1	3
13	8	0.0	1	5 3
14	10	0.0	1	5 5
15	11	0.0	1	8 3
16	17	0.0	1	5 12
17	18	0.0	1	6 12
18	51	0.0	1	43 8
19	4756	0.0	1	685 4071
20	1019032	0.0	1	1004704 14328
21	5709	0.0	1	3826 1883
22	2606	0.0	1	2491 115
23	471	0.0	1	394 77
24	9	0.0	1	7 2
25	4	0.0	1	4
26	1	0.0	1	1
27	4	0.0	1	3 1
28	3	0.0	1	2 1
29	4	0.0	1	2 2
33	1	0.0	1	0 1
34	1	0.0	1	1
35	1	0.0	1	1
36	1	0.0	1	1
39	2	0.0	1	2
Running cutadapt on: 2024_phase2_Hyp01_Norm_filter_S128
This is cutadapt 5.2 with Python 3.13.15
Command line parameters: -j 6 -g GTGYCAGCMGCCGCGGTAA -G GGACTACNVGGGTWTCTAAT -o /scratch4/workspace/jade_fiorilla_student_uml_edu-rawseqorcc/trimmed-cutadapt-fastp/2024_phase2_Hyp01_Norm_filter_S128_R1_trim.fastq -p /scratch4/workspace/jade_fiorilla_student_uml_edu-rawseqorcc/trimmed-cutadapt-fastp/2024_phase2_Hyp01_Norm_filter_S128_R2_trim.fastq /scratch4/workspace/jade_fiorilla_student_uml_edu-rawseqorcc/trimmed-fastp/2024_phase2_Hyp01_Norm_filter_S128_R1_trim.fastq.gz /scratch4/workspace/jade_fiorilla_student_uml_edu-rawseqorcc/trimmed-fastp/2024_phase2_Hyp01_Norm_filter_S128_R2_trim.fastq.gz
Processing paired-end reads on 6 cores ...

=== Summary ===

Total read pairs processed:            932,274
  Read 1 with adapter:                 926,980 (99.4%)
  Read 2 with adapter:                 922,381 (98.9%)
Pairs written (passing filters):       932,274 (100.0%)

Total basepairs processed:   549,079,466 bp
  Read 1:   274,537,639 bp
  Read 2:   274,541,827 bp
Total written (filtered):    509,350,604 bp (92.8%)
  Read 1:   255,089,099 bp
  Read 2:   254,261,505 bp

=== First read: Adapter 1 ===

Sequence: GTGYCAGCMGCCGCGGTAA; Type: regular 5'; Length: 19; Trimmed: 926980 times

Minimum overlap: 3
No. of allowed errors:
1-9 bp: 0; 10-19 bp: 1

Overview of removed sequences
length	count	expect	max.err	error counts
3	9	14566.8	0	9
8	4	14.2	0	4
9	3	3.6	0	3
10	3	0.9	1	1 2
12	43	0.1	1	41 2
13	4	0.0	1	3 1
14	8	0.0	1	8
15	3	0.0	1	2 1
16	24	0.0	1	16 8
17	21	0.0	1	12 9
18	47	0.0	1	26 21
19	5703	0.0	1	4850 853
20	8772	0.0	1	5434 3338
21	909440	0.0	1	845782 63658
22	2851	0.0	1	1564 1287
23	4	0.0	1	3 1
24	4	0.0	1	0 4
25	10	0.0	1	7 3
26	2	0.0	1	1 1
28	4	0.0	1	4
29	3	0.0	1	3
30	1	0.0	1	1
31	1	0.0	1	1
32	1	0.0	1	0 1
33	1	0.0	1	1
34	1	0.0	1	1
35	2	0.0	1	1 1
36	2	0.0	1	2
38	2	0.0	1	2
39	2	0.0	1	1 1
40	3	0.0	1	3
41	1	0.0	1	1
47	1	0.0	1	1


=== Second read: Adapter 2 ===

Sequence: GGACTACNVGGGTWTCTAAT; Type: regular 5'; Length: 20; Trimmed: 922381 times

Minimum overlap: 3
No. of allowed errors:
1-9 bp: 0; 10-19 bp: 1

Overview of removed sequences
length	count	expect	max.err	error counts
3	8	14566.8	0	8
4	1	3641.7	0	1
9	1	3.6	0	1
10	7	0.9	1	7
11	8	0.2	1	3 5
12	12	0.1	1	6 6
13	13	0.0	1	12 1
14	12	0.0	1	8 4
15	20	0.0	1	16 4
16	12	0.0	1	1 11
17	33	0.0	1	26 7
18	36	0.0	1	24 12
19	71	0.0	1	42 29
20	3271	0.0	1	3144 127
21	8291	0.0	1	3416 4875
22	906675	0.0	1	894981 11694
23	3865	0.0	1	2534 1331
24	14	0.0	1	8 6
25	4	0.0	1	4
27	3	0.0	1	3
28	1	0.0	1	1
29	5	0.0	1	3 2
31	4	0.0	1	1 3
33	7	0.0	1	6 1
36	1	0.0	1	1
37	1	0.0	1	1
38	1	0.0	1	1
40	1	0.0	1	1
41	2	0.0	1	2
42	1	0.0	1	1
Running cutadapt on: 2024_phase2_Hyp03_Hyp_filter_S117
This is cutadapt 5.2 with Python 3.13.15
Command line parameters: -j 6 -g GTGYCAGCMGCCGCGGTAA -G GGACTACNVGGGTWTCTAAT -o /scratch4/workspace/jade_fiorilla_student_uml_edu-rawseqorcc/trimmed-cutadapt-fastp/2024_phase2_Hyp03_Hyp_filter_S117_R1_trim.fastq -p /scratch4/workspace/jade_fiorilla_student_uml_edu-rawseqorcc/trimmed-cutadapt-fastp/2024_phase2_Hyp03_Hyp_filter_S117_R2_trim.fastq /scratch4/workspace/jade_fiorilla_student_uml_edu-rawseqorcc/trimmed-fastp/2024_phase2_Hyp03_Hyp_filter_S117_R1_trim.fastq.gz /scratch4/workspace/jade_fiorilla_student_uml_edu-rawseqorcc/trimmed-fastp/2024_phase2_Hyp03_Hyp_filter_S117_R2_trim.fastq.gz
Processing paired-end reads on 6 cores ...

=== Summary ===

Total read pairs processed:            832,289
  Read 1 with adapter:                 825,471 (99.2%)
  Read 2 with adapter:                 816,617 (98.1%)
Pairs written (passing filters):       832,289 (100.0%)

Total basepairs processed:   479,517,241 bp
  Read 1:   239,757,579 bp
  Read 2:   239,759,662 bp
Total written (filtered):    447,478,520 bp (93.3%)
  Read 1:   224,058,608 bp
  Read 2:   223,419,912 bp

=== First read: Adapter 1 ===

Sequence: GTGYCAGCMGCCGCGGTAA; Type: regular 5'; Length: 19; Trimmed: 825471 times

Minimum overlap: 3
No. of allowed errors:
1-9 bp: 0; 10-19 bp: 1

Overview of removed sequences
length	count	expect	max.err	error counts
3	4	13004.5	0	4
9	4	3.2	0	4
11	3	0.2	1	1 2
12	38	0.0	1	35 3
13	6	0.0	1	5 1
14	8	0.0	1	1 7
15	3	0.0	1	2 1
16	33	0.0	1	22 11
17	53	0.0	1	38 15
18	1960	0.0	1	342 1618
19	812251	0.0	1	744195 68056
20	5534	0.0	1	3655 1879
21	4837	0.0	1	4472 365
22	705	0.0	1	648 57
23	6	0.0	1	5 1
24	1	0.0	1	1
25	1	0.0	1	1
26	2	0.0	1	2
27	4	0.0	1	4
29	2	0.0	1	1 1
30	5	0.0	1	5
33	1	0.0	1	1
34	3	0.0	1	3
35	1	0.0	1	1
37	3	0.0	1	3
38	1	0.0	1	1
40	2	0.0	1	2


=== Second read: Adapter 2 ===

Sequence: GGACTACNVGGGTWTCTAAT; Type: regular 5'; Length: 20; Trimmed: 816617 times

Minimum overlap: 3
No. of allowed errors:
1-9 bp: 0; 10-19 bp: 1

Overview of removed sequences
length	count	expect	max.err	error counts
10	1	0.8	1	1
11	3	0.2	1	2 1
12	10	0.0	1	9 1
13	8	0.0	1	7 1
14	9	0.0	1	6 3
15	5	0.0	1	1 4
16	14	0.0	1	6 8
17	17	0.0	1	15 2
18	75	0.0	1	40 35
19	3863	0.0	1	583 3280
20	804963	0.0	1	794829 10134
21	4224	0.0	1	2724 1500
22	2880	0.0	1	2740 140
23	517	0.0	1	491 26
24	11	0.0	1	7 4
25	2	0.0	1	2
26	2	0.0	1	2
27	4	0.0	1	2 2
30	1	0.0	1	1
31	2	0.0	1	2
32	2	0.0	1	1 1
34	1	0.0	1	1
40	1	0.0	1	1
46	1	0.0	1	0 1
57	1	0.0	1	1
Running cutadapt on: 2024_phase2_Hyp03_Norm_filter_S129
This is cutadapt 5.2 with Python 3.13.15
Command line parameters: -j 6 -g GTGYCAGCMGCCGCGGTAA -G GGACTACNVGGGTWTCTAAT -o /scratch4/workspace/jade_fiorilla_student_uml_edu-rawseqorcc/trimmed-cutadapt-fastp/2024_phase2_Hyp03_Norm_filter_S129_R1_trim.fastq -p /scratch4/workspace/jade_fiorilla_student_uml_edu-rawseqorcc/trimmed-cutadapt-fastp/2024_phase2_Hyp03_Norm_filter_S129_R2_trim.fastq /scratch4/workspace/jade_fiorilla_student_uml_edu-rawseqorcc/trimmed-fastp/2024_phase2_Hyp03_Norm_filter_S129_R1_trim.fastq.gz /scratch4/workspace/jade_fiorilla_student_uml_edu-rawseqorcc/trimmed-fastp/2024_phase2_Hyp03_Norm_filter_S129_R2_trim.fastq.gz
Processing paired-end reads on 6 cores ...

=== Summary ===

Total read pairs processed:            882,081
  Read 1 with adapter:                 877,823 (99.5%)
  Read 2 with adapter:                 873,387 (99.0%)
Pairs written (passing filters):       882,081 (100.0%)

Total basepairs processed:   519,793,094 bp
  Read 1:   259,892,782 bp
  Read 2:   259,900,312 bp
Total written (filtered):    482,175,938 bp (92.8%)
  Read 1:   241,477,904 bp
  Read 2:   240,698,034 bp

=== First read: Adapter 1 ===

Sequence: GTGYCAGCMGCCGCGGTAA; Type: regular 5'; Length: 19; Trimmed: 877823 times

Minimum overlap: 3
No. of allowed errors:
1-9 bp: 0; 10-19 bp: 1

Overview of removed sequences
length	count	expect	max.err	error counts
3	8	13782.5	0	8
8	1	13.5	0	1
9	2	3.4	0	2
10	1	0.8	1	0 1
12	44	0.1	1	40 4
13	7	0.0	1	5 2
14	3	0.0	1	3
15	6	0.0	1	2 4
16	16	0.0	1	9 7
17	18	0.0	1	11 7
18	55	0.0	1	30 25
19	5641	0.0	1	4884 757
20	10452	0.0	1	7327 3125
21	858641	0.0	1	799919 58722
22	2882	0.0	1	1640 1242
23	10	0.0	1	7 3
24	1	0.0	1	1
25	2	0.0	1	2
27	4	0.0	1	4
28	7	0.0	1	7
30	1	0.0	1	1
31	1	0.0	1	1
32	3	0.0	1	3
33	1	0.0	1	0 1
35	2	0.0	1	0 2
36	6	0.0	1	5 1
37	2	0.0	1	2
40	3	0.0	1	3
48	1	0.0	1	1
52	1	0.0	1	1
53	1	0.0	1	1


=== Second read: Adapter 2 ===

Sequence: GGACTACNVGGGTWTCTAAT; Type: regular 5'; Length: 20; Trimmed: 873387 times

Minimum overlap: 3
No. of allowed errors:
1-9 bp: 0; 10-19 bp: 1

Overview of removed sequences
length	count	expect	max.err	error counts
3	9	13782.5	0	9
4	1	3445.6	0	1
9	2	3.4	0	2
10	10	0.8	1	10
11	3	0.2	1	2 1
12	18	0.1	1	7 11
13	10	0.0	1	6 4
14	16	0.0	1	7 9
15	12	0.0	1	5 7
16	27	0.0	1	17 10
17	22	0.0	1	16 6
18	56	0.0	1	35 21
19	90	0.0	1	58 32
20	3134	0.0	1	2991 143
21	8804	0.0	1	4041 4763
22	857112	0.0	1	845784 11328
23	3988	0.0	1	2592 1396
24	21	0.0	1	14 7
25	7	0.0	1	7
26	9	0.0	1	8 1
27	9	0.0	1	7 2
28	2	0.0	1	2
29	5	0.0	1	5
30	2	0.0	1	2
31	2	0.0	1	2
32	6	0.0	1	6
33	3	0.0	1	3
34	2	0.0	1	1 1
37	1	0.0	1	1
39	1	0.0	1	1
52	3	0.0	1	3
Running cutadapt on: 2024_phase2_Hyp06_Hyp_filter_S118
This is cutadapt 5.2 with Python 3.13.15
Command line parameters: -j 6 -g GTGYCAGCMGCCGCGGTAA -G GGACTACNVGGGTWTCTAAT -o /scratch4/workspace/jade_fiorilla_student_uml_edu-rawseqorcc/trimmed-cutadapt-fastp/2024_phase2_Hyp06_Hyp_filter_S118_R1_trim.fastq -p /scratch4/workspace/jade_fiorilla_student_uml_edu-rawseqorcc/trimmed-cutadapt-fastp/2024_phase2_Hyp06_Hyp_filter_S118_R2_trim.fastq /scratch4/workspace/jade_fiorilla_student_uml_edu-rawseqorcc/trimmed-fastp/2024_phase2_Hyp06_Hyp_filter_S118_R1_trim.fastq.gz /scratch4/workspace/jade_fiorilla_student_uml_edu-rawseqorcc/trimmed-fastp/2024_phase2_Hyp06_Hyp_filter_S118_R2_trim.fastq.gz
Processing paired-end reads on 6 cores ...

=== Summary ===

Total read pairs processed:          1,360,381
  Read 1 with adapter:               1,346,038 (98.9%)
  Read 2 with adapter:               1,325,564 (97.4%)
Pairs written (passing filters):     1,360,381 (100.0%)

Total basepairs processed:   778,863,440 bp
  Read 1:   389,431,833 bp
  Read 2:   389,431,607 bp
Total written (filtered):    726,758,503 bp (93.3%)
  Read 1:   363,842,902 bp
  Read 2:   362,915,601 bp

=== First read: Adapter 1 ===

Sequence: GTGYCAGCMGCCGCGGTAA; Type: regular 5'; Length: 19; Trimmed: 1346038 times

Minimum overlap: 3
No. of allowed errors:
1-9 bp: 0; 10-19 bp: 1

Overview of removed sequences
length	count	expect	max.err	error counts
3	21	21256.0	0	21
9	4	5.2	0	4
10	3	1.3	1	3
11	1	0.3	1	1
12	66	0.1	1	61 5
13	16	0.0	1	16
14	7	0.0	1	3 4
15	11	0.0	1	5 6
16	48	0.0	1	26 22
17	99	0.0	1	73 26
18	3416	0.0	1	728 2688
19	1330031	0.0	1	1222262 107769
20	7593	0.0	1	5028 2565
21	3210	0.0	1	2863 347
22	1470	0.0	1	1031 439
23	7	0.0	1	4 3
24	2	0.0	1	1 1
25	3	0.0	1	3
26	2	0.0	1	2
28	2	0.0	1	2
29	1	0.0	1	1
32	3	0.0	1	2 1
34	1	0.0	1	1
36	1	0.0	1	1
37	5	0.0	1	4 1
39	8	0.0	1	3 5
40	2	0.0	1	0 2
41	1	0.0	1	1
42	2	0.0	1	2
48	1	0.0	1	1
53	1	0.0	1	0 1


=== Second read: Adapter 2 ===

Sequence: GGACTACNVGGGTWTCTAAT; Type: regular 5'; Length: 20; Trimmed: 1325564 times

Minimum overlap: 3
No. of allowed errors:
1-9 bp: 0; 10-19 bp: 1

Overview of removed sequences
length	count	expect	max.err	error counts
3	16	21256.0	0	16
10	5	1.3	1	4 1
11	4	0.3	1	4
12	14	0.1	1	13 1
13	12	0.0	1	11 1
14	12	0.0	1	2 10
15	11	0.0	1	7 4
16	17	0.0	1	7 10
17	20	0.0	1	14 6
18	79	0.0	1	41 38
19	6238	0.0	1	890 5348
20	1310537	0.0	1	1291891 18646
21	6176	0.0	1	3839 2337
22	1864	0.0	1	1760 104
23	517	0.0	1	484 33
24	2	0.0	1	2
25	3	0.0	1	2 1
26	3	0.0	1	3
27	1	0.0	1	1
28	7	0.0	1	6 1
29	2	0.0	1	1 1
30	6	0.0	1	6
32	5	0.0	1	5
33	1	0.0	1	1
34	5	0.0	1	5
35	2	0.0	1	2
36	1	0.0	1	0 1
41	1	0.0	1	1
48	3	0.0	1	2 1
Running cutadapt on: 2024_phase2_Hyp06_Norm_filter_S130
This is cutadapt 5.2 with Python 3.13.15
Command line parameters: -j 6 -g GTGYCAGCMGCCGCGGTAA -G GGACTACNVGGGTWTCTAAT -o /scratch4/workspace/jade_fiorilla_student_uml_edu-rawseqorcc/trimmed-cutadapt-fastp/2024_phase2_Hyp06_Norm_filter_S130_R1_trim.fastq -p /scratch4/workspace/jade_fiorilla_student_uml_edu-rawseqorcc/trimmed-cutadapt-fastp/2024_phase2_Hyp06_Norm_filter_S130_R2_trim.fastq /scratch4/workspace/jade_fiorilla_student_uml_edu-rawseqorcc/trimmed-fastp/2024_phase2_Hyp06_Norm_filter_S130_R1_trim.fastq.gz /scratch4/workspace/jade_fiorilla_student_uml_edu-rawseqorcc/trimmed-fastp/2024_phase2_Hyp06_Norm_filter_S130_R2_trim.fastq.gz
Processing paired-end reads on 6 cores ...

=== Summary ===

Total read pairs processed:            839,732
  Read 1 with adapter:                 835,926 (99.5%)
  Read 2 with adapter:                 831,218 (99.0%)
Pairs written (passing filters):       839,732 (100.0%)

Total basepairs processed:   494,835,428 bp
  Read 1:   247,414,028 bp
  Read 2:   247,421,400 bp
Total written (filtered):    459,017,452 bp (92.8%)
  Read 1:   229,873,470 bp
  Read 2:   229,143,982 bp

=== First read: Adapter 1 ===

Sequence: GTGYCAGCMGCCGCGGTAA; Type: regular 5'; Length: 19; Trimmed: 835926 times

Minimum overlap: 3
No. of allowed errors:
1-9 bp: 0; 10-19 bp: 1

Overview of removed sequences
length	count	expect	max.err	error counts
3	18	13120.8	0	18
9	6	3.2	0	6
10	1	0.8	1	0 1
11	3	0.2	1	0 3
12	51	0.1	1	48 3
13	3	0.0	1	2 1
14	9	0.0	1	7 2
15	13	0.0	1	10 3
16	16	0.0	1	14 2
17	14	0.0	1	6 8
18	43	0.0	1	21 22
19	4048	0.0	1	3620 428
20	8576	0.0	1	5488 3088
21	819574	0.0	1	774198 45376
22	3484	0.0	1	2049 1435
23	8	0.0	1	6 2
24	6	0.0	1	3 3
25	7	0.0	1	7
26	6	0.0	1	4 2
27	6	0.0	1	4 2
28	4	0.0	1	3 1
29	2	0.0	1	0 2
30	3	0.0	1	3
31	3	0.0	1	3
32	4	0.0	1	3 1
33	2	0.0	1	2
35	4	0.0	1	3 1
37	3	0.0	1	2 1
41	1	0.0	1	1
43	1	0.0	1	1
45	1	0.0	1	1
46	1	0.0	1	1
47	4	0.0	1	4
51	1	0.0	1	1


=== Second read: Adapter 2 ===

Sequence: GGACTACNVGGGTWTCTAAT; Type: regular 5'; Length: 20; Trimmed: 831218 times

Minimum overlap: 3
No. of allowed errors:
1-9 bp: 0; 10-19 bp: 1

Overview of removed sequences
length	count	expect	max.err	error counts
3	17	13120.8	0	17
8	1	12.8	0	1
9	1	3.2	0	1
10	7	0.8	1	7
11	5	0.2	1	5
12	9	0.1	1	4 5
13	8	0.0	1	5 3
14	17	0.0	1	4 13
15	10	0.0	1	5 5
16	20	0.0	1	10 10
17	18	0.0	1	11 7
18	42	0.0	1	33 9
19	60	0.0	1	39 21
20	2349	0.0	1	2206 143
21	7550	0.0	1	3119 4431
22	817042	0.0	1	806350 10692
23	4008	0.0	1	2668 1340
24	23	0.0	1	13 10
25	4	0.0	1	4
26	4	0.0	1	4
27	3	0.0	1	3
28	2	0.0	1	2
29	2	0.0	1	2
30	4	0.0	1	4
31	4	0.0	1	4
32	4	0.0	1	4
33	2	0.0	1	2
36	1	0.0	1	1
40	1	0.0	1	0 1
Running cutadapt on: 2024_phase2_Warm01_Hyp_filter_S113
This is cutadapt 5.2 with Python 3.13.15
Command line parameters: -j 6 -g GTGYCAGCMGCCGCGGTAA -G GGACTACNVGGGTWTCTAAT -o /scratch4/workspace/jade_fiorilla_student_uml_edu-rawseqorcc/trimmed-cutadapt-fastp/2024_phase2_Warm01_Hyp_filter_S113_R1_trim.fastq -p /scratch4/workspace/jade_fiorilla_student_uml_edu-rawseqorcc/trimmed-cutadapt-fastp/2024_phase2_Warm01_Hyp_filter_S113_R2_trim.fastq /scratch4/workspace/jade_fiorilla_student_uml_edu-rawseqorcc/trimmed-fastp/2024_phase2_Warm01_Hyp_filter_S113_R1_trim.fastq.gz /scratch4/workspace/jade_fiorilla_student_uml_edu-rawseqorcc/trimmed-fastp/2024_phase2_Warm01_Hyp_filter_S113_R2_trim.fastq.gz
Processing paired-end reads on 6 cores ...

=== Summary ===

Total read pairs processed:            714,208
  Read 1 with adapter:                 697,396 (97.6%)
  Read 2 with adapter:                 676,756 (94.8%)
Pairs written (passing filters):       714,208 (100.0%)

Total basepairs processed:   398,725,764 bp
  Read 1:   199,365,519 bp
  Read 2:   199,360,245 bp
Total written (filtered):    371,916,986 bp (93.3%)
  Read 1:   186,099,208 bp
  Read 2:   185,817,778 bp

=== First read: Adapter 1 ===

Sequence: GTGYCAGCMGCCGCGGTAA; Type: regular 5'; Length: 19; Trimmed: 697396 times

Minimum overlap: 3
No. of allowed errors:
1-9 bp: 0; 10-19 bp: 1

Overview of removed sequences
length	count	expect	max.err	error counts
3	3	11159.5	0	3
9	3	2.7	0	3
10	1	0.7	1	1
11	1	0.2	1	0 1
12	44	0.0	1	40 4
13	12	0.0	1	8 4
14	12	0.0	1	2 10
15	8	0.0	1	3 5
16	42	0.0	1	26 16
17	51	0.0	1	43 8
18	1663	0.0	1	328 1335
19	681181	0.0	1	608577 72604
20	11111	0.0	1	8604 2507
21	3063	0.0	1	2798 265
22	161	0.0	1	9 152
23	1	0.0	1	1
24	3	0.0	1	3
25	2	0.0	1	2
26	4	0.0	1	4
27	2	0.0	1	2
28	3	0.0	1	3
29	1	0.0	1	1
30	2	0.0	1	2
31	2	0.0	1	1 1
32	3	0.0	1	3
34	3	0.0	1	0 3
36	4	0.0	1	4
37	3	0.0	1	3
40	1	0.0	1	1
42	4	0.0	1	4
43	2	0.0	1	2


=== Second read: Adapter 2 ===

Sequence: GGACTACNVGGGTWTCTAAT; Type: regular 5'; Length: 20; Trimmed: 676756 times

Minimum overlap: 3
No. of allowed errors:
1-9 bp: 0; 10-19 bp: 1

Overview of removed sequences
length	count	expect	max.err	error counts
3	3	11159.5	0	3
10	2	0.7	1	2
11	5	0.2	1	5
12	2	0.0	1	2
13	12	0.0	1	12
14	15	0.0	1	8 7
15	8	0.0	1	4 4
16	21	0.0	1	4 17
17	16	0.0	1	11 5
18	39	0.0	1	24 15
19	3116	0.0	1	435 2681
20	664490	0.0	1	655067 9423
21	7162	0.0	1	5635 1527
22	1827	0.0	1	1735 92
23	20	0.0	1	16 4
24	11	0.0	1	10 1
26	1	0.0	1	1
27	1	0.0	1	0 1
30	1	0.0	1	1
33	1	0.0	1	1
41	3	0.0	1	3
Running cutadapt on: 2024_phase2_Warm01_Norm_filter_S125
This is cutadapt 5.2 with Python 3.13.15
Command line parameters: -j 6 -g GTGYCAGCMGCCGCGGTAA -G GGACTACNVGGGTWTCTAAT -o /scratch4/workspace/jade_fiorilla_student_uml_edu-rawseqorcc/trimmed-cutadapt-fastp/2024_phase2_Warm01_Norm_filter_S125_R1_trim.fastq -p /scratch4/workspace/jade_fiorilla_student_uml_edu-rawseqorcc/trimmed-cutadapt-fastp/2024_phase2_Warm01_Norm_filter_S125_R2_trim.fastq /scratch4/workspace/jade_fiorilla_student_uml_edu-rawseqorcc/trimmed-fastp/2024_phase2_Warm01_Norm_filter_S125_R1_trim.fastq.gz /scratch4/workspace/jade_fiorilla_student_uml_edu-rawseqorcc/trimmed-fastp/2024_phase2_Warm01_Norm_filter_S125_R2_trim.fastq.gz
Processing paired-end reads on 6 cores ...

=== Summary ===

Total read pairs processed:            823,738
  Read 1 with adapter:                 818,907 (99.4%)
  Read 2 with adapter:                 815,198 (99.0%)
Pairs written (passing filters):       823,738 (100.0%)

Total basepairs processed:   484,578,619 bp
  Read 1:   242,287,973 bp
  Read 2:   242,290,646 bp
Total written (filtered):    449,511,291 bp (92.8%)
  Read 1:   225,122,610 bp
  Read 2:   224,388,681 bp

=== First read: Adapter 1 ===

Sequence: GTGYCAGCMGCCGCGGTAA; Type: regular 5'; Length: 19; Trimmed: 818907 times

Minimum overlap: 3
No. of allowed errors:
1-9 bp: 0; 10-19 bp: 1

Overview of removed sequences
length	count	expect	max.err	error counts
3	6	12870.9	0	6
9	1	3.1	0	1
11	3	0.2	1	2 1
12	41	0.0	1	37 4
13	7	0.0	1	5 2
14	3	0.0	1	1 2
15	6	0.0	1	1 5
16	21	0.0	1	16 5
17	12	0.0	1	7 5
18	61	0.0	1	32 29
19	13627	0.0	1	12144 1483
20	6481	0.0	1	3962 2519
21	796295	0.0	1	721458 74837
22	2276	0.0	1	1213 1063
23	3	0.0	1	2 1
24	4	0.0	1	4
25	7	0.0	1	6 1
26	5	0.0	1	5
27	7	0.0	1	7
28	2	0.0	1	2
29	1	0.0	1	1
30	8	0.0	1	8
31	2	0.0	1	1 1
32	2	0.0	1	2
33	2	0.0	1	0 2
35	1	0.0	1	0 1
36	6	0.0	1	5 1
37	4	0.0	1	3 1
39	4	0.0	1	4
40	2	0.0	1	2
43	1	0.0	1	1
44	3	0.0	1	0 3
48	1	0.0	1	1
54	1	0.0	1	0 1
62	1	0.0	1	1


=== Second read: Adapter 2 ===

Sequence: GGACTACNVGGGTWTCTAAT; Type: regular 5'; Length: 20; Trimmed: 815198 times

Minimum overlap: 3
No. of allowed errors:
1-9 bp: 0; 10-19 bp: 1

Overview of removed sequences
length	count	expect	max.err	error counts
3	2	12870.9	0	2
9	2	3.1	0	2
10	11	0.8	1	10 1
11	1	0.2	1	1
12	5	0.0	1	2 3
13	7	0.0	1	5 2
14	17	0.0	1	5 12
15	9	0.0	1	1 8
16	11	0.0	1	1 10
17	24	0.0	1	14 10
18	39	0.0	1	27 12
19	128	0.0	1	50 78
20	13268	0.0	1	12842 426
21	7500	0.0	1	3132 4368
22	791791	0.0	1	782553 9238
23	2334	0.0	1	1155 1179
24	1	0.0	1	0 1
25	6	0.0	1	5 1
26	8	0.0	1	7 1
27	1	0.0	1	1
28	2	0.0	1	2
29	3	0.0	1	3
31	1	0.0	1	1
32	8	0.0	1	8
33	4	0.0	1	4
36	2	0.0	1	1 1
38	1	0.0	1	1
40	2	0.0	1	2
43	7	0.0	1	7
46	1	0.0	1	1
63	2	0.0	1	2
Running cutadapt on: 2024_phase2_Warm03_Hyp_filter_S114
This is cutadapt 5.2 with Python 3.13.15
Command line parameters: -j 6 -g GTGYCAGCMGCCGCGGTAA -G GGACTACNVGGGTWTCTAAT -o /scratch4/workspace/jade_fiorilla_student_uml_edu-rawseqorcc/trimmed-cutadapt-fastp/2024_phase2_Warm03_Hyp_filter_S114_R1_trim.fastq -p /scratch4/workspace/jade_fiorilla_student_uml_edu-rawseqorcc/trimmed-cutadapt-fastp/2024_phase2_Warm03_Hyp_filter_S114_R2_trim.fastq /scratch4/workspace/jade_fiorilla_student_uml_edu-rawseqorcc/trimmed-fastp/2024_phase2_Warm03_Hyp_filter_S114_R1_trim.fastq.gz /scratch4/workspace/jade_fiorilla_student_uml_edu-rawseqorcc/trimmed-fastp/2024_phase2_Warm03_Hyp_filter_S114_R2_trim.fastq.gz
Processing paired-end reads on 6 cores ...

=== Summary ===

Total read pairs processed:            909,480
  Read 1 with adapter:                 900,960 (99.1%)
  Read 2 with adapter:                 890,386 (97.9%)
Pairs written (passing filters):       909,480 (100.0%)

Total basepairs processed:   523,316,025 bp
  Read 1:   261,655,308 bp
  Read 2:   261,660,717 bp
Total written (filtered):    488,364,793 bp (93.3%)
  Read 1:   244,519,132 bp
  Read 2:   243,845,661 bp

=== First read: Adapter 1 ===

Sequence: GTGYCAGCMGCCGCGGTAA; Type: regular 5'; Length: 19; Trimmed: 900960 times

Minimum overlap: 3
No. of allowed errors:
1-9 bp: 0; 10-19 bp: 1

Overview of removed sequences
length	count	expect	max.err	error counts
3	21	14210.6	0	21
9	4	3.5	0	4
12	59	0.1	1	55 4
13	2	0.0	1	2
14	5	0.0	1	1 4
15	4	0.0	1	1 3
16	35	0.0	1	28 7
17	81	0.0	1	58 23
18	2261	0.0	1	472 1789
19	884024	0.0	1	808535 75489
20	9092	0.0	1	6363 2729
21	4258	0.0	1	3936 322
22	1072	0.0	1	625 447
23	2	0.0	1	2
24	6	0.0	1	2 4
25	2	0.0	1	1 1
26	3	0.0	1	3
27	2	0.0	1	2
28	3	0.0	1	3
29	5	0.0	1	5
30	3	0.0	1	3
31	1	0.0	1	0 1
32	5	0.0	1	5
33	1	0.0	1	1
34	1	0.0	1	0 1
35	1	0.0	1	1
39	2	0.0	1	2
42	1	0.0	1	1
43	3	0.0	1	3
47	1	0.0	1	1


=== Second read: Adapter 2 ===

Sequence: GGACTACNVGGGTWTCTAAT; Type: regular 5'; Length: 20; Trimmed: 890386 times

Minimum overlap: 3
No. of allowed errors:
1-9 bp: 0; 10-19 bp: 1

Overview of removed sequences
length	count	expect	max.err	error counts
3	30	14210.6	0	30
11	9	0.2	1	9
12	12	0.1	1	12
13	12	0.0	1	6 6
14	16	0.0	1	5 11
15	4	0.0	1	2 2
16	10	0.0	1	6 4
17	23	0.0	1	19 4
18	76	0.0	1	55 21
19	4181	0.0	1	628 3553
20	876930	0.0	1	864542 12388
21	6147	0.0	1	4264 1883
22	2501	0.0	1	2415 86
23	394	0.0	1	354 40
24	11	0.0	1	4 7
25	3	0.0	1	3
26	3	0.0	1	3
27	7	0.0	1	7
29	4	0.0	1	1 3
30	4	0.0	1	3 1
31	3	0.0	1	3
32	1	0.0	1	1
33	1	0.0	1	1
34	2	0.0	1	1 1
38	1	0.0	1	1
48	1	0.0	1	1
Running cutadapt on: 2024_phase2_Warm03_Norm_filter_S126
This is cutadapt 5.2 with Python 3.13.15
Command line parameters: -j 6 -g GTGYCAGCMGCCGCGGTAA -G GGACTACNVGGGTWTCTAAT -o /scratch4/workspace/jade_fiorilla_student_uml_edu-rawseqorcc/trimmed-cutadapt-fastp/2024_phase2_Warm03_Norm_filter_S126_R1_trim.fastq -p /scratch4/workspace/jade_fiorilla_student_uml_edu-rawseqorcc/trimmed-cutadapt-fastp/2024_phase2_Warm03_Norm_filter_S126_R2_trim.fastq /scratch4/workspace/jade_fiorilla_student_uml_edu-rawseqorcc/trimmed-fastp/2024_phase2_Warm03_Norm_filter_S126_R1_trim.fastq.gz /scratch4/workspace/jade_fiorilla_student_uml_edu-rawseqorcc/trimmed-fastp/2024_phase2_Warm03_Norm_filter_S126_R2_trim.fastq.gz
Processing paired-end reads on 6 cores ...

=== Summary ===

Total read pairs processed:            956,923
  Read 1 with adapter:                 947,602 (99.0%)
  Read 2 with adapter:                 942,015 (98.4%)
Pairs written (passing filters):       956,923 (100.0%)

Total basepairs processed:   559,838,259 bp
  Read 1:   279,915,519 bp
  Read 2:   279,922,740 bp
Total written (filtered):    519,286,095 bp (92.8%)
  Read 1:   260,051,414 bp
  Read 2:   259,234,681 bp

=== First read: Adapter 1 ===

Sequence: GTGYCAGCMGCCGCGGTAA; Type: regular 5'; Length: 19; Trimmed: 947602 times

Minimum overlap: 3
No. of allowed errors:
1-9 bp: 0; 10-19 bp: 1

Overview of removed sequences
length	count	expect	max.err	error counts
3	19	14951.9	0	19
9	2	3.7	0	2
10	2	0.9	1	2
11	2	0.2	1	2
12	39	0.1	1	35 4
14	5	0.0	1	1 4
15	16	0.0	1	7 9
16	26	0.0	1	16 10
17	14	0.0	1	7 7
18	72	0.0	1	31 41
19	15134	0.0	1	13302 1832
20	7953	0.0	1	5046 2907
21	921130	0.0	1	838819 82311
22	3112	0.0	1	1608 1504
23	10	0.0	1	5 5
24	6	0.0	1	6
25	4	0.0	1	4
26	1	0.0	1	0 1
27	7	0.0	1	7
28	6	0.0	1	6
30	1	0.0	1	1
31	2	0.0	1	2
32	2	0.0	1	2
33	2	0.0	1	2
34	2	0.0	1	2
35	5	0.0	1	5
36	7	0.0	1	7
37	5	0.0	1	5
39	2	0.0	1	2
40	1	0.0	1	1
41	1	0.0	1	1
42	4	0.0	1	4
44	2	0.0	1	2
45	2	0.0	1	2
47	2	0.0	1	2
50	1	0.0	1	1
52	1	0.0	1	0 1


=== Second read: Adapter 2 ===

Sequence: GGACTACNVGGGTWTCTAAT; Type: regular 5'; Length: 20; Trimmed: 942015 times

Minimum overlap: 3
No. of allowed errors:
1-9 bp: 0; 10-19 bp: 1

Overview of removed sequences
length	count	expect	max.err	error counts
3	24	14951.9	0	24
9	2	3.7	0	2
10	8	0.9	1	8
11	6	0.2	1	5 1
12	5	0.1	1	3 2
13	8	0.0	1	8
14	18	0.0	1	9 9
15	17	0.0	1	3 14
16	19	0.0	1	6 13
17	20	0.0	1	11 9
18	32	0.0	1	26 6
19	114	0.0	1	48 66
20	14408	0.0	1	13930 478
21	8765	0.0	1	3930 4835
22	915846	0.0	1	903229 12617
23	2687	0.0	1	1319 1368
24	6	0.0	1	4 2
26	1	0.0	1	1
27	2	0.0	1	1 1
28	5	0.0	1	5
29	2	0.0	1	2
30	6	0.0	1	6
33	1	0.0	1	1
34	5	0.0	1	4 1
35	3	0.0	1	3
37	1	0.0	1	1
39	1	0.0	1	1
46	1	0.0	1	1
47	1	0.0	1	1
49	1	0.0	1	1
Running cutadapt on: 2024_phase2_Warm06_Hyp_filter_S115
This is cutadapt 5.2 with Python 3.13.15
Command line parameters: -j 6 -g GTGYCAGCMGCCGCGGTAA -G GGACTACNVGGGTWTCTAAT -o /scratch4/workspace/jade_fiorilla_student_uml_edu-rawseqorcc/trimmed-cutadapt-fastp/2024_phase2_Warm06_Hyp_filter_S115_R1_trim.fastq -p /scratch4/workspace/jade_fiorilla_student_uml_edu-rawseqorcc/trimmed-cutadapt-fastp/2024_phase2_Warm06_Hyp_filter_S115_R2_trim.fastq /scratch4/workspace/jade_fiorilla_student_uml_edu-rawseqorcc/trimmed-fastp/2024_phase2_Warm06_Hyp_filter_S115_R1_trim.fastq.gz /scratch4/workspace/jade_fiorilla_student_uml_edu-rawseqorcc/trimmed-fastp/2024_phase2_Warm06_Hyp_filter_S115_R2_trim.fastq.gz
Processing paired-end reads on 6 cores ...

=== Summary ===

Total read pairs processed:            519,755
  Read 1 with adapter:                 487,005 (93.7%)
  Read 2 with adapter:                 449,764 (86.5%)
Pairs written (passing filters):       519,755 (100.0%)

Total basepairs processed:   266,707,007 bp
  Read 1:   133,357,145 bp
  Read 2:   133,349,862 bp
Total written (filtered):    248,430,617 bp (93.1%)
  Read 1:   124,085,861 bp
  Read 2:   124,344,756 bp

=== First read: Adapter 1 ===

Sequence: GTGYCAGCMGCCGCGGTAA; Type: regular 5'; Length: 19; Trimmed: 487005 times

Minimum overlap: 3
No. of allowed errors:
1-9 bp: 0; 10-19 bp: 1

Overview of removed sequences
length	count	expect	max.err	error counts
3	5	8121.2	0	5
8	2	7.9	0	2
9	7	2.0	0	7
11	1	0.1	1	1
12	28	0.0	1	22 6
13	2	0.0	1	1 1
15	3	0.0	1	3
16	17	0.0	1	13 4
17	23	0.0	1	12 11
18	1082	0.0	1	194 888
19	472973	0.0	1	407679 65294
20	7119	0.0	1	5169 1950
21	4669	0.0	1	4358 311
22	1061	0.0	1	911 150
23	4	0.0	1	3 1
24	1	0.0	1	1
25	1	0.0	1	1
26	1	0.0	1	1
28	1	0.0	1	0 1
30	1	0.0	1	1
36	1	0.0	1	1
37	1	0.0	1	1
38	1	0.0	1	1
39	1	0.0	1	1


=== Second read: Adapter 2 ===

Sequence: GGACTACNVGGGTWTCTAAT; Type: regular 5'; Length: 20; Trimmed: 449764 times

Minimum overlap: 3
No. of allowed errors:
1-9 bp: 0; 10-19 bp: 1

Overview of removed sequences
length	count	expect	max.err	error counts
9	2	2.0	0	2
10	1	0.5	1	1
11	1	0.1	1	1
12	1	0.0	1	1
13	3	0.0	1	2 1
14	7	0.0	1	2 5
15	4	0.0	1	2 2
16	6	0.0	1	4 2
17	10	0.0	1	7 3
18	29	0.0	1	22 7
19	1993	0.0	1	325 1668
20	439900	0.0	1	432795 7105
21	4238	0.0	1	3188 1050
22	2955	0.0	1	2869 86
23	596	0.0	1	525 71
24	9	0.0	1	7 2
27	1	0.0	1	1
29	5	0.0	1	5
31	2	0.0	1	2
37	1	0.0	1	0 1
Running cutadapt on: 2024_phase2_Warm06_Norm_filter_S127
This is cutadapt 5.2 with Python 3.13.15
Command line parameters: -j 6 -g GTGYCAGCMGCCGCGGTAA -G GGACTACNVGGGTWTCTAAT -o /scratch4/workspace/jade_fiorilla_student_uml_edu-rawseqorcc/trimmed-cutadapt-fastp/2024_phase2_Warm06_Norm_filter_S127_R1_trim.fastq -p /scratch4/workspace/jade_fiorilla_student_uml_edu-rawseqorcc/trimmed-cutadapt-fastp/2024_phase2_Warm06_Norm_filter_S127_R2_trim.fastq /scratch4/workspace/jade_fiorilla_student_uml_edu-rawseqorcc/trimmed-fastp/2024_phase2_Warm06_Norm_filter_S127_R1_trim.fastq.gz /scratch4/workspace/jade_fiorilla_student_uml_edu-rawseqorcc/trimmed-fastp/2024_phase2_Warm06_Norm_filter_S127_R2_trim.fastq.gz
Processing paired-end reads on 6 cores ...

=== Summary ===

Total read pairs processed:            905,956
  Read 1 with adapter:                 901,786 (99.5%)
  Read 2 with adapter:                 897,325 (99.0%)
Pairs written (passing filters):       905,956 (100.0%)

Total basepairs processed:   534,345,929 bp
  Read 1:   267,171,723 bp
  Read 2:   267,174,206 bp
Total written (filtered):    495,688,792 bp (92.8%)
  Read 1:   248,246,854 bp
  Read 2:   247,441,938 bp

=== First read: Adapter 1 ===

Sequence: GTGYCAGCMGCCGCGGTAA; Type: regular 5'; Length: 19; Trimmed: 901786 times

Minimum overlap: 3
No. of allowed errors:
1-9 bp: 0; 10-19 bp: 1

Overview of removed sequences
length	count	expect	max.err	error counts
3	15	14155.6	0	15
9	3	3.5	0	3
10	1	0.9	1	1
11	2	0.2	1	2
12	36	0.1	1	30 6
13	3	0.0	1	3
14	7	0.0	1	5 2
15	9	0.0	1	4 5
16	19	0.0	1	16 3
17	20	0.0	1	11 9
18	57	0.0	1	33 24
19	4893	0.0	1	4047 846
20	6147	0.0	1	3664 2483
21	886728	0.0	1	794677 92051
22	3773	0.0	1	2378 1395
23	10	0.0	1	8 2
24	1	0.0	1	0 1
25	9	0.0	1	7 2
26	5	0.0	1	2 3
27	14	0.0	1	5 9
28	2	0.0	1	1 1
29	4	0.0	1	4
30	3	0.0	1	3
31	1	0.0	1	1
32	1	0.0	1	0 1
33	2	0.0	1	0 2
35	1	0.0	1	1
36	4	0.0	1	4
37	5	0.0	1	5
38	5	0.0	1	3 2
39	1	0.0	1	1
40	1	0.0	1	1
44	2	0.0	1	2
45	1	0.0	1	1
46	1	0.0	1	1


=== Second read: Adapter 2 ===

Sequence: GGACTACNVGGGTWTCTAAT; Type: regular 5'; Length: 20; Trimmed: 897325 times

Minimum overlap: 3
No. of allowed errors:
1-9 bp: 0; 10-19 bp: 1

Overview of removed sequences
length	count	expect	max.err	error counts
3	11	14155.6	0	11
9	3	3.5	0	3
11	4	0.2	1	3 1
12	8	0.1	1	5 3
13	11	0.0	1	10 1
14	13	0.0	1	3 10
15	6	0.0	1	4 2
16	21	0.0	1	11 10
17	27	0.0	1	17 10
18	42	0.0	1	37 5
19	85	0.0	1	50 35
20	2677	0.0	1	2528 149
21	6905	0.0	1	2241 4664
22	883208	0.0	1	871894 11314
23	4259	0.0	1	2819 1440
24	12	0.0	1	7 5
25	4	0.0	1	3 1
26	2	0.0	1	2
27	2	0.0	1	2
28	2	0.0	1	1 1
29	3	0.0	1	3
30	2	0.0	1	2
31	1	0.0	1	1
32	1	0.0	1	1
33	1	0.0	1	1
36	3	0.0	1	2 1
37	1	0.0	1	1
38	2	0.0	1	2
41	1	0.0	1	1
42	2	0.0	1	2
43	2	0.0	1	2
45	1	0.0	1	1
46	2	0.0	1	2
47	1	0.0	1	1
Running cutadapt on: 2024_Warm01_Cont01_G2_gill_S188
This is cutadapt 5.2 with Python 3.13.15
Command line parameters: -j 6 -g GTGYCAGCMGCCGCGGTAA -G GGACTACNVGGGTWTCTAAT -o /scratch4/workspace/jade_fiorilla_student_uml_edu-rawseqorcc/trimmed-cutadapt-fastp/2024_Warm01_Cont01_G2_gill_S188_R1_trim.fastq -p /scratch4/workspace/jade_fiorilla_student_uml_edu-rawseqorcc/trimmed-cutadapt-fastp/2024_Warm01_Cont01_G2_gill_S188_R2_trim.fastq /scratch4/workspace/jade_fiorilla_student_uml_edu-rawseqorcc/trimmed-fastp/2024_Warm01_Cont01_G2_gill_S188_R1_trim.fastq.gz /scratch4/workspace/jade_fiorilla_student_uml_edu-rawseqorcc/trimmed-fastp/2024_Warm01_Cont01_G2_gill_S188_R2_trim.fastq.gz
Processing paired-end reads on 6 cores ...

=== Summary ===

Total read pairs processed:          1,778,345
  Read 1 with adapter:               1,586,088 (89.2%)
  Read 2 with adapter:               1,646,460 (92.6%)
Pairs written (passing filters):     1,778,345 (100.0%)

Total basepairs processed:   914,037,535 bp
  Read 1:   457,029,404 bp
  Read 2:   457,008,131 bp
Total written (filtered):    841,512,672 bp (92.1%)
  Read 1:   422,280,648 bp
  Read 2:   419,232,024 bp

=== First read: Adapter 1 ===

Sequence: GTGYCAGCMGCCGCGGTAA; Type: regular 5'; Length: 19; Trimmed: 1586088 times

Minimum overlap: 3
No. of allowed errors:
1-9 bp: 0; 10-19 bp: 1

Overview of removed sequences
length	count	expect	max.err	error counts
3	4151	27786.6	0	4151
4	2	6946.7	0	2
8	1	27.1	0	1
9	14	6.8	0	14
10	2	1.7	1	1 1
11	1	0.4	1	1
12	289	0.1	1	250 39
13	31	0.0	1	15 16
14	19	0.0	1	6 13
15	32	0.0	1	10 22
16	108	0.0	1	81 27
17	95	0.0	1	40 55
18	263	0.0	1	155 108
19	13056	0.0	1	9971 3085
20	7289	0.0	1	4644 2645
21	11708	0.0	1	5742 5966
22	1545237	0.0	1	1345690 199547
23	3642	0.0	1	1071 2571
24	29	0.0	1	18 11
25	8	0.0	1	5 3
26	11	0.0	1	9 2
27	1	0.0	1	1
28	4	0.0	1	3 1
29	10	0.0	1	6 4
30	6	0.0	1	6
31	7	0.0	1	4 3
32	8	0.0	1	8
33	3	0.0	1	2 1
34	6	0.0	1	5 1
35	3	0.0	1	2 1
36	11	0.0	1	11
37	3	0.0	1	3
38	17	0.0	1	2 15
39	3	0.0	1	2 1
40	6	0.0	1	6
42	1	0.0	1	1
43	4	0.0	1	3 1
44	3	0.0	1	3
45	1	0.0	1	1
51	1	0.0	1	1
60	2	0.0	1	2


=== Second read: Adapter 2 ===

Sequence: GGACTACNVGGGTWTCTAAT; Type: regular 5'; Length: 20; Trimmed: 1646460 times

Minimum overlap: 3
No. of allowed errors:
1-9 bp: 0; 10-19 bp: 1

Overview of removed sequences
length	count	expect	max.err	error counts
3	2147	27786.6	0	2147
4	3	6946.7	0	3
5	2	1736.7	0	2
8	1	27.1	0	1
9	3	6.8	0	3
11	5	0.4	1	2 3
12	5	0.1	1	2 3
13	15	0.0	1	7 8
14	23	0.0	1	5 18
15	12	0.0	1	6 6
16	25	0.0	1	8 17
17	37	0.0	1	23 14
18	66	0.0	1	45 21
19	192	0.0	1	57 135
20	11355	0.0	1	10822 533
21	3148	0.0	1	2843 305
22	14011	0.0	1	4011 10000
23	1609093	0.0	1	1382112 226981
24	6229	0.0	1	1411 4818
25	9	0.0	1	5 4
26	12	0.0	1	8 4
27	11	0.0	1	11
28	8	0.0	1	5 3
29	6	0.0	1	6
30	6	0.0	1	6
31	4	0.0	1	4
32	6	0.0	1	2 4
33	1	0.0	1	1
34	2	0.0	1	2
35	1	0.0	1	1
37	1	0.0	1	1
39	1	0.0	1	0 1
40	3	0.0	1	1 2
41	2	0.0	1	2
42	2	0.0	1	1 1
43	2	0.0	1	2
46	4	0.0	1	1 3
47	1	0.0	1	0 1
49	4	0.0	1	3 1
51	1	0.0	1	1
57	1	0.0	1	1
Running cutadapt on: 2024_Warm01_Cont01_G2_gut_S42
This is cutadapt 5.2 with Python 3.13.15
Command line parameters: -j 6 -g GTGYCAGCMGCCGCGGTAA -G GGACTACNVGGGTWTCTAAT -o /scratch4/workspace/jade_fiorilla_student_uml_edu-rawseqorcc/trimmed-cutadapt-fastp/2024_Warm01_Cont01_G2_gut_S42_R1_trim.fastq -p /scratch4/workspace/jade_fiorilla_student_uml_edu-rawseqorcc/trimmed-cutadapt-fastp/2024_Warm01_Cont01_G2_gut_S42_R2_trim.fastq /scratch4/workspace/jade_fiorilla_student_uml_edu-rawseqorcc/trimmed-fastp/2024_Warm01_Cont01_G2_gut_S42_R1_trim.fastq.gz /scratch4/workspace/jade_fiorilla_student_uml_edu-rawseqorcc/trimmed-fastp/2024_Warm01_Cont01_G2_gut_S42_R2_trim.fastq.gz
Processing paired-end reads on 6 cores ...

=== Summary ===

Total read pairs processed:            692,355
  Read 1 with adapter:                 596,444 (86.1%)
  Read 2 with adapter:                 488,627 (70.6%)
Pairs written (passing filters):       692,355 (100.0%)

Total basepairs processed:   296,580,698 bp
  Read 1:   148,332,693 bp
  Read 2:   148,248,005 bp
Total written (filtered):    274,392,241 bp (92.5%)
  Read 1:   136,404,199 bp
  Read 2:   137,988,042 bp

=== First read: Adapter 1 ===

Sequence: GTGYCAGCMGCCGCGGTAA; Type: regular 5'; Length: 19; Trimmed: 596444 times

Minimum overlap: 3
No. of allowed errors:
1-9 bp: 0; 10-19 bp: 1

Overview of removed sequences
length	count	expect	max.err	error counts
3	1	10818.0	0	1
10	3	0.7	1	3
11	1	0.2	1	1
12	18	0.0	1	15 3
13	3	0.0	1	1 2
14	9	0.0	1	4 5
15	7	0.0	1	3 4
16	17	0.0	1	12 5
17	11	0.0	1	5 6
18	79	0.0	1	44 35
19	7140	0.0	1	2923 4217
20	582900	0.0	1	470541 112359
21	5803	0.0	1	3572 2231
22	410	0.0	1	321 89
23	2	0.0	1	2
26	4	0.0	1	3 1
28	4	0.0	1	3 1
32	1	0.0	1	0 1
33	3	0.0	1	1 2
34	2	0.0	1	1 1
35	4	0.0	1	3 1
36	2	0.0	1	0 2
37	4	0.0	1	4
38	2	0.0	1	2
40	1	0.0	1	1
43	1	0.0	1	1
44	5	0.0	1	0 5
45	1	0.0	1	0 1
49	5	0.0	1	3 2
50	1	0.0	1	0 1


=== Second read: Adapter 2 ===

Sequence: GGACTACNVGGGTWTCTAAT; Type: regular 5'; Length: 20; Trimmed: 488627 times

Minimum overlap: 3
No. of allowed errors:
1-9 bp: 0; 10-19 bp: 1

Overview of removed sequences
length	count	expect	max.err	error counts
3	1	10818.0	0	1
11	6	0.2	1	5 1
12	2	0.0	1	2
13	5	0.0	1	4 1
14	7	0.0	1	1 6
15	8	0.0	1	6 2
16	2	0.0	1	0 2
17	11	0.0	1	2 9
18	17	0.0	1	12 5
19	48	0.0	1	24 24
20	5265	0.0	1	3115 2150
21	479148	0.0	1	470986 8162
22	3956	0.0	1	2935 1021
23	129	0.0	1	113 16
24	2	0.0	1	2
25	2	0.0	1	2
26	1	0.0	1	1
27	1	0.0	1	1
28	1	0.0	1	1
30	2	0.0	1	1 1
32	1	0.0	1	1
35	1	0.0	1	1
37	4	0.0	1	3 1
41	6	0.0	1	6
43	1	0.0	1	1
Running cutadapt on: 2024_Warm01_Cont06_G61_gill_S175
This is cutadapt 5.2 with Python 3.13.15
Command line parameters: -j 6 -g GTGYCAGCMGCCGCGGTAA -G GGACTACNVGGGTWTCTAAT -o /scratch4/workspace/jade_fiorilla_student_uml_edu-rawseqorcc/trimmed-cutadapt-fastp/2024_Warm01_Cont06_G61_gill_S175_R1_trim.fastq -p /scratch4/workspace/jade_fiorilla_student_uml_edu-rawseqorcc/trimmed-cutadapt-fastp/2024_Warm01_Cont06_G61_gill_S175_R2_trim.fastq /scratch4/workspace/jade_fiorilla_student_uml_edu-rawseqorcc/trimmed-fastp/2024_Warm01_Cont06_G61_gill_S175_R1_trim.fastq.gz /scratch4/workspace/jade_fiorilla_student_uml_edu-rawseqorcc/trimmed-fastp/2024_Warm01_Cont06_G61_gill_S175_R2_trim.fastq.gz
Processing paired-end reads on 6 cores ...

=== Summary ===

Total read pairs processed:          1,027,121
  Read 1 with adapter:                 914,252 (89.0%)
  Read 2 with adapter:                 820,196 (79.9%)
Pairs written (passing filters):     1,027,121 (100.0%)

Total basepairs processed:   481,702,004 bp
  Read 1:   240,870,180 bp
  Read 2:   240,831,824 bp
Total written (filtered):    446,230,487 bp (92.6%)
  Read 1:   222,590,089 bp
  Read 2:   223,640,398 bp

=== First read: Adapter 1 ===

Sequence: GTGYCAGCMGCCGCGGTAA; Type: regular 5'; Length: 19; Trimmed: 914252 times

Minimum overlap: 3
No. of allowed errors:
1-9 bp: 0; 10-19 bp: 1

Overview of removed sequences
length	count	expect	max.err	error counts
3	7	16048.8	0	7
8	1	15.7	0	1
9	3	3.9	0	3
10	1	1.0	1	1
12	63	0.1	1	48 15
13	8	0.0	1	7 1
14	4	0.0	1	2 2
15	6	0.0	1	4 2
16	25	0.0	1	19 6
17	39	0.0	1	24 15
18	131	0.0	1	55 76
19	12055	0.0	1	5857 6198
20	895008	0.0	1	756073 138935
21	5939	0.0	1	3354 2585
22	904	0.0	1	603 301
23	7	0.0	1	2 5
24	2	0.0	1	1 1
25	2	0.0	1	2
26	4	0.0	1	1 3
27	6	0.0	1	5 1
28	1	0.0	1	1
29	4	0.0	1	3 1
30	6	0.0	1	5 1
31	4	0.0	1	2 2
32	5	0.0	1	4 1
33	2	0.0	1	2
34	3	0.0	1	3
35	2	0.0	1	2
39	2	0.0	1	2
40	1	0.0	1	0 1
41	2	0.0	1	1 1
42	2	0.0	1	1 1
43	1	0.0	1	1
44	2	0.0	1	0 2


=== Second read: Adapter 2 ===

Sequence: GGACTACNVGGGTWTCTAAT; Type: regular 5'; Length: 20; Trimmed: 820196 times

Minimum overlap: 3
No. of allowed errors:
1-9 bp: 0; 10-19 bp: 1

Overview of removed sequences
length	count	expect	max.err	error counts
3	10	16048.8	0	10
10	2	1.0	1	2
11	3	0.2	1	3
12	5	0.1	1	4 1
13	2	0.0	1	1 1
14	12	0.0	1	4 8
15	13	0.0	1	5 8
16	10	0.0	1	6 4
17	10	0.0	1	6 4
18	22	0.0	1	13 9
19	172	0.0	1	23 149
20	36838	0.0	1	7170 29668
21	778737	0.0	1	737162 41575
22	3978	0.0	1	2104 1874
23	342	0.0	1	311 31
24	3	0.0	1	2 1
25	3	0.0	1	2 1
26	6	0.0	1	5 1
27	4	0.0	1	4
28	1	0.0	1	1
29	1	0.0	1	1
30	2	0.0	1	2
31	1	0.0	1	1
32	1	0.0	1	0 1
34	4	0.0	1	3 1
36	1	0.0	1	1
37	3	0.0	1	3
38	5	0.0	1	0 5
40	2	0.0	1	2
43	2	0.0	1	2
51	1	0.0	1	1
Running cutadapt on: 2024_Warm01_Cont06_G61_gut_S57
This is cutadapt 5.2 with Python 3.13.15
Command line parameters: -j 6 -g GTGYCAGCMGCCGCGGTAA -G GGACTACNVGGGTWTCTAAT -o /scratch4/workspace/jade_fiorilla_student_uml_edu-rawseqorcc/trimmed-cutadapt-fastp/2024_Warm01_Cont06_G61_gut_S57_R1_trim.fastq -p /scratch4/workspace/jade_fiorilla_student_uml_edu-rawseqorcc/trimmed-cutadapt-fastp/2024_Warm01_Cont06_G61_gut_S57_R2_trim.fastq /scratch4/workspace/jade_fiorilla_student_uml_edu-rawseqorcc/trimmed-fastp/2024_Warm01_Cont06_G61_gut_S57_R1_trim.fastq.gz /scratch4/workspace/jade_fiorilla_student_uml_edu-rawseqorcc/trimmed-fastp/2024_Warm01_Cont06_G61_gut_S57_R2_trim.fastq.gz
Processing paired-end reads on 6 cores ...

=== Summary ===

Total read pairs processed:          1,141,835
  Read 1 with adapter:                 908,054 (79.5%)
  Read 2 with adapter:                 661,892 (58.0%)
Pairs written (passing filters):     1,141,835 (100.0%)

Total basepairs processed:   413,483,406 bp
  Read 1:   206,896,026 bp
  Read 2:   206,587,380 bp
Total written (filtered):    379,866,994 bp (91.9%)
  Read 1:   187,837,091 bp
  Read 2:   192,029,903 bp

=== First read: Adapter 1 ===

Sequence: GTGYCAGCMGCCGCGGTAA; Type: regular 5'; Length: 19; Trimmed: 908054 times

Minimum overlap: 3
No. of allowed errors:
1-9 bp: 0; 10-19 bp: 1

Overview of removed sequences
length	count	expect	max.err	error counts
3	21	17841.2	0	21
9	3	4.4	0	3
12	34	0.1	1	32 2
13	8	0.0	1	2 6
14	5	0.0	1	1 4
15	8	0.0	1	1 7
16	23	0.0	1	20 3
17	14	0.0	1	11 3
18	67	0.0	1	38 29
19	4821	0.0	1	2153 2668
20	4679	0.0	1	2056 2623
21	893893	0.0	1	633213 260680
22	4400	0.0	1	2812 1588
23	13	0.0	1	7 6
24	2	0.0	1	1 1
25	4	0.0	1	3 1
26	4	0.0	1	1 3
27	7	0.0	1	6 1
28	2	0.0	1	2
29	4	0.0	1	2 2
33	4	0.0	1	3 1
35	3	0.0	1	2 1
36	9	0.0	1	1 8
37	6	0.0	1	1 5
38	2	0.0	1	2
39	1	0.0	1	1
40	2	0.0	1	2
41	3	0.0	1	2 1
42	3	0.0	1	0 3
43	1	0.0	1	0 1
44	2	0.0	1	1 1
49	1	0.0	1	0 1
52	1	0.0	1	0 1
54	2	0.0	1	2
60	2	0.0	1	0 2


=== Second read: Adapter 2 ===

Sequence: GGACTACNVGGGTWTCTAAT; Type: regular 5'; Length: 20; Trimmed: 661892 times

Minimum overlap: 3
No. of allowed errors:
1-9 bp: 0; 10-19 bp: 1

Overview of removed sequences
length	count	expect	max.err	error counts
3	21	17841.2	0	21
4	1	4460.3	0	1
8	3	17.4	0	3
10	1	1.1	1	1
11	4	0.3	1	4
12	8	0.1	1	7 1
13	12	0.0	1	9 3
14	8	0.0	1	7 1
15	20	0.0	1	10 10
16	4	0.0	1	2 2
17	13	0.0	1	6 7
18	31	0.0	1	24 7
19	44	0.0	1	20 24
20	1378	0.0	1	1210 168
21	5082	0.0	1	1579 3503
22	650690	0.0	1	636226 14464
23	4528	0.0	1	3401 1127
24	13	0.0	1	7 6
25	3	0.0	1	3
27	4	0.0	1	4
28	4	0.0	1	4
30	2	0.0	1	1 1
31	2	0.0	1	2
32	1	0.0	1	1
37	3	0.0	1	3
41	5	0.0	1	5
42	2	0.0	1	2
44	4	0.0	1	4
46	1	0.0	1	1
Running cutadapt on: 2024_Warm01_Hyp05_G49_gill_S233
This is cutadapt 5.2 with Python 3.13.15
Command line parameters: -j 6 -g GTGYCAGCMGCCGCGGTAA -G GGACTACNVGGGTWTCTAAT -o /scratch4/workspace/jade_fiorilla_student_uml_edu-rawseqorcc/trimmed-cutadapt-fastp/2024_Warm01_Hyp05_G49_gill_S233_R1_trim.fastq -p /scratch4/workspace/jade_fiorilla_student_uml_edu-rawseqorcc/trimmed-cutadapt-fastp/2024_Warm01_Hyp05_G49_gill_S233_R2_trim.fastq /scratch4/workspace/jade_fiorilla_student_uml_edu-rawseqorcc/trimmed-fastp/2024_Warm01_Hyp05_G49_gill_S233_R1_trim.fastq.gz /scratch4/workspace/jade_fiorilla_student_uml_edu-rawseqorcc/trimmed-fastp/2024_Warm01_Hyp05_G49_gill_S233_R2_trim.fastq.gz
Processing paired-end reads on 6 cores ...

=== Summary ===

Total read pairs processed:              1,963
  Read 1 with adapter:                   1,661 (84.6%)
  Read 2 with adapter:                   1,336 (68.1%)
Pairs written (passing filters):         1,963 (100.0%)

Total basepairs processed:       902,825 bp
  Read 1:       450,649 bp
  Read 2:       452,176 bp
Total written (filtered):        841,776 bp (93.2%)
  Read 1:       417,272 bp
  Read 2:       424,504 bp

=== First read: Adapter 1 ===

Sequence: GTGYCAGCMGCCGCGGTAA; Type: regular 5'; Length: 19; Trimmed: 1661 times

Minimum overlap: 3
No. of allowed errors:
1-9 bp: 0; 10-19 bp: 1

Overview of removed sequences
length	count	expect	max.err	error counts
18	3	0.0	1	1 2
19	850	0.0	1	552 298
20	210	0.0	1	153 57
21	183	0.0	1	167 16
22	415	0.0	1	377 38


=== Second read: Adapter 2 ===

Sequence: GGACTACNVGGGTWTCTAAT; Type: regular 5'; Length: 20; Trimmed: 1336 times

Minimum overlap: 3
No. of allowed errors:
1-9 bp: 0; 10-19 bp: 1

Overview of removed sequences
length	count	expect	max.err	error counts
3	1	30.7	0	1
19	4	0.0	1	1 3
20	903	0.0	1	872 31
21	96	0.0	1	82 14
22	119	0.0	1	102 17
23	213	0.0	1	196 17
Running cutadapt on: 2024_Warm01_Hyp05_G49_gut_S66
This is cutadapt 5.2 with Python 3.13.15
Command line parameters: -j 6 -g GTGYCAGCMGCCGCGGTAA -G GGACTACNVGGGTWTCTAAT -o /scratch4/workspace/jade_fiorilla_student_uml_edu-rawseqorcc/trimmed-cutadapt-fastp/2024_Warm01_Hyp05_G49_gut_S66_R1_trim.fastq -p /scratch4/workspace/jade_fiorilla_student_uml_edu-rawseqorcc/trimmed-cutadapt-fastp/2024_Warm01_Hyp05_G49_gut_S66_R2_trim.fastq /scratch4/workspace/jade_fiorilla_student_uml_edu-rawseqorcc/trimmed-fastp/2024_Warm01_Hyp05_G49_gut_S66_R1_trim.fastq.gz /scratch4/workspace/jade_fiorilla_student_uml_edu-rawseqorcc/trimmed-fastp/2024_Warm01_Hyp05_G49_gut_S66_R2_trim.fastq.gz
Processing paired-end reads on 6 cores ...

=== Summary ===

Total read pairs processed:            716,084
  Read 1 with adapter:                 688,634 (96.2%)
  Read 2 with adapter:                 660,414 (92.2%)
Pairs written (passing filters):       716,084 (100.0%)

Total basepairs processed:   390,972,118 bp
  Read 1:   195,497,447 bp
  Read 2:   195,474,671 bp
Total written (filtered):    363,334,451 bp (92.9%)
  Read 1:   181,727,017 bp
  Read 2:   181,607,434 bp

=== First read: Adapter 1 ===

Sequence: GTGYCAGCMGCCGCGGTAA; Type: regular 5'; Length: 19; Trimmed: 688634 times

Minimum overlap: 3
No. of allowed errors:
1-9 bp: 0; 10-19 bp: 1

Overview of removed sequences
length	count	expect	max.err	error counts
3	2	11188.8	0	2
9	1	2.7	0	1
11	1	0.2	1	0 1
12	27	0.0	1	26 1
13	6	0.0	1	5 1
14	2	0.0	1	2
15	6	0.0	1	2 4
16	19	0.0	1	15 4
17	20	0.0	1	8 12
18	80	0.0	1	41 39
19	8702	0.0	1	2327 6375
20	673783	0.0	1	640433 33350
21	5472	0.0	1	3121 2351
22	446	0.0	1	337 109
23	8	0.0	1	5 3
24	4	0.0	1	4
25	5	0.0	1	4 1
26	9	0.0	1	9
27	3	0.0	1	3
28	4	0.0	1	4
29	3	0.0	1	3
32	1	0.0	1	0 1
33	2	0.0	1	2
34	6	0.0	1	6
35	1	0.0	1	1
36	9	0.0	1	8 1
37	4	0.0	1	4
41	3	0.0	1	3
43	2	0.0	1	2
47	3	0.0	1	3


=== Second read: Adapter 2 ===

Sequence: GGACTACNVGGGTWTCTAAT; Type: regular 5'; Length: 20; Trimmed: 660414 times

Minimum overlap: 3
No. of allowed errors:
1-9 bp: 0; 10-19 bp: 1

Overview of removed sequences
length	count	expect	max.err	error counts
3	1	11188.8	0	1
10	1	0.7	1	1
11	1	0.2	1	1
12	5	0.0	1	5
13	4	0.0	1	3 1
14	12	0.0	1	6 6
15	4	0.0	1	2 2
16	8	0.0	1	3 5
17	4	0.0	1	3 1
18	19	0.0	1	17 2
19	66	0.0	1	28 38
20	5103	0.0	1	2431 2672
21	651500	0.0	1	639630 11870
22	3503	0.0	1	2265 1238
23	159	0.0	1	148 11
24	2	0.0	1	2
25	2	0.0	1	2
27	1	0.0	1	1
29	1	0.0	1	1
30	2	0.0	1	2
31	6	0.0	1	6
32	3	0.0	1	3
33	1	0.0	1	1
38	1	0.0	1	1
44	2	0.0	1	2
47	1	0.0	1	1
48	2	0.0	1	2
Running cutadapt on: 2024_Warm01_Null_G02_gill_S239
This is cutadapt 5.2 with Python 3.13.15
Command line parameters: -j 6 -g GTGYCAGCMGCCGCGGTAA -G GGACTACNVGGGTWTCTAAT -o /scratch4/workspace/jade_fiorilla_student_uml_edu-rawseqorcc/trimmed-cutadapt-fastp/2024_Warm01_Null_G02_gill_S239_R1_trim.fastq -p /scratch4/workspace/jade_fiorilla_student_uml_edu-rawseqorcc/trimmed-cutadapt-fastp/2024_Warm01_Null_G02_gill_S239_R2_trim.fastq /scratch4/workspace/jade_fiorilla_student_uml_edu-rawseqorcc/trimmed-fastp/2024_Warm01_Null_G02_gill_S239_R1_trim.fastq.gz /scratch4/workspace/jade_fiorilla_student_uml_edu-rawseqorcc/trimmed-fastp/2024_Warm01_Null_G02_gill_S239_R2_trim.fastq.gz
Processing paired-end reads on 6 cores ...

=== Summary ===

Total read pairs processed:            435,022
  Read 1 with adapter:                 425,968 (97.9%)
  Read 2 with adapter:                 419,142 (96.3%)
Pairs written (passing filters):       435,022 (100.0%)

Total basepairs processed:   245,481,490 bp
  Read 1:   122,721,753 bp
  Read 2:   122,759,737 bp
Total written (filtered):    228,995,086 bp (93.3%)
  Read 1:   114,622,924 bp
  Read 2:   114,372,162 bp

=== First read: Adapter 1 ===

Sequence: GTGYCAGCMGCCGCGGTAA; Type: regular 5'; Length: 19; Trimmed: 425968 times

Minimum overlap: 3
No. of allowed errors:
1-9 bp: 0; 10-19 bp: 1

Overview of removed sequences
length	count	expect	max.err	error counts
3	3	6797.2	0	3
9	4	1.7	0	4
12	29	0.0	1	29
13	2	0.0	1	1 1
14	5	0.0	1	1 4
15	4	0.0	1	3 1
16	20	0.0	1	10 10
17	34	0.0	1	28 6
18	1206	0.0	1	188 1018
19	421334	0.0	1	407864 13470
20	1414	0.0	1	575 839
21	225	0.0	1	200 25
22	1672	0.0	1	1540 132
24	2	0.0	1	2
25	1	0.0	1	1
28	1	0.0	1	1
29	1	0.0	1	1
30	2	0.0	1	2
31	2	0.0	1	0 2
32	1	0.0	1	1
41	2	0.0	1	2
42	1	0.0	1	0 1
43	1	0.0	1	1
44	2	0.0	1	2


=== Second read: Adapter 2 ===

Sequence: GGACTACNVGGGTWTCTAAT; Type: regular 5'; Length: 20; Trimmed: 419142 times

Minimum overlap: 3
No. of allowed errors:
1-9 bp: 0; 10-19 bp: 1

Overview of removed sequences
length	count	expect	max.err	error counts
3	5	6797.2	0	5
8	1	6.6	0	1
10	1	0.4	1	1
12	5	0.0	1	5
13	1	0.0	1	1
14	5	0.0	1	0 5
16	2	0.0	1	1 1
17	7	0.0	1	2 5
18	31	0.0	1	18 13
19	1761	0.0	1	259 1502
20	414197	0.0	1	407545 6652
21	1265	0.0	1	458 807
22	132	0.0	1	119 13
23	1710	0.0	1	1649 61
24	11	0.0	1	6 5
25	4	0.0	1	4
30	2	0.0	1	2
33	1	0.0	1	1
35	1	0.0	1	1
Running cutadapt on: 2024_Warm01_Null_G02_gut_S184
This is cutadapt 5.2 with Python 3.13.15
Command line parameters: -j 6 -g GTGYCAGCMGCCGCGGTAA -G GGACTACNVGGGTWTCTAAT -o /scratch4/workspace/jade_fiorilla_student_uml_edu-rawseqorcc/trimmed-cutadapt-fastp/2024_Warm01_Null_G02_gut_S184_R1_trim.fastq -p /scratch4/workspace/jade_fiorilla_student_uml_edu-rawseqorcc/trimmed-cutadapt-fastp/2024_Warm01_Null_G02_gut_S184_R2_trim.fastq /scratch4/workspace/jade_fiorilla_student_uml_edu-rawseqorcc/trimmed-fastp/2024_Warm01_Null_G02_gut_S184_R1_trim.fastq.gz /scratch4/workspace/jade_fiorilla_student_uml_edu-rawseqorcc/trimmed-fastp/2024_Warm01_Null_G02_gut_S184_R2_trim.fastq.gz
Processing paired-end reads on 6 cores ...

=== Summary ===

Total read pairs processed:          1,308,896
  Read 1 with adapter:               1,035,495 (79.1%)
  Read 2 with adapter:                 617,377 (47.2%)
Pairs written (passing filters):     1,308,896 (100.0%)

Total basepairs processed:   390,901,388 bp
  Read 1:   195,541,982 bp
  Read 2:   195,359,406 bp
Total written (filtered):    358,825,613 bp (91.8%)
  Read 1:   175,840,005 bp
  Read 2:   182,985,608 bp

=== First read: Adapter 1 ===

Sequence: GTGYCAGCMGCCGCGGTAA; Type: regular 5'; Length: 19; Trimmed: 1035495 times

Minimum overlap: 3
No. of allowed errors:
1-9 bp: 0; 10-19 bp: 1

Overview of removed sequences
length	count	expect	max.err	error counts
3	34	20451.5	0	34
9	3	5.0	0	3
11	1	0.3	1	1
12	54	0.1	1	34 20
13	8	0.0	1	5 3
14	16	0.0	1	0 16
15	7	0.0	1	2 5
16	41	0.0	1	24 17
17	88	0.0	1	44 44
18	1938	0.0	1	314 1624
19	1015302	0.0	1	593747 421555
20	9736	0.0	1	5333 4403
21	3946	0.0	1	3326 620
22	4285	0.0	1	3363 922
23	9	0.0	1	4 5
24	3	0.0	1	2 1
26	2	0.0	1	2
27	1	0.0	1	0 1
28	1	0.0	1	1
30	1	0.0	1	1
31	2	0.0	1	2
32	1	0.0	1	0 1
33	3	0.0	1	0 3
35	3	0.0	1	1 2
36	3	0.0	1	2 1
40	1	0.0	1	0 1
41	3	0.0	1	1 2
42	1	0.0	1	1
49	1	0.0	1	0 1
50	1	0.0	1	0 1


=== Second read: Adapter 2 ===

Sequence: GGACTACNVGGGTWTCTAAT; Type: regular 5'; Length: 20; Trimmed: 617377 times

Minimum overlap: 3
No. of allowed errors:
1-9 bp: 0; 10-19 bp: 1

Overview of removed sequences
length	count	expect	max.err	error counts
3	64	20451.5	0	64
9	1	5.0	0	1
10	2	1.2	1	2
11	2	0.3	1	2
12	2	0.1	1	2
13	1	0.0	1	1
14	14	0.0	1	8 6
15	3	0.0	1	2 1
16	10	0.0	1	8 2
17	10	0.0	1	6 4
18	41	0.0	1	26 15
19	2698	0.0	1	409 2289
20	600239	0.0	1	586197 14042
21	5186	0.0	1	3790 1396
22	2293	0.0	1	2125 168
23	6763	0.0	1	6263 500
24	33	0.0	1	12 21
25	1	0.0	1	1
26	1	0.0	1	1
27	2	0.0	1	1 1
29	5	0.0	1	5
30	2	0.0	1	2
36	1	0.0	1	1
40	1	0.0	1	1
44	2	0.0	1	2
Running cutadapt on: 2024_Warm01_Warm01_G1_gill_S211
This is cutadapt 5.2 with Python 3.13.15
Command line parameters: -j 6 -g GTGYCAGCMGCCGCGGTAA -G GGACTACNVGGGTWTCTAAT -o /scratch4/workspace/jade_fiorilla_student_uml_edu-rawseqorcc/trimmed-cutadapt-fastp/2024_Warm01_Warm01_G1_gill_S211_R1_trim.fastq -p /scratch4/workspace/jade_fiorilla_student_uml_edu-rawseqorcc/trimmed-cutadapt-fastp/2024_Warm01_Warm01_G1_gill_S211_R2_trim.fastq /scratch4/workspace/jade_fiorilla_student_uml_edu-rawseqorcc/trimmed-fastp/2024_Warm01_Warm01_G1_gill_S211_R1_trim.fastq.gz /scratch4/workspace/jade_fiorilla_student_uml_edu-rawseqorcc/trimmed-fastp/2024_Warm01_Warm01_G1_gill_S211_R2_trim.fastq.gz
Processing paired-end reads on 6 cores ...

=== Summary ===

Total read pairs processed:          1,763,579
  Read 1 with adapter:               1,760,511 (99.8%)
  Read 2 with adapter:               1,754,756 (99.5%)
Pairs written (passing filters):     1,763,579 (100.0%)

Total basepairs processed: 1,028,995,917 bp
  Read 1:   514,491,434 bp
  Read 2:   514,504,483 bp
Total written (filtered):    960,445,171 bp (93.3%)
  Read 1:   481,037,277 bp
  Read 2:   479,407,894 bp

=== First read: Adapter 1 ===

Sequence: GTGYCAGCMGCCGCGGTAA; Type: regular 5'; Length: 19; Trimmed: 1760511 times

Minimum overlap: 3
No. of allowed errors:
1-9 bp: 0; 10-19 bp: 1

Overview of removed sequences
length	count	expect	max.err	error counts
3	16	27555.9	0	16
4	2	6889.0	0	2
5	1	1722.2	0	1
9	3	6.7	0	3
12	34	0.1	1	33 1
13	8	0.0	1	7 1
14	13	0.0	1	2 11
15	15	0.0	1	6 9
16	43	0.0	1	19 24
17	76	0.0	1	58 18
18	3825	0.0	1	675 3150
19	1751181	0.0	1	1727768 23413
20	3059	0.0	1	711 2348
21	880	0.0	1	728 152
22	1310	0.0	1	845 465
23	5	0.0	1	3 2
24	4	0.0	1	4
25	3	0.0	1	3
26	1	0.0	1	1
27	3	0.0	1	2 1
29	3	0.0	1	2 1
31	1	0.0	1	1
33	6	0.0	1	6
34	9	0.0	1	9
37	7	0.0	1	7
38	1	0.0	1	1
43	1	0.0	1	1
46	1	0.0	1	1


=== Second read: Adapter 2 ===

Sequence: GGACTACNVGGGTWTCTAAT; Type: regular 5'; Length: 20; Trimmed: 1754756 times

Minimum overlap: 3
No. of allowed errors:
1-9 bp: 0; 10-19 bp: 1

Overview of removed sequences
length	count	expect	max.err	error counts
3	6	27555.9	0	6
8	1	26.9	0	1
10	4	1.7	1	4
11	3	0.4	1	1 2
12	4	0.1	1	4
13	10	0.0	1	5 5
14	15	0.0	1	6 9
15	7	0.0	1	2 5
16	16	0.0	1	2 14
17	31	0.0	1	20 11
18	87	0.0	1	56 31
19	6840	0.0	1	885 5955
20	1741898	0.0	1	1713451 28447
21	4228	0.0	1	1182 3046
22	412	0.0	1	357 55
23	1141	0.0	1	903 238
24	16	0.0	1	14 2
25	2	0.0	1	2
26	3	0.0	1	2 1
27	2	0.0	1	2
28	4	0.0	1	4
29	4	0.0	1	4
30	4	0.0	1	4
31	1	0.0	1	1
32	1	0.0	1	1
34	1	0.0	1	1
36	4	0.0	1	1 3
37	2	0.0	1	2
38	2	0.0	1	2
39	1	0.0	1	1
41	1	0.0	1	1
42	1	0.0	1	0 1
50	2	0.0	1	2
53	2	0.0	1	2
Running cutadapt on: 2024_Warm01_Warm01_G1_gut_S23
This is cutadapt 5.2 with Python 3.13.15
Command line parameters: -j 6 -g GTGYCAGCMGCCGCGGTAA -G GGACTACNVGGGTWTCTAAT -o /scratch4/workspace/jade_fiorilla_student_uml_edu-rawseqorcc/trimmed-cutadapt-fastp/2024_Warm01_Warm01_G1_gut_S23_R1_trim.fastq -p /scratch4/workspace/jade_fiorilla_student_uml_edu-rawseqorcc/trimmed-cutadapt-fastp/2024_Warm01_Warm01_G1_gut_S23_R2_trim.fastq /scratch4/workspace/jade_fiorilla_student_uml_edu-rawseqorcc/trimmed-fastp/2024_Warm01_Warm01_G1_gut_S23_R1_trim.fastq.gz /scratch4/workspace/jade_fiorilla_student_uml_edu-rawseqorcc/trimmed-fastp/2024_Warm01_Warm01_G1_gut_S23_R2_trim.fastq.gz
Processing paired-end reads on 6 cores ...

=== Summary ===

Total read pairs processed:          1,279,303
  Read 1 with adapter:                 821,806 (64.2%)
  Read 2 with adapter:                 482,379 (37.7%)
Pairs written (passing filters):     1,279,303 (100.0%)

Total basepairs processed:   310,797,619 bp
  Read 1:   155,592,400 bp
  Read 2:   155,205,219 bp
Total written (filtered):    284,215,912 bp (91.4%)
  Read 1:   139,148,446 bp
  Read 2:   145,067,466 bp

=== First read: Adapter 1 ===

Sequence: GTGYCAGCMGCCGCGGTAA; Type: regular 5'; Length: 19; Trimmed: 821806 times

Minimum overlap: 3
No. of allowed errors:
1-9 bp: 0; 10-19 bp: 1

Overview of removed sequences
length	count	expect	max.err	error counts
3	3	19989.1	0	3
11	1	0.3	1	1
12	46	0.1	1	26 20
13	5	0.0	1	0 5
14	7	0.0	1	0 7
15	8	0.0	1	4 4
16	21	0.0	1	13 8
17	22	0.0	1	5 17
18	67	0.0	1	23 44
19	4892	0.0	1	1974 2918
20	805318	0.0	1	421873 383445
21	9890	0.0	1	7056 2834
22	1459	0.0	1	1222 237
23	12	0.0	1	7 5
24	1	0.0	1	1
25	3	0.0	1	2 1
26	4	0.0	1	3 1
27	3	0.0	1	2 1
28	10	0.0	1	6 4
29	3	0.0	1	2 1
30	4	0.0	1	4
31	1	0.0	1	0 1
32	4	0.0	1	2 2
34	5	0.0	1	1 4
35	1	0.0	1	0 1
36	3	0.0	1	0 3
39	2	0.0	1	0 2
40	1	0.0	1	1
42	3	0.0	1	3
44	2	0.0	1	0 2
45	2	0.0	1	0 2
48	2	0.0	1	1 1
50	1	0.0	1	0 1


=== Second read: Adapter 2 ===

Sequence: GGACTACNVGGGTWTCTAAT; Type: regular 5'; Length: 20; Trimmed: 482379 times

Minimum overlap: 3
No. of allowed errors:
1-9 bp: 0; 10-19 bp: 1

Overview of removed sequences
length	count	expect	max.err	error counts
3	5	19989.1	0	5
10	2	1.2	1	2
11	2	0.3	1	0 2
12	1	0.1	1	1
13	6	0.0	1	6
14	5	0.0	1	4 1
15	2	0.0	1	1 1
16	9	0.0	1	1 8
17	2	0.0	1	2
18	13	0.0	1	11 2
19	51	0.0	1	34 17
20	3266	0.0	1	1306 1960
21	468526	0.0	1	453726 14800
22	9643	0.0	1	8373 1270
23	822	0.0	1	761 61
24	8	0.0	1	4 4
25	3	0.0	1	3
27	3	0.0	1	2 1
29	2	0.0	1	1 1
36	5	0.0	1	5
37	1	0.0	1	1
41	1	0.0	1	1
43	1	0.0	1	1
Running cutadapt on: 2024_Warm01_Warm06_G62_gill_S176
This is cutadapt 5.2 with Python 3.13.15
Command line parameters: -j 6 -g GTGYCAGCMGCCGCGGTAA -G GGACTACNVGGGTWTCTAAT -o /scratch4/workspace/jade_fiorilla_student_uml_edu-rawseqorcc/trimmed-cutadapt-fastp/2024_Warm01_Warm06_G62_gill_S176_R1_trim.fastq -p /scratch4/workspace/jade_fiorilla_student_uml_edu-rawseqorcc/trimmed-cutadapt-fastp/2024_Warm01_Warm06_G62_gill_S176_R2_trim.fastq /scratch4/workspace/jade_fiorilla_student_uml_edu-rawseqorcc/trimmed-fastp/2024_Warm01_Warm06_G62_gill_S176_R1_trim.fastq.gz /scratch4/workspace/jade_fiorilla_student_uml_edu-rawseqorcc/trimmed-fastp/2024_Warm01_Warm06_G62_gill_S176_R2_trim.fastq.gz
Processing paired-end reads on 6 cores ...

=== Summary ===

Total read pairs processed:          1,527,038
  Read 1 with adapter:               1,117,991 (73.2%)
  Read 2 with adapter:                 734,414 (48.1%)
Pairs written (passing filters):     1,527,038 (100.0%)

Total basepairs processed:   460,374,713 bp
  Read 1:   230,282,884 bp
  Read 2:   230,091,829 bp
Total written (filtered):    422,607,506 bp (91.8%)
  Read 1:   207,930,104 bp
  Read 2:   214,677,402 bp

=== First read: Adapter 1 ===

Sequence: GTGYCAGCMGCCGCGGTAA; Type: regular 5'; Length: 19; Trimmed: 1117991 times

Minimum overlap: 3
No. of allowed errors:
1-9 bp: 0; 10-19 bp: 1

Overview of removed sequences
length	count	expect	max.err	error counts
9	2	5.8	0	2
12	51	0.1	1	37 14
13	6	0.0	1	0 6
14	11	0.0	1	5 6
15	5	0.0	1	2 3
16	30	0.0	1	13 17
17	31	0.0	1	12 19
18	126	0.0	1	49 77
19	12543	0.0	1	6490 6053
20	1100111	0.0	1	673723 426388
21	4945	0.0	1	2962 1983
22	25	0.0	1	13 12
23	6	0.0	1	1 5
24	11	0.0	1	4 7
25	1	0.0	1	0 1
26	3	0.0	1	3
27	6	0.0	1	1 5
28	3	0.0	1	2 1
29	5	0.0	1	0 5
30	2	0.0	1	0 2
31	6	0.0	1	4 2
32	4	0.0	1	4
33	7	0.0	1	5 2
34	8	0.0	1	2 6
35	2	0.0	1	2
36	2	0.0	1	0 2
37	5	0.0	1	0 5
38	1	0.0	1	1
39	3	0.0	1	2 1
40	4	0.0	1	1 3
41	1	0.0	1	1
42	5	0.0	1	1 4
43	3	0.0	1	2 1
44	3	0.0	1	1 2
45	2	0.0	1	2
51	10	0.0	1	0 10
53	1	0.0	1	0 1
56	1	0.0	1	0 1


=== Second read: Adapter 2 ===

Sequence: GGACTACNVGGGTWTCTAAT; Type: regular 5'; Length: 20; Trimmed: 734414 times

Minimum overlap: 3
No. of allowed errors:
1-9 bp: 0; 10-19 bp: 1

Overview of removed sequences
length	count	expect	max.err	error counts
3	3	23860.0	0	3
10	1	1.5	1	0 1
12	2	0.1	1	2
13	1	0.0	1	1
14	5	0.0	1	4 1
15	4	0.0	1	3 1
16	6	0.0	1	5 1
17	12	0.0	1	2 10
18	14	0.0	1	12 2
19	139	0.0	1	21 118
20	11532	0.0	1	7941 3591
21	719133	0.0	1	687010 32123
22	3522	0.0	1	1979 1543
23	12	0.0	1	11 1
24	5	0.0	1	3 2
25	1	0.0	1	1
26	2	0.0	1	2
27	1	0.0	1	1
28	3	0.0	1	3
29	2	0.0	1	0 2
32	5	0.0	1	5
33	1	0.0	1	1
34	3	0.0	1	2 1
38	1	0.0	1	1
39	4	0.0	1	4
Running cutadapt on: 2024_Warm01_Warm06_G62_gut_S58
This is cutadapt 5.2 with Python 3.13.15
Command line parameters: -j 6 -g GTGYCAGCMGCCGCGGTAA -G GGACTACNVGGGTWTCTAAT -o /scratch4/workspace/jade_fiorilla_student_uml_edu-rawseqorcc/trimmed-cutadapt-fastp/2024_Warm01_Warm06_G62_gut_S58_R1_trim.fastq -p /scratch4/workspace/jade_fiorilla_student_uml_edu-rawseqorcc/trimmed-cutadapt-fastp/2024_Warm01_Warm06_G62_gut_S58_R2_trim.fastq /scratch4/workspace/jade_fiorilla_student_uml_edu-rawseqorcc/trimmed-fastp/2024_Warm01_Warm06_G62_gut_S58_R1_trim.fastq.gz /scratch4/workspace/jade_fiorilla_student_uml_edu-rawseqorcc/trimmed-fastp/2024_Warm01_Warm06_G62_gut_S58_R2_trim.fastq.gz
Processing paired-end reads on 6 cores ...

=== Summary ===

Total read pairs processed:            763,897
  Read 1 with adapter:                 545,995 (71.5%)
  Read 2 with adapter:                 311,747 (40.8%)
Pairs written (passing filters):       763,897 (100.0%)

Total basepairs processed:   205,346,211 bp
  Read 1:   102,829,381 bp
  Read 2:   102,516,830 bp
Total written (filtered):    187,029,097 bp (91.1%)
  Read 1:    91,369,702 bp
  Read 2:    95,659,395 bp

=== First read: Adapter 1 ===

Sequence: GTGYCAGCMGCCGCGGTAA; Type: regular 5'; Length: 19; Trimmed: 545995 times

Minimum overlap: 3
No. of allowed errors:
1-9 bp: 0; 10-19 bp: 1

Overview of removed sequences
length	count	expect	max.err	error counts
3	17	11935.9	0	17
9	2	2.9	0	2
10	1	0.7	1	0 1
11	3	0.2	1	2 1
12	31	0.0	1	20 11
13	2	0.0	1	1 1
14	9	0.0	1	1 8
15	4	0.0	1	1 3
16	9	0.0	1	4 5
17	5	0.0	1	1 4
18	28	0.0	1	7 21
19	2409	0.0	1	837 1572
20	4427	0.0	1	2541 1886
21	535844	0.0	1	293298 242546
22	3148	0.0	1	2237 911
23	5	0.0	1	3 2
24	4	0.0	1	0 4
26	2	0.0	1	0 2
27	5	0.0	1	2 3
28	4	0.0	1	2 2
30	3	0.0	1	1 2
31	2	0.0	1	0 2
35	6	0.0	1	2 4
36	2	0.0	1	2
37	3	0.0	1	1 2
40	3	0.0	1	1 2
42	8	0.0	1	0 8
43	1	0.0	1	0 1
44	1	0.0	1	0 1
45	1	0.0	1	0 1
47	2	0.0	1	0 2
49	1	0.0	1	1
50	1	0.0	1	0 1
60	1	0.0	1	0 1
63	1	0.0	1	0 1


=== Second read: Adapter 2 ===

Sequence: GGACTACNVGGGTWTCTAAT; Type: regular 5'; Length: 20; Trimmed: 311747 times

Minimum overlap: 3
No. of allowed errors:
1-9 bp: 0; 10-19 bp: 1

Overview of removed sequences
length	count	expect	max.err	error counts
3	19	11935.9	0	19
10	3	0.7	1	2 1
13	3	0.0	1	1 2
14	4	0.0	1	1 3
15	1	0.0	1	0 1
16	3	0.0	1	1 2
17	4	0.0	1	4
18	16	0.0	1	12 4
19	15	0.0	1	10 5
20	432	0.0	1	382 50
21	3259	0.0	1	1566 1693
22	304340	0.0	1	295914 8426
23	3624	0.0	1	2943 681
24	14	0.0	1	4 10
25	1	0.0	1	0 1
26	2	0.0	1	2
27	1	0.0	1	1
28	1	0.0	1	1
32	3	0.0	1	3
37	2	0.0	1	2
Running cutadapt on: 2024_Warm02_Both01_G4_gill_S146
This is cutadapt 5.2 with Python 3.13.15
Command line parameters: -j 6 -g GTGYCAGCMGCCGCGGTAA -G GGACTACNVGGGTWTCTAAT -o /scratch4/workspace/jade_fiorilla_student_uml_edu-rawseqorcc/trimmed-cutadapt-fastp/2024_Warm02_Both01_G4_gill_S146_R1_trim.fastq -p /scratch4/workspace/jade_fiorilla_student_uml_edu-rawseqorcc/trimmed-cutadapt-fastp/2024_Warm02_Both01_G4_gill_S146_R2_trim.fastq /scratch4/workspace/jade_fiorilla_student_uml_edu-rawseqorcc/trimmed-fastp/2024_Warm02_Both01_G4_gill_S146_R1_trim.fastq.gz /scratch4/workspace/jade_fiorilla_student_uml_edu-rawseqorcc/trimmed-fastp/2024_Warm02_Both01_G4_gill_S146_R2_trim.fastq.gz
Processing paired-end reads on 6 cores ...

=== Summary ===

Total read pairs processed:            997,288
  Read 1 with adapter:                 774,672 (77.7%)
  Read 2 with adapter:                 577,972 (58.0%)
Pairs written (passing filters):       997,288 (100.0%)

Total basepairs processed:   356,272,571 bp
  Read 1:   178,196,037 bp
  Read 2:   178,076,534 bp
Total written (filtered):    328,638,292 bp (92.2%)
  Read 1:   162,700,338 bp
  Read 2:   165,937,954 bp

=== First read: Adapter 1 ===

Sequence: GTGYCAGCMGCCGCGGTAA; Type: regular 5'; Length: 19; Trimmed: 774672 times

Minimum overlap: 3
No. of allowed errors:
1-9 bp: 0; 10-19 bp: 1

Overview of removed sequences
length	count	expect	max.err	error counts
3	10	15582.6	0	10
9	6	3.8	0	6
10	1	1.0	1	1
11	4	0.2	1	2 2
12	53	0.1	1	48 5
13	5	0.0	1	1 4
14	9	0.0	1	0 9
15	6	0.0	1	5 1
16	15	0.0	1	9 6
17	26	0.0	1	11 15
18	87	0.0	1	28 59
19	5555	0.0	1	3275 2280
20	761343	0.0	1	548890 212453
21	6691	0.0	1	4957 1734
22	793	0.0	1	438 355
23	20	0.0	1	5 15
24	6	0.0	1	4 2
25	4	0.0	1	2 2
26	1	0.0	1	1
28	1	0.0	1	1
29	5	0.0	1	0 5
30	2	0.0	1	2
31	4	0.0	1	3 1
32	4	0.0	1	4
33	1	0.0	1	0 1
34	3	0.0	1	0 3
36	2	0.0	1	0 2
37	5	0.0	1	2 3
40	3	0.0	1	3
41	3	0.0	1	2 1
43	3	0.0	1	1 2
55	1	0.0	1	0 1


=== Second read: Adapter 2 ===

Sequence: GGACTACNVGGGTWTCTAAT; Type: regular 5'; Length: 20; Trimmed: 577972 times

Minimum overlap: 3
No. of allowed errors:
1-9 bp: 0; 10-19 bp: 1

Overview of removed sequences
length	count	expect	max.err	error counts
3	14	15582.6	0	14
10	3	1.0	1	1 2
11	1	0.2	1	0 1
13	3	0.0	1	3
14	7	0.0	1	7
15	3	0.0	1	2 1
16	3	0.0	1	2 1
17	4	0.0	1	0 4
18	13	0.0	1	10 3
19	43	0.0	1	31 12
20	4948	0.0	1	2316 2632
21	566690	0.0	1	543761 22929
22	5955	0.0	1	4694 1261
23	263	0.0	1	234 29
24	9	0.0	1	1 8
25	1	0.0	1	1
27	1	0.0	1	1
28	1	0.0	1	0 1
30	2	0.0	1	1 1
31	1	0.0	1	0 1
32	2	0.0	1	2
35	2	0.0	1	2
38	2	0.0	1	2
42	1	0.0	1	1
Running cutadapt on: 2024_Warm02_Both01_G4_gut_S147
This is cutadapt 5.2 with Python 3.13.15
Command line parameters: -j 6 -g GTGYCAGCMGCCGCGGTAA -G GGACTACNVGGGTWTCTAAT -o /scratch4/workspace/jade_fiorilla_student_uml_edu-rawseqorcc/trimmed-cutadapt-fastp/2024_Warm02_Both01_G4_gut_S147_R1_trim.fastq -p /scratch4/workspace/jade_fiorilla_student_uml_edu-rawseqorcc/trimmed-cutadapt-fastp/2024_Warm02_Both01_G4_gut_S147_R2_trim.fastq /scratch4/workspace/jade_fiorilla_student_uml_edu-rawseqorcc/trimmed-fastp/2024_Warm02_Both01_G4_gut_S147_R1_trim.fastq.gz /scratch4/workspace/jade_fiorilla_student_uml_edu-rawseqorcc/trimmed-fastp/2024_Warm02_Both01_G4_gut_S147_R2_trim.fastq.gz
Processing paired-end reads on 6 cores ...

=== Summary ===

Total read pairs processed:          1,194,802
  Read 1 with adapter:                 908,097 (76.0%)
  Read 2 with adapter:                 642,518 (53.8%)
Pairs written (passing filters):     1,194,802 (100.0%)

Total basepairs processed:   401,895,225 bp
  Read 1:   201,040,031 bp
  Read 2:   200,855,194 bp
Total written (filtered):    370,237,456 bp (92.1%)
  Read 1:   182,876,761 bp
  Read 2:   187,360,695 bp

=== First read: Adapter 1 ===

Sequence: GTGYCAGCMGCCGCGGTAA; Type: regular 5'; Length: 19; Trimmed: 908097 times

Minimum overlap: 3
No. of allowed errors:
1-9 bp: 0; 10-19 bp: 1

Overview of removed sequences
length	count	expect	max.err	error counts
8	1	18.2	0	1
9	4	4.6	0	4
11	1	0.3	1	0 1
12	48	0.1	1	37 11
13	4	0.0	1	1 3
14	3	0.0	1	0 3
15	6	0.0	1	3 3
16	33	0.0	1	21 12
17	31	0.0	1	15 16
18	97	0.0	1	42 55
19	7060	0.0	1	4004 3056
20	892954	0.0	1	615663 277291
21	7049	0.0	1	5165 1884
22	744	0.0	1	683 61
23	4	0.0	1	2 2
24	11	0.0	1	8 3
25	1	0.0	1	0 1
26	3	0.0	1	1 2
27	1	0.0	1	0 1
28	1	0.0	1	0 1
30	1	0.0	1	1
32	3	0.0	1	1 2
33	4	0.0	1	3 1
34	8	0.0	1	5 3
35	3	0.0	1	3
37	6	0.0	1	2 4
38	4	0.0	1	3 1
40	2	0.0	1	2
42	2	0.0	1	2
43	5	0.0	1	5
45	3	0.0	1	3


=== Second read: Adapter 2 ===

Sequence: GGACTACNVGGGTWTCTAAT; Type: regular 5'; Length: 20; Trimmed: 642518 times

Minimum overlap: 3
No. of allowed errors:
1-9 bp: 0; 10-19 bp: 1

Overview of removed sequences
length	count	expect	max.err	error counts
3	4	18668.8	0	4
11	2	0.3	1	2
12	1	0.1	1	0 1
13	3	0.0	1	3
14	7	0.0	1	3 4
15	4	0.0	1	1 3
16	16	0.0	1	5 11
17	3	0.0	1	2 1
18	10	0.0	1	10
19	43	0.0	1	23 20
20	5345	0.0	1	2835 2510
21	630304	0.0	1	616961 13343
22	6444	0.0	1	5012 1432
23	307	0.0	1	277 30
24	4	0.0	1	3 1
28	1	0.0	1	1
29	1	0.0	1	1
32	3	0.0	1	3
33	3	0.0	1	3
34	3	0.0	1	3
36	1	0.0	1	1
37	1	0.0	1	0 1
38	5	0.0	1	3 2
40	1	0.0	1	1
41	1	0.0	1	1
45	1	0.0	1	1
Running cutadapt on: 2024_Warm02_Both02_G15_gill_S148
This is cutadapt 5.2 with Python 3.13.15
Command line parameters: -j 6 -g GTGYCAGCMGCCGCGGTAA -G GGACTACNVGGGTWTCTAAT -o /scratch4/workspace/jade_fiorilla_student_uml_edu-rawseqorcc/trimmed-cutadapt-fastp/2024_Warm02_Both02_G15_gill_S148_R1_trim.fastq -p /scratch4/workspace/jade_fiorilla_student_uml_edu-rawseqorcc/trimmed-cutadapt-fastp/2024_Warm02_Both02_G15_gill_S148_R2_trim.fastq /scratch4/workspace/jade_fiorilla_student_uml_edu-rawseqorcc/trimmed-fastp/2024_Warm02_Both02_G15_gill_S148_R1_trim.fastq.gz /scratch4/workspace/jade_fiorilla_student_uml_edu-rawseqorcc/trimmed-fastp/2024_Warm02_Both02_G15_gill_S148_R2_trim.fastq.gz
Processing paired-end reads on 6 cores ...

=== Summary ===

Total read pairs processed:          1,516,809
  Read 1 with adapter:               1,169,511 (77.1%)
  Read 2 with adapter:                 941,754 (62.1%)
Pairs written (passing filters):     1,516,809 (100.0%)

Total basepairs processed:   575,757,152 bp
  Read 1:   287,988,625 bp
  Read 2:   287,768,527 bp
Total written (filtered):    532,588,077 bp (92.5%)
  Read 1:   264,597,144 bp
  Read 2:   267,990,933 bp

=== First read: Adapter 1 ===

Sequence: GTGYCAGCMGCCGCGGTAA; Type: regular 5'; Length: 19; Trimmed: 1169511 times

Minimum overlap: 3
No. of allowed errors:
1-9 bp: 0; 10-19 bp: 1

Overview of removed sequences
length	count	expect	max.err	error counts
3	3	23700.1	0	3
8	2	23.1	0	2
9	2	5.8	0	2
10	5	1.4	1	5
11	1	0.4	1	1
12	50	0.1	1	41 9
13	5	0.0	1	3 2
14	7	0.0	1	4 3
15	9	0.0	1	0 9
16	31	0.0	1	13 18
17	34	0.0	1	14 20
18	143	0.0	1	49 94
19	8216	0.0	1	4298 3918
20	1152121	0.0	1	837444 314677
21	7931	0.0	1	5403 2528
22	873	0.0	1	686 187
23	2	0.0	1	2
24	6	0.0	1	6
25	5	0.0	1	2 3
26	17	0.0	1	11 6
27	2	0.0	1	2
28	1	0.0	1	1
29	3	0.0	1	2 1
30	1	0.0	1	1
31	4	0.0	1	4
32	11	0.0	1	7 4
33	2	0.0	1	2
34	1	0.0	1	1
35	4	0.0	1	1 3
36	1	0.0	1	0 1
37	1	0.0	1	1
38	2	0.0	1	0 2
42	3	0.0	1	1 2
44	2	0.0	1	2
46	2	0.0	1	2
49	1	0.0	1	0 1
50	1	0.0	1	1
51	1	0.0	1	1
52	3	0.0	1	0 3
55	1	0.0	1	0 1
62	1	0.0	1	0 1


=== Second read: Adapter 2 ===

Sequence: GGACTACNVGGGTWTCTAAT; Type: regular 5'; Length: 20; Trimmed: 941754 times

Minimum overlap: 3
No. of allowed errors:
1-9 bp: 0; 10-19 bp: 1

Overview of removed sequences
length	count	expect	max.err	error counts
3	1	23700.1	0	1
10	1	1.4	1	1
12	5	0.1	1	4 1
13	6	0.0	1	5 1
14	13	0.0	1	9 4
15	13	0.0	1	7 6
16	13	0.0	1	9 4
17	16	0.0	1	8 8
18	34	0.0	1	21 13
19	82	0.0	1	29 53
20	6805	0.0	1	2921 3884
21	927140	0.0	1	896381 30759
22	7236	0.0	1	5269 1967
23	354	0.0	1	279 75
24	4	0.0	1	3 1
25	4	0.0	1	4
26	6	0.0	1	6
27	2	0.0	1	2
28	1	0.0	1	1
29	1	0.0	1	1
31	1	0.0	1	1
32	7	0.0	1	3 4
34	2	0.0	1	2
35	3	0.0	1	2 1
36	2	0.0	1	1 1
38	1	0.0	1	1
41	1	0.0	1	1
Running cutadapt on: 2024_Warm02_Both02_G15_gut_S43
This is cutadapt 5.2 with Python 3.13.15
Command line parameters: -j 6 -g GTGYCAGCMGCCGCGGTAA -G GGACTACNVGGGTWTCTAAT -o /scratch4/workspace/jade_fiorilla_student_uml_edu-rawseqorcc/trimmed-cutadapt-fastp/2024_Warm02_Both02_G15_gut_S43_R1_trim.fastq -p /scratch4/workspace/jade_fiorilla_student_uml_edu-rawseqorcc/trimmed-cutadapt-fastp/2024_Warm02_Both02_G15_gut_S43_R2_trim.fastq /scratch4/workspace/jade_fiorilla_student_uml_edu-rawseqorcc/trimmed-fastp/2024_Warm02_Both02_G15_gut_S43_R1_trim.fastq.gz /scratch4/workspace/jade_fiorilla_student_uml_edu-rawseqorcc/trimmed-fastp/2024_Warm02_Both02_G15_gut_S43_R2_trim.fastq.gz
Processing paired-end reads on 6 cores ...

=== Summary ===

Total read pairs processed:            570,575
  Read 1 with adapter:                 461,386 (80.9%)
  Read 2 with adapter:                 359,453 (63.0%)
Pairs written (passing filters):       570,575 (100.0%)

Total basepairs processed:   219,463,398 bp
  Read 1:   109,772,787 bp
  Read 2:   109,690,611 bp
Total written (filtered):    202,688,486 bp (92.4%)
  Read 1:   100,544,784 bp
  Read 2:   102,143,702 bp

=== First read: Adapter 1 ===

Sequence: GTGYCAGCMGCCGCGGTAA; Type: regular 5'; Length: 19; Trimmed: 461386 times

Minimum overlap: 3
No. of allowed errors:
1-9 bp: 0; 10-19 bp: 1

Overview of removed sequences
length	count	expect	max.err	error counts
9	1	2.2	0	1
12	22	0.0	1	11 11
13	1	0.0	1	1
14	1	0.0	1	0 1
15	3	0.0	1	0 3
16	9	0.0	1	6 3
17	15	0.0	1	6 9
18	68	0.0	1	30 38
19	6704	0.0	1	3600 3104
20	448250	0.0	1	337168 111082
21	5565	0.0	1	3384 2181
22	710	0.0	1	608 102
23	7	0.0	1	6 1
24	5	0.0	1	5
28	4	0.0	1	4
31	4	0.0	1	4
32	1	0.0	1	1
33	1	0.0	1	1
34	1	0.0	1	1
35	2	0.0	1	1 1
36	1	0.0	1	1
39	3	0.0	1	2 1
41	5	0.0	1	2 3
42	2	0.0	1	1 1
46	1	0.0	1	0 1


=== Second read: Adapter 2 ===

Sequence: GGACTACNVGGGTWTCTAAT; Type: regular 5'; Length: 20; Trimmed: 359453 times

Minimum overlap: 3
No. of allowed errors:
1-9 bp: 0; 10-19 bp: 1

Overview of removed sequences
length	count	expect	max.err	error counts
3	1	8915.2	0	1
13	7	0.0	1	7
14	4	0.0	1	2 2
15	2	0.0	1	0 2
16	2	0.0	1	1 1
17	5	0.0	1	5
18	16	0.0	1	9 7
19	46	0.0	1	16 30
20	5379	0.0	1	3841 1538
21	350262	0.0	1	344438 5824
22	3438	0.0	1	2634 804
23	285	0.0	1	266 19
24	2	0.0	1	1 1
29	1	0.0	1	1
30	1	0.0	1	1
34	1	0.0	1	1
36	1	0.0	1	1
Running cutadapt on: 2024_Warm02_Both06_G64_gill_S177
This is cutadapt 5.2 with Python 3.13.15
Command line parameters: -j 6 -g GTGYCAGCMGCCGCGGTAA -G GGACTACNVGGGTWTCTAAT -o /scratch4/workspace/jade_fiorilla_student_uml_edu-rawseqorcc/trimmed-cutadapt-fastp/2024_Warm02_Both06_G64_gill_S177_R1_trim.fastq -p /scratch4/workspace/jade_fiorilla_student_uml_edu-rawseqorcc/trimmed-cutadapt-fastp/2024_Warm02_Both06_G64_gill_S177_R2_trim.fastq /scratch4/workspace/jade_fiorilla_student_uml_edu-rawseqorcc/trimmed-fastp/2024_Warm02_Both06_G64_gill_S177_R1_trim.fastq.gz /scratch4/workspace/jade_fiorilla_student_uml_edu-rawseqorcc/trimmed-fastp/2024_Warm02_Both06_G64_gill_S177_R2_trim.fastq.gz
Processing paired-end reads on 6 cores ...

=== Summary ===

Total read pairs processed:          1,715,105
  Read 1 with adapter:               1,335,021 (77.8%)
  Read 2 with adapter:                 934,995 (54.5%)
Pairs written (passing filters):     1,715,105 (100.0%)

Total basepairs processed:   586,302,792 bp
  Read 1:   293,238,605 bp
  Read 2:   293,064,187 bp
Total written (filtered):    539,984,775 bp (92.1%)
  Read 1:   266,546,852 bp
  Read 2:   273,437,923 bp

=== First read: Adapter 1 ===

Sequence: GTGYCAGCMGCCGCGGTAA; Type: regular 5'; Length: 19; Trimmed: 1335021 times

Minimum overlap: 3
No. of allowed errors:
1-9 bp: 0; 10-19 bp: 1

Overview of removed sequences
length	count	expect	max.err	error counts
8	1	26.2	0	1
9	3	6.5	0	3
11	2	0.4	1	1 1
12	64	0.1	1	43 21
13	16	0.0	1	12 4
14	11	0.0	1	3 8
15	15	0.0	1	12 3
16	46	0.0	1	29 17
17	34	0.0	1	8 26
18	137	0.0	1	67 70
19	13054	0.0	1	6542 6512
20	1316735	0.0	1	893906 422829
21	4801	0.0	1	2349 2452
22	24	0.0	1	12 12
23	7	0.0	1	4 3
24	10	0.0	1	9 1
25	5	0.0	1	3 2
26	9	0.0	1	8 1
27	1	0.0	1	0 1
28	6	0.0	1	4 2
29	3	0.0	1	0 3
30	1	0.0	1	1
31	3	0.0	1	1 2
32	5	0.0	1	0 5
33	4	0.0	1	3 1
34	2	0.0	1	0 2
35	3	0.0	1	3
36	1	0.0	1	1
37	2	0.0	1	2
38	1	0.0	1	1
39	2	0.0	1	1 1
40	2	0.0	1	2
41	1	0.0	1	1
44	1	0.0	1	0 1
47	3	0.0	1	2 1
53	3	0.0	1	0 3
55	3	0.0	1	3


=== Second read: Adapter 2 ===

Sequence: GGACTACNVGGGTWTCTAAT; Type: regular 5'; Length: 20; Trimmed: 934995 times

Minimum overlap: 3
No. of allowed errors:
1-9 bp: 0; 10-19 bp: 1

Overview of removed sequences
length	count	expect	max.err	error counts
3	1	26798.5	0	1
10	5	1.6	1	5
12	1	0.1	1	1
13	8	0.0	1	6 2
14	3	0.0	1	1 2
15	8	0.0	1	2 6
16	8	0.0	1	7 1
17	28	0.0	1	17 11
18	38	0.0	1	26 12
19	157	0.0	1	40 117
20	12380	0.0	1	7881 4499
21	918173	0.0	1	889331 28842
22	4139	0.0	1	1795 2344
23	13	0.0	1	10 3
24	1	0.0	1	1
25	5	0.0	1	5
26	2	0.0	1	2
28	1	0.0	1	1
29	3	0.0	1	3
30	4	0.0	1	3 1
31	2	0.0	1	2
34	7	0.0	1	3 4
35	1	0.0	1	1
39	1	0.0	1	1
40	1	0.0	1	1
43	2	0.0	1	2
45	2	0.0	1	2
46	1	0.0	1	1
Running cutadapt on: 2024_Warm02_Both06_G64_gut_S178
This is cutadapt 5.2 with Python 3.13.15
Command line parameters: -j 6 -g GTGYCAGCMGCCGCGGTAA -G GGACTACNVGGGTWTCTAAT -o /scratch4/workspace/jade_fiorilla_student_uml_edu-rawseqorcc/trimmed-cutadapt-fastp/2024_Warm02_Both06_G64_gut_S178_R1_trim.fastq -p /scratch4/workspace/jade_fiorilla_student_uml_edu-rawseqorcc/trimmed-cutadapt-fastp/2024_Warm02_Both06_G64_gut_S178_R2_trim.fastq /scratch4/workspace/jade_fiorilla_student_uml_edu-rawseqorcc/trimmed-fastp/2024_Warm02_Both06_G64_gut_S178_R1_trim.fastq.gz /scratch4/workspace/jade_fiorilla_student_uml_edu-rawseqorcc/trimmed-fastp/2024_Warm02_Both06_G64_gut_S178_R2_trim.fastq.gz
Processing paired-end reads on 6 cores ...

=== Summary ===

Total read pairs processed:            978,983
  Read 1 with adapter:                 849,811 (86.8%)
  Read 2 with adapter:                 733,972 (75.0%)
Pairs written (passing filters):       978,983 (100.0%)

Total basepairs processed:   440,850,435 bp
  Read 1:   220,451,884 bp
  Read 2:   220,398,551 bp
Total written (filtered):    408,452,275 bp (92.7%)
  Read 1:   203,460,269 bp
  Read 2:   204,992,006 bp

=== First read: Adapter 1 ===

Sequence: GTGYCAGCMGCCGCGGTAA; Type: regular 5'; Length: 19; Trimmed: 849811 times

Minimum overlap: 3
No. of allowed errors:
1-9 bp: 0; 10-19 bp: 1

Overview of removed sequences
length	count	expect	max.err	error counts
3	18	15296.6	0	18
12	50	0.1	1	37 13
13	4	0.0	1	0 4
14	8	0.0	1	1 7
15	5	0.0	1	4 1
16	27	0.0	1	18 9
17	31	0.0	1	14 17
18	123	0.0	1	50 73
19	10302	0.0	1	5399 4903
20	833670	0.0	1	704361 129309
21	4703	0.0	1	2771 1932
22	826	0.0	1	370 456
23	5	0.0	1	2 3
24	4	0.0	1	4
26	1	0.0	1	1
27	1	0.0	1	1
29	4	0.0	1	3 1
32	1	0.0	1	1
33	3	0.0	1	2 1
34	2	0.0	1	0 2
35	1	0.0	1	0 1
36	2	0.0	1	1 1
37	7	0.0	1	6 1
38	1	0.0	1	0 1
39	5	0.0	1	4 1
41	1	0.0	1	1
42	3	0.0	1	2 1
43	1	0.0	1	1
44	2	0.0	1	2


=== Second read: Adapter 2 ===

Sequence: GGACTACNVGGGTWTCTAAT; Type: regular 5'; Length: 20; Trimmed: 733972 times

Minimum overlap: 3
No. of allowed errors:
1-9 bp: 0; 10-19 bp: 1

Overview of removed sequences
length	count	expect	max.err	error counts
3	18	15296.6	0	18
10	2	0.9	1	2
12	7	0.1	1	6 1
13	4	0.0	1	4
14	6	0.0	1	1 5
16	2	0.0	1	1 1
17	14	0.0	1	6 8
18	23	0.0	1	9 14
19	151	0.0	1	25 126
20	10336	0.0	1	6884 3452
21	719561	0.0	1	697173 22388
22	3545	0.0	1	1889 1656
23	271	0.0	1	241 30
24	4	0.0	1	1 3
25	5	0.0	1	5
26	1	0.0	1	1
27	4	0.0	1	4
28	2	0.0	1	1 1
29	1	0.0	1	1
30	5	0.0	1	5
31	1	0.0	1	0 1
32	1	0.0	1	0 1
35	2	0.0	1	2
36	1	0.0	1	0 1
40	1	0.0	1	1
41	1	0.0	1	1
44	2	0.0	1	2
46	1	0.0	1	1
Running cutadapt on: 2024_Warm02_Null_G15_gill_S263
This is cutadapt 5.2 with Python 3.13.15
Command line parameters: -j 6 -g GTGYCAGCMGCCGCGGTAA -G GGACTACNVGGGTWTCTAAT -o /scratch4/workspace/jade_fiorilla_student_uml_edu-rawseqorcc/trimmed-cutadapt-fastp/2024_Warm02_Null_G15_gill_S263_R1_trim.fastq -p /scratch4/workspace/jade_fiorilla_student_uml_edu-rawseqorcc/trimmed-cutadapt-fastp/2024_Warm02_Null_G15_gill_S263_R2_trim.fastq /scratch4/workspace/jade_fiorilla_student_uml_edu-rawseqorcc/trimmed-fastp/2024_Warm02_Null_G15_gill_S263_R1_trim.fastq.gz /scratch4/workspace/jade_fiorilla_student_uml_edu-rawseqorcc/trimmed-fastp/2024_Warm02_Null_G15_gill_S263_R2_trim.fastq.gz
Processing paired-end reads on 6 cores ...

=== Summary ===

Total read pairs processed:            719,432
  Read 1 with adapter:                 688,960 (95.8%)
  Read 2 with adapter:                 667,327 (92.8%)
Pairs written (passing filters):       719,432 (100.0%)

Total basepairs processed:   390,626,284 bp
  Read 1:   195,320,389 bp
  Read 2:   195,305,895 bp
Total written (filtered):    362,742,696 bp (92.9%)
  Read 1:   181,489,227 bp
  Read 2:   181,253,469 bp

=== First read: Adapter 1 ===

Sequence: GTGYCAGCMGCCGCGGTAA; Type: regular 5'; Length: 19; Trimmed: 688960 times

Minimum overlap: 3
No. of allowed errors:
1-9 bp: 0; 10-19 bp: 1

Overview of removed sequences
length	count	expect	max.err	error counts
9	5	2.7	0	5
10	4	0.7	1	3 1
12	36	0.0	1	30 6
13	8	0.0	1	3 5
14	8	0.0	1	5 3
15	4	0.0	1	3 1
16	22	0.0	1	15 7
17	20	0.0	1	8 12
18	71	0.0	1	34 37
19	2284	0.0	1	488 1796
20	632445	0.0	1	584450 47995
21	53497	0.0	1	40906 12591
22	517	0.0	1	407 110
23	5	0.0	1	3 2
25	1	0.0	1	1
26	2	0.0	1	2
27	3	0.0	1	3
28	1	0.0	1	0 1
29	1	0.0	1	1
30	1	0.0	1	0 1
31	1	0.0	1	1
32	5	0.0	1	5
33	2	0.0	1	2
34	1	0.0	1	1
35	3	0.0	1	3
37	5	0.0	1	3 2
41	1	0.0	1	1
43	2	0.0	1	2
44	1	0.0	1	0 1
45	4	0.0	1	4


=== Second read: Adapter 2 ===

Sequence: GGACTACNVGGGTWTCTAAT; Type: regular 5'; Length: 20; Trimmed: 667327 times

Minimum overlap: 3
No. of allowed errors:
1-9 bp: 0; 10-19 bp: 1

Overview of removed sequences
length	count	expect	max.err	error counts
3	2	11241.1	0	2
11	3	0.2	1	0 3
12	4	0.0	1	4
13	14	0.0	1	12 2
14	14	0.0	1	8 6
15	2	0.0	1	2
16	3	0.0	1	1 2
17	10	0.0	1	7 3
18	13	0.0	1	9 4
19	37	0.0	1	19 18
20	10619	0.0	1	345 10274
21	607827	0.0	1	590148 17679
22	48151	0.0	1	43093 5058
23	600	0.0	1	316 284
24	5	0.0	1	2 3
26	3	0.0	1	3
28	2	0.0	1	2
29	4	0.0	1	4
31	1	0.0	1	1
32	2	0.0	1	1 1
33	3	0.0	1	3
34	2	0.0	1	2
37	3	0.0	1	3
42	1	0.0	1	0 1
61	2	0.0	1	2
Running cutadapt on: 2024_Warm02_Null_G15_gut_S185
This is cutadapt 5.2 with Python 3.13.15
Command line parameters: -j 6 -g GTGYCAGCMGCCGCGGTAA -G GGACTACNVGGGTWTCTAAT -o /scratch4/workspace/jade_fiorilla_student_uml_edu-rawseqorcc/trimmed-cutadapt-fastp/2024_Warm02_Null_G15_gut_S185_R1_trim.fastq -p /scratch4/workspace/jade_fiorilla_student_uml_edu-rawseqorcc/trimmed-cutadapt-fastp/2024_Warm02_Null_G15_gut_S185_R2_trim.fastq /scratch4/workspace/jade_fiorilla_student_uml_edu-rawseqorcc/trimmed-fastp/2024_Warm02_Null_G15_gut_S185_R1_trim.fastq.gz /scratch4/workspace/jade_fiorilla_student_uml_edu-rawseqorcc/trimmed-fastp/2024_Warm02_Null_G15_gut_S185_R2_trim.fastq.gz
Processing paired-end reads on 6 cores ...

=== Summary ===

Total read pairs processed:          1,725,930
  Read 1 with adapter:               1,433,710 (83.1%)
  Read 2 with adapter:               1,020,086 (59.1%)
Pairs written (passing filters):     1,725,930 (100.0%)

Total basepairs processed:   625,462,696 bp
  Read 1:   312,817,531 bp
  Read 2:   312,645,165 bp
Total written (filtered):    577,768,185 bp (92.4%)
  Read 1:   285,550,484 bp
  Read 2:   292,217,701 bp

=== First read: Adapter 1 ===

Sequence: GTGYCAGCMGCCGCGGTAA; Type: regular 5'; Length: 19; Trimmed: 1433710 times

Minimum overlap: 3
No. of allowed errors:
1-9 bp: 0; 10-19 bp: 1

Overview of removed sequences
length	count	expect	max.err	error counts
3	36	26967.7	0	36
9	8	6.6	0	8
10	2	1.6	1	2
11	2	0.4	1	2
12	96	0.1	1	78 18
13	7	0.0	1	2 5
14	7	0.0	1	3 4
15	19	0.0	1	13 6
16	65	0.0	1	34 31
17	97	0.0	1	56 41
18	3257	0.0	1	567 2690
19	1410854	0.0	1	988728 422126
20	11978	0.0	1	7567 4411
21	3068	0.0	1	2442 626
22	4128	0.0	1	3241 887
23	13	0.0	1	5 8
24	3	0.0	1	1 2
25	1	0.0	1	1
26	1	0.0	1	0 1
28	4	0.0	1	2 2
29	1	0.0	1	0 1
30	3	0.0	1	2 1
31	3	0.0	1	2 1
32	13	0.0	1	5 8
33	5	0.0	1	1 4
34	5	0.0	1	5
35	2	0.0	1	1 1
36	5	0.0	1	1 4
37	1	0.0	1	0 1
39	3	0.0	1	3
40	16	0.0	1	1 15
41	1	0.0	1	0 1
42	3	0.0	1	3
48	2	0.0	1	2
50	1	0.0	1	0 1


=== Second read: Adapter 2 ===

Sequence: GGACTACNVGGGTWTCTAAT; Type: regular 5'; Length: 20; Trimmed: 1020086 times

Minimum overlap: 3
No. of allowed errors:
1-9 bp: 0; 10-19 bp: 1

Overview of removed sequences
length	count	expect	max.err	error counts
3	64	26967.7	0	64
8	1	26.3	0	1
9	4	6.6	0	4
10	3	1.6	1	3
11	3	0.4	1	2 1
12	8	0.1	1	6 2
13	8	0.0	1	8
14	22	0.0	1	8 14
15	7	0.0	1	6 1
16	17	0.0	1	5 12
17	25	0.0	1	14 11
18	50	0.0	1	34 16
19	4379	0.0	1	656 3723
20	999507	0.0	1	974919 24588
21	7422	0.0	1	4975 2447
22	1642	0.0	1	1524 118
23	6830	0.0	1	6347 483
24	53	0.0	1	13 40
25	1	0.0	1	1
26	8	0.0	1	8
27	8	0.0	1	6 2
28	1	0.0	1	1
29	2	0.0	1	2
30	5	0.0	1	5
31	1	0.0	1	0 1
32	5	0.0	1	5
34	2	0.0	1	2
38	1	0.0	1	1
39	1	0.0	1	1
40	1	0.0	1	1
41	5	0.0	1	5
Running cutadapt on: 2024_Warm03_Both05_G54_gill_S179
This is cutadapt 5.2 with Python 3.13.15
Command line parameters: -j 6 -g GTGYCAGCMGCCGCGGTAA -G GGACTACNVGGGTWTCTAAT -o /scratch4/workspace/jade_fiorilla_student_uml_edu-rawseqorcc/trimmed-cutadapt-fastp/2024_Warm03_Both05_G54_gill_S179_R1_trim.fastq -p /scratch4/workspace/jade_fiorilla_student_uml_edu-rawseqorcc/trimmed-cutadapt-fastp/2024_Warm03_Both05_G54_gill_S179_R2_trim.fastq /scratch4/workspace/jade_fiorilla_student_uml_edu-rawseqorcc/trimmed-fastp/2024_Warm03_Both05_G54_gill_S179_R1_trim.fastq.gz /scratch4/workspace/jade_fiorilla_student_uml_edu-rawseqorcc/trimmed-fastp/2024_Warm03_Both05_G54_gill_S179_R2_trim.fastq.gz
Processing paired-end reads on 6 cores ...

=== Summary ===

Total read pairs processed:          2,044,172
  Read 1 with adapter:               1,001,501 (49.0%)
  Read 2 with adapter:               1,003,773 (49.1%)
Pairs written (passing filters):     2,044,172 (100.0%)

Total basepairs processed:   506,271,278 bp
  Read 1:   253,212,564 bp
  Read 2:   253,058,714 bp
Total written (filtered):    467,146,140 bp (92.3%)
  Read 1:   234,167,893 bp
  Read 2:   232,978,247 bp

=== First read: Adapter 1 ===

Sequence: GTGYCAGCMGCCGCGGTAA; Type: regular 5'; Length: 19; Trimmed: 1001501 times

Minimum overlap: 3
No. of allowed errors:
1-9 bp: 0; 10-19 bp: 1

Overview of removed sequences
length	count	expect	max.err	error counts
4	1	7985.0	0	1
9	2	7.8	0	2
12	43	0.1	1	18 25
13	11	0.0	1	6 5
14	6	0.0	1	0 6
15	6	0.0	1	0 6
16	33	0.0	1	8 25
17	64	0.0	1	18 46
18	1819	0.0	1	203 1616
19	986030	0.0	1	356288 629742
20	9895	0.0	1	6523 3372
21	2872	0.0	1	2432 440
22	653	0.0	1	569 84
23	5	0.0	1	1 4
25	1	0.0	1	1
27	2	0.0	1	0 2
29	2	0.0	1	0 2
30	1	0.0	1	0 1
31	23	0.0	1	0 23
32	7	0.0	1	0 7
33	3	0.0	1	3
34	2	0.0	1	0 2
36	3	0.0	1	0 3
37	3	0.0	1	0 3
38	1	0.0	1	0 1
39	1	0.0	1	0 1
40	1	0.0	1	0 1
41	1	0.0	1	0 1
42	1	0.0	1	0 1
48	1	0.0	1	0 1
56	1	0.0	1	0 1
57	5	0.0	1	0 5
58	2	0.0	1	0 2


=== Second read: Adapter 2 ===

Sequence: GGACTACNVGGGTWTCTAAT; Type: regular 5'; Length: 20; Trimmed: 1003773 times

Minimum overlap: 3
No. of allowed errors:
1-9 bp: 0; 10-19 bp: 1

Overview of removed sequences
length	count	expect	max.err	error counts
10	4	1.9	1	4
12	1	0.1	1	1
13	5	0.0	1	0 5
14	17	0.0	1	4 13
15	4	0.0	1	3 1
16	14	0.0	1	4 10
17	28	0.0	1	20 8
18	53	0.0	1	28 25
19	8413	0.0	1	671 7742
20	983793	0.0	1	953498 30295
21	9556	0.0	1	7123 2433
22	1561	0.0	1	1458 103
23	292	0.0	1	281 11
24	4	0.0	1	4
25	3	0.0	1	3
26	2	0.0	1	2
27	3	0.0	1	3
28	5	0.0	1	5
29	2	0.0	1	2
30	2	0.0	1	1 1
31	1	0.0	1	0 1
32	2	0.0	1	2
34	1	0.0	1	1
35	1	0.0	1	1
37	3	0.0	1	0 3
40	3	0.0	1	3
Running cutadapt on: 2024_Warm03_Both05_G54_gut_S59
This is cutadapt 5.2 with Python 3.13.15
Command line parameters: -j 6 -g GTGYCAGCMGCCGCGGTAA -G GGACTACNVGGGTWTCTAAT -o /scratch4/workspace/jade_fiorilla_student_uml_edu-rawseqorcc/trimmed-cutadapt-fastp/2024_Warm03_Both05_G54_gut_S59_R1_trim.fastq -p /scratch4/workspace/jade_fiorilla_student_uml_edu-rawseqorcc/trimmed-cutadapt-fastp/2024_Warm03_Both05_G54_gut_S59_R2_trim.fastq /scratch4/workspace/jade_fiorilla_student_uml_edu-rawseqorcc/trimmed-fastp/2024_Warm03_Both05_G54_gut_S59_R1_trim.fastq.gz /scratch4/workspace/jade_fiorilla_student_uml_edu-rawseqorcc/trimmed-fastp/2024_Warm03_Both05_G54_gut_S59_R2_trim.fastq.gz
Processing paired-end reads on 6 cores ...

=== Summary ===

Total read pairs processed:            683,132
  Read 1 with adapter:                 597,822 (87.5%)
  Read 2 with adapter:                 497,168 (72.8%)
Pairs written (passing filters):       683,132 (100.0%)

Total basepairs processed:   303,772,009 bp
  Read 1:   151,941,820 bp
  Read 2:   151,830,189 bp
Total written (filtered):    280,289,256 bp (92.3%)
  Read 1:   139,393,929 bp
  Read 2:   140,895,327 bp

=== First read: Adapter 1 ===

Sequence: GTGYCAGCMGCCGCGGTAA; Type: regular 5'; Length: 19; Trimmed: 597822 times

Minimum overlap: 3
No. of allowed errors:
1-9 bp: 0; 10-19 bp: 1

Overview of removed sequences
length	count	expect	max.err	error counts
3	6	10673.9	0	6
9	1	2.6	0	1
12	30	0.0	1	21 9
13	3	0.0	1	3
14	2	0.0	1	2
15	6	0.0	1	3 3
16	8	0.0	1	6 2
17	20	0.0	1	17 3
18	40	0.0	1	16 24
19	2500	0.0	1	1542 958
20	5237	0.0	1	3243 1994
21	585916	0.0	1	478512 107404
22	3998	0.0	1	2816 1182
23	11	0.0	1	4 7
24	3	0.0	1	3
25	4	0.0	1	2 2
26	2	0.0	1	0 2
27	1	0.0	1	0 1
28	3	0.0	1	3
29	1	0.0	1	1
31	3	0.0	1	3
32	2	0.0	1	2
33	5	0.0	1	1 4
34	1	0.0	1	1
36	2	0.0	1	1 1
37	2	0.0	1	2
38	4	0.0	1	3 1
39	1	0.0	1	0 1
40	3	0.0	1	3
41	2	0.0	1	2
42	2	0.0	1	1 1
43	1	0.0	1	1
44	2	0.0	1	2


=== Second read: Adapter 2 ===

Sequence: GGACTACNVGGGTWTCTAAT; Type: regular 5'; Length: 20; Trimmed: 497168 times

Minimum overlap: 3
No. of allowed errors:
1-9 bp: 0; 10-19 bp: 1

Overview of removed sequences
length	count	expect	max.err	error counts
3	12	10673.9	0	12
4	1	2668.5	0	1
10	2	0.7	1	2
11	1	0.2	1	0 1
12	4	0.0	1	4
13	2	0.0	1	1 1
14	7	0.0	1	4 3
15	8	0.0	1	7 1
16	8	0.0	1	4 4
17	5	0.0	1	4 1
18	16	0.0	1	14 2
19	42	0.0	1	27 15
20	1047	0.0	1	972 75
21	4593	0.0	1	2243 2350
22	486937	0.0	1	477720 9217
23	4458	0.0	1	3555 903
24	13	0.0	1	8 5
25	2	0.0	1	2
26	2	0.0	1	2
28	1	0.0	1	1
29	1	0.0	1	1
30	2	0.0	1	2
31	1	0.0	1	1
32	2	0.0	1	2
33	1	0.0	1	1
Running cutadapt on: 2024_Warm03_Cont03_G29_gill_S160
This is cutadapt 5.2 with Python 3.13.15
Command line parameters: -j 6 -g GTGYCAGCMGCCGCGGTAA -G GGACTACNVGGGTWTCTAAT -o /scratch4/workspace/jade_fiorilla_student_uml_edu-rawseqorcc/trimmed-cutadapt-fastp/2024_Warm03_Cont03_G29_gill_S160_R1_trim.fastq -p /scratch4/workspace/jade_fiorilla_student_uml_edu-rawseqorcc/trimmed-cutadapt-fastp/2024_Warm03_Cont03_G29_gill_S160_R2_trim.fastq /scratch4/workspace/jade_fiorilla_student_uml_edu-rawseqorcc/trimmed-fastp/2024_Warm03_Cont03_G29_gill_S160_R1_trim.fastq.gz /scratch4/workspace/jade_fiorilla_student_uml_edu-rawseqorcc/trimmed-fastp/2024_Warm03_Cont03_G29_gill_S160_R2_trim.fastq.gz
Processing paired-end reads on 6 cores ...

=== Summary ===

Total read pairs processed:          1,537,962
  Read 1 with adapter:                 814,111 (52.9%)
  Read 2 with adapter:               1,108,904 (72.1%)
Pairs written (passing filters):     1,537,962 (100.0%)

Total basepairs processed:   553,831,739 bp
  Read 1:   276,936,283 bp
  Read 2:   276,895,456 bp
Total written (filtered):    514,266,949 bp (92.9%)
  Read 1:   260,656,020 bp
  Read 2:   253,610,929 bp

=== First read: Adapter 1 ===

Sequence: GTGYCAGCMGCCGCGGTAA; Type: regular 5'; Length: 19; Trimmed: 814111 times

Minimum overlap: 3
No. of allowed errors:
1-9 bp: 0; 10-19 bp: 1

Overview of removed sequences
length	count	expect	max.err	error counts
10	2	1.5	1	2
11	1	0.4	1	0 1
12	34	0.1	1	22 12
13	5	0.0	1	3 2
14	7	0.0	1	6 1
15	3	0.0	1	2 1
16	25	0.0	1	20 5
17	23	0.0	1	12 11
18	97	0.0	1	42 55
19	9376	0.0	1	4994 4382
20	797074	0.0	1	573950 223124
21	7369	0.0	1	5533 1836
22	32	0.0	1	13 19
23	3	0.0	1	2 1
24	4	0.0	1	2 2
25	7	0.0	1	2 5
26	4	0.0	1	4
27	6	0.0	1	6
28	2	0.0	1	2
30	2	0.0	1	0 2
31	2	0.0	1	2
32	6	0.0	1	5 1
34	5	0.0	1	2 3
35	4	0.0	1	0 4
36	4	0.0	1	3 1
37	3	0.0	1	1 2
38	2	0.0	1	1 1
39	3	0.0	1	3
40	2	0.0	1	2
42	1	0.0	1	0 1
45	1	0.0	1	0 1
48	1	0.0	1	0 1
53	1	0.0	1	0 1


=== Second read: Adapter 2 ===

Sequence: GGACTACNVGGGTWTCTAAT; Type: regular 5'; Length: 20; Trimmed: 1108904 times

Minimum overlap: 3
No. of allowed errors:
1-9 bp: 0; 10-19 bp: 1

Overview of removed sequences
length	count	expect	max.err	error counts
3	4	24030.7	0	4
10	1	1.5	1	1
11	1	0.4	1	1
12	4	0.1	1	4
13	3	0.0	1	2 1
14	13	0.0	1	7 6
15	7	0.0	1	4 3
16	5	0.0	1	3 2
17	24	0.0	1	7 17
18	31	0.0	1	21 10
19	85	0.0	1	60 25
20	9716	0.0	1	3623 6093
21	1091533	0.0	1	1054598 36935
22	7397	0.0	1	5172 2225
23	27	0.0	1	17 10
24	6	0.0	1	6
25	1	0.0	1	1
26	7	0.0	1	7
27	1	0.0	1	1
28	6	0.0	1	6
29	5	0.0	1	5
30	1	0.0	1	1
31	6	0.0	1	3 3
32	8	0.0	1	6 2
33	4	0.0	1	4
34	2	0.0	1	2
37	5	0.0	1	5
43	1	0.0	1	1
Running cutadapt on: 2024_Warm03_Cont03_G29_gut_S52
This is cutadapt 5.2 with Python 3.13.15
Command line parameters: -j 6 -g GTGYCAGCMGCCGCGGTAA -G GGACTACNVGGGTWTCTAAT -o /scratch4/workspace/jade_fiorilla_student_uml_edu-rawseqorcc/trimmed-cutadapt-fastp/2024_Warm03_Cont03_G29_gut_S52_R1_trim.fastq -p /scratch4/workspace/jade_fiorilla_student_uml_edu-rawseqorcc/trimmed-cutadapt-fastp/2024_Warm03_Cont03_G29_gut_S52_R2_trim.fastq /scratch4/workspace/jade_fiorilla_student_uml_edu-rawseqorcc/trimmed-fastp/2024_Warm03_Cont03_G29_gut_S52_R1_trim.fastq.gz /scratch4/workspace/jade_fiorilla_student_uml_edu-rawseqorcc/trimmed-fastp/2024_Warm03_Cont03_G29_gut_S52_R2_trim.fastq.gz
Processing paired-end reads on 6 cores ...

=== Summary ===

Total read pairs processed:            709,281
  Read 1 with adapter:                 468,904 (66.1%)
  Read 2 with adapter:                 134,975 (19.0%)
Pairs written (passing filters):       709,281 (100.0%)

Total basepairs processed:   103,992,442 bp
  Read 1:    52,048,974 bp
  Read 2:    51,943,468 bp
Total written (filtered):     92,360,487 bp (88.8%)
  Read 1:    43,124,029 bp
  Read 2:    49,236,458 bp

=== First read: Adapter 1 ===

Sequence: GTGYCAGCMGCCGCGGTAA; Type: regular 5'; Length: 19; Trimmed: 468904 times

Minimum overlap: 3
No. of allowed errors:
1-9 bp: 0; 10-19 bp: 1

Overview of removed sequences
length	count	expect	max.err	error counts
3	5	11082.5	0	5
11	3	0.2	1	3
12	42	0.0	1	9 33
13	7	0.0	1	0 7
14	2	0.0	1	0 2
15	3	0.0	1	0 3
16	19	0.0	1	6 13
17	48	0.0	1	8 40
18	636	0.0	1	72 564
19	459359	0.0	1	127534 331825
20	3741	0.0	1	1963 1778
21	2688	0.0	1	1588 1100
22	2270	0.0	1	1831 439
23	15	0.0	1	10 5
24	2	0.0	1	1 1
25	2	0.0	1	0 2
26	2	0.0	1	0 2
27	1	0.0	1	0 1
29	1	0.0	1	0 1
31	26	0.0	1	1 25
32	9	0.0	1	0 9
34	1	0.0	1	0 1
35	3	0.0	1	0 3
37	2	0.0	1	0 2
39	2	0.0	1	0 2
40	4	0.0	1	0 4
41	1	0.0	1	1
47	3	0.0	1	0 3
48	1	0.0	1	0 1
50	3	0.0	1	0 3
52	3	0.0	1	0 3


=== Second read: Adapter 2 ===

Sequence: GGACTACNVGGGTWTCTAAT; Type: regular 5'; Length: 20; Trimmed: 134975 times

Minimum overlap: 3
No. of allowed errors:
1-9 bp: 0; 10-19 bp: 1

Overview of removed sequences
length	count	expect	max.err	error counts
3	10	11082.5	0	10
13	1	0.0	1	1
14	3	0.0	1	2 1
15	3	0.0	1	3
16	3	0.0	1	0 3
17	1	0.0	1	0 1
18	6	0.0	1	4 2
19	599	0.0	1	82 517
20	130373	0.0	1	127028 3345
21	1411	0.0	1	1146 265
22	785	0.0	1	742 43
23	1773	0.0	1	1713 60
24	4	0.0	1	1 3
28	1	0.0	1	1
30	1	0.0	1	0 1
32	1	0.0	1	1
Running cutadapt on: 2024_Warm03_Hyp02_G18_gill_S228
This is cutadapt 5.2 with Python 3.13.15
Command line parameters: -j 6 -g GTGYCAGCMGCCGCGGTAA -G GGACTACNVGGGTWTCTAAT -o /scratch4/workspace/jade_fiorilla_student_uml_edu-rawseqorcc/trimmed-cutadapt-fastp/2024_Warm03_Hyp02_G18_gill_S228_R1_trim.fastq -p /scratch4/workspace/jade_fiorilla_student_uml_edu-rawseqorcc/trimmed-cutadapt-fastp/2024_Warm03_Hyp02_G18_gill_S228_R2_trim.fastq /scratch4/workspace/jade_fiorilla_student_uml_edu-rawseqorcc/trimmed-fastp/2024_Warm03_Hyp02_G18_gill_S228_R1_trim.fastq.gz /scratch4/workspace/jade_fiorilla_student_uml_edu-rawseqorcc/trimmed-fastp/2024_Warm03_Hyp02_G18_gill_S228_R2_trim.fastq.gz
Processing paired-end reads on 6 cores ...

=== Summary ===

Total read pairs processed:          1,185,479
  Read 1 with adapter:                 796,739 (67.2%)
  Read 2 with adapter:                 771,088 (65.0%)
Pairs written (passing filters):     1,185,479 (100.0%)

Total basepairs processed:   421,021,408 bp
  Read 1:   210,548,362 bp
  Read 2:   210,473,046 bp
Total written (filtered):    388,894,120 bp (92.4%)
  Read 1:   194,611,336 bp
  Read 2:   194,282,784 bp

=== First read: Adapter 1 ===

Sequence: GTGYCAGCMGCCGCGGTAA; Type: regular 5'; Length: 19; Trimmed: 796739 times

Minimum overlap: 3
No. of allowed errors:
1-9 bp: 0; 10-19 bp: 1

Overview of removed sequences
length	count	expect	max.err	error counts
3	5	18523.1	0	5
9	3	4.5	0	3
11	4	0.3	1	3 1
12	31	0.1	1	27 4
13	2	0.0	1	2
14	5	0.0	1	5
15	3	0.0	1	2 1
16	13	0.0	1	7 6
17	17	0.0	1	10 7
18	79	0.0	1	37 42
19	3664	0.0	1	945 2719
20	788383	0.0	1	563729 224654
21	3737	0.0	1	2207 1530
22	646	0.0	1	509 137
23	11	0.0	1	11
24	3	0.0	1	3
25	8	0.0	1	7 1
26	5	0.0	1	5
27	6	0.0	1	5 1
28	5	0.0	1	4 1
29	5	0.0	1	5
30	3	0.0	1	3
31	4	0.0	1	4
32	71	0.0	1	0 71
33	3	0.0	1	1 2
34	3	0.0	1	2 1
35	7	0.0	1	2 5
36	6	0.0	1	1 5
37	1	0.0	1	1
38	1	0.0	1	1
39	1	0.0	1	0 1
43	1	0.0	1	1
44	1	0.0	1	1
45	1	0.0	1	1
47	1	0.0	1	0 1


=== Second read: Adapter 2 ===

Sequence: GGACTACNVGGGTWTCTAAT; Type: regular 5'; Length: 20; Trimmed: 771088 times

Minimum overlap: 3
No. of allowed errors:
1-9 bp: 0; 10-19 bp: 1

Overview of removed sequences
length	count	expect	max.err	error counts
3	7	18523.1	0	7
10	3	1.1	1	3
11	8	0.3	1	6 2
12	1	0.1	1	1
13	4	0.0	1	4
14	10	0.0	1	10
15	8	0.0	1	3 5
16	8	0.0	1	5 3
17	4	0.0	1	4
18	24	0.0	1	17 7
19	29	0.0	1	13 16
20	9112	0.0	1	468 8644
21	755462	0.0	1	659552 95910
22	6038	0.0	1	2814 3224
23	336	0.0	1	307 29
24	4	0.0	1	1 3
25	2	0.0	1	2
26	2	0.0	1	2
27	3	0.0	1	1 2
29	1	0.0	1	0 1
31	3	0.0	1	3
32	4	0.0	1	4
33	1	0.0	1	1
34	4	0.0	1	4
35	1	0.0	1	1
36	1	0.0	1	0 1
38	2	0.0	1	1 1
39	3	0.0	1	3
45	2	0.0	1	2
62	1	0.0	1	1
Running cutadapt on: 2024_Warm03_Hyp02_G18_gut_S249
This is cutadapt 5.2 with Python 3.13.15
Command line parameters: -j 6 -g GTGYCAGCMGCCGCGGTAA -G GGACTACNVGGGTWTCTAAT -o /scratch4/workspace/jade_fiorilla_student_uml_edu-rawseqorcc/trimmed-cutadapt-fastp/2024_Warm03_Hyp02_G18_gut_S249_R1_trim.fastq -p /scratch4/workspace/jade_fiorilla_student_uml_edu-rawseqorcc/trimmed-cutadapt-fastp/2024_Warm03_Hyp02_G18_gut_S249_R2_trim.fastq /scratch4/workspace/jade_fiorilla_student_uml_edu-rawseqorcc/trimmed-fastp/2024_Warm03_Hyp02_G18_gut_S249_R1_trim.fastq.gz /scratch4/workspace/jade_fiorilla_student_uml_edu-rawseqorcc/trimmed-fastp/2024_Warm03_Hyp02_G18_gut_S249_R2_trim.fastq.gz
Processing paired-end reads on 6 cores ...

=== Summary ===

Total read pairs processed:            667,839
  Read 1 with adapter:                 660,548 (98.9%)
  Read 2 with adapter:                 662,975 (99.3%)
Pairs written (passing filters):       667,839 (100.0%)

Total basepairs processed:   396,804,989 bp
  Read 1:   198,403,259 bp
  Read 2:   198,401,730 bp
Total written (filtered):    367,038,489 bp (92.5%)
  Read 1:   183,879,744 bp
  Read 2:   183,158,745 bp

=== First read: Adapter 1 ===

Sequence: GTGYCAGCMGCCGCGGTAA; Type: regular 5'; Length: 19; Trimmed: 660548 times

Minimum overlap: 3
No. of allowed errors:
1-9 bp: 0; 10-19 bp: 1

Overview of removed sequences
length	count	expect	max.err	error counts
3	120	10435.0	0	120
8	2	10.2	0	2
9	3	2.5	0	3
11	5	0.2	1	4 1
12	115	0.0	1	108 7
13	19	0.0	1	16 3
14	12	0.0	1	6 6
15	35	0.0	1	15 20
16	52	0.0	1	42 10
17	43	0.0	1	11 32
18	106	0.0	1	78 28
19	251	0.0	1	214 37
20	449	0.0	1	287 162
21	3741	0.0	1	1313 2428
22	654063	0.0	1	636362 17701
23	1486	0.0	1	505 981
24	12	0.0	1	10 2
25	4	0.0	1	4
26	11	0.0	1	11
28	3	0.0	1	3
30	1	0.0	1	1
31	2	0.0	1	2
32	1	0.0	1	1
36	2	0.0	1	2
38	4	0.0	1	4
44	1	0.0	1	1
45	1	0.0	1	1
46	1	0.0	1	1
48	2	0.0	1	2
55	1	0.0	1	1


=== Second read: Adapter 2 ===

Sequence: GGACTACNVGGGTWTCTAAT; Type: regular 5'; Length: 20; Trimmed: 662975 times

Minimum overlap: 3
No. of allowed errors:
1-9 bp: 0; 10-19 bp: 1

Overview of removed sequences
length	count	expect	max.err	error counts
3	71	10435.0	0	71
5	2	652.2	0	2
9	2	2.5	0	2
10	1	0.6	1	1
11	1	0.2	1	0 1
12	9	0.0	1	4 5
13	13	0.0	1	8 5
14	6	0.0	1	3 3
15	6	0.0	1	0 6
16	13	0.0	1	6 7
17	13	0.0	1	8 5
18	27	0.0	1	12 15
19	61	0.0	1	33 28
20	148	0.0	1	135 13
21	197	0.0	1	159 38
22	4244	0.0	1	1034 3210
23	656456	0.0	1	624367 32089
24	1668	0.0	1	579 1089
25	4	0.0	1	3 1
26	1	0.0	1	1
28	1	0.0	1	1
29	1	0.0	1	1
30	10	0.0	1	10
31	1	0.0	1	1
32	2	0.0	1	1 1
33	5	0.0	1	1 4
34	3	0.0	1	3
35	1	0.0	1	1
37	2	0.0	1	2
38	1	0.0	1	1
39	1	0.0	1	0 1
40	1	0.0	1	0 1
44	1	0.0	1	1
47	1	0.0	1	1
51	1	0.0	1	1
Running cutadapt on: 2024_Warm03_Hyp03_G30_gill_S67
This is cutadapt 5.2 with Python 3.13.15
Command line parameters: -j 6 -g GTGYCAGCMGCCGCGGTAA -G GGACTACNVGGGTWTCTAAT -o /scratch4/workspace/jade_fiorilla_student_uml_edu-rawseqorcc/trimmed-cutadapt-fastp/2024_Warm03_Hyp03_G30_gill_S67_R1_trim.fastq -p /scratch4/workspace/jade_fiorilla_student_uml_edu-rawseqorcc/trimmed-cutadapt-fastp/2024_Warm03_Hyp03_G30_gill_S67_R2_trim.fastq /scratch4/workspace/jade_fiorilla_student_uml_edu-rawseqorcc/trimmed-fastp/2024_Warm03_Hyp03_G30_gill_S67_R1_trim.fastq.gz /scratch4/workspace/jade_fiorilla_student_uml_edu-rawseqorcc/trimmed-fastp/2024_Warm03_Hyp03_G30_gill_S67_R2_trim.fastq.gz
Processing paired-end reads on 6 cores ...

=== Summary ===

Total read pairs processed:            300,505
  Read 1 with adapter:                 201,253 (67.0%)
  Read 2 with adapter:                 107,543 (35.8%)
Pairs written (passing filters):       300,505 (100.0%)

Total basepairs processed:    71,660,426 bp
  Read 1:    35,868,764 bp
  Read 2:    35,791,662 bp
Total written (filtered):     65,379,142 bp (91.2%)
  Read 1:    31,844,851 bp
  Read 2:    33,534,291 bp

=== First read: Adapter 1 ===

Sequence: GTGYCAGCMGCCGCGGTAA; Type: regular 5'; Length: 19; Trimmed: 201253 times

Minimum overlap: 3
No. of allowed errors:
1-9 bp: 0; 10-19 bp: 1

Overview of removed sequences
length	count	expect	max.err	error counts
3	1	4695.4	0	1
11	1	0.1	1	1
12	16	0.0	1	5 11
14	3	0.0	1	0 3
15	2	0.0	1	0 2
16	5	0.0	1	4 1
17	8	0.0	1	3 5
18	23	0.0	1	5 18
19	6821	0.0	1	2834 3987
20	189256	0.0	1	94158 95098
21	4386	0.0	1	2618 1768
22	721	0.0	1	603 118
23	3	0.0	1	2 1
26	2	0.0	1	2
32	1	0.0	1	0 1
34	1	0.0	1	0 1
42	2	0.0	1	1 1
47	1	0.0	1	0 1


=== Second read: Adapter 2 ===

Sequence: GGACTACNVGGGTWTCTAAT; Type: regular 5'; Length: 20; Trimmed: 107543 times

Minimum overlap: 3
No. of allowed errors:
1-9 bp: 0; 10-19 bp: 1

Overview of removed sequences
length	count	expect	max.err	error counts
13	2	0.0	1	2
14	2	0.0	1	2
18	3	0.0	1	2 1
19	25	0.0	1	7 18
20	4201	0.0	1	3033 1168
21	100442	0.0	1	96029 4413
22	2503	0.0	1	1692 811
23	360	0.0	1	342 18
24	2	0.0	1	1 1
25	1	0.0	1	1
31	1	0.0	1	1
36	1	0.0	1	1
Running cutadapt on: 2024_Warm03_Hyp03_G30_gut_S68
This is cutadapt 5.2 with Python 3.13.15
Command line parameters: -j 6 -g GTGYCAGCMGCCGCGGTAA -G GGACTACNVGGGTWTCTAAT -o /scratch4/workspace/jade_fiorilla_student_uml_edu-rawseqorcc/trimmed-cutadapt-fastp/2024_Warm03_Hyp03_G30_gut_S68_R1_trim.fastq -p /scratch4/workspace/jade_fiorilla_student_uml_edu-rawseqorcc/trimmed-cutadapt-fastp/2024_Warm03_Hyp03_G30_gut_S68_R2_trim.fastq /scratch4/workspace/jade_fiorilla_student_uml_edu-rawseqorcc/trimmed-fastp/2024_Warm03_Hyp03_G30_gut_S68_R1_trim.fastq.gz /scratch4/workspace/jade_fiorilla_student_uml_edu-rawseqorcc/trimmed-fastp/2024_Warm03_Hyp03_G30_gut_S68_R2_trim.fastq.gz
Processing paired-end reads on 6 cores ...

=== Summary ===

Total read pairs processed:            728,115
  Read 1 with adapter:                 601,009 (82.5%)
  Read 2 with adapter:                 461,248 (63.3%)
Pairs written (passing filters):       728,115 (100.0%)

Total basepairs processed:   283,756,451 bp
  Read 1:   141,930,231 bp
  Read 2:   141,826,220 bp
Total written (filtered):    262,053,718 bp (92.4%)
  Read 1:   129,911,704 bp
  Read 2:   132,142,014 bp

=== First read: Adapter 1 ===

Sequence: GTGYCAGCMGCCGCGGTAA; Type: regular 5'; Length: 19; Trimmed: 601009 times

Minimum overlap: 3
No. of allowed errors:
1-9 bp: 0; 10-19 bp: 1

Overview of removed sequences
length	count	expect	max.err	error counts
3	6	11376.8	0	6
9	2	2.8	0	2
11	1	0.2	1	1
12	24	0.0	1	19 5
13	3	0.0	1	2 1
14	3	0.0	1	1 2
15	3	0.0	1	1 2
16	20	0.0	1	13 7
17	15	0.0	1	7 8
18	71	0.0	1	42 29
19	9187	0.0	1	3313 5874
20	585576	0.0	1	443269 142307
21	4508	0.0	1	2327 2181
22	1533	0.0	1	1241 292
23	3	0.0	1	3
24	6	0.0	1	4 2
25	5	0.0	1	1 4
26	9	0.0	1	7 2
27	3	0.0	1	3
28	5	0.0	1	4 1
29	2	0.0	1	2
30	1	0.0	1	1
31	2	0.0	1	2
33	1	0.0	1	1
34	6	0.0	1	1 5
35	3	0.0	1	2 1
37	2	0.0	1	2
38	1	0.0	1	1
39	2	0.0	1	2
40	2	0.0	1	0 2
41	1	0.0	1	0 1
42	1	0.0	1	0 1
54	2	0.0	1	2


=== Second read: Adapter 2 ===

Sequence: GGACTACNVGGGTWTCTAAT; Type: regular 5'; Length: 20; Trimmed: 461248 times

Minimum overlap: 3
No. of allowed errors:
1-9 bp: 0; 10-19 bp: 1

Overview of removed sequences
length	count	expect	max.err	error counts
3	3	11376.8	0	3
10	1	0.7	1	1
11	1	0.2	1	1
12	2	0.0	1	0 2
13	1	0.0	1	1
14	7	0.0	1	2 5
15	7	0.0	1	2 5
16	7	0.0	1	2 5
17	7	0.0	1	3 4
18	18	0.0	1	13 5
19	42	0.0	1	19 23
20	5638	0.0	1	3576 2062
21	452358	0.0	1	443529 8829
22	2421	0.0	1	1548 873
23	715	0.0	1	683 32
24	4	0.0	1	1 3
25	2	0.0	1	2
26	1	0.0	1	1
27	2	0.0	1	2
28	3	0.0	1	2 1
29	1	0.0	1	1
30	1	0.0	1	1
32	1	0.0	1	1
33	2	0.0	1	2
40	1	0.0	1	1
45	1	0.0	1	1
46	1	0.0	1	1
Running cutadapt on: 2024_Warm03_Null_G21_gill_S257
This is cutadapt 5.2 with Python 3.13.15
Command line parameters: -j 6 -g GTGYCAGCMGCCGCGGTAA -G GGACTACNVGGGTWTCTAAT -o /scratch4/workspace/jade_fiorilla_student_uml_edu-rawseqorcc/trimmed-cutadapt-fastp/2024_Warm03_Null_G21_gill_S257_R1_trim.fastq -p /scratch4/workspace/jade_fiorilla_student_uml_edu-rawseqorcc/trimmed-cutadapt-fastp/2024_Warm03_Null_G21_gill_S257_R2_trim.fastq /scratch4/workspace/jade_fiorilla_student_uml_edu-rawseqorcc/trimmed-fastp/2024_Warm03_Null_G21_gill_S257_R1_trim.fastq.gz /scratch4/workspace/jade_fiorilla_student_uml_edu-rawseqorcc/trimmed-fastp/2024_Warm03_Null_G21_gill_S257_R2_trim.fastq.gz
Processing paired-end reads on 6 cores ...

=== Summary ===

Total read pairs processed:            564,543
  Read 1 with adapter:                 234,047 (41.5%)
  Read 2 with adapter:                 522,325 (92.5%)
Pairs written (passing filters):       564,543 (100.0%)

Total basepairs processed:   280,498,411 bp
  Read 1:   140,244,732 bp
  Read 2:   140,253,679 bp
Total written (filtered):    264,095,116 bp (94.2%)
  Read 1:   135,330,345 bp
  Read 2:   128,764,771 bp

=== First read: Adapter 1 ===

Sequence: GTGYCAGCMGCCGCGGTAA; Type: regular 5'; Length: 19; Trimmed: 234047 times

Minimum overlap: 3
No. of allowed errors:
1-9 bp: 0; 10-19 bp: 1

Overview of removed sequences
length	count	expect	max.err	error counts
3	21	8821.0	0	21
9	1	2.2	0	1
11	1	0.1	1	0 1
12	6	0.0	1	5 1
13	1	0.0	1	0 1
14	2	0.0	1	1 1
15	2	0.0	1	0 2
16	4	0.0	1	2 2
17	3	0.0	1	2 1
18	7	0.0	1	1 6
19	259	0.0	1	238 21
20	1061	0.0	1	348 713
21	231270	0.0	1	164319 66951
22	1399	0.0	1	936 463
23	2	0.0	1	1 1
25	1	0.0	1	1
27	1	0.0	1	1
29	1	0.0	1	1
37	2	0.0	1	2
43	2	0.0	1	2
44	1	0.0	1	1


=== Second read: Adapter 2 ===

Sequence: GGACTACNVGGGTWTCTAAT; Type: regular 5'; Length: 20; Trimmed: 522325 times

Minimum overlap: 3
No. of allowed errors:
1-9 bp: 0; 10-19 bp: 1

Overview of removed sequences
length	count	expect	max.err	error counts
3	4	8821.0	0	4
10	4	0.5	1	3 1
12	2	0.0	1	2
13	1	0.0	1	1
14	9	0.0	1	6 3
15	11	0.0	1	4 7
16	3	0.0	1	1 2
17	7	0.0	1	6 1
18	17	0.0	1	12 5
19	45	0.0	1	33 12
20	324	0.0	1	284 40
21	3469	0.0	1	587 2882
22	516128	0.0	1	483513 32615
23	2284	0.0	1	1309 975
24	4	0.0	1	0 4
25	1	0.0	1	1
27	1	0.0	1	1
28	2	0.0	1	2
31	1	0.0	1	1
32	1	0.0	1	1
34	2	0.0	1	2
35	1	0.0	1	1
37	2	0.0	1	2
39	1	0.0	1	1
40	1	0.0	1	0 1
Running cutadapt on: 2024_Warm03_Null_G21_gut_S90
This is cutadapt 5.2 with Python 3.13.15
Command line parameters: -j 6 -g GTGYCAGCMGCCGCGGTAA -G GGACTACNVGGGTWTCTAAT -o /scratch4/workspace/jade_fiorilla_student_uml_edu-rawseqorcc/trimmed-cutadapt-fastp/2024_Warm03_Null_G21_gut_S90_R1_trim.fastq -p /scratch4/workspace/jade_fiorilla_student_uml_edu-rawseqorcc/trimmed-cutadapt-fastp/2024_Warm03_Null_G21_gut_S90_R2_trim.fastq /scratch4/workspace/jade_fiorilla_student_uml_edu-rawseqorcc/trimmed-fastp/2024_Warm03_Null_G21_gut_S90_R1_trim.fastq.gz /scratch4/workspace/jade_fiorilla_student_uml_edu-rawseqorcc/trimmed-fastp/2024_Warm03_Null_G21_gut_S90_R2_trim.fastq.gz
Processing paired-end reads on 6 cores ...

=== Summary ===

Total read pairs processed:            703,966
  Read 1 with adapter:                 532,424 (75.6%)
  Read 2 with adapter:                 364,163 (51.7%)
Pairs written (passing filters):       703,966 (100.0%)

Total basepairs processed:   230,133,233 bp
  Read 1:   115,173,713 bp
  Read 2:   114,959,520 bp
Total written (filtered):    210,951,798 bp (91.7%)
  Read 1:   104,000,075 bp
  Read 2:   106,951,723 bp

=== First read: Adapter 1 ===

Sequence: GTGYCAGCMGCCGCGGTAA; Type: regular 5'; Length: 19; Trimmed: 532424 times

Minimum overlap: 3
No. of allowed errors:
1-9 bp: 0; 10-19 bp: 1

Overview of removed sequences
length	count	expect	max.err	error counts
3	5	10999.5	0	5
12	30	0.0	1	21 9
13	2	0.0	1	1 1
14	3	0.0	1	0 3
15	7	0.0	1	1 6
16	12	0.0	1	6 6
17	6	0.0	1	0 6
18	34	0.0	1	17 17
19	2298	0.0	1	727 1571
20	3937	0.0	1	2279 1658
21	524768	0.0	1	347194 177574
22	1269	0.0	1	527 742
23	4	0.0	1	1 3
24	9	0.0	1	5 4
25	1	0.0	1	1
26	5	0.0	1	2 3
28	1	0.0	1	0 1
29	2	0.0	1	2
30	3	0.0	1	3
32	5	0.0	1	4 1
33	1	0.0	1	1
34	5	0.0	1	3 2
35	3	0.0	1	2 1
36	1	0.0	1	1
38	2	0.0	1	1 1
40	4	0.0	1	0 4
43	2	0.0	1	1 1
44	1	0.0	1	1
48	1	0.0	1	1
49	1	0.0	1	0 1
65	2	0.0	1	0 2


=== Second read: Adapter 2 ===

Sequence: GGACTACNVGGGTWTCTAAT; Type: regular 5'; Length: 20; Trimmed: 364163 times

Minimum overlap: 3
No. of allowed errors:
1-9 bp: 0; 10-19 bp: 1

Overview of removed sequences
length	count	expect	max.err	error counts
3	8	10999.5	0	8
10	1	0.7	1	0 1
11	8	0.2	1	6 2
12	3	0.0	1	2 1
13	1	0.0	1	1
15	4	0.0	1	2 2
16	11	0.0	1	5 6
17	4	0.0	1	4
18	18	0.0	1	15 3
19	27	0.0	1	13 14
20	427	0.0	1	386 41
21	3439	0.0	1	1512 1927
22	359210	0.0	1	350509 8701
23	989	0.0	1	431 558
24	7	0.0	1	1 6
26	2	0.0	1	2
30	2	0.0	1	2
39	1	0.0	1	1
40	1	0.0	1	1
Running cutadapt on: 2024_Warm04_Cont05_G55_gill_S254
This is cutadapt 5.2 with Python 3.13.15
Command line parameters: -j 6 -g GTGYCAGCMGCCGCGGTAA -G GGACTACNVGGGTWTCTAAT -o /scratch4/workspace/jade_fiorilla_student_uml_edu-rawseqorcc/trimmed-cutadapt-fastp/2024_Warm04_Cont05_G55_gill_S254_R1_trim.fastq -p /scratch4/workspace/jade_fiorilla_student_uml_edu-rawseqorcc/trimmed-cutadapt-fastp/2024_Warm04_Cont05_G55_gill_S254_R2_trim.fastq /scratch4/workspace/jade_fiorilla_student_uml_edu-rawseqorcc/trimmed-fastp/2024_Warm04_Cont05_G55_gill_S254_R1_trim.fastq.gz /scratch4/workspace/jade_fiorilla_student_uml_edu-rawseqorcc/trimmed-fastp/2024_Warm04_Cont05_G55_gill_S254_R2_trim.fastq.gz
Processing paired-end reads on 6 cores ...

=== Summary ===

Total read pairs processed:            726,674
  Read 1 with adapter:                 713,168 (98.1%)
  Read 2 with adapter:                 713,720 (98.2%)
Pairs written (passing filters):       726,674 (100.0%)

Total basepairs processed:   419,306,789 bp
  Read 1:   209,652,084 bp
  Read 2:   209,654,705 bp
Total written (filtered):    387,246,496 bp (92.4%)
  Read 1:   193,974,442 bp
  Read 2:   193,272,054 bp

=== First read: Adapter 1 ===

Sequence: GTGYCAGCMGCCGCGGTAA; Type: regular 5'; Length: 19; Trimmed: 713168 times

Minimum overlap: 3
No. of allowed errors:
1-9 bp: 0; 10-19 bp: 1

Overview of removed sequences
length	count	expect	max.err	error counts
3	272	11354.3	0	272
9	6	2.8	0	6
11	5	0.2	1	4 1
12	122	0.0	1	108 14
13	30	0.0	1	16 14
14	22	0.0	1	11 11
15	28	0.0	1	18 10
16	75	0.0	1	53 22
17	55	0.0	1	33 22
18	120	0.0	1	75 45
19	224	0.0	1	177 47
20	692	0.0	1	470 222
21	3884	0.0	1	1222 2662
22	705967	0.0	1	659780 46187
23	1617	0.0	1	498 1119
24	3	0.0	1	1 2
25	2	0.0	1	2
26	8	0.0	1	8
27	2	0.0	1	2
28	3	0.0	1	3
29	1	0.0	1	1
31	1	0.0	1	1
32	1	0.0	1	1
33	3	0.0	1	3
35	1	0.0	1	1
37	1	0.0	1	1
38	3	0.0	1	3
39	5	0.0	1	4 1
40	4	0.0	1	4
41	2	0.0	1	2
44	1	0.0	1	1
46	3	0.0	1	3
47	1	0.0	1	1
50	3	0.0	1	3
54	1	0.0	1	1


=== Second read: Adapter 2 ===

Sequence: GGACTACNVGGGTWTCTAAT; Type: regular 5'; Length: 20; Trimmed: 713720 times

Minimum overlap: 3
No. of allowed errors:
1-9 bp: 0; 10-19 bp: 1

Overview of removed sequences
length	count	expect	max.err	error counts
3	200	11354.3	0	200
4	2	2838.6	0	2
5	3	709.6	0	3
10	2	0.7	1	2
11	3	0.2	1	3
12	2	0.0	1	1 1
13	6	0.0	1	2 4
14	10	0.0	1	7 3
15	8	0.0	1	3 5
16	4	0.0	1	1 3
17	22	0.0	1	16 6
18	21	0.0	1	12 9
19	50	0.0	1	34 16
20	151	0.0	1	130 21
21	373	0.0	1	264 109
22	29203	0.0	1	1004 28199
23	681724	0.0	1	663941 17783
24	1878	0.0	1	617 1261
25	12	0.0	1	10 2
26	3	0.0	1	3
27	3	0.0	1	3
28	8	0.0	1	7 1
29	7	0.0	1	7
30	2	0.0	1	1 1
31	4	0.0	1	0 4
32	5	0.0	1	5
33	3	0.0	1	3
37	1	0.0	1	1
38	1	0.0	1	1
40	1	0.0	1	1
42	3	0.0	1	3
46	1	0.0	1	1
47	4	0.0	1	4
Running cutadapt on: 2024_Warm04_Cont05_G55_gut_S180
This is cutadapt 5.2 with Python 3.13.15
Command line parameters: -j 6 -g GTGYCAGCMGCCGCGGTAA -G GGACTACNVGGGTWTCTAAT -o /scratch4/workspace/jade_fiorilla_student_uml_edu-rawseqorcc/trimmed-cutadapt-fastp/2024_Warm04_Cont05_G55_gut_S180_R1_trim.fastq -p /scratch4/workspace/jade_fiorilla_student_uml_edu-rawseqorcc/trimmed-cutadapt-fastp/2024_Warm04_Cont05_G55_gut_S180_R2_trim.fastq /scratch4/workspace/jade_fiorilla_student_uml_edu-rawseqorcc/trimmed-fastp/2024_Warm04_Cont05_G55_gut_S180_R1_trim.fastq.gz /scratch4/workspace/jade_fiorilla_student_uml_edu-rawseqorcc/trimmed-fastp/2024_Warm04_Cont05_G55_gut_S180_R2_trim.fastq.gz
Processing paired-end reads on 6 cores ...

=== Summary ===

Total read pairs processed:          1,877,533
  Read 1 with adapter:               1,378,580 (73.4%)
  Read 2 with adapter:                 763,056 (40.6%)
Pairs written (passing filters):     1,877,533 (100.0%)

Total basepairs processed:   466,649,839 bp
  Read 1:   233,470,472 bp
  Read 2:   233,179,367 bp
Total written (filtered):    425,238,495 bp (91.1%)
  Read 1:   207,260,066 bp
  Read 2:   217,978,429 bp

=== First read: Adapter 1 ===

Sequence: GTGYCAGCMGCCGCGGTAA; Type: regular 5'; Length: 19; Trimmed: 1378580 times

Minimum overlap: 3
No. of allowed errors:
1-9 bp: 0; 10-19 bp: 1

Overview of removed sequences
length	count	expect	max.err	error counts
3	3	29336.5	0	3
9	1	7.2	0	1
10	1	1.8	1	1
12	69	0.1	1	32 37
13	15	0.0	1	8 7
14	6	0.0	1	1 5
15	12	0.0	1	5 7
16	46	0.0	1	28 18
17	81	0.0	1	47 34
18	2556	0.0	1	349 2207
19	1360855	0.0	1	636065 724790
20	10973	0.0	1	6831 4142
21	3037	0.0	1	2530 507
22	841	0.0	1	611 230
23	4	0.0	1	1 3
24	1	0.0	1	1
25	1	0.0	1	0 1
27	1	0.0	1	0 1
28	1	0.0	1	1
29	4	0.0	1	2 2
30	9	0.0	1	4 5
31	1	0.0	1	1
33	15	0.0	1	13 2
34	5	0.0	1	4 1
35	4	0.0	1	1 3
36	1	0.0	1	0 1
37	7	0.0	1	7
38	7	0.0	1	4 3
39	4	0.0	1	2 2
42	7	0.0	1	0 7
43	2	0.0	1	0 2
44	2	0.0	1	0 2
45	1	0.0	1	0 1
46	2	0.0	1	0 2
48	2	0.0	1	0 2
50	3	0.0	1	0 3


=== Second read: Adapter 2 ===

Sequence: GGACTACNVGGGTWTCTAAT; Type: regular 5'; Length: 20; Trimmed: 763056 times

Minimum overlap: 3
No. of allowed errors:
1-9 bp: 0; 10-19 bp: 1

Overview of removed sequences
length	count	expect	max.err	error counts
11	2	0.4	1	1 1
12	2	0.1	1	2
13	5	0.0	1	2 3
14	12	0.0	1	5 7
15	11	0.0	1	7 4
16	4	0.0	1	0 4
17	20	0.0	1	16 4
18	90	0.0	1	14 76
19	73753	0.0	1	429 73324
20	677578	0.0	1	639320 38258
21	9727	0.0	1	7560 2167
22	1474	0.0	1	1361 113
23	350	0.0	1	281 69
24	7	0.0	1	5 2
25	2	0.0	1	1 1
26	2	0.0	1	2
27	1	0.0	1	1
28	2	0.0	1	2
29	2	0.0	1	0 2
31	1	0.0	1	1
33	5	0.0	1	5
37	2	0.0	1	0 2
38	1	0.0	1	1
43	1	0.0	1	1
45	1	0.0	1	1
51	1	0.0	1	1
Running cutadapt on: 2024_Warm04_Hyp01_G8_gill_S244
This is cutadapt 5.2 with Python 3.13.15
Command line parameters: -j 6 -g GTGYCAGCMGCCGCGGTAA -G GGACTACNVGGGTWTCTAAT -o /scratch4/workspace/jade_fiorilla_student_uml_edu-rawseqorcc/trimmed-cutadapt-fastp/2024_Warm04_Hyp01_G8_gill_S244_R1_trim.fastq -p /scratch4/workspace/jade_fiorilla_student_uml_edu-rawseqorcc/trimmed-cutadapt-fastp/2024_Warm04_Hyp01_G8_gill_S244_R2_trim.fastq /scratch4/workspace/jade_fiorilla_student_uml_edu-rawseqorcc/trimmed-fastp/2024_Warm04_Hyp01_G8_gill_S244_R1_trim.fastq.gz /scratch4/workspace/jade_fiorilla_student_uml_edu-rawseqorcc/trimmed-fastp/2024_Warm04_Hyp01_G8_gill_S244_R2_trim.fastq.gz
Processing paired-end reads on 6 cores ...

=== Summary ===

Total read pairs processed:            636,192
  Read 1 with adapter:                 625,564 (98.3%)
  Read 2 with adapter:                 630,000 (99.0%)
Pairs written (passing filters):       636,192 (100.0%)

Total basepairs processed:   372,456,237 bp
  Read 1:   186,228,044 bp
  Read 2:   186,228,193 bp
Total written (filtered):    344,241,357 bp (92.4%)
  Read 1:   172,486,875 bp
  Read 2:   171,754,482 bp

=== First read: Adapter 1 ===

Sequence: GTGYCAGCMGCCGCGGTAA; Type: regular 5'; Length: 19; Trimmed: 625564 times

Minimum overlap: 3
No. of allowed errors:
1-9 bp: 0; 10-19 bp: 1

Overview of removed sequences
length	count	expect	max.err	error counts
3	239	9940.5	0	239
8	4	9.7	0	4
9	2	2.4	0	2
11	9	0.2	1	8 1
12	127	0.0	1	121 6
13	3	0.0	1	2 1
14	16	0.0	1	7 9
15	10	0.0	1	5 5
16	51	0.0	1	40 11
17	35	0.0	1	27 8
18	111	0.0	1	90 21
19	3628	0.0	1	3468 160
20	910	0.0	1	682 228
21	3352	0.0	1	1241 2111
22	615373	0.0	1	591512 23861
23	1655	0.0	1	488 1167
24	9	0.0	1	3 6
25	1	0.0	1	1
26	9	0.0	1	9
28	2	0.0	1	2
29	3	0.0	1	3
30	5	0.0	1	5
32	1	0.0	1	1
36	2	0.0	1	2
37	2	0.0	1	2
40	2	0.0	1	2
43	1	0.0	1	1
44	1	0.0	1	1
49	1	0.0	1	1


=== Second read: Adapter 2 ===

Sequence: GGACTACNVGGGTWTCTAAT; Type: regular 5'; Length: 20; Trimmed: 630000 times

Minimum overlap: 3
No. of allowed errors:
1-9 bp: 0; 10-19 bp: 1

Overview of removed sequences
length	count	expect	max.err	error counts
3	62	9940.5	0	62
4	2	2485.1	0	2
5	2	621.3	0	2
10	2	0.6	1	2
11	3	0.2	1	3
12	1	0.0	1	0 1
13	9	0.0	1	8 1
14	9	0.0	1	0 9
15	11	0.0	1	1 10
16	10	0.0	1	2 8
17	24	0.0	1	14 10
18	29	0.0	1	22 7
19	47	0.0	1	25 22
20	3786	0.0	1	3661 125
21	464	0.0	1	379 85
22	3843	0.0	1	877 2966
23	620034	0.0	1	597670 22364
24	1611	0.0	1	549 1062
25	11	0.0	1	6 5
27	8	0.0	1	7 1
29	2	0.0	1	2
30	6	0.0	1	6
32	6	0.0	1	6
33	4	0.0	1	3 1
34	2	0.0	1	2
35	2	0.0	1	2
36	3	0.0	1	1 2
39	2	0.0	1	2
40	2	0.0	1	2
46	3	0.0	1	3
Running cutadapt on: 2024_Warm04_Hyp01_G8_gut_S44
This is cutadapt 5.2 with Python 3.13.15
Command line parameters: -j 6 -g GTGYCAGCMGCCGCGGTAA -G GGACTACNVGGGTWTCTAAT -o /scratch4/workspace/jade_fiorilla_student_uml_edu-rawseqorcc/trimmed-cutadapt-fastp/2024_Warm04_Hyp01_G8_gut_S44_R1_trim.fastq -p /scratch4/workspace/jade_fiorilla_student_uml_edu-rawseqorcc/trimmed-cutadapt-fastp/2024_Warm04_Hyp01_G8_gut_S44_R2_trim.fastq /scratch4/workspace/jade_fiorilla_student_uml_edu-rawseqorcc/trimmed-fastp/2024_Warm04_Hyp01_G8_gut_S44_R1_trim.fastq.gz /scratch4/workspace/jade_fiorilla_student_uml_edu-rawseqorcc/trimmed-fastp/2024_Warm04_Hyp01_G8_gut_S44_R2_trim.fastq.gz
Processing paired-end reads on 6 cores ...

=== Summary ===

Total read pairs processed:            741,633
  Read 1 with adapter:                 520,265 (70.2%)
  Read 2 with adapter:                 302,175 (40.7%)
Pairs written (passing filters):       741,633 (100.0%)

Total basepairs processed:   196,740,916 bp
  Read 1:    98,463,553 bp
  Read 2:    98,277,363 bp
Total written (filtered):    179,991,238 bp (91.5%)
  Read 1:    88,058,109 bp
  Read 2:    91,933,129 bp

=== First read: Adapter 1 ===

Sequence: GTGYCAGCMGCCGCGGTAA; Type: regular 5'; Length: 19; Trimmed: 520265 times

Minimum overlap: 3
No. of allowed errors:
1-9 bp: 0; 10-19 bp: 1

Overview of removed sequences
length	count	expect	max.err	error counts
3	2	11588.0	0	2
9	2	2.8	0	2
11	2	0.2	1	2
12	25	0.0	1	16 9
13	9	0.0	1	5 4
14	4	0.0	1	2 2
15	5	0.0	1	1 4
16	12	0.0	1	4 8
17	13	0.0	1	5 8
18	65	0.0	1	21 44
19	7369	0.0	1	3831 3538
20	506460	0.0	1	281881 224579
21	4969	0.0	1	3066 1903
22	1278	0.0	1	1089 189
23	6	0.0	1	1 5
24	3	0.0	1	1 2
25	2	0.0	1	1 1
26	1	0.0	1	0 1
27	3	0.0	1	1 2
28	4	0.0	1	1 3
29	3	0.0	1	3
30	1	0.0	1	0 1
31	1	0.0	1	0 1
32	1	0.0	1	0 1
33	3	0.0	1	2 1
34	2	0.0	1	0 2
35	13	0.0	1	1 12
37	1	0.0	1	1
38	1	0.0	1	0 1
41	1	0.0	1	1
43	2	0.0	1	0 2
54	2	0.0	1	0 2


=== Second read: Adapter 2 ===

Sequence: GGACTACNVGGGTWTCTAAT; Type: regular 5'; Length: 20; Trimmed: 302175 times

Minimum overlap: 3
No. of allowed errors:
1-9 bp: 0; 10-19 bp: 1

Overview of removed sequences
length	count	expect	max.err	error counts
10	1	0.7	1	1
11	1	0.2	1	0 1
13	2	0.0	1	2
14	6	0.0	1	1 5
15	9	0.0	1	2 7
16	2	0.0	1	1 1
17	5	0.0	1	2 3
18	12	0.0	1	11 1
19	40	0.0	1	16 24
20	5422	0.0	1	4144 1278
21	293033	0.0	1	282383 10650
22	3122	0.0	1	2491 631
23	504	0.0	1	480 24
24	1	0.0	1	0 1
25	7	0.0	1	7
27	1	0.0	1	1
28	1	0.0	1	0 1
29	3	0.0	1	3
31	1	0.0	1	0 1
47	2	0.0	1	2
Running cutadapt on: 2024_Warm04_Null_G27_gill_S192
This is cutadapt 5.2 with Python 3.13.15
Command line parameters: -j 6 -g GTGYCAGCMGCCGCGGTAA -G GGACTACNVGGGTWTCTAAT -o /scratch4/workspace/jade_fiorilla_student_uml_edu-rawseqorcc/trimmed-cutadapt-fastp/2024_Warm04_Null_G27_gill_S192_R1_trim.fastq -p /scratch4/workspace/jade_fiorilla_student_uml_edu-rawseqorcc/trimmed-cutadapt-fastp/2024_Warm04_Null_G27_gill_S192_R2_trim.fastq /scratch4/workspace/jade_fiorilla_student_uml_edu-rawseqorcc/trimmed-fastp/2024_Warm04_Null_G27_gill_S192_R1_trim.fastq.gz /scratch4/workspace/jade_fiorilla_student_uml_edu-rawseqorcc/trimmed-fastp/2024_Warm04_Null_G27_gill_S192_R2_trim.fastq.gz
Processing paired-end reads on 6 cores ...

=== Summary ===

Total read pairs processed:          2,411,191
  Read 1 with adapter:               2,351,168 (97.5%)
  Read 2 with adapter:               2,323,811 (96.4%)
Pairs written (passing filters):     2,411,191 (100.0%)

Total basepairs processed: 1,345,997,112 bp
  Read 1:   672,945,547 bp
  Read 2:   673,051,565 bp
Total written (filtered):  1,254,043,058 bp (93.2%)
  Read 1:   627,871,616 bp
  Read 2:   626,171,442 bp

=== First read: Adapter 1 ===

Sequence: GTGYCAGCMGCCGCGGTAA; Type: regular 5'; Length: 19; Trimmed: 2351168 times

Minimum overlap: 3
No. of allowed errors:
1-9 bp: 0; 10-19 bp: 1

Overview of removed sequences
length	count	expect	max.err	error counts
3	8	37674.9	0	8
5	2	2354.7	0	2
9	6	9.2	0	6
11	6	0.6	1	5 1
12	74	0.1	1	69 5
13	12	0.0	1	9 3
14	16	0.0	1	7 9
15	16	0.0	1	6 10
16	77	0.0	1	49 28
17	130	0.0	1	89 41
18	4793	0.0	1	751 4042
19	1947241	0.0	1	1848578 98663
20	393847	0.0	1	370116 23731
21	1563	0.0	1	687 876
22	3279	0.0	1	2891 388
23	16	0.0	1	11 5
24	2	0.0	1	2
25	3	0.0	1	3
26	2	0.0	1	2
27	1	0.0	1	0 1
28	8	0.0	1	8
29	10	0.0	1	2 8
30	6	0.0	1	5 1
31	1	0.0	1	1
32	10	0.0	1	9 1
33	3	0.0	1	3
34	15	0.0	1	14 1
35	2	0.0	1	2
36	3	0.0	1	3
37	4	0.0	1	4
39	1	0.0	1	1
42	4	0.0	1	4
43	2	0.0	1	2
44	3	0.0	1	3
46	1	0.0	1	1
52	1	0.0	1	1


=== Second read: Adapter 2 ===

Sequence: GGACTACNVGGGTWTCTAAT; Type: regular 5'; Length: 20; Trimmed: 2323811 times

Minimum overlap: 3
No. of allowed errors:
1-9 bp: 0; 10-19 bp: 1

Overview of removed sequences
length	count	expect	max.err	error counts
3	14	37674.9	0	14
9	2	9.2	0	2
10	7	2.3	1	7
11	5	0.6	1	5
12	3	0.1	1	3
13	23	0.0	1	21 2
14	30	0.0	1	8 22
15	19	0.0	1	2 17
16	20	0.0	1	4 16
17	44	0.0	1	31 13
18	85	0.0	1	50 35
19	7649	0.0	1	967 6682
20	1914137	0.0	1	1867653 46484
21	395989	0.0	1	381836 14153
22	1480	0.0	1	657 823
23	4208	0.0	1	4016 192
24	20	0.0	1	11 9
25	7	0.0	1	7
26	6	0.0	1	6
27	2	0.0	1	2
28	1	0.0	1	1
29	4	0.0	1	4
30	12	0.0	1	10 2
31	3	0.0	1	2 1
32	6	0.0	1	6
33	2	0.0	1	2
34	1	0.0	1	1
35	1	0.0	1	1
36	1	0.0	1	1
37	5	0.0	1	4 1
39	4	0.0	1	4
41	2	0.0	1	2
44	1	0.0	1	1
45	11	0.0	1	11
46	4	0.0	1	4
47	2	0.0	1	2
51	1	0.0	1	1
Running cutadapt on: 2024_Warm04_Null_G27_gut_S91
This is cutadapt 5.2 with Python 3.13.15
Command line parameters: -j 6 -g GTGYCAGCMGCCGCGGTAA -G GGACTACNVGGGTWTCTAAT -o /scratch4/workspace/jade_fiorilla_student_uml_edu-rawseqorcc/trimmed-cutadapt-fastp/2024_Warm04_Null_G27_gut_S91_R1_trim.fastq -p /scratch4/workspace/jade_fiorilla_student_uml_edu-rawseqorcc/trimmed-cutadapt-fastp/2024_Warm04_Null_G27_gut_S91_R2_trim.fastq /scratch4/workspace/jade_fiorilla_student_uml_edu-rawseqorcc/trimmed-fastp/2024_Warm04_Null_G27_gut_S91_R1_trim.fastq.gz /scratch4/workspace/jade_fiorilla_student_uml_edu-rawseqorcc/trimmed-fastp/2024_Warm04_Null_G27_gut_S91_R2_trim.fastq.gz
Processing paired-end reads on 6 cores ...

=== Summary ===

Total read pairs processed:          1,130,261
  Read 1 with adapter:                 660,197 (58.4%)
  Read 2 with adapter:                 225,902 (20.0%)
Pairs written (passing filters):     1,130,261 (100.0%)

Total basepairs processed:   177,166,489 bp
  Read 1:    88,824,189 bp
  Read 2:    88,342,300 bp
Total written (filtered):    158,343,972 bp (89.4%)
  Read 1:    74,967,132 bp
  Read 2:    83,376,840 bp

=== First read: Adapter 1 ===

Sequence: GTGYCAGCMGCCGCGGTAA; Type: regular 5'; Length: 19; Trimmed: 660197 times

Minimum overlap: 3
No. of allowed errors:
1-9 bp: 0; 10-19 bp: 1

Overview of removed sequences
length	count	expect	max.err	error counts
3	23	17660.3	0	23
12	25	0.1	1	6 19
13	6	0.0	1	1 5
14	1	0.0	1	1
16	8	0.0	1	2 6
17	5	0.0	1	1 4
18	34	0.0	1	10 24
19	2276	0.0	1	1268 1008
20	4118	0.0	1	2502 1616
21	652248	0.0	1	198560 453688
22	1365	0.0	1	652 713
23	12	0.0	1	3 9
24	6	0.0	1	3 3
25	3	0.0	1	2 1
26	4	0.0	1	0 4
27	4	0.0	1	0 4
28	4	0.0	1	0 4
29	2	0.0	1	0 2
30	1	0.0	1	0 1
31	1	0.0	1	0 1
32	3	0.0	1	1 2
33	4	0.0	1	0 4
34	4	0.0	1	2 2
35	6	0.0	1	1 5
36	2	0.0	1	2
37	5	0.0	1	2 3
38	2	0.0	1	2
39	2	0.0	1	2
40	1	0.0	1	0 1
41	11	0.0	1	0 11
42	2	0.0	1	0 2
43	1	0.0	1	1
45	1	0.0	1	0 1
46	2	0.0	1	0 2
47	2	0.0	1	1 1
50	1	0.0	1	1
53	1	0.0	1	0 1
54	1	0.0	1	0 1


=== Second read: Adapter 2 ===

Sequence: GGACTACNVGGGTWTCTAAT; Type: regular 5'; Length: 20; Trimmed: 225902 times

Minimum overlap: 3
No. of allowed errors:
1-9 bp: 0; 10-19 bp: 1

Overview of removed sequences
length	count	expect	max.err	error counts
3	11	17660.3	0	11
13	1	0.0	1	1
14	8	0.0	1	5 3
16	2	0.0	1	0 2
17	4	0.0	1	3 1
18	15	0.0	1	11 4
19	20	0.0	1	4 16
20	960	0.0	1	897 63
21	3036	0.0	1	1680 1356
22	220910	0.0	1	213978 6932
23	925	0.0	1	461 464
24	1	0.0	1	0 1
26	2	0.0	1	2
27	3	0.0	1	3
35	3	0.0	1	0 3
39	1	0.0	1	1
Running cutadapt on: 2024_Warm05_Both02_G21_gill_S234
This is cutadapt 5.2 with Python 3.13.15
Command line parameters: -j 6 -g GTGYCAGCMGCCGCGGTAA -G GGACTACNVGGGTWTCTAAT -o /scratch4/workspace/jade_fiorilla_student_uml_edu-rawseqorcc/trimmed-cutadapt-fastp/2024_Warm05_Both02_G21_gill_S234_R1_trim.fastq -p /scratch4/workspace/jade_fiorilla_student_uml_edu-rawseqorcc/trimmed-cutadapt-fastp/2024_Warm05_Both02_G21_gill_S234_R2_trim.fastq /scratch4/workspace/jade_fiorilla_student_uml_edu-rawseqorcc/trimmed-fastp/2024_Warm05_Both02_G21_gill_S234_R1_trim.fastq.gz /scratch4/workspace/jade_fiorilla_student_uml_edu-rawseqorcc/trimmed-fastp/2024_Warm05_Both02_G21_gill_S234_R2_trim.fastq.gz
Processing paired-end reads on 6 cores ...

=== Summary ===

Total read pairs processed:          2,376,304
  Read 1 with adapter:               2,366,719 (99.6%)
  Read 2 with adapter:               2,351,176 (98.9%)
Pairs written (passing filters):     2,376,304 (100.0%)

Total basepairs processed: 1,380,899,542 bp
  Read 1:   690,394,929 bp
  Read 2:   690,504,613 bp
Total written (filtered):  1,288,912,983 bp (93.3%)
  Read 1:   645,428,044 bp
  Read 2:   643,484,939 bp

=== First read: Adapter 1 ===

Sequence: GTGYCAGCMGCCGCGGTAA; Type: regular 5'; Length: 19; Trimmed: 2366719 times

Minimum overlap: 3
No. of allowed errors:
1-9 bp: 0; 10-19 bp: 1

Overview of removed sequences
length	count	expect	max.err	error counts
5	1	2320.6	0	1
9	3	9.1	0	3
12	39	0.1	1	37 2
13	1	0.0	1	1
14	10	0.0	1	4 6
15	5	0.0	1	3 2
16	54	0.0	1	35 19
17	140	0.0	1	111 29
18	5310	0.0	1	884 4426
19	2356755	0.0	1	2299166 57589
20	3938	0.0	1	797 3141
21	337	0.0	1	290 47
22	84	0.0	1	76 8
23	3	0.0	1	3
24	5	0.0	1	5
25	4	0.0	1	4
26	6	0.0	1	5 1
27	2	0.0	1	2
28	1	0.0	1	1
30	1	0.0	1	1
31	1	0.0	1	1
32	3	0.0	1	3
34	4	0.0	1	4
35	2	0.0	1	2
36	3	0.0	1	3
37	1	0.0	1	1
38	1	0.0	1	1
42	2	0.0	1	2
46	2	0.0	1	2
54	1	0.0	1	1


=== Second read: Adapter 2 ===

Sequence: GGACTACNVGGGTWTCTAAT; Type: regular 5'; Length: 20; Trimmed: 2351176 times

Minimum overlap: 3
No. of allowed errors:
1-9 bp: 0; 10-19 bp: 1

Overview of removed sequences
length	count	expect	max.err	error counts
10	7	2.3	1	7
11	14	0.6	1	12 2
12	11	0.1	1	9 2
13	12	0.0	1	6 6
14	26	0.0	1	9 17
15	14	0.0	1	5 9
16	13	0.0	1	6 7
17	38	0.0	1	24 14
18	84	0.0	1	57 27
19	9057	0.0	1	1192 7865
20	2336474	0.0	1	2265989 70485
21	5167	0.0	1	1269 3898
22	144	0.0	1	123 21
23	68	0.0	1	64 4
24	6	0.0	1	5 1
25	5	0.0	1	0 5
26	8	0.0	1	8
27	4	0.0	1	4
28	4	0.0	1	3 1
29	5	0.0	1	5
30	1	0.0	1	1
31	2	0.0	1	2
35	2	0.0	1	2
36	1	0.0	1	0 1
37	1	0.0	1	1
38	2	0.0	1	2
41	3	0.0	1	3
43	1	0.0	1	1
50	1	0.0	1	1
51	1	0.0	1	1
Running cutadapt on: 2024_Warm05_Both02_G21_gut_S69
This is cutadapt 5.2 with Python 3.13.15
Command line parameters: -j 6 -g GTGYCAGCMGCCGCGGTAA -G GGACTACNVGGGTWTCTAAT -o /scratch4/workspace/jade_fiorilla_student_uml_edu-rawseqorcc/trimmed-cutadapt-fastp/2024_Warm05_Both02_G21_gut_S69_R1_trim.fastq -p /scratch4/workspace/jade_fiorilla_student_uml_edu-rawseqorcc/trimmed-cutadapt-fastp/2024_Warm05_Both02_G21_gut_S69_R2_trim.fastq /scratch4/workspace/jade_fiorilla_student_uml_edu-rawseqorcc/trimmed-fastp/2024_Warm05_Both02_G21_gut_S69_R1_trim.fastq.gz /scratch4/workspace/jade_fiorilla_student_uml_edu-rawseqorcc/trimmed-fastp/2024_Warm05_Both02_G21_gut_S69_R2_trim.fastq.gz
Processing paired-end reads on 6 cores ...

=== Summary ===

Total read pairs processed:            566,640
  Read 1 with adapter:                 463,599 (81.8%)
  Read 2 with adapter:                 362,322 (63.9%)
Pairs written (passing filters):       566,640 (100.0%)

Total basepairs processed:   221,708,874 bp
  Read 1:   110,893,592 bp
  Read 2:   110,815,282 bp
Total written (filtered):    204,832,178 bp (92.4%)
  Read 1:   101,624,092 bp
  Read 2:   103,208,086 bp

=== First read: Adapter 1 ===

Sequence: GTGYCAGCMGCCGCGGTAA; Type: regular 5'; Length: 19; Trimmed: 463599 times

Minimum overlap: 3
No. of allowed errors:
1-9 bp: 0; 10-19 bp: 1

Overview of removed sequences
length	count	expect	max.err	error counts
3	4	8853.8	0	4
9	5	2.2	0	5
10	3	0.5	1	0 3
11	3	0.1	1	0 3
12	29	0.0	1	22 7
14	3	0.0	1	0 3
15	8	0.0	1	2 6
16	21	0.0	1	14 7
17	11	0.0	1	2 9
18	83	0.0	1	38 45
19	8271	0.0	1	2976 5295
20	450168	0.0	1	347107 103061
21	3704	0.0	1	1833 1871
22	1263	0.0	1	979 284
23	3	0.0	1	1 2
24	2	0.0	1	2
27	2	0.0	1	2
29	1	0.0	1	0 1
30	1	0.0	1	1
32	1	0.0	1	1
33	2	0.0	1	1 1
35	2	0.0	1	2
37	4	0.0	1	4
38	1	0.0	1	1
39	1	0.0	1	1
45	2	0.0	1	2
61	1	0.0	1	0 1


=== Second read: Adapter 2 ===

Sequence: GGACTACNVGGGTWTCTAAT; Type: regular 5'; Length: 20; Trimmed: 362322 times

Minimum overlap: 3
No. of allowed errors:
1-9 bp: 0; 10-19 bp: 1

Overview of removed sequences
length	count	expect	max.err	error counts
3	6	8853.8	0	6
9	3	2.2	0	3
11	2	0.1	1	0 2
13	3	0.0	1	3
14	8	0.0	1	4 4
15	4	0.0	1	3 1
16	3	0.0	1	1 2
17	11	0.0	1	10 1
18	11	0.0	1	7 4
19	45	0.0	1	19 26
20	4773	0.0	1	3107 1666
21	354635	0.0	1	344951 9684
22	2157	0.0	1	1361 796
23	639	0.0	1	613 26
24	3	0.0	1	3
25	2	0.0	1	2
26	3	0.0	1	0 3
27	2	0.0	1	2
28	1	0.0	1	1
29	1	0.0	1	1
30	2	0.0	1	2
31	2	0.0	1	1 1
40	3	0.0	1	3
41	1	0.0	1	1
42	1	0.0	1	1
48	1	0.0	1	1
Running cutadapt on: 2024_Warm05_Cont04_G45_gill_S250
This is cutadapt 5.2 with Python 3.13.15
Command line parameters: -j 6 -g GTGYCAGCMGCCGCGGTAA -G GGACTACNVGGGTWTCTAAT -o /scratch4/workspace/jade_fiorilla_student_uml_edu-rawseqorcc/trimmed-cutadapt-fastp/2024_Warm05_Cont04_G45_gill_S250_R1_trim.fastq -p /scratch4/workspace/jade_fiorilla_student_uml_edu-rawseqorcc/trimmed-cutadapt-fastp/2024_Warm05_Cont04_G45_gill_S250_R2_trim.fastq /scratch4/workspace/jade_fiorilla_student_uml_edu-rawseqorcc/trimmed-fastp/2024_Warm05_Cont04_G45_gill_S250_R1_trim.fastq.gz /scratch4/workspace/jade_fiorilla_student_uml_edu-rawseqorcc/trimmed-fastp/2024_Warm05_Cont04_G45_gill_S250_R2_trim.fastq.gz
Processing paired-end reads on 6 cores ...

=== Summary ===

Total read pairs processed:            325,625
  Read 1 with adapter:                 324,179 (99.6%)
  Read 2 with adapter:                 323,383 (99.3%)
Pairs written (passing filters):       325,625 (100.0%)

Total basepairs processed:   189,708,292 bp
  Read 1:    94,850,099 bp
  Read 2:    94,858,193 bp
Total written (filtered):    177,068,641 bp (93.3%)
  Read 1:    88,686,387 bp
  Read 2:    88,382,254 bp

=== First read: Adapter 1 ===

Sequence: GTGYCAGCMGCCGCGGTAA; Type: regular 5'; Length: 19; Trimmed: 324179 times

Minimum overlap: 3
No. of allowed errors:
1-9 bp: 0; 10-19 bp: 1

Overview of removed sequences
length	count	expect	max.err	error counts
3	21	5087.9	0	21
12	6	0.0	1	6
13	1	0.0	1	1
14	3	0.0	1	0 3
16	6	0.0	1	1 5
17	26	0.0	1	20 6
18	784	0.0	1	124 660
19	320778	0.0	1	317700 3078
20	867	0.0	1	398 469
21	371	0.0	1	298 73
22	1311	0.0	1	1184 127
23	4	0.0	1	1 3
25	1	0.0	1	1


=== Second read: Adapter 2 ===

Sequence: GGACTACNVGGGTWTCTAAT; Type: regular 5'; Length: 20; Trimmed: 323383 times

Minimum overlap: 3
No. of allowed errors:
1-9 bp: 0; 10-19 bp: 1

Overview of removed sequences
length	count	expect	max.err	error counts
11	2	0.1	1	2
12	1	0.0	1	1
13	2	0.0	1	2
14	5	0.0	1	1 4
15	2	0.0	1	1 1
16	7	0.0	1	4 3
17	6	0.0	1	3 3
18	12	0.0	1	5 7
19	1370	0.0	1	173 1197
20	318094	0.0	1	313440 4654
21	897	0.0	1	324 573
22	184	0.0	1	143 41
23	2769	0.0	1	2615 154
24	20	0.0	1	4 16
26	3	0.0	1	3
32	3	0.0	1	3
34	5	0.0	1	4 1
43	1	0.0	1	1
Running cutadapt on: 2024_Warm05_Cont04_G45_gut_S161
This is cutadapt 5.2 with Python 3.13.15
Command line parameters: -j 6 -g GTGYCAGCMGCCGCGGTAA -G GGACTACNVGGGTWTCTAAT -o /scratch4/workspace/jade_fiorilla_student_uml_edu-rawseqorcc/trimmed-cutadapt-fastp/2024_Warm05_Cont04_G45_gut_S161_R1_trim.fastq -p /scratch4/workspace/jade_fiorilla_student_uml_edu-rawseqorcc/trimmed-cutadapt-fastp/2024_Warm05_Cont04_G45_gut_S161_R2_trim.fastq /scratch4/workspace/jade_fiorilla_student_uml_edu-rawseqorcc/trimmed-fastp/2024_Warm05_Cont04_G45_gut_S161_R1_trim.fastq.gz /scratch4/workspace/jade_fiorilla_student_uml_edu-rawseqorcc/trimmed-fastp/2024_Warm05_Cont04_G45_gut_S161_R2_trim.fastq.gz
Processing paired-end reads on 6 cores ...

=== Summary ===

Total read pairs processed:          1,349,820
  Read 1 with adapter:               1,180,675 (87.5%)
  Read 2 with adapter:               1,110,780 (82.3%)
Pairs written (passing filters):     1,349,820 (100.0%)

Total basepairs processed:   654,908,158 bp
  Read 1:   327,479,559 bp
  Read 2:   327,428,599 bp
Total written (filtered):    607,972,273 bp (92.8%)
  Read 1:   303,868,577 bp
  Read 2:   304,103,696 bp

=== First read: Adapter 1 ===

Sequence: GTGYCAGCMGCCGCGGTAA; Type: regular 5'; Length: 19; Trimmed: 1180675 times

Minimum overlap: 3
No. of allowed errors:
1-9 bp: 0; 10-19 bp: 1

Overview of removed sequences
length	count	expect	max.err	error counts
8	1	20.6	0	1
9	5	5.1	0	5
10	1	1.3	1	0 1
12	48	0.1	1	47 1
13	13	0.0	1	11 2
14	11	0.0	1	5 6
15	14	0.0	1	7 7
16	33	0.0	1	29 4
17	36	0.0	1	18 18
18	152	0.0	1	81 71
19	9482	0.0	1	5454 4028
20	1163595	0.0	1	1037004 126591
21	7176	0.0	1	4596 2580
22	29	0.0	1	16 13
23	7	0.0	1	4 3
24	1	0.0	1	1
25	9	0.0	1	5 4
26	3	0.0	1	3
27	3	0.0	1	3
28	6	0.0	1	6
29	6	0.0	1	4 2
30	2	0.0	1	2
31	6	0.0	1	0 6
32	6	0.0	1	3 3
33	2	0.0	1	1 1
34	5	0.0	1	2 3
35	1	0.0	1	1
36	1	0.0	1	1
37	2	0.0	1	2
38	1	0.0	1	1
39	6	0.0	1	6
41	3	0.0	1	3
42	1	0.0	1	1
43	3	0.0	1	1 2
45	1	0.0	1	1
47	1	0.0	1	0 1
50	1	0.0	1	1
52	2	0.0	1	2


=== Second read: Adapter 2 ===

Sequence: GGACTACNVGGGTWTCTAAT; Type: regular 5'; Length: 20; Trimmed: 1110780 times

Minimum overlap: 3
No. of allowed errors:
1-9 bp: 0; 10-19 bp: 1

Overview of removed sequences
length	count	expect	max.err	error counts
9	1	5.1	0	1
10	5	1.3	1	5
11	11	0.3	1	6 5
12	3	0.1	1	2 1
13	6	0.0	1	5 1
14	19	0.0	1	8 11
15	15	0.0	1	9 6
16	6	0.0	1	4 2
17	11	0.0	1	6 5
18	33	0.0	1	29 4
19	73	0.0	1	38 35
20	8474	0.0	1	3882 4592
21	1094935	0.0	1	1061849 33086
22	7099	0.0	1	4514 2585
23	30	0.0	1	15 15
24	3	0.0	1	3
25	5	0.0	1	5
26	9	0.0	1	8 1
27	8	0.0	1	8
28	1	0.0	1	1
29	3	0.0	1	3
30	3	0.0	1	3
31	4	0.0	1	2 2
32	1	0.0	1	1
33	2	0.0	1	2
34	1	0.0	1	1
35	2	0.0	1	2
37	4	0.0	1	4
39	5	0.0	1	5
40	2	0.0	1	2
42	1	0.0	1	1
43	3	0.0	1	3
45	1	0.0	1	1
54	1	0.0	1	1
Running cutadapt on: 2024_Warm05_Hyp04_G46_gill_S162
This is cutadapt 5.2 with Python 3.13.15
Command line parameters: -j 6 -g GTGYCAGCMGCCGCGGTAA -G GGACTACNVGGGTWTCTAAT -o /scratch4/workspace/jade_fiorilla_student_uml_edu-rawseqorcc/trimmed-cutadapt-fastp/2024_Warm05_Hyp04_G46_gill_S162_R1_trim.fastq -p /scratch4/workspace/jade_fiorilla_student_uml_edu-rawseqorcc/trimmed-cutadapt-fastp/2024_Warm05_Hyp04_G46_gill_S162_R2_trim.fastq /scratch4/workspace/jade_fiorilla_student_uml_edu-rawseqorcc/trimmed-fastp/2024_Warm05_Hyp04_G46_gill_S162_R1_trim.fastq.gz /scratch4/workspace/jade_fiorilla_student_uml_edu-rawseqorcc/trimmed-fastp/2024_Warm05_Hyp04_G46_gill_S162_R2_trim.fastq.gz
Processing paired-end reads on 6 cores ...

=== Summary ===

Total read pairs processed:          1,694,817
  Read 1 with adapter:               1,156,508 (68.2%)
  Read 2 with adapter:                 836,742 (49.4%)
Pairs written (passing filters):     1,694,817 (100.0%)

Total basepairs processed:   500,396,523 bp
  Read 1:   250,279,753 bp
  Read 2:   250,116,770 bp
Total written (filtered):    459,765,902 bp (91.9%)
  Read 1:   227,147,638 bp
  Read 2:   232,618,264 bp

=== First read: Adapter 1 ===

Sequence: GTGYCAGCMGCCGCGGTAA; Type: regular 5'; Length: 19; Trimmed: 1156508 times

Minimum overlap: 3
No. of allowed errors:
1-9 bp: 0; 10-19 bp: 1

Overview of removed sequences
length	count	expect	max.err	error counts
3	18	26481.5	0	18
10	1	1.6	1	0 1
11	1	0.4	1	0 1
12	65	0.1	1	33 32
13	5	0.0	1	3 2
14	6	0.0	1	1 5
15	15	0.0	1	10 5
16	41	0.0	1	15 26
17	36	0.0	1	8 28
18	108	0.0	1	39 69
19	7243	0.0	1	4403 2840
20	1140427	0.0	1	628504 511923
21	7477	0.0	1	5303 2174
22	987	0.0	1	530 457
23	7	0.0	1	3 4
24	2	0.0	1	0 2
25	2	0.0	1	1 1
26	3	0.0	1	1 2
27	1	0.0	1	1
28	1	0.0	1	0 1
29	2	0.0	1	2
30	6	0.0	1	4 2
31	1	0.0	1	1
32	3	0.0	1	3
33	10	0.0	1	3 7
34	7	0.0	1	0 7
35	5	0.0	1	0 5
36	1	0.0	1	0 1
38	4	0.0	1	0 4
39	2	0.0	1	1 1
40	1	0.0	1	0 1
41	2	0.0	1	1 1
42	2	0.0	1	1 1
43	2	0.0	1	0 2
48	1	0.0	1	0 1
49	2	0.0	1	0 2
51	1	0.0	1	0 1
52	7	0.0	1	0 7
55	2	0.0	1	0 2
57	1	0.0	1	0 1


=== Second read: Adapter 2 ===

Sequence: GGACTACNVGGGTWTCTAAT; Type: regular 5'; Length: 20; Trimmed: 836742 times

Minimum overlap: 3
No. of allowed errors:
1-9 bp: 0; 10-19 bp: 1

Overview of removed sequences
length	count	expect	max.err	error counts
3	17	26481.5	0	17
12	1	0.1	1	1
13	7	0.0	1	7
14	3	0.0	1	0 3
15	13	0.0	1	4 9
16	8	0.0	1	1 7
17	17	0.0	1	8 9
18	26	0.0	1	19 7
19	95	0.0	1	29 66
20	79689	0.0	1	3285 76404
21	749982	0.0	1	709091 40891
22	6493	0.0	1	4559 1934
23	360	0.0	1	314 46
24	13	0.0	1	5 8
25	1	0.0	1	1
27	3	0.0	1	3
28	1	0.0	1	1
30	1	0.0	1	0 1
31	3	0.0	1	2 1
32	3	0.0	1	3
33	1	0.0	1	1
34	1	0.0	1	1
38	1	0.0	1	0 1
40	1	0.0	1	1
42	1	0.0	1	1
45	1	0.0	1	0 1
Running cutadapt on: 2024_Warm05_Hyp04_G46_gut_S163
This is cutadapt 5.2 with Python 3.13.15
Command line parameters: -j 6 -g GTGYCAGCMGCCGCGGTAA -G GGACTACNVGGGTWTCTAAT -o /scratch4/workspace/jade_fiorilla_student_uml_edu-rawseqorcc/trimmed-cutadapt-fastp/2024_Warm05_Hyp04_G46_gut_S163_R1_trim.fastq -p /scratch4/workspace/jade_fiorilla_student_uml_edu-rawseqorcc/trimmed-cutadapt-fastp/2024_Warm05_Hyp04_G46_gut_S163_R2_trim.fastq /scratch4/workspace/jade_fiorilla_student_uml_edu-rawseqorcc/trimmed-fastp/2024_Warm05_Hyp04_G46_gut_S163_R1_trim.fastq.gz /scratch4/workspace/jade_fiorilla_student_uml_edu-rawseqorcc/trimmed-fastp/2024_Warm05_Hyp04_G46_gut_S163_R2_trim.fastq.gz
Processing paired-end reads on 6 cores ...

=== Summary ===

Total read pairs processed:          1,363,623
  Read 1 with adapter:               1,004,912 (73.7%)
  Read 2 with adapter:                 779,429 (57.2%)
Pairs written (passing filters):     1,363,623 (100.0%)

Total basepairs processed:   463,784,038 bp
  Read 1:   231,959,402 bp
  Read 2:   231,824,636 bp
Total written (filtered):    427,363,850 bp (92.1%)
  Read 1:   211,860,595 bp
  Read 2:   215,503,255 bp

=== First read: Adapter 1 ===

Sequence: GTGYCAGCMGCCGCGGTAA; Type: regular 5'; Length: 19; Trimmed: 1004912 times

Minimum overlap: 3
No. of allowed errors:
1-9 bp: 0; 10-19 bp: 1

Overview of removed sequences
length	count	expect	max.err	error counts
3	2	21306.6	0	2
9	2	5.2	0	2
10	1	1.3	1	1
11	3	0.3	1	0 3
12	56	0.1	1	37 19
13	4	0.0	1	3 1
14	7	0.0	1	5 2
15	7	0.0	1	2 5
16	27	0.0	1	17 10
17	20	0.0	1	7 13
18	108	0.0	1	40 68
19	8589	0.0	1	4941 3648
20	987880	0.0	1	643737 344143
21	7176	0.0	1	5199 1977
22	954	0.0	1	889 65
23	6	0.0	1	2 4
24	6	0.0	1	6
25	2	0.0	1	1 1
26	3	0.0	1	2 1
27	1	0.0	1	1
29	7	0.0	1	6 1
30	2	0.0	1	2
31	2	0.0	1	1 1
32	7	0.0	1	0 7
33	3	0.0	1	2 1
34	2	0.0	1	2
35	10	0.0	1	9 1
36	5	0.0	1	2 3
37	2	0.0	1	0 2
38	5	0.0	1	5
39	1	0.0	1	0 1
40	1	0.0	1	1
41	1	0.0	1	1
42	1	0.0	1	1
43	2	0.0	1	1 1
45	1	0.0	1	1
47	1	0.0	1	0 1
50	1	0.0	1	0 1
53	2	0.0	1	1 1
57	1	0.0	1	0 1
122	1	0.0	1	1


=== Second read: Adapter 2 ===

Sequence: GGACTACNVGGGTWTCTAAT; Type: regular 5'; Length: 20; Trimmed: 779429 times

Minimum overlap: 3
No. of allowed errors:
1-9 bp: 0; 10-19 bp: 1

Overview of removed sequences
length	count	expect	max.err	error counts
3	2	21306.6	0	2
10	2	1.3	1	2
11	6	0.3	1	1 5
12	2	0.1	1	1 1
13	1	0.0	1	1
14	11	0.0	1	4 7
15	9	0.0	1	6 3
16	4	0.0	1	0 4
17	8	0.0	1	5 3
18	21	0.0	1	18 3
19	68	0.0	1	22 46
20	53948	0.0	1	3961 49987
21	718269	0.0	1	684984 33285
22	6573	0.0	1	4709 1864
23	469	0.0	1	444 25
24	8	0.0	1	3 5
25	3	0.0	1	3
26	5	0.0	1	5
27	1	0.0	1	0 1
30	2	0.0	1	1 1
31	3	0.0	1	3
32	3	0.0	1	1 2
33	2	0.0	1	2
37	4	0.0	1	0 4
38	3	0.0	1	0 3
40	1	0.0	1	1
50	1	0.0	1	1
Running cutadapt on: 2024_Warm05_Warm02_G22_gill_S212
This is cutadapt 5.2 with Python 3.13.15
Command line parameters: -j 6 -g GTGYCAGCMGCCGCGGTAA -G GGACTACNVGGGTWTCTAAT -o /scratch4/workspace/jade_fiorilla_student_uml_edu-rawseqorcc/trimmed-cutadapt-fastp/2024_Warm05_Warm02_G22_gill_S212_R1_trim.fastq -p /scratch4/workspace/jade_fiorilla_student_uml_edu-rawseqorcc/trimmed-cutadapt-fastp/2024_Warm05_Warm02_G22_gill_S212_R2_trim.fastq /scratch4/workspace/jade_fiorilla_student_uml_edu-rawseqorcc/trimmed-fastp/2024_Warm05_Warm02_G22_gill_S212_R1_trim.fastq.gz /scratch4/workspace/jade_fiorilla_student_uml_edu-rawseqorcc/trimmed-fastp/2024_Warm05_Warm02_G22_gill_S212_R2_trim.fastq.gz
Processing paired-end reads on 6 cores ...

=== Summary ===

Total read pairs processed:            564,889
  Read 1 with adapter:                 486,008 (86.0%)
  Read 2 with adapter:                 461,711 (81.7%)
Pairs written (passing filters):       564,889 (100.0%)

Total basepairs processed:   276,865,743 bp
  Read 1:   138,453,354 bp
  Read 2:   138,412,389 bp
Total written (filtered):    255,652,173 bp (92.3%)
  Read 1:   127,809,108 bp
  Read 2:   127,843,065 bp

=== First read: Adapter 1 ===

Sequence: GTGYCAGCMGCCGCGGTAA; Type: regular 5'; Length: 19; Trimmed: 486008 times

Minimum overlap: 3
No. of allowed errors:
1-9 bp: 0; 10-19 bp: 1

Overview of removed sequences
length	count	expect	max.err	error counts
3	1749	8826.4	0	1749
9	4	2.2	0	4
10	1	0.5	1	0 1
11	4	0.1	1	2 2
12	111	0.0	1	93 18
13	11	0.0	1	11
14	8	0.0	1	2 6
15	10	0.0	1	2 8
16	65	0.0	1	45 20
17	40	0.0	1	18 22
18	68	0.0	1	27 41
19	2518	0.0	1	2405 113
20	1638	0.0	1	1305 333
21	3036	0.0	1	932 2104
22	475598	0.0	1	412035 63563
23	1100	0.0	1	293 807
24	7	0.0	1	5 2
25	5	0.0	1	4 1
26	3	0.0	1	3
27	1	0.0	1	1
28	3	0.0	1	3
29	2	0.0	1	1 1
30	9	0.0	1	9
31	2	0.0	1	2
32	2	0.0	1	1 1
33	1	0.0	1	0 1
34	4	0.0	1	1 3
36	2	0.0	1	2
37	3	0.0	1	3
39	2	0.0	1	2
48	1	0.0	1	1


=== Second read: Adapter 2 ===

Sequence: GGACTACNVGGGTWTCTAAT; Type: regular 5'; Length: 20; Trimmed: 461711 times

Minimum overlap: 3
No. of allowed errors:
1-9 bp: 0; 10-19 bp: 1

Overview of removed sequences
length	count	expect	max.err	error counts
3	1768	8826.4	0	1768
5	5	551.6	0	5
12	6	0.0	1	2 4
13	5	0.0	1	5
14	10	0.0	1	6 4
15	7	0.0	1	1 6
16	17	0.0	1	6 11
17	9	0.0	1	6 3
18	7	0.0	1	3 4
19	44	0.0	1	19 25
20	3090	0.0	1	2963 127
21	1196	0.0	1	1062 134
22	4111	0.0	1	751 3360
23	449782	0.0	1	428714 21068
24	1627	0.0	1	416 1211
25	11	0.0	1	3 8
26	3	0.0	1	2 1
27	2	0.0	1	1 1
29	2	0.0	1	2
32	1	0.0	1	1
34	1	0.0	1	0 1
36	1	0.0	1	1
39	1	0.0	1	1
40	1	0.0	1	1
46	1	0.0	1	1
47	2	0.0	1	2
48	1	0.0	1	1
Running cutadapt on: 2024_Warm05_Warm02_G22_gut_S24
This is cutadapt 5.2 with Python 3.13.15
Command line parameters: -j 6 -g GTGYCAGCMGCCGCGGTAA -G GGACTACNVGGGTWTCTAAT -o /scratch4/workspace/jade_fiorilla_student_uml_edu-rawseqorcc/trimmed-cutadapt-fastp/2024_Warm05_Warm02_G22_gut_S24_R1_trim.fastq -p /scratch4/workspace/jade_fiorilla_student_uml_edu-rawseqorcc/trimmed-cutadapt-fastp/2024_Warm05_Warm02_G22_gut_S24_R2_trim.fastq /scratch4/workspace/jade_fiorilla_student_uml_edu-rawseqorcc/trimmed-fastp/2024_Warm05_Warm02_G22_gut_S24_R1_trim.fastq.gz /scratch4/workspace/jade_fiorilla_student_uml_edu-rawseqorcc/trimmed-fastp/2024_Warm05_Warm02_G22_gut_S24_R2_trim.fastq.gz
Processing paired-end reads on 6 cores ...

=== Summary ===

Total read pairs processed:            881,897
  Read 1 with adapter:                 545,563 (61.9%)
  Read 2 with adapter:                 288,588 (32.7%)
Pairs written (passing filters):       881,897 (100.0%)

Total basepairs processed:   194,043,086 bp
  Read 1:    97,159,638 bp
  Read 2:    96,883,448 bp
Total written (filtered):    177,058,878 bp (91.2%)
  Read 1:    86,241,643 bp
  Read 2:    90,817,235 bp

=== First read: Adapter 1 ===

Sequence: GTGYCAGCMGCCGCGGTAA; Type: regular 5'; Length: 19; Trimmed: 545563 times

Minimum overlap: 3
No. of allowed errors:
1-9 bp: 0; 10-19 bp: 1

Overview of removed sequences
length	count	expect	max.err	error counts
3	4	13779.6	0	4
9	1	3.4	0	1
11	6	0.2	1	2 4
12	22	0.1	1	9 13
13	2	0.0	1	0 2
14	7	0.0	1	6 1
15	14	0.0	1	5 9
16	12	0.0	1	6 6
17	12	0.0	1	3 9
18	78	0.0	1	24 54
19	5240	0.0	1	2477 2763
20	530000	0.0	1	259273 270727
21	8383	0.0	1	6248 2135
22	1719	0.0	1	1408 311
23	11	0.0	1	5 6
24	6	0.0	1	3 3
25	1	0.0	1	0 1
26	1	0.0	1	1
27	1	0.0	1	0 1
28	3	0.0	1	2 1
29	6	0.0	1	2 4
31	1	0.0	1	1
32	7	0.0	1	0 7
33	1	0.0	1	0 1
34	2	0.0	1	0 2
35	1	0.0	1	0 1
36	1	0.0	1	0 1
37	1	0.0	1	0 1
39	3	0.0	1	0 3
40	1	0.0	1	0 1
42	7	0.0	1	3 4
43	2	0.0	1	0 2
44	1	0.0	1	0 1
47	3	0.0	1	0 3
56	1	0.0	1	0 1
57	2	0.0	1	0 2


=== Second read: Adapter 2 ===

Sequence: GGACTACNVGGGTWTCTAAT; Type: regular 5'; Length: 20; Trimmed: 288588 times

Minimum overlap: 3
No. of allowed errors:
1-9 bp: 0; 10-19 bp: 1

Overview of removed sequences
length	count	expect	max.err	error counts
3	5	13779.6	0	5
13	4	0.0	1	4
14	2	0.0	1	0 2
15	2	0.0	1	0 2
16	4	0.0	1	2 2
17	5	0.0	1	2 3
18	6	0.0	1	5 1
19	30	0.0	1	14 16
20	3915	0.0	1	1875 2040
21	275575	0.0	1	266516 9059
22	8160	0.0	1	7320 840
23	861	0.0	1	793 68
24	5	0.0	1	3 2
25	4	0.0	1	4
27	2	0.0	1	2
30	1	0.0	1	1
32	3	0.0	1	2 1
34	1	0.0	1	1
43	3	0.0	1	3
Running cutadapt on: 2024_Warm06_Both03_G35_gill_S189
This is cutadapt 5.2 with Python 3.13.15
Command line parameters: -j 6 -g GTGYCAGCMGCCGCGGTAA -G GGACTACNVGGGTWTCTAAT -o /scratch4/workspace/jade_fiorilla_student_uml_edu-rawseqorcc/trimmed-cutadapt-fastp/2024_Warm06_Both03_G35_gill_S189_R1_trim.fastq -p /scratch4/workspace/jade_fiorilla_student_uml_edu-rawseqorcc/trimmed-cutadapt-fastp/2024_Warm06_Both03_G35_gill_S189_R2_trim.fastq /scratch4/workspace/jade_fiorilla_student_uml_edu-rawseqorcc/trimmed-fastp/2024_Warm06_Both03_G35_gill_S189_R1_trim.fastq.gz /scratch4/workspace/jade_fiorilla_student_uml_edu-rawseqorcc/trimmed-fastp/2024_Warm06_Both03_G35_gill_S189_R2_trim.fastq.gz
Processing paired-end reads on 6 cores ...

=== Summary ===

Total read pairs processed:          1,554,940
  Read 1 with adapter:               1,181,320 (76.0%)
  Read 2 with adapter:               1,495,511 (96.2%)
Pairs written (passing filters):     1,554,940 (100.0%)

Total basepairs processed:   622,631,799 bp
  Read 1:   311,264,013 bp
  Read 2:   311,367,786 bp
Total written (filtered):    562,518,179 bp (90.3%)
  Read 1:   285,491,080 bp
  Read 2:   277,027,099 bp

=== First read: Adapter 1 ===

Sequence: GTGYCAGCMGCCGCGGTAA; Type: regular 5'; Length: 19; Trimmed: 1181320 times

Minimum overlap: 3
No. of allowed errors:
1-9 bp: 0; 10-19 bp: 1

Overview of removed sequences
length	count	expect	max.err	error counts
3	8747	24295.9	0	8747
4	11	6074.0	0	11
8	1	23.7	0	1
9	8	5.9	0	8
10	4	1.5	1	1 3
11	4	0.4	1	4
12	201	0.1	1	189 12
13	23	0.0	1	17 6
14	11	0.0	1	5 6
15	24	0.0	1	11 13
16	86	0.0	1	71 15
17	78	0.0	1	39 39
18	186	0.0	1	115 71
19	10317	0.0	1	7748 2569
20	4277	0.0	1	2873 1404
21	9853	0.0	1	5335 4518
22	1144730	0.0	1	1100265 44465
23	2641	0.0	1	877 1764
24	19	0.0	1	19
25	4	0.0	1	4
26	8	0.0	1	7 1
27	4	0.0	1	4
28	8	0.0	1	8
29	4	0.0	1	4
30	6	0.0	1	2 4
31	3	0.0	1	3
32	2	0.0	1	1 1
33	3	0.0	1	3
34	5	0.0	1	1 4
35	5	0.0	1	4 1
36	12	0.0	1	9 3
38	4	0.0	1	4
39	11	0.0	1	11
41	1	0.0	1	1
42	2	0.0	1	1 1
43	2	0.0	1	2
44	3	0.0	1	3
45	2	0.0	1	2
46	3	0.0	1	3
47	2	0.0	1	0 2
51	2	0.0	1	2
52	2	0.0	1	2
53	1	0.0	1	1


=== Second read: Adapter 2 ===

Sequence: GGACTACNVGGGTWTCTAAT; Type: regular 5'; Length: 20; Trimmed: 1495511 times

Minimum overlap: 3
No. of allowed errors:
1-9 bp: 0; 10-19 bp: 1

Overview of removed sequences
length	count	expect	max.err	error counts
3	882	24295.9	0	882
4	1	6074.0	0	1
5	2	1518.5	0	2
10	4	1.5	1	3 1
11	11	0.4	1	9 2
12	13	0.1	1	8 5
13	12	0.0	1	12
14	15	0.0	1	5 10
15	23	0.0	1	9 14
16	16	0.0	1	4 12
17	33	0.0	1	17 16
18	44	0.0	1	29 15
19	160	0.0	1	81 79
20	8838	0.0	1	8423 415
21	2058	0.0	1	1841 217
22	11725	0.0	1	4073 7652
23	1466675	0.0	1	1411511 55164
24	4909	0.0	1	1419 3490
25	12	0.0	1	6 6
26	11	0.0	1	9 2
27	5	0.0	1	5
28	5	0.0	1	4 1
29	4	0.0	1	4
30	3	0.0	1	3
31	3	0.0	1	2 1
32	3	0.0	1	3
33	1	0.0	1	1
34	6	0.0	1	5 1
35	2	0.0	1	2
36	1	0.0	1	1
37	1	0.0	1	1
38	2	0.0	1	2
39	8	0.0	1	7 1
40	4	0.0	1	4
41	2	0.0	1	2
42	3	0.0	1	3
43	1	0.0	1	1
44	2	0.0	1	1 1
46	1	0.0	1	1
48	2	0.0	1	2
50	3	0.0	1	3
53	4	0.0	1	4
54	1	0.0	1	1
Running cutadapt on: 2024_Warm06_Both03_G35_gut_S149
This is cutadapt 5.2 with Python 3.13.15
Command line parameters: -j 6 -g GTGYCAGCMGCCGCGGTAA -G GGACTACNVGGGTWTCTAAT -o /scratch4/workspace/jade_fiorilla_student_uml_edu-rawseqorcc/trimmed-cutadapt-fastp/2024_Warm06_Both03_G35_gut_S149_R1_trim.fastq -p /scratch4/workspace/jade_fiorilla_student_uml_edu-rawseqorcc/trimmed-cutadapt-fastp/2024_Warm06_Both03_G35_gut_S149_R2_trim.fastq /scratch4/workspace/jade_fiorilla_student_uml_edu-rawseqorcc/trimmed-fastp/2024_Warm06_Both03_G35_gut_S149_R1_trim.fastq.gz /scratch4/workspace/jade_fiorilla_student_uml_edu-rawseqorcc/trimmed-fastp/2024_Warm06_Both03_G35_gut_S149_R2_trim.fastq.gz
Processing paired-end reads on 6 cores ...

=== Summary ===

Total read pairs processed:            451,877
  Read 1 with adapter:                 423,522 (93.7%)
  Read 2 with adapter:                 431,051 (95.4%)
Pairs written (passing filters):       451,877 (100.0%)

Total basepairs processed:   246,851,989 bp
  Read 1:   123,428,743 bp
  Read 2:   123,423,246 bp
Total written (filtered):    228,498,367 bp (92.6%)
  Read 1:   114,546,136 bp
  Read 2:   113,952,231 bp

=== First read: Adapter 1 ===

Sequence: GTGYCAGCMGCCGCGGTAA; Type: regular 5'; Length: 19; Trimmed: 423522 times

Minimum overlap: 3
No. of allowed errors:
1-9 bp: 0; 10-19 bp: 1

Overview of removed sequences
length	count	expect	max.err	error counts
3	3	7060.6	0	3
11	1	0.1	1	0 1
12	13	0.0	1	12 1
13	1	0.0	1	1
14	1	0.0	1	1
15	2	0.0	1	2
16	10	0.0	1	5 5
17	10	0.0	1	3 7
18	31	0.0	1	19 12
19	2128	0.0	1	1879 249
20	8132	0.0	1	6482 1650
21	412063	0.0	1	388945 23118
22	1097	0.0	1	449 648
23	5	0.0	1	3 2
24	1	0.0	1	1
29	1	0.0	1	1
30	4	0.0	1	4
31	4	0.0	1	4
33	5	0.0	1	2 3
34	1	0.0	1	1
35	1	0.0	1	1
36	3	0.0	1	2 1
38	2	0.0	1	2
41	1	0.0	1	1
42	1	0.0	1	1
44	1	0.0	1	1


=== Second read: Adapter 2 ===

Sequence: GGACTACNVGGGTWTCTAAT; Type: regular 5'; Length: 20; Trimmed: 431051 times

Minimum overlap: 3
No. of allowed errors:
1-9 bp: 0; 10-19 bp: 1

Overview of removed sequences
length	count	expect	max.err	error counts
3	1	7060.6	0	1
10	2	0.4	1	2
13	1	0.0	1	1
14	10	0.0	1	6 4
15	6	0.0	1	2 4
16	9	0.0	1	2 7
17	8	0.0	1	1 7
18	23	0.0	1	16 7
19	35	0.0	1	20 15
20	1208	0.0	1	1143 65
21	10628	0.0	1	8147 2481
22	417926	0.0	1	409082 8844
23	1168	0.0	1	486 682
24	7	0.0	1	4 3
25	1	0.0	1	1
26	2	0.0	1	1 1
28	1	0.0	1	1
30	4	0.0	1	4
31	1	0.0	1	0 1
32	2	0.0	1	2
33	2	0.0	1	2
34	2	0.0	1	2
37	1	0.0	1	1
41	1	0.0	1	1
53	2	0.0	1	2
Running cutadapt on: 2024_Warm06_Both04_G48_gill_S164
This is cutadapt 5.2 with Python 3.13.15
Command line parameters: -j 6 -g GTGYCAGCMGCCGCGGTAA -G GGACTACNVGGGTWTCTAAT -o /scratch4/workspace/jade_fiorilla_student_uml_edu-rawseqorcc/trimmed-cutadapt-fastp/2024_Warm06_Both04_G48_gill_S164_R1_trim.fastq -p /scratch4/workspace/jade_fiorilla_student_uml_edu-rawseqorcc/trimmed-cutadapt-fastp/2024_Warm06_Both04_G48_gill_S164_R2_trim.fastq /scratch4/workspace/jade_fiorilla_student_uml_edu-rawseqorcc/trimmed-fastp/2024_Warm06_Both04_G48_gill_S164_R1_trim.fastq.gz /scratch4/workspace/jade_fiorilla_student_uml_edu-rawseqorcc/trimmed-fastp/2024_Warm06_Both04_G48_gill_S164_R2_trim.fastq.gz
Processing paired-end reads on 6 cores ...

=== Summary ===

Total read pairs processed:          2,248,216
  Read 1 with adapter:               1,338,230 (59.5%)
  Read 2 with adapter:               1,028,741 (45.8%)
Pairs written (passing filters):     2,248,216 (100.0%)

Total basepairs processed:   607,378,044 bp
  Read 1:   303,892,449 bp
  Read 2:   303,485,595 bp
Total written (filtered):    559,009,556 bp (92.0%)
  Read 1:   277,126,139 bp
  Read 2:   281,883,417 bp

=== First read: Adapter 1 ===

Sequence: GTGYCAGCMGCCGCGGTAA; Type: regular 5'; Length: 19; Trimmed: 1338230 times

Minimum overlap: 3
No. of allowed errors:
1-9 bp: 0; 10-19 bp: 1

Overview of removed sequences
length	count	expect	max.err	error counts
3	4	35128.4	0	4
9	2	8.6	0	2
12	60	0.1	1	33 27
13	10	0.0	1	1 9
14	8	0.0	1	3 5
15	14	0.0	1	7 7
16	22	0.0	1	6 16
17	23	0.0	1	10 13
18	130	0.0	1	39 91
19	9197	0.0	1	5349 3848
20	1319422	0.0	1	711816 607606
21	8164	0.0	1	5634 2530
22	1032	0.0	1	823 209
23	13	0.0	1	7 6
24	9	0.0	1	6 3
25	6	0.0	1	0 6
26	7	0.0	1	4 3
27	3	0.0	1	1 2
28	13	0.0	1	7 6
29	6	0.0	1	1 5
30	6	0.0	1	4 2
31	4	0.0	1	2 2
32	1	0.0	1	0 1
33	19	0.0	1	4 15
34	7	0.0	1	0 7
35	5	0.0	1	1 4
36	5	0.0	1	5
37	5	0.0	1	1 4
38	4	0.0	1	0 4
39	4	0.0	1	0 4
41	1	0.0	1	1
43	6	0.0	1	2 4
44	5	0.0	1	0 5
45	1	0.0	1	0 1
47	3	0.0	1	0 3
48	1	0.0	1	0 1
49	3	0.0	1	1 2
53	1	0.0	1	0 1
54	2	0.0	1	0 2
59	2	0.0	1	0 2


=== Second read: Adapter 2 ===

Sequence: GGACTACNVGGGTWTCTAAT; Type: regular 5'; Length: 20; Trimmed: 1028741 times

Minimum overlap: 3
No. of allowed errors:
1-9 bp: 0; 10-19 bp: 1

Overview of removed sequences
length	count	expect	max.err	error counts
3	4	35128.4	0	4
10	1	2.1	1	0 1
11	2	0.5	1	2
12	3	0.1	1	3
13	11	0.0	1	11
14	11	0.0	1	1 10
15	4	0.0	1	3 1
16	11	0.0	1	5 6
17	15	0.0	1	8 7
18	22	0.0	1	17 5
19	114	0.0	1	46 68
20	9236	0.0	1	3909 5327
21	1011574	0.0	1	982796 28778
22	7220	0.0	1	5010 2210
23	471	0.0	1	367 104
24	9	0.0	1	4 5
25	4	0.0	1	4
26	2	0.0	1	1 1
27	3	0.0	1	1 2
28	6	0.0	1	5 1
29	2	0.0	1	2
31	1	0.0	1	1
32	1	0.0	1	1
33	1	0.0	1	0 1
34	4	0.0	1	2 2
35	3	0.0	1	3
40	1	0.0	1	1
41	1	0.0	1	1
42	1	0.0	1	1
53	2	0.0	1	2
60	1	0.0	1	0 1
Running cutadapt on: 2024_Warm06_Both04_G48_gut_S53
This is cutadapt 5.2 with Python 3.13.15
Command line parameters: -j 6 -g GTGYCAGCMGCCGCGGTAA -G GGACTACNVGGGTWTCTAAT -o /scratch4/workspace/jade_fiorilla_student_uml_edu-rawseqorcc/trimmed-cutadapt-fastp/2024_Warm06_Both04_G48_gut_S53_R1_trim.fastq -p /scratch4/workspace/jade_fiorilla_student_uml_edu-rawseqorcc/trimmed-cutadapt-fastp/2024_Warm06_Both04_G48_gut_S53_R2_trim.fastq /scratch4/workspace/jade_fiorilla_student_uml_edu-rawseqorcc/trimmed-fastp/2024_Warm06_Both04_G48_gut_S53_R1_trim.fastq.gz /scratch4/workspace/jade_fiorilla_student_uml_edu-rawseqorcc/trimmed-fastp/2024_Warm06_Both04_G48_gut_S53_R2_trim.fastq.gz
Processing paired-end reads on 6 cores ...

=== Summary ===

Total read pairs processed:          1,101,774
  Read 1 with adapter:                 811,611 (73.7%)
  Read 2 with adapter:                 350,234 (31.8%)
Pairs written (passing filters):     1,101,774 (100.0%)

Total basepairs processed:   238,709,408 bp
  Read 1:   119,474,830 bp
  Read 2:   119,234,578 bp
Total written (filtered):    216,263,538 bp (90.6%)
  Read 1:   104,040,951 bp
  Read 2:   112,222,587 bp

=== First read: Adapter 1 ===

Sequence: GTGYCAGCMGCCGCGGTAA; Type: regular 5'; Length: 19; Trimmed: 811611 times

Minimum overlap: 3
No. of allowed errors:
1-9 bp: 0; 10-19 bp: 1

Overview of removed sequences
length	count	expect	max.err	error counts
3	9	17215.2	0	9
12	42	0.1	1	24 18
13	7	0.0	1	3 4
14	7	0.0	1	4 3
15	6	0.0	1	0 6
16	34	0.0	1	17 17
17	58	0.0	1	28 30
18	1321	0.0	1	198 1123
19	801385	0.0	1	336583 464802
20	4474	0.0	1	2395 2079
21	2261	0.0	1	1204 1057
22	1970	0.0	1	1520 450
23	7	0.0	1	2 5
24	2	0.0	1	0 2
26	1	0.0	1	1
27	4	0.0	1	3 1
31	1	0.0	1	0 1
32	11	0.0	1	0 11
33	1	0.0	1	0 1
34	1	0.0	1	0 1
36	3	0.0	1	3
39	3	0.0	1	1 2
41	1	0.0	1	0 1
43	2	0.0	1	0 2


=== Second read: Adapter 2 ===

Sequence: GGACTACNVGGGTWTCTAAT; Type: regular 5'; Length: 20; Trimmed: 350234 times

Minimum overlap: 3
No. of allowed errors:
1-9 bp: 0; 10-19 bp: 1

Overview of removed sequences
length	count	expect	max.err	error counts
3	5	17215.2	0	5
12	4	0.1	1	3 1
13	1	0.0	1	1
14	2	0.0	1	2
16	3	0.0	1	1 2
17	5	0.0	1	2 3
18	28	0.0	1	14 14
19	1546	0.0	1	203 1343
20	343510	0.0	1	333941 9569
21	2853	0.0	1	1458 1395
22	662	0.0	1	609 53
23	1601	0.0	1	1541 60
24	8	0.0	1	5 3
25	1	0.0	1	1
29	1	0.0	1	1
30	2	0.0	1	2
33	1	0.0	1	1
37	1	0.0	1	1
Running cutadapt on: 2024_Warm06_Hyp06_G71_gill_S208
This is cutadapt 5.2 with Python 3.13.15
Command line parameters: -j 6 -g GTGYCAGCMGCCGCGGTAA -G GGACTACNVGGGTWTCTAAT -o /scratch4/workspace/jade_fiorilla_student_uml_edu-rawseqorcc/trimmed-cutadapt-fastp/2024_Warm06_Hyp06_G71_gill_S208_R1_trim.fastq -p /scratch4/workspace/jade_fiorilla_student_uml_edu-rawseqorcc/trimmed-cutadapt-fastp/2024_Warm06_Hyp06_G71_gill_S208_R2_trim.fastq /scratch4/workspace/jade_fiorilla_student_uml_edu-rawseqorcc/trimmed-fastp/2024_Warm06_Hyp06_G71_gill_S208_R1_trim.fastq.gz /scratch4/workspace/jade_fiorilla_student_uml_edu-rawseqorcc/trimmed-fastp/2024_Warm06_Hyp06_G71_gill_S208_R2_trim.fastq.gz
Processing paired-end reads on 6 cores ...

=== Summary ===

Total read pairs processed:          1,677,647
  Read 1 with adapter:               1,634,762 (97.4%)
  Read 2 with adapter:               1,598,025 (95.3%)
Pairs written (passing filters):     1,677,647 (100.0%)

Total basepairs processed:   933,106,348 bp
  Read 1:   466,521,418 bp
  Read 2:   466,584,930 bp
Total written (filtered):    870,081,236 bp (93.2%)
  Read 1:   435,455,137 bp
  Read 2:   434,626,099 bp

=== First read: Adapter 1 ===

Sequence: GTGYCAGCMGCCGCGGTAA; Type: regular 5'; Length: 19; Trimmed: 1634762 times

Minimum overlap: 3
No. of allowed errors:
1-9 bp: 0; 10-19 bp: 1

Overview of removed sequences
length	count	expect	max.err	error counts
3	19	26213.2	0	19
8	1	25.6	0	1
9	5	6.4	0	5
10	1	1.6	1	1
12	36	0.1	1	36
13	8	0.0	1	8
14	7	0.0	1	1 6
15	6	0.0	1	5 1
16	49	0.0	1	32 17
17	75	0.0	1	65 10
18	3882	0.0	1	619 3263
19	1624410	0.0	1	1564788 59622
20	4080	0.0	1	1635 2445
21	359	0.0	1	342 17
22	1774	0.0	1	864 910
23	9	0.0	1	7 2
25	5	0.0	1	5
26	4	0.0	1	3 1
28	6	0.0	1	6
29	2	0.0	1	1 1
30	2	0.0	1	2
31	3	0.0	1	2 1
32	4	0.0	1	4
33	2	0.0	1	1 1
34	2	0.0	1	2
35	1	0.0	1	1
38	1	0.0	1	0 1
39	1	0.0	1	1
40	2	0.0	1	2
41	1	0.0	1	1
44	2	0.0	1	2
49	3	0.0	1	3


=== Second read: Adapter 2 ===

Sequence: GGACTACNVGGGTWTCTAAT; Type: regular 5'; Length: 20; Trimmed: 1598025 times

Minimum overlap: 3
No. of allowed errors:
1-9 bp: 0; 10-19 bp: 1

Overview of removed sequences
length	count	expect	max.err	error counts
3	50	26213.2	0	50
11	7	0.4	1	7
12	3	0.1	1	3
13	6	0.0	1	4 2
14	26	0.0	1	6 20
15	3	0.0	1	0 3
16	14	0.0	1	4 10
17	12	0.0	1	10 2
18	73	0.0	1	56 17
19	8400	0.0	1	763 7637
20	1583589	0.0	1	1543612 39977
21	4777	0.0	1	1708 3069
22	232	0.0	1	214 18
23	787	0.0	1	729 58
24	8	0.0	1	2 6
25	3	0.0	1	3
26	3	0.0	1	3
27	1	0.0	1	1
28	2	0.0	1	2
29	4	0.0	1	3 1
30	1	0.0	1	1
31	1	0.0	1	0 1
32	3	0.0	1	3
33	3	0.0	1	3
34	2	0.0	1	2
35	7	0.0	1	0 7
37	1	0.0	1	1
38	3	0.0	1	3
40	2	0.0	1	2
43	1	0.0	1	1
50	1	0.0	1	1
Running cutadapt on: 2024_Warm06_Hyp06_G71_gut_S21
This is cutadapt 5.2 with Python 3.13.15
Command line parameters: -j 6 -g GTGYCAGCMGCCGCGGTAA -G GGACTACNVGGGTWTCTAAT -o /scratch4/workspace/jade_fiorilla_student_uml_edu-rawseqorcc/trimmed-cutadapt-fastp/2024_Warm06_Hyp06_G71_gut_S21_R1_trim.fastq -p /scratch4/workspace/jade_fiorilla_student_uml_edu-rawseqorcc/trimmed-cutadapt-fastp/2024_Warm06_Hyp06_G71_gut_S21_R2_trim.fastq /scratch4/workspace/jade_fiorilla_student_uml_edu-rawseqorcc/trimmed-fastp/2024_Warm06_Hyp06_G71_gut_S21_R1_trim.fastq.gz /scratch4/workspace/jade_fiorilla_student_uml_edu-rawseqorcc/trimmed-fastp/2024_Warm06_Hyp06_G71_gut_S21_R2_trim.fastq.gz
Processing paired-end reads on 6 cores ...

=== Summary ===

Total read pairs processed:            641,322
  Read 1 with adapter:                 588,275 (91.7%)
  Read 2 with adapter:                 556,859 (86.8%)
Pairs written (passing filters):       641,322 (100.0%)

Total basepairs processed:   329,694,819 bp
  Read 1:   164,867,614 bp
  Read 2:   164,827,205 bp
Total written (filtered):    305,117,208 bp (92.5%)
  Read 1:   152,529,190 bp
  Read 2:   152,588,018 bp

=== First read: Adapter 1 ===

Sequence: GTGYCAGCMGCCGCGGTAA; Type: regular 5'; Length: 19; Trimmed: 588275 times

Minimum overlap: 3
No. of allowed errors:
1-9 bp: 0; 10-19 bp: 1

Overview of removed sequences
length	count	expect	max.err	error counts
3	1	10020.7	0	1
9	3	2.4	0	3
12	24	0.0	1	24
13	3	0.0	1	3
14	2	0.0	1	1 1
15	5	0.0	1	2 3
16	17	0.0	1	12 5
17	12	0.0	1	3 9
18	26	0.0	1	13 13
19	3308	0.0	1	1989 1319
20	10640	0.0	1	6876 3764
21	572099	0.0	1	524470 47629
22	2096	0.0	1	1177 919
23	8	0.0	1	3 5
24	4	0.0	1	3 1
25	8	0.0	1	8
26	1	0.0	1	1
27	3	0.0	1	3
28	1	0.0	1	1
29	1	0.0	1	0 1
31	1	0.0	1	1
35	1	0.0	1	1
36	2	0.0	1	2
40	2	0.0	1	2
41	2	0.0	1	2
42	2	0.0	1	2
44	2	0.0	1	2
61	1	0.0	1	0 1


=== Second read: Adapter 2 ===

Sequence: GGACTACNVGGGTWTCTAAT; Type: regular 5'; Length: 20; Trimmed: 556859 times

Minimum overlap: 3
No. of allowed errors:
1-9 bp: 0; 10-19 bp: 1

Overview of removed sequences
length	count	expect	max.err	error counts
3	1	10020.7	0	1
8	1	9.8	0	1
9	2	2.4	0	2
11	3	0.2	1	1 2
12	4	0.0	1	0 4
13	8	0.0	1	7 1
14	13	0.0	1	5 8
15	10	0.0	1	5 5
16	6	0.0	1	0 6
17	15	0.0	1	10 5
18	13	0.0	1	9 4
19	46	0.0	1	27 19
20	1614	0.0	1	1517 97
21	10118	0.0	1	7032 3086
22	543125	0.0	1	526225 16900
23	1835	0.0	1	937 898
24	4	0.0	1	4
26	1	0.0	1	1
27	6	0.0	1	6
28	3	0.0	1	2 1
29	1	0.0	1	0 1
30	9	0.0	1	4 5
31	3	0.0	1	3
33	1	0.0	1	0 1
34	1	0.0	1	1
35	2	0.0	1	2
37	3	0.0	1	3
39	2	0.0	1	2
40	1	0.0	1	1
42	7	0.0	1	7
49	1	0.0	1	1
Running cutadapt on: 2024_Warm06_Null_G41_gill_S97
This is cutadapt 5.2 with Python 3.13.15
Command line parameters: -j 6 -g GTGYCAGCMGCCGCGGTAA -G GGACTACNVGGGTWTCTAAT -o /scratch4/workspace/jade_fiorilla_student_uml_edu-rawseqorcc/trimmed-cutadapt-fastp/2024_Warm06_Null_G41_gill_S97_R1_trim.fastq -p /scratch4/workspace/jade_fiorilla_student_uml_edu-rawseqorcc/trimmed-cutadapt-fastp/2024_Warm06_Null_G41_gill_S97_R2_trim.fastq /scratch4/workspace/jade_fiorilla_student_uml_edu-rawseqorcc/trimmed-fastp/2024_Warm06_Null_G41_gill_S97_R1_trim.fastq.gz /scratch4/workspace/jade_fiorilla_student_uml_edu-rawseqorcc/trimmed-fastp/2024_Warm06_Null_G41_gill_S97_R2_trim.fastq.gz
Processing paired-end reads on 6 cores ...

=== Summary ===

Total read pairs processed:            889,340
  Read 1 with adapter:                 838,065 (94.2%)
  Read 2 with adapter:                 778,217 (87.5%)
Pairs written (passing filters):       889,340 (100.0%)

Total basepairs processed:   457,907,137 bp
  Read 1:   228,965,673 bp
  Read 2:   228,941,464 bp
Total written (filtered):    424,852,050 bp (92.8%)
  Read 1:   212,219,201 bp
  Read 2:   212,632,849 bp

=== First read: Adapter 1 ===

Sequence: GTGYCAGCMGCCGCGGTAA; Type: regular 5'; Length: 19; Trimmed: 838065 times

Minimum overlap: 3
No. of allowed errors:
1-9 bp: 0; 10-19 bp: 1

Overview of removed sequences
length	count	expect	max.err	error counts
3	2	13895.9	0	2
9	10	3.4	0	10
11	1	0.2	1	1
12	33	0.1	1	30 3
13	4	0.0	1	2 2
14	13	0.0	1	6 7
15	12	0.0	1	8 4
16	21	0.0	1	20 1
17	28	0.0	1	12 16
18	153	0.0	1	53 100
19	24899	0.0	1	20231 4668
20	802220	0.0	1	709666 92554
21	10545	0.0	1	7965 2580
22	81	0.0	1	33 48
23	3	0.0	1	2 1
24	10	0.0	1	5 5
25	1	0.0	1	0 1
26	2	0.0	1	2
27	1	0.0	1	1
28	1	0.0	1	1
29	4	0.0	1	0 4
30	1	0.0	1	1
32	2	0.0	1	1 1
33	3	0.0	1	3
34	3	0.0	1	3
35	7	0.0	1	1 6
36	3	0.0	1	2 1
37	1	0.0	1	1
39	1	0.0	1	1


=== Second read: Adapter 2 ===

Sequence: GGACTACNVGGGTWTCTAAT; Type: regular 5'; Length: 20; Trimmed: 778217 times

Minimum overlap: 3
No. of allowed errors:
1-9 bp: 0; 10-19 bp: 1

Overview of removed sequences
length	count	expect	max.err	error counts
3	2	13895.9	0	2
10	1	0.8	1	1
12	7	0.1	1	5 2
13	9	0.0	1	7 2
14	8	0.0	1	3 5
15	14	0.0	1	10 4
16	9	0.0	1	1 8
17	13	0.0	1	8 5
18	39	0.0	1	30 9
19	140	0.0	1	42 98
20	43946	0.0	1	23230 20716
21	723593	0.0	1	698377 25216
22	10348	0.0	1	8634 1714
23	61	0.0	1	33 28
25	1	0.0	1	1
27	2	0.0	1	0 2
28	3	0.0	1	1 2
30	1	0.0	1	1
31	1	0.0	1	1
32	3	0.0	1	3
34	3	0.0	1	3
35	5	0.0	1	4 1
36	3	0.0	1	3
41	2	0.0	1	2
42	1	0.0	1	1
44	2	0.0	1	2
Running cutadapt on: 2024_Warm06_Null_G41_gut_S93
This is cutadapt 5.2 with Python 3.13.15
Command line parameters: -j 6 -g GTGYCAGCMGCCGCGGTAA -G GGACTACNVGGGTWTCTAAT -o /scratch4/workspace/jade_fiorilla_student_uml_edu-rawseqorcc/trimmed-cutadapt-fastp/2024_Warm06_Null_G41_gut_S93_R1_trim.fastq -p /scratch4/workspace/jade_fiorilla_student_uml_edu-rawseqorcc/trimmed-cutadapt-fastp/2024_Warm06_Null_G41_gut_S93_R2_trim.fastq /scratch4/workspace/jade_fiorilla_student_uml_edu-rawseqorcc/trimmed-fastp/2024_Warm06_Null_G41_gut_S93_R1_trim.fastq.gz /scratch4/workspace/jade_fiorilla_student_uml_edu-rawseqorcc/trimmed-fastp/2024_Warm06_Null_G41_gut_S93_R2_trim.fastq.gz
Processing paired-end reads on 6 cores ...

=== Summary ===

Total read pairs processed:          1,142,705
  Read 1 with adapter:                 765,887 (67.0%)
  Read 2 with adapter:                 427,875 (37.4%)
Pairs written (passing filters):     1,142,705 (100.0%)

Total basepairs processed:   280,484,987 bp
  Read 1:   140,445,235 bp
  Read 2:   140,039,752 bp
Total written (filtered):    255,014,133 bp (90.9%)
  Read 1:   124,369,395 bp
  Read 2:   130,644,738 bp

=== First read: Adapter 1 ===

Sequence: GTGYCAGCMGCCGCGGTAA; Type: regular 5'; Length: 19; Trimmed: 765887 times

Minimum overlap: 3
No. of allowed errors:
1-9 bp: 0; 10-19 bp: 1

Overview of removed sequences
length	count	expect	max.err	error counts
3	26	17854.8	0	26
9	3	4.4	0	3
10	3	1.1	1	3
11	2	0.3	1	2
12	25	0.1	1	10 15
13	2	0.0	1	1 1
14	6	0.0	1	2 4
15	5	0.0	1	4 1
16	12	0.0	1	5 7
17	12	0.0	1	7 5
18	44	0.0	1	14 30
19	2232	0.0	1	1057 1175
20	5785	0.0	1	3035 2750
21	755422	0.0	1	382848 372574
22	2235	0.0	1	1003 1232
23	6	0.0	1	4 2
24	2	0.0	1	0 2
25	2	0.0	1	0 2
26	1	0.0	1	0 1
27	5	0.0	1	5
28	1	0.0	1	0 1
30	1	0.0	1	1
31	5	0.0	1	2 3
32	1	0.0	1	0 1
33	2	0.0	1	0 2
34	1	0.0	1	1
35	4	0.0	1	0 4
36	4	0.0	1	0 4
37	1	0.0	1	1
38	4	0.0	1	1 3
39	3	0.0	1	0 3
40	1	0.0	1	0 1
41	1	0.0	1	1
42	2	0.0	1	0 2
43	1	0.0	1	1
45	1	0.0	1	0 1
46	2	0.0	1	2
47	4	0.0	1	1 3
48	1	0.0	1	0 1
51	1	0.0	1	0 1
52	1	0.0	1	0 1
53	4	0.0	1	0 4
57	2	0.0	1	0 2
58	7	0.0	1	0 7
61	2	0.0	1	0 2


=== Second read: Adapter 2 ===

Sequence: GGACTACNVGGGTWTCTAAT; Type: regular 5'; Length: 20; Trimmed: 427875 times

Minimum overlap: 3
No. of allowed errors:
1-9 bp: 0; 10-19 bp: 1

Overview of removed sequences
length	count	expect	max.err	error counts
3	6	17854.8	0	6
10	1	1.1	1	0 1
11	3	0.3	1	3
12	4	0.1	1	2 2
13	11	0.0	1	9 2
14	3	0.0	1	3
15	2	0.0	1	0 2
16	10	0.0	1	5 5
17	5	0.0	1	3 2
18	17	0.0	1	13 4
19	30	0.0	1	14 16
20	742	0.0	1	662 80
21	17925	0.0	1	2026 15899
22	407579	0.0	1	395423 12156
23	1515	0.0	1	775 740
24	5	0.0	1	3 2
26	2	0.0	1	2
27	1	0.0	1	1
28	1	0.0	1	1
30	2	0.0	1	1 1
31	3	0.0	1	3
33	3	0.0	1	3
38	1	0.0	1	1
47	2	0.0	1	2
55	2	0.0	1	1 1
Running cutadapt on: 2024_Warm06_Null_G45_gill_S271
This is cutadapt 5.2 with Python 3.13.15
Command line parameters: -j 6 -g GTGYCAGCMGCCGCGGTAA -G GGACTACNVGGGTWTCTAAT -o /scratch4/workspace/jade_fiorilla_student_uml_edu-rawseqorcc/trimmed-cutadapt-fastp/2024_Warm06_Null_G45_gill_S271_R1_trim.fastq -p /scratch4/workspace/jade_fiorilla_student_uml_edu-rawseqorcc/trimmed-cutadapt-fastp/2024_Warm06_Null_G45_gill_S271_R2_trim.fastq /scratch4/workspace/jade_fiorilla_student_uml_edu-rawseqorcc/trimmed-fastp/2024_Warm06_Null_G45_gill_S271_R1_trim.fastq.gz /scratch4/workspace/jade_fiorilla_student_uml_edu-rawseqorcc/trimmed-fastp/2024_Warm06_Null_G45_gill_S271_R2_trim.fastq.gz
Processing paired-end reads on 6 cores ...

=== Summary ===

Total read pairs processed:            786,615
  Read 1 with adapter:                 711,262 (90.4%)
  Read 2 with adapter:                 623,756 (79.3%)
Pairs written (passing filters):       786,615 (100.0%)

Total basepairs processed:   374,180,642 bp
  Read 1:   187,127,512 bp
  Read 2:   187,053,130 bp
Total written (filtered):    346,855,543 bp (92.7%)
  Read 1:   172,901,353 bp
  Read 2:   173,954,190 bp

=== First read: Adapter 1 ===

Sequence: GTGYCAGCMGCCGCGGTAA; Type: regular 5'; Length: 19; Trimmed: 711262 times

Minimum overlap: 3
No. of allowed errors:
1-9 bp: 0; 10-19 bp: 1

Overview of removed sequences
length	count	expect	max.err	error counts
3	3	12290.9	0	3
9	2	3.0	0	2
10	1	0.8	1	1
11	2	0.2	1	2
12	36	0.0	1	24 12
13	3	0.0	1	2 1
14	14	0.0	1	2 12
15	2	0.0	1	0 2
16	17	0.0	1	13 4
17	23	0.0	1	11 12
18	78	0.0	1	37 41
19	2632	0.0	1	691 1941
20	705237	0.0	1	598724 106513
21	2571	0.0	1	1154 1417
22	597	0.0	1	526 71
23	5	0.0	1	1 4
24	5	0.0	1	4 1
25	2	0.0	1	2
26	1	0.0	1	1
27	4	0.0	1	3 1
28	2	0.0	1	2
29	1	0.0	1	1
31	2	0.0	1	0 2
32	2	0.0	1	2
34	1	0.0	1	1
35	3	0.0	1	3
36	2	0.0	1	2
37	2	0.0	1	2
38	2	0.0	1	1 1
41	1	0.0	1	1
42	1	0.0	1	1
43	3	0.0	1	3
46	1	0.0	1	1
52	1	0.0	1	1
54	3	0.0	1	0 3


=== Second read: Adapter 2 ===

Sequence: GGACTACNVGGGTWTCTAAT; Type: regular 5'; Length: 20; Trimmed: 623756 times

Minimum overlap: 3
No. of allowed errors:
1-9 bp: 0; 10-19 bp: 1

Overview of removed sequences
length	count	expect	max.err	error counts
3	1	12290.9	0	1
11	2	0.2	1	1 1
12	4	0.0	1	3 1
13	1	0.0	1	1
14	7	0.0	1	3 4
15	7	0.0	1	1 6
16	5	0.0	1	3 2
17	8	0.0	1	5 3
18	17	0.0	1	16 1
19	47	0.0	1	24 23
20	3223	0.0	1	662 2561
21	617389	0.0	1	596329 21060
22	2634	0.0	1	1381 1253
23	381	0.0	1	354 27
24	5	0.0	1	0 5
25	1	0.0	1	1
26	3	0.0	1	3
27	4	0.0	1	3 1
28	1	0.0	1	0 1
29	1	0.0	1	0 1
31	3	0.0	1	2 1
32	5	0.0	1	3 2
34	1	0.0	1	1
35	2	0.0	1	2
36	3	0.0	1	2 1
43	1	0.0	1	1
Running cutadapt on: 2024_Warm06_Null_G45_gut_S92
This is cutadapt 5.2 with Python 3.13.15
Command line parameters: -j 6 -g GTGYCAGCMGCCGCGGTAA -G GGACTACNVGGGTWTCTAAT -o /scratch4/workspace/jade_fiorilla_student_uml_edu-rawseqorcc/trimmed-cutadapt-fastp/2024_Warm06_Null_G45_gut_S92_R1_trim.fastq -p /scratch4/workspace/jade_fiorilla_student_uml_edu-rawseqorcc/trimmed-cutadapt-fastp/2024_Warm06_Null_G45_gut_S92_R2_trim.fastq /scratch4/workspace/jade_fiorilla_student_uml_edu-rawseqorcc/trimmed-fastp/2024_Warm06_Null_G45_gut_S92_R1_trim.fastq.gz /scratch4/workspace/jade_fiorilla_student_uml_edu-rawseqorcc/trimmed-fastp/2024_Warm06_Null_G45_gut_S92_R2_trim.fastq.gz
Processing paired-end reads on 6 cores ...

=== Summary ===

Total read pairs processed:          1,189,290
  Read 1 with adapter:               1,152,871 (96.9%)
  Read 2 with adapter:               1,137,731 (95.7%)
Pairs written (passing filters):     1,189,290 (100.0%)

Total basepairs processed:   678,153,504 bp
  Read 1:   339,085,883 bp
  Read 2:   339,067,621 bp
Total written (filtered):    628,929,418 bp (92.7%)
  Read 1:   314,884,042 bp
  Read 2:   314,045,376 bp

=== First read: Adapter 1 ===

Sequence: GTGYCAGCMGCCGCGGTAA; Type: regular 5'; Length: 19; Trimmed: 1152871 times

Minimum overlap: 3
No. of allowed errors:
1-9 bp: 0; 10-19 bp: 1

Overview of removed sequences
length	count	expect	max.err	error counts
3	13	18582.7	0	13
12	37	0.1	1	36 1
13	3	0.0	1	3
14	9	0.0	1	5 4
15	9	0.0	1	4 5
16	24	0.0	1	18 6
17	12	0.0	1	8 4
18	69	0.0	1	50 19
19	2622	0.0	1	1234 1388
20	6761	0.0	1	3000 3761
21	1139599	0.0	1	1100033 39566
22	3626	0.0	1	1782 1844
23	11	0.0	1	9 2
24	8	0.0	1	8
25	4	0.0	1	4
26	2	0.0	1	1 1
27	1	0.0	1	1
28	2	0.0	1	2
29	6	0.0	1	4 2
30	5	0.0	1	5
31	2	0.0	1	2
32	2	0.0	1	1 1
33	3	0.0	1	1 2
34	9	0.0	1	8 1
35	6	0.0	1	4 2
37	6	0.0	1	6
38	2	0.0	1	2
39	2	0.0	1	2
40	1	0.0	1	1
41	1	0.0	1	1
42	2	0.0	1	2
43	5	0.0	1	5
44	1	0.0	1	1
45	4	0.0	1	3 1
56	1	0.0	1	0 1
58	1	0.0	1	1


=== Second read: Adapter 2 ===

Sequence: GGACTACNVGGGTWTCTAAT; Type: regular 5'; Length: 20; Trimmed: 1137731 times

Minimum overlap: 3
No. of allowed errors:
1-9 bp: 0; 10-19 bp: 1

Overview of removed sequences
length	count	expect	max.err	error counts
3	6	18582.7	0	6
8	3	18.1	0	3
10	6	1.1	1	6
11	5	0.3	1	5
12	4	0.1	1	2 2
13	9	0.0	1	7 2
14	15	0.0	1	9 6
15	17	0.0	1	7 10
16	28	0.0	1	18 10
17	23	0.0	1	16 7
18	51	0.0	1	41 10
19	72	0.0	1	45 27
20	1007	0.0	1	889 118
21	8243	0.0	1	2474 5769
22	1124964	0.0	1	1100327 24637
23	3218	0.0	1	1487 1731
24	9	0.0	1	8 1
25	6	0.0	1	1 5
26	10	0.0	1	10
27	1	0.0	1	1
28	4	0.0	1	3 1
30	2	0.0	1	2
31	4	0.0	1	3 1
32	4	0.0	1	4
33	3	0.0	1	3
34	1	0.0	1	1
36	3	0.0	1	2 1
37	1	0.0	1	1
38	1	0.0	1	0 1
39	1	0.0	1	1
40	3	0.0	1	3
41	1	0.0	1	1
43	1	0.0	1	1
45	3	0.0	1	3
48	1	0.0	1	1
49	1	0.0	1	1
Running cutadapt on: 2024_Warm06_Warm03_G36_gill_S95
This is cutadapt 5.2 with Python 3.13.15
Command line parameters: -j 6 -g GTGYCAGCMGCCGCGGTAA -G GGACTACNVGGGTWTCTAAT -o /scratch4/workspace/jade_fiorilla_student_uml_edu-rawseqorcc/trimmed-cutadapt-fastp/2024_Warm06_Warm03_G36_gill_S95_R1_trim.fastq -p /scratch4/workspace/jade_fiorilla_student_uml_edu-rawseqorcc/trimmed-cutadapt-fastp/2024_Warm06_Warm03_G36_gill_S95_R2_trim.fastq /scratch4/workspace/jade_fiorilla_student_uml_edu-rawseqorcc/trimmed-fastp/2024_Warm06_Warm03_G36_gill_S95_R1_trim.fastq.gz /scratch4/workspace/jade_fiorilla_student_uml_edu-rawseqorcc/trimmed-fastp/2024_Warm06_Warm03_G36_gill_S95_R2_trim.fastq.gz
Processing paired-end reads on 6 cores ...

=== Summary ===

Total read pairs processed:          1,934,707
  Read 1 with adapter:               1,445,494 (74.7%)
  Read 2 with adapter:               1,109,591 (57.4%)
Pairs written (passing filters):     1,934,707 (100.0%)

Total basepairs processed:   673,473,338 bp
  Read 1:   336,934,140 bp
  Read 2:   336,539,198 bp
Total written (filtered):    618,817,317 bp (91.9%)
  Read 1:   306,629,420 bp
  Read 2:   312,187,897 bp

=== First read: Adapter 1 ===

Sequence: GTGYCAGCMGCCGCGGTAA; Type: regular 5'; Length: 19; Trimmed: 1445494 times

Minimum overlap: 3
No. of allowed errors:
1-9 bp: 0; 10-19 bp: 1

Overview of removed sequences
length	count	expect	max.err	error counts
3	43	30229.8	0	43
9	1	7.4	0	1
10	1	1.8	1	1
11	1	0.5	1	0 1
12	42	0.1	1	32 10
13	13	0.0	1	5 8
14	13	0.0	1	8 5
15	15	0.0	1	8 7
16	24	0.0	1	13 11
17	36	0.0	1	20 16
18	130	0.0	1	58 72
19	21386	0.0	1	18928 2458
20	11215	0.0	1	7033 4182
21	1408602	0.0	1	963488 445114
22	3851	0.0	1	1665 2186
23	14	0.0	1	11 3
24	2	0.0	1	1 1
25	3	0.0	1	3
26	4	0.0	1	1 3
27	5	0.0	1	4 1
28	6	0.0	1	2 4
29	8	0.0	1	2 6
30	4	0.0	1	1 3
31	3	0.0	1	2 1
32	3	0.0	1	2 1
33	7	0.0	1	6 1
34	7	0.0	1	2 5
35	6	0.0	1	5 1
36	5	0.0	1	4 1
37	4	0.0	1	3 1
38	13	0.0	1	10 3
39	1	0.0	1	1
40	6	0.0	1	3 3
41	4	0.0	1	4
42	2	0.0	1	1 1
43	1	0.0	1	0 1
44	2	0.0	1	2
45	1	0.0	1	0 1
47	1	0.0	1	0 1
50	1	0.0	1	1
53	1	0.0	1	0 1
55	1	0.0	1	0 1
57	5	0.0	1	0 5
60	1	0.0	1	0 1


=== Second read: Adapter 2 ===

Sequence: GGACTACNVGGGTWTCTAAT; Type: regular 5'; Length: 20; Trimmed: 1109591 times

Minimum overlap: 3
No. of allowed errors:
1-9 bp: 0; 10-19 bp: 1

Overview of removed sequences
length	count	expect	max.err	error counts
3	17	30229.8	0	17
4	3	7557.4	0	3
10	6	1.8	1	6
11	4	0.5	1	4
12	11	0.1	1	7 4
13	19	0.0	1	19
14	33	0.0	1	15 18
15	22	0.0	1	4 18
16	18	0.0	1	9 9
17	27	0.0	1	16 11
18	74	0.0	1	52 22
19	177	0.0	1	58 119
20	22476	0.0	1	21780 696
21	22469	0.0	1	6484 15985
22	1054829	0.0	1	1011858 42971
23	9346	0.0	1	1531 7815
24	12	0.0	1	5 7
25	4	0.0	1	4
26	3	0.0	1	3
27	2	0.0	1	1 1
28	2	0.0	1	2
29	2	0.0	1	2
30	4	0.0	1	4
31	5	0.0	1	4 1
32	3	0.0	1	2 1
33	1	0.0	1	1
34	1	0.0	1	1
36	7	0.0	1	6 1
38	1	0.0	1	1
39	3	0.0	1	3
42	2	0.0	1	2
44	3	0.0	1	3
47	2	0.0	1	2
49	1	0.0	1	1
59	2	0.0	1	2
Running cutadapt on: 2024_Warm06_Warm03_G36_gut_S25
This is cutadapt 5.2 with Python 3.13.15
Command line parameters: -j 6 -g GTGYCAGCMGCCGCGGTAA -G GGACTACNVGGGTWTCTAAT -o /scratch4/workspace/jade_fiorilla_student_uml_edu-rawseqorcc/trimmed-cutadapt-fastp/2024_Warm06_Warm03_G36_gut_S25_R1_trim.fastq -p /scratch4/workspace/jade_fiorilla_student_uml_edu-rawseqorcc/trimmed-cutadapt-fastp/2024_Warm06_Warm03_G36_gut_S25_R2_trim.fastq /scratch4/workspace/jade_fiorilla_student_uml_edu-rawseqorcc/trimmed-fastp/2024_Warm06_Warm03_G36_gut_S25_R1_trim.fastq.gz /scratch4/workspace/jade_fiorilla_student_uml_edu-rawseqorcc/trimmed-fastp/2024_Warm06_Warm03_G36_gut_S25_R2_trim.fastq.gz
Processing paired-end reads on 6 cores ...

=== Summary ===

Total read pairs processed:            948,680
  Read 1 with adapter:                 820,438 (86.5%)
  Read 2 with adapter:                 687,433 (72.5%)
Pairs written (passing filters):       948,680 (100.0%)

Total basepairs processed:   417,719,699 bp
  Read 1:   208,935,870 bp
  Read 2:   208,783,829 bp
Total written (filtered):    386,872,692 bp (92.6%)
  Read 1:   192,525,099 bp
  Read 2:   194,347,593 bp

=== First read: Adapter 1 ===

Sequence: GTGYCAGCMGCCGCGGTAA; Type: regular 5'; Length: 19; Trimmed: 820438 times

Minimum overlap: 3
No. of allowed errors:
1-9 bp: 0; 10-19 bp: 1

Overview of removed sequences
length	count	expect	max.err	error counts
3	8	14823.1	0	8
10	3	0.9	1	0 3
11	4	0.2	1	3 1
12	54	0.1	1	43 11
13	5	0.0	1	5
14	10	0.0	1	7 3
15	9	0.0	1	2 7
16	24	0.0	1	18 6
17	26	0.0	1	9 17
18	110	0.0	1	49 61
19	5106	0.0	1	1120 3986
20	809280	0.0	1	667694 141586
21	4131	0.0	1	1838 2293
22	1595	0.0	1	1300 295
23	9	0.0	1	5 4
24	2	0.0	1	1 1
25	5	0.0	1	4 1
26	6	0.0	1	3 3
28	2	0.0	1	1 1
29	4	0.0	1	4
30	1	0.0	1	1
31	3	0.0	1	2 1
32	2	0.0	1	0 2
33	3	0.0	1	2 1
34	4	0.0	1	4
35	3	0.0	1	3
36	6	0.0	1	4 2
37	4	0.0	1	4
39	1	0.0	1	1
40	5	0.0	1	5
41	6	0.0	1	5 1
42	1	0.0	1	0 1
45	3	0.0	1	2 1
49	1	0.0	1	1
57	2	0.0	1	0 2


=== Second read: Adapter 2 ===

Sequence: GGACTACNVGGGTWTCTAAT; Type: regular 5'; Length: 20; Trimmed: 687433 times

Minimum overlap: 3
No. of allowed errors:
1-9 bp: 0; 10-19 bp: 1

Overview of removed sequences
length	count	expect	max.err	error counts
3	8	14823.1	0	8
11	1	0.2	1	0 1
12	2	0.1	1	2
13	5	0.0	1	4 1
14	16	0.0	1	9 7
15	8	0.0	1	3 5
16	15	0.0	1	7 8
17	4	0.0	1	4
18	15	0.0	1	9 6
19	58	0.0	1	40 18
20	3482	0.0	1	766 2716
21	680477	0.0	1	670373 10104
22	2644	0.0	1	1263 1381
23	669	0.0	1	629 40
24	7	0.0	1	3 4
25	5	0.0	1	3 2
26	4	0.0	1	4
29	1	0.0	1	1
32	1	0.0	1	1
34	2	0.0	1	2
36	1	0.0	1	1
37	4	0.0	1	4
38	2	0.0	1	2
45	2	0.0	1	2
Running cutadapt on: 2024_Warm06_Warm04_G48_gill_S26
This is cutadapt 5.2 with Python 3.13.15
Command line parameters: -j 6 -g GTGYCAGCMGCCGCGGTAA -G GGACTACNVGGGTWTCTAAT -o /scratch4/workspace/jade_fiorilla_student_uml_edu-rawseqorcc/trimmed-cutadapt-fastp/2024_Warm06_Warm04_G48_gill_S26_R1_trim.fastq -p /scratch4/workspace/jade_fiorilla_student_uml_edu-rawseqorcc/trimmed-cutadapt-fastp/2024_Warm06_Warm04_G48_gill_S26_R2_trim.fastq /scratch4/workspace/jade_fiorilla_student_uml_edu-rawseqorcc/trimmed-fastp/2024_Warm06_Warm04_G48_gill_S26_R1_trim.fastq.gz /scratch4/workspace/jade_fiorilla_student_uml_edu-rawseqorcc/trimmed-fastp/2024_Warm06_Warm04_G48_gill_S26_R2_trim.fastq.gz
Processing paired-end reads on 6 cores ...

=== Summary ===

Total read pairs processed:            823,613
  Read 1 with adapter:                 609,605 (74.0%)
  Read 2 with adapter:                 405,863 (49.3%)
Pairs written (passing filters):       823,613 (100.0%)

Total basepairs processed:   256,973,359 bp
  Read 1:   128,588,097 bp
  Read 2:   128,385,262 bp
Total written (filtered):    236,256,590 bp (91.9%)
  Read 1:   116,394,648 bp
  Read 2:   119,861,942 bp

=== First read: Adapter 1 ===

Sequence: GTGYCAGCMGCCGCGGTAA; Type: regular 5'; Length: 19; Trimmed: 609605 times

Minimum overlap: 3
No. of allowed errors:
1-9 bp: 0; 10-19 bp: 1

Overview of removed sequences
length	count	expect	max.err	error counts
3	7	12869.0	0	7
9	3	3.1	0	3
10	2	0.8	1	2
12	47	0.0	1	32 15
13	4	0.0	1	2 2
14	6	0.0	1	4 2
15	2	0.0	1	1 1
16	27	0.0	1	15 12
17	14	0.0	1	4 10
18	86	0.0	1	42 44
19	5294	0.0	1	1708 3586
20	599034	0.0	1	386141 212893
21	3544	0.0	1	2017 1527
22	1458	0.0	1	1234 224
23	10	0.0	1	5 5
24	1	0.0	1	0 1
25	3	0.0	1	3
26	8	0.0	1	8
27	3	0.0	1	2 1
28	1	0.0	1	1
29	1	0.0	1	0 1
30	4	0.0	1	4
32	3	0.0	1	2 1
33	3	0.0	1	2 1
35	2	0.0	1	1 1
36	2	0.0	1	2
37	18	0.0	1	3 15
39	1	0.0	1	0 1
43	1	0.0	1	1
44	4	0.0	1	1 3
46	1	0.0	1	0 1
47	1	0.0	1	1
49	3	0.0	1	0 3
52	6	0.0	1	4 2
59	1	0.0	1	0 1


=== Second read: Adapter 2 ===

Sequence: GGACTACNVGGGTWTCTAAT; Type: regular 5'; Length: 20; Trimmed: 405863 times

Minimum overlap: 3
No. of allowed errors:
1-9 bp: 0; 10-19 bp: 1

Overview of removed sequences
length	count	expect	max.err	error counts
3	4	12869.0	0	4
11	1	0.2	1	0 1
14	10	0.0	1	7 3
15	6	0.0	1	1 5
16	6	0.0	1	5 1
17	6	0.0	1	3 3
18	15	0.0	1	14 1
19	22	0.0	1	15 7
20	2740	0.0	1	962 1778
21	400527	0.0	1	389165 11362
22	1981	0.0	1	1151 830
23	519	0.0	1	488 31
24	4	0.0	1	4
26	2	0.0	1	2
27	4	0.0	1	4
28	2	0.0	1	2
29	5	0.0	1	3 2
31	2	0.0	1	2
32	1	0.0	1	1
33	1	0.0	1	1
39	1	0.0	1	1
43	4	0.0	1	4
Running cutadapt on: 2024_Warm06_Warm04_G48_gut_S27
This is cutadapt 5.2 with Python 3.13.15
Command line parameters: -j 6 -g GTGYCAGCMGCCGCGGTAA -G GGACTACNVGGGTWTCTAAT -o /scratch4/workspace/jade_fiorilla_student_uml_edu-rawseqorcc/trimmed-cutadapt-fastp/2024_Warm06_Warm04_G48_gut_S27_R1_trim.fastq -p /scratch4/workspace/jade_fiorilla_student_uml_edu-rawseqorcc/trimmed-cutadapt-fastp/2024_Warm06_Warm04_G48_gut_S27_R2_trim.fastq /scratch4/workspace/jade_fiorilla_student_uml_edu-rawseqorcc/trimmed-fastp/2024_Warm06_Warm04_G48_gut_S27_R1_trim.fastq.gz /scratch4/workspace/jade_fiorilla_student_uml_edu-rawseqorcc/trimmed-fastp/2024_Warm06_Warm04_G48_gut_S27_R2_trim.fastq.gz
Processing paired-end reads on 6 cores ...

=== Summary ===

Total read pairs processed:            916,839
  Read 1 with adapter:                 772,248 (84.2%)
  Read 2 with adapter:                 626,806 (68.4%)
Pairs written (passing filters):       916,839 (100.0%)

Total basepairs processed:   381,995,585 bp
  Read 1:   191,073,229 bp
  Read 2:   190,922,356 bp
Total written (filtered):    353,389,282 bp (92.5%)
  Read 1:   175,628,666 bp
  Read 2:   177,760,616 bp

=== First read: Adapter 1 ===

Sequence: GTGYCAGCMGCCGCGGTAA; Type: regular 5'; Length: 19; Trimmed: 772248 times

Minimum overlap: 3
No. of allowed errors:
1-9 bp: 0; 10-19 bp: 1

Overview of removed sequences
length	count	expect	max.err	error counts
9	4	3.5	0	4
10	1	0.9	1	1
11	1	0.2	1	1
12	42	0.1	1	21 21
13	2	0.0	1	2
14	6	0.0	1	4 2
15	6	0.0	1	4 2
16	29	0.0	1	16 13
17	21	0.0	1	8 13
18	100	0.0	1	44 56
19	6714	0.0	1	2213 4501
20	759452	0.0	1	590893 168559
21	5123	0.0	1	2534 2589
22	703	0.0	1	573 130
23	3	0.0	1	2 1
24	2	0.0	1	1 1
25	1	0.0	1	1
26	1	0.0	1	0 1
28	3	0.0	1	3
29	3	0.0	1	3
31	4	0.0	1	4
32	4	0.0	1	2 2
33	1	0.0	1	1
34	3	0.0	1	3
36	5	0.0	1	1 4
37	1	0.0	1	0 1
38	3	0.0	1	3
41	1	0.0	1	0 1
44	1	0.0	1	1
45	1	0.0	1	1
46	3	0.0	1	0 3
48	2	0.0	1	2
52	1	0.0	1	0 1
53	1	0.0	1	0 1


=== Second read: Adapter 2 ===

Sequence: GGACTACNVGGGTWTCTAAT; Type: regular 5'; Length: 20; Trimmed: 626806 times

Minimum overlap: 3
No. of allowed errors:
1-9 bp: 0; 10-19 bp: 1

Overview of removed sequences
length	count	expect	max.err	error counts
3	5	14325.6	0	5
8	1	14.0	0	1
9	1	3.5	0	1
12	3	0.1	1	3
13	8	0.0	1	8
14	14	0.0	1	5 9
15	7	0.0	1	4 3
16	15	0.0	1	10 5
17	13	0.0	1	10 3
18	18	0.0	1	11 7
19	52	0.0	1	34 18
20	3879	0.0	1	1206 2673
21	619868	0.0	1	607597 12271
22	2643	0.0	1	1527 1116
23	252	0.0	1	213 39
24	8	0.0	1	2 6
25	7	0.0	1	4 3
26	2	0.0	1	2
27	1	0.0	1	1
28	4	0.0	1	4
30	2	0.0	1	2
32	1	0.0	1	0 1
41	1	0.0	1	1
53	1	0.0	1	1
Running cutadapt on: negative_control_NA_S267
This is cutadapt 5.2 with Python 3.13.15
Command line parameters: -j 6 -g GTGYCAGCMGCCGCGGTAA -G GGACTACNVGGGTWTCTAAT -o /scratch4/workspace/jade_fiorilla_student_uml_edu-rawseqorcc/trimmed-cutadapt-fastp/negative_control_NA_S267_R1_trim.fastq -p /scratch4/workspace/jade_fiorilla_student_uml_edu-rawseqorcc/trimmed-cutadapt-fastp/negative_control_NA_S267_R2_trim.fastq /scratch4/workspace/jade_fiorilla_student_uml_edu-rawseqorcc/trimmed-fastp/negative_control_NA_S267_R1_trim.fastq.gz /scratch4/workspace/jade_fiorilla_student_uml_edu-rawseqorcc/trimmed-fastp/negative_control_NA_S267_R2_trim.fastq.gz
Processing paired-end reads on 6 cores ...

=== Summary ===

Total read pairs processed:            290,285
  Read 1 with adapter:                 239,731 (82.6%)
  Read 2 with adapter:                 216,491 (74.6%)
Pairs written (passing filters):       290,285 (100.0%)

Total basepairs processed:   123,585,130 bp
  Read 1:    61,809,449 bp
  Read 2:    61,775,681 bp
Total written (filtered):    113,792,640 bp (92.1%)
  Read 1:    56,776,872 bp
  Read 2:    57,015,768 bp

=== First read: Adapter 1 ===

Sequence: GTGYCAGCMGCCGCGGTAA; Type: regular 5'; Length: 19; Trimmed: 239731 times

Minimum overlap: 3
No. of allowed errors:
1-9 bp: 0; 10-19 bp: 1

Overview of removed sequences
length	count	expect	max.err	error counts
9	2	1.1	0	2
12	7	0.0	1	7
13	3	0.0	1	3
14	2	0.0	1	1 1
16	3	0.0	1	3
18	17	0.0	1	11 6
19	395	0.0	1	368 27
20	1712	0.0	1	1079 633
21	236833	0.0	1	189872 46961
22	743	0.0	1	424 319
23	2	0.0	1	1 1
25	2	0.0	1	0 2
30	1	0.0	1	1
33	3	0.0	1	3
35	1	0.0	1	1
36	3	0.0	1	2 1
51	2	0.0	1	0 2


=== Second read: Adapter 2 ===

Sequence: GGACTACNVGGGTWTCTAAT; Type: regular 5'; Length: 20; Trimmed: 216491 times

Minimum overlap: 3
No. of allowed errors:
1-9 bp: 0; 10-19 bp: 1

Overview of removed sequences
length	count	expect	max.err	error counts
3	2	4535.7	0	2
11	2	0.1	1	2
12	7	0.0	1	4 3
14	1	0.0	1	0 1
17	6	0.0	1	4 2
18	6	0.0	1	3 3
19	12	0.0	1	9 3
20	160	0.0	1	129 31
21	2936	0.0	1	1698 1238
22	212790	0.0	1	193819 18971
23	561	0.0	1	280 281
24	3	0.0	1	1 2
25	1	0.0	1	0 1
27	1	0.0	1	0 1
28	2	0.0	1	2
30	1	0.0	1	1
Running cutadapt on: Pooled_negative_rack1_NA_S94
This is cutadapt 5.2 with Python 3.13.15
Command line parameters: -j 6 -g GTGYCAGCMGCCGCGGTAA -G GGACTACNVGGGTWTCTAAT -o /scratch4/workspace/jade_fiorilla_student_uml_edu-rawseqorcc/trimmed-cutadapt-fastp/Pooled_negative_rack1_NA_S94_R1_trim.fastq -p /scratch4/workspace/jade_fiorilla_student_uml_edu-rawseqorcc/trimmed-cutadapt-fastp/Pooled_negative_rack1_NA_S94_R2_trim.fastq /scratch4/workspace/jade_fiorilla_student_uml_edu-rawseqorcc/trimmed-fastp/Pooled_negative_rack1_NA_S94_R1_trim.fastq.gz /scratch4/workspace/jade_fiorilla_student_uml_edu-rawseqorcc/trimmed-fastp/Pooled_negative_rack1_NA_S94_R2_trim.fastq.gz
Processing paired-end reads on 6 cores ...

=== Summary ===

Total read pairs processed:            268,825
  Read 1 with adapter:                 151,418 (56.3%)
  Read 2 with adapter:                  18,944 (7.0%)
Pairs written (passing filters):       268,825 (100.0%)

Total basepairs processed:    20,919,154 bp
  Read 1:    10,502,934 bp
  Read 2:    10,416,220 bp
Total written (filtered):     17,526,396 bp (83.8%)
  Read 1:     7,515,080 bp
  Read 2:    10,011,316 bp

=== First read: Adapter 1 ===

Sequence: GTGYCAGCMGCCGCGGTAA; Type: regular 5'; Length: 19; Trimmed: 151418 times

Minimum overlap: 3
No. of allowed errors:
1-9 bp: 0; 10-19 bp: 1

Overview of removed sequences
length	count	expect	max.err	error counts
3	166	4200.4	0	166
4	1	1050.1	0	1
12	8	0.0	1	3 5
13	1	0.0	1	1
14	2	0.0	1	1 1
17	10	0.0	1	0 10
18	64	0.0	1	0 64
19	99964	0.0	1	3552 96412
20	2989	0.0	1	1852 1137
21	33984	0.0	1	7667 26317
22	14208	0.0	1	1542 12666
23	14	0.0	1	1 13
24	1	0.0	1	0 1
31	1	0.0	1	0 1
33	2	0.0	1	0 2
34	1	0.0	1	0 1
36	1	0.0	1	0 1
44	1	0.0	1	0 1


=== Second read: Adapter 2 ===

Sequence: GGACTACNVGGGTWTCTAAT; Type: regular 5'; Length: 20; Trimmed: 18944 times

Minimum overlap: 3
No. of allowed errors:
1-9 bp: 0; 10-19 bp: 1

Overview of removed sequences
length	count	expect	max.err	error counts
3	183	4200.4	0	183
17	1	0.0	1	0 1
18	1	0.0	1	0 1
19	123	0.0	1	2 121
20	4049	0.0	1	3206 843
21	1437	0.0	1	1182 255
22	11628	0.0	1	10515 1113
23	1518	0.0	1	1199 319
24	4	0.0	1	1 3
Running cutadapt on: Pooled_negative_rack2_NA_S190
This is cutadapt 5.2 with Python 3.13.15
Command line parameters: -j 6 -g GTGYCAGCMGCCGCGGTAA -G GGACTACNVGGGTWTCTAAT -o /scratch4/workspace/jade_fiorilla_student_uml_edu-rawseqorcc/trimmed-cutadapt-fastp/Pooled_negative_rack2_NA_S190_R1_trim.fastq -p /scratch4/workspace/jade_fiorilla_student_uml_edu-rawseqorcc/trimmed-cutadapt-fastp/Pooled_negative_rack2_NA_S190_R2_trim.fastq /scratch4/workspace/jade_fiorilla_student_uml_edu-rawseqorcc/trimmed-fastp/Pooled_negative_rack2_NA_S190_R1_trim.fastq.gz /scratch4/workspace/jade_fiorilla_student_uml_edu-rawseqorcc/trimmed-fastp/Pooled_negative_rack2_NA_S190_R2_trim.fastq.gz
Processing paired-end reads on 6 cores ...

=== Summary ===

Total read pairs processed:          2,857,380
  Read 1 with adapter:                 878,140 (30.7%)
  Read 2 with adapter:                 114,264 (4.0%)
Pairs written (passing filters):     2,857,380 (100.0%)

Total basepairs processed:   179,477,119 bp
  Read 1:    90,308,912 bp
  Read 2:    89,168,207 bp
Total written (filtered):    159,541,984 bp (88.9%)
  Read 1:    72,012,434 bp
  Read 2:    87,529,550 bp

=== First read: Adapter 1 ===

Sequence: GTGYCAGCMGCCGCGGTAA; Type: regular 5'; Length: 19; Trimmed: 878140 times

Minimum overlap: 3
No. of allowed errors:
1-9 bp: 0; 10-19 bp: 1

Overview of removed sequences
length	count	expect	max.err	error counts
3	37473	44646.6	0	37473
4	17	11161.6	0	17
10	2	2.7	1	0 2
11	1	0.7	1	0 1
12	112	0.2	1	3 109
13	14	0.0	1	1 13
14	5	0.0	1	0 5
15	12	0.0	1	0 12
16	42	0.0	1	2 40
17	30	0.0	1	1 29
18	98	0.0	1	8 90
19	11908	0.0	1	8610 3298
20	88540	0.0	1	11149 77391
21	97326	0.0	1	10528 86798
22	641935	0.0	1	10859 631076
23	526	0.0	1	15 511
24	7	0.0	1	0 7
25	6	0.0	1	1 5
26	3	0.0	1	0 3
27	4	0.0	1	0 4
28	5	0.0	1	0 5
29	4	0.0	1	0 4
30	1	0.0	1	0 1
31	3	0.0	1	0 3
32	1	0.0	1	0 1
33	4	0.0	1	0 4
34	3	0.0	1	0 3
37	6	0.0	1	0 6
38	9	0.0	1	0 9
39	5	0.0	1	0 5
40	1	0.0	1	0 1
41	11	0.0	1	0 11
43	2	0.0	1	0 2
44	3	0.0	1	0 3
45	6	0.0	1	0 6
46	2	0.0	1	0 2
47	1	0.0	1	0 1
48	1	0.0	1	0 1
49	1	0.0	1	0 1
52	3	0.0	1	0 3
53	3	0.0	1	0 3
57	2	0.0	1	0 2
58	1	0.0	1	0 1
62	1	0.0	1	0 1


=== Second read: Adapter 2 ===

Sequence: GGACTACNVGGGTWTCTAAT; Type: regular 5'; Length: 20; Trimmed: 114264 times

Minimum overlap: 3
No. of allowed errors:
1-9 bp: 0; 10-19 bp: 1

Overview of removed sequences
length	count	expect	max.err	error counts
3	45878	44646.6	0	45878
4	6	11161.6	0	6
5	1	2790.4	0	1
13	1	0.0	1	1
16	1	0.0	1	1
17	2	0.0	1	1 1
18	6	0.0	1	3 3
19	63	0.0	1	7 56
20	9613	0.0	1	9132 481
21	13234	0.0	1	10644 2590
22	16224	0.0	1	11911 4313
23	29144	0.0	1	23477 5667
24	87	0.0	1	23 64
26	1	0.0	1	1
28	1	0.0	1	1
31	1	0.0	1	0 1
39	1	0.0	1	1
Running cutadapt on: Pooled_negative_rack3_2_NA_S279
This is cutadapt 5.2 with Python 3.13.15
Command line parameters: -j 6 -g GTGYCAGCMGCCGCGGTAA -G GGACTACNVGGGTWTCTAAT -o /scratch4/workspace/jade_fiorilla_student_uml_edu-rawseqorcc/trimmed-cutadapt-fastp/Pooled_negative_rack3_2_NA_S279_R1_trim.fastq -p /scratch4/workspace/jade_fiorilla_student_uml_edu-rawseqorcc/trimmed-cutadapt-fastp/Pooled_negative_rack3_2_NA_S279_R2_trim.fastq /scratch4/workspace/jade_fiorilla_student_uml_edu-rawseqorcc/trimmed-fastp/Pooled_negative_rack3_2_NA_S279_R1_trim.fastq.gz /scratch4/workspace/jade_fiorilla_student_uml_edu-rawseqorcc/trimmed-fastp/Pooled_negative_rack3_2_NA_S279_R2_trim.fastq.gz
Processing paired-end reads on 6 cores ...

=== Summary ===

Total read pairs processed:              1,241
  Read 1 with adapter:                   1,147 (92.4%)
  Read 2 with adapter:                   1,054 (84.9%)
Pairs written (passing filters):         1,241 (100.0%)

Total basepairs processed:       653,749 bp
  Read 1:       326,657 bp
  Read 2:       327,092 bp
Total written (filtered):        609,683 bp (93.3%)
  Read 1:       304,102 bp
  Read 2:       305,581 bp

=== First read: Adapter 1 ===

Sequence: GTGYCAGCMGCCGCGGTAA; Type: regular 5'; Length: 19; Trimmed: 1147 times

Minimum overlap: 3
No. of allowed errors:
1-9 bp: 0; 10-19 bp: 1

Overview of removed sequences
length	count	expect	max.err	error counts
3	3	19.4	0	3
19	744	0.0	1	675 69
20	162	0.0	1	136 26
21	66	0.0	1	47 19
22	172	0.0	1	150 22


=== Second read: Adapter 2 ===

Sequence: GGACTACNVGGGTWTCTAAT; Type: regular 5'; Length: 20; Trimmed: 1054 times

Minimum overlap: 3
No. of allowed errors:
1-9 bp: 0; 10-19 bp: 1

Overview of removed sequences
length	count	expect	max.err	error counts
11	1	0.0	1	1
19	3	0.0	1	0 3
20	848	0.0	1	827 21
21	69	0.0	1	61 8
22	25	0.0	1	25
23	108	0.0	1	103 5
Running cutadapt on: Pooled_negative_rack3_3_NA_S281
This is cutadapt 5.2 with Python 3.13.15
Command line parameters: -j 6 -g GTGYCAGCMGCCGCGGTAA -G GGACTACNVGGGTWTCTAAT -o /scratch4/workspace/jade_fiorilla_student_uml_edu-rawseqorcc/trimmed-cutadapt-fastp/Pooled_negative_rack3_3_NA_S281_R1_trim.fastq -p /scratch4/workspace/jade_fiorilla_student_uml_edu-rawseqorcc/trimmed-cutadapt-fastp/Pooled_negative_rack3_3_NA_S281_R2_trim.fastq /scratch4/workspace/jade_fiorilla_student_uml_edu-rawseqorcc/trimmed-fastp/Pooled_negative_rack3_3_NA_S281_R1_trim.fastq.gz /scratch4/workspace/jade_fiorilla_student_uml_edu-rawseqorcc/trimmed-fastp/Pooled_negative_rack3_3_NA_S281_R2_trim.fastq.gz
Processing paired-end reads on 6 cores ...

=== Summary ===

Total read pairs processed:             42,854
  Read 1 with adapter:                  42,430 (99.0%)
  Read 2 with adapter:                  42,286 (98.7%)
Pairs written (passing filters):        42,854 (100.0%)

Total basepairs processed:    24,550,745 bp
  Read 1:    12,275,376 bp
  Read 2:    12,275,369 bp
Total written (filtered):     22,897,730 bp (93.3%)
  Read 1:    11,468,360 bp
  Read 2:    11,429,370 bp

=== First read: Adapter 1 ===

Sequence: GTGYCAGCMGCCGCGGTAA; Type: regular 5'; Length: 19; Trimmed: 42430 times

Minimum overlap: 3
No. of allowed errors:
1-9 bp: 0; 10-19 bp: 1

Overview of removed sequences
length	count	expect	max.err	error counts
3	6	669.6	0	6
12	1	0.0	1	1
14	1	0.0	1	0 1
17	4	0.0	1	3 1
18	63	0.0	1	8 55
19	41870	0.0	1	37270 4600
20	174	0.0	1	107 67
21	82	0.0	1	62 20
22	229	0.0	1	182 47


=== Second read: Adapter 2 ===

Sequence: GGACTACNVGGGTWTCTAAT; Type: regular 5'; Length: 20; Trimmed: 42286 times

Minimum overlap: 3
No. of allowed errors:
1-9 bp: 0; 10-19 bp: 1

Overview of removed sequences
length	count	expect	max.err	error counts
12	2	0.0	1	2
16	3	0.0	1	0 3
18	3	0.0	1	3
19	174	0.0	1	17 157
20	41847	0.0	1	36700 5147
21	121	0.0	1	65 56
22	44	0.0	1	40 4
23	91	0.0	1	83 8
25	1	0.0	1	1
Running cutadapt on: Pooled_negative_rack3_NA_S278
This is cutadapt 5.2 with Python 3.13.15
Command line parameters: -j 6 -g GTGYCAGCMGCCGCGGTAA -G GGACTACNVGGGTWTCTAAT -o /scratch4/workspace/jade_fiorilla_student_uml_edu-rawseqorcc/trimmed-cutadapt-fastp/Pooled_negative_rack3_NA_S278_R1_trim.fastq -p /scratch4/workspace/jade_fiorilla_student_uml_edu-rawseqorcc/trimmed-cutadapt-fastp/Pooled_negative_rack3_NA_S278_R2_trim.fastq /scratch4/workspace/jade_fiorilla_student_uml_edu-rawseqorcc/trimmed-fastp/Pooled_negative_rack3_NA_S278_R1_trim.fastq.gz /scratch4/workspace/jade_fiorilla_student_uml_edu-rawseqorcc/trimmed-fastp/Pooled_negative_rack3_NA_S278_R2_trim.fastq.gz
Processing paired-end reads on 6 cores ...

=== Summary ===

Total read pairs processed:            747,180
  Read 1 with adapter:                 560,429 (75.0%)
  Read 2 with adapter:                 475,145 (63.6%)
Pairs written (passing filters):       747,180 (100.0%)

Total basepairs processed:   272,982,962 bp
  Read 1:   136,542,938 bp
  Read 2:   136,440,024 bp
Total written (filtered):    251,468,858 bp (92.1%)
  Read 1:   125,146,215 bp
  Read 2:   126,322,643 bp

=== First read: Adapter 1 ===

Sequence: GTGYCAGCMGCCGCGGTAA; Type: regular 5'; Length: 19; Trimmed: 560429 times

Minimum overlap: 3
No. of allowed errors:
1-9 bp: 0; 10-19 bp: 1

Overview of removed sequences
length	count	expect	max.err	error counts
3	2	11674.7	0	2
11	2	0.2	1	0 2
12	19	0.0	1	15 4
13	5	0.0	1	5
14	2	0.0	1	2
15	3	0.0	1	1 2
16	16	0.0	1	13 3
17	15	0.0	1	6 9
18	50	0.0	1	19 31
19	1466	0.0	1	466 1000
20	370054	0.0	1	296377 73677
21	188041	0.0	1	152722 35319
22	712	0.0	1	378 334
23	1	0.0	1	0 1
24	2	0.0	1	0 2
25	1	0.0	1	1
26	3	0.0	1	2 1
28	3	0.0	1	0 3
29	2	0.0	1	2
30	2	0.0	1	2
31	5	0.0	1	1 4
32	2	0.0	1	1 1
33	3	0.0	1	2 1
35	1	0.0	1	0 1
37	5	0.0	1	0 5
38	1	0.0	1	1
39	3	0.0	1	1 2
40	2	0.0	1	1 1
43	1	0.0	1	0 1
47	2	0.0	1	2
49	1	0.0	1	1
59	1	0.0	1	0 1
65	1	0.0	1	0 1


=== Second read: Adapter 2 ===

Sequence: GGACTACNVGGGTWTCTAAT; Type: regular 5'; Length: 20; Trimmed: 475145 times

Minimum overlap: 3
No. of allowed errors:
1-9 bp: 0; 10-19 bp: 1

Overview of removed sequences
length	count	expect	max.err	error counts
3	1	11674.7	0	1
11	1	0.2	1	1
12	1	0.0	1	1
13	1	0.0	1	1
14	3	0.0	1	0 3
15	1	0.0	1	1
16	5	0.0	1	3 2
17	8	0.0	1	7 1
18	10	0.0	1	6 4
19	31	0.0	1	18 13
20	2074	0.0	1	488 1586
21	331965	0.0	1	320733 11232
22	140532	0.0	1	122533 17999
23	493	0.0	1	245 248
24	2	0.0	1	2
25	4	0.0	1	3 1
26	5	0.0	1	4 1
28	5	0.0	1	5
30	1	0.0	1	0 1
31	1	0.0	1	1
33	1	0.0	1	0 1
Running cutadapt on: Positive_control_NA_S280
This is cutadapt 5.2 with Python 3.13.15
Command line parameters: -j 6 -g GTGYCAGCMGCCGCGGTAA -G GGACTACNVGGGTWTCTAAT -o /scratch4/workspace/jade_fiorilla_student_uml_edu-rawseqorcc/trimmed-cutadapt-fastp/Positive_control_NA_S280_R1_trim.fastq -p /scratch4/workspace/jade_fiorilla_student_uml_edu-rawseqorcc/trimmed-cutadapt-fastp/Positive_control_NA_S280_R2_trim.fastq /scratch4/workspace/jade_fiorilla_student_uml_edu-rawseqorcc/trimmed-fastp/Positive_control_NA_S280_R1_trim.fastq.gz /scratch4/workspace/jade_fiorilla_student_uml_edu-rawseqorcc/trimmed-fastp/Positive_control_NA_S280_R2_trim.fastq.gz
Processing paired-end reads on 6 cores ...

=== Summary ===

Total read pairs processed:          2,091,690
  Read 1 with adapter:               2,090,124 (99.9%)
  Read 2 with adapter:               2,082,508 (99.6%)
Pairs written (passing filters):     2,091,690 (100.0%)

Total basepairs processed: 1,221,287,081 bp
  Read 1:   610,624,766 bp
  Read 2:   610,662,315 bp
Total written (filtered):  1,139,930,099 bp (93.3%)
  Read 1:   570,913,694 bp
  Read 2:   569,016,405 bp

=== First read: Adapter 1 ===

Sequence: GTGYCAGCMGCCGCGGTAA; Type: regular 5'; Length: 19; Trimmed: 2090124 times

Minimum overlap: 3
No. of allowed errors:
1-9 bp: 0; 10-19 bp: 1

Overview of removed sequences
length	count	expect	max.err	error counts
3	1	32682.7	0	1
9	4	8.0	0	4
10	4	2.0	1	0 4
11	1	0.5	1	1
12	72	0.1	1	71 1
13	17	0.0	1	13 4
14	10	0.0	1	2 8
15	8	0.0	1	4 4
16	55	0.0	1	42 13
17	131	0.0	1	104 27
18	4953	0.0	1	914 4039
19	2081151	0.0	1	2068397 12754
20	3367	0.0	1	753 2614
21	132	0.0	1	112 20
22	161	0.0	1	144 17
23	5	0.0	1	5
25	5	0.0	1	4 1
26	3	0.0	1	3
27	11	0.0	1	11
29	1	0.0	1	1
30	2	0.0	1	2
31	3	0.0	1	2 1
33	4	0.0	1	4
34	4	0.0	1	3 1
35	2	0.0	1	2
37	2	0.0	1	2
40	7	0.0	1	7
42	1	0.0	1	1
43	1	0.0	1	1
44	1	0.0	1	1
47	5	0.0	1	5


=== Second read: Adapter 2 ===

Sequence: GGACTACNVGGGTWTCTAAT; Type: regular 5'; Length: 20; Trimmed: 2082508 times

Minimum overlap: 3
No. of allowed errors:
1-9 bp: 0; 10-19 bp: 1

Overview of removed sequences
length	count	expect	max.err	error counts
10	9	2.0	1	9
11	10	0.5	1	10
12	12	0.1	1	12
13	18	0.0	1	13 5
14	24	0.0	1	7 17
15	13	0.0	1	8 5
16	29	0.0	1	4 25
17	32	0.0	1	12 20
18	103	0.0	1	62 41
19	9056	0.0	1	1200 7856
20	2068198	0.0	1	2044475 23723
21	4814	0.0	1	1182 3632
22	55	0.0	1	50 5
23	63	0.0	1	61 2
24	7	0.0	1	7
25	17	0.0	1	10 7
26	5	0.0	1	4 1
27	3	0.0	1	2 1
28	6	0.0	1	6
29	5	0.0	1	5
30	2	0.0	1	2
31	1	0.0	1	0 1
32	5	0.0	1	5
33	4	0.0	1	4
34	2	0.0	1	2
35	1	0.0	1	1
37	6	0.0	1	6
38	1	0.0	1	1
39	1	0.0	1	1
40	1	0.0	1	1
42	4	0.0	1	4
52	1	0.0	1	1
Running cutadapt on: Undetermined_S0
This is cutadapt 5.2 with Python 3.13.15
Command line parameters: -j 6 -g GTGYCAGCMGCCGCGGTAA -G GGACTACNVGGGTWTCTAAT -o /scratch4/workspace/jade_fiorilla_student_uml_edu-rawseqorcc/trimmed-cutadapt-fastp/Undetermined_S0_R1_trim.fastq -p /scratch4/workspace/jade_fiorilla_student_uml_edu-rawseqorcc/trimmed-cutadapt-fastp/Undetermined_S0_R2_trim.fastq /scratch4/workspace/jade_fiorilla_student_uml_edu-rawseqorcc/trimmed-fastp/Undetermined_S0_R1_trim.fastq.gz /scratch4/workspace/jade_fiorilla_student_uml_edu-rawseqorcc/trimmed-fastp/Undetermined_S0_R2_trim.fastq.gz
Processing paired-end reads on 6 cores ...

=== Summary ===

Total read pairs processed:        173,089,590
  Read 1 with adapter:              21,056,353 (12.2%)
  Read 2 with adapter:              19,242,244 (11.1%)
Pairs written (passing filters):   173,089,590 (100.0%)

Total basepairs processed: 98,157,322,996 bp
  Read 1: 49,133,072,189 bp
  Read 2: 49,024,250,807 bp
Total written (filtered):  97,482,278,388 bp (99.3%)
  Read 1: 48,776,478,749 bp
  Read 2: 48,705,799,639 bp

=== First read: Adapter 1 ===

Sequence: GTGYCAGCMGCCGCGGTAA; Type: regular 5'; Length: 19; Trimmed: 21056353 times

Minimum overlap: 3
No. of allowed errors:
1-9 bp: 0; 10-19 bp: 1

Overview of removed sequences
length	count	expect	max.err	error counts
3	3258380	2704524.8	0	3258380
4	503240	676131.2	0	503240
5	182967	169032.8	0	182967
6	38765	42258.2	0	38765
7	15818	10564.6	0	15818
8	22	2641.1	0	22
9	58	660.3	0	47 11
10	200	165.1	1	9 191
11	191	41.3	1	26 165
12	1035	10.3	1	782 253
13	201	2.6	1	99 102
14	137	0.6	1	57 80
15	154	0.2	1	72 82
16	595	0.0	1	384 211
17	704	0.0	1	359 345
18	12245	0.0	1	2550 9695
19	5582194	0.0	1	4145201 1436993
20	5285030	0.0	1	4047104 1237926
21	4346159	0.0	1	3519496 826663
22	1822957	0.0	1	1555090 267867
23	4080	0.0	1	1474 2606
24	166	0.0	1	130 36
25	60	0.0	1	42 18
26	57	0.0	1	39 18
27	50	0.0	1	37 13
28	55	0.0	1	42 13
29	38	0.0	1	25 13
30	44	0.0	1	28 16
31	46	0.0	1	28 18
32	53	0.0	1	27 26
33	49	0.0	1	27 22
34	56	0.0	1	27 29
35	48	0.0	1	28 20
36	41	0.0	1	28 13
37	40	0.0	1	25 15
38	41	0.0	1	28 13
39	43	0.0	1	28 15
40	32	0.0	1	14 18
41	23	0.0	1	11 12
42	32	0.0	1	14 18
43	21	0.0	1	13 8
44	10	0.0	1	5 5
45	18	0.0	1	9 9
46	13	0.0	1	6 7
47	11	0.0	1	7 4
48	13	0.0	1	8 5
49	9	0.0	1	2 7
50	7	0.0	1	1 6
51	7	0.0	1	6 1
52	7	0.0	1	3 4
53	6	0.0	1	3 3
54	6	0.0	1	1 5
55	3	0.0	1	0 3
56	4	0.0	1	3 1
57	4	0.0	1	2 2
58	2	0.0	1	0 2
59	3	0.0	1	3
60	5	0.0	1	2 3
61	2	0.0	1	1 1
62	3	0.0	1	0 3
63	3	0.0	1	1 2
65	1	0.0	1	1
66	2	0.0	1	1 1
67	5	0.0	1	0 5
68	6	0.0	1	2 4
69	4	0.0	1	0 4
70	3	0.0	1	0 3
71	1	0.0	1	1
77	1	0.0	1	1
85	1	0.0	1	0 1
86	1	0.0	1	0 1
89	1	0.0	1	1
93	1	0.0	1	0 1
94	2	0.0	1	0 2
95	1	0.0	1	0 1
96	1	0.0	1	1
99	1	0.0	1	1
102	2	0.0	1	0 2
104	1	0.0	1	1
106	2	0.0	1	1 1
108	1	0.0	1	1
110	1	0.0	1	1
112	1	0.0	1	1
113	1	0.0	1	1
114	2	0.0	1	1 1
119	1	0.0	1	0 1
121	3	0.0	1	2 1
124	1	0.0	1	0 1
128	1	0.0	1	0 1
135	1	0.0	1	1
140	1	0.0	1	1
142	1	0.0	1	0 1
144	2	0.0	1	2
145	1	0.0	1	1
146	1	0.0	1	1
155	1	0.0	1	1
157	1	0.0	1	1
159	1	0.0	1	1
168	1	0.0	1	1
175	1	0.0	1	1
176	1	0.0	1	1
183	2	0.0	1	0 2
185	1	0.0	1	0 1
186	1	0.0	1	0 1
187	1	0.0	1	0 1
188	1	0.0	1	1
193	1	0.0	1	1
195	1	0.0	1	1
208	1	0.0	1	0 1
210	1	0.0	1	1
213	1	0.0	1	1
214	1	0.0	1	1
218	1	0.0	1	0 1
219	1	0.0	1	1
220	1	0.0	1	0 1
227	1	0.0	1	0 1
233	2	0.0	1	2
241	1	0.0	1	1
245	1	0.0	1	0 1
246	1	0.0	1	1
250	1	0.0	1	0 1
254	1	0.0	1	0 1
258	1	0.0	1	1
259	1	0.0	1	1
263	1	0.0	1	0 1
275	1	0.0	1	1
298	1	0.0	1	1


=== Second read: Adapter 2 ===

Sequence: GGACTACNVGGGTWTCTAAT; Type: regular 5'; Length: 20; Trimmed: 19242244 times

Minimum overlap: 3
No. of allowed errors:
1-9 bp: 0; 10-19 bp: 1

Overview of removed sequences
length	count	expect	max.err	error counts
3	3691623	2704524.8	0	3691623
4	980583	676131.2	0	980583
5	202264	169032.8	0	202264
6	111712	42258.2	0	111712
7	17996	10564.6	0	17996
8	12054	2641.1	0	12054
9	10792	660.3	0	79 10713
10	236	165.1	1	51 185
11	167	41.3	1	30 137
12	247	10.3	1	58 189
13	135	2.6	1	96 39
14	209	0.6	1	99 110
15	145	0.2	1	49 96
16	122	0.0	1	36 86
17	251	0.0	1	159 92
18	543	0.0	1	404 139
19	22089	0.0	1	2819 19270
20	4333224	0.0	1	4008375 324849
21	4311096	0.0	1	3964348 346748
22	3781482	0.0	1	3482911 298571
23	1758648	0.0	1	1629282 129366
24	6085	0.0	1	1796 4289
25	79	0.0	1	68 11
26	61	0.0	1	58 3
27	39	0.0	1	29 10
28	47	0.0	1	37 10
29	30	0.0	1	21 9
30	25	0.0	1	24 1
31	34	0.0	1	28 6
32	14	0.0	1	12 2
33	18	0.0	1	12 6
34	16	0.0	1	12 4
35	20	0.0	1	18 2
36	13	0.0	1	9 4
37	14	0.0	1	12 2
38	24	0.0	1	21 3
39	15	0.0	1	12 3
40	11	0.0	1	10 1
41	15	0.0	1	15
42	8	0.0	1	8
43	6	0.0	1	6
44	11	0.0	1	10 1
45	6	0.0	1	6
46	6	0.0	1	4 2
47	8	0.0	1	8
48	2	0.0	1	2
49	4	0.0	1	2 2
50	1	0.0	1	1
51	2	0.0	1	1 1
52	1	0.0	1	1
53	1	0.0	1	1
55	2	0.0	1	2
56	1	0.0	1	1
59	2	0.0	1	1 1
64	1	0.0	1	1
103	1	0.0	1	1
178	1	0.0	1	1
246	2	0.0	1	2
