No conda package cache directories found outside your home directory. To
prevent conda from filling up your home directory, you can create a new
directory at `/work/pi_<your_pi_name>/$USER/.conda/pkgs` and reload the module. 
No conda environment directories found outside your home directory. To prevent
conda from filling up your home directory, you can create a new directory at
`/work/pi_<your_pi_name>/$USER/.conda/envs` and reload the module. 
Loading conda version miniforge3-24.7.1
Running Trim Galore on: 

Trim Galore v2.3.0
unknown — linux/x86_64 — built 2026-06-27T16:23:35Z
==================================================

Using 4 worker threads (parallel trim + compress)
Auto-detecting adapter type...
Using Nextera adapter for trimming (count: 215636). Second best hit was smallRNA (count: 231).
Adapter: Nextera (CTGTCTCTTATA)

Poly-G trimming: ENABLED (auto-detected). 215479 of 589066 reads (36.58%) have poly-G tails (>=10bp) — consistent with 2-colour chemistry (NovaSeq/NextSeq). To disable: --no_poly_g
Trimming (paired-end):
  R1: /scratch4/workspace/jade_fiorilla_student_uml_edu-rawseqorcc/fastq/2024_Both01_Both01_O1_gill_S28_R1_001.fastq.gz
  R2: /scratch4/workspace/jade_fiorilla_student_uml_edu-rawseqorcc/fastq/2024_Both01_Both01_O1_gill_S28_R2_001.fastq.gz
  Output R1: /scratch4/workspace/jade_fiorilla_student_uml_edu-rawseqorcc/trimmed/2024_Both01_Both01_O1_gill_S28_R1_001_val_1.fq.gz
  Output R2: /scratch4/workspace/jade_fiorilla_student_uml_edu-rawseqorcc/trimmed/2024_Both01_Both01_O1_gill_S28_R2_001_val_2.fq.gz

=== Summary (Read 1) ===

Total reads processed:               589066
Reads with adapters:                 582545 (98.9%)

=== Summary (Read 2) ===

Total reads processed:               589066
Reads with adapters:                 578996 (98.3%)
R1 reads with poly-G trimmed:           874 (0.1%)
  R1 poly-G bases removed:           153401
R2 reads with poly-G trimmed:          1244 (0.2%)
  R2 poly-G bases removed:           259027

=== Paired-end validation ===

Pairs analyzed:                      589066
Pairs removed:                         1016 (0.2%)
Unpaired R1 kept:                       797
Unpaired R2 kept:                        53
Report: /scratch4/workspace/jade_fiorilla_student_uml_edu-rawseqorcc/trimmed/2024_Both01_Both01_O1_gill_S28_R1_001.fastq.gz_trimming_report.txt
JSON report: /scratch4/workspace/jade_fiorilla_student_uml_edu-rawseqorcc/trimmed/2024_Both01_Both01_O1_gill_S28_R1_001.fastq.gz_trimming_report.json
Report: /scratch4/workspace/jade_fiorilla_student_uml_edu-rawseqorcc/trimmed/2024_Both01_Both01_O1_gill_S28_R2_001.fastq.gz_trimming_report.txt
JSON report: /scratch4/workspace/jade_fiorilla_student_uml_edu-rawseqorcc/trimmed/2024_Both01_Both01_O1_gill_S28_R2_001.fastq.gz_trimming_report.json

Running FastQC on /scratch4/workspace/jade_fiorilla_student_uml_edu-rawseqorcc/trimmed/2024_Both01_Both01_O1_gill_S28_R1_001_val_1.fq.gz

Running FastQC on /scratch4/workspace/jade_fiorilla_student_uml_edu-rawseqorcc/trimmed/2024_Both01_Both01_O1_gill_S28_R2_001_val_2.fq.gz
Running Trim Galore on: 

Trim Galore v2.3.0
unknown — linux/x86_64 — built 2026-06-27T16:23:35Z
==================================================

Using 4 worker threads (parallel trim + compress)
Auto-detecting adapter type...
Using Nextera adapter for trimming (count: 79839). Second best hit was smallRNA (count: 17).
Adapter: Nextera (CTGTCTCTTATA)

Poly-G trimming: ENABLED (auto-detected). 79735 of 755747 reads (10.55%) have poly-G tails (>=10bp) — consistent with 2-colour chemistry (NovaSeq/NextSeq). To disable: --no_poly_g
Trimming (paired-end):
  R1: /scratch4/workspace/jade_fiorilla_student_uml_edu-rawseqorcc/fastq/2024_Both01_Both01_O1_gut_S29_R1_001.fastq.gz
  R2: /scratch4/workspace/jade_fiorilla_student_uml_edu-rawseqorcc/fastq/2024_Both01_Both01_O1_gut_S29_R2_001.fastq.gz
  Output R1: /scratch4/workspace/jade_fiorilla_student_uml_edu-rawseqorcc/trimmed/2024_Both01_Both01_O1_gut_S29_R1_001_val_1.fq.gz
  Output R2: /scratch4/workspace/jade_fiorilla_student_uml_edu-rawseqorcc/trimmed/2024_Both01_Both01_O1_gut_S29_R2_001_val_2.fq.gz

=== Summary (Read 1) ===

Total reads processed:               755747
Reads with adapters:                 751043 (99.4%)

=== Summary (Read 2) ===

Total reads processed:               755747
Reads with adapters:                 747868 (99.0%)
R1 reads with poly-G trimmed:           443 (0.1%)
  R1 poly-G bases removed:            69235
R2 reads with poly-G trimmed:          1215 (0.2%)
  R2 poly-G bases removed:           263336

=== Paired-end validation ===

Pairs analyzed:                      755747
Pairs removed:                         1436 (0.2%)
Unpaired R1 kept:                      1290
Unpaired R2 kept:                        65
Report: /scratch4/workspace/jade_fiorilla_student_uml_edu-rawseqorcc/trimmed/2024_Both01_Both01_O1_gut_S29_R1_001.fastq.gz_trimming_report.txt
JSON report: /scratch4/workspace/jade_fiorilla_student_uml_edu-rawseqorcc/trimmed/2024_Both01_Both01_O1_gut_S29_R1_001.fastq.gz_trimming_report.json
Report: /scratch4/workspace/jade_fiorilla_student_uml_edu-rawseqorcc/trimmed/2024_Both01_Both01_O1_gut_S29_R2_001.fastq.gz_trimming_report.txt
JSON report: /scratch4/workspace/jade_fiorilla_student_uml_edu-rawseqorcc/trimmed/2024_Both01_Both01_O1_gut_S29_R2_001.fastq.gz_trimming_report.json

Running FastQC on /scratch4/workspace/jade_fiorilla_student_uml_edu-rawseqorcc/trimmed/2024_Both01_Both01_O1_gut_S29_R1_001_val_1.fq.gz

Running FastQC on /scratch4/workspace/jade_fiorilla_student_uml_edu-rawseqorcc/trimmed/2024_Both01_Both01_O1_gut_S29_R2_001_val_2.fq.gz
Running Trim Galore on: 

Trim Galore v2.3.0
unknown — linux/x86_64 — built 2026-06-27T16:23:35Z
==================================================

Using 4 worker threads (parallel trim + compress)
Auto-detecting adapter type...
Using Nextera adapter for trimming (count: 11242). Second best hit was smallRNA (count: 10).
Adapter: Nextera (CTGTCTCTTATA)

Poly-G trimming: ENABLED (auto-detected). 9403 of 14428 reads (65.17%) have poly-G tails (>=10bp) — consistent with 2-colour chemistry (NovaSeq/NextSeq). To disable: --no_poly_g
Trimming (paired-end):
  R1: /scratch4/workspace/jade_fiorilla_student_uml_edu-rawseqorcc/fastq/2024_Both01_Null_O03_gill_S235_R1_001.fastq.gz
  R2: /scratch4/workspace/jade_fiorilla_student_uml_edu-rawseqorcc/fastq/2024_Both01_Null_O03_gill_S235_R2_001.fastq.gz
  Output R1: /scratch4/workspace/jade_fiorilla_student_uml_edu-rawseqorcc/trimmed/2024_Both01_Null_O03_gill_S235_R1_001_val_1.fq.gz
  Output R2: /scratch4/workspace/jade_fiorilla_student_uml_edu-rawseqorcc/trimmed/2024_Both01_Null_O03_gill_S235_R2_001_val_2.fq.gz

=== Summary (Read 1) ===

Total reads processed:                14428
Reads with adapters:                  13852 (96.0%)

=== Summary (Read 2) ===

Total reads processed:                14428
Reads with adapters:                  13883 (96.2%)
R1 reads with poly-G trimmed:            37 (0.3%)
  R1 poly-G bases removed:             6283
R2 reads with poly-G trimmed:            36 (0.2%)
  R2 poly-G bases removed:             6451

=== Paired-end validation ===

Pairs analyzed:                       14428
Pairs removed:                           77 (0.5%)
Unpaired R1 kept:                        17
Unpaired R2 kept:                         1
Report: /scratch4/workspace/jade_fiorilla_student_uml_edu-rawseqorcc/trimmed/2024_Both01_Null_O03_gill_S235_R1_001.fastq.gz_trimming_report.txt
JSON report: /scratch4/workspace/jade_fiorilla_student_uml_edu-rawseqorcc/trimmed/2024_Both01_Null_O03_gill_S235_R1_001.fastq.gz_trimming_report.json
Report: /scratch4/workspace/jade_fiorilla_student_uml_edu-rawseqorcc/trimmed/2024_Both01_Null_O03_gill_S235_R2_001.fastq.gz_trimming_report.txt
JSON report: /scratch4/workspace/jade_fiorilla_student_uml_edu-rawseqorcc/trimmed/2024_Both01_Null_O03_gill_S235_R2_001.fastq.gz_trimming_report.json

Running FastQC on /scratch4/workspace/jade_fiorilla_student_uml_edu-rawseqorcc/trimmed/2024_Both01_Null_O03_gill_S235_R1_001_val_1.fq.gz

Running FastQC on /scratch4/workspace/jade_fiorilla_student_uml_edu-rawseqorcc/trimmed/2024_Both01_Null_O03_gill_S235_R2_001_val_2.fq.gz
Running Trim Galore on: 

Trim Galore v2.3.0
unknown — linux/x86_64 — built 2026-06-27T16:23:35Z
==================================================

Using 4 worker threads (parallel trim + compress)
Auto-detecting adapter type...
Using Nextera adapter for trimming (count: 144890). Second best hit was smallRNA (count: 1761).
Adapter: Nextera (CTGTCTCTTATA)

Poly-G trimming: ENABLED (auto-detected). 143354 of 531335 reads (26.98%) have poly-G tails (>=10bp) — consistent with 2-colour chemistry (NovaSeq/NextSeq). To disable: --no_poly_g
Trimming (paired-end):
  R1: /scratch4/workspace/jade_fiorilla_student_uml_edu-rawseqorcc/fastq/2024_Both01_Null_O03_gut_S70_R1_001.fastq.gz
  R2: /scratch4/workspace/jade_fiorilla_student_uml_edu-rawseqorcc/fastq/2024_Both01_Null_O03_gut_S70_R2_001.fastq.gz
  Output R1: /scratch4/workspace/jade_fiorilla_student_uml_edu-rawseqorcc/trimmed/2024_Both01_Null_O03_gut_S70_R1_001_val_1.fq.gz
  Output R2: /scratch4/workspace/jade_fiorilla_student_uml_edu-rawseqorcc/trimmed/2024_Both01_Null_O03_gut_S70_R2_001_val_2.fq.gz

=== Summary (Read 1) ===

Total reads processed:               531335
Reads with adapters:                 528585 (99.5%)

=== Summary (Read 2) ===

Total reads processed:               531335
Reads with adapters:                 527212 (99.2%)
R1 reads with poly-G trimmed:           530 (0.1%)
  R1 poly-G bases removed:            88710
R2 reads with poly-G trimmed:           990 (0.2%)
  R2 poly-G bases removed:           203715

=== Paired-end validation ===

Pairs analyzed:                      531335
Pairs removed:                          948 (0.2%)
Unpaired R1 kept:                       750
Unpaired R2 kept:                        45
Report: /scratch4/workspace/jade_fiorilla_student_uml_edu-rawseqorcc/trimmed/2024_Both01_Null_O03_gut_S70_R1_001.fastq.gz_trimming_report.txt
JSON report: /scratch4/workspace/jade_fiorilla_student_uml_edu-rawseqorcc/trimmed/2024_Both01_Null_O03_gut_S70_R1_001.fastq.gz_trimming_report.json
Report: /scratch4/workspace/jade_fiorilla_student_uml_edu-rawseqorcc/trimmed/2024_Both01_Null_O03_gut_S70_R2_001.fastq.gz_trimming_report.txt
JSON report: /scratch4/workspace/jade_fiorilla_student_uml_edu-rawseqorcc/trimmed/2024_Both01_Null_O03_gut_S70_R2_001.fastq.gz_trimming_report.json

Running FastQC on /scratch4/workspace/jade_fiorilla_student_uml_edu-rawseqorcc/trimmed/2024_Both01_Null_O03_gut_S70_R1_001_val_1.fq.gz

Running FastQC on /scratch4/workspace/jade_fiorilla_student_uml_edu-rawseqorcc/trimmed/2024_Both01_Null_O03_gut_S70_R2_001_val_2.fq.gz
Running Trim Galore on: 

Trim Galore v2.3.0
unknown — linux/x86_64 — built 2026-06-27T16:23:35Z
==================================================

Using 4 worker threads (parallel trim + compress)
Auto-detecting adapter type...
Using Nextera adapter for trimming (count: 53458). Second best hit was smallRNA (count: 135).
Adapter: Nextera (CTGTCTCTTATA)

Poly-G trimming: ENABLED (auto-detected). 53799 of 609876 reads (8.82%) have poly-G tails (>=10bp) — consistent with 2-colour chemistry (NovaSeq/NextSeq). To disable: --no_poly_g
Trimming (paired-end):
  R1: /scratch4/workspace/jade_fiorilla_student_uml_edu-rawseqorcc/fastq/2024_Both01_Warm05_O50_gill_S219_R1_001.fastq.gz
  R2: /scratch4/workspace/jade_fiorilla_student_uml_edu-rawseqorcc/fastq/2024_Both01_Warm05_O50_gill_S219_R2_001.fastq.gz
  Output R1: /scratch4/workspace/jade_fiorilla_student_uml_edu-rawseqorcc/trimmed/2024_Both01_Warm05_O50_gill_S219_R1_001_val_1.fq.gz
  Output R2: /scratch4/workspace/jade_fiorilla_student_uml_edu-rawseqorcc/trimmed/2024_Both01_Warm05_O50_gill_S219_R2_001_val_2.fq.gz

=== Summary (Read 1) ===

Total reads processed:               609876
Reads with adapters:                 568185 (93.2%)

=== Summary (Read 2) ===

Total reads processed:               609876
Reads with adapters:                 596009 (97.7%)
R1 reads with poly-G trimmed:           577 (0.1%)
  R1 poly-G bases removed:            50696
R2 reads with poly-G trimmed:           989 (0.2%)
  R2 poly-G bases removed:           205836

=== Paired-end validation ===

Pairs analyzed:                      609876
Pairs removed:                         1198 (0.2%)
Unpaired R1 kept:                      1139
Unpaired R2 kept:                        27
Report: /scratch4/workspace/jade_fiorilla_student_uml_edu-rawseqorcc/trimmed/2024_Both01_Warm05_O50_gill_S219_R1_001.fastq.gz_trimming_report.txt
JSON report: /scratch4/workspace/jade_fiorilla_student_uml_edu-rawseqorcc/trimmed/2024_Both01_Warm05_O50_gill_S219_R1_001.fastq.gz_trimming_report.json
Report: /scratch4/workspace/jade_fiorilla_student_uml_edu-rawseqorcc/trimmed/2024_Both01_Warm05_O50_gill_S219_R2_001.fastq.gz_trimming_report.txt
JSON report: /scratch4/workspace/jade_fiorilla_student_uml_edu-rawseqorcc/trimmed/2024_Both01_Warm05_O50_gill_S219_R2_001.fastq.gz_trimming_report.json

Running FastQC on /scratch4/workspace/jade_fiorilla_student_uml_edu-rawseqorcc/trimmed/2024_Both01_Warm05_O50_gill_S219_R1_001_val_1.fq.gz

Running FastQC on /scratch4/workspace/jade_fiorilla_student_uml_edu-rawseqorcc/trimmed/2024_Both01_Warm05_O50_gill_S219_R2_001_val_2.fq.gz
Running Trim Galore on: 

Trim Galore v2.3.0
unknown — linux/x86_64 — built 2026-06-27T16:23:35Z
==================================================

Using 4 worker threads (parallel trim + compress)
Auto-detecting adapter type...
Using Nextera adapter for trimming (count: 212860). Second best hit was smallRNA (count: 1091).
Adapter: Nextera (CTGTCTCTTATA)

Poly-G trimming: ENABLED (auto-detected). 214669 of 895513 reads (23.97%) have poly-G tails (>=10bp) — consistent with 2-colour chemistry (NovaSeq/NextSeq). To disable: --no_poly_g
Trimming (paired-end):
  R1: /scratch4/workspace/jade_fiorilla_student_uml_edu-rawseqorcc/fastq/2024_Both01_Warm05_O50_gut_S150_R1_001.fastq.gz
  R2: /scratch4/workspace/jade_fiorilla_student_uml_edu-rawseqorcc/fastq/2024_Both01_Warm05_O50_gut_S150_R2_001.fastq.gz
  Output R1: /scratch4/workspace/jade_fiorilla_student_uml_edu-rawseqorcc/trimmed/2024_Both01_Warm05_O50_gut_S150_R1_001_val_1.fq.gz
  Output R2: /scratch4/workspace/jade_fiorilla_student_uml_edu-rawseqorcc/trimmed/2024_Both01_Warm05_O50_gut_S150_R2_001_val_2.fq.gz

=== Summary (Read 1) ===

Total reads processed:               895513
Reads with adapters:                 880992 (98.4%)

=== Summary (Read 2) ===

Total reads processed:               895513
Reads with adapters:                 883739 (98.7%)
R1 reads with poly-G trimmed:          1481 (0.2%)
  R1 poly-G bases removed:           247069
R2 reads with poly-G trimmed:          1983 (0.2%)
  R2 poly-G bases removed:           423357

=== Paired-end validation ===

Pairs analyzed:                      895513
Pairs removed:                         2087 (0.2%)
Unpaired R1 kept:                      1874
Unpaired R2 kept:                        66
Report: /scratch4/workspace/jade_fiorilla_student_uml_edu-rawseqorcc/trimmed/2024_Both01_Warm05_O50_gut_S150_R1_001.fastq.gz_trimming_report.txt
JSON report: /scratch4/workspace/jade_fiorilla_student_uml_edu-rawseqorcc/trimmed/2024_Both01_Warm05_O50_gut_S150_R1_001.fastq.gz_trimming_report.json
Report: /scratch4/workspace/jade_fiorilla_student_uml_edu-rawseqorcc/trimmed/2024_Both01_Warm05_O50_gut_S150_R2_001.fastq.gz_trimming_report.txt
JSON report: /scratch4/workspace/jade_fiorilla_student_uml_edu-rawseqorcc/trimmed/2024_Both01_Warm05_O50_gut_S150_R2_001.fastq.gz_trimming_report.json

Running FastQC on /scratch4/workspace/jade_fiorilla_student_uml_edu-rawseqorcc/trimmed/2024_Both01_Warm05_O50_gut_S150_R1_001_val_1.fq.gz

Running FastQC on /scratch4/workspace/jade_fiorilla_student_uml_edu-rawseqorcc/trimmed/2024_Both01_Warm05_O50_gut_S150_R2_001_val_2.fq.gz
Running Trim Galore on: 

Trim Galore v2.3.0
unknown — linux/x86_64 — built 2026-06-27T16:23:35Z
==================================================

Using 4 worker threads (parallel trim + compress)
Auto-detecting adapter type...
Using Nextera adapter for trimming (count: 45052). Second best hit was smallRNA (count: 115).
Adapter: Nextera (CTGTCTCTTATA)

Poly-G trimming: ENABLED (auto-detected). 28045 of 529722 reads (5.29%) have poly-G tails (>=10bp) — consistent with 2-colour chemistry (NovaSeq/NextSeq). To disable: --no_poly_g
Trimming (paired-end):
  R1: /scratch4/workspace/jade_fiorilla_student_uml_edu-rawseqorcc/fastq/2024_Both02_Both05_O51_gill_S251_R1_001.fastq.gz
  R2: /scratch4/workspace/jade_fiorilla_student_uml_edu-rawseqorcc/fastq/2024_Both02_Both05_O51_gill_S251_R2_001.fastq.gz
  Output R1: /scratch4/workspace/jade_fiorilla_student_uml_edu-rawseqorcc/trimmed/2024_Both02_Both05_O51_gill_S251_R1_001_val_1.fq.gz
  Output R2: /scratch4/workspace/jade_fiorilla_student_uml_edu-rawseqorcc/trimmed/2024_Both02_Both05_O51_gill_S251_R2_001_val_2.fq.gz

=== Summary (Read 1) ===

Total reads processed:               529722
Reads with adapters:                 520141 (98.2%)

=== Summary (Read 2) ===

Total reads processed:               529722
Reads with adapters:                 512106 (96.7%)
R1 reads with poly-G trimmed:          3300 (0.6%)
  R1 poly-G bases removed:            26736
R2 reads with poly-G trimmed:          5600 (1.1%)
  R2 poly-G bases removed:           284134

=== Paired-end validation ===

Pairs analyzed:                      529722
Pairs removed:                         1603 (0.3%)
Unpaired R1 kept:                      1546
Unpaired R2 kept:                        27
Report: /scratch4/workspace/jade_fiorilla_student_uml_edu-rawseqorcc/trimmed/2024_Both02_Both05_O51_gill_S251_R1_001.fastq.gz_trimming_report.txt
JSON report: /scratch4/workspace/jade_fiorilla_student_uml_edu-rawseqorcc/trimmed/2024_Both02_Both05_O51_gill_S251_R1_001.fastq.gz_trimming_report.json
Report: /scratch4/workspace/jade_fiorilla_student_uml_edu-rawseqorcc/trimmed/2024_Both02_Both05_O51_gill_S251_R2_001.fastq.gz_trimming_report.txt
JSON report: /scratch4/workspace/jade_fiorilla_student_uml_edu-rawseqorcc/trimmed/2024_Both02_Both05_O51_gill_S251_R2_001.fastq.gz_trimming_report.json

Running FastQC on /scratch4/workspace/jade_fiorilla_student_uml_edu-rawseqorcc/trimmed/2024_Both02_Both05_O51_gill_S251_R1_001_val_1.fq.gz

Running FastQC on /scratch4/workspace/jade_fiorilla_student_uml_edu-rawseqorcc/trimmed/2024_Both02_Both05_O51_gill_S251_R2_001_val_2.fq.gz
Running Trim Galore on: 

Trim Galore v2.3.0
unknown — linux/x86_64 — built 2026-06-27T16:23:35Z
==================================================

Using 4 worker threads (parallel trim + compress)
Auto-detecting adapter type...
Using Nextera adapter for trimming (count: 110631). Second best hit was smallRNA (count: 1384).
Adapter: Nextera (CTGTCTCTTATA)

Poly-G trimming: ENABLED (auto-detected). 112557 of 955581 reads (11.78%) have poly-G tails (>=10bp) — consistent with 2-colour chemistry (NovaSeq/NextSeq). To disable: --no_poly_g
Trimming (paired-end):
  R1: /scratch4/workspace/jade_fiorilla_student_uml_edu-rawseqorcc/fastq/2024_Both02_Both05_O51_gut_S229_R1_001.fastq.gz
  R2: /scratch4/workspace/jade_fiorilla_student_uml_edu-rawseqorcc/fastq/2024_Both02_Both05_O51_gut_S229_R2_001.fastq.gz
  Output R1: /scratch4/workspace/jade_fiorilla_student_uml_edu-rawseqorcc/trimmed/2024_Both02_Both05_O51_gut_S229_R1_001_val_1.fq.gz
  Output R2: /scratch4/workspace/jade_fiorilla_student_uml_edu-rawseqorcc/trimmed/2024_Both02_Both05_O51_gut_S229_R2_001_val_2.fq.gz

=== Summary (Read 1) ===

Total reads processed:               955581
Reads with adapters:                 937853 (98.1%)

=== Summary (Read 2) ===

Total reads processed:               955581
Reads with adapters:                 932464 (97.6%)
R1 reads with poly-G trimmed:           784 (0.1%)
  R1 poly-G bases removed:            88324
R2 reads with poly-G trimmed:          1103 (0.1%)
  R2 poly-G bases removed:           190841

=== Paired-end validation ===

Pairs analyzed:                      955581
Pairs removed:                         1438 (0.2%)
Unpaired R1 kept:                      1224
Unpaired R2 kept:                        83
Report: /scratch4/workspace/jade_fiorilla_student_uml_edu-rawseqorcc/trimmed/2024_Both02_Both05_O51_gut_S229_R1_001.fastq.gz_trimming_report.txt
JSON report: /scratch4/workspace/jade_fiorilla_student_uml_edu-rawseqorcc/trimmed/2024_Both02_Both05_O51_gut_S229_R1_001.fastq.gz_trimming_report.json
Report: /scratch4/workspace/jade_fiorilla_student_uml_edu-rawseqorcc/trimmed/2024_Both02_Both05_O51_gut_S229_R2_001.fastq.gz_trimming_report.txt
JSON report: /scratch4/workspace/jade_fiorilla_student_uml_edu-rawseqorcc/trimmed/2024_Both02_Both05_O51_gut_S229_R2_001.fastq.gz_trimming_report.json

Running FastQC on /scratch4/workspace/jade_fiorilla_student_uml_edu-rawseqorcc/trimmed/2024_Both02_Both05_O51_gut_S229_R1_001_val_1.fq.gz

Running FastQC on /scratch4/workspace/jade_fiorilla_student_uml_edu-rawseqorcc/trimmed/2024_Both02_Both05_O51_gut_S229_R2_001_val_2.fq.gz
Running Trim Galore on: 

Trim Galore v2.3.0
unknown — linux/x86_64 — built 2026-06-27T16:23:35Z
==================================================

Using 4 worker threads (parallel trim + compress)
Auto-detecting adapter type...
Using Nextera adapter for trimming (count: 37106). Second best hit was smallRNA (count: 479).
Adapter: Nextera (CTGTCTCTTATA)

Poly-G trimming: ENABLED (auto-detected). 29384 of 594090 reads (4.95%) have poly-G tails (>=10bp) — consistent with 2-colour chemistry (NovaSeq/NextSeq). To disable: --no_poly_g
Trimming (paired-end):
  R1: /scratch4/workspace/jade_fiorilla_student_uml_edu-rawseqorcc/fastq/2024_Both02_Cont04_O40_gill_S247_R1_001.fastq.gz
  R2: /scratch4/workspace/jade_fiorilla_student_uml_edu-rawseqorcc/fastq/2024_Both02_Cont04_O40_gill_S247_R2_001.fastq.gz
  Output R1: /scratch4/workspace/jade_fiorilla_student_uml_edu-rawseqorcc/trimmed/2024_Both02_Cont04_O40_gill_S247_R1_001_val_1.fq.gz
  Output R2: /scratch4/workspace/jade_fiorilla_student_uml_edu-rawseqorcc/trimmed/2024_Both02_Cont04_O40_gill_S247_R2_001_val_2.fq.gz

=== Summary (Read 1) ===

Total reads processed:               594090
Reads with adapters:                 574276 (96.7%)

=== Summary (Read 2) ===

Total reads processed:               594090
Reads with adapters:                 531969 (89.5%)
R1 reads with poly-G trimmed:          3755 (0.6%)
  R1 poly-G bases removed:            38469
R2 reads with poly-G trimmed:         11711 (2.0%)
  R2 poly-G bases removed:           368451

=== Paired-end validation ===

Pairs analyzed:                      594090
Pairs removed:                         1651 (0.3%)
Unpaired R1 kept:                      1571
Unpaired R2 kept:                        45
Report: /scratch4/workspace/jade_fiorilla_student_uml_edu-rawseqorcc/trimmed/2024_Both02_Cont04_O40_gill_S247_R1_001.fastq.gz_trimming_report.txt
JSON report: /scratch4/workspace/jade_fiorilla_student_uml_edu-rawseqorcc/trimmed/2024_Both02_Cont04_O40_gill_S247_R1_001.fastq.gz_trimming_report.json
Report: /scratch4/workspace/jade_fiorilla_student_uml_edu-rawseqorcc/trimmed/2024_Both02_Cont04_O40_gill_S247_R2_001.fastq.gz_trimming_report.txt
JSON report: /scratch4/workspace/jade_fiorilla_student_uml_edu-rawseqorcc/trimmed/2024_Both02_Cont04_O40_gill_S247_R2_001.fastq.gz_trimming_report.json

Running FastQC on /scratch4/workspace/jade_fiorilla_student_uml_edu-rawseqorcc/trimmed/2024_Both02_Cont04_O40_gill_S247_R1_001_val_1.fq.gz

Running FastQC on /scratch4/workspace/jade_fiorilla_student_uml_edu-rawseqorcc/trimmed/2024_Both02_Cont04_O40_gill_S247_R2_001_val_2.fq.gz
Running Trim Galore on: 

Trim Galore v2.3.0
unknown — linux/x86_64 — built 2026-06-27T16:23:35Z
==================================================

Using 4 worker threads (parallel trim + compress)
Auto-detecting adapter type...
Using Nextera adapter for trimming (count: 328478). Second best hit was smallRNA (count: 96).
Adapter: Nextera (CTGTCTCTTATA)

Poly-G trimming: ENABLED (auto-detected). 329803 of 785726 reads (41.97%) have poly-G tails (>=10bp) — consistent with 2-colour chemistry (NovaSeq/NextSeq). To disable: --no_poly_g
Trimming (paired-end):
  R1: /scratch4/workspace/jade_fiorilla_student_uml_edu-rawseqorcc/fastq/2024_Both02_Cont04_O40_gut_S45_R1_001.fastq.gz
  R2: /scratch4/workspace/jade_fiorilla_student_uml_edu-rawseqorcc/fastq/2024_Both02_Cont04_O40_gut_S45_R2_001.fastq.gz
  Output R1: /scratch4/workspace/jade_fiorilla_student_uml_edu-rawseqorcc/trimmed/2024_Both02_Cont04_O40_gut_S45_R1_001_val_1.fq.gz
  Output R2: /scratch4/workspace/jade_fiorilla_student_uml_edu-rawseqorcc/trimmed/2024_Both02_Cont04_O40_gut_S45_R2_001_val_2.fq.gz

=== Summary (Read 1) ===

Total reads processed:               785726
Reads with adapters:                 781488 (99.5%)

=== Summary (Read 2) ===

Total reads processed:               785726
Reads with adapters:                 780422 (99.3%)
R1 reads with poly-G trimmed:          1023 (0.1%)
  R1 poly-G bases removed:           184426
R2 reads with poly-G trimmed:          1439 (0.2%)
  R2 poly-G bases removed:           315687

=== Paired-end validation ===

Pairs analyzed:                      785726
Pairs removed:                         1315 (0.2%)
Unpaired R1 kept:                      1005
Unpaired R2 kept:                        69
Report: /scratch4/workspace/jade_fiorilla_student_uml_edu-rawseqorcc/trimmed/2024_Both02_Cont04_O40_gut_S45_R1_001.fastq.gz_trimming_report.txt
JSON report: /scratch4/workspace/jade_fiorilla_student_uml_edu-rawseqorcc/trimmed/2024_Both02_Cont04_O40_gut_S45_R1_001.fastq.gz_trimming_report.json
Report: /scratch4/workspace/jade_fiorilla_student_uml_edu-rawseqorcc/trimmed/2024_Both02_Cont04_O40_gut_S45_R2_001.fastq.gz_trimming_report.txt
JSON report: /scratch4/workspace/jade_fiorilla_student_uml_edu-rawseqorcc/trimmed/2024_Both02_Cont04_O40_gut_S45_R2_001.fastq.gz_trimming_report.json

Running FastQC on /scratch4/workspace/jade_fiorilla_student_uml_edu-rawseqorcc/trimmed/2024_Both02_Cont04_O40_gut_S45_R1_001_val_1.fq.gz

Running FastQC on /scratch4/workspace/jade_fiorilla_student_uml_edu-rawseqorcc/trimmed/2024_Both02_Cont04_O40_gut_S45_R2_001_val_2.fq.gz
Running Trim Galore on: 

Trim Galore v2.3.0
unknown — linux/x86_64 — built 2026-06-27T16:23:35Z
==================================================

Using 4 worker threads (parallel trim + compress)
Auto-detecting adapter type...
Using Nextera adapter for trimming (count: 7938). Second best hit was smallRNA (count: 2139).
Adapter: Nextera (CTGTCTCTTATA)

Poly-G trimming: ENABLED (auto-detected). 5390 of 1000000 reads (0.54%) have poly-G tails (>=10bp) — consistent with 2-colour chemistry (NovaSeq/NextSeq). To disable: --no_poly_g
Trimming (paired-end):
  R1: /scratch4/workspace/jade_fiorilla_student_uml_edu-rawseqorcc/fastq/2024_Both02_Null_O12_gill_S236_R1_001.fastq.gz
  R2: /scratch4/workspace/jade_fiorilla_student_uml_edu-rawseqorcc/fastq/2024_Both02_Null_O12_gill_S236_R2_001.fastq.gz
  Output R1: /scratch4/workspace/jade_fiorilla_student_uml_edu-rawseqorcc/trimmed/2024_Both02_Null_O12_gill_S236_R1_001_val_1.fq.gz
  Output R2: /scratch4/workspace/jade_fiorilla_student_uml_edu-rawseqorcc/trimmed/2024_Both02_Null_O12_gill_S236_R2_001_val_2.fq.gz

=== Summary (Read 1) ===

Total reads processed:              1999442
Reads with adapters:                1973693 (98.7%)

=== Summary (Read 2) ===

Total reads processed:              1999442
Reads with adapters:                1932931 (96.7%)
R1 reads with poly-G trimmed:           289 (0.0%)
  R1 poly-G bases removed:            10704
R2 reads with poly-G trimmed:          1670 (0.1%)
  R2 poly-G bases removed:           329690

=== Paired-end validation ===

Pairs analyzed:                     1999442
Pairs removed:                         2728 (0.1%)
Unpaired R1 kept:                      2440
Unpaired R2 kept:                       104
Report: /scratch4/workspace/jade_fiorilla_student_uml_edu-rawseqorcc/trimmed/2024_Both02_Null_O12_gill_S236_R1_001.fastq.gz_trimming_report.txt
JSON report: /scratch4/workspace/jade_fiorilla_student_uml_edu-rawseqorcc/trimmed/2024_Both02_Null_O12_gill_S236_R1_001.fastq.gz_trimming_report.json
Report: /scratch4/workspace/jade_fiorilla_student_uml_edu-rawseqorcc/trimmed/2024_Both02_Null_O12_gill_S236_R2_001.fastq.gz_trimming_report.txt
JSON report: /scratch4/workspace/jade_fiorilla_student_uml_edu-rawseqorcc/trimmed/2024_Both02_Null_O12_gill_S236_R2_001.fastq.gz_trimming_report.json

Running FastQC on /scratch4/workspace/jade_fiorilla_student_uml_edu-rawseqorcc/trimmed/2024_Both02_Null_O12_gill_S236_R1_001_val_1.fq.gz

Running FastQC on /scratch4/workspace/jade_fiorilla_student_uml_edu-rawseqorcc/trimmed/2024_Both02_Null_O12_gill_S236_R2_001_val_2.fq.gz
Running Trim Galore on: 

Trim Galore v2.3.0
unknown — linux/x86_64 — built 2026-06-27T16:23:35Z
==================================================

Using 4 worker threads (parallel trim + compress)
Auto-detecting adapter type...
Using Nextera adapter for trimming (count: 282795). Second best hit was smallRNA (count: 133).
Adapter: Nextera (CTGTCTCTTATA)

Poly-G trimming: ENABLED (auto-detected). 269509 of 734535 reads (36.69%) have poly-G tails (>=10bp) — consistent with 2-colour chemistry (NovaSeq/NextSeq). To disable: --no_poly_g
Trimming (paired-end):
  R1: /scratch4/workspace/jade_fiorilla_student_uml_edu-rawseqorcc/fastq/2024_Both02_Null_O12_gut_S71_R1_001.fastq.gz
  R2: /scratch4/workspace/jade_fiorilla_student_uml_edu-rawseqorcc/fastq/2024_Both02_Null_O12_gut_S71_R2_001.fastq.gz
  Output R1: /scratch4/workspace/jade_fiorilla_student_uml_edu-rawseqorcc/trimmed/2024_Both02_Null_O12_gut_S71_R1_001_val_1.fq.gz
  Output R2: /scratch4/workspace/jade_fiorilla_student_uml_edu-rawseqorcc/trimmed/2024_Both02_Null_O12_gut_S71_R2_001_val_2.fq.gz

=== Summary (Read 1) ===

Total reads processed:               734535
Reads with adapters:                 724542 (98.6%)

=== Summary (Read 2) ===

Total reads processed:               734535
Reads with adapters:                 721729 (98.3%)
R1 reads with poly-G trimmed:           951 (0.1%)
  R1 poly-G bases removed:           146860
R2 reads with poly-G trimmed:          1209 (0.2%)
  R2 poly-G bases removed:           254329

=== Paired-end validation ===

Pairs analyzed:                      734535
Pairs removed:                         1058 (0.1%)
Unpaired R1 kept:                       823
Unpaired R2 kept:                        53
Report: /scratch4/workspace/jade_fiorilla_student_uml_edu-rawseqorcc/trimmed/2024_Both02_Null_O12_gut_S71_R1_001.fastq.gz_trimming_report.txt
JSON report: /scratch4/workspace/jade_fiorilla_student_uml_edu-rawseqorcc/trimmed/2024_Both02_Null_O12_gut_S71_R1_001.fastq.gz_trimming_report.json
Report: /scratch4/workspace/jade_fiorilla_student_uml_edu-rawseqorcc/trimmed/2024_Both02_Null_O12_gut_S71_R2_001.fastq.gz_trimming_report.txt
JSON report: /scratch4/workspace/jade_fiorilla_student_uml_edu-rawseqorcc/trimmed/2024_Both02_Null_O12_gut_S71_R2_001.fastq.gz_trimming_report.json

Running FastQC on /scratch4/workspace/jade_fiorilla_student_uml_edu-rawseqorcc/trimmed/2024_Both02_Null_O12_gut_S71_R1_001_val_1.fq.gz

Running FastQC on /scratch4/workspace/jade_fiorilla_student_uml_edu-rawseqorcc/trimmed/2024_Both02_Null_O12_gut_S71_R2_001_val_2.fq.gz
Running Trim Galore on: 

Trim Galore v2.3.0
unknown — linux/x86_64 — built 2026-06-27T16:23:35Z
==================================================

Using 4 worker threads (parallel trim + compress)
Auto-detecting adapter type...
Using Nextera adapter for trimming (count: 428091). Second best hit was smallRNA (count: 228).
Adapter: Nextera (CTGTCTCTTATA)

Poly-G trimming: ENABLED (auto-detected). 349670 of 1000000 reads (34.97%) have poly-G tails (>=10bp) — consistent with 2-colour chemistry (NovaSeq/NextSeq). To disable: --no_poly_g
Trimming (paired-end):
  R1: /scratch4/workspace/jade_fiorilla_student_uml_edu-rawseqorcc/fastq/2024_Both03_Both04_O41_gill_S165_R1_001.fastq.gz
  R2: /scratch4/workspace/jade_fiorilla_student_uml_edu-rawseqorcc/fastq/2024_Both03_Both04_O41_gill_S165_R2_001.fastq.gz
  Output R1: /scratch4/workspace/jade_fiorilla_student_uml_edu-rawseqorcc/trimmed/2024_Both03_Both04_O41_gill_S165_R1_001_val_1.fq.gz
  Output R2: /scratch4/workspace/jade_fiorilla_student_uml_edu-rawseqorcc/trimmed/2024_Both03_Both04_O41_gill_S165_R2_001_val_2.fq.gz

=== Summary (Read 1) ===

Total reads processed:              1081260
Reads with adapters:                1072199 (99.2%)

=== Summary (Read 2) ===

Total reads processed:              1081260
Reads with adapters:                1066716 (98.7%)
R1 reads with poly-G trimmed:          1486 (0.1%)
  R1 poly-G bases removed:           207530
R2 reads with poly-G trimmed:          1725 (0.2%)
  R2 poly-G bases removed:           296655

=== Paired-end validation ===

Pairs analyzed:                     1081260
Pairs removed:                         1614 (0.1%)
Unpaired R1 kept:                      1335
Unpaired R2 kept:                        75
Report: /scratch4/workspace/jade_fiorilla_student_uml_edu-rawseqorcc/trimmed/2024_Both03_Both04_O41_gill_S165_R1_001.fastq.gz_trimming_report.txt
JSON report: /scratch4/workspace/jade_fiorilla_student_uml_edu-rawseqorcc/trimmed/2024_Both03_Both04_O41_gill_S165_R1_001.fastq.gz_trimming_report.json
Report: /scratch4/workspace/jade_fiorilla_student_uml_edu-rawseqorcc/trimmed/2024_Both03_Both04_O41_gill_S165_R2_001.fastq.gz_trimming_report.txt
JSON report: /scratch4/workspace/jade_fiorilla_student_uml_edu-rawseqorcc/trimmed/2024_Both03_Both04_O41_gill_S165_R2_001.fastq.gz_trimming_report.json

Running FastQC on /scratch4/workspace/jade_fiorilla_student_uml_edu-rawseqorcc/trimmed/2024_Both03_Both04_O41_gill_S165_R1_001_val_1.fq.gz

Running FastQC on /scratch4/workspace/jade_fiorilla_student_uml_edu-rawseqorcc/trimmed/2024_Both03_Both04_O41_gill_S165_R2_001_val_2.fq.gz
Running Trim Galore on: 

Trim Galore v2.3.0
unknown — linux/x86_64 — built 2026-06-27T16:23:35Z
==================================================

Using 4 worker threads (parallel trim + compress)
Auto-detecting adapter type...
Using Nextera adapter for trimming (count: 416896). Second best hit was smallRNA (count: 388).
Adapter: Nextera (CTGTCTCTTATA)

Poly-G trimming: ENABLED (auto-detected). 382774 of 1000000 reads (38.28%) have poly-G tails (>=10bp) — consistent with 2-colour chemistry (NovaSeq/NextSeq). To disable: --no_poly_g
Trimming (paired-end):
  R1: /scratch4/workspace/jade_fiorilla_student_uml_edu-rawseqorcc/fastq/2024_Both03_Both04_O41_gut_S166_R1_001.fastq.gz
  R2: /scratch4/workspace/jade_fiorilla_student_uml_edu-rawseqorcc/fastq/2024_Both03_Both04_O41_gut_S166_R2_001.fastq.gz
  Output R1: /scratch4/workspace/jade_fiorilla_student_uml_edu-rawseqorcc/trimmed/2024_Both03_Both04_O41_gut_S166_R1_001_val_1.fq.gz
  Output R2: /scratch4/workspace/jade_fiorilla_student_uml_edu-rawseqorcc/trimmed/2024_Both03_Both04_O41_gut_S166_R2_001_val_2.fq.gz

=== Summary (Read 1) ===

Total reads processed:              1358734
Reads with adapters:                1349805 (99.3%)

=== Summary (Read 2) ===

Total reads processed:              1358734
Reads with adapters:                1344779 (99.0%)
R1 reads with poly-G trimmed:          1819 (0.1%)
  R1 poly-G bases removed:           286069
R2 reads with poly-G trimmed:          2281 (0.2%)
  R2 poly-G bases removed:           442493

=== Paired-end validation ===

Pairs analyzed:                     1358734
Pairs removed:                         2071 (0.2%)
Unpaired R1 kept:                      1643
Unpaired R2 kept:                       116
Report: /scratch4/workspace/jade_fiorilla_student_uml_edu-rawseqorcc/trimmed/2024_Both03_Both04_O41_gut_S166_R1_001.fastq.gz_trimming_report.txt
JSON report: /scratch4/workspace/jade_fiorilla_student_uml_edu-rawseqorcc/trimmed/2024_Both03_Both04_O41_gut_S166_R1_001.fastq.gz_trimming_report.json
Report: /scratch4/workspace/jade_fiorilla_student_uml_edu-rawseqorcc/trimmed/2024_Both03_Both04_O41_gut_S166_R2_001.fastq.gz_trimming_report.txt
JSON report: /scratch4/workspace/jade_fiorilla_student_uml_edu-rawseqorcc/trimmed/2024_Both03_Both04_O41_gut_S166_R2_001.fastq.gz_trimming_report.json

Running FastQC on /scratch4/workspace/jade_fiorilla_student_uml_edu-rawseqorcc/trimmed/2024_Both03_Both04_O41_gut_S166_R1_001_val_1.fq.gz

Running FastQC on /scratch4/workspace/jade_fiorilla_student_uml_edu-rawseqorcc/trimmed/2024_Both03_Both04_O41_gut_S166_R2_001_val_2.fq.gz
Running Trim Galore on: 

Trim Galore v2.3.0
unknown — linux/x86_64 — built 2026-06-27T16:23:35Z
==================================================

Using 4 worker threads (parallel trim + compress)
Auto-detecting adapter type...
Using Nextera adapter for trimming (count: 339261). Second best hit was smallRNA (count: 415).
Adapter: Nextera (CTGTCTCTTATA)

Poly-G trimming: ENABLED (auto-detected). 336293 of 1000000 reads (33.63%) have poly-G tails (>=10bp) — consistent with 2-colour chemistry (NovaSeq/NextSeq). To disable: --no_poly_g
Trimming (paired-end):
  R1: /scratch4/workspace/jade_fiorilla_student_uml_edu-rawseqorcc/fastq/2024_Both03_Cont03_O30_gill_S138_R1_001.fastq.gz
  R2: /scratch4/workspace/jade_fiorilla_student_uml_edu-rawseqorcc/fastq/2024_Both03_Cont03_O30_gill_S138_R2_001.fastq.gz
  Output R1: /scratch4/workspace/jade_fiorilla_student_uml_edu-rawseqorcc/trimmed/2024_Both03_Cont03_O30_gill_S138_R1_001_val_1.fq.gz
  Output R2: /scratch4/workspace/jade_fiorilla_student_uml_edu-rawseqorcc/trimmed/2024_Both03_Cont03_O30_gill_S138_R2_001_val_2.fq.gz

=== Summary (Read 1) ===

Total reads processed:              1527114
Reads with adapters:                1494786 (97.9%)

=== Summary (Read 2) ===

Total reads processed:              1527114
Reads with adapters:                1492357 (97.7%)
R1 reads with poly-G trimmed:          1864 (0.1%)
  R1 poly-G bases removed:           269329
R2 reads with poly-G trimmed:          2532 (0.2%)
  R2 poly-G bases removed:           510327

=== Paired-end validation ===

Pairs analyzed:                     1527114
Pairs removed:                         2439 (0.2%)
Unpaired R1 kept:                      1998
Unpaired R2 kept:                       120
Report: /scratch4/workspace/jade_fiorilla_student_uml_edu-rawseqorcc/trimmed/2024_Both03_Cont03_O30_gill_S138_R1_001.fastq.gz_trimming_report.txt
JSON report: /scratch4/workspace/jade_fiorilla_student_uml_edu-rawseqorcc/trimmed/2024_Both03_Cont03_O30_gill_S138_R1_001.fastq.gz_trimming_report.json
Report: /scratch4/workspace/jade_fiorilla_student_uml_edu-rawseqorcc/trimmed/2024_Both03_Cont03_O30_gill_S138_R2_001.fastq.gz_trimming_report.txt
JSON report: /scratch4/workspace/jade_fiorilla_student_uml_edu-rawseqorcc/trimmed/2024_Both03_Cont03_O30_gill_S138_R2_001.fastq.gz_trimming_report.json

Running FastQC on /scratch4/workspace/jade_fiorilla_student_uml_edu-rawseqorcc/trimmed/2024_Both03_Cont03_O30_gill_S138_R1_001_val_1.fq.gz

Running FastQC on /scratch4/workspace/jade_fiorilla_student_uml_edu-rawseqorcc/trimmed/2024_Both03_Cont03_O30_gill_S138_R2_001_val_2.fq.gz
Running Trim Galore on: 

Trim Galore v2.3.0
unknown — linux/x86_64 — built 2026-06-27T16:23:35Z
==================================================

Using 4 worker threads (parallel trim + compress)
Auto-detecting adapter type...
Using Nextera adapter for trimming (count: 675509). Second best hit was smallRNA (count: 607).
Adapter: Nextera (CTGTCTCTTATA)

Poly-G trimming: ENABLED (auto-detected). 680447 of 1000000 reads (68.04%) have poly-G tails (>=10bp) — consistent with 2-colour chemistry (NovaSeq/NextSeq). To disable: --no_poly_g
Trimming (paired-end):
  R1: /scratch4/workspace/jade_fiorilla_student_uml_edu-rawseqorcc/fastq/2024_Both03_Cont03_O30_gut_S34_R1_001.fastq.gz
  R2: /scratch4/workspace/jade_fiorilla_student_uml_edu-rawseqorcc/fastq/2024_Both03_Cont03_O30_gut_S34_R2_001.fastq.gz
  Output R1: /scratch4/workspace/jade_fiorilla_student_uml_edu-rawseqorcc/trimmed/2024_Both03_Cont03_O30_gut_S34_R1_001_val_1.fq.gz
  Output R2: /scratch4/workspace/jade_fiorilla_student_uml_edu-rawseqorcc/trimmed/2024_Both03_Cont03_O30_gut_S34_R2_001_val_2.fq.gz

=== Summary (Read 1) ===

Total reads processed:              1285203
Reads with adapters:                1277465 (99.4%)

=== Summary (Read 2) ===

Total reads processed:              1285203
Reads with adapters:                1270175 (98.8%)
R1 reads with poly-G trimmed:          2131 (0.2%)
  R1 poly-G bases removed:           419178
R2 reads with poly-G trimmed:          2835 (0.2%)
  R2 poly-G bases removed:           608826

=== Paired-end validation ===

Pairs analyzed:                     1285203
Pairs removed:                         6064 (0.5%)
Unpaired R1 kept:                      1137
Unpaired R2 kept:                        48
Report: /scratch4/workspace/jade_fiorilla_student_uml_edu-rawseqorcc/trimmed/2024_Both03_Cont03_O30_gut_S34_R1_001.fastq.gz_trimming_report.txt
JSON report: /scratch4/workspace/jade_fiorilla_student_uml_edu-rawseqorcc/trimmed/2024_Both03_Cont03_O30_gut_S34_R1_001.fastq.gz_trimming_report.json
Report: /scratch4/workspace/jade_fiorilla_student_uml_edu-rawseqorcc/trimmed/2024_Both03_Cont03_O30_gut_S34_R2_001.fastq.gz_trimming_report.txt
JSON report: /scratch4/workspace/jade_fiorilla_student_uml_edu-rawseqorcc/trimmed/2024_Both03_Cont03_O30_gut_S34_R2_001.fastq.gz_trimming_report.json

Running FastQC on /scratch4/workspace/jade_fiorilla_student_uml_edu-rawseqorcc/trimmed/2024_Both03_Cont03_O30_gut_S34_R1_001_val_1.fq.gz

Running FastQC on /scratch4/workspace/jade_fiorilla_student_uml_edu-rawseqorcc/trimmed/2024_Both03_Cont03_O30_gut_S34_R2_001_val_2.fq.gz
Running Trim Galore on: 

Trim Galore v2.3.0
unknown — linux/x86_64 — built 2026-06-27T16:23:35Z
==================================================

Using 4 worker threads (parallel trim + compress)
Auto-detecting adapter type...
Using Nextera adapter for trimming (count: 323715). Second best hit was smallRNA (count: 474).
Adapter: Nextera (CTGTCTCTTATA)

Poly-G trimming: ENABLED (auto-detected). 286556 of 917781 reads (31.22%) have poly-G tails (>=10bp) — consistent with 2-colour chemistry (NovaSeq/NextSeq). To disable: --no_poly_g
Trimming (paired-end):
  R1: /scratch4/workspace/jade_fiorilla_student_uml_edu-rawseqorcc/fastq/2024_Both03_Cont06_O66_gill_S230_R1_001.fastq.gz
  R2: /scratch4/workspace/jade_fiorilla_student_uml_edu-rawseqorcc/fastq/2024_Both03_Cont06_O66_gill_S230_R2_001.fastq.gz
  Output R1: /scratch4/workspace/jade_fiorilla_student_uml_edu-rawseqorcc/trimmed/2024_Both03_Cont06_O66_gill_S230_R1_001_val_1.fq.gz
  Output R2: /scratch4/workspace/jade_fiorilla_student_uml_edu-rawseqorcc/trimmed/2024_Both03_Cont06_O66_gill_S230_R2_001_val_2.fq.gz

=== Summary (Read 1) ===

Total reads processed:               917781
Reads with adapters:                 871083 (94.9%)

=== Summary (Read 2) ===

Total reads processed:               917781
Reads with adapters:                 869281 (94.7%)
R1 reads with poly-G trimmed:          1219 (0.1%)
  R1 poly-G bases removed:           150906
R2 reads with poly-G trimmed:          1441 (0.2%)
  R2 poly-G bases removed:           238318

=== Paired-end validation ===

Pairs analyzed:                      917781
Pairs removed:                         1122 (0.1%)
Unpaired R1 kept:                       933
Unpaired R2 kept:                        47
Report: /scratch4/workspace/jade_fiorilla_student_uml_edu-rawseqorcc/trimmed/2024_Both03_Cont06_O66_gill_S230_R1_001.fastq.gz_trimming_report.txt
JSON report: /scratch4/workspace/jade_fiorilla_student_uml_edu-rawseqorcc/trimmed/2024_Both03_Cont06_O66_gill_S230_R1_001.fastq.gz_trimming_report.json
Report: /scratch4/workspace/jade_fiorilla_student_uml_edu-rawseqorcc/trimmed/2024_Both03_Cont06_O66_gill_S230_R2_001.fastq.gz_trimming_report.txt
JSON report: /scratch4/workspace/jade_fiorilla_student_uml_edu-rawseqorcc/trimmed/2024_Both03_Cont06_O66_gill_S230_R2_001.fastq.gz_trimming_report.json

Running FastQC on /scratch4/workspace/jade_fiorilla_student_uml_edu-rawseqorcc/trimmed/2024_Both03_Cont06_O66_gill_S230_R1_001_val_1.fq.gz

Running FastQC on /scratch4/workspace/jade_fiorilla_student_uml_edu-rawseqorcc/trimmed/2024_Both03_Cont06_O66_gill_S230_R2_001_val_2.fq.gz
Running Trim Galore on: 

Trim Galore v2.3.0
unknown — linux/x86_64 — built 2026-06-27T16:23:35Z
==================================================

Using 4 worker threads (parallel trim + compress)
Auto-detecting adapter type...
Using Nextera adapter for trimming (count: 417756). Second best hit was smallRNA (count: 75).
Adapter: Nextera (CTGTCTCTTATA)

Poly-G trimming: ENABLED (auto-detected). 420469 of 611275 reads (68.79%) have poly-G tails (>=10bp) — consistent with 2-colour chemistry (NovaSeq/NextSeq). To disable: --no_poly_g
Trimming (paired-end):
  R1: /scratch4/workspace/jade_fiorilla_student_uml_edu-rawseqorcc/fastq/2024_Both03_Cont06_O66_gut_S54_R1_001.fastq.gz
  R2: /scratch4/workspace/jade_fiorilla_student_uml_edu-rawseqorcc/fastq/2024_Both03_Cont06_O66_gut_S54_R2_001.fastq.gz
  Output R1: /scratch4/workspace/jade_fiorilla_student_uml_edu-rawseqorcc/trimmed/2024_Both03_Cont06_O66_gut_S54_R1_001_val_1.fq.gz
  Output R2: /scratch4/workspace/jade_fiorilla_student_uml_edu-rawseqorcc/trimmed/2024_Both03_Cont06_O66_gut_S54_R2_001_val_2.fq.gz

=== Summary (Read 1) ===

Total reads processed:               611275
Reads with adapters:                 607942 (99.5%)

=== Summary (Read 2) ===

Total reads processed:               611275
Reads with adapters:                 603606 (98.7%)
R1 reads with poly-G trimmed:          1052 (0.2%)
  R1 poly-G bases removed:           205796
R2 reads with poly-G trimmed:          1555 (0.3%)
  R2 poly-G bases removed:           338621

=== Paired-end validation ===

Pairs analyzed:                      611275
Pairs removed:                         3423 (0.6%)
Unpaired R1 kept:                       675
Unpaired R2 kept:                        43
Report: /scratch4/workspace/jade_fiorilla_student_uml_edu-rawseqorcc/trimmed/2024_Both03_Cont06_O66_gut_S54_R1_001.fastq.gz_trimming_report.txt
JSON report: /scratch4/workspace/jade_fiorilla_student_uml_edu-rawseqorcc/trimmed/2024_Both03_Cont06_O66_gut_S54_R1_001.fastq.gz_trimming_report.json
Report: /scratch4/workspace/jade_fiorilla_student_uml_edu-rawseqorcc/trimmed/2024_Both03_Cont06_O66_gut_S54_R2_001.fastq.gz_trimming_report.txt
JSON report: /scratch4/workspace/jade_fiorilla_student_uml_edu-rawseqorcc/trimmed/2024_Both03_Cont06_O66_gut_S54_R2_001.fastq.gz_trimming_report.json

Running FastQC on /scratch4/workspace/jade_fiorilla_student_uml_edu-rawseqorcc/trimmed/2024_Both03_Cont06_O66_gut_S54_R1_001_val_1.fq.gz

Running FastQC on /scratch4/workspace/jade_fiorilla_student_uml_edu-rawseqorcc/trimmed/2024_Both03_Cont06_O66_gut_S54_R2_001_val_2.fq.gz
Running Trim Galore on: 

Trim Galore v2.3.0
unknown — linux/x86_64 — built 2026-06-27T16:23:35Z
==================================================

Using 4 worker threads (parallel trim + compress)
Auto-detecting adapter type...
Using Nextera adapter for trimming (count: 67396). Second best hit was smallRNA (count: 523).
Adapter: Nextera (CTGTCTCTTATA)

Poly-G trimming: ENABLED (auto-detected). 48906 of 847972 reads (5.77%) have poly-G tails (>=10bp) — consistent with 2-colour chemistry (NovaSeq/NextSeq). To disable: --no_poly_g
Trimming (paired-end):
  R1: /scratch4/workspace/jade_fiorilla_student_uml_edu-rawseqorcc/fastq/2024_Both03_Hyp04_O41_gill_S220_R1_001.fastq.gz
  R2: /scratch4/workspace/jade_fiorilla_student_uml_edu-rawseqorcc/fastq/2024_Both03_Hyp04_O41_gill_S220_R2_001.fastq.gz
  Output R1: /scratch4/workspace/jade_fiorilla_student_uml_edu-rawseqorcc/trimmed/2024_Both03_Hyp04_O41_gill_S220_R1_001_val_1.fq.gz
  Output R2: /scratch4/workspace/jade_fiorilla_student_uml_edu-rawseqorcc/trimmed/2024_Both03_Hyp04_O41_gill_S220_R2_001_val_2.fq.gz

=== Summary (Read 1) ===

Total reads processed:               847972
Reads with adapters:                 835813 (98.6%)

=== Summary (Read 2) ===

Total reads processed:               847972
Reads with adapters:                 827397 (97.6%)
R1 reads with poly-G trimmed:           448 (0.1%)
  R1 poly-G bases removed:            45174
R2 reads with poly-G trimmed:          1497 (0.2%)
  R2 poly-G bases removed:           301230

=== Paired-end validation ===

Pairs analyzed:                      847972
Pairs removed:                         2039 (0.2%)
Unpaired R1 kept:                      1837
Unpaired R2 kept:                        72
Report: /scratch4/workspace/jade_fiorilla_student_uml_edu-rawseqorcc/trimmed/2024_Both03_Hyp04_O41_gill_S220_R1_001.fastq.gz_trimming_report.txt
JSON report: /scratch4/workspace/jade_fiorilla_student_uml_edu-rawseqorcc/trimmed/2024_Both03_Hyp04_O41_gill_S220_R1_001.fastq.gz_trimming_report.json
Report: /scratch4/workspace/jade_fiorilla_student_uml_edu-rawseqorcc/trimmed/2024_Both03_Hyp04_O41_gill_S220_R2_001.fastq.gz_trimming_report.txt
JSON report: /scratch4/workspace/jade_fiorilla_student_uml_edu-rawseqorcc/trimmed/2024_Both03_Hyp04_O41_gill_S220_R2_001.fastq.gz_trimming_report.json

Running FastQC on /scratch4/workspace/jade_fiorilla_student_uml_edu-rawseqorcc/trimmed/2024_Both03_Hyp04_O41_gill_S220_R1_001_val_1.fq.gz

Running FastQC on /scratch4/workspace/jade_fiorilla_student_uml_edu-rawseqorcc/trimmed/2024_Both03_Hyp04_O41_gill_S220_R2_001_val_2.fq.gz
Running Trim Galore on: 

Trim Galore v2.3.0
unknown — linux/x86_64 — built 2026-06-27T16:23:35Z
==================================================

Using 4 worker threads (parallel trim + compress)
Auto-detecting adapter type...
Using Nextera adapter for trimming (count: 93526). Second best hit was smallRNA (count: 141).
Adapter: Nextera (CTGTCTCTTATA)

Poly-G trimming: ENABLED (auto-detected). 81116 of 802502 reads (10.11%) have poly-G tails (>=10bp) — consistent with 2-colour chemistry (NovaSeq/NextSeq). To disable: --no_poly_g
Trimming (paired-end):
  R1: /scratch4/workspace/jade_fiorilla_student_uml_edu-rawseqorcc/fastq/2024_Both03_Hyp04_O41_gut_S221_R1_001.fastq.gz
  R2: /scratch4/workspace/jade_fiorilla_student_uml_edu-rawseqorcc/fastq/2024_Both03_Hyp04_O41_gut_S221_R2_001.fastq.gz
  Output R1: /scratch4/workspace/jade_fiorilla_student_uml_edu-rawseqorcc/trimmed/2024_Both03_Hyp04_O41_gut_S221_R1_001_val_1.fq.gz
  Output R2: /scratch4/workspace/jade_fiorilla_student_uml_edu-rawseqorcc/trimmed/2024_Both03_Hyp04_O41_gut_S221_R2_001_val_2.fq.gz

=== Summary (Read 1) ===

Total reads processed:               802502
Reads with adapters:                 790653 (98.5%)

=== Summary (Read 2) ===

Total reads processed:               802502
Reads with adapters:                 791907 (98.7%)
R1 reads with poly-G trimmed:           530 (0.1%)
  R1 poly-G bases removed:            61477
R2 reads with poly-G trimmed:          1334 (0.2%)
  R2 poly-G bases removed:           290879

=== Paired-end validation ===

Pairs analyzed:                      802502
Pairs removed:                         1847 (0.2%)
Unpaired R1 kept:                      1679
Unpaired R2 kept:                        74
Report: /scratch4/workspace/jade_fiorilla_student_uml_edu-rawseqorcc/trimmed/2024_Both03_Hyp04_O41_gut_S221_R1_001.fastq.gz_trimming_report.txt
JSON report: /scratch4/workspace/jade_fiorilla_student_uml_edu-rawseqorcc/trimmed/2024_Both03_Hyp04_O41_gut_S221_R1_001.fastq.gz_trimming_report.json
Report: /scratch4/workspace/jade_fiorilla_student_uml_edu-rawseqorcc/trimmed/2024_Both03_Hyp04_O41_gut_S221_R2_001.fastq.gz_trimming_report.txt
JSON report: /scratch4/workspace/jade_fiorilla_student_uml_edu-rawseqorcc/trimmed/2024_Both03_Hyp04_O41_gut_S221_R2_001.fastq.gz_trimming_report.json

Running FastQC on /scratch4/workspace/jade_fiorilla_student_uml_edu-rawseqorcc/trimmed/2024_Both03_Hyp04_O41_gut_S221_R1_001_val_1.fq.gz

Running FastQC on /scratch4/workspace/jade_fiorilla_student_uml_edu-rawseqorcc/trimmed/2024_Both03_Hyp04_O41_gut_S221_R2_001_val_2.fq.gz
Running Trim Galore on: 

Trim Galore v2.3.0
unknown — linux/x86_64 — built 2026-06-27T16:23:35Z
==================================================

Using 4 worker threads (parallel trim + compress)
Auto-detecting adapter type...
Using Nextera adapter for trimming (count: 33826). Second best hit was smallRNA (count: 3).
Adapter: Nextera (CTGTCTCTTATA)

Poly-G trimming: ENABLED (auto-detected). 30463 of 739597 reads (4.12%) have poly-G tails (>=10bp) — consistent with 2-colour chemistry (NovaSeq/NextSeq). To disable: --no_poly_g
Trimming (paired-end):
  R1: /scratch4/workspace/jade_fiorilla_student_uml_edu-rawseqorcc/fastq/2024_Both03_Null_O24_gill_S269_R1_001.fastq.gz
  R2: /scratch4/workspace/jade_fiorilla_student_uml_edu-rawseqorcc/fastq/2024_Both03_Null_O24_gill_S269_R2_001.fastq.gz
  Output R1: /scratch4/workspace/jade_fiorilla_student_uml_edu-rawseqorcc/trimmed/2024_Both03_Null_O24_gill_S269_R1_001_val_1.fq.gz
  Output R2: /scratch4/workspace/jade_fiorilla_student_uml_edu-rawseqorcc/trimmed/2024_Both03_Null_O24_gill_S269_R2_001_val_2.fq.gz

=== Summary (Read 1) ===

Total reads processed:               739597
Reads with adapters:                 734347 (99.3%)

=== Summary (Read 2) ===

Total reads processed:               739597
Reads with adapters:                 732820 (99.1%)
R1 reads with poly-G trimmed:           286 (0.0%)
  R1 poly-G bases removed:            25150
R2 reads with poly-G trimmed:           691 (0.1%)
  R2 poly-G bases removed:           139662

=== Paired-end validation ===

Pairs analyzed:                      739597
Pairs removed:                         1098 (0.1%)
Unpaired R1 kept:                       918
Unpaired R2 kept:                        83
Report: /scratch4/workspace/jade_fiorilla_student_uml_edu-rawseqorcc/trimmed/2024_Both03_Null_O24_gill_S269_R1_001.fastq.gz_trimming_report.txt
JSON report: /scratch4/workspace/jade_fiorilla_student_uml_edu-rawseqorcc/trimmed/2024_Both03_Null_O24_gill_S269_R1_001.fastq.gz_trimming_report.json
Report: /scratch4/workspace/jade_fiorilla_student_uml_edu-rawseqorcc/trimmed/2024_Both03_Null_O24_gill_S269_R2_001.fastq.gz_trimming_report.txt
JSON report: /scratch4/workspace/jade_fiorilla_student_uml_edu-rawseqorcc/trimmed/2024_Both03_Null_O24_gill_S269_R2_001.fastq.gz_trimming_report.json

Running FastQC on /scratch4/workspace/jade_fiorilla_student_uml_edu-rawseqorcc/trimmed/2024_Both03_Null_O24_gill_S269_R1_001_val_1.fq.gz

Running FastQC on /scratch4/workspace/jade_fiorilla_student_uml_edu-rawseqorcc/trimmed/2024_Both03_Null_O24_gill_S269_R2_001_val_2.fq.gz
Running Trim Galore on: 

Trim Galore v2.3.0
unknown — linux/x86_64 — built 2026-06-27T16:23:35Z
==================================================

Using 4 worker threads (parallel trim + compress)
Auto-detecting adapter type...
Using Nextera adapter for trimming (count: 650457). Second best hit was smallRNA (count: 118).
Adapter: Nextera (CTGTCTCTTATA)

Poly-G trimming: ENABLED (auto-detected). 635451 of 1000000 reads (63.55%) have poly-G tails (>=10bp) — consistent with 2-colour chemistry (NovaSeq/NextSeq). To disable: --no_poly_g
Trimming (paired-end):
  R1: /scratch4/workspace/jade_fiorilla_student_uml_edu-rawseqorcc/fastq/2024_Both03_Null_O24_gut_S181_R1_001.fastq.gz
  R2: /scratch4/workspace/jade_fiorilla_student_uml_edu-rawseqorcc/fastq/2024_Both03_Null_O24_gut_S181_R2_001.fastq.gz
  Output R1: /scratch4/workspace/jade_fiorilla_student_uml_edu-rawseqorcc/trimmed/2024_Both03_Null_O24_gut_S181_R1_001_val_1.fq.gz
  Output R2: /scratch4/workspace/jade_fiorilla_student_uml_edu-rawseqorcc/trimmed/2024_Both03_Null_O24_gut_S181_R2_001_val_2.fq.gz

=== Summary (Read 1) ===

Total reads processed:              1648189
Reads with adapters:                1634589 (99.2%)

=== Summary (Read 2) ===

Total reads processed:              1648189
Reads with adapters:                1624311 (98.6%)
R1 reads with poly-G trimmed:          3127 (0.2%)
  R1 poly-G bases removed:           512630
R2 reads with poly-G trimmed:          3732 (0.2%)
  R2 poly-G bases removed:           728260

=== Paired-end validation ===

Pairs analyzed:                     1648189
Pairs removed:                         6040 (0.4%)
Unpaired R1 kept:                      1679
Unpaired R2 kept:                        54
Report: /scratch4/workspace/jade_fiorilla_student_uml_edu-rawseqorcc/trimmed/2024_Both03_Null_O24_gut_S181_R1_001.fastq.gz_trimming_report.txt
JSON report: /scratch4/workspace/jade_fiorilla_student_uml_edu-rawseqorcc/trimmed/2024_Both03_Null_O24_gut_S181_R1_001.fastq.gz_trimming_report.json
Report: /scratch4/workspace/jade_fiorilla_student_uml_edu-rawseqorcc/trimmed/2024_Both03_Null_O24_gut_S181_R2_001.fastq.gz_trimming_report.txt
JSON report: /scratch4/workspace/jade_fiorilla_student_uml_edu-rawseqorcc/trimmed/2024_Both03_Null_O24_gut_S181_R2_001.fastq.gz_trimming_report.json

Running FastQC on /scratch4/workspace/jade_fiorilla_student_uml_edu-rawseqorcc/trimmed/2024_Both03_Null_O24_gut_S181_R1_001_val_1.fq.gz

Running FastQC on /scratch4/workspace/jade_fiorilla_student_uml_edu-rawseqorcc/trimmed/2024_Both03_Null_O24_gut_S181_R2_001_val_2.fq.gz
Running Trim Galore on: 

Trim Galore v2.3.0
unknown — linux/x86_64 — built 2026-06-27T16:23:35Z
==================================================

Using 4 worker threads (parallel trim + compress)
Auto-detecting adapter type...
Using Nextera adapter for trimming (count: 21698). Second best hit was smallRNA (count: 835).
Adapter: Nextera (CTGTCTCTTATA)

Poly-G trimming: ENABLED (auto-detected). 18652 of 1000000 reads (1.87%) have poly-G tails (>=10bp) — consistent with 2-colour chemistry (NovaSeq/NextSeq). To disable: --no_poly_g
Trimming (paired-end):
  R1: /scratch4/workspace/jade_fiorilla_student_uml_edu-rawseqorcc/fastq/2024_Both03_Warm01_O6_gill_S197_R1_001.fastq.gz
  R2: /scratch4/workspace/jade_fiorilla_student_uml_edu-rawseqorcc/fastq/2024_Both03_Warm01_O6_gill_S197_R2_001.fastq.gz
  Output R1: /scratch4/workspace/jade_fiorilla_student_uml_edu-rawseqorcc/trimmed/2024_Both03_Warm01_O6_gill_S197_R1_001_val_1.fq.gz
  Output R2: /scratch4/workspace/jade_fiorilla_student_uml_edu-rawseqorcc/trimmed/2024_Both03_Warm01_O6_gill_S197_R2_001_val_2.fq.gz

=== Summary (Read 1) ===

Total reads processed:              1658469
Reads with adapters:                1606139 (96.8%)

=== Summary (Read 2) ===

Total reads processed:              1658469
Reads with adapters:                1533307 (92.5%)
R1 reads with poly-G trimmed:          9969 (0.6%)
  R1 poly-G bases removed:            55019
R2 reads with poly-G trimmed:         13896 (0.8%)
  R2 poly-G bases removed:           852801

=== Paired-end validation ===

Pairs analyzed:                     1658469
Pairs removed:                         5444 (0.3%)
Unpaired R1 kept:                      5160
Unpaired R2 kept:                       118
Report: /scratch4/workspace/jade_fiorilla_student_uml_edu-rawseqorcc/trimmed/2024_Both03_Warm01_O6_gill_S197_R1_001.fastq.gz_trimming_report.txt
JSON report: /scratch4/workspace/jade_fiorilla_student_uml_edu-rawseqorcc/trimmed/2024_Both03_Warm01_O6_gill_S197_R1_001.fastq.gz_trimming_report.json
Report: /scratch4/workspace/jade_fiorilla_student_uml_edu-rawseqorcc/trimmed/2024_Both03_Warm01_O6_gill_S197_R2_001.fastq.gz_trimming_report.txt
JSON report: /scratch4/workspace/jade_fiorilla_student_uml_edu-rawseqorcc/trimmed/2024_Both03_Warm01_O6_gill_S197_R2_001.fastq.gz_trimming_report.json

Running FastQC on /scratch4/workspace/jade_fiorilla_student_uml_edu-rawseqorcc/trimmed/2024_Both03_Warm01_O6_gill_S197_R1_001_val_1.fq.gz

Running FastQC on /scratch4/workspace/jade_fiorilla_student_uml_edu-rawseqorcc/trimmed/2024_Both03_Warm01_O6_gill_S197_R2_001_val_2.fq.gz
Running Trim Galore on: 

Trim Galore v2.3.0
unknown — linux/x86_64 — built 2026-06-27T16:23:35Z
==================================================

Using 4 worker threads (parallel trim + compress)
Auto-detecting adapter type...
Using Nextera adapter for trimming (count: 110950). Second best hit was smallRNA (count: 1861).
Adapter: Nextera (CTGTCTCTTATA)

Poly-G trimming: ENABLED (auto-detected). 111920 of 871444 reads (12.84%) have poly-G tails (>=10bp) — consistent with 2-colour chemistry (NovaSeq/NextSeq). To disable: --no_poly_g
Trimming (paired-end):
  R1: /scratch4/workspace/jade_fiorilla_student_uml_edu-rawseqorcc/fastq/2024_Both03_Warm01_O6_gut_S4_R1_001.fastq.gz
  R2: /scratch4/workspace/jade_fiorilla_student_uml_edu-rawseqorcc/fastq/2024_Both03_Warm01_O6_gut_S4_R2_001.fastq.gz
  Output R1: /scratch4/workspace/jade_fiorilla_student_uml_edu-rawseqorcc/trimmed/2024_Both03_Warm01_O6_gut_S4_R1_001_val_1.fq.gz
  Output R2: /scratch4/workspace/jade_fiorilla_student_uml_edu-rawseqorcc/trimmed/2024_Both03_Warm01_O6_gut_S4_R2_001_val_2.fq.gz

=== Summary (Read 1) ===

Total reads processed:               871444
Reads with adapters:                 844711 (96.9%)

=== Summary (Read 2) ===

Total reads processed:               871444
Reads with adapters:                 848437 (97.4%)
R1 reads with poly-G trimmed:          5670 (0.7%)
  R1 poly-G bases removed:           123691
R2 reads with poly-G trimmed:          7328 (0.8%)
  R2 poly-G bases removed:           423083

=== Paired-end validation ===

Pairs analyzed:                      871444
Pairs removed:                         2214 (0.3%)
Unpaired R1 kept:                      2034
Unpaired R2 kept:                        64
Report: /scratch4/workspace/jade_fiorilla_student_uml_edu-rawseqorcc/trimmed/2024_Both03_Warm01_O6_gut_S4_R1_001.fastq.gz_trimming_report.txt
JSON report: /scratch4/workspace/jade_fiorilla_student_uml_edu-rawseqorcc/trimmed/2024_Both03_Warm01_O6_gut_S4_R1_001.fastq.gz_trimming_report.json
Report: /scratch4/workspace/jade_fiorilla_student_uml_edu-rawseqorcc/trimmed/2024_Both03_Warm01_O6_gut_S4_R2_001.fastq.gz_trimming_report.txt
JSON report: /scratch4/workspace/jade_fiorilla_student_uml_edu-rawseqorcc/trimmed/2024_Both03_Warm01_O6_gut_S4_R2_001.fastq.gz_trimming_report.json

Running FastQC on /scratch4/workspace/jade_fiorilla_student_uml_edu-rawseqorcc/trimmed/2024_Both03_Warm01_O6_gut_S4_R1_001_val_1.fq.gz

Running FastQC on /scratch4/workspace/jade_fiorilla_student_uml_edu-rawseqorcc/trimmed/2024_Both03_Warm01_O6_gut_S4_R2_001_val_2.fq.gz
Running Trim Galore on: 

Trim Galore v2.3.0
unknown — linux/x86_64 — built 2026-06-27T16:23:35Z
==================================================

Using 4 worker threads (parallel trim + compress)
Auto-detecting adapter type...
Using Nextera adapter for trimming (count: 203510). Second best hit was smallRNA (count: 1001).
Adapter: Nextera (CTGTCTCTTATA)

Poly-G trimming: ENABLED (auto-detected). 86758 of 1000000 reads (8.68%) have poly-G tails (>=10bp) — consistent with 2-colour chemistry (NovaSeq/NextSeq). To disable: --no_poly_g
Trimming (paired-end):
  R1: /scratch4/workspace/jade_fiorilla_student_uml_edu-rawseqorcc/fastq/2024_Both03_Warm04_O41_gill_S198_R1_001.fastq.gz
  R2: /scratch4/workspace/jade_fiorilla_student_uml_edu-rawseqorcc/fastq/2024_Both03_Warm04_O41_gill_S198_R2_001.fastq.gz
  Output R1: /scratch4/workspace/jade_fiorilla_student_uml_edu-rawseqorcc/trimmed/2024_Both03_Warm04_O41_gill_S198_R1_001_val_1.fq.gz
  Output R2: /scratch4/workspace/jade_fiorilla_student_uml_edu-rawseqorcc/trimmed/2024_Both03_Warm04_O41_gill_S198_R2_001_val_2.fq.gz

=== Summary (Read 1) ===

Total reads processed:              1331602
Reads with adapters:                1315512 (98.8%)

=== Summary (Read 2) ===

Total reads processed:              1331602
Reads with adapters:                1276279 (95.8%)
R1 reads with poly-G trimmed:          8445 (0.6%)
  R1 poly-G bases removed:           114721
R2 reads with poly-G trimmed:         12049 (0.9%)
  R2 poly-G bases removed:           653473

=== Paired-end validation ===

Pairs analyzed:                     1331602
Pairs removed:                         3807 (0.3%)
Unpaired R1 kept:                      3591
Unpaired R2 kept:                        80
Report: /scratch4/workspace/jade_fiorilla_student_uml_edu-rawseqorcc/trimmed/2024_Both03_Warm04_O41_gill_S198_R1_001.fastq.gz_trimming_report.txt
JSON report: /scratch4/workspace/jade_fiorilla_student_uml_edu-rawseqorcc/trimmed/2024_Both03_Warm04_O41_gill_S198_R1_001.fastq.gz_trimming_report.json
Report: /scratch4/workspace/jade_fiorilla_student_uml_edu-rawseqorcc/trimmed/2024_Both03_Warm04_O41_gill_S198_R2_001.fastq.gz_trimming_report.txt
JSON report: /scratch4/workspace/jade_fiorilla_student_uml_edu-rawseqorcc/trimmed/2024_Both03_Warm04_O41_gill_S198_R2_001.fastq.gz_trimming_report.json

Running FastQC on /scratch4/workspace/jade_fiorilla_student_uml_edu-rawseqorcc/trimmed/2024_Both03_Warm04_O41_gill_S198_R1_001_val_1.fq.gz

Running FastQC on /scratch4/workspace/jade_fiorilla_student_uml_edu-rawseqorcc/trimmed/2024_Both03_Warm04_O41_gill_S198_R2_001_val_2.fq.gz
Running Trim Galore on: 

Trim Galore v2.3.0
unknown — linux/x86_64 — built 2026-06-27T16:23:35Z
==================================================

Using 4 worker threads (parallel trim + compress)
Auto-detecting adapter type...
Using Nextera adapter for trimming (count: 63154). Second best hit was smallRNA (count: 1556).
Adapter: Nextera (CTGTCTCTTATA)

Poly-G trimming: ENABLED (auto-detected). 60577 of 914117 reads (6.63%) have poly-G tails (>=10bp) — consistent with 2-colour chemistry (NovaSeq/NextSeq). To disable: --no_poly_g
Trimming (paired-end):
  R1: /scratch4/workspace/jade_fiorilla_student_uml_edu-rawseqorcc/fastq/2024_Both03_Warm04_O41_gut_S5_R1_001.fastq.gz
  R2: /scratch4/workspace/jade_fiorilla_student_uml_edu-rawseqorcc/fastq/2024_Both03_Warm04_O41_gut_S5_R2_001.fastq.gz
  Output R1: /scratch4/workspace/jade_fiorilla_student_uml_edu-rawseqorcc/trimmed/2024_Both03_Warm04_O41_gut_S5_R1_001_val_1.fq.gz
  Output R2: /scratch4/workspace/jade_fiorilla_student_uml_edu-rawseqorcc/trimmed/2024_Both03_Warm04_O41_gut_S5_R2_001_val_2.fq.gz

=== Summary (Read 1) ===

Total reads processed:               914117
Reads with adapters:                 903102 (98.8%)

=== Summary (Read 2) ===

Total reads processed:               914117
Reads with adapters:                 894313 (97.8%)
R1 reads with poly-G trimmed:          5397 (0.6%)
  R1 poly-G bases removed:            84988
R2 reads with poly-G trimmed:          8163 (0.9%)
  R2 poly-G bases removed:           492184

=== Paired-end validation ===

Pairs analyzed:                      914117
Pairs removed:                         2628 (0.3%)
Unpaired R1 kept:                      2513
Unpaired R2 kept:                        44
Report: /scratch4/workspace/jade_fiorilla_student_uml_edu-rawseqorcc/trimmed/2024_Both03_Warm04_O41_gut_S5_R1_001.fastq.gz_trimming_report.txt
JSON report: /scratch4/workspace/jade_fiorilla_student_uml_edu-rawseqorcc/trimmed/2024_Both03_Warm04_O41_gut_S5_R1_001.fastq.gz_trimming_report.json
Report: /scratch4/workspace/jade_fiorilla_student_uml_edu-rawseqorcc/trimmed/2024_Both03_Warm04_O41_gut_S5_R2_001.fastq.gz_trimming_report.txt
JSON report: /scratch4/workspace/jade_fiorilla_student_uml_edu-rawseqorcc/trimmed/2024_Both03_Warm04_O41_gut_S5_R2_001.fastq.gz_trimming_report.json

Running FastQC on /scratch4/workspace/jade_fiorilla_student_uml_edu-rawseqorcc/trimmed/2024_Both03_Warm04_O41_gut_S5_R1_001_val_1.fq.gz

Running FastQC on /scratch4/workspace/jade_fiorilla_student_uml_edu-rawseqorcc/trimmed/2024_Both03_Warm04_O41_gut_S5_R2_001_val_2.fq.gz
Running Trim Galore on: 

Trim Galore v2.3.0
unknown — linux/x86_64 — built 2026-06-27T16:23:35Z
==================================================

Using 4 worker threads (parallel trim + compress)
Auto-detecting adapter type...
Using Nextera adapter for trimming (count: 297450). Second best hit was smallRNA (count: 101).
Adapter: Nextera (CTGTCTCTTATA)

Poly-G trimming: ENABLED (auto-detected). 299845 of 1000000 reads (29.98%) have poly-G tails (>=10bp) — consistent with 2-colour chemistry (NovaSeq/NextSeq). To disable: --no_poly_g
Trimming (paired-end):
  R1: /scratch4/workspace/jade_fiorilla_student_uml_edu-rawseqorcc/fastq/2024_Both04_Both02_O19_gill_S139_R1_001.fastq.gz
  R2: /scratch4/workspace/jade_fiorilla_student_uml_edu-rawseqorcc/fastq/2024_Both04_Both02_O19_gill_S139_R2_001.fastq.gz
  Output R1: /scratch4/workspace/jade_fiorilla_student_uml_edu-rawseqorcc/trimmed/2024_Both04_Both02_O19_gill_S139_R1_001_val_1.fq.gz
  Output R2: /scratch4/workspace/jade_fiorilla_student_uml_edu-rawseqorcc/trimmed/2024_Both04_Both02_O19_gill_S139_R2_001_val_2.fq.gz

=== Summary (Read 1) ===

Total reads processed:              1574921
Reads with adapters:                1553266 (98.6%)

=== Summary (Read 2) ===

Total reads processed:              1574921
Reads with adapters:                1549267 (98.4%)
R1 reads with poly-G trimmed:          2906 (0.2%)
  R1 poly-G bases removed:           497148
R2 reads with poly-G trimmed:          2443 (0.2%)
  R2 poly-G bases removed:           477093

=== Paired-end validation ===

Pairs analyzed:                     1574921
Pairs removed:                         2579 (0.2%)
Unpaired R1 kept:                      2190
Unpaired R2 kept:                       134
Report: /scratch4/workspace/jade_fiorilla_student_uml_edu-rawseqorcc/trimmed/2024_Both04_Both02_O19_gill_S139_R1_001.fastq.gz_trimming_report.txt
JSON report: /scratch4/workspace/jade_fiorilla_student_uml_edu-rawseqorcc/trimmed/2024_Both04_Both02_O19_gill_S139_R1_001.fastq.gz_trimming_report.json
Report: /scratch4/workspace/jade_fiorilla_student_uml_edu-rawseqorcc/trimmed/2024_Both04_Both02_O19_gill_S139_R2_001.fastq.gz_trimming_report.txt
JSON report: /scratch4/workspace/jade_fiorilla_student_uml_edu-rawseqorcc/trimmed/2024_Both04_Both02_O19_gill_S139_R2_001.fastq.gz_trimming_report.json

Running FastQC on /scratch4/workspace/jade_fiorilla_student_uml_edu-rawseqorcc/trimmed/2024_Both04_Both02_O19_gill_S139_R1_001_val_1.fq.gz

Running FastQC on /scratch4/workspace/jade_fiorilla_student_uml_edu-rawseqorcc/trimmed/2024_Both04_Both02_O19_gill_S139_R2_001_val_2.fq.gz
Running Trim Galore on: 

Trim Galore v2.3.0
unknown — linux/x86_64 — built 2026-06-27T16:23:35Z
==================================================

Using 4 worker threads (parallel trim + compress)
Auto-detecting adapter type...
Using Nextera adapter for trimming (count: 515828). Second best hit was smallRNA (count: 44).
Adapter: Nextera (CTGTCTCTTATA)

Poly-G trimming: ENABLED (auto-detected). 519636 of 685555 reads (75.80%) have poly-G tails (>=10bp) — consistent with 2-colour chemistry (NovaSeq/NextSeq). To disable: --no_poly_g
Trimming (paired-end):
  R1: /scratch4/workspace/jade_fiorilla_student_uml_edu-rawseqorcc/fastq/2024_Both04_Both02_O19_gut_S35_R1_001.fastq.gz
  R2: /scratch4/workspace/jade_fiorilla_student_uml_edu-rawseqorcc/fastq/2024_Both04_Both02_O19_gut_S35_R2_001.fastq.gz
  Output R1: /scratch4/workspace/jade_fiorilla_student_uml_edu-rawseqorcc/trimmed/2024_Both04_Both02_O19_gut_S35_R1_001_val_1.fq.gz
  Output R2: /scratch4/workspace/jade_fiorilla_student_uml_edu-rawseqorcc/trimmed/2024_Both04_Both02_O19_gut_S35_R2_001_val_2.fq.gz

=== Summary (Read 1) ===

Total reads processed:               685555
Reads with adapters:                 680259 (99.2%)

=== Summary (Read 2) ===

Total reads processed:               685555
Reads with adapters:                 675553 (98.5%)
R1 reads with poly-G trimmed:          1569 (0.2%)
  R1 poly-G bases removed:           308735
R2 reads with poly-G trimmed:          2058 (0.3%)
  R2 poly-G bases removed:           446246

=== Paired-end validation ===

Pairs analyzed:                      685555
Pairs removed:                         3527 (0.5%)
Unpaired R1 kept:                       655
Unpaired R2 kept:                        30
Report: /scratch4/workspace/jade_fiorilla_student_uml_edu-rawseqorcc/trimmed/2024_Both04_Both02_O19_gut_S35_R1_001.fastq.gz_trimming_report.txt
JSON report: /scratch4/workspace/jade_fiorilla_student_uml_edu-rawseqorcc/trimmed/2024_Both04_Both02_O19_gut_S35_R1_001.fastq.gz_trimming_report.json
Report: /scratch4/workspace/jade_fiorilla_student_uml_edu-rawseqorcc/trimmed/2024_Both04_Both02_O19_gut_S35_R2_001.fastq.gz_trimming_report.txt
JSON report: /scratch4/workspace/jade_fiorilla_student_uml_edu-rawseqorcc/trimmed/2024_Both04_Both02_O19_gut_S35_R2_001.fastq.gz_trimming_report.json

Running FastQC on /scratch4/workspace/jade_fiorilla_student_uml_edu-rawseqorcc/trimmed/2024_Both04_Both02_O19_gut_S35_R1_001_val_1.fq.gz

Running FastQC on /scratch4/workspace/jade_fiorilla_student_uml_edu-rawseqorcc/trimmed/2024_Both04_Both02_O19_gut_S35_R2_001_val_2.fq.gz
Running Trim Galore on: 

Trim Galore v2.3.0
unknown — linux/x86_64 — built 2026-06-27T16:23:35Z
==================================================

Using 4 worker threads (parallel trim + compress)
Auto-detecting adapter type...
Using Nextera adapter for trimming (count: 465086). Second best hit was smallRNA (count: 634).
Adapter: Nextera (CTGTCTCTTATA)

Poly-G trimming: ENABLED (auto-detected). 466843 of 1000000 reads (46.68%) have poly-G tails (>=10bp) — consistent with 2-colour chemistry (NovaSeq/NextSeq). To disable: --no_poly_g
Trimming (paired-end):
  R1: /scratch4/workspace/jade_fiorilla_student_uml_edu-rawseqorcc/fastq/2024_Both04_Both03_O32_gill_S140_R1_001.fastq.gz
  R2: /scratch4/workspace/jade_fiorilla_student_uml_edu-rawseqorcc/fastq/2024_Both04_Both03_O32_gill_S140_R2_001.fastq.gz
  Output R1: /scratch4/workspace/jade_fiorilla_student_uml_edu-rawseqorcc/trimmed/2024_Both04_Both03_O32_gill_S140_R1_001_val_1.fq.gz
  Output R2: /scratch4/workspace/jade_fiorilla_student_uml_edu-rawseqorcc/trimmed/2024_Both04_Both03_O32_gill_S140_R2_001_val_2.fq.gz

=== Summary (Read 1) ===

Total reads processed:              1930002
Reads with adapters:                1913352 (99.1%)

=== Summary (Read 2) ===

Total reads processed:              1930002
Reads with adapters:                1893784 (98.1%)
R1 reads with poly-G trimmed:          2677 (0.1%)
  R1 poly-G bases removed:           460971
R2 reads with poly-G trimmed:          3715 (0.2%)
  R2 poly-G bases removed:           721226

=== Paired-end validation ===

Pairs analyzed:                     1930002
Pairs removed:                         2776 (0.1%)
Unpaired R1 kept:                      2102
Unpaired R2 kept:                       124
Report: /scratch4/workspace/jade_fiorilla_student_uml_edu-rawseqorcc/trimmed/2024_Both04_Both03_O32_gill_S140_R1_001.fastq.gz_trimming_report.txt
JSON report: /scratch4/workspace/jade_fiorilla_student_uml_edu-rawseqorcc/trimmed/2024_Both04_Both03_O32_gill_S140_R1_001.fastq.gz_trimming_report.json
Report: /scratch4/workspace/jade_fiorilla_student_uml_edu-rawseqorcc/trimmed/2024_Both04_Both03_O32_gill_S140_R2_001.fastq.gz_trimming_report.txt
JSON report: /scratch4/workspace/jade_fiorilla_student_uml_edu-rawseqorcc/trimmed/2024_Both04_Both03_O32_gill_S140_R2_001.fastq.gz_trimming_report.json

Running FastQC on /scratch4/workspace/jade_fiorilla_student_uml_edu-rawseqorcc/trimmed/2024_Both04_Both03_O32_gill_S140_R1_001_val_1.fq.gz

Running FastQC on /scratch4/workspace/jade_fiorilla_student_uml_edu-rawseqorcc/trimmed/2024_Both04_Both03_O32_gill_S140_R2_001_val_2.fq.gz
Running Trim Galore on: 

Trim Galore v2.3.0
unknown — linux/x86_64 — built 2026-06-27T16:23:35Z
==================================================

Using 4 worker threads (parallel trim + compress)
Auto-detecting adapter type...
Using Nextera adapter for trimming (count: 171061). Second best hit was smallRNA (count: 1588).
Adapter: Nextera (CTGTCTCTTATA)

Poly-G trimming: ENABLED (auto-detected). 171840 of 1000000 reads (17.18%) have poly-G tails (>=10bp) — consistent with 2-colour chemistry (NovaSeq/NextSeq). To disable: --no_poly_g
Trimming (paired-end):
  R1: /scratch4/workspace/jade_fiorilla_student_uml_edu-rawseqorcc/fastq/2024_Both04_Both03_O32_gut_S141_R1_001.fastq.gz
  R2: /scratch4/workspace/jade_fiorilla_student_uml_edu-rawseqorcc/fastq/2024_Both04_Both03_O32_gut_S141_R2_001.fastq.gz
  Output R1: /scratch4/workspace/jade_fiorilla_student_uml_edu-rawseqorcc/trimmed/2024_Both04_Both03_O32_gut_S141_R1_001_val_1.fq.gz
  Output R2: /scratch4/workspace/jade_fiorilla_student_uml_edu-rawseqorcc/trimmed/2024_Both04_Both03_O32_gut_S141_R2_001_val_2.fq.gz

=== Summary (Read 1) ===

Total reads processed:              1163391
Reads with adapters:                1155255 (99.3%)

=== Summary (Read 2) ===

Total reads processed:              1163391
Reads with adapters:                1152648 (99.1%)
R1 reads with poly-G trimmed:           862 (0.1%)
  R1 poly-G bases removed:           120600
R2 reads with poly-G trimmed:          1634 (0.1%)
  R2 poly-G bases removed:           332150

=== Paired-end validation ===

Pairs analyzed:                     1163391
Pairs removed:                         2128 (0.2%)
Unpaired R1 kept:                      1861
Unpaired R2 kept:                        95
Report: /scratch4/workspace/jade_fiorilla_student_uml_edu-rawseqorcc/trimmed/2024_Both04_Both03_O32_gut_S141_R1_001.fastq.gz_trimming_report.txt
JSON report: /scratch4/workspace/jade_fiorilla_student_uml_edu-rawseqorcc/trimmed/2024_Both04_Both03_O32_gut_S141_R1_001.fastq.gz_trimming_report.json
Report: /scratch4/workspace/jade_fiorilla_student_uml_edu-rawseqorcc/trimmed/2024_Both04_Both03_O32_gut_S141_R2_001.fastq.gz_trimming_report.txt
JSON report: /scratch4/workspace/jade_fiorilla_student_uml_edu-rawseqorcc/trimmed/2024_Both04_Both03_O32_gut_S141_R2_001.fastq.gz_trimming_report.json

Running FastQC on /scratch4/workspace/jade_fiorilla_student_uml_edu-rawseqorcc/trimmed/2024_Both04_Both03_O32_gut_S141_R1_001_val_1.fq.gz

Running FastQC on /scratch4/workspace/jade_fiorilla_student_uml_edu-rawseqorcc/trimmed/2024_Both04_Both03_O32_gut_S141_R2_001_val_2.fq.gz
Running Trim Galore on: 

Trim Galore v2.3.0
unknown — linux/x86_64 — built 2026-06-27T16:23:35Z
==================================================

Using 4 worker threads (parallel trim + compress)
Auto-detecting adapter type...
Using Nextera adapter for trimming (count: 40454). Second best hit was smallRNA (count: 425).
Adapter: Nextera (CTGTCTCTTATA)

Poly-G trimming: ENABLED (auto-detected). 36066 of 595703 reads (6.05%) have poly-G tails (>=10bp) — consistent with 2-colour chemistry (NovaSeq/NextSeq). To disable: --no_poly_g
Trimming (paired-end):
  R1: /scratch4/workspace/jade_fiorilla_student_uml_edu-rawseqorcc/fastq/2024_Both04_Cont05_O56_gill_S245_R1_001.fastq.gz
  R2: /scratch4/workspace/jade_fiorilla_student_uml_edu-rawseqorcc/fastq/2024_Both04_Cont05_O56_gill_S245_R2_001.fastq.gz
  Output R1: /scratch4/workspace/jade_fiorilla_student_uml_edu-rawseqorcc/trimmed/2024_Both04_Cont05_O56_gill_S245_R1_001_val_1.fq.gz
  Output R2: /scratch4/workspace/jade_fiorilla_student_uml_edu-rawseqorcc/trimmed/2024_Both04_Cont05_O56_gill_S245_R2_001_val_2.fq.gz

=== Summary (Read 1) ===

Total reads processed:               595703
Reads with adapters:                 577081 (96.9%)

=== Summary (Read 2) ===

Total reads processed:               595703
Reads with adapters:                 571741 (96.0%)
R1 reads with poly-G trimmed:          4088 (0.7%)
  R1 poly-G bases removed:            64557
R2 reads with poly-G trimmed:          5700 (1.0%)
  R2 poly-G bases removed:           345153

=== Paired-end validation ===

Pairs analyzed:                      595703
Pairs removed:                         1771 (0.3%)
Unpaired R1 kept:                      1688
Unpaired R2 kept:                        43
Report: /scratch4/workspace/jade_fiorilla_student_uml_edu-rawseqorcc/trimmed/2024_Both04_Cont05_O56_gill_S245_R1_001.fastq.gz_trimming_report.txt
JSON report: /scratch4/workspace/jade_fiorilla_student_uml_edu-rawseqorcc/trimmed/2024_Both04_Cont05_O56_gill_S245_R1_001.fastq.gz_trimming_report.json
Report: /scratch4/workspace/jade_fiorilla_student_uml_edu-rawseqorcc/trimmed/2024_Both04_Cont05_O56_gill_S245_R2_001.fastq.gz_trimming_report.txt
JSON report: /scratch4/workspace/jade_fiorilla_student_uml_edu-rawseqorcc/trimmed/2024_Both04_Cont05_O56_gill_S245_R2_001.fastq.gz_trimming_report.json

Running FastQC on /scratch4/workspace/jade_fiorilla_student_uml_edu-rawseqorcc/trimmed/2024_Both04_Cont05_O56_gill_S245_R1_001_val_1.fq.gz

Running FastQC on /scratch4/workspace/jade_fiorilla_student_uml_edu-rawseqorcc/trimmed/2024_Both04_Cont05_O56_gill_S245_R2_001_val_2.fq.gz
Running Trim Galore on: 

Trim Galore v2.3.0
unknown — linux/x86_64 — built 2026-06-27T16:23:35Z
==================================================

Using 4 worker threads (parallel trim + compress)
Auto-detecting adapter type...
Using Nextera adapter for trimming (count: 93150). Second best hit was smallRNA (count: 356).
Adapter: Nextera (CTGTCTCTTATA)

Poly-G trimming: ENABLED (auto-detected). 97499 of 1000000 reads (9.75%) have poly-G tails (>=10bp) — consistent with 2-colour chemistry (NovaSeq/NextSeq). To disable: --no_poly_g
Trimming (paired-end):
  R1: /scratch4/workspace/jade_fiorilla_student_uml_edu-rawseqorcc/fastq/2024_Both04_Cont05_O56_gut_S76_R1_001.fastq.gz
  R2: /scratch4/workspace/jade_fiorilla_student_uml_edu-rawseqorcc/fastq/2024_Both04_Cont05_O56_gut_S76_R2_001.fastq.gz
  Output R1: /scratch4/workspace/jade_fiorilla_student_uml_edu-rawseqorcc/trimmed/2024_Both04_Cont05_O56_gut_S76_R1_001_val_1.fq.gz
  Output R2: /scratch4/workspace/jade_fiorilla_student_uml_edu-rawseqorcc/trimmed/2024_Both04_Cont05_O56_gut_S76_R2_001_val_2.fq.gz

=== Summary (Read 1) ===

Total reads processed:              1021916
Reads with adapters:                 999903 (97.8%)

=== Summary (Read 2) ===

Total reads processed:              1021916
Reads with adapters:                 982890 (96.2%)
R1 reads with poly-G trimmed:          6877 (0.7%)
  R1 poly-G bases removed:           207048
R2 reads with poly-G trimmed:          8485 (0.8%)
  R2 poly-G bases removed:           498438

=== Paired-end validation ===

Pairs analyzed:                     1021916
Pairs removed:                         2797 (0.3%)
Unpaired R1 kept:                      2598
Unpaired R2 kept:                        97
Report: /scratch4/workspace/jade_fiorilla_student_uml_edu-rawseqorcc/trimmed/2024_Both04_Cont05_O56_gut_S76_R1_001.fastq.gz_trimming_report.txt
JSON report: /scratch4/workspace/jade_fiorilla_student_uml_edu-rawseqorcc/trimmed/2024_Both04_Cont05_O56_gut_S76_R1_001.fastq.gz_trimming_report.json
Report: /scratch4/workspace/jade_fiorilla_student_uml_edu-rawseqorcc/trimmed/2024_Both04_Cont05_O56_gut_S76_R2_001.fastq.gz_trimming_report.txt
JSON report: /scratch4/workspace/jade_fiorilla_student_uml_edu-rawseqorcc/trimmed/2024_Both04_Cont05_O56_gut_S76_R2_001.fastq.gz_trimming_report.json

Running FastQC on /scratch4/workspace/jade_fiorilla_student_uml_edu-rawseqorcc/trimmed/2024_Both04_Cont05_O56_gut_S76_R1_001_val_1.fq.gz

Running FastQC on /scratch4/workspace/jade_fiorilla_student_uml_edu-rawseqorcc/trimmed/2024_Both04_Cont05_O56_gut_S76_R2_001_val_2.fq.gz
Running Trim Galore on: 

Trim Galore v2.3.0
unknown — linux/x86_64 — built 2026-06-27T16:23:35Z
==================================================

Using 4 worker threads (parallel trim + compress)
Auto-detecting adapter type...
Using Nextera adapter for trimming (count: 2219). Second best hit was smallRNA (count: 639).
Adapter: Nextera (CTGTCTCTTATA)

Poly-G trimming: ENABLED (auto-detected). 1687 of 1000000 reads (0.17%) have poly-G tails (>=10bp) — consistent with 2-colour chemistry (NovaSeq/NextSeq). To disable: --no_poly_g
Trimming (paired-end):
  R1: /scratch4/workspace/jade_fiorilla_student_uml_edu-rawseqorcc/fastq/2024_Both04_Hyp01_O7_gill_S213_R1_001.fastq.gz
  R2: /scratch4/workspace/jade_fiorilla_student_uml_edu-rawseqorcc/fastq/2024_Both04_Hyp01_O7_gill_S213_R2_001.fastq.gz
  Output R1: /scratch4/workspace/jade_fiorilla_student_uml_edu-rawseqorcc/trimmed/2024_Both04_Hyp01_O7_gill_S213_R1_001_val_1.fq.gz
  Output R2: /scratch4/workspace/jade_fiorilla_student_uml_edu-rawseqorcc/trimmed/2024_Both04_Hyp01_O7_gill_S213_R2_001_val_2.fq.gz

=== Summary (Read 1) ===

Total reads processed:              1918775
Reads with adapters:                1894160 (98.7%)

=== Summary (Read 2) ===

Total reads processed:              1918775
Reads with adapters:                1852999 (96.6%)
R1 reads with poly-G trimmed:           305 (0.0%)
  R1 poly-G bases removed:             4511
R2 reads with poly-G trimmed:          1315 (0.1%)
  R2 poly-G bases removed:           244214

=== Paired-end validation ===

Pairs analyzed:                     1918775
Pairs removed:                         2557 (0.1%)
Unpaired R1 kept:                      2343
Unpaired R2 kept:                        91
Report: /scratch4/workspace/jade_fiorilla_student_uml_edu-rawseqorcc/trimmed/2024_Both04_Hyp01_O7_gill_S213_R1_001.fastq.gz_trimming_report.txt
JSON report: /scratch4/workspace/jade_fiorilla_student_uml_edu-rawseqorcc/trimmed/2024_Both04_Hyp01_O7_gill_S213_R1_001.fastq.gz_trimming_report.json
Report: /scratch4/workspace/jade_fiorilla_student_uml_edu-rawseqorcc/trimmed/2024_Both04_Hyp01_O7_gill_S213_R2_001.fastq.gz_trimming_report.txt
JSON report: /scratch4/workspace/jade_fiorilla_student_uml_edu-rawseqorcc/trimmed/2024_Both04_Hyp01_O7_gill_S213_R2_001.fastq.gz_trimming_report.json

Running FastQC on /scratch4/workspace/jade_fiorilla_student_uml_edu-rawseqorcc/trimmed/2024_Both04_Hyp01_O7_gill_S213_R1_001_val_1.fq.gz

Running FastQC on /scratch4/workspace/jade_fiorilla_student_uml_edu-rawseqorcc/trimmed/2024_Both04_Hyp01_O7_gill_S213_R2_001_val_2.fq.gz
Running Trim Galore on: 

Trim Galore v2.3.0
unknown — linux/x86_64 — built 2026-06-27T16:23:35Z
==================================================

Using 4 worker threads (parallel trim + compress)
Auto-detecting adapter type...
Using Nextera adapter for trimming (count: 475572). Second best hit was smallRNA (count: 25).
Adapter: Nextera (CTGTCTCTTATA)

Poly-G trimming: ENABLED (auto-detected). 475827 of 913657 reads (52.08%) have poly-G tails (>=10bp) — consistent with 2-colour chemistry (NovaSeq/NextSeq). To disable: --no_poly_g
Trimming (paired-end):
  R1: /scratch4/workspace/jade_fiorilla_student_uml_edu-rawseqorcc/fastq/2024_Both04_Hyp01_O7_gut_S30_R1_001.fastq.gz
  R2: /scratch4/workspace/jade_fiorilla_student_uml_edu-rawseqorcc/fastq/2024_Both04_Hyp01_O7_gut_S30_R2_001.fastq.gz
  Output R1: /scratch4/workspace/jade_fiorilla_student_uml_edu-rawseqorcc/trimmed/2024_Both04_Hyp01_O7_gut_S30_R1_001_val_1.fq.gz
  Output R2: /scratch4/workspace/jade_fiorilla_student_uml_edu-rawseqorcc/trimmed/2024_Both04_Hyp01_O7_gut_S30_R2_001_val_2.fq.gz

=== Summary (Read 1) ===

Total reads processed:               913657
Reads with adapters:                 907553 (99.3%)

=== Summary (Read 2) ===

Total reads processed:               913657
Reads with adapters:                 903315 (98.9%)
R1 reads with poly-G trimmed:          1603 (0.2%)
  R1 poly-G bases removed:           293901
R2 reads with poly-G trimmed:          1895 (0.2%)
  R2 poly-G bases removed:           396374

=== Paired-end validation ===

Pairs analyzed:                      913657
Pairs removed:                         1274 (0.1%)
Unpaired R1 kept:                       934
Unpaired R2 kept:                        80
Report: /scratch4/workspace/jade_fiorilla_student_uml_edu-rawseqorcc/trimmed/2024_Both04_Hyp01_O7_gut_S30_R1_001.fastq.gz_trimming_report.txt
JSON report: /scratch4/workspace/jade_fiorilla_student_uml_edu-rawseqorcc/trimmed/2024_Both04_Hyp01_O7_gut_S30_R1_001.fastq.gz_trimming_report.json
Report: /scratch4/workspace/jade_fiorilla_student_uml_edu-rawseqorcc/trimmed/2024_Both04_Hyp01_O7_gut_S30_R2_001.fastq.gz_trimming_report.txt
JSON report: /scratch4/workspace/jade_fiorilla_student_uml_edu-rawseqorcc/trimmed/2024_Both04_Hyp01_O7_gut_S30_R2_001.fastq.gz_trimming_report.json

Running FastQC on /scratch4/workspace/jade_fiorilla_student_uml_edu-rawseqorcc/trimmed/2024_Both04_Hyp01_O7_gut_S30_R1_001_val_1.fq.gz

Running FastQC on /scratch4/workspace/jade_fiorilla_student_uml_edu-rawseqorcc/trimmed/2024_Both04_Hyp01_O7_gut_S30_R2_001_val_2.fq.gz
Running Trim Galore on: 

Trim Galore v2.3.0
unknown — linux/x86_64 — built 2026-06-27T16:23:35Z
==================================================

Using 4 worker threads (parallel trim + compress)
Auto-detecting adapter type...
Using Nextera adapter for trimming (count: 108304). Second best hit was smallRNA (count: 982).
Adapter: Nextera (CTGTCTCTTATA)

Poly-G trimming: ENABLED (auto-detected). 108527 of 958513 reads (11.32%) have poly-G tails (>=10bp) — consistent with 2-colour chemistry (NovaSeq/NextSeq). To disable: --no_poly_g
Trimming (paired-end):
  R1: /scratch4/workspace/jade_fiorilla_student_uml_edu-rawseqorcc/fastq/2024_Both04_Hyp05_O55_gill_S222_R1_001.fastq.gz
  R2: /scratch4/workspace/jade_fiorilla_student_uml_edu-rawseqorcc/fastq/2024_Both04_Hyp05_O55_gill_S222_R2_001.fastq.gz
  Output R1: /scratch4/workspace/jade_fiorilla_student_uml_edu-rawseqorcc/trimmed/2024_Both04_Hyp05_O55_gill_S222_R1_001_val_1.fq.gz
  Output R2: /scratch4/workspace/jade_fiorilla_student_uml_edu-rawseqorcc/trimmed/2024_Both04_Hyp05_O55_gill_S222_R2_001_val_2.fq.gz

=== Summary (Read 1) ===

Total reads processed:               958513
Reads with adapters:                 917862 (95.8%)

=== Summary (Read 2) ===

Total reads processed:               958513
Reads with adapters:                 940396 (98.1%)
R1 reads with poly-G trimmed:           825 (0.1%)
  R1 poly-G bases removed:           102533
R2 reads with poly-G trimmed:          1602 (0.2%)
  R2 poly-G bases removed:           336192

=== Paired-end validation ===

Pairs analyzed:                      958513
Pairs removed:                         1876 (0.2%)
Unpaired R1 kept:                      1770
Unpaired R2 kept:                        47
Report: /scratch4/workspace/jade_fiorilla_student_uml_edu-rawseqorcc/trimmed/2024_Both04_Hyp05_O55_gill_S222_R1_001.fastq.gz_trimming_report.txt
JSON report: /scratch4/workspace/jade_fiorilla_student_uml_edu-rawseqorcc/trimmed/2024_Both04_Hyp05_O55_gill_S222_R1_001.fastq.gz_trimming_report.json
Report: /scratch4/workspace/jade_fiorilla_student_uml_edu-rawseqorcc/trimmed/2024_Both04_Hyp05_O55_gill_S222_R2_001.fastq.gz_trimming_report.txt
JSON report: /scratch4/workspace/jade_fiorilla_student_uml_edu-rawseqorcc/trimmed/2024_Both04_Hyp05_O55_gill_S222_R2_001.fastq.gz_trimming_report.json

Running FastQC on /scratch4/workspace/jade_fiorilla_student_uml_edu-rawseqorcc/trimmed/2024_Both04_Hyp05_O55_gill_S222_R1_001_val_1.fq.gz

Running FastQC on /scratch4/workspace/jade_fiorilla_student_uml_edu-rawseqorcc/trimmed/2024_Both04_Hyp05_O55_gill_S222_R2_001_val_2.fq.gz
Running Trim Galore on: 

Trim Galore v2.3.0
unknown — linux/x86_64 — built 2026-06-27T16:23:35Z
==================================================

Using 4 worker threads (parallel trim + compress)
Auto-detecting adapter type...
Using Nextera adapter for trimming (count: 22641). Second best hit was smallRNA (count: 1326).
Adapter: Nextera (CTGTCTCTTATA)

Poly-G trimming: ENABLED (auto-detected). 22730 of 815369 reads (2.79%) have poly-G tails (>=10bp) — consistent with 2-colour chemistry (NovaSeq/NextSeq). To disable: --no_poly_g
Trimming (paired-end):
  R1: /scratch4/workspace/jade_fiorilla_student_uml_edu-rawseqorcc/fastq/2024_Both04_Hyp05_O55_gut_S223_R1_001.fastq.gz
  R2: /scratch4/workspace/jade_fiorilla_student_uml_edu-rawseqorcc/fastq/2024_Both04_Hyp05_O55_gut_S223_R2_001.fastq.gz
  Output R1: /scratch4/workspace/jade_fiorilla_student_uml_edu-rawseqorcc/trimmed/2024_Both04_Hyp05_O55_gut_S223_R1_001_val_1.fq.gz
  Output R2: /scratch4/workspace/jade_fiorilla_student_uml_edu-rawseqorcc/trimmed/2024_Both04_Hyp05_O55_gut_S223_R2_001_val_2.fq.gz

=== Summary (Read 1) ===

Total reads processed:               815369
Reads with adapters:                 807640 (99.1%)

=== Summary (Read 2) ===

Total reads processed:               815369
Reads with adapters:                 806086 (98.9%)
R1 reads with poly-G trimmed:           373 (0.0%)
  R1 poly-G bases removed:            26942
R2 reads with poly-G trimmed:          1332 (0.2%)
  R2 poly-G bases removed:           303339

=== Paired-end validation ===

Pairs analyzed:                      815369
Pairs removed:                         1875 (0.2%)
Unpaired R1 kept:                      1763
Unpaired R2 kept:                        57
Report: /scratch4/workspace/jade_fiorilla_student_uml_edu-rawseqorcc/trimmed/2024_Both04_Hyp05_O55_gut_S223_R1_001.fastq.gz_trimming_report.txt
JSON report: /scratch4/workspace/jade_fiorilla_student_uml_edu-rawseqorcc/trimmed/2024_Both04_Hyp05_O55_gut_S223_R1_001.fastq.gz_trimming_report.json
Report: /scratch4/workspace/jade_fiorilla_student_uml_edu-rawseqorcc/trimmed/2024_Both04_Hyp05_O55_gut_S223_R2_001.fastq.gz_trimming_report.txt
JSON report: /scratch4/workspace/jade_fiorilla_student_uml_edu-rawseqorcc/trimmed/2024_Both04_Hyp05_O55_gut_S223_R2_001.fastq.gz_trimming_report.json

Running FastQC on /scratch4/workspace/jade_fiorilla_student_uml_edu-rawseqorcc/trimmed/2024_Both04_Hyp05_O55_gut_S223_R1_001_val_1.fq.gz

Running FastQC on /scratch4/workspace/jade_fiorilla_student_uml_edu-rawseqorcc/trimmed/2024_Both04_Hyp05_O55_gut_S223_R2_001_val_2.fq.gz
Running Trim Galore on: 

Trim Galore v2.3.0
unknown — linux/x86_64 — built 2026-06-27T16:23:35Z
==================================================

Using 4 worker threads (parallel trim + compress)
Auto-detecting adapter type...
Using Nextera adapter for trimming (count: 552). Second best hit was smallRNA (count: 2).
Adapter: Nextera (CTGTCTCTTATA)

Poly-G trimming: ENABLED (auto-detected). 545 of 2478 reads (21.99%) have poly-G tails (>=10bp) — consistent with 2-colour chemistry (NovaSeq/NextSeq). To disable: --no_poly_g
Trimming (paired-end):
  R1: /scratch4/workspace/jade_fiorilla_student_uml_edu-rawseqorcc/fastq/2024_Both04_Null_O32_gill_S237_R1_001.fastq.gz
  R2: /scratch4/workspace/jade_fiorilla_student_uml_edu-rawseqorcc/fastq/2024_Both04_Null_O32_gill_S237_R2_001.fastq.gz
  Output R1: /scratch4/workspace/jade_fiorilla_student_uml_edu-rawseqorcc/trimmed/2024_Both04_Null_O32_gill_S237_R1_001_val_1.fq.gz
  Output R2: /scratch4/workspace/jade_fiorilla_student_uml_edu-rawseqorcc/trimmed/2024_Both04_Null_O32_gill_S237_R2_001_val_2.fq.gz

=== Summary (Read 1) ===

Total reads processed:                 2478
Reads with adapters:                   2422 (97.7%)

=== Summary (Read 2) ===

Total reads processed:                 2478
Reads with adapters:                   2340 (94.4%)
R1 reads with poly-G trimmed:             4 (0.2%)
  R1 poly-G bases removed:              618
R2 reads with poly-G trimmed:             6 (0.2%)
  R2 poly-G bases removed:              231

=== Paired-end validation ===

Pairs analyzed:                        2478
Pairs removed:                           15 (0.6%)
Unpaired R1 kept:                        11
Unpaired R2 kept:                         2
Report: /scratch4/workspace/jade_fiorilla_student_uml_edu-rawseqorcc/trimmed/2024_Both04_Null_O32_gill_S237_R1_001.fastq.gz_trimming_report.txt
JSON report: /scratch4/workspace/jade_fiorilla_student_uml_edu-rawseqorcc/trimmed/2024_Both04_Null_O32_gill_S237_R1_001.fastq.gz_trimming_report.json
Report: /scratch4/workspace/jade_fiorilla_student_uml_edu-rawseqorcc/trimmed/2024_Both04_Null_O32_gill_S237_R2_001.fastq.gz_trimming_report.txt
JSON report: /scratch4/workspace/jade_fiorilla_student_uml_edu-rawseqorcc/trimmed/2024_Both04_Null_O32_gill_S237_R2_001.fastq.gz_trimming_report.json

Running FastQC on /scratch4/workspace/jade_fiorilla_student_uml_edu-rawseqorcc/trimmed/2024_Both04_Null_O32_gill_S237_R1_001_val_1.fq.gz

Running FastQC on /scratch4/workspace/jade_fiorilla_student_uml_edu-rawseqorcc/trimmed/2024_Both04_Null_O32_gill_S237_R2_001_val_2.fq.gz
Running Trim Galore on: 

Trim Galore v2.3.0
unknown — linux/x86_64 — built 2026-06-27T16:23:35Z
==================================================

Using 4 worker threads (parallel trim + compress)
Auto-detecting adapter type...
Using Nextera adapter for trimming (count: 140237). Second best hit was smallRNA (count: 2041).
Adapter: Nextera (CTGTCTCTTATA)

Poly-G trimming: ENABLED (auto-detected). 140358 of 911298 reads (15.40%) have poly-G tails (>=10bp) — consistent with 2-colour chemistry (NovaSeq/NextSeq). To disable: --no_poly_g
Trimming (paired-end):
  R1: /scratch4/workspace/jade_fiorilla_student_uml_edu-rawseqorcc/fastq/2024_Both04_Null_O32_gut_S72_R1_001.fastq.gz
  R2: /scratch4/workspace/jade_fiorilla_student_uml_edu-rawseqorcc/fastq/2024_Both04_Null_O32_gut_S72_R2_001.fastq.gz
  Output R1: /scratch4/workspace/jade_fiorilla_student_uml_edu-rawseqorcc/trimmed/2024_Both04_Null_O32_gut_S72_R1_001_val_1.fq.gz
  Output R2: /scratch4/workspace/jade_fiorilla_student_uml_edu-rawseqorcc/trimmed/2024_Both04_Null_O32_gut_S72_R2_001_val_2.fq.gz

=== Summary (Read 1) ===

Total reads processed:               911298
Reads with adapters:                 906158 (99.4%)

=== Summary (Read 2) ===

Total reads processed:               911298
Reads with adapters:                 903768 (99.2%)
R1 reads with poly-G trimmed:           657 (0.1%)
  R1 poly-G bases removed:            95602
R2 reads with poly-G trimmed:          1343 (0.1%)
  R2 poly-G bases removed:           272528

=== Paired-end validation ===

Pairs analyzed:                      911298
Pairs removed:                         1542 (0.2%)
Unpaired R1 kept:                      1334
Unpaired R2 kept:                        71
Report: /scratch4/workspace/jade_fiorilla_student_uml_edu-rawseqorcc/trimmed/2024_Both04_Null_O32_gut_S72_R1_001.fastq.gz_trimming_report.txt
JSON report: /scratch4/workspace/jade_fiorilla_student_uml_edu-rawseqorcc/trimmed/2024_Both04_Null_O32_gut_S72_R1_001.fastq.gz_trimming_report.json
Report: /scratch4/workspace/jade_fiorilla_student_uml_edu-rawseqorcc/trimmed/2024_Both04_Null_O32_gut_S72_R2_001.fastq.gz_trimming_report.txt
JSON report: /scratch4/workspace/jade_fiorilla_student_uml_edu-rawseqorcc/trimmed/2024_Both04_Null_O32_gut_S72_R2_001.fastq.gz_trimming_report.json

Running FastQC on /scratch4/workspace/jade_fiorilla_student_uml_edu-rawseqorcc/trimmed/2024_Both04_Null_O32_gut_S72_R1_001_val_1.fq.gz

Running FastQC on /scratch4/workspace/jade_fiorilla_student_uml_edu-rawseqorcc/trimmed/2024_Both04_Null_O32_gut_S72_R2_001_val_2.fq.gz
Running Trim Galore on: 

Trim Galore v2.3.0
unknown — linux/x86_64 — built 2026-06-27T16:23:35Z
==================================================

Using 4 worker threads (parallel trim + compress)
Auto-detecting adapter type...
Using Nextera adapter for trimming (count: 61379). Second best hit was smallRNA (count: 210).
Adapter: Nextera (CTGTCTCTTATA)

Poly-G trimming: ENABLED (auto-detected). 61644 of 255260 reads (24.15%) have poly-G tails (>=10bp) — consistent with 2-colour chemistry (NovaSeq/NextSeq). To disable: --no_poly_g
Trimming (paired-end):
  R1: /scratch4/workspace/jade_fiorilla_student_uml_edu-rawseqorcc/fastq/2024_Both04_Warm02_O19_gill_S199_R1_001.fastq.gz
  R2: /scratch4/workspace/jade_fiorilla_student_uml_edu-rawseqorcc/fastq/2024_Both04_Warm02_O19_gill_S199_R2_001.fastq.gz
  Output R1: /scratch4/workspace/jade_fiorilla_student_uml_edu-rawseqorcc/trimmed/2024_Both04_Warm02_O19_gill_S199_R1_001_val_1.fq.gz
  Output R2: /scratch4/workspace/jade_fiorilla_student_uml_edu-rawseqorcc/trimmed/2024_Both04_Warm02_O19_gill_S199_R2_001_val_2.fq.gz

=== Summary (Read 1) ===

Total reads processed:               255260
Reads with adapters:                 250996 (98.3%)

=== Summary (Read 2) ===

Total reads processed:               255260
Reads with adapters:                 245407 (96.1%)
R1 reads with poly-G trimmed:          1900 (0.7%)
  R1 poly-G bases removed:            52056
R2 reads with poly-G trimmed:          2654 (1.0%)
  R2 poly-G bases removed:           230193

=== Paired-end validation ===

Pairs analyzed:                      255260
Pairs removed:                         1099 (0.4%)
Unpaired R1 kept:                      1019
Unpaired R2 kept:                        32
Report: /scratch4/workspace/jade_fiorilla_student_uml_edu-rawseqorcc/trimmed/2024_Both04_Warm02_O19_gill_S199_R1_001.fastq.gz_trimming_report.txt
JSON report: /scratch4/workspace/jade_fiorilla_student_uml_edu-rawseqorcc/trimmed/2024_Both04_Warm02_O19_gill_S199_R1_001.fastq.gz_trimming_report.json
Report: /scratch4/workspace/jade_fiorilla_student_uml_edu-rawseqorcc/trimmed/2024_Both04_Warm02_O19_gill_S199_R2_001.fastq.gz_trimming_report.txt
JSON report: /scratch4/workspace/jade_fiorilla_student_uml_edu-rawseqorcc/trimmed/2024_Both04_Warm02_O19_gill_S199_R2_001.fastq.gz_trimming_report.json

Running FastQC on /scratch4/workspace/jade_fiorilla_student_uml_edu-rawseqorcc/trimmed/2024_Both04_Warm02_O19_gill_S199_R1_001_val_1.fq.gz

Running FastQC on /scratch4/workspace/jade_fiorilla_student_uml_edu-rawseqorcc/trimmed/2024_Both04_Warm02_O19_gill_S199_R2_001_val_2.fq.gz
Running Trim Galore on: 

Trim Galore v2.3.0
unknown — linux/x86_64 — built 2026-06-27T16:23:35Z
==================================================

Using 4 worker threads (parallel trim + compress)
Auto-detecting adapter type...
Using Nextera adapter for trimming (count: 124016). Second best hit was smallRNA (count: 46).
Adapter: Nextera (CTGTCTCTTATA)

Poly-G trimming: ENABLED (auto-detected). 122676 of 1000000 reads (12.27%) have poly-G tails (>=10bp) — consistent with 2-colour chemistry (NovaSeq/NextSeq). To disable: --no_poly_g
Trimming (paired-end):
  R1: /scratch4/workspace/jade_fiorilla_student_uml_edu-rawseqorcc/fastq/2024_Both04_Warm02_O19_gut_S6_R1_001.fastq.gz
  R2: /scratch4/workspace/jade_fiorilla_student_uml_edu-rawseqorcc/fastq/2024_Both04_Warm02_O19_gut_S6_R2_001.fastq.gz
  Output R1: /scratch4/workspace/jade_fiorilla_student_uml_edu-rawseqorcc/trimmed/2024_Both04_Warm02_O19_gut_S6_R1_001_val_1.fq.gz
  Output R2: /scratch4/workspace/jade_fiorilla_student_uml_edu-rawseqorcc/trimmed/2024_Both04_Warm02_O19_gut_S6_R2_001_val_2.fq.gz

=== Summary (Read 1) ===

Total reads processed:              1363963
Reads with adapters:                1340201 (98.3%)

=== Summary (Read 2) ===

Total reads processed:              1363963
Reads with adapters:                1335984 (97.9%)
R1 reads with poly-G trimmed:          8948 (0.7%)
  R1 poly-G bases removed:           216586
R2 reads with poly-G trimmed:         11634 (0.9%)
  R2 poly-G bases removed:           693398

=== Paired-end validation ===

Pairs analyzed:                     1363963
Pairs removed:                         3537 (0.3%)
Unpaired R1 kept:                      3253
Unpaired R2 kept:                        93
Report: /scratch4/workspace/jade_fiorilla_student_uml_edu-rawseqorcc/trimmed/2024_Both04_Warm02_O19_gut_S6_R1_001.fastq.gz_trimming_report.txt
JSON report: /scratch4/workspace/jade_fiorilla_student_uml_edu-rawseqorcc/trimmed/2024_Both04_Warm02_O19_gut_S6_R1_001.fastq.gz_trimming_report.json
Report: /scratch4/workspace/jade_fiorilla_student_uml_edu-rawseqorcc/trimmed/2024_Both04_Warm02_O19_gut_S6_R2_001.fastq.gz_trimming_report.txt
JSON report: /scratch4/workspace/jade_fiorilla_student_uml_edu-rawseqorcc/trimmed/2024_Both04_Warm02_O19_gut_S6_R2_001.fastq.gz_trimming_report.json

Running FastQC on /scratch4/workspace/jade_fiorilla_student_uml_edu-rawseqorcc/trimmed/2024_Both04_Warm02_O19_gut_S6_R1_001_val_1.fq.gz

Running FastQC on /scratch4/workspace/jade_fiorilla_student_uml_edu-rawseqorcc/trimmed/2024_Both04_Warm02_O19_gut_S6_R2_001_val_2.fq.gz
Running Trim Galore on: 

Trim Galore v2.3.0
unknown — linux/x86_64 — built 2026-06-27T16:23:35Z
==================================================

Using 4 worker threads (parallel trim + compress)
Auto-detecting adapter type...
Using Nextera adapter for trimming (count: 162353). Second best hit was smallRNA (count: 1393).
Adapter: Nextera (CTGTCTCTTATA)

Poly-G trimming: ENABLED (auto-detected). 160569 of 512818 reads (31.31%) have poly-G tails (>=10bp) — consistent with 2-colour chemistry (NovaSeq/NextSeq). To disable: --no_poly_g
Trimming (paired-end):
  R1: /scratch4/workspace/jade_fiorilla_student_uml_edu-rawseqorcc/fastq/2024_Both04_Warm06_O67_gill_S200_R1_001.fastq.gz
  R2: /scratch4/workspace/jade_fiorilla_student_uml_edu-rawseqorcc/fastq/2024_Both04_Warm06_O67_gill_S200_R2_001.fastq.gz
  Output R1: /scratch4/workspace/jade_fiorilla_student_uml_edu-rawseqorcc/trimmed/2024_Both04_Warm06_O67_gill_S200_R1_001_val_1.fq.gz
  Output R2: /scratch4/workspace/jade_fiorilla_student_uml_edu-rawseqorcc/trimmed/2024_Both04_Warm06_O67_gill_S200_R2_001_val_2.fq.gz

=== Summary (Read 1) ===

Total reads processed:               512818
Reads with adapters:                 498024 (97.1%)

=== Summary (Read 2) ===

Total reads processed:               512818
Reads with adapters:                 491112 (95.8%)
R1 reads with poly-G trimmed:          3799 (0.7%)
  R1 poly-G bases removed:           132165
R2 reads with poly-G trimmed:          6699 (1.3%)
  R2 poly-G bases removed:           317356

=== Paired-end validation ===

Pairs analyzed:                      512818
Pairs removed:                         1415 (0.3%)
Unpaired R1 kept:                      1272
Unpaired R2 kept:                        40
Report: /scratch4/workspace/jade_fiorilla_student_uml_edu-rawseqorcc/trimmed/2024_Both04_Warm06_O67_gill_S200_R1_001.fastq.gz_trimming_report.txt
JSON report: /scratch4/workspace/jade_fiorilla_student_uml_edu-rawseqorcc/trimmed/2024_Both04_Warm06_O67_gill_S200_R1_001.fastq.gz_trimming_report.json
Report: /scratch4/workspace/jade_fiorilla_student_uml_edu-rawseqorcc/trimmed/2024_Both04_Warm06_O67_gill_S200_R2_001.fastq.gz_trimming_report.txt
JSON report: /scratch4/workspace/jade_fiorilla_student_uml_edu-rawseqorcc/trimmed/2024_Both04_Warm06_O67_gill_S200_R2_001.fastq.gz_trimming_report.json

Running FastQC on /scratch4/workspace/jade_fiorilla_student_uml_edu-rawseqorcc/trimmed/2024_Both04_Warm06_O67_gill_S200_R1_001_val_1.fq.gz

Running FastQC on /scratch4/workspace/jade_fiorilla_student_uml_edu-rawseqorcc/trimmed/2024_Both04_Warm06_O67_gill_S200_R2_001_val_2.fq.gz
Running Trim Galore on: 

Trim Galore v2.3.0
unknown — linux/x86_64 — built 2026-06-27T16:23:35Z
==================================================

Using 4 worker threads (parallel trim + compress)
Auto-detecting adapter type...
Using Nextera adapter for trimming (count: 129984). Second best hit was smallRNA (count: 1764).
Adapter: Nextera (CTGTCTCTTATA)

Poly-G trimming: ENABLED (auto-detected). 133156 of 739941 reads (18.00%) have poly-G tails (>=10bp) — consistent with 2-colour chemistry (NovaSeq/NextSeq). To disable: --no_poly_g
Trimming (paired-end):
  R1: /scratch4/workspace/jade_fiorilla_student_uml_edu-rawseqorcc/fastq/2024_Both04_Warm06_O67_gut_S7_R1_001.fastq.gz
  R2: /scratch4/workspace/jade_fiorilla_student_uml_edu-rawseqorcc/fastq/2024_Both04_Warm06_O67_gut_S7_R2_001.fastq.gz
  Output R1: /scratch4/workspace/jade_fiorilla_student_uml_edu-rawseqorcc/trimmed/2024_Both04_Warm06_O67_gut_S7_R1_001_val_1.fq.gz
  Output R2: /scratch4/workspace/jade_fiorilla_student_uml_edu-rawseqorcc/trimmed/2024_Both04_Warm06_O67_gut_S7_R2_001_val_2.fq.gz

=== Summary (Read 1) ===

Total reads processed:               739941
Reads with adapters:                 717575 (97.0%)

=== Summary (Read 2) ===

Total reads processed:               739941
Reads with adapters:                 721256 (97.5%)
R1 reads with poly-G trimmed:          4987 (0.7%)
  R1 poly-G bases removed:           167882
R2 reads with poly-G trimmed:          6477 (0.9%)
  R2 poly-G bases removed:           406959

=== Paired-end validation ===

Pairs analyzed:                      739941
Pairs removed:                         2000 (0.3%)
Unpaired R1 kept:                      1842
Unpaired R2 kept:                        63
Report: /scratch4/workspace/jade_fiorilla_student_uml_edu-rawseqorcc/trimmed/2024_Both04_Warm06_O67_gut_S7_R1_001.fastq.gz_trimming_report.txt
JSON report: /scratch4/workspace/jade_fiorilla_student_uml_edu-rawseqorcc/trimmed/2024_Both04_Warm06_O67_gut_S7_R1_001.fastq.gz_trimming_report.json
Report: /scratch4/workspace/jade_fiorilla_student_uml_edu-rawseqorcc/trimmed/2024_Both04_Warm06_O67_gut_S7_R2_001.fastq.gz_trimming_report.txt
JSON report: /scratch4/workspace/jade_fiorilla_student_uml_edu-rawseqorcc/trimmed/2024_Both04_Warm06_O67_gut_S7_R2_001.fastq.gz_trimming_report.json

Running FastQC on /scratch4/workspace/jade_fiorilla_student_uml_edu-rawseqorcc/trimmed/2024_Both04_Warm06_O67_gut_S7_R1_001_val_1.fq.gz

Running FastQC on /scratch4/workspace/jade_fiorilla_student_uml_edu-rawseqorcc/trimmed/2024_Both04_Warm06_O67_gut_S7_R2_001_val_2.fq.gz
Running Trim Galore on: 

Trim Galore v2.3.0
unknown — linux/x86_64 — built 2026-06-27T16:23:35Z
==================================================

Using 4 worker threads (parallel trim + compress)
Auto-detecting adapter type...
Using Nextera adapter for trimming (count: 1431). Second best hit was smallRNA (count: 4).
Adapter: Nextera (CTGTCTCTTATA)

Poly-G trimming: ENABLED (auto-detected). 1281 of 4664 reads (27.47%) have poly-G tails (>=10bp) — consistent with 2-colour chemistry (NovaSeq/NextSeq). To disable: --no_poly_g
Trimming (paired-end):
  R1: /scratch4/workspace/jade_fiorilla_student_uml_edu-rawseqorcc/fastq/2024_Both05_Both06_O69_gill_S231_R1_001.fastq.gz
  R2: /scratch4/workspace/jade_fiorilla_student_uml_edu-rawseqorcc/fastq/2024_Both05_Both06_O69_gill_S231_R2_001.fastq.gz
  Output R1: /scratch4/workspace/jade_fiorilla_student_uml_edu-rawseqorcc/trimmed/2024_Both05_Both06_O69_gill_S231_R1_001_val_1.fq.gz
  Output R2: /scratch4/workspace/jade_fiorilla_student_uml_edu-rawseqorcc/trimmed/2024_Both05_Both06_O69_gill_S231_R2_001_val_2.fq.gz

=== Summary (Read 1) ===

Total reads processed:                 4664
Reads with adapters:                   4569 (98.0%)

=== Summary (Read 2) ===

Total reads processed:                 4664
Reads with adapters:                   4496 (96.4%)
R1 reads with poly-G trimmed:            10 (0.2%)
  R1 poly-G bases removed:             1430
R2 reads with poly-G trimmed:            12 (0.3%)
  R2 poly-G bases removed:             1943

=== Paired-end validation ===

Pairs analyzed:                        4664
Pairs removed:                           28 (0.6%)
Unpaired R1 kept:                        25
Unpaired R2 kept:                         2
Report: /scratch4/workspace/jade_fiorilla_student_uml_edu-rawseqorcc/trimmed/2024_Both05_Both06_O69_gill_S231_R1_001.fastq.gz_trimming_report.txt
JSON report: /scratch4/workspace/jade_fiorilla_student_uml_edu-rawseqorcc/trimmed/2024_Both05_Both06_O69_gill_S231_R1_001.fastq.gz_trimming_report.json
Report: /scratch4/workspace/jade_fiorilla_student_uml_edu-rawseqorcc/trimmed/2024_Both05_Both06_O69_gill_S231_R2_001.fastq.gz_trimming_report.txt
JSON report: /scratch4/workspace/jade_fiorilla_student_uml_edu-rawseqorcc/trimmed/2024_Both05_Both06_O69_gill_S231_R2_001.fastq.gz_trimming_report.json

Running FastQC on /scratch4/workspace/jade_fiorilla_student_uml_edu-rawseqorcc/trimmed/2024_Both05_Both06_O69_gill_S231_R1_001_val_1.fq.gz

Running FastQC on /scratch4/workspace/jade_fiorilla_student_uml_edu-rawseqorcc/trimmed/2024_Both05_Both06_O69_gill_S231_R2_001_val_2.fq.gz
Running Trim Galore on: 

Trim Galore v2.3.0
unknown — linux/x86_64 — built 2026-06-27T16:23:35Z
==================================================

Using 4 worker threads (parallel trim + compress)
Auto-detecting adapter type...
Using Nextera adapter for trimming (count: 443189). Second best hit was Illumina (count: 32).
Adapter: Nextera (CTGTCTCTTATA)

Poly-G trimming: ENABLED (auto-detected). 437991 of 948112 reads (46.20%) have poly-G tails (>=10bp) — consistent with 2-colour chemistry (NovaSeq/NextSeq). To disable: --no_poly_g
Trimming (paired-end):
  R1: /scratch4/workspace/jade_fiorilla_student_uml_edu-rawseqorcc/fastq/2024_Both05_Both06_O69_gut_S55_R1_001.fastq.gz
  R2: /scratch4/workspace/jade_fiorilla_student_uml_edu-rawseqorcc/fastq/2024_Both05_Both06_O69_gut_S55_R2_001.fastq.gz
  Output R1: /scratch4/workspace/jade_fiorilla_student_uml_edu-rawseqorcc/trimmed/2024_Both05_Both06_O69_gut_S55_R1_001_val_1.fq.gz
  Output R2: /scratch4/workspace/jade_fiorilla_student_uml_edu-rawseqorcc/trimmed/2024_Both05_Both06_O69_gut_S55_R2_001_val_2.fq.gz

=== Summary (Read 1) ===

Total reads processed:               948112
Reads with adapters:                 940039 (99.1%)

=== Summary (Read 2) ===

Total reads processed:               948112
Reads with adapters:                 939400 (99.1%)
R1 reads with poly-G trimmed:          2074 (0.2%)
  R1 poly-G bases removed:           380790
R2 reads with poly-G trimmed:          2424 (0.3%)
  R2 poly-G bases removed:           550190

=== Paired-end validation ===

Pairs analyzed:                      948112
Pairs removed:                         2109 (0.2%)
Unpaired R1 kept:                      1712
Unpaired R2 kept:                        63
Report: /scratch4/workspace/jade_fiorilla_student_uml_edu-rawseqorcc/trimmed/2024_Both05_Both06_O69_gut_S55_R1_001.fastq.gz_trimming_report.txt
JSON report: /scratch4/workspace/jade_fiorilla_student_uml_edu-rawseqorcc/trimmed/2024_Both05_Both06_O69_gut_S55_R1_001.fastq.gz_trimming_report.json
Report: /scratch4/workspace/jade_fiorilla_student_uml_edu-rawseqorcc/trimmed/2024_Both05_Both06_O69_gut_S55_R2_001.fastq.gz_trimming_report.txt
JSON report: /scratch4/workspace/jade_fiorilla_student_uml_edu-rawseqorcc/trimmed/2024_Both05_Both06_O69_gut_S55_R2_001.fastq.gz_trimming_report.json

Running FastQC on /scratch4/workspace/jade_fiorilla_student_uml_edu-rawseqorcc/trimmed/2024_Both05_Both06_O69_gut_S55_R1_001_val_1.fq.gz

Running FastQC on /scratch4/workspace/jade_fiorilla_student_uml_edu-rawseqorcc/trimmed/2024_Both05_Both06_O69_gut_S55_R2_001_val_2.fq.gz
Running Trim Galore on: 

Trim Galore v2.3.0
unknown — linux/x86_64 — built 2026-06-27T16:23:35Z
==================================================

Using 4 worker threads (parallel trim + compress)
Auto-detecting adapter type...
Using Nextera adapter for trimming (count: 390449). Second best hit was smallRNA (count: 62).
Adapter: Nextera (CTGTCTCTTATA)

Poly-G trimming: ENABLED (auto-detected). 357666 of 931699 reads (38.39%) have poly-G tails (>=10bp) — consistent with 2-colour chemistry (NovaSeq/NextSeq). To disable: --no_poly_g
Trimming (paired-end):
  R1: /scratch4/workspace/jade_fiorilla_student_uml_edu-rawseqorcc/fastq/2024_Both05_Cont01_O9_gill_S142_R1_001.fastq.gz
  R2: /scratch4/workspace/jade_fiorilla_student_uml_edu-rawseqorcc/fastq/2024_Both05_Cont01_O9_gill_S142_R2_001.fastq.gz
  Output R1: /scratch4/workspace/jade_fiorilla_student_uml_edu-rawseqorcc/trimmed/2024_Both05_Cont01_O9_gill_S142_R1_001_val_1.fq.gz
  Output R2: /scratch4/workspace/jade_fiorilla_student_uml_edu-rawseqorcc/trimmed/2024_Both05_Cont01_O9_gill_S142_R2_001_val_2.fq.gz

=== Summary (Read 1) ===

Total reads processed:               931699
Reads with adapters:                 925196 (99.3%)

=== Summary (Read 2) ===

Total reads processed:               931699
Reads with adapters:                 922468 (99.0%)
R1 reads with poly-G trimmed:          1328 (0.1%)
  R1 poly-G bases removed:           218674
R2 reads with poly-G trimmed:          1753 (0.2%)
  R2 poly-G bases removed:           351575

=== Paired-end validation ===

Pairs analyzed:                      931699
Pairs removed:                         1677 (0.2%)
Unpaired R1 kept:                      1368
Unpaired R2 kept:                        80
Report: /scratch4/workspace/jade_fiorilla_student_uml_edu-rawseqorcc/trimmed/2024_Both05_Cont01_O9_gill_S142_R1_001.fastq.gz_trimming_report.txt
JSON report: /scratch4/workspace/jade_fiorilla_student_uml_edu-rawseqorcc/trimmed/2024_Both05_Cont01_O9_gill_S142_R1_001.fastq.gz_trimming_report.json
Report: /scratch4/workspace/jade_fiorilla_student_uml_edu-rawseqorcc/trimmed/2024_Both05_Cont01_O9_gill_S142_R2_001.fastq.gz_trimming_report.txt
JSON report: /scratch4/workspace/jade_fiorilla_student_uml_edu-rawseqorcc/trimmed/2024_Both05_Cont01_O9_gill_S142_R2_001.fastq.gz_trimming_report.json

Running FastQC on /scratch4/workspace/jade_fiorilla_student_uml_edu-rawseqorcc/trimmed/2024_Both05_Cont01_O9_gill_S142_R1_001_val_1.fq.gz

Running FastQC on /scratch4/workspace/jade_fiorilla_student_uml_edu-rawseqorcc/trimmed/2024_Both05_Cont01_O9_gill_S142_R2_001_val_2.fq.gz
Running Trim Galore on: 

Trim Galore v2.3.0
unknown — linux/x86_64 — built 2026-06-27T16:23:35Z
==================================================

Using 4 worker threads (parallel trim + compress)
Auto-detecting adapter type...
Using Nextera adapter for trimming (count: 610217). Second best hit was smallRNA (count: 28).
Adapter: Nextera (CTGTCTCTTATA)

Poly-G trimming: ENABLED (auto-detected). 610155 of 839990 reads (72.64%) have poly-G tails (>=10bp) — consistent with 2-colour chemistry (NovaSeq/NextSeq). To disable: --no_poly_g
Trimming (paired-end):
  R1: /scratch4/workspace/jade_fiorilla_student_uml_edu-rawseqorcc/fastq/2024_Both05_Cont01_O9_gut_S36_R1_001.fastq.gz
  R2: /scratch4/workspace/jade_fiorilla_student_uml_edu-rawseqorcc/fastq/2024_Both05_Cont01_O9_gut_S36_R2_001.fastq.gz
  Output R1: /scratch4/workspace/jade_fiorilla_student_uml_edu-rawseqorcc/trimmed/2024_Both05_Cont01_O9_gut_S36_R1_001_val_1.fq.gz
  Output R2: /scratch4/workspace/jade_fiorilla_student_uml_edu-rawseqorcc/trimmed/2024_Both05_Cont01_O9_gut_S36_R2_001_val_2.fq.gz

=== Summary (Read 1) ===

Total reads processed:               839990
Reads with adapters:                 835622 (99.5%)

=== Summary (Read 2) ===

Total reads processed:               839990
Reads with adapters:                 831799 (99.0%)
R1 reads with poly-G trimmed:          1446 (0.2%)
  R1 poly-G bases removed:           289890
R2 reads with poly-G trimmed:          1958 (0.2%)
  R2 poly-G bases removed:           427253

=== Paired-end validation ===

Pairs analyzed:                      839990
Pairs removed:                         4357 (0.5%)
Unpaired R1 kept:                       784
Unpaired R2 kept:                        45
Report: /scratch4/workspace/jade_fiorilla_student_uml_edu-rawseqorcc/trimmed/2024_Both05_Cont01_O9_gut_S36_R1_001.fastq.gz_trimming_report.txt
JSON report: /scratch4/workspace/jade_fiorilla_student_uml_edu-rawseqorcc/trimmed/2024_Both05_Cont01_O9_gut_S36_R1_001.fastq.gz_trimming_report.json
Report: /scratch4/workspace/jade_fiorilla_student_uml_edu-rawseqorcc/trimmed/2024_Both05_Cont01_O9_gut_S36_R2_001.fastq.gz_trimming_report.txt
JSON report: /scratch4/workspace/jade_fiorilla_student_uml_edu-rawseqorcc/trimmed/2024_Both05_Cont01_O9_gut_S36_R2_001.fastq.gz_trimming_report.json

Running FastQC on /scratch4/workspace/jade_fiorilla_student_uml_edu-rawseqorcc/trimmed/2024_Both05_Cont01_O9_gut_S36_R1_001_val_1.fq.gz

Running FastQC on /scratch4/workspace/jade_fiorilla_student_uml_edu-rawseqorcc/trimmed/2024_Both05_Cont01_O9_gut_S36_R2_001_val_2.fq.gz
Running Trim Galore on: 

Trim Galore v2.3.0
unknown — linux/x86_64 — built 2026-06-27T16:23:35Z
==================================================

Using 4 worker threads (parallel trim + compress)
Auto-detecting adapter type...
Using Nextera adapter for trimming (count: 212990). Second best hit was smallRNA (count: 325).
Adapter: Nextera (CTGTCTCTTATA)

Poly-G trimming: ENABLED (auto-detected). 39482 of 690526 reads (5.72%) have poly-G tails (>=10bp) — consistent with 2-colour chemistry (NovaSeq/NextSeq). To disable: --no_poly_g
Trimming (paired-end):
  R1: /scratch4/workspace/jade_fiorilla_student_uml_edu-rawseqorcc/fastq/2024_Both05_Hyp02_O21_gill_S240_R1_001.fastq.gz
  R2: /scratch4/workspace/jade_fiorilla_student_uml_edu-rawseqorcc/fastq/2024_Both05_Hyp02_O21_gill_S240_R2_001.fastq.gz
  Output R1: /scratch4/workspace/jade_fiorilla_student_uml_edu-rawseqorcc/trimmed/2024_Both05_Hyp02_O21_gill_S240_R1_001_val_1.fq.gz
  Output R2: /scratch4/workspace/jade_fiorilla_student_uml_edu-rawseqorcc/trimmed/2024_Both05_Hyp02_O21_gill_S240_R2_001_val_2.fq.gz

=== Summary (Read 1) ===

Total reads processed:               690526
Reads with adapters:                 679247 (98.4%)

=== Summary (Read 2) ===

Total reads processed:               690526
Reads with adapters:                 671497 (97.2%)
R1 reads with poly-G trimmed:          1337 (0.2%)
  R1 poly-G bases removed:            36750
R2 reads with poly-G trimmed:           997 (0.1%)
  R2 poly-G bases removed:           207202

=== Paired-end validation ===

Pairs analyzed:                      690526
Pairs removed:                         1437 (0.2%)
Unpaired R1 kept:                      1253
Unpaired R2 kept:                        25
Report: /scratch4/workspace/jade_fiorilla_student_uml_edu-rawseqorcc/trimmed/2024_Both05_Hyp02_O21_gill_S240_R1_001.fastq.gz_trimming_report.txt
JSON report: /scratch4/workspace/jade_fiorilla_student_uml_edu-rawseqorcc/trimmed/2024_Both05_Hyp02_O21_gill_S240_R1_001.fastq.gz_trimming_report.json
Report: /scratch4/workspace/jade_fiorilla_student_uml_edu-rawseqorcc/trimmed/2024_Both05_Hyp02_O21_gill_S240_R2_001.fastq.gz_trimming_report.txt
JSON report: /scratch4/workspace/jade_fiorilla_student_uml_edu-rawseqorcc/trimmed/2024_Both05_Hyp02_O21_gill_S240_R2_001.fastq.gz_trimming_report.json

Running FastQC on /scratch4/workspace/jade_fiorilla_student_uml_edu-rawseqorcc/trimmed/2024_Both05_Hyp02_O21_gill_S240_R1_001_val_1.fq.gz

Running FastQC on /scratch4/workspace/jade_fiorilla_student_uml_edu-rawseqorcc/trimmed/2024_Both05_Hyp02_O21_gill_S240_R2_001_val_2.fq.gz
Running Trim Galore on: 

Trim Galore v2.3.0
unknown — linux/x86_64 — built 2026-06-27T16:23:35Z
==================================================

Using 4 worker threads (parallel trim + compress)
Auto-detecting adapter type...
Using Nextera adapter for trimming (count: 492952). Second best hit was smallRNA (count: 41).
Adapter: Nextera (CTGTCTCTTATA)

Poly-G trimming: ENABLED (auto-detected). 494698 of 716630 reads (69.03%) have poly-G tails (>=10bp) — consistent with 2-colour chemistry (NovaSeq/NextSeq). To disable: --no_poly_g
Trimming (paired-end):
  R1: /scratch4/workspace/jade_fiorilla_student_uml_edu-rawseqorcc/fastq/2024_Both05_Hyp02_O21_gut_S37_R1_001.fastq.gz
  R2: /scratch4/workspace/jade_fiorilla_student_uml_edu-rawseqorcc/fastq/2024_Both05_Hyp02_O21_gut_S37_R2_001.fastq.gz
  Output R1: /scratch4/workspace/jade_fiorilla_student_uml_edu-rawseqorcc/trimmed/2024_Both05_Hyp02_O21_gut_S37_R1_001_val_1.fq.gz
  Output R2: /scratch4/workspace/jade_fiorilla_student_uml_edu-rawseqorcc/trimmed/2024_Both05_Hyp02_O21_gut_S37_R2_001_val_2.fq.gz

=== Summary (Read 1) ===

Total reads processed:               716630
Reads with adapters:                 712202 (99.4%)

=== Summary (Read 2) ===

Total reads processed:               716630
Reads with adapters:                 708438 (98.9%)
R1 reads with poly-G trimmed:          1337 (0.2%)
  R1 poly-G bases removed:           261835
R2 reads with poly-G trimmed:          1808 (0.3%)
  R2 poly-G bases removed:           388148

=== Paired-end validation ===

Pairs analyzed:                      716630
Pairs removed:                         3957 (0.6%)
Unpaired R1 kept:                       865
Unpaired R2 kept:                        49
Report: /scratch4/workspace/jade_fiorilla_student_uml_edu-rawseqorcc/trimmed/2024_Both05_Hyp02_O21_gut_S37_R1_001.fastq.gz_trimming_report.txt
JSON report: /scratch4/workspace/jade_fiorilla_student_uml_edu-rawseqorcc/trimmed/2024_Both05_Hyp02_O21_gut_S37_R1_001.fastq.gz_trimming_report.json
Report: /scratch4/workspace/jade_fiorilla_student_uml_edu-rawseqorcc/trimmed/2024_Both05_Hyp02_O21_gut_S37_R2_001.fastq.gz_trimming_report.txt
JSON report: /scratch4/workspace/jade_fiorilla_student_uml_edu-rawseqorcc/trimmed/2024_Both05_Hyp02_O21_gut_S37_R2_001.fastq.gz_trimming_report.json

Running FastQC on /scratch4/workspace/jade_fiorilla_student_uml_edu-rawseqorcc/trimmed/2024_Both05_Hyp02_O21_gut_S37_R1_001_val_1.fq.gz

Running FastQC on /scratch4/workspace/jade_fiorilla_student_uml_edu-rawseqorcc/trimmed/2024_Both05_Hyp02_O21_gut_S37_R2_001_val_2.fq.gz
Running Trim Galore on: 

Trim Galore v2.3.0
unknown — linux/x86_64 — built 2026-06-27T16:23:35Z
==================================================

Using 4 worker threads (parallel trim + compress)
Auto-detecting adapter type...
Using Nextera adapter for trimming (count: 20242). Second best hit was smallRNA (count: 861).
Adapter: Nextera (CTGTCTCTTATA)

Poly-G trimming: ENABLED (auto-detected). 19867 of 675108 reads (2.94%) have poly-G tails (>=10bp) — consistent with 2-colour chemistry (NovaSeq/NextSeq). To disable: --no_poly_g
Trimming (paired-end):
  R1: /scratch4/workspace/jade_fiorilla_student_uml_edu-rawseqorcc/fastq/2024_Both05_Null_O36_gill_S270_R1_001.fastq.gz
  R2: /scratch4/workspace/jade_fiorilla_student_uml_edu-rawseqorcc/fastq/2024_Both05_Null_O36_gill_S270_R2_001.fastq.gz
  Output R1: /scratch4/workspace/jade_fiorilla_student_uml_edu-rawseqorcc/trimmed/2024_Both05_Null_O36_gill_S270_R1_001_val_1.fq.gz
  Output R2: /scratch4/workspace/jade_fiorilla_student_uml_edu-rawseqorcc/trimmed/2024_Both05_Null_O36_gill_S270_R2_001_val_2.fq.gz

=== Summary (Read 1) ===

Total reads processed:               675108
Reads with adapters:                 662823 (98.2%)

=== Summary (Read 2) ===

Total reads processed:               675108
Reads with adapters:                 618796 (91.7%)
R1 reads with poly-G trimmed:           219 (0.0%)
  R1 poly-G bases removed:             8368
R2 reads with poly-G trimmed:           750 (0.1%)
  R2 poly-G bases removed:           120613

=== Paired-end validation ===

Pairs analyzed:                      675108
Pairs removed:                          890 (0.1%)
Unpaired R1 kept:                       823
Unpaired R2 kept:                        27
Report: /scratch4/workspace/jade_fiorilla_student_uml_edu-rawseqorcc/trimmed/2024_Both05_Null_O36_gill_S270_R1_001.fastq.gz_trimming_report.txt
JSON report: /scratch4/workspace/jade_fiorilla_student_uml_edu-rawseqorcc/trimmed/2024_Both05_Null_O36_gill_S270_R1_001.fastq.gz_trimming_report.json
Report: /scratch4/workspace/jade_fiorilla_student_uml_edu-rawseqorcc/trimmed/2024_Both05_Null_O36_gill_S270_R2_001.fastq.gz_trimming_report.txt
JSON report: /scratch4/workspace/jade_fiorilla_student_uml_edu-rawseqorcc/trimmed/2024_Both05_Null_O36_gill_S270_R2_001.fastq.gz_trimming_report.json

Running FastQC on /scratch4/workspace/jade_fiorilla_student_uml_edu-rawseqorcc/trimmed/2024_Both05_Null_O36_gill_S270_R1_001_val_1.fq.gz

Running FastQC on /scratch4/workspace/jade_fiorilla_student_uml_edu-rawseqorcc/trimmed/2024_Both05_Null_O36_gill_S270_R2_001_val_2.fq.gz
Running Trim Galore on: 

Trim Galore v2.3.0
unknown — linux/x86_64 — built 2026-06-27T16:23:35Z
==================================================

Using 4 worker threads (parallel trim + compress)
Auto-detecting adapter type...
Using Nextera adapter for trimming (count: 324937). Second best hit was smallRNA (count: 1415).
Adapter: Nextera (CTGTCTCTTATA)

Poly-G trimming: ENABLED (auto-detected). 325400 of 893274 reads (36.43%) have poly-G tails (>=10bp) — consistent with 2-colour chemistry (NovaSeq/NextSeq). To disable: --no_poly_g
Trimming (paired-end):
  R1: /scratch4/workspace/jade_fiorilla_student_uml_edu-rawseqorcc/fastq/2024_Both05_Null_O36_gut_S73_R1_001.fastq.gz
  R2: /scratch4/workspace/jade_fiorilla_student_uml_edu-rawseqorcc/fastq/2024_Both05_Null_O36_gut_S73_R2_001.fastq.gz
  Output R1: /scratch4/workspace/jade_fiorilla_student_uml_edu-rawseqorcc/trimmed/2024_Both05_Null_O36_gut_S73_R1_001_val_1.fq.gz
  Output R2: /scratch4/workspace/jade_fiorilla_student_uml_edu-rawseqorcc/trimmed/2024_Both05_Null_O36_gut_S73_R2_001_val_2.fq.gz

=== Summary (Read 1) ===

Total reads processed:               893274
Reads with adapters:                 887873 (99.4%)

=== Summary (Read 2) ===

Total reads processed:               893274
Reads with adapters:                 885825 (99.2%)
R1 reads with poly-G trimmed:          1179 (0.1%)
  R1 poly-G bases removed:           201111
R2 reads with poly-G trimmed:          1682 (0.2%)
  R2 poly-G bases removed:           355142

=== Paired-end validation ===

Pairs analyzed:                      893274
Pairs removed:                         1365 (0.2%)
Unpaired R1 kept:                      1068
Unpaired R2 kept:                        50
Report: /scratch4/workspace/jade_fiorilla_student_uml_edu-rawseqorcc/trimmed/2024_Both05_Null_O36_gut_S73_R1_001.fastq.gz_trimming_report.txt
JSON report: /scratch4/workspace/jade_fiorilla_student_uml_edu-rawseqorcc/trimmed/2024_Both05_Null_O36_gut_S73_R1_001.fastq.gz_trimming_report.json
Report: /scratch4/workspace/jade_fiorilla_student_uml_edu-rawseqorcc/trimmed/2024_Both05_Null_O36_gut_S73_R2_001.fastq.gz_trimming_report.txt
JSON report: /scratch4/workspace/jade_fiorilla_student_uml_edu-rawseqorcc/trimmed/2024_Both05_Null_O36_gut_S73_R2_001.fastq.gz_trimming_report.json

Running FastQC on /scratch4/workspace/jade_fiorilla_student_uml_edu-rawseqorcc/trimmed/2024_Both05_Null_O36_gut_S73_R1_001_val_1.fq.gz

Running FastQC on /scratch4/workspace/jade_fiorilla_student_uml_edu-rawseqorcc/trimmed/2024_Both05_Null_O36_gut_S73_R2_001_val_2.fq.gz
Running Trim Galore on: 

Trim Galore v2.3.0
unknown — linux/x86_64 — built 2026-06-27T16:23:35Z
==================================================

Using 4 worker threads (parallel trim + compress)
Auto-detecting adapter type...
Using Nextera adapter for trimming (count: 70781). Second best hit was smallRNA (count: 5).
Adapter: Nextera (CTGTCTCTTATA)

Poly-G trimming: ENABLED (auto-detected). 71139 of 753768 reads (9.44%) have poly-G tails (>=10bp) — consistent with 2-colour chemistry (NovaSeq/NextSeq). To disable: --no_poly_g
Trimming (paired-end):
  R1: /scratch4/workspace/jade_fiorilla_student_uml_edu-rawseqorcc/fastq/2024_Both05_Warm03_O33_gill_S272_R1_001.fastq.gz
  R2: /scratch4/workspace/jade_fiorilla_student_uml_edu-rawseqorcc/fastq/2024_Both05_Warm03_O33_gill_S272_R2_001.fastq.gz
  Output R1: /scratch4/workspace/jade_fiorilla_student_uml_edu-rawseqorcc/trimmed/2024_Both05_Warm03_O33_gill_S272_R1_001_val_1.fq.gz
  Output R2: /scratch4/workspace/jade_fiorilla_student_uml_edu-rawseqorcc/trimmed/2024_Both05_Warm03_O33_gill_S272_R2_001_val_2.fq.gz

=== Summary (Read 1) ===

Total reads processed:               753768
Reads with adapters:                 745842 (98.9%)

=== Summary (Read 2) ===

Total reads processed:               753768
Reads with adapters:                 745623 (98.9%)
R1 reads with poly-G trimmed:           486 (0.1%)
  R1 poly-G bases removed:            56232
R2 reads with poly-G trimmed:           770 (0.1%)
  R2 poly-G bases removed:           141718

=== Paired-end validation ===

Pairs analyzed:                      753768
Pairs removed:                         1058 (0.1%)
Unpaired R1 kept:                       926
Unpaired R2 kept:                        63
Report: /scratch4/workspace/jade_fiorilla_student_uml_edu-rawseqorcc/trimmed/2024_Both05_Warm03_O33_gill_S272_R1_001.fastq.gz_trimming_report.txt
JSON report: /scratch4/workspace/jade_fiorilla_student_uml_edu-rawseqorcc/trimmed/2024_Both05_Warm03_O33_gill_S272_R1_001.fastq.gz_trimming_report.json
Report: /scratch4/workspace/jade_fiorilla_student_uml_edu-rawseqorcc/trimmed/2024_Both05_Warm03_O33_gill_S272_R2_001.fastq.gz_trimming_report.txt
JSON report: /scratch4/workspace/jade_fiorilla_student_uml_edu-rawseqorcc/trimmed/2024_Both05_Warm03_O33_gill_S272_R2_001.fastq.gz_trimming_report.json

Running FastQC on /scratch4/workspace/jade_fiorilla_student_uml_edu-rawseqorcc/trimmed/2024_Both05_Warm03_O33_gill_S272_R1_001_val_1.fq.gz

Running FastQC on /scratch4/workspace/jade_fiorilla_student_uml_edu-rawseqorcc/trimmed/2024_Both05_Warm03_O33_gill_S272_R2_001_val_2.fq.gz
Running Trim Galore on: 

Trim Galore v2.3.0
unknown — linux/x86_64 — built 2026-06-27T16:23:35Z
==================================================

Using 4 worker threads (parallel trim + compress)
Auto-detecting adapter type...
Using Nextera adapter for trimming (count: 145206). Second best hit was smallRNA (count: 1138).
Adapter: Nextera (CTGTCTCTTATA)

Poly-G trimming: ENABLED (auto-detected). 149379 of 839725 reads (17.79%) have poly-G tails (>=10bp) — consistent with 2-colour chemistry (NovaSeq/NextSeq). To disable: --no_poly_g
Trimming (paired-end):
  R1: /scratch4/workspace/jade_fiorilla_student_uml_edu-rawseqorcc/fastq/2024_Both05_Warm03_O33_gut_S1_R1_001.fastq.gz
  R2: /scratch4/workspace/jade_fiorilla_student_uml_edu-rawseqorcc/fastq/2024_Both05_Warm03_O33_gut_S1_R2_001.fastq.gz
  Output R1: /scratch4/workspace/jade_fiorilla_student_uml_edu-rawseqorcc/trimmed/2024_Both05_Warm03_O33_gut_S1_R1_001_val_1.fq.gz
  Output R2: /scratch4/workspace/jade_fiorilla_student_uml_edu-rawseqorcc/trimmed/2024_Both05_Warm03_O33_gut_S1_R2_001_val_2.fq.gz

=== Summary (Read 1) ===

Total reads processed:               839725
Reads with adapters:                 823176 (98.0%)

=== Summary (Read 2) ===

Total reads processed:               839725
Reads with adapters:                 818853 (97.5%)
R1 reads with poly-G trimmed:          5479 (0.7%)
  R1 poly-G bases removed:           135167
R2 reads with poly-G trimmed:          7575 (0.9%)
  R2 poly-G bases removed:           477074

=== Paired-end validation ===

Pairs analyzed:                      839725
Pairs removed:                         2270 (0.3%)
Unpaired R1 kept:                      2085
Unpaired R2 kept:                        53
Report: /scratch4/workspace/jade_fiorilla_student_uml_edu-rawseqorcc/trimmed/2024_Both05_Warm03_O33_gut_S1_R1_001.fastq.gz_trimming_report.txt
JSON report: /scratch4/workspace/jade_fiorilla_student_uml_edu-rawseqorcc/trimmed/2024_Both05_Warm03_O33_gut_S1_R1_001.fastq.gz_trimming_report.json
Report: /scratch4/workspace/jade_fiorilla_student_uml_edu-rawseqorcc/trimmed/2024_Both05_Warm03_O33_gut_S1_R2_001.fastq.gz_trimming_report.txt
JSON report: /scratch4/workspace/jade_fiorilla_student_uml_edu-rawseqorcc/trimmed/2024_Both05_Warm03_O33_gut_S1_R2_001.fastq.gz_trimming_report.json

Running FastQC on /scratch4/workspace/jade_fiorilla_student_uml_edu-rawseqorcc/trimmed/2024_Both05_Warm03_O33_gut_S1_R1_001_val_1.fq.gz

Running FastQC on /scratch4/workspace/jade_fiorilla_student_uml_edu-rawseqorcc/trimmed/2024_Both05_Warm03_O33_gut_S1_R2_001_val_2.fq.gz
Running Trim Galore on: 

Trim Galore v2.3.0
unknown — linux/x86_64 — built 2026-06-27T16:23:35Z
==================================================

Using 4 worker threads (parallel trim + compress)
Auto-detecting adapter type...
Using Nextera adapter for trimming (count: 26446). Second best hit was smallRNA (count: 317).
Adapter: Nextera (CTGTCTCTTATA)

Poly-G trimming: ENABLED (auto-detected). 28556 of 451731 reads (6.32%) have poly-G tails (>=10bp) — consistent with 2-colour chemistry (NovaSeq/NextSeq). To disable: --no_poly_g
Trimming (paired-end):
  R1: /scratch4/workspace/jade_fiorilla_student_uml_edu-rawseqorcc/fastq/2024_Both06_Cont02_O24_gill_S216_R1_001.fastq.gz
  R2: /scratch4/workspace/jade_fiorilla_student_uml_edu-rawseqorcc/fastq/2024_Both06_Cont02_O24_gill_S216_R2_001.fastq.gz
  Output R1: /scratch4/workspace/jade_fiorilla_student_uml_edu-rawseqorcc/trimmed/2024_Both06_Cont02_O24_gill_S216_R1_001_val_1.fq.gz
  Output R2: /scratch4/workspace/jade_fiorilla_student_uml_edu-rawseqorcc/trimmed/2024_Both06_Cont02_O24_gill_S216_R2_001_val_2.fq.gz

=== Summary (Read 1) ===

Total reads processed:               451731
Reads with adapters:                 390151 (86.4%)

=== Summary (Read 2) ===

Total reads processed:               451731
Reads with adapters:                 398060 (88.1%)
R1 reads with poly-G trimmed:           852 (0.2%)
  R1 poly-G bases removed:            51301
R2 reads with poly-G trimmed:           463 (0.1%)
  R2 poly-G bases removed:            98771

=== Paired-end validation ===

Pairs analyzed:                      451731
Pairs removed:                          550 (0.1%)
Unpaired R1 kept:                       495
Unpaired R2 kept:                        31
Report: /scratch4/workspace/jade_fiorilla_student_uml_edu-rawseqorcc/trimmed/2024_Both06_Cont02_O24_gill_S216_R1_001.fastq.gz_trimming_report.txt
JSON report: /scratch4/workspace/jade_fiorilla_student_uml_edu-rawseqorcc/trimmed/2024_Both06_Cont02_O24_gill_S216_R1_001.fastq.gz_trimming_report.json
Report: /scratch4/workspace/jade_fiorilla_student_uml_edu-rawseqorcc/trimmed/2024_Both06_Cont02_O24_gill_S216_R2_001.fastq.gz_trimming_report.txt
JSON report: /scratch4/workspace/jade_fiorilla_student_uml_edu-rawseqorcc/trimmed/2024_Both06_Cont02_O24_gill_S216_R2_001.fastq.gz_trimming_report.json

Running FastQC on /scratch4/workspace/jade_fiorilla_student_uml_edu-rawseqorcc/trimmed/2024_Both06_Cont02_O24_gill_S216_R1_001_val_1.fq.gz

Running FastQC on /scratch4/workspace/jade_fiorilla_student_uml_edu-rawseqorcc/trimmed/2024_Both06_Cont02_O24_gill_S216_R2_001_val_2.fq.gz
Running Trim Galore on: 

Trim Galore v2.3.0
unknown — linux/x86_64 — built 2026-06-27T16:23:35Z
==================================================

Using 4 worker threads (parallel trim + compress)
Auto-detecting adapter type...
Using Nextera adapter for trimming (count: 366114). Second best hit was smallRNA (count: 324).
Adapter: Nextera (CTGTCTCTTATA)

Poly-G trimming: ENABLED (auto-detected). 367394 of 807539 reads (45.50%) have poly-G tails (>=10bp) — consistent with 2-colour chemistry (NovaSeq/NextSeq). To disable: --no_poly_g
Trimming (paired-end):
  R1: /scratch4/workspace/jade_fiorilla_student_uml_edu-rawseqorcc/fastq/2024_Both06_Cont02_O24_gut_S38_R1_001.fastq.gz
  R2: /scratch4/workspace/jade_fiorilla_student_uml_edu-rawseqorcc/fastq/2024_Both06_Cont02_O24_gut_S38_R2_001.fastq.gz
  Output R1: /scratch4/workspace/jade_fiorilla_student_uml_edu-rawseqorcc/trimmed/2024_Both06_Cont02_O24_gut_S38_R1_001_val_1.fq.gz
  Output R2: /scratch4/workspace/jade_fiorilla_student_uml_edu-rawseqorcc/trimmed/2024_Both06_Cont02_O24_gut_S38_R2_001_val_2.fq.gz

=== Summary (Read 1) ===

Total reads processed:               807539
Reads with adapters:                 800453 (99.1%)

=== Summary (Read 2) ===

Total reads processed:               807539
Reads with adapters:                 793654 (98.3%)
R1 reads with poly-G trimmed:          1015 (0.1%)
  R1 poly-G bases removed:           189761
R2 reads with poly-G trimmed:          1565 (0.2%)
  R2 poly-G bases removed:           336106

=== Paired-end validation ===

Pairs analyzed:                      807539
Pairs removed:                         3352 (0.4%)
Unpaired R1 kept:                      1080
Unpaired R2 kept:                        52
Report: /scratch4/workspace/jade_fiorilla_student_uml_edu-rawseqorcc/trimmed/2024_Both06_Cont02_O24_gut_S38_R1_001.fastq.gz_trimming_report.txt
JSON report: /scratch4/workspace/jade_fiorilla_student_uml_edu-rawseqorcc/trimmed/2024_Both06_Cont02_O24_gut_S38_R1_001.fastq.gz_trimming_report.json
Report: /scratch4/workspace/jade_fiorilla_student_uml_edu-rawseqorcc/trimmed/2024_Both06_Cont02_O24_gut_S38_R2_001.fastq.gz_trimming_report.txt
JSON report: /scratch4/workspace/jade_fiorilla_student_uml_edu-rawseqorcc/trimmed/2024_Both06_Cont02_O24_gut_S38_R2_001.fastq.gz_trimming_report.json

Running FastQC on /scratch4/workspace/jade_fiorilla_student_uml_edu-rawseqorcc/trimmed/2024_Both06_Cont02_O24_gut_S38_R1_001_val_1.fq.gz

Running FastQC on /scratch4/workspace/jade_fiorilla_student_uml_edu-rawseqorcc/trimmed/2024_Both06_Cont02_O24_gut_S38_R2_001_val_2.fq.gz
Running Trim Galore on: 

Trim Galore v2.3.0
unknown — linux/x86_64 — built 2026-06-27T16:23:35Z
==================================================

Using 4 worker threads (parallel trim + compress)
Auto-detecting adapter type...
Using Nextera adapter for trimming (count: 26941). Second best hit was smallRNA (count: 1781).
Adapter: Nextera (CTGTCTCTTATA)

Poly-G trimming: ENABLED (auto-detected). 17595 of 637523 reads (2.76%) have poly-G tails (>=10bp) — consistent with 2-colour chemistry (NovaSeq/NextSeq). To disable: --no_poly_g
Trimming (paired-end):
  R1: /scratch4/workspace/jade_fiorilla_student_uml_edu-rawseqorcc/fastq/2024_Both06_Hyp03_O35_gill_S258_R1_001.fastq.gz
  R2: /scratch4/workspace/jade_fiorilla_student_uml_edu-rawseqorcc/fastq/2024_Both06_Hyp03_O35_gill_S258_R2_001.fastq.gz
  Output R1: /scratch4/workspace/jade_fiorilla_student_uml_edu-rawseqorcc/trimmed/2024_Both06_Hyp03_O35_gill_S258_R1_001_val_1.fq.gz
  Output R2: /scratch4/workspace/jade_fiorilla_student_uml_edu-rawseqorcc/trimmed/2024_Both06_Hyp03_O35_gill_S258_R2_001_val_2.fq.gz

=== Summary (Read 1) ===

Total reads processed:               637523
Reads with adapters:                 628816 (98.6%)

=== Summary (Read 2) ===

Total reads processed:               637523
Reads with adapters:                 624765 (98.0%)
R1 reads with poly-G trimmed:           374 (0.1%)
  R1 poly-G bases removed:            19961
R2 reads with poly-G trimmed:          1423 (0.2%)
  R2 poly-G bases removed:           248236

=== Paired-end validation ===

Pairs analyzed:                      637523
Pairs removed:                         1560 (0.2%)
Unpaired R1 kept:                      1429
Unpaired R2 kept:                        60
Report: /scratch4/workspace/jade_fiorilla_student_uml_edu-rawseqorcc/trimmed/2024_Both06_Hyp03_O35_gill_S258_R1_001.fastq.gz_trimming_report.txt
JSON report: /scratch4/workspace/jade_fiorilla_student_uml_edu-rawseqorcc/trimmed/2024_Both06_Hyp03_O35_gill_S258_R1_001.fastq.gz_trimming_report.json
Report: /scratch4/workspace/jade_fiorilla_student_uml_edu-rawseqorcc/trimmed/2024_Both06_Hyp03_O35_gill_S258_R2_001.fastq.gz_trimming_report.txt
JSON report: /scratch4/workspace/jade_fiorilla_student_uml_edu-rawseqorcc/trimmed/2024_Both06_Hyp03_O35_gill_S258_R2_001.fastq.gz_trimming_report.json

Running FastQC on /scratch4/workspace/jade_fiorilla_student_uml_edu-rawseqorcc/trimmed/2024_Both06_Hyp03_O35_gill_S258_R1_001_val_1.fq.gz

Running FastQC on /scratch4/workspace/jade_fiorilla_student_uml_edu-rawseqorcc/trimmed/2024_Both06_Hyp03_O35_gill_S258_R2_001_val_2.fq.gz
Running Trim Galore on: 

Trim Galore v2.3.0
unknown — linux/x86_64 — built 2026-06-27T16:23:35Z
==================================================

Using 4 worker threads (parallel trim + compress)
Auto-detecting adapter type...
Using Nextera adapter for trimming (count: 47506). Second best hit was smallRNA (count: 858).
Adapter: Nextera (CTGTCTCTTATA)

Poly-G trimming: ENABLED (auto-detected). 43686 of 801425 reads (5.45%) have poly-G tails (>=10bp) — consistent with 2-colour chemistry (NovaSeq/NextSeq). To disable: --no_poly_g
Trimming (paired-end):
  R1: /scratch4/workspace/jade_fiorilla_student_uml_edu-rawseqorcc/fastq/2024_Both06_Hyp03_O35_gut_S266_R1_001.fastq.gz
  R2: /scratch4/workspace/jade_fiorilla_student_uml_edu-rawseqorcc/fastq/2024_Both06_Hyp03_O35_gut_S266_R2_001.fastq.gz
  Output R1: /scratch4/workspace/jade_fiorilla_student_uml_edu-rawseqorcc/trimmed/2024_Both06_Hyp03_O35_gut_S266_R1_001_val_1.fq.gz
  Output R2: /scratch4/workspace/jade_fiorilla_student_uml_edu-rawseqorcc/trimmed/2024_Both06_Hyp03_O35_gut_S266_R2_001_val_2.fq.gz

=== Summary (Read 1) ===

Total reads processed:               801425
Reads with adapters:                 791952 (98.8%)

=== Summary (Read 2) ===

Total reads processed:               801425
Reads with adapters:                 789074 (98.5%)
R1 reads with poly-G trimmed:           342 (0.0%)
  R1 poly-G bases removed:            31600
R2 reads with poly-G trimmed:           807 (0.1%)
  R2 poly-G bases removed:           149956

=== Paired-end validation ===

Pairs analyzed:                      801425
Pairs removed:                         1270 (0.2%)
Unpaired R1 kept:                      1089
Unpaired R2 kept:                        70
Report: /scratch4/workspace/jade_fiorilla_student_uml_edu-rawseqorcc/trimmed/2024_Both06_Hyp03_O35_gut_S266_R1_001.fastq.gz_trimming_report.txt
JSON report: /scratch4/workspace/jade_fiorilla_student_uml_edu-rawseqorcc/trimmed/2024_Both06_Hyp03_O35_gut_S266_R1_001.fastq.gz_trimming_report.json
Report: /scratch4/workspace/jade_fiorilla_student_uml_edu-rawseqorcc/trimmed/2024_Both06_Hyp03_O35_gut_S266_R2_001.fastq.gz_trimming_report.txt
JSON report: /scratch4/workspace/jade_fiorilla_student_uml_edu-rawseqorcc/trimmed/2024_Both06_Hyp03_O35_gut_S266_R2_001.fastq.gz_trimming_report.json

Running FastQC on /scratch4/workspace/jade_fiorilla_student_uml_edu-rawseqorcc/trimmed/2024_Both06_Hyp03_O35_gut_S266_R1_001_val_1.fq.gz

Running FastQC on /scratch4/workspace/jade_fiorilla_student_uml_edu-rawseqorcc/trimmed/2024_Both06_Hyp03_O35_gut_S266_R2_001_val_2.fq.gz
Running Trim Galore on: 

Trim Galore v2.3.0
unknown — linux/x86_64 — built 2026-06-27T16:23:35Z
==================================================

Using 4 worker threads (parallel trim + compress)
Auto-detecting adapter type...
Using Nextera adapter for trimming (count: 55293). Second best hit was smallRNA (count: 446).
Adapter: Nextera (CTGTCTCTTATA)

Poly-G trimming: ENABLED (auto-detected). 55961 of 917630 reads (6.10%) have poly-G tails (>=10bp) — consistent with 2-colour chemistry (NovaSeq/NextSeq). To disable: --no_poly_g
Trimming (paired-end):
  R1: /scratch4/workspace/jade_fiorilla_student_uml_edu-rawseqorcc/fastq/2024_Both06_Hyp06_O72_gill_S193_R1_001.fastq.gz
  R2: /scratch4/workspace/jade_fiorilla_student_uml_edu-rawseqorcc/fastq/2024_Both06_Hyp06_O72_gill_S193_R2_001.fastq.gz
  Output R1: /scratch4/workspace/jade_fiorilla_student_uml_edu-rawseqorcc/trimmed/2024_Both06_Hyp06_O72_gill_S193_R1_001_val_1.fq.gz
  Output R2: /scratch4/workspace/jade_fiorilla_student_uml_edu-rawseqorcc/trimmed/2024_Both06_Hyp06_O72_gill_S193_R2_001_val_2.fq.gz

=== Summary (Read 1) ===

Total reads processed:               917630
Reads with adapters:                 905596 (98.7%)

=== Summary (Read 2) ===

Total reads processed:               917630
Reads with adapters:                 870612 (94.9%)
R1 reads with poly-G trimmed:          5902 (0.6%)
  R1 poly-G bases removed:            60840
R2 reads with poly-G trimmed:          8346 (0.9%)
  R2 poly-G bases removed:           526251

=== Paired-end validation ===

Pairs analyzed:                      917630
Pairs removed:                         2896 (0.3%)
Unpaired R1 kept:                      2772
Unpaired R2 kept:                        54
Report: /scratch4/workspace/jade_fiorilla_student_uml_edu-rawseqorcc/trimmed/2024_Both06_Hyp06_O72_gill_S193_R1_001.fastq.gz_trimming_report.txt
JSON report: /scratch4/workspace/jade_fiorilla_student_uml_edu-rawseqorcc/trimmed/2024_Both06_Hyp06_O72_gill_S193_R1_001.fastq.gz_trimming_report.json
Report: /scratch4/workspace/jade_fiorilla_student_uml_edu-rawseqorcc/trimmed/2024_Both06_Hyp06_O72_gill_S193_R2_001.fastq.gz_trimming_report.txt
JSON report: /scratch4/workspace/jade_fiorilla_student_uml_edu-rawseqorcc/trimmed/2024_Both06_Hyp06_O72_gill_S193_R2_001.fastq.gz_trimming_report.json

Running FastQC on /scratch4/workspace/jade_fiorilla_student_uml_edu-rawseqorcc/trimmed/2024_Both06_Hyp06_O72_gill_S193_R1_001_val_1.fq.gz

Running FastQC on /scratch4/workspace/jade_fiorilla_student_uml_edu-rawseqorcc/trimmed/2024_Both06_Hyp06_O72_gill_S193_R2_001_val_2.fq.gz
Running Trim Galore on: 

Trim Galore v2.3.0
unknown — linux/x86_64 — built 2026-06-27T16:23:35Z
==================================================

Using 4 worker threads (parallel trim + compress)
Auto-detecting adapter type...
Using Nextera adapter for trimming (count: 84337). Second best hit was smallRNA (count: 1411).
Adapter: Nextera (CTGTCTCTTATA)

Poly-G trimming: ENABLED (auto-detected). 86024 of 1000000 reads (8.60%) have poly-G tails (>=10bp) — consistent with 2-colour chemistry (NovaSeq/NextSeq). To disable: --no_poly_g
Trimming (paired-end):
  R1: /scratch4/workspace/jade_fiorilla_student_uml_edu-rawseqorcc/fastq/2024_Both06_Hyp06_O72_gut_S2_R1_001.fastq.gz
  R2: /scratch4/workspace/jade_fiorilla_student_uml_edu-rawseqorcc/fastq/2024_Both06_Hyp06_O72_gut_S2_R2_001.fastq.gz
  Output R1: /scratch4/workspace/jade_fiorilla_student_uml_edu-rawseqorcc/trimmed/2024_Both06_Hyp06_O72_gut_S2_R1_001_val_1.fq.gz
  Output R2: /scratch4/workspace/jade_fiorilla_student_uml_edu-rawseqorcc/trimmed/2024_Both06_Hyp06_O72_gut_S2_R2_001_val_2.fq.gz

=== Summary (Read 1) ===

Total reads processed:              1319425
Reads with adapters:                1300404 (98.6%)

=== Summary (Read 2) ===

Total reads processed:              1319425
Reads with adapters:                1288063 (97.6%)
R1 reads with poly-G trimmed:          8315 (0.6%)
  R1 poly-G bases removed:           129378
R2 reads with poly-G trimmed:         11188 (0.8%)
  R2 poly-G bases removed:           652814

=== Paired-end validation ===

Pairs analyzed:                     1319425
Pairs removed:                         3452 (0.3%)
Unpaired R1 kept:                      3268
Unpaired R2 kept:                        66
Report: /scratch4/workspace/jade_fiorilla_student_uml_edu-rawseqorcc/trimmed/2024_Both06_Hyp06_O72_gut_S2_R1_001.fastq.gz_trimming_report.txt
JSON report: /scratch4/workspace/jade_fiorilla_student_uml_edu-rawseqorcc/trimmed/2024_Both06_Hyp06_O72_gut_S2_R1_001.fastq.gz_trimming_report.json
Report: /scratch4/workspace/jade_fiorilla_student_uml_edu-rawseqorcc/trimmed/2024_Both06_Hyp06_O72_gut_S2_R2_001.fastq.gz_trimming_report.txt
JSON report: /scratch4/workspace/jade_fiorilla_student_uml_edu-rawseqorcc/trimmed/2024_Both06_Hyp06_O72_gut_S2_R2_001.fastq.gz_trimming_report.json

Running FastQC on /scratch4/workspace/jade_fiorilla_student_uml_edu-rawseqorcc/trimmed/2024_Both06_Hyp06_O72_gut_S2_R1_001_val_1.fq.gz

Running FastQC on /scratch4/workspace/jade_fiorilla_student_uml_edu-rawseqorcc/trimmed/2024_Both06_Hyp06_O72_gut_S2_R2_001_val_2.fq.gz
Running Trim Galore on: 

Trim Galore v2.3.0
unknown — linux/x86_64 — built 2026-06-27T16:23:35Z
==================================================

Using 4 worker threads (parallel trim + compress)
Auto-detecting adapter type...
Using Nextera adapter for trimming (count: 371027). Second best hit was smallRNA (count: 540).
Adapter: Nextera (CTGTCTCTTATA)

Poly-G trimming: ENABLED (auto-detected). 333864 of 789410 reads (42.29%) have poly-G tails (>=10bp) — consistent with 2-colour chemistry (NovaSeq/NextSeq). To disable: --no_poly_g
Trimming (paired-end):
  R1: /scratch4/workspace/jade_fiorilla_student_uml_edu-rawseqorcc/fastq/2024_Both06_Null_O47_gill_S74_R1_001.fastq.gz
  R2: /scratch4/workspace/jade_fiorilla_student_uml_edu-rawseqorcc/fastq/2024_Both06_Null_O47_gill_S74_R2_001.fastq.gz
  Output R1: /scratch4/workspace/jade_fiorilla_student_uml_edu-rawseqorcc/trimmed/2024_Both06_Null_O47_gill_S74_R1_001_val_1.fq.gz
  Output R2: /scratch4/workspace/jade_fiorilla_student_uml_edu-rawseqorcc/trimmed/2024_Both06_Null_O47_gill_S74_R2_001_val_2.fq.gz

=== Summary (Read 1) ===

Total reads processed:               789410
Reads with adapters:                 765245 (96.9%)

=== Summary (Read 2) ===

Total reads processed:               789410
Reads with adapters:                 766421 (97.1%)
R1 reads with poly-G trimmed:          1185 (0.2%)
  R1 poly-G bases removed:           190142
R2 reads with poly-G trimmed:          1459 (0.2%)
  R2 poly-G bases removed:           312225

=== Paired-end validation ===

Pairs analyzed:                      789410
Pairs removed:                         1180 (0.1%)
Unpaired R1 kept:                       900
Unpaired R2 kept:                        58
Report: /scratch4/workspace/jade_fiorilla_student_uml_edu-rawseqorcc/trimmed/2024_Both06_Null_O47_gill_S74_R1_001.fastq.gz_trimming_report.txt
JSON report: /scratch4/workspace/jade_fiorilla_student_uml_edu-rawseqorcc/trimmed/2024_Both06_Null_O47_gill_S74_R1_001.fastq.gz_trimming_report.json
Report: /scratch4/workspace/jade_fiorilla_student_uml_edu-rawseqorcc/trimmed/2024_Both06_Null_O47_gill_S74_R2_001.fastq.gz_trimming_report.txt
JSON report: /scratch4/workspace/jade_fiorilla_student_uml_edu-rawseqorcc/trimmed/2024_Both06_Null_O47_gill_S74_R2_001.fastq.gz_trimming_report.json

Running FastQC on /scratch4/workspace/jade_fiorilla_student_uml_edu-rawseqorcc/trimmed/2024_Both06_Null_O47_gill_S74_R1_001_val_1.fq.gz

Running FastQC on /scratch4/workspace/jade_fiorilla_student_uml_edu-rawseqorcc/trimmed/2024_Both06_Null_O47_gill_S74_R2_001_val_2.fq.gz
Running Trim Galore on: 

Trim Galore v2.3.0
unknown — linux/x86_64 — built 2026-06-27T16:23:35Z
==================================================

Using 4 worker threads (parallel trim + compress)
Auto-detecting adapter type...
Using Nextera adapter for trimming (count: 139261). Second best hit was smallRNA (count: 573).
Adapter: Nextera (CTGTCTCTTATA)

Poly-G trimming: ENABLED (auto-detected). 133928 of 664508 reads (20.15%) have poly-G tails (>=10bp) — consistent with 2-colour chemistry (NovaSeq/NextSeq). To disable: --no_poly_g
Trimming (paired-end):
  R1: /scratch4/workspace/jade_fiorilla_student_uml_edu-rawseqorcc/fastq/2024_Both06_Null_O47_gut_S75_R1_001.fastq.gz
  R2: /scratch4/workspace/jade_fiorilla_student_uml_edu-rawseqorcc/fastq/2024_Both06_Null_O47_gut_S75_R2_001.fastq.gz
  Output R1: /scratch4/workspace/jade_fiorilla_student_uml_edu-rawseqorcc/trimmed/2024_Both06_Null_O47_gut_S75_R1_001_val_1.fq.gz
  Output R2: /scratch4/workspace/jade_fiorilla_student_uml_edu-rawseqorcc/trimmed/2024_Both06_Null_O47_gut_S75_R2_001_val_2.fq.gz

=== Summary (Read 1) ===

Total reads processed:               664508
Reads with adapters:                 660916 (99.5%)

=== Summary (Read 2) ===

Total reads processed:               664508
Reads with adapters:                 659568 (99.3%)
R1 reads with poly-G trimmed:           493 (0.1%)
  R1 poly-G bases removed:            81380
R2 reads with poly-G trimmed:          1055 (0.2%)
  R2 poly-G bases removed:           221918

=== Paired-end validation ===

Pairs analyzed:                      664508
Pairs removed:                         1109 (0.2%)
Unpaired R1 kept:                       980
Unpaired R2 kept:                        42
Report: /scratch4/workspace/jade_fiorilla_student_uml_edu-rawseqorcc/trimmed/2024_Both06_Null_O47_gut_S75_R1_001.fastq.gz_trimming_report.txt
JSON report: /scratch4/workspace/jade_fiorilla_student_uml_edu-rawseqorcc/trimmed/2024_Both06_Null_O47_gut_S75_R1_001.fastq.gz_trimming_report.json
Report: /scratch4/workspace/jade_fiorilla_student_uml_edu-rawseqorcc/trimmed/2024_Both06_Null_O47_gut_S75_R2_001.fastq.gz_trimming_report.txt
JSON report: /scratch4/workspace/jade_fiorilla_student_uml_edu-rawseqorcc/trimmed/2024_Both06_Null_O47_gut_S75_R2_001.fastq.gz_trimming_report.json

Running FastQC on /scratch4/workspace/jade_fiorilla_student_uml_edu-rawseqorcc/trimmed/2024_Both06_Null_O47_gut_S75_R1_001_val_1.fq.gz

Running FastQC on /scratch4/workspace/jade_fiorilla_student_uml_edu-rawseqorcc/trimmed/2024_Both06_Null_O47_gut_S75_R2_001_val_2.fq.gz
Running Trim Galore on: 

Trim Galore v2.3.0
unknown — linux/x86_64 — built 2026-06-27T16:23:35Z
==================================================

Using 4 worker threads (parallel trim + compress)
Auto-detecting adapter type...
Using Nextera adapter for trimming (count: 263639). Second best hit was Illumina (count: 40).
Adapter: Nextera (CTGTCTCTTATA)

Poly-G trimming: ENABLED (auto-detected). 245893 of 1000000 reads (24.59%) have poly-G tails (>=10bp) — consistent with 2-colour chemistry (NovaSeq/NextSeq). To disable: --no_poly_g
Trimming (paired-end):
  R1: /scratch4/workspace/jade_fiorilla_student_uml_edu-rawseqorcc/fastq/2024_Cont01_Cont04_W37_gill_S151_R1_001.fastq.gz
  R2: /scratch4/workspace/jade_fiorilla_student_uml_edu-rawseqorcc/fastq/2024_Cont01_Cont04_W37_gill_S151_R2_001.fastq.gz
  Output R1: /scratch4/workspace/jade_fiorilla_student_uml_edu-rawseqorcc/trimmed/2024_Cont01_Cont04_W37_gill_S151_R1_001_val_1.fq.gz
  Output R2: /scratch4/workspace/jade_fiorilla_student_uml_edu-rawseqorcc/trimmed/2024_Cont01_Cont04_W37_gill_S151_R2_001_val_2.fq.gz

=== Summary (Read 1) ===

Total reads processed:              1076437
Reads with adapters:                1059433 (98.4%)

=== Summary (Read 2) ===

Total reads processed:              1076437
Reads with adapters:                1062520 (98.7%)
R1 reads with poly-G trimmed:          1429 (0.1%)
  R1 poly-G bases removed:           230609
R2 reads with poly-G trimmed:          2105 (0.2%)
  R2 poly-G bases removed:           467905

=== Paired-end validation ===

Pairs analyzed:                     1076437
Pairs removed:                         2406 (0.2%)
Unpaired R1 kept:                      2054
Unpaired R2 kept:                        92
Report: /scratch4/workspace/jade_fiorilla_student_uml_edu-rawseqorcc/trimmed/2024_Cont01_Cont04_W37_gill_S151_R1_001.fastq.gz_trimming_report.txt
JSON report: /scratch4/workspace/jade_fiorilla_student_uml_edu-rawseqorcc/trimmed/2024_Cont01_Cont04_W37_gill_S151_R1_001.fastq.gz_trimming_report.json
Report: /scratch4/workspace/jade_fiorilla_student_uml_edu-rawseqorcc/trimmed/2024_Cont01_Cont04_W37_gill_S151_R2_001.fastq.gz_trimming_report.txt
JSON report: /scratch4/workspace/jade_fiorilla_student_uml_edu-rawseqorcc/trimmed/2024_Cont01_Cont04_W37_gill_S151_R2_001.fastq.gz_trimming_report.json

Running FastQC on /scratch4/workspace/jade_fiorilla_student_uml_edu-rawseqorcc/trimmed/2024_Cont01_Cont04_W37_gill_S151_R1_001_val_1.fq.gz

Running FastQC on /scratch4/workspace/jade_fiorilla_student_uml_edu-rawseqorcc/trimmed/2024_Cont01_Cont04_W37_gill_S151_R2_001_val_2.fq.gz
Running Trim Galore on: 

Trim Galore v2.3.0
unknown — linux/x86_64 — built 2026-06-27T16:23:35Z
==================================================

Using 4 worker threads (parallel trim + compress)
Auto-detecting adapter type...
Using Nextera adapter for trimming (count: 32191). Second best hit was smallRNA (count: 1038).
Adapter: Nextera (CTGTCTCTTATA)

Poly-G trimming: ENABLED (auto-detected). 32177 of 835926 reads (3.85%) have poly-G tails (>=10bp) — consistent with 2-colour chemistry (NovaSeq/NextSeq). To disable: --no_poly_g
Trimming (paired-end):
  R1: /scratch4/workspace/jade_fiorilla_student_uml_edu-rawseqorcc/fastq/2024_Cont01_Cont04_W37_gut_S224_R1_001.fastq.gz
  R2: /scratch4/workspace/jade_fiorilla_student_uml_edu-rawseqorcc/fastq/2024_Cont01_Cont04_W37_gut_S224_R2_001.fastq.gz
  Output R1: /scratch4/workspace/jade_fiorilla_student_uml_edu-rawseqorcc/trimmed/2024_Cont01_Cont04_W37_gut_S224_R1_001_val_1.fq.gz
  Output R2: /scratch4/workspace/jade_fiorilla_student_uml_edu-rawseqorcc/trimmed/2024_Cont01_Cont04_W37_gut_S224_R2_001_val_2.fq.gz

=== Summary (Read 1) ===

Total reads processed:               835926
Reads with adapters:                 828491 (99.1%)

=== Summary (Read 2) ===

Total reads processed:               835926
Reads with adapters:                 825601 (98.8%)
R1 reads with poly-G trimmed:           429 (0.1%)
  R1 poly-G bases removed:            40584
R2 reads with poly-G trimmed:          1378 (0.2%)
  R2 poly-G bases removed:           316712

=== Paired-end validation ===

Pairs analyzed:                      835926
Pairs removed:                         1941 (0.2%)
Unpaired R1 kept:                      1808
Unpaired R2 kept:                        60
Report: /scratch4/workspace/jade_fiorilla_student_uml_edu-rawseqorcc/trimmed/2024_Cont01_Cont04_W37_gut_S224_R1_001.fastq.gz_trimming_report.txt
JSON report: /scratch4/workspace/jade_fiorilla_student_uml_edu-rawseqorcc/trimmed/2024_Cont01_Cont04_W37_gut_S224_R1_001.fastq.gz_trimming_report.json
Report: /scratch4/workspace/jade_fiorilla_student_uml_edu-rawseqorcc/trimmed/2024_Cont01_Cont04_W37_gut_S224_R2_001.fastq.gz_trimming_report.txt
JSON report: /scratch4/workspace/jade_fiorilla_student_uml_edu-rawseqorcc/trimmed/2024_Cont01_Cont04_W37_gut_S224_R2_001.fastq.gz_trimming_report.json

Running FastQC on /scratch4/workspace/jade_fiorilla_student_uml_edu-rawseqorcc/trimmed/2024_Cont01_Cont04_W37_gut_S224_R1_001_val_1.fq.gz

Running FastQC on /scratch4/workspace/jade_fiorilla_student_uml_edu-rawseqorcc/trimmed/2024_Cont01_Cont04_W37_gut_S224_R2_001_val_2.fq.gz
Running Trim Galore on: 

Trim Galore v2.3.0
unknown — linux/x86_64 — built 2026-06-27T16:23:35Z
==================================================

Using 4 worker threads (parallel trim + compress)
Auto-detecting adapter type...
Using Nextera adapter for trimming (count: 5346). Second best hit was smallRNA (count: 734).
Adapter: Nextera (CTGTCTCTTATA)

Poly-G trimming: ENABLED (auto-detected). 3939 of 668174 reads (0.59%) have poly-G tails (>=10bp) — consistent with 2-colour chemistry (NovaSeq/NextSeq). To disable: --no_poly_g
Trimming (paired-end):
  R1: /scratch4/workspace/jade_fiorilla_student_uml_edu-rawseqorcc/fastq/2024_Cont01_Hyp02_W13_gill_S255_R1_001.fastq.gz
  R2: /scratch4/workspace/jade_fiorilla_student_uml_edu-rawseqorcc/fastq/2024_Cont01_Hyp02_W13_gill_S255_R2_001.fastq.gz
  Output R1: /scratch4/workspace/jade_fiorilla_student_uml_edu-rawseqorcc/trimmed/2024_Cont01_Hyp02_W13_gill_S255_R1_001_val_1.fq.gz
  Output R2: /scratch4/workspace/jade_fiorilla_student_uml_edu-rawseqorcc/trimmed/2024_Cont01_Hyp02_W13_gill_S255_R2_001_val_2.fq.gz

=== Summary (Read 1) ===

Total reads processed:               668174
Reads with adapters:                 654794 (98.0%)

=== Summary (Read 2) ===

Total reads processed:               668174
Reads with adapters:                 650531 (97.4%)
R1 reads with poly-G trimmed:          4196 (0.6%)
  R1 poly-G bases removed:            18241
R2 reads with poly-G trimmed:          5575 (0.8%)
  R2 poly-G bases removed:           343047

=== Paired-end validation ===

Pairs analyzed:                      668174
Pairs removed:                         1896 (0.3%)
Unpaired R1 kept:                      1779
Unpaired R2 kept:                        68
Report: /scratch4/workspace/jade_fiorilla_student_uml_edu-rawseqorcc/trimmed/2024_Cont01_Hyp02_W13_gill_S255_R1_001.fastq.gz_trimming_report.txt
JSON report: /scratch4/workspace/jade_fiorilla_student_uml_edu-rawseqorcc/trimmed/2024_Cont01_Hyp02_W13_gill_S255_R1_001.fastq.gz_trimming_report.json
Report: /scratch4/workspace/jade_fiorilla_student_uml_edu-rawseqorcc/trimmed/2024_Cont01_Hyp02_W13_gill_S255_R2_001.fastq.gz_trimming_report.txt
JSON report: /scratch4/workspace/jade_fiorilla_student_uml_edu-rawseqorcc/trimmed/2024_Cont01_Hyp02_W13_gill_S255_R2_001.fastq.gz_trimming_report.json

Running FastQC on /scratch4/workspace/jade_fiorilla_student_uml_edu-rawseqorcc/trimmed/2024_Cont01_Hyp02_W13_gill_S255_R1_001_val_1.fq.gz

Running FastQC on /scratch4/workspace/jade_fiorilla_student_uml_edu-rawseqorcc/trimmed/2024_Cont01_Hyp02_W13_gill_S255_R2_001_val_2.fq.gz
Running Trim Galore on: 

Trim Galore v2.3.0
unknown — linux/x86_64 — built 2026-06-27T16:23:35Z
==================================================

Using 4 worker threads (parallel trim + compress)
Auto-detecting adapter type...
Using Nextera adapter for trimming (count: 327880). Second best hit was smallRNA (count: 256).
Adapter: Nextera (CTGTCTCTTATA)

Poly-G trimming: ENABLED (auto-detected). 325907 of 967328 reads (33.69%) have poly-G tails (>=10bp) — consistent with 2-colour chemistry (NovaSeq/NextSeq). To disable: --no_poly_g
Trimming (paired-end):
  R1: /scratch4/workspace/jade_fiorilla_student_uml_edu-rawseqorcc/fastq/2024_Cont01_Hyp02_W13_gut_S60_R1_001.fastq.gz
  R2: /scratch4/workspace/jade_fiorilla_student_uml_edu-rawseqorcc/fastq/2024_Cont01_Hyp02_W13_gut_S60_R2_001.fastq.gz
  Output R1: /scratch4/workspace/jade_fiorilla_student_uml_edu-rawseqorcc/trimmed/2024_Cont01_Hyp02_W13_gut_S60_R1_001_val_1.fq.gz
  Output R2: /scratch4/workspace/jade_fiorilla_student_uml_edu-rawseqorcc/trimmed/2024_Cont01_Hyp02_W13_gut_S60_R2_001_val_2.fq.gz

=== Summary (Read 1) ===

Total reads processed:               967328
Reads with adapters:                 956445 (98.9%)

=== Summary (Read 2) ===

Total reads processed:               967328
Reads with adapters:                 954275 (98.7%)
R1 reads with poly-G trimmed:          1570 (0.2%)
  R1 poly-G bases removed:           264965
R2 reads with poly-G trimmed:          2422 (0.3%)
  R2 poly-G bases removed:           526023

=== Paired-end validation ===

Pairs analyzed:                      967328
Pairs removed:                         2324 (0.2%)
Unpaired R1 kept:                      1959
Unpaired R2 kept:                        86
Report: /scratch4/workspace/jade_fiorilla_student_uml_edu-rawseqorcc/trimmed/2024_Cont01_Hyp02_W13_gut_S60_R1_001.fastq.gz_trimming_report.txt
JSON report: /scratch4/workspace/jade_fiorilla_student_uml_edu-rawseqorcc/trimmed/2024_Cont01_Hyp02_W13_gut_S60_R1_001.fastq.gz_trimming_report.json
Report: /scratch4/workspace/jade_fiorilla_student_uml_edu-rawseqorcc/trimmed/2024_Cont01_Hyp02_W13_gut_S60_R2_001.fastq.gz_trimming_report.txt
JSON report: /scratch4/workspace/jade_fiorilla_student_uml_edu-rawseqorcc/trimmed/2024_Cont01_Hyp02_W13_gut_S60_R2_001.fastq.gz_trimming_report.json

Running FastQC on /scratch4/workspace/jade_fiorilla_student_uml_edu-rawseqorcc/trimmed/2024_Cont01_Hyp02_W13_gut_S60_R1_001_val_1.fq.gz

Running FastQC on /scratch4/workspace/jade_fiorilla_student_uml_edu-rawseqorcc/trimmed/2024_Cont01_Hyp02_W13_gut_S60_R2_001_val_2.fq.gz
Running Trim Galore on: 

Trim Galore v2.3.0
unknown — linux/x86_64 — built 2026-06-27T16:23:35Z
==================================================

Using 4 worker threads (parallel trim + compress)
Auto-detecting adapter type...
Using Nextera adapter for trimming (count: 20821). Second best hit was smallRNA (count: 1715).
Adapter: Nextera (CTGTCTCTTATA)

Poly-G trimming: ENABLED (auto-detected). 21964 of 102139 reads (21.50%) have poly-G tails (>=10bp) — consistent with 2-colour chemistry (NovaSeq/NextSeq). To disable: --no_poly_g
Trimming (paired-end):
  R1: /scratch4/workspace/jade_fiorilla_student_uml_edu-rawseqorcc/fastq/2024_Cont01_Hyp06_W62_gill_S194_R1_001.fastq.gz
  R2: /scratch4/workspace/jade_fiorilla_student_uml_edu-rawseqorcc/fastq/2024_Cont01_Hyp06_W62_gill_S194_R2_001.fastq.gz
  Output R1: /scratch4/workspace/jade_fiorilla_student_uml_edu-rawseqorcc/trimmed/2024_Cont01_Hyp06_W62_gill_S194_R1_001_val_1.fq.gz
  Output R2: /scratch4/workspace/jade_fiorilla_student_uml_edu-rawseqorcc/trimmed/2024_Cont01_Hyp06_W62_gill_S194_R2_001_val_2.fq.gz

=== Summary (Read 1) ===

Total reads processed:               102139
Reads with adapters:                 100463 (98.4%)

=== Summary (Read 2) ===

Total reads processed:               102139
Reads with adapters:                  97374 (95.3%)
R1 reads with poly-G trimmed:           743 (0.7%)
  R1 poly-G bases removed:            28058
R2 reads with poly-G trimmed:          1006 (1.0%)
  R2 poly-G bases removed:            83367

=== Paired-end validation ===

Pairs analyzed:                      102139
Pairs removed:                          431 (0.4%)
Unpaired R1 kept:                       405
Unpaired R2 kept:                        10
Report: /scratch4/workspace/jade_fiorilla_student_uml_edu-rawseqorcc/trimmed/2024_Cont01_Hyp06_W62_gill_S194_R1_001.fastq.gz_trimming_report.txt
JSON report: /scratch4/workspace/jade_fiorilla_student_uml_edu-rawseqorcc/trimmed/2024_Cont01_Hyp06_W62_gill_S194_R1_001.fastq.gz_trimming_report.json
Report: /scratch4/workspace/jade_fiorilla_student_uml_edu-rawseqorcc/trimmed/2024_Cont01_Hyp06_W62_gill_S194_R2_001.fastq.gz_trimming_report.txt
JSON report: /scratch4/workspace/jade_fiorilla_student_uml_edu-rawseqorcc/trimmed/2024_Cont01_Hyp06_W62_gill_S194_R2_001.fastq.gz_trimming_report.json

Running FastQC on /scratch4/workspace/jade_fiorilla_student_uml_edu-rawseqorcc/trimmed/2024_Cont01_Hyp06_W62_gill_S194_R1_001_val_1.fq.gz

Running FastQC on /scratch4/workspace/jade_fiorilla_student_uml_edu-rawseqorcc/trimmed/2024_Cont01_Hyp06_W62_gill_S194_R2_001_val_2.fq.gz
Running Trim Galore on: 

Trim Galore v2.3.0
unknown — linux/x86_64 — built 2026-06-27T16:23:35Z
==================================================

Using 4 worker threads (parallel trim + compress)
Auto-detecting adapter type...
Using Nextera adapter for trimming (count: 34456). Second best hit was smallRNA (count: 312).
Adapter: Nextera (CTGTCTCTTATA)

Poly-G trimming: ENABLED (auto-detected). 35262 of 910889 reads (3.87%) have poly-G tails (>=10bp) — consistent with 2-colour chemistry (NovaSeq/NextSeq). To disable: --no_poly_g
Trimming (paired-end):
  R1: /scratch4/workspace/jade_fiorilla_student_uml_edu-rawseqorcc/fastq/2024_Cont01_Hyp06_W62_gut_S195_R1_001.fastq.gz
  R2: /scratch4/workspace/jade_fiorilla_student_uml_edu-rawseqorcc/fastq/2024_Cont01_Hyp06_W62_gut_S195_R2_001.fastq.gz
  Output R1: /scratch4/workspace/jade_fiorilla_student_uml_edu-rawseqorcc/trimmed/2024_Cont01_Hyp06_W62_gut_S195_R1_001_val_1.fq.gz
  Output R2: /scratch4/workspace/jade_fiorilla_student_uml_edu-rawseqorcc/trimmed/2024_Cont01_Hyp06_W62_gut_S195_R2_001_val_2.fq.gz

=== Summary (Read 1) ===

Total reads processed:               910889
Reads with adapters:                 900419 (98.9%)

=== Summary (Read 2) ===

Total reads processed:               910889
Reads with adapters:                 869960 (95.5%)
R1 reads with poly-G trimmed:          5553 (0.6%)
  R1 poly-G bases removed:            45992
R2 reads with poly-G trimmed:          7928 (0.9%)
  R2 poly-G bases removed:           480479

=== Paired-end validation ===

Pairs analyzed:                      910889
Pairs removed:                         2643 (0.3%)
Unpaired R1 kept:                      2531
Unpaired R2 kept:                        49
Report: /scratch4/workspace/jade_fiorilla_student_uml_edu-rawseqorcc/trimmed/2024_Cont01_Hyp06_W62_gut_S195_R1_001.fastq.gz_trimming_report.txt
JSON report: /scratch4/workspace/jade_fiorilla_student_uml_edu-rawseqorcc/trimmed/2024_Cont01_Hyp06_W62_gut_S195_R1_001.fastq.gz_trimming_report.json
Report: /scratch4/workspace/jade_fiorilla_student_uml_edu-rawseqorcc/trimmed/2024_Cont01_Hyp06_W62_gut_S195_R2_001.fastq.gz_trimming_report.txt
JSON report: /scratch4/workspace/jade_fiorilla_student_uml_edu-rawseqorcc/trimmed/2024_Cont01_Hyp06_W62_gut_S195_R2_001.fastq.gz_trimming_report.json

Running FastQC on /scratch4/workspace/jade_fiorilla_student_uml_edu-rawseqorcc/trimmed/2024_Cont01_Hyp06_W62_gut_S195_R1_001_val_1.fq.gz

Running FastQC on /scratch4/workspace/jade_fiorilla_student_uml_edu-rawseqorcc/trimmed/2024_Cont01_Hyp06_W62_gut_S195_R2_001_val_2.fq.gz
Running Trim Galore on: 

Trim Galore v2.3.0
unknown — linux/x86_64 — built 2026-06-27T16:23:35Z
==================================================

Using 4 worker threads (parallel trim + compress)
Auto-detecting adapter type...
Using Nextera adapter for trimming (count: 517770). Second best hit was smallRNA (count: 3746).
Adapter: Nextera (CTGTCTCTTATA)

Poly-G trimming: ENABLED (auto-detected). 305547 of 1000000 reads (30.55%) have poly-G tails (>=10bp) — consistent with 2-colour chemistry (NovaSeq/NextSeq). To disable: --no_poly_g
Trimming (paired-end):
  R1: /scratch4/workspace/jade_fiorilla_student_uml_edu-rawseqorcc/fastq/2024_Cont01_Null_W01_gill_S191_R1_001.fastq.gz
  R2: /scratch4/workspace/jade_fiorilla_student_uml_edu-rawseqorcc/fastq/2024_Cont01_Null_W01_gill_S191_R2_001.fastq.gz
  Output R1: /scratch4/workspace/jade_fiorilla_student_uml_edu-rawseqorcc/trimmed/2024_Cont01_Null_W01_gill_S191_R1_001_val_1.fq.gz
  Output R2: /scratch4/workspace/jade_fiorilla_student_uml_edu-rawseqorcc/trimmed/2024_Cont01_Null_W01_gill_S191_R2_001_val_2.fq.gz

=== Summary (Read 1) ===

Total reads processed:              1146298
Reads with adapters:                1133941 (98.9%)

=== Summary (Read 2) ===

Total reads processed:              1146298
Reads with adapters:                1122031 (97.9%)
R1 reads with poly-G trimmed:          8614 (0.8%)
  R1 poly-G bases removed:           221672
R2 reads with poly-G trimmed:         11674 (1.0%)
  R2 poly-G bases removed:           720467

=== Paired-end validation ===

Pairs analyzed:                     1146298
Pairs removed:                         3060 (0.3%)
Unpaired R1 kept:                      2696
Unpaired R2 kept:                        76
Report: /scratch4/workspace/jade_fiorilla_student_uml_edu-rawseqorcc/trimmed/2024_Cont01_Null_W01_gill_S191_R1_001.fastq.gz_trimming_report.txt
JSON report: /scratch4/workspace/jade_fiorilla_student_uml_edu-rawseqorcc/trimmed/2024_Cont01_Null_W01_gill_S191_R1_001.fastq.gz_trimming_report.json
Report: /scratch4/workspace/jade_fiorilla_student_uml_edu-rawseqorcc/trimmed/2024_Cont01_Null_W01_gill_S191_R2_001.fastq.gz_trimming_report.txt
JSON report: /scratch4/workspace/jade_fiorilla_student_uml_edu-rawseqorcc/trimmed/2024_Cont01_Null_W01_gill_S191_R2_001.fastq.gz_trimming_report.json

Running FastQC on /scratch4/workspace/jade_fiorilla_student_uml_edu-rawseqorcc/trimmed/2024_Cont01_Null_W01_gill_S191_R1_001_val_1.fq.gz

Running FastQC on /scratch4/workspace/jade_fiorilla_student_uml_edu-rawseqorcc/trimmed/2024_Cont01_Null_W01_gill_S191_R2_001_val_2.fq.gz
Running Trim Galore on: 

Trim Galore v2.3.0
unknown — linux/x86_64 — built 2026-06-27T16:23:35Z
==================================================

Using 4 worker threads (parallel trim + compress)
Auto-detecting adapter type...
Using Nextera adapter for trimming (count: 656538). Second best hit was smallRNA (count: 608).
Adapter: Nextera (CTGTCTCTTATA)

Poly-G trimming: ENABLED (auto-detected). 660605 of 1000000 reads (66.06%) have poly-G tails (>=10bp) — consistent with 2-colour chemistry (NovaSeq/NextSeq). To disable: --no_poly_g
Trimming (paired-end):
  R1: /scratch4/workspace/jade_fiorilla_student_uml_edu-rawseqorcc/fastq/2024_Cont01_Null_W01_gut_S81_R1_001.fastq.gz
  R2: /scratch4/workspace/jade_fiorilla_student_uml_edu-rawseqorcc/fastq/2024_Cont01_Null_W01_gut_S81_R2_001.fastq.gz
  Output R1: /scratch4/workspace/jade_fiorilla_student_uml_edu-rawseqorcc/trimmed/2024_Cont01_Null_W01_gut_S81_R1_001_val_1.fq.gz
  Output R2: /scratch4/workspace/jade_fiorilla_student_uml_edu-rawseqorcc/trimmed/2024_Cont01_Null_W01_gut_S81_R2_001_val_2.fq.gz

=== Summary (Read 1) ===

Total reads processed:              1276316
Reads with adapters:                1268705 (99.4%)

=== Summary (Read 2) ===

Total reads processed:              1276316
Reads with adapters:                1266215 (99.2%)
R1 reads with poly-G trimmed:          3726 (0.3%)
  R1 poly-G bases removed:           693199
R2 reads with poly-G trimmed:          3235 (0.3%)
  R2 poly-G bases removed:           720325

=== Paired-end validation ===

Pairs analyzed:                     1276316
Pairs removed:                         2212 (0.2%)
Unpaired R1 kept:                      1726
Unpaired R2 kept:                        52
Report: /scratch4/workspace/jade_fiorilla_student_uml_edu-rawseqorcc/trimmed/2024_Cont01_Null_W01_gut_S81_R1_001.fastq.gz_trimming_report.txt
JSON report: /scratch4/workspace/jade_fiorilla_student_uml_edu-rawseqorcc/trimmed/2024_Cont01_Null_W01_gut_S81_R1_001.fastq.gz_trimming_report.json
Report: /scratch4/workspace/jade_fiorilla_student_uml_edu-rawseqorcc/trimmed/2024_Cont01_Null_W01_gut_S81_R2_001.fastq.gz_trimming_report.txt
JSON report: /scratch4/workspace/jade_fiorilla_student_uml_edu-rawseqorcc/trimmed/2024_Cont01_Null_W01_gut_S81_R2_001.fastq.gz_trimming_report.json

Running FastQC on /scratch4/workspace/jade_fiorilla_student_uml_edu-rawseqorcc/trimmed/2024_Cont01_Null_W01_gut_S81_R1_001_val_1.fq.gz

Running FastQC on /scratch4/workspace/jade_fiorilla_student_uml_edu-rawseqorcc/trimmed/2024_Cont01_Null_W01_gut_S81_R2_001_val_2.fq.gz
Running Trim Galore on: 

Trim Galore v2.3.0
unknown — linux/x86_64 — built 2026-06-27T16:23:35Z
==================================================

Using 4 worker threads (parallel trim + compress)
Auto-detecting adapter type...
Using Nextera adapter for trimming (count: 37633). Second best hit was smallRNA (count: 129).
Adapter: Nextera (CTGTCTCTTATA)

Poly-G trimming: ENABLED (auto-detected). 38003 of 713868 reads (5.32%) have poly-G tails (>=10bp) — consistent with 2-colour chemistry (NovaSeq/NextSeq). To disable: --no_poly_g
Trimming (paired-end):
  R1: /scratch4/workspace/jade_fiorilla_student_uml_edu-rawseqorcc/fastq/2024_Cont01_Null_W05_gill_S264_R1_001.fastq.gz
  R2: /scratch4/workspace/jade_fiorilla_student_uml_edu-rawseqorcc/fastq/2024_Cont01_Null_W05_gill_S264_R2_001.fastq.gz
  Output R1: /scratch4/workspace/jade_fiorilla_student_uml_edu-rawseqorcc/trimmed/2024_Cont01_Null_W05_gill_S264_R1_001_val_1.fq.gz
  Output R2: /scratch4/workspace/jade_fiorilla_student_uml_edu-rawseqorcc/trimmed/2024_Cont01_Null_W05_gill_S264_R2_001_val_2.fq.gz

=== Summary (Read 1) ===

Total reads processed:               713868
Reads with adapters:                 703706 (98.6%)

=== Summary (Read 2) ===

Total reads processed:               713868
Reads with adapters:                 700261 (98.1%)
R1 reads with poly-G trimmed:           471 (0.1%)
  R1 poly-G bases removed:            30306
R2 reads with poly-G trimmed:           731 (0.1%)
  R2 poly-G bases removed:           129701

=== Paired-end validation ===

Pairs analyzed:                      713868
Pairs removed:                         1036 (0.1%)
Unpaired R1 kept:                       917
Unpaired R2 kept:                        61
Report: /scratch4/workspace/jade_fiorilla_student_uml_edu-rawseqorcc/trimmed/2024_Cont01_Null_W05_gill_S264_R1_001.fastq.gz_trimming_report.txt
JSON report: /scratch4/workspace/jade_fiorilla_student_uml_edu-rawseqorcc/trimmed/2024_Cont01_Null_W05_gill_S264_R1_001.fastq.gz_trimming_report.json
Report: /scratch4/workspace/jade_fiorilla_student_uml_edu-rawseqorcc/trimmed/2024_Cont01_Null_W05_gill_S264_R2_001.fastq.gz_trimming_report.txt
JSON report: /scratch4/workspace/jade_fiorilla_student_uml_edu-rawseqorcc/trimmed/2024_Cont01_Null_W05_gill_S264_R2_001.fastq.gz_trimming_report.json

Running FastQC on /scratch4/workspace/jade_fiorilla_student_uml_edu-rawseqorcc/trimmed/2024_Cont01_Null_W05_gill_S264_R1_001_val_1.fq.gz

Running FastQC on /scratch4/workspace/jade_fiorilla_student_uml_edu-rawseqorcc/trimmed/2024_Cont01_Null_W05_gill_S264_R2_001_val_2.fq.gz
Running Trim Galore on: 

Trim Galore v2.3.0
unknown — linux/x86_64 — built 2026-06-27T16:23:35Z
==================================================

Using 4 worker threads (parallel trim + compress)
Auto-detecting adapter type...
Using Nextera adapter for trimming (count: 382479). Second best hit was smallRNA (count: 4190).
Adapter: Nextera (CTGTCTCTTATA)

Poly-G trimming: ENABLED (auto-detected). 386037 of 828282 reads (46.61%) have poly-G tails (>=10bp) — consistent with 2-colour chemistry (NovaSeq/NextSeq). To disable: --no_poly_g
Trimming (paired-end):
  R1: /scratch4/workspace/jade_fiorilla_student_uml_edu-rawseqorcc/fastq/2024_Cont01_Null_W05_gut_S82_R1_001.fastq.gz
  R2: /scratch4/workspace/jade_fiorilla_student_uml_edu-rawseqorcc/fastq/2024_Cont01_Null_W05_gut_S82_R2_001.fastq.gz
  Output R1: /scratch4/workspace/jade_fiorilla_student_uml_edu-rawseqorcc/trimmed/2024_Cont01_Null_W05_gut_S82_R1_001_val_1.fq.gz
  Output R2: /scratch4/workspace/jade_fiorilla_student_uml_edu-rawseqorcc/trimmed/2024_Cont01_Null_W05_gut_S82_R2_001_val_2.fq.gz

=== Summary (Read 1) ===

Total reads processed:               828282
Reads with adapters:                 823033 (99.4%)

=== Summary (Read 2) ===

Total reads processed:               828282
Reads with adapters:                 820593 (99.1%)
R1 reads with poly-G trimmed:          1794 (0.2%)
  R1 poly-G bases removed:           320810
R2 reads with poly-G trimmed:          1992 (0.2%)
  R2 poly-G bases removed:           424673

=== Paired-end validation ===

Pairs analyzed:                      828282
Pairs removed:                         1673 (0.2%)
Unpaired R1 kept:                      1402
Unpaired R2 kept:                        51
Report: /scratch4/workspace/jade_fiorilla_student_uml_edu-rawseqorcc/trimmed/2024_Cont01_Null_W05_gut_S82_R1_001.fastq.gz_trimming_report.txt
JSON report: /scratch4/workspace/jade_fiorilla_student_uml_edu-rawseqorcc/trimmed/2024_Cont01_Null_W05_gut_S82_R1_001.fastq.gz_trimming_report.json
Report: /scratch4/workspace/jade_fiorilla_student_uml_edu-rawseqorcc/trimmed/2024_Cont01_Null_W05_gut_S82_R2_001.fastq.gz_trimming_report.txt
JSON report: /scratch4/workspace/jade_fiorilla_student_uml_edu-rawseqorcc/trimmed/2024_Cont01_Null_W05_gut_S82_R2_001.fastq.gz_trimming_report.json

Running FastQC on /scratch4/workspace/jade_fiorilla_student_uml_edu-rawseqorcc/trimmed/2024_Cont01_Null_W05_gut_S82_R1_001_val_1.fq.gz

Running FastQC on /scratch4/workspace/jade_fiorilla_student_uml_edu-rawseqorcc/trimmed/2024_Cont01_Null_W05_gut_S82_R2_001_val_2.fq.gz
Running Trim Galore on: 

Trim Galore v2.3.0
unknown — linux/x86_64 — built 2026-06-27T16:23:35Z
==================================================

Using 4 worker threads (parallel trim + compress)
Auto-detecting adapter type...
Using Nextera adapter for trimming (count: 223782). Second best hit was smallRNA (count: 973).
Adapter: Nextera (CTGTCTCTTATA)

Poly-G trimming: ENABLED (auto-detected). 200309 of 723750 reads (27.68%) have poly-G tails (>=10bp) — consistent with 2-colour chemistry (NovaSeq/NextSeq). To disable: --no_poly_g
Trimming (paired-end):
  R1: /scratch4/workspace/jade_fiorilla_student_uml_edu-rawseqorcc/fastq/2024_Cont02_Both02_W16_gill_S246_R1_001.fastq.gz
  R2: /scratch4/workspace/jade_fiorilla_student_uml_edu-rawseqorcc/fastq/2024_Cont02_Both02_W16_gill_S246_R2_001.fastq.gz
  Output R1: /scratch4/workspace/jade_fiorilla_student_uml_edu-rawseqorcc/trimmed/2024_Cont02_Both02_W16_gill_S246_R1_001_val_1.fq.gz
  Output R2: /scratch4/workspace/jade_fiorilla_student_uml_edu-rawseqorcc/trimmed/2024_Cont02_Both02_W16_gill_S246_R2_001_val_2.fq.gz

=== Summary (Read 1) ===

Total reads processed:               723750
Reads with adapters:                 693026 (95.8%)

=== Summary (Read 2) ===

Total reads processed:               723750
Reads with adapters:                 629602 (87.0%)
R1 reads with poly-G trimmed:          5474 (0.8%)
  R1 poly-G bases removed:           128444
R2 reads with poly-G trimmed:          6694 (0.9%)
  R2 poly-G bases removed:           391544

=== Paired-end validation ===

Pairs analyzed:                      723750
Pairs removed:                         1788 (0.2%)
Unpaired R1 kept:                      1693
Unpaired R2 kept:                        34
Report: /scratch4/workspace/jade_fiorilla_student_uml_edu-rawseqorcc/trimmed/2024_Cont02_Both02_W16_gill_S246_R1_001.fastq.gz_trimming_report.txt
JSON report: /scratch4/workspace/jade_fiorilla_student_uml_edu-rawseqorcc/trimmed/2024_Cont02_Both02_W16_gill_S246_R1_001.fastq.gz_trimming_report.json
Report: /scratch4/workspace/jade_fiorilla_student_uml_edu-rawseqorcc/trimmed/2024_Cont02_Both02_W16_gill_S246_R2_001.fastq.gz_trimming_report.txt
JSON report: /scratch4/workspace/jade_fiorilla_student_uml_edu-rawseqorcc/trimmed/2024_Cont02_Both02_W16_gill_S246_R2_001.fastq.gz_trimming_report.json

Running FastQC on /scratch4/workspace/jade_fiorilla_student_uml_edu-rawseqorcc/trimmed/2024_Cont02_Both02_W16_gill_S246_R1_001_val_1.fq.gz

Running FastQC on /scratch4/workspace/jade_fiorilla_student_uml_edu-rawseqorcc/trimmed/2024_Cont02_Both02_W16_gill_S246_R2_001_val_2.fq.gz
Running Trim Galore on: 

Trim Galore v2.3.0
unknown — linux/x86_64 — built 2026-06-27T16:23:35Z
==================================================

Using 4 worker threads (parallel trim + compress)
Auto-detecting adapter type...
Using Nextera adapter for trimming (count: 832402). Second best hit was smallRNA (count: 78).
Adapter: Nextera (CTGTCTCTTATA)

Poly-G trimming: ENABLED (auto-detected). 835873 of 1000000 reads (83.59%) have poly-G tails (>=10bp) — consistent with 2-colour chemistry (NovaSeq/NextSeq). To disable: --no_poly_g
Trimming (paired-end):
  R1: /scratch4/workspace/jade_fiorilla_student_uml_edu-rawseqorcc/fastq/2024_Cont02_Both02_W16_gut_S39_R1_001.fastq.gz
  R2: /scratch4/workspace/jade_fiorilla_student_uml_edu-rawseqorcc/fastq/2024_Cont02_Both02_W16_gut_S39_R2_001.fastq.gz
  Output R1: /scratch4/workspace/jade_fiorilla_student_uml_edu-rawseqorcc/trimmed/2024_Cont02_Both02_W16_gut_S39_R1_001_val_1.fq.gz
  Output R2: /scratch4/workspace/jade_fiorilla_student_uml_edu-rawseqorcc/trimmed/2024_Cont02_Both02_W16_gut_S39_R2_001_val_2.fq.gz

=== Summary (Read 1) ===

Total reads processed:              1019168
Reads with adapters:                1015260 (99.6%)

=== Summary (Read 2) ===

Total reads processed:              1019168
Reads with adapters:                1012490 (99.3%)
R1 reads with poly-G trimmed:          1919 (0.2%)
  R1 poly-G bases removed:           388748
R2 reads with poly-G trimmed:          2381 (0.2%)
  R2 poly-G bases removed:           524489

=== Paired-end validation ===

Pairs analyzed:                     1019168
Pairs removed:                         6074 (0.6%)
Unpaired R1 kept:                       759
Unpaired R2 kept:                        56
Report: /scratch4/workspace/jade_fiorilla_student_uml_edu-rawseqorcc/trimmed/2024_Cont02_Both02_W16_gut_S39_R1_001.fastq.gz_trimming_report.txt
JSON report: /scratch4/workspace/jade_fiorilla_student_uml_edu-rawseqorcc/trimmed/2024_Cont02_Both02_W16_gut_S39_R1_001.fastq.gz_trimming_report.json
Report: /scratch4/workspace/jade_fiorilla_student_uml_edu-rawseqorcc/trimmed/2024_Cont02_Both02_W16_gut_S39_R2_001.fastq.gz_trimming_report.txt
JSON report: /scratch4/workspace/jade_fiorilla_student_uml_edu-rawseqorcc/trimmed/2024_Cont02_Both02_W16_gut_S39_R2_001.fastq.gz_trimming_report.json

Running FastQC on /scratch4/workspace/jade_fiorilla_student_uml_edu-rawseqorcc/trimmed/2024_Cont02_Both02_W16_gut_S39_R1_001_val_1.fq.gz

Running FastQC on /scratch4/workspace/jade_fiorilla_student_uml_edu-rawseqorcc/trimmed/2024_Cont02_Both02_W16_gut_S39_R2_001_val_2.fq.gz
Running Trim Galore on: 

Trim Galore v2.3.0
unknown — linux/x86_64 — built 2026-06-27T16:23:35Z
==================================================

Using 4 worker threads (parallel trim + compress)
Auto-detecting adapter type...
Using Nextera adapter for trimming (count: 192050). Second best hit was smallRNA (count: 214).
Adapter: Nextera (CTGTCTCTTATA)

Poly-G trimming: ENABLED (auto-detected). 189028 of 863875 reads (21.88%) have poly-G tails (>=10bp) — consistent with 2-colour chemistry (NovaSeq/NextSeq). To disable: --no_poly_g
Trimming (paired-end):
  R1: /scratch4/workspace/jade_fiorilla_student_uml_edu-rawseqorcc/fastq/2024_Cont02_Cont01_W3_gill_S214_R1_001.fastq.gz
  R2: /scratch4/workspace/jade_fiorilla_student_uml_edu-rawseqorcc/fastq/2024_Cont02_Cont01_W3_gill_S214_R2_001.fastq.gz
  Output R1: /scratch4/workspace/jade_fiorilla_student_uml_edu-rawseqorcc/trimmed/2024_Cont02_Cont01_W3_gill_S214_R1_001_val_1.fq.gz
  Output R2: /scratch4/workspace/jade_fiorilla_student_uml_edu-rawseqorcc/trimmed/2024_Cont02_Cont01_W3_gill_S214_R2_001_val_2.fq.gz

=== Summary (Read 1) ===

Total reads processed:               863875
Reads with adapters:                 856339 (99.1%)

=== Summary (Read 2) ===

Total reads processed:               863875
Reads with adapters:                 856903 (99.2%)
R1 reads with poly-G trimmed:           987 (0.1%)
  R1 poly-G bases removed:           104264
R2 reads with poly-G trimmed:          1140 (0.1%)
  R2 poly-G bases removed:           202713

=== Paired-end validation ===

Pairs analyzed:                      863875
Pairs removed:                         1063 (0.1%)
Unpaired R1 kept:                       935
Unpaired R2 kept:                        39
Report: /scratch4/workspace/jade_fiorilla_student_uml_edu-rawseqorcc/trimmed/2024_Cont02_Cont01_W3_gill_S214_R1_001.fastq.gz_trimming_report.txt
JSON report: /scratch4/workspace/jade_fiorilla_student_uml_edu-rawseqorcc/trimmed/2024_Cont02_Cont01_W3_gill_S214_R1_001.fastq.gz_trimming_report.json
Report: /scratch4/workspace/jade_fiorilla_student_uml_edu-rawseqorcc/trimmed/2024_Cont02_Cont01_W3_gill_S214_R2_001.fastq.gz_trimming_report.txt
JSON report: /scratch4/workspace/jade_fiorilla_student_uml_edu-rawseqorcc/trimmed/2024_Cont02_Cont01_W3_gill_S214_R2_001.fastq.gz_trimming_report.json

Running FastQC on /scratch4/workspace/jade_fiorilla_student_uml_edu-rawseqorcc/trimmed/2024_Cont02_Cont01_W3_gill_S214_R1_001_val_1.fq.gz

Running FastQC on /scratch4/workspace/jade_fiorilla_student_uml_edu-rawseqorcc/trimmed/2024_Cont02_Cont01_W3_gill_S214_R2_001_val_2.fq.gz
Running Trim Galore on: 

Trim Galore v2.3.0
unknown — linux/x86_64 — built 2026-06-27T16:23:35Z
==================================================

Using 4 worker threads (parallel trim + compress)
Auto-detecting adapter type...
Using Nextera adapter for trimming (count: 275489). Second best hit was smallRNA (count: 350).
Adapter: Nextera (CTGTCTCTTATA)

Poly-G trimming: ENABLED (auto-detected). 275734 of 1000000 reads (27.57%) have poly-G tails (>=10bp) — consistent with 2-colour chemistry (NovaSeq/NextSeq). To disable: --no_poly_g
Trimming (paired-end):
  R1: /scratch4/workspace/jade_fiorilla_student_uml_edu-rawseqorcc/fastq/2024_Cont02_Cont01_W3_gut_S31_R1_001.fastq.gz
  R2: /scratch4/workspace/jade_fiorilla_student_uml_edu-rawseqorcc/fastq/2024_Cont02_Cont01_W3_gut_S31_R2_001.fastq.gz
  Output R1: /scratch4/workspace/jade_fiorilla_student_uml_edu-rawseqorcc/trimmed/2024_Cont02_Cont01_W3_gut_S31_R1_001_val_1.fq.gz
  Output R2: /scratch4/workspace/jade_fiorilla_student_uml_edu-rawseqorcc/trimmed/2024_Cont02_Cont01_W3_gut_S31_R2_001_val_2.fq.gz

=== Summary (Read 1) ===

Total reads processed:              1052434
Reads with adapters:                1045965 (99.4%)

=== Summary (Read 2) ===

Total reads processed:              1052434
Reads with adapters:                1044194 (99.2%)
R1 reads with poly-G trimmed:          1054 (0.1%)
  R1 poly-G bases removed:           184204
R2 reads with poly-G trimmed:          1720 (0.2%)
  R2 poly-G bases removed:           376424

=== Paired-end validation ===

Pairs analyzed:                     1052434
Pairs removed:                         1536 (0.1%)
Unpaired R1 kept:                      1290
Unpaired R2 kept:                        67
Report: /scratch4/workspace/jade_fiorilla_student_uml_edu-rawseqorcc/trimmed/2024_Cont02_Cont01_W3_gut_S31_R1_001.fastq.gz_trimming_report.txt
JSON report: /scratch4/workspace/jade_fiorilla_student_uml_edu-rawseqorcc/trimmed/2024_Cont02_Cont01_W3_gut_S31_R1_001.fastq.gz_trimming_report.json
Report: /scratch4/workspace/jade_fiorilla_student_uml_edu-rawseqorcc/trimmed/2024_Cont02_Cont01_W3_gut_S31_R2_001.fastq.gz_trimming_report.txt
JSON report: /scratch4/workspace/jade_fiorilla_student_uml_edu-rawseqorcc/trimmed/2024_Cont02_Cont01_W3_gut_S31_R2_001.fastq.gz_trimming_report.json

Running FastQC on /scratch4/workspace/jade_fiorilla_student_uml_edu-rawseqorcc/trimmed/2024_Cont02_Cont01_W3_gut_S31_R1_001_val_1.fq.gz

Running FastQC on /scratch4/workspace/jade_fiorilla_student_uml_edu-rawseqorcc/trimmed/2024_Cont02_Cont01_W3_gut_S31_R2_001_val_2.fq.gz
Running Trim Galore on: 

Trim Galore v2.3.0
unknown — linux/x86_64 — built 2026-06-27T16:23:35Z
==================================================

Using 4 worker threads (parallel trim + compress)
Auto-detecting adapter type...
Using Nextera adapter for trimming (count: 608098). Second best hit was smallRNA (count: 710).
Adapter: Nextera (CTGTCTCTTATA)

Poly-G trimming: ENABLED (auto-detected). 600348 of 1000000 reads (60.03%) have poly-G tails (>=10bp) — consistent with 2-colour chemistry (NovaSeq/NextSeq). To disable: --no_poly_g
Trimming (paired-end):
  R1: /scratch4/workspace/jade_fiorilla_student_uml_edu-rawseqorcc/fastq/2024_Cont02_Hyp01_W4_gill_S136_R1_001.fastq.gz
  R2: /scratch4/workspace/jade_fiorilla_student_uml_edu-rawseqorcc/fastq/2024_Cont02_Hyp01_W4_gill_S136_R2_001.fastq.gz
  Output R1: /scratch4/workspace/jade_fiorilla_student_uml_edu-rawseqorcc/trimmed/2024_Cont02_Hyp01_W4_gill_S136_R1_001_val_1.fq.gz
  Output R2: /scratch4/workspace/jade_fiorilla_student_uml_edu-rawseqorcc/trimmed/2024_Cont02_Hyp01_W4_gill_S136_R2_001_val_2.fq.gz

=== Summary (Read 1) ===

Total reads processed:              2077617
Reads with adapters:                2044162 (98.4%)

=== Summary (Read 2) ===

Total reads processed:              2077617
Reads with adapters:                2044464 (98.4%)
R1 reads with poly-G trimmed:          4951 (0.2%)
  R1 poly-G bases removed:           760316
R2 reads with poly-G trimmed:          4598 (0.2%)
  R2 poly-G bases removed:           775619

=== Paired-end validation ===

Pairs analyzed:                     2077617
Pairs removed:                         2658 (0.1%)
Unpaired R1 kept:                      1951
Unpaired R2 kept:                       119
Report: /scratch4/workspace/jade_fiorilla_student_uml_edu-rawseqorcc/trimmed/2024_Cont02_Hyp01_W4_gill_S136_R1_001.fastq.gz_trimming_report.txt
JSON report: /scratch4/workspace/jade_fiorilla_student_uml_edu-rawseqorcc/trimmed/2024_Cont02_Hyp01_W4_gill_S136_R1_001.fastq.gz_trimming_report.json
Report: /scratch4/workspace/jade_fiorilla_student_uml_edu-rawseqorcc/trimmed/2024_Cont02_Hyp01_W4_gill_S136_R2_001.fastq.gz_trimming_report.txt
JSON report: /scratch4/workspace/jade_fiorilla_student_uml_edu-rawseqorcc/trimmed/2024_Cont02_Hyp01_W4_gill_S136_R2_001.fastq.gz_trimming_report.json

Running FastQC on /scratch4/workspace/jade_fiorilla_student_uml_edu-rawseqorcc/trimmed/2024_Cont02_Hyp01_W4_gill_S136_R1_001_val_1.fq.gz

Running FastQC on /scratch4/workspace/jade_fiorilla_student_uml_edu-rawseqorcc/trimmed/2024_Cont02_Hyp01_W4_gill_S136_R2_001_val_2.fq.gz
Running Trim Galore on: 

Trim Galore v2.3.0
unknown — linux/x86_64 — built 2026-06-27T16:23:35Z
==================================================

Using 4 worker threads (parallel trim + compress)
Auto-detecting adapter type...
Using Nextera adapter for trimming (count: 145301). Second best hit was smallRNA (count: 676).
Adapter: Nextera (CTGTCTCTTATA)

Poly-G trimming: ENABLED (auto-detected). 145566 of 1000000 reads (14.56%) have poly-G tails (>=10bp) — consistent with 2-colour chemistry (NovaSeq/NextSeq). To disable: --no_poly_g
Trimming (paired-end):
  R1: /scratch4/workspace/jade_fiorilla_student_uml_edu-rawseqorcc/fastq/2024_Cont02_Hyp01_W4_gut_S137_R1_001.fastq.gz
  R2: /scratch4/workspace/jade_fiorilla_student_uml_edu-rawseqorcc/fastq/2024_Cont02_Hyp01_W4_gut_S137_R2_001.fastq.gz
  Output R1: /scratch4/workspace/jade_fiorilla_student_uml_edu-rawseqorcc/trimmed/2024_Cont02_Hyp01_W4_gut_S137_R1_001_val_1.fq.gz
  Output R2: /scratch4/workspace/jade_fiorilla_student_uml_edu-rawseqorcc/trimmed/2024_Cont02_Hyp01_W4_gut_S137_R2_001_val_2.fq.gz

=== Summary (Read 1) ===

Total reads processed:              1177209
Reads with adapters:                1167730 (99.2%)

=== Summary (Read 2) ===

Total reads processed:              1177209
Reads with adapters:                1164455 (98.9%)
R1 reads with poly-G trimmed:           856 (0.1%)
  R1 poly-G bases removed:           115034
R2 reads with poly-G trimmed:          1658 (0.1%)
  R2 poly-G bases removed:           323473

=== Paired-end validation ===

Pairs analyzed:                     1177209
Pairs removed:                         2231 (0.2%)
Unpaired R1 kept:                      1917
Unpaired R2 kept:                       117
Report: /scratch4/workspace/jade_fiorilla_student_uml_edu-rawseqorcc/trimmed/2024_Cont02_Hyp01_W4_gut_S137_R1_001.fastq.gz_trimming_report.txt
JSON report: /scratch4/workspace/jade_fiorilla_student_uml_edu-rawseqorcc/trimmed/2024_Cont02_Hyp01_W4_gut_S137_R1_001.fastq.gz_trimming_report.json
Report: /scratch4/workspace/jade_fiorilla_student_uml_edu-rawseqorcc/trimmed/2024_Cont02_Hyp01_W4_gut_S137_R2_001.fastq.gz_trimming_report.txt
JSON report: /scratch4/workspace/jade_fiorilla_student_uml_edu-rawseqorcc/trimmed/2024_Cont02_Hyp01_W4_gut_S137_R2_001.fastq.gz_trimming_report.json

Running FastQC on /scratch4/workspace/jade_fiorilla_student_uml_edu-rawseqorcc/trimmed/2024_Cont02_Hyp01_W4_gut_S137_R1_001_val_1.fq.gz

Running FastQC on /scratch4/workspace/jade_fiorilla_student_uml_edu-rawseqorcc/trimmed/2024_Cont02_Hyp01_W4_gut_S137_R2_001_val_2.fq.gz
Running Trim Galore on: 

Trim Galore v2.3.0
unknown — linux/x86_64 — built 2026-06-27T16:23:35Z
==================================================

Using 4 worker threads (parallel trim + compress)
Auto-detecting adapter type...
Using Nextera adapter for trimming (count: 702593). Second best hit was smallRNA (count: 701).
Adapter: Nextera (CTGTCTCTTATA)

Poly-G trimming: ENABLED (auto-detected). 709521 of 1000000 reads (70.95%) have poly-G tails (>=10bp) — consistent with 2-colour chemistry (NovaSeq/NextSeq). To disable: --no_poly_g
Trimming (paired-end):
  R1: /scratch4/workspace/jade_fiorilla_student_uml_edu-rawseqorcc/fastq/2024_Cont02_Null_W15_gill_S83_R1_001.fastq.gz
  R2: /scratch4/workspace/jade_fiorilla_student_uml_edu-rawseqorcc/fastq/2024_Cont02_Null_W15_gill_S83_R2_001.fastq.gz
  Output R1: /scratch4/workspace/jade_fiorilla_student_uml_edu-rawseqorcc/trimmed/2024_Cont02_Null_W15_gill_S83_R1_001_val_1.fq.gz
  Output R2: /scratch4/workspace/jade_fiorilla_student_uml_edu-rawseqorcc/trimmed/2024_Cont02_Null_W15_gill_S83_R2_001_val_2.fq.gz

=== Summary (Read 1) ===

Total reads processed:              1029704
Reads with adapters:                1023165 (99.4%)

=== Summary (Read 2) ===

Total reads processed:              1029704
Reads with adapters:                1023208 (99.4%)
R1 reads with poly-G trimmed:          3027 (0.3%)
  R1 poly-G bases removed:           572836
R2 reads with poly-G trimmed:          2698 (0.3%)
  R2 poly-G bases removed:           607120

=== Paired-end validation ===

Pairs analyzed:                     1029704
Pairs removed:                         1809 (0.2%)
Unpaired R1 kept:                      1343
Unpaired R2 kept:                        43
Report: /scratch4/workspace/jade_fiorilla_student_uml_edu-rawseqorcc/trimmed/2024_Cont02_Null_W15_gill_S83_R1_001.fastq.gz_trimming_report.txt
JSON report: /scratch4/workspace/jade_fiorilla_student_uml_edu-rawseqorcc/trimmed/2024_Cont02_Null_W15_gill_S83_R1_001.fastq.gz_trimming_report.json
Report: /scratch4/workspace/jade_fiorilla_student_uml_edu-rawseqorcc/trimmed/2024_Cont02_Null_W15_gill_S83_R2_001.fastq.gz_trimming_report.txt
JSON report: /scratch4/workspace/jade_fiorilla_student_uml_edu-rawseqorcc/trimmed/2024_Cont02_Null_W15_gill_S83_R2_001.fastq.gz_trimming_report.json

Running FastQC on /scratch4/workspace/jade_fiorilla_student_uml_edu-rawseqorcc/trimmed/2024_Cont02_Null_W15_gill_S83_R1_001_val_1.fq.gz

Running FastQC on /scratch4/workspace/jade_fiorilla_student_uml_edu-rawseqorcc/trimmed/2024_Cont02_Null_W15_gill_S83_R2_001_val_2.fq.gz
Running Trim Galore on: 

Trim Galore v2.3.0
unknown — linux/x86_64 — built 2026-06-27T16:23:35Z
==================================================

Using 4 worker threads (parallel trim + compress)
Auto-detecting adapter type...
Using Nextera adapter for trimming (count: 483414). Second best hit was smallRNA (count: 1806).
Adapter: Nextera (CTGTCTCTTATA)

Poly-G trimming: ENABLED (auto-detected). 488855 of 883866 reads (55.31%) have poly-G tails (>=10bp) — consistent with 2-colour chemistry (NovaSeq/NextSeq). To disable: --no_poly_g
Trimming (paired-end):
  R1: /scratch4/workspace/jade_fiorilla_student_uml_edu-rawseqorcc/fastq/2024_Cont02_Null_W15_gut_S84_R1_001.fastq.gz
  R2: /scratch4/workspace/jade_fiorilla_student_uml_edu-rawseqorcc/fastq/2024_Cont02_Null_W15_gut_S84_R2_001.fastq.gz
  Output R1: /scratch4/workspace/jade_fiorilla_student_uml_edu-rawseqorcc/trimmed/2024_Cont02_Null_W15_gut_S84_R1_001_val_1.fq.gz
  Output R2: /scratch4/workspace/jade_fiorilla_student_uml_edu-rawseqorcc/trimmed/2024_Cont02_Null_W15_gut_S84_R2_001_val_2.fq.gz

=== Summary (Read 1) ===

Total reads processed:               883866
Reads with adapters:                 877968 (99.3%)

=== Summary (Read 2) ===

Total reads processed:               883866
Reads with adapters:                 876170 (99.1%)
R1 reads with poly-G trimmed:          2116 (0.2%)
  R1 poly-G bases removed:           395588
R2 reads with poly-G trimmed:          2296 (0.3%)
  R2 poly-G bases removed:           507773

=== Paired-end validation ===

Pairs analyzed:                      883866
Pairs removed:                         1969 (0.2%)
Unpaired R1 kept:                      1591
Unpaired R2 kept:                        55
Report: /scratch4/workspace/jade_fiorilla_student_uml_edu-rawseqorcc/trimmed/2024_Cont02_Null_W15_gut_S84_R1_001.fastq.gz_trimming_report.txt
JSON report: /scratch4/workspace/jade_fiorilla_student_uml_edu-rawseqorcc/trimmed/2024_Cont02_Null_W15_gut_S84_R1_001.fastq.gz_trimming_report.json
Report: /scratch4/workspace/jade_fiorilla_student_uml_edu-rawseqorcc/trimmed/2024_Cont02_Null_W15_gut_S84_R2_001.fastq.gz_trimming_report.txt
JSON report: /scratch4/workspace/jade_fiorilla_student_uml_edu-rawseqorcc/trimmed/2024_Cont02_Null_W15_gut_S84_R2_001.fastq.gz_trimming_report.json

Running FastQC on /scratch4/workspace/jade_fiorilla_student_uml_edu-rawseqorcc/trimmed/2024_Cont02_Null_W15_gut_S84_R1_001_val_1.fq.gz

Running FastQC on /scratch4/workspace/jade_fiorilla_student_uml_edu-rawseqorcc/trimmed/2024_Cont02_Null_W15_gut_S84_R2_001_val_2.fq.gz
Running Trim Galore on: 

Trim Galore v2.3.0
unknown — linux/x86_64 — built 2026-06-27T16:23:35Z
==================================================

Using 4 worker threads (parallel trim + compress)
Auto-detecting adapter type...
Using Nextera adapter for trimming (count: 463700). Second best hit was smallRNA (count: 77).
Adapter: Nextera (CTGTCTCTTATA)

Poly-G trimming: ENABLED (auto-detected). 473967 of 1000000 reads (47.40%) have poly-G tails (>=10bp) — consistent with 2-colour chemistry (NovaSeq/NextSeq). To disable: --no_poly_g
Trimming (paired-end):
  R1: /scratch4/workspace/jade_fiorilla_student_uml_edu-rawseqorcc/fastq/2024_Cont02_Warm02_W15_gill_S196_R1_001.fastq.gz
  R2: /scratch4/workspace/jade_fiorilla_student_uml_edu-rawseqorcc/fastq/2024_Cont02_Warm02_W15_gill_S196_R2_001.fastq.gz
  Output R1: /scratch4/workspace/jade_fiorilla_student_uml_edu-rawseqorcc/trimmed/2024_Cont02_Warm02_W15_gill_S196_R1_001_val_1.fq.gz
  Output R2: /scratch4/workspace/jade_fiorilla_student_uml_edu-rawseqorcc/trimmed/2024_Cont02_Warm02_W15_gill_S196_R2_001_val_2.fq.gz

=== Summary (Read 1) ===

Total reads processed:              1159104
Reads with adapters:                1118717 (96.5%)

=== Summary (Read 2) ===

Total reads processed:              1159104
Reads with adapters:                1104917 (95.3%)
R1 reads with poly-G trimmed:          8787 (0.8%)
  R1 poly-G bases removed:           396003
R2 reads with poly-G trimmed:         10690 (0.9%)
  R2 poly-G bases removed:           783734

=== Paired-end validation ===

Pairs analyzed:                     1159104
Pairs removed:                         2973 (0.3%)
Unpaired R1 kept:                      2481
Unpaired R2 kept:                        95
Report: /scratch4/workspace/jade_fiorilla_student_uml_edu-rawseqorcc/trimmed/2024_Cont02_Warm02_W15_gill_S196_R1_001.fastq.gz_trimming_report.txt
JSON report: /scratch4/workspace/jade_fiorilla_student_uml_edu-rawseqorcc/trimmed/2024_Cont02_Warm02_W15_gill_S196_R1_001.fastq.gz_trimming_report.json
Report: /scratch4/workspace/jade_fiorilla_student_uml_edu-rawseqorcc/trimmed/2024_Cont02_Warm02_W15_gill_S196_R2_001.fastq.gz_trimming_report.txt
JSON report: /scratch4/workspace/jade_fiorilla_student_uml_edu-rawseqorcc/trimmed/2024_Cont02_Warm02_W15_gill_S196_R2_001.fastq.gz_trimming_report.json

Running FastQC on /scratch4/workspace/jade_fiorilla_student_uml_edu-rawseqorcc/trimmed/2024_Cont02_Warm02_W15_gill_S196_R1_001_val_1.fq.gz

Running FastQC on /scratch4/workspace/jade_fiorilla_student_uml_edu-rawseqorcc/trimmed/2024_Cont02_Warm02_W15_gill_S196_R2_001_val_2.fq.gz
Running Trim Galore on: 

Trim Galore v2.3.0
unknown — linux/x86_64 — built 2026-06-27T16:23:35Z
==================================================

Using 4 worker threads (parallel trim + compress)
Auto-detecting adapter type...
Using Nextera adapter for trimming (count: 62626). Second best hit was smallRNA (count: 1256).
Adapter: Nextera (CTGTCTCTTATA)

Poly-G trimming: ENABLED (auto-detected). 66119 of 546673 reads (12.09%) have poly-G tails (>=10bp) — consistent with 2-colour chemistry (NovaSeq/NextSeq). To disable: --no_poly_g
Trimming (paired-end):
  R1: /scratch4/workspace/jade_fiorilla_student_uml_edu-rawseqorcc/fastq/2024_Cont02_Warm02_W15_gut_S3_R1_001.fastq.gz
  R2: /scratch4/workspace/jade_fiorilla_student_uml_edu-rawseqorcc/fastq/2024_Cont02_Warm02_W15_gut_S3_R2_001.fastq.gz
  Output R1: /scratch4/workspace/jade_fiorilla_student_uml_edu-rawseqorcc/trimmed/2024_Cont02_Warm02_W15_gut_S3_R1_001_val_1.fq.gz
  Output R2: /scratch4/workspace/jade_fiorilla_student_uml_edu-rawseqorcc/trimmed/2024_Cont02_Warm02_W15_gut_S3_R2_001_val_2.fq.gz

=== Summary (Read 1) ===

Total reads processed:               546673
Reads with adapters:                 512107 (93.7%)

=== Summary (Read 2) ===

Total reads processed:               546673
Reads with adapters:                 530767 (97.1%)
R1 reads with poly-G trimmed:          3656 (0.7%)
  R1 poly-G bases removed:           113114
R2 reads with poly-G trimmed:          4626 (0.8%)
  R2 poly-G bases removed:           291278

=== Paired-end validation ===

Pairs analyzed:                      546673
Pairs removed:                         1500 (0.3%)
Unpaired R1 kept:                      1405
Unpaired R2 kept:                        32
Report: /scratch4/workspace/jade_fiorilla_student_uml_edu-rawseqorcc/trimmed/2024_Cont02_Warm02_W15_gut_S3_R1_001.fastq.gz_trimming_report.txt
JSON report: /scratch4/workspace/jade_fiorilla_student_uml_edu-rawseqorcc/trimmed/2024_Cont02_Warm02_W15_gut_S3_R1_001.fastq.gz_trimming_report.json
Report: /scratch4/workspace/jade_fiorilla_student_uml_edu-rawseqorcc/trimmed/2024_Cont02_Warm02_W15_gut_S3_R2_001.fastq.gz_trimming_report.txt
JSON report: /scratch4/workspace/jade_fiorilla_student_uml_edu-rawseqorcc/trimmed/2024_Cont02_Warm02_W15_gut_S3_R2_001.fastq.gz_trimming_report.json

Running FastQC on /scratch4/workspace/jade_fiorilla_student_uml_edu-rawseqorcc/trimmed/2024_Cont02_Warm02_W15_gut_S3_R1_001_val_1.fq.gz

Running FastQC on /scratch4/workspace/jade_fiorilla_student_uml_edu-rawseqorcc/trimmed/2024_Cont02_Warm02_W15_gut_S3_R2_001_val_2.fq.gz
Running Trim Galore on: 

Trim Galore v2.3.0
unknown — linux/x86_64 — built 2026-06-27T16:23:35Z
==================================================

Using 4 worker threads (parallel trim + compress)
Auto-detecting adapter type...
Using Nextera adapter for trimming (count: 147053). Second best hit was smallRNA (count: 924).
Adapter: Nextera (CTGTCTCTTATA)

Poly-G trimming: ENABLED (auto-detected). 146640 of 568383 reads (25.80%) have poly-G tails (>=10bp) — consistent with 2-colour chemistry (NovaSeq/NextSeq). To disable: --no_poly_g
Trimming (paired-end):
  R1: /scratch4/workspace/jade_fiorilla_student_uml_edu-rawseqorcc/fastq/2024_Cont03_Both03_W30_gill_S217_R1_001.fastq.gz
  R2: /scratch4/workspace/jade_fiorilla_student_uml_edu-rawseqorcc/fastq/2024_Cont03_Both03_W30_gill_S217_R2_001.fastq.gz
  Output R1: /scratch4/workspace/jade_fiorilla_student_uml_edu-rawseqorcc/trimmed/2024_Cont03_Both03_W30_gill_S217_R1_001_val_1.fq.gz
  Output R2: /scratch4/workspace/jade_fiorilla_student_uml_edu-rawseqorcc/trimmed/2024_Cont03_Both03_W30_gill_S217_R2_001_val_2.fq.gz

=== Summary (Read 1) ===

Total reads processed:               568383
Reads with adapters:                 541235 (95.2%)

=== Summary (Read 2) ===

Total reads processed:               568383
Reads with adapters:                 541688 (95.3%)
R1 reads with poly-G trimmed:           584 (0.1%)
  R1 poly-G bases removed:            73355
R2 reads with poly-G trimmed:           693 (0.1%)
  R2 poly-G bases removed:           138006

=== Paired-end validation ===

Pairs analyzed:                      568383
Pairs removed:                          752 (0.1%)
Unpaired R1 kept:                       630
Unpaired R2 kept:                        33
Report: /scratch4/workspace/jade_fiorilla_student_uml_edu-rawseqorcc/trimmed/2024_Cont03_Both03_W30_gill_S217_R1_001.fastq.gz_trimming_report.txt
JSON report: /scratch4/workspace/jade_fiorilla_student_uml_edu-rawseqorcc/trimmed/2024_Cont03_Both03_W30_gill_S217_R1_001.fastq.gz_trimming_report.json
Report: /scratch4/workspace/jade_fiorilla_student_uml_edu-rawseqorcc/trimmed/2024_Cont03_Both03_W30_gill_S217_R2_001.fastq.gz_trimming_report.txt
JSON report: /scratch4/workspace/jade_fiorilla_student_uml_edu-rawseqorcc/trimmed/2024_Cont03_Both03_W30_gill_S217_R2_001.fastq.gz_trimming_report.json

Running FastQC on /scratch4/workspace/jade_fiorilla_student_uml_edu-rawseqorcc/trimmed/2024_Cont03_Both03_W30_gill_S217_R1_001_val_1.fq.gz

Running FastQC on /scratch4/workspace/jade_fiorilla_student_uml_edu-rawseqorcc/trimmed/2024_Cont03_Both03_W30_gill_S217_R2_001_val_2.fq.gz
Running Trim Galore on: 

Trim Galore v2.3.0
unknown — linux/x86_64 — built 2026-06-27T16:23:35Z
==================================================

Using 4 worker threads (parallel trim + compress)
Auto-detecting adapter type...
Using Nextera adapter for trimming (count: 708310). Second best hit was smallRNA (count: 177).
Adapter: Nextera (CTGTCTCTTATA)

Poly-G trimming: ENABLED (auto-detected). 711978 of 906243 reads (78.56%) have poly-G tails (>=10bp) — consistent with 2-colour chemistry (NovaSeq/NextSeq). To disable: --no_poly_g
Trimming (paired-end):
  R1: /scratch4/workspace/jade_fiorilla_student_uml_edu-rawseqorcc/fastq/2024_Cont03_Both03_W30_gut_S40_R1_001.fastq.gz
  R2: /scratch4/workspace/jade_fiorilla_student_uml_edu-rawseqorcc/fastq/2024_Cont03_Both03_W30_gut_S40_R2_001.fastq.gz
  Output R1: /scratch4/workspace/jade_fiorilla_student_uml_edu-rawseqorcc/trimmed/2024_Cont03_Both03_W30_gut_S40_R1_001_val_1.fq.gz
  Output R2: /scratch4/workspace/jade_fiorilla_student_uml_edu-rawseqorcc/trimmed/2024_Cont03_Both03_W30_gut_S40_R2_001_val_2.fq.gz

=== Summary (Read 1) ===

Total reads processed:               906243
Reads with adapters:                 901680 (99.5%)

=== Summary (Read 2) ===

Total reads processed:               906243
Reads with adapters:                 899023 (99.2%)
R1 reads with poly-G trimmed:          1860 (0.2%)
  R1 poly-G bases removed:           369377
R2 reads with poly-G trimmed:          2241 (0.2%)
  R2 poly-G bases removed:           488210

=== Paired-end validation ===

Pairs analyzed:                      906243
Pairs removed:                         5907 (0.7%)
Unpaired R1 kept:                       759
Unpaired R2 kept:                        67
Report: /scratch4/workspace/jade_fiorilla_student_uml_edu-rawseqorcc/trimmed/2024_Cont03_Both03_W30_gut_S40_R1_001.fastq.gz_trimming_report.txt
JSON report: /scratch4/workspace/jade_fiorilla_student_uml_edu-rawseqorcc/trimmed/2024_Cont03_Both03_W30_gut_S40_R1_001.fastq.gz_trimming_report.json
Report: /scratch4/workspace/jade_fiorilla_student_uml_edu-rawseqorcc/trimmed/2024_Cont03_Both03_W30_gut_S40_R2_001.fastq.gz_trimming_report.txt
JSON report: /scratch4/workspace/jade_fiorilla_student_uml_edu-rawseqorcc/trimmed/2024_Cont03_Both03_W30_gut_S40_R2_001.fastq.gz_trimming_report.json

Running FastQC on /scratch4/workspace/jade_fiorilla_student_uml_edu-rawseqorcc/trimmed/2024_Cont03_Both03_W30_gut_S40_R1_001_val_1.fq.gz

Running FastQC on /scratch4/workspace/jade_fiorilla_student_uml_edu-rawseqorcc/trimmed/2024_Cont03_Both03_W30_gut_S40_R2_001_val_2.fq.gz
Running Trim Galore on: 

Trim Galore v2.3.0
unknown — linux/x86_64 — built 2026-06-27T16:23:35Z
==================================================

Using 4 worker threads (parallel trim + compress)
Auto-detecting adapter type...
Using Nextera adapter for trimming (count: 117605). Second best hit was smallRNA (count: 1014).
Adapter: Nextera (CTGTCTCTTATA)

Poly-G trimming: ENABLED (auto-detected). 114283 of 715767 reads (15.97%) have poly-G tails (>=10bp) — consistent with 2-colour chemistry (NovaSeq/NextSeq). To disable: --no_poly_g
Trimming (paired-end):
  R1: /scratch4/workspace/jade_fiorilla_student_uml_edu-rawseqorcc/fastq/2024_Cont03_Cont02_W17_gill_S218_R1_001.fastq.gz
  R2: /scratch4/workspace/jade_fiorilla_student_uml_edu-rawseqorcc/fastq/2024_Cont03_Cont02_W17_gill_S218_R2_001.fastq.gz
  Output R1: /scratch4/workspace/jade_fiorilla_student_uml_edu-rawseqorcc/trimmed/2024_Cont03_Cont02_W17_gill_S218_R1_001_val_1.fq.gz
  Output R2: /scratch4/workspace/jade_fiorilla_student_uml_edu-rawseqorcc/trimmed/2024_Cont03_Cont02_W17_gill_S218_R2_001_val_2.fq.gz

=== Summary (Read 1) ===

Total reads processed:               715767
Reads with adapters:                 693369 (96.9%)

=== Summary (Read 2) ===

Total reads processed:               715767
Reads with adapters:                 690423 (96.5%)
R1 reads with poly-G trimmed:           651 (0.1%)
  R1 poly-G bases removed:            67733
R2 reads with poly-G trimmed:           879 (0.1%)
  R2 poly-G bases removed:           160289

=== Paired-end validation ===

Pairs analyzed:                      715767
Pairs removed:                         1088 (0.2%)
Unpaired R1 kept:                       942
Unpaired R2 kept:                        55
Report: /scratch4/workspace/jade_fiorilla_student_uml_edu-rawseqorcc/trimmed/2024_Cont03_Cont02_W17_gill_S218_R1_001.fastq.gz_trimming_report.txt
JSON report: /scratch4/workspace/jade_fiorilla_student_uml_edu-rawseqorcc/trimmed/2024_Cont03_Cont02_W17_gill_S218_R1_001.fastq.gz_trimming_report.json
Report: /scratch4/workspace/jade_fiorilla_student_uml_edu-rawseqorcc/trimmed/2024_Cont03_Cont02_W17_gill_S218_R2_001.fastq.gz_trimming_report.txt
JSON report: /scratch4/workspace/jade_fiorilla_student_uml_edu-rawseqorcc/trimmed/2024_Cont03_Cont02_W17_gill_S218_R2_001.fastq.gz_trimming_report.json

Running FastQC on /scratch4/workspace/jade_fiorilla_student_uml_edu-rawseqorcc/trimmed/2024_Cont03_Cont02_W17_gill_S218_R1_001_val_1.fq.gz

Running FastQC on /scratch4/workspace/jade_fiorilla_student_uml_edu-rawseqorcc/trimmed/2024_Cont03_Cont02_W17_gill_S218_R2_001_val_2.fq.gz
Running Trim Galore on: 

Trim Galore v2.3.0
unknown — linux/x86_64 — built 2026-06-27T16:23:35Z
==================================================

Using 4 worker threads (parallel trim + compress)
Auto-detecting adapter type...
Using Nextera adapter for trimming (count: 416413). Second best hit was smallRNA (count: 480).
Adapter: Nextera (CTGTCTCTTATA)

Poly-G trimming: ENABLED (auto-detected). 419071 of 825849 reads (50.74%) have poly-G tails (>=10bp) — consistent with 2-colour chemistry (NovaSeq/NextSeq). To disable: --no_poly_g
Trimming (paired-end):
  R1: /scratch4/workspace/jade_fiorilla_student_uml_edu-rawseqorcc/fastq/2024_Cont03_Cont02_W17_gut_S41_R1_001.fastq.gz
  R2: /scratch4/workspace/jade_fiorilla_student_uml_edu-rawseqorcc/fastq/2024_Cont03_Cont02_W17_gut_S41_R2_001.fastq.gz
  Output R1: /scratch4/workspace/jade_fiorilla_student_uml_edu-rawseqorcc/trimmed/2024_Cont03_Cont02_W17_gut_S41_R1_001_val_1.fq.gz
  Output R2: /scratch4/workspace/jade_fiorilla_student_uml_edu-rawseqorcc/trimmed/2024_Cont03_Cont02_W17_gut_S41_R2_001_val_2.fq.gz

=== Summary (Read 1) ===

Total reads processed:               825849
Reads with adapters:                 819758 (99.3%)

=== Summary (Read 2) ===

Total reads processed:               825849
Reads with adapters:                 812872 (98.4%)
R1 reads with poly-G trimmed:          1087 (0.1%)
  R1 poly-G bases removed:           206257
R2 reads with poly-G trimmed:          1713 (0.2%)
  R2 poly-G bases removed:           375939

=== Paired-end validation ===

Pairs analyzed:                      825849
Pairs removed:                         3552 (0.4%)
Unpaired R1 kept:                      1075
Unpaired R2 kept:                        32
Report: /scratch4/workspace/jade_fiorilla_student_uml_edu-rawseqorcc/trimmed/2024_Cont03_Cont02_W17_gut_S41_R1_001.fastq.gz_trimming_report.txt
JSON report: /scratch4/workspace/jade_fiorilla_student_uml_edu-rawseqorcc/trimmed/2024_Cont03_Cont02_W17_gut_S41_R1_001.fastq.gz_trimming_report.json
Report: /scratch4/workspace/jade_fiorilla_student_uml_edu-rawseqorcc/trimmed/2024_Cont03_Cont02_W17_gut_S41_R2_001.fastq.gz_trimming_report.txt
JSON report: /scratch4/workspace/jade_fiorilla_student_uml_edu-rawseqorcc/trimmed/2024_Cont03_Cont02_W17_gut_S41_R2_001.fastq.gz_trimming_report.json

Running FastQC on /scratch4/workspace/jade_fiorilla_student_uml_edu-rawseqorcc/trimmed/2024_Cont03_Cont02_W17_gut_S41_R1_001_val_1.fq.gz

Running FastQC on /scratch4/workspace/jade_fiorilla_student_uml_edu-rawseqorcc/trimmed/2024_Cont03_Cont02_W17_gut_S41_R2_001_val_2.fq.gz
Running Trim Galore on: 

Trim Galore v2.3.0
unknown — linux/x86_64 — built 2026-06-27T16:23:35Z
==================================================

Using 4 worker threads (parallel trim + compress)
Auto-detecting adapter type...
Using Nextera adapter for trimming (count: 2440). Second best hit was smallRNA (count: 1).
Adapter: Nextera (CTGTCTCTTATA)

Poly-G trimming: ENABLED (auto-detected). 2379 of 3657 reads (65.05%) have poly-G tails (>=10bp) — consistent with 2-colour chemistry (NovaSeq/NextSeq). To disable: --no_poly_g
Trimming (paired-end):
  R1: /scratch4/workspace/jade_fiorilla_student_uml_edu-rawseqorcc/fastq/2024_Cont03_Null_W21_gill_S238_R1_001.fastq.gz
  R2: /scratch4/workspace/jade_fiorilla_student_uml_edu-rawseqorcc/fastq/2024_Cont03_Null_W21_gill_S238_R2_001.fastq.gz
  Output R1: /scratch4/workspace/jade_fiorilla_student_uml_edu-rawseqorcc/trimmed/2024_Cont03_Null_W21_gill_S238_R1_001_val_1.fq.gz
  Output R2: /scratch4/workspace/jade_fiorilla_student_uml_edu-rawseqorcc/trimmed/2024_Cont03_Null_W21_gill_S238_R2_001_val_2.fq.gz

=== Summary (Read 1) ===

Total reads processed:                 3657
Reads with adapters:                   3607 (98.6%)

=== Summary (Read 2) ===

Total reads processed:                 3657
Reads with adapters:                   3536 (96.7%)
R1 reads with poly-G trimmed:             9 (0.2%)
  R1 poly-G bases removed:             1747
R2 reads with poly-G trimmed:            18 (0.5%)
  R2 poly-G bases removed:             3870

=== Paired-end validation ===

Pairs analyzed:                        3657
Pairs removed:                           46 (1.3%)
Unpaired R1 kept:                        25
Unpaired R2 kept:                         1
Report: /scratch4/workspace/jade_fiorilla_student_uml_edu-rawseqorcc/trimmed/2024_Cont03_Null_W21_gill_S238_R1_001.fastq.gz_trimming_report.txt
JSON report: /scratch4/workspace/jade_fiorilla_student_uml_edu-rawseqorcc/trimmed/2024_Cont03_Null_W21_gill_S238_R1_001.fastq.gz_trimming_report.json
Report: /scratch4/workspace/jade_fiorilla_student_uml_edu-rawseqorcc/trimmed/2024_Cont03_Null_W21_gill_S238_R2_001.fastq.gz_trimming_report.txt
JSON report: /scratch4/workspace/jade_fiorilla_student_uml_edu-rawseqorcc/trimmed/2024_Cont03_Null_W21_gill_S238_R2_001.fastq.gz_trimming_report.json

Running FastQC on /scratch4/workspace/jade_fiorilla_student_uml_edu-rawseqorcc/trimmed/2024_Cont03_Null_W21_gill_S238_R1_001_val_1.fq.gz

Running FastQC on /scratch4/workspace/jade_fiorilla_student_uml_edu-rawseqorcc/trimmed/2024_Cont03_Null_W21_gill_S238_R2_001_val_2.fq.gz
Running Trim Galore on: 

Trim Galore v2.3.0
unknown — linux/x86_64 — built 2026-06-27T16:23:35Z
==================================================

Using 4 worker threads (parallel trim + compress)
Auto-detecting adapter type...
Using Nextera adapter for trimming (count: 471273). Second best hit was smallRNA (count: 375).
Adapter: Nextera (CTGTCTCTTATA)

Poly-G trimming: ENABLED (auto-detected). 467972 of 959278 reads (48.78%) have poly-G tails (>=10bp) — consistent with 2-colour chemistry (NovaSeq/NextSeq). To disable: --no_poly_g
Trimming (paired-end):
  R1: /scratch4/workspace/jade_fiorilla_student_uml_edu-rawseqorcc/fastq/2024_Cont03_Null_W21_gut_S85_R1_001.fastq.gz
  R2: /scratch4/workspace/jade_fiorilla_student_uml_edu-rawseqorcc/fastq/2024_Cont03_Null_W21_gut_S85_R2_001.fastq.gz
  Output R1: /scratch4/workspace/jade_fiorilla_student_uml_edu-rawseqorcc/trimmed/2024_Cont03_Null_W21_gut_S85_R1_001_val_1.fq.gz
  Output R2: /scratch4/workspace/jade_fiorilla_student_uml_edu-rawseqorcc/trimmed/2024_Cont03_Null_W21_gut_S85_R2_001_val_2.fq.gz

=== Summary (Read 1) ===

Total reads processed:               959278
Reads with adapters:                 952818 (99.3%)

=== Summary (Read 2) ===

Total reads processed:               959278
Reads with adapters:                 951862 (99.2%)
R1 reads with poly-G trimmed:          2208 (0.2%)
  R1 poly-G bases removed:           402952
R2 reads with poly-G trimmed:          2277 (0.2%)
  R2 poly-G bases removed:           511558

=== Paired-end validation ===

Pairs analyzed:                      959278
Pairs removed:                         2078 (0.2%)
Unpaired R1 kept:                      1738
Unpaired R2 kept:                        66
Report: /scratch4/workspace/jade_fiorilla_student_uml_edu-rawseqorcc/trimmed/2024_Cont03_Null_W21_gut_S85_R1_001.fastq.gz_trimming_report.txt
JSON report: /scratch4/workspace/jade_fiorilla_student_uml_edu-rawseqorcc/trimmed/2024_Cont03_Null_W21_gut_S85_R1_001.fastq.gz_trimming_report.json
Report: /scratch4/workspace/jade_fiorilla_student_uml_edu-rawseqorcc/trimmed/2024_Cont03_Null_W21_gut_S85_R2_001.fastq.gz_trimming_report.txt
JSON report: /scratch4/workspace/jade_fiorilla_student_uml_edu-rawseqorcc/trimmed/2024_Cont03_Null_W21_gut_S85_R2_001.fastq.gz_trimming_report.json

Running FastQC on /scratch4/workspace/jade_fiorilla_student_uml_edu-rawseqorcc/trimmed/2024_Cont03_Null_W21_gut_S85_R1_001_val_1.fq.gz

Running FastQC on /scratch4/workspace/jade_fiorilla_student_uml_edu-rawseqorcc/trimmed/2024_Cont03_Null_W21_gut_S85_R2_001_val_2.fq.gz
Running Trim Galore on: 

Trim Galore v2.3.0
unknown — linux/x86_64 — built 2026-06-27T16:23:35Z
==================================================

Using 4 worker threads (parallel trim + compress)
Auto-detecting adapter type...
Using Nextera adapter for trimming (count: 86344). Second best hit was smallRNA (count: 866).
Adapter: Nextera (CTGTCTCTTATA)

Poly-G trimming: ENABLED (auto-detected). 87287 of 837642 reads (10.42%) have poly-G tails (>=10bp) — consistent with 2-colour chemistry (NovaSeq/NextSeq). To disable: --no_poly_g
Trimming (paired-end):
  R1: /scratch4/workspace/jade_fiorilla_student_uml_edu-rawseqorcc/fastq/2024_Cont03_Warm03_W29_gill_S8_R1_001.fastq.gz
  R2: /scratch4/workspace/jade_fiorilla_student_uml_edu-rawseqorcc/fastq/2024_Cont03_Warm03_W29_gill_S8_R2_001.fastq.gz
  Output R1: /scratch4/workspace/jade_fiorilla_student_uml_edu-rawseqorcc/trimmed/2024_Cont03_Warm03_W29_gill_S8_R1_001_val_1.fq.gz
  Output R2: /scratch4/workspace/jade_fiorilla_student_uml_edu-rawseqorcc/trimmed/2024_Cont03_Warm03_W29_gill_S8_R2_001_val_2.fq.gz

=== Summary (Read 1) ===

Total reads processed:               837642
Reads with adapters:                 800766 (95.6%)

=== Summary (Read 2) ===

Total reads processed:               837642
Reads with adapters:                 815622 (97.4%)
R1 reads with poly-G trimmed:          5336 (0.6%)
  R1 poly-G bases removed:            94683
R2 reads with poly-G trimmed:          6974 (0.8%)
  R2 poly-G bases removed:           403991

=== Paired-end validation ===

Pairs analyzed:                      837642
Pairs removed:                         2226 (0.3%)
Unpaired R1 kept:                      2097
Unpaired R2 kept:                        47
Report: /scratch4/workspace/jade_fiorilla_student_uml_edu-rawseqorcc/trimmed/2024_Cont03_Warm03_W29_gill_S8_R1_001.fastq.gz_trimming_report.txt
JSON report: /scratch4/workspace/jade_fiorilla_student_uml_edu-rawseqorcc/trimmed/2024_Cont03_Warm03_W29_gill_S8_R1_001.fastq.gz_trimming_report.json
Report: /scratch4/workspace/jade_fiorilla_student_uml_edu-rawseqorcc/trimmed/2024_Cont03_Warm03_W29_gill_S8_R2_001.fastq.gz_trimming_report.txt
JSON report: /scratch4/workspace/jade_fiorilla_student_uml_edu-rawseqorcc/trimmed/2024_Cont03_Warm03_W29_gill_S8_R2_001.fastq.gz_trimming_report.json

Running FastQC on /scratch4/workspace/jade_fiorilla_student_uml_edu-rawseqorcc/trimmed/2024_Cont03_Warm03_W29_gill_S8_R1_001_val_1.fq.gz

Running FastQC on /scratch4/workspace/jade_fiorilla_student_uml_edu-rawseqorcc/trimmed/2024_Cont03_Warm03_W29_gill_S8_R2_001_val_2.fq.gz
Running Trim Galore on: 

Trim Galore v2.3.0
unknown — linux/x86_64 — built 2026-06-27T16:23:35Z
==================================================

Using 4 worker threads (parallel trim + compress)
Auto-detecting adapter type...
Using Nextera adapter for trimming (count: 98280). Second best hit was smallRNA (count: 1044).
Adapter: Nextera (CTGTCTCTTATA)

Poly-G trimming: ENABLED (auto-detected). 99996 of 716136 reads (13.96%) have poly-G tails (>=10bp) — consistent with 2-colour chemistry (NovaSeq/NextSeq). To disable: --no_poly_g
Trimming (paired-end):
  R1: /scratch4/workspace/jade_fiorilla_student_uml_edu-rawseqorcc/fastq/2024_Cont03_Warm03_W29_gut_S9_R1_001.fastq.gz
  R2: /scratch4/workspace/jade_fiorilla_student_uml_edu-rawseqorcc/fastq/2024_Cont03_Warm03_W29_gut_S9_R2_001.fastq.gz
  Output R1: /scratch4/workspace/jade_fiorilla_student_uml_edu-rawseqorcc/trimmed/2024_Cont03_Warm03_W29_gut_S9_R1_001_val_1.fq.gz
  Output R2: /scratch4/workspace/jade_fiorilla_student_uml_edu-rawseqorcc/trimmed/2024_Cont03_Warm03_W29_gut_S9_R2_001_val_2.fq.gz

=== Summary (Read 1) ===

Total reads processed:               716136
Reads with adapters:                 703190 (98.2%)

=== Summary (Read 2) ===

Total reads processed:               716136
Reads with adapters:                 698776 (97.6%)
R1 reads with poly-G trimmed:          4676 (0.7%)
  R1 poly-G bases removed:           117641
R2 reads with poly-G trimmed:          6384 (0.9%)
  R2 poly-G bases removed:           402381

=== Paired-end validation ===

Pairs analyzed:                      716136
Pairs removed:                         2248 (0.3%)
Unpaired R1 kept:                      2070
Unpaired R2 kept:                        51
Report: /scratch4/workspace/jade_fiorilla_student_uml_edu-rawseqorcc/trimmed/2024_Cont03_Warm03_W29_gut_S9_R1_001.fastq.gz_trimming_report.txt
JSON report: /scratch4/workspace/jade_fiorilla_student_uml_edu-rawseqorcc/trimmed/2024_Cont03_Warm03_W29_gut_S9_R1_001.fastq.gz_trimming_report.json
Report: /scratch4/workspace/jade_fiorilla_student_uml_edu-rawseqorcc/trimmed/2024_Cont03_Warm03_W29_gut_S9_R2_001.fastq.gz_trimming_report.txt
JSON report: /scratch4/workspace/jade_fiorilla_student_uml_edu-rawseqorcc/trimmed/2024_Cont03_Warm03_W29_gut_S9_R2_001.fastq.gz_trimming_report.json

Running FastQC on /scratch4/workspace/jade_fiorilla_student_uml_edu-rawseqorcc/trimmed/2024_Cont03_Warm03_W29_gut_S9_R1_001_val_1.fq.gz

Running FastQC on /scratch4/workspace/jade_fiorilla_student_uml_edu-rawseqorcc/trimmed/2024_Cont03_Warm03_W29_gut_S9_R2_001_val_2.fq.gz
Running Trim Galore on: 

Trim Galore v2.3.0
unknown — linux/x86_64 — built 2026-06-27T16:23:35Z
==================================================

Using 4 worker threads (parallel trim + compress)
Auto-detecting adapter type...
Using Nextera adapter for trimming (count: 200266). Second best hit was smallRNA (count: 856).
Adapter: Nextera (CTGTCTCTTATA)

Poly-G trimming: ENABLED (auto-detected). 200463 of 1000000 reads (20.05%) have poly-G tails (>=10bp) — consistent with 2-colour chemistry (NovaSeq/NextSeq). To disable: --no_poly_g
Trimming (paired-end):
  R1: /scratch4/workspace/jade_fiorilla_student_uml_edu-rawseqorcc/fastq/2024_Cont04_Both01_W7_gill_S143_R1_001.fastq.gz
  R2: /scratch4/workspace/jade_fiorilla_student_uml_edu-rawseqorcc/fastq/2024_Cont04_Both01_W7_gill_S143_R2_001.fastq.gz
  Output R1: /scratch4/workspace/jade_fiorilla_student_uml_edu-rawseqorcc/trimmed/2024_Cont04_Both01_W7_gill_S143_R1_001_val_1.fq.gz
  Output R2: /scratch4/workspace/jade_fiorilla_student_uml_edu-rawseqorcc/trimmed/2024_Cont04_Both01_W7_gill_S143_R2_001_val_2.fq.gz

=== Summary (Read 1) ===

Total reads processed:              1159871
Reads with adapters:                1146657 (98.9%)

=== Summary (Read 2) ===

Total reads processed:              1159871
Reads with adapters:                1145313 (98.7%)
R1 reads with poly-G trimmed:          1029 (0.1%)
  R1 poly-G bases removed:           153621
R2 reads with poly-G trimmed:          1759 (0.2%)
  R2 poly-G bases removed:           354439

=== Paired-end validation ===

Pairs analyzed:                     1159871
Pairs removed:                         1940 (0.2%)
Unpaired R1 kept:                      1589
Unpaired R2 kept:                       121
Report: /scratch4/workspace/jade_fiorilla_student_uml_edu-rawseqorcc/trimmed/2024_Cont04_Both01_W7_gill_S143_R1_001.fastq.gz_trimming_report.txt
JSON report: /scratch4/workspace/jade_fiorilla_student_uml_edu-rawseqorcc/trimmed/2024_Cont04_Both01_W7_gill_S143_R1_001.fastq.gz_trimming_report.json
Report: /scratch4/workspace/jade_fiorilla_student_uml_edu-rawseqorcc/trimmed/2024_Cont04_Both01_W7_gill_S143_R2_001.fastq.gz_trimming_report.txt
JSON report: /scratch4/workspace/jade_fiorilla_student_uml_edu-rawseqorcc/trimmed/2024_Cont04_Both01_W7_gill_S143_R2_001.fastq.gz_trimming_report.json

Running FastQC on /scratch4/workspace/jade_fiorilla_student_uml_edu-rawseqorcc/trimmed/2024_Cont04_Both01_W7_gill_S143_R1_001_val_1.fq.gz

Running FastQC on /scratch4/workspace/jade_fiorilla_student_uml_edu-rawseqorcc/trimmed/2024_Cont04_Both01_W7_gill_S143_R2_001_val_2.fq.gz
Running Trim Galore on: 

Trim Galore v2.3.0
unknown — linux/x86_64 — built 2026-06-27T16:23:35Z
==================================================

Using 4 worker threads (parallel trim + compress)
Auto-detecting adapter type...
Using Nextera adapter for trimming (count: 345706). Second best hit was smallRNA (count: 275).
Adapter: Nextera (CTGTCTCTTATA)

Poly-G trimming: ENABLED (auto-detected). 346843 of 1000000 reads (34.68%) have poly-G tails (>=10bp) — consistent with 2-colour chemistry (NovaSeq/NextSeq). To disable: --no_poly_g
Trimming (paired-end):
  R1: /scratch4/workspace/jade_fiorilla_student_uml_edu-rawseqorcc/fastq/2024_Cont04_Both01_W7_gut_S144_R1_001.fastq.gz
  R2: /scratch4/workspace/jade_fiorilla_student_uml_edu-rawseqorcc/fastq/2024_Cont04_Both01_W7_gut_S144_R2_001.fastq.gz
  Output R1: /scratch4/workspace/jade_fiorilla_student_uml_edu-rawseqorcc/trimmed/2024_Cont04_Both01_W7_gut_S144_R1_001_val_1.fq.gz
  Output R2: /scratch4/workspace/jade_fiorilla_student_uml_edu-rawseqorcc/trimmed/2024_Cont04_Both01_W7_gut_S144_R2_001_val_2.fq.gz

=== Summary (Read 1) ===

Total reads processed:              1382629
Reads with adapters:                1368612 (99.0%)

=== Summary (Read 2) ===

Total reads processed:              1382629
Reads with adapters:                1360234 (98.4%)
R1 reads with poly-G trimmed:          1635 (0.1%)
  R1 poly-G bases removed:           261407
R2 reads with poly-G trimmed:          2180 (0.2%)
  R2 poly-G bases removed:           459131

=== Paired-end validation ===

Pairs analyzed:                     1382629
Pairs removed:                         1868 (0.1%)
Unpaired R1 kept:                      1472
Unpaired R2 kept:                       102
Report: /scratch4/workspace/jade_fiorilla_student_uml_edu-rawseqorcc/trimmed/2024_Cont04_Both01_W7_gut_S144_R1_001.fastq.gz_trimming_report.txt
JSON report: /scratch4/workspace/jade_fiorilla_student_uml_edu-rawseqorcc/trimmed/2024_Cont04_Both01_W7_gut_S144_R1_001.fastq.gz_trimming_report.json
Report: /scratch4/workspace/jade_fiorilla_student_uml_edu-rawseqorcc/trimmed/2024_Cont04_Both01_W7_gut_S144_R2_001.fastq.gz_trimming_report.txt
JSON report: /scratch4/workspace/jade_fiorilla_student_uml_edu-rawseqorcc/trimmed/2024_Cont04_Both01_W7_gut_S144_R2_001.fastq.gz_trimming_report.json

Running FastQC on /scratch4/workspace/jade_fiorilla_student_uml_edu-rawseqorcc/trimmed/2024_Cont04_Both01_W7_gut_S144_R1_001_val_1.fq.gz

Running FastQC on /scratch4/workspace/jade_fiorilla_student_uml_edu-rawseqorcc/trimmed/2024_Cont04_Both01_W7_gut_S144_R2_001_val_2.fq.gz
Running Trim Galore on: 

Trim Galore v2.3.0
unknown — linux/x86_64 — built 2026-06-27T16:23:35Z
==================================================

Using 4 worker threads (parallel trim + compress)
Auto-detecting adapter type...
Using Nextera adapter for trimming (count: 176136). Second best hit was smallRNA (count: 1339).
Adapter: Nextera (CTGTCTCTTATA)

Poly-G trimming: ENABLED (auto-detected). 11819 of 799711 reads (1.48%) have poly-G tails (>=10bp) — consistent with 2-colour chemistry (NovaSeq/NextSeq). To disable: --no_poly_g
Trimming (paired-end):
  R1: /scratch4/workspace/jade_fiorilla_student_uml_edu-rawseqorcc/fastq/2024_Cont04_Both05_W56_gill_S252_R1_001.fastq.gz
  R2: /scratch4/workspace/jade_fiorilla_student_uml_edu-rawseqorcc/fastq/2024_Cont04_Both05_W56_gill_S252_R2_001.fastq.gz
  Output R1: /scratch4/workspace/jade_fiorilla_student_uml_edu-rawseqorcc/trimmed/2024_Cont04_Both05_W56_gill_S252_R1_001_val_1.fq.gz
  Output R2: /scratch4/workspace/jade_fiorilla_student_uml_edu-rawseqorcc/trimmed/2024_Cont04_Both05_W56_gill_S252_R2_001_val_2.fq.gz

=== Summary (Read 1) ===

Total reads processed:               799711
Reads with adapters:                 783060 (97.9%)

=== Summary (Read 2) ===

Total reads processed:               799711
Reads with adapters:                 769664 (96.2%)
R1 reads with poly-G trimmed:          4900 (0.6%)
  R1 poly-G bases removed:            22108
R2 reads with poly-G trimmed:          8082 (1.0%)
  R2 poly-G bases removed:           367159

=== Paired-end validation ===

Pairs analyzed:                      799711
Pairs removed:                         2345 (0.3%)
Unpaired R1 kept:                      2201
Unpaired R2 kept:                        67
Report: /scratch4/workspace/jade_fiorilla_student_uml_edu-rawseqorcc/trimmed/2024_Cont04_Both05_W56_gill_S252_R1_001.fastq.gz_trimming_report.txt
JSON report: /scratch4/workspace/jade_fiorilla_student_uml_edu-rawseqorcc/trimmed/2024_Cont04_Both05_W56_gill_S252_R1_001.fastq.gz_trimming_report.json
Report: /scratch4/workspace/jade_fiorilla_student_uml_edu-rawseqorcc/trimmed/2024_Cont04_Both05_W56_gill_S252_R2_001.fastq.gz_trimming_report.txt
JSON report: /scratch4/workspace/jade_fiorilla_student_uml_edu-rawseqorcc/trimmed/2024_Cont04_Both05_W56_gill_S252_R2_001.fastq.gz_trimming_report.json

Running FastQC on /scratch4/workspace/jade_fiorilla_student_uml_edu-rawseqorcc/trimmed/2024_Cont04_Both05_W56_gill_S252_R1_001_val_1.fq.gz

Running FastQC on /scratch4/workspace/jade_fiorilla_student_uml_edu-rawseqorcc/trimmed/2024_Cont04_Both05_W56_gill_S252_R2_001_val_2.fq.gz
Running Trim Galore on: 

Trim Galore v2.3.0
unknown — linux/x86_64 — built 2026-06-27T16:23:35Z
==================================================

Using 4 worker threads (parallel trim + compress)
Auto-detecting adapter type...
Using Nextera adapter for trimming (count: 549577). Second best hit was smallRNA (count: 73).
Adapter: Nextera (CTGTCTCTTATA)

Poly-G trimming: ENABLED (auto-detected). 546613 of 1000000 reads (54.66%) have poly-G tails (>=10bp) — consistent with 2-colour chemistry (NovaSeq/NextSeq). To disable: --no_poly_g
Trimming (paired-end):
  R1: /scratch4/workspace/jade_fiorilla_student_uml_edu-rawseqorcc/fastq/2024_Cont04_Both05_W56_gut_S167_R1_001.fastq.gz
  R2: /scratch4/workspace/jade_fiorilla_student_uml_edu-rawseqorcc/fastq/2024_Cont04_Both05_W56_gut_S167_R2_001.fastq.gz
  Output R1: /scratch4/workspace/jade_fiorilla_student_uml_edu-rawseqorcc/trimmed/2024_Cont04_Both05_W56_gut_S167_R1_001_val_1.fq.gz
  Output R2: /scratch4/workspace/jade_fiorilla_student_uml_edu-rawseqorcc/trimmed/2024_Cont04_Both05_W56_gut_S167_R2_001_val_2.fq.gz

=== Summary (Read 1) ===

Total reads processed:              2401824
Reads with adapters:                2386976 (99.4%)

=== Summary (Read 2) ===

Total reads processed:              2401824
Reads with adapters:                2384529 (99.3%)
R1 reads with poly-G trimmed:          4000 (0.2%)
  R1 poly-G bases removed:           712706
R2 reads with poly-G trimmed:          4297 (0.2%)
  R2 poly-G bases removed:           874798

=== Paired-end validation ===

Pairs analyzed:                     2401824
Pairs removed:                         2886 (0.1%)
Unpaired R1 kept:                      1958
Unpaired R2 kept:                       165
Report: /scratch4/workspace/jade_fiorilla_student_uml_edu-rawseqorcc/trimmed/2024_Cont04_Both05_W56_gut_S167_R1_001.fastq.gz_trimming_report.txt
JSON report: /scratch4/workspace/jade_fiorilla_student_uml_edu-rawseqorcc/trimmed/2024_Cont04_Both05_W56_gut_S167_R1_001.fastq.gz_trimming_report.json
Report: /scratch4/workspace/jade_fiorilla_student_uml_edu-rawseqorcc/trimmed/2024_Cont04_Both05_W56_gut_S167_R2_001.fastq.gz_trimming_report.txt
JSON report: /scratch4/workspace/jade_fiorilla_student_uml_edu-rawseqorcc/trimmed/2024_Cont04_Both05_W56_gut_S167_R2_001.fastq.gz_trimming_report.json

Running FastQC on /scratch4/workspace/jade_fiorilla_student_uml_edu-rawseqorcc/trimmed/2024_Cont04_Both05_W56_gut_S167_R1_001_val_1.fq.gz

Running FastQC on /scratch4/workspace/jade_fiorilla_student_uml_edu-rawseqorcc/trimmed/2024_Cont04_Both05_W56_gut_S167_R2_001_val_2.fq.gz
Running Trim Galore on: 

Trim Galore v2.3.0
unknown — linux/x86_64 — built 2026-06-27T16:23:35Z
==================================================

Using 4 worker threads (parallel trim + compress)
Auto-detecting adapter type...
Using Nextera adapter for trimming (count: 3751). Second best hit was smallRNA (count: 7).
Adapter: Nextera (CTGTCTCTTATA)

Poly-G trimming: ENABLED (auto-detected). 3782 of 13180 reads (28.69%) have poly-G tails (>=10bp) — consistent with 2-colour chemistry (NovaSeq/NextSeq). To disable: --no_poly_g
Trimming (paired-end):
  R1: /scratch4/workspace/jade_fiorilla_student_uml_edu-rawseqorcc/fastq/2024_Cont04_Cont06_W67_gill_S232_R1_001.fastq.gz
  R2: /scratch4/workspace/jade_fiorilla_student_uml_edu-rawseqorcc/fastq/2024_Cont04_Cont06_W67_gill_S232_R2_001.fastq.gz
  Output R1: /scratch4/workspace/jade_fiorilla_student_uml_edu-rawseqorcc/trimmed/2024_Cont04_Cont06_W67_gill_S232_R1_001_val_1.fq.gz
  Output R2: /scratch4/workspace/jade_fiorilla_student_uml_edu-rawseqorcc/trimmed/2024_Cont04_Cont06_W67_gill_S232_R2_001_val_2.fq.gz

=== Summary (Read 1) ===

Total reads processed:                13180
Reads with adapters:                  12563 (95.3%)

=== Summary (Read 2) ===

Total reads processed:                13180
Reads with adapters:                  12523 (95.0%)
R1 reads with poly-G trimmed:            11 (0.1%)
  R1 poly-G bases removed:             1204
R2 reads with poly-G trimmed:             9 (0.1%)
  R2 poly-G bases removed:             1935

=== Paired-end validation ===

Pairs analyzed:                       13180
Pairs removed:                           21 (0.2%)
Unpaired R1 kept:                        19
Unpaired R2 kept:                         2
Report: /scratch4/workspace/jade_fiorilla_student_uml_edu-rawseqorcc/trimmed/2024_Cont04_Cont06_W67_gill_S232_R1_001.fastq.gz_trimming_report.txt
JSON report: /scratch4/workspace/jade_fiorilla_student_uml_edu-rawseqorcc/trimmed/2024_Cont04_Cont06_W67_gill_S232_R1_001.fastq.gz_trimming_report.json
Report: /scratch4/workspace/jade_fiorilla_student_uml_edu-rawseqorcc/trimmed/2024_Cont04_Cont06_W67_gill_S232_R2_001.fastq.gz_trimming_report.txt
JSON report: /scratch4/workspace/jade_fiorilla_student_uml_edu-rawseqorcc/trimmed/2024_Cont04_Cont06_W67_gill_S232_R2_001.fastq.gz_trimming_report.json

Running FastQC on /scratch4/workspace/jade_fiorilla_student_uml_edu-rawseqorcc/trimmed/2024_Cont04_Cont06_W67_gill_S232_R1_001_val_1.fq.gz

Running FastQC on /scratch4/workspace/jade_fiorilla_student_uml_edu-rawseqorcc/trimmed/2024_Cont04_Cont06_W67_gill_S232_R2_001_val_2.fq.gz
Running Trim Galore on: 

Trim Galore v2.3.0
unknown — linux/x86_64 — built 2026-06-27T16:23:35Z
==================================================

Using 4 worker threads (parallel trim + compress)
Auto-detecting adapter type...
Using Nextera adapter for trimming (count: 679168). Second best hit was smallRNA (count: 451).
Adapter: Nextera (CTGTCTCTTATA)

Poly-G trimming: ENABLED (auto-detected). 682750 of 1000000 reads (68.27%) have poly-G tails (>=10bp) — consistent with 2-colour chemistry (NovaSeq/NextSeq). To disable: --no_poly_g
Trimming (paired-end):
  R1: /scratch4/workspace/jade_fiorilla_student_uml_edu-rawseqorcc/fastq/2024_Cont04_Cont06_W67_gut_S168_R1_001.fastq.gz
  R2: /scratch4/workspace/jade_fiorilla_student_uml_edu-rawseqorcc/fastq/2024_Cont04_Cont06_W67_gut_S168_R2_001.fastq.gz
  Output R1: /scratch4/workspace/jade_fiorilla_student_uml_edu-rawseqorcc/trimmed/2024_Cont04_Cont06_W67_gut_S168_R1_001_val_1.fq.gz
  Output R2: /scratch4/workspace/jade_fiorilla_student_uml_edu-rawseqorcc/trimmed/2024_Cont04_Cont06_W67_gut_S168_R2_001_val_2.fq.gz

=== Summary (Read 1) ===

Total reads processed:              2512695
Reads with adapters:                2492291 (99.2%)

=== Summary (Read 2) ===

Total reads processed:              2512695
Reads with adapters:                2487805 (99.0%)
R1 reads with poly-G trimmed:          4606 (0.2%)
  R1 poly-G bases removed:           857811
R2 reads with poly-G trimmed:          4715 (0.2%)
  R2 poly-G bases removed:           978187

=== Paired-end validation ===

Pairs analyzed:                     2512695
Pairs removed:                         2520 (0.1%)
Unpaired R1 kept:                      1601
Unpaired R2 kept:                       103
Report: /scratch4/workspace/jade_fiorilla_student_uml_edu-rawseqorcc/trimmed/2024_Cont04_Cont06_W67_gut_S168_R1_001.fastq.gz_trimming_report.txt
JSON report: /scratch4/workspace/jade_fiorilla_student_uml_edu-rawseqorcc/trimmed/2024_Cont04_Cont06_W67_gut_S168_R1_001.fastq.gz_trimming_report.json
Report: /scratch4/workspace/jade_fiorilla_student_uml_edu-rawseqorcc/trimmed/2024_Cont04_Cont06_W67_gut_S168_R2_001.fastq.gz_trimming_report.txt
JSON report: /scratch4/workspace/jade_fiorilla_student_uml_edu-rawseqorcc/trimmed/2024_Cont04_Cont06_W67_gut_S168_R2_001.fastq.gz_trimming_report.json

Running FastQC on /scratch4/workspace/jade_fiorilla_student_uml_edu-rawseqorcc/trimmed/2024_Cont04_Cont06_W67_gut_S168_R1_001_val_1.fq.gz

Running FastQC on /scratch4/workspace/jade_fiorilla_student_uml_edu-rawseqorcc/trimmed/2024_Cont04_Cont06_W67_gut_S168_R2_001_val_2.fq.gz
Running Trim Galore on: 

Trim Galore v2.3.0
unknown — linux/x86_64 — built 2026-06-27T16:23:35Z
==================================================

Using 4 worker threads (parallel trim + compress)
Auto-detecting adapter type...
Using Nextera adapter for trimming (count: 76550). Second best hit was smallRNA (count: 930).
Adapter: Nextera (CTGTCTCTTATA)

Poly-G trimming: ENABLED (auto-detected). 78340 of 590347 reads (13.27%) have poly-G tails (>=10bp) — consistent with 2-colour chemistry (NovaSeq/NextSeq). To disable: --no_poly_g
Trimming (paired-end):
  R1: /scratch4/workspace/jade_fiorilla_student_uml_edu-rawseqorcc/fastq/2024_Cont04_Hyp05_W56_gill_S225_R1_001.fastq.gz
  R2: /scratch4/workspace/jade_fiorilla_student_uml_edu-rawseqorcc/fastq/2024_Cont04_Hyp05_W56_gill_S225_R2_001.fastq.gz
  Output R1: /scratch4/workspace/jade_fiorilla_student_uml_edu-rawseqorcc/trimmed/2024_Cont04_Hyp05_W56_gill_S225_R1_001_val_1.fq.gz
  Output R2: /scratch4/workspace/jade_fiorilla_student_uml_edu-rawseqorcc/trimmed/2024_Cont04_Hyp05_W56_gill_S225_R2_001_val_2.fq.gz

=== Summary (Read 1) ===

Total reads processed:               590347
Reads with adapters:                 556494 (94.3%)

=== Summary (Read 2) ===

Total reads processed:               590347
Reads with adapters:                 582085 (98.6%)
R1 reads with poly-G trimmed:           599 (0.1%)
  R1 poly-G bases removed:            69885
R2 reads with poly-G trimmed:           942 (0.2%)
  R2 poly-G bases removed:           200449

=== Paired-end validation ===

Pairs analyzed:                      590347
Pairs removed:                         1139 (0.2%)
Unpaired R1 kept:                      1030
Unpaired R2 kept:                        57
Report: /scratch4/workspace/jade_fiorilla_student_uml_edu-rawseqorcc/trimmed/2024_Cont04_Hyp05_W56_gill_S225_R1_001.fastq.gz_trimming_report.txt
JSON report: /scratch4/workspace/jade_fiorilla_student_uml_edu-rawseqorcc/trimmed/2024_Cont04_Hyp05_W56_gill_S225_R1_001.fastq.gz_trimming_report.json
Report: /scratch4/workspace/jade_fiorilla_student_uml_edu-rawseqorcc/trimmed/2024_Cont04_Hyp05_W56_gill_S225_R2_001.fastq.gz_trimming_report.txt
JSON report: /scratch4/workspace/jade_fiorilla_student_uml_edu-rawseqorcc/trimmed/2024_Cont04_Hyp05_W56_gill_S225_R2_001.fastq.gz_trimming_report.json

Running FastQC on /scratch4/workspace/jade_fiorilla_student_uml_edu-rawseqorcc/trimmed/2024_Cont04_Hyp05_W56_gill_S225_R1_001_val_1.fq.gz

Running FastQC on /scratch4/workspace/jade_fiorilla_student_uml_edu-rawseqorcc/trimmed/2024_Cont04_Hyp05_W56_gill_S225_R2_001_val_2.fq.gz
Running Trim Galore on: 

Trim Galore v2.3.0
unknown — linux/x86_64 — built 2026-06-27T16:23:35Z
==================================================

Using 4 worker threads (parallel trim + compress)
Auto-detecting adapter type...
Using Nextera adapter for trimming (count: 405665). Second best hit was smallRNA (count: 425).
Adapter: Nextera (CTGTCTCTTATA)

Poly-G trimming: ENABLED (auto-detected). 407373 of 970195 reads (41.99%) have poly-G tails (>=10bp) — consistent with 2-colour chemistry (NovaSeq/NextSeq). To disable: --no_poly_g
Trimming (paired-end):
  R1: /scratch4/workspace/jade_fiorilla_student_uml_edu-rawseqorcc/fastq/2024_Cont04_Hyp05_W56_gut_S46_R1_001.fastq.gz
  R2: /scratch4/workspace/jade_fiorilla_student_uml_edu-rawseqorcc/fastq/2024_Cont04_Hyp05_W56_gut_S46_R2_001.fastq.gz
  Output R1: /scratch4/workspace/jade_fiorilla_student_uml_edu-rawseqorcc/trimmed/2024_Cont04_Hyp05_W56_gut_S46_R1_001_val_1.fq.gz
  Output R2: /scratch4/workspace/jade_fiorilla_student_uml_edu-rawseqorcc/trimmed/2024_Cont04_Hyp05_W56_gut_S46_R2_001_val_2.fq.gz

=== Summary (Read 1) ===

Total reads processed:               970195
Reads with adapters:                 962415 (99.2%)

=== Summary (Read 2) ===

Total reads processed:               970195
Reads with adapters:                 962034 (99.2%)
R1 reads with poly-G trimmed:          1650 (0.2%)
  R1 poly-G bases removed:           295027
R2 reads with poly-G trimmed:          2286 (0.2%)
  R2 poly-G bases removed:           519571

=== Paired-end validation ===

Pairs analyzed:                      970195
Pairs removed:                         2134 (0.2%)
Unpaired R1 kept:                      1780
Unpaired R2 kept:                        66
Report: /scratch4/workspace/jade_fiorilla_student_uml_edu-rawseqorcc/trimmed/2024_Cont04_Hyp05_W56_gut_S46_R1_001.fastq.gz_trimming_report.txt
JSON report: /scratch4/workspace/jade_fiorilla_student_uml_edu-rawseqorcc/trimmed/2024_Cont04_Hyp05_W56_gut_S46_R1_001.fastq.gz_trimming_report.json
Report: /scratch4/workspace/jade_fiorilla_student_uml_edu-rawseqorcc/trimmed/2024_Cont04_Hyp05_W56_gut_S46_R2_001.fastq.gz_trimming_report.txt
JSON report: /scratch4/workspace/jade_fiorilla_student_uml_edu-rawseqorcc/trimmed/2024_Cont04_Hyp05_W56_gut_S46_R2_001.fastq.gz_trimming_report.json

Running FastQC on /scratch4/workspace/jade_fiorilla_student_uml_edu-rawseqorcc/trimmed/2024_Cont04_Hyp05_W56_gut_S46_R1_001_val_1.fq.gz

Running FastQC on /scratch4/workspace/jade_fiorilla_student_uml_edu-rawseqorcc/trimmed/2024_Cont04_Hyp05_W56_gut_S46_R2_001_val_2.fq.gz
Running Trim Galore on: 

Trim Galore v2.3.0
unknown — linux/x86_64 — built 2026-06-27T16:23:35Z
==================================================

Using 4 worker threads (parallel trim + compress)
Auto-detecting adapter type...
Using Nextera adapter for trimming (count: 76314). Second best hit was smallRNA (count: 123).
Adapter: Nextera (CTGTCTCTTATA)

Poly-G trimming: ENABLED (auto-detected). 70364 of 557941 reads (12.61%) have poly-G tails (>=10bp) — consistent with 2-colour chemistry (NovaSeq/NextSeq). To disable: --no_poly_g
Trimming (paired-end):
  R1: /scratch4/workspace/jade_fiorilla_student_uml_edu-rawseqorcc/fastq/2024_Cont04_Null_W29_gill_S265_R1_001.fastq.gz
  R2: /scratch4/workspace/jade_fiorilla_student_uml_edu-rawseqorcc/fastq/2024_Cont04_Null_W29_gill_S265_R2_001.fastq.gz
  Output R1: /scratch4/workspace/jade_fiorilla_student_uml_edu-rawseqorcc/trimmed/2024_Cont04_Null_W29_gill_S265_R1_001_val_1.fq.gz
  Output R2: /scratch4/workspace/jade_fiorilla_student_uml_edu-rawseqorcc/trimmed/2024_Cont04_Null_W29_gill_S265_R2_001_val_2.fq.gz

=== Summary (Read 1) ===

Total reads processed:               557941
Reads with adapters:                 536000 (96.1%)

=== Summary (Read 2) ===

Total reads processed:               557941
Reads with adapters:                 538173 (96.5%)
R1 reads with poly-G trimmed:           505 (0.1%)
  R1 poly-G bases removed:            62792
R2 reads with poly-G trimmed:           522 (0.1%)
  R2 poly-G bases removed:           111644

=== Paired-end validation ===

Pairs analyzed:                      557941
Pairs removed:                          636 (0.1%)
Unpaired R1 kept:                       545
Unpaired R2 kept:                        42
Report: /scratch4/workspace/jade_fiorilla_student_uml_edu-rawseqorcc/trimmed/2024_Cont04_Null_W29_gill_S265_R1_001.fastq.gz_trimming_report.txt
JSON report: /scratch4/workspace/jade_fiorilla_student_uml_edu-rawseqorcc/trimmed/2024_Cont04_Null_W29_gill_S265_R1_001.fastq.gz_trimming_report.json
Report: /scratch4/workspace/jade_fiorilla_student_uml_edu-rawseqorcc/trimmed/2024_Cont04_Null_W29_gill_S265_R2_001.fastq.gz_trimming_report.txt
JSON report: /scratch4/workspace/jade_fiorilla_student_uml_edu-rawseqorcc/trimmed/2024_Cont04_Null_W29_gill_S265_R2_001.fastq.gz_trimming_report.json

Running FastQC on /scratch4/workspace/jade_fiorilla_student_uml_edu-rawseqorcc/trimmed/2024_Cont04_Null_W29_gill_S265_R1_001_val_1.fq.gz

Running FastQC on /scratch4/workspace/jade_fiorilla_student_uml_edu-rawseqorcc/trimmed/2024_Cont04_Null_W29_gill_S265_R2_001_val_2.fq.gz
Running Trim Galore on: 

Trim Galore v2.3.0
unknown — linux/x86_64 — built 2026-06-27T16:23:35Z
==================================================

Using 4 worker threads (parallel trim + compress)
Auto-detecting adapter type...
Using Nextera adapter for trimming (count: 163584). Second best hit was smallRNA (count: 1688).
Adapter: Nextera (CTGTCTCTTATA)

Poly-G trimming: ENABLED (auto-detected). 162266 of 770812 reads (21.05%) have poly-G tails (>=10bp) — consistent with 2-colour chemistry (NovaSeq/NextSeq). To disable: --no_poly_g
Trimming (paired-end):
  R1: /scratch4/workspace/jade_fiorilla_student_uml_edu-rawseqorcc/fastq/2024_Cont04_Null_W29_gut_S77_R1_001.fastq.gz
  R2: /scratch4/workspace/jade_fiorilla_student_uml_edu-rawseqorcc/fastq/2024_Cont04_Null_W29_gut_S77_R2_001.fastq.gz
  Output R1: /scratch4/workspace/jade_fiorilla_student_uml_edu-rawseqorcc/trimmed/2024_Cont04_Null_W29_gut_S77_R1_001_val_1.fq.gz
  Output R2: /scratch4/workspace/jade_fiorilla_student_uml_edu-rawseqorcc/trimmed/2024_Cont04_Null_W29_gut_S77_R2_001_val_2.fq.gz

=== Summary (Read 1) ===

Total reads processed:               770812
Reads with adapters:                 766378 (99.4%)

=== Summary (Read 2) ===

Total reads processed:               770812
Reads with adapters:                 764275 (99.2%)
R1 reads with poly-G trimmed:           637 (0.1%)
  R1 poly-G bases removed:            99079
R2 reads with poly-G trimmed:          1214 (0.2%)
  R2 poly-G bases removed:           251276

=== Paired-end validation ===

Pairs analyzed:                      770812
Pairs removed:                         1347 (0.2%)
Unpaired R1 kept:                      1156
Unpaired R2 kept:                        58
Report: /scratch4/workspace/jade_fiorilla_student_uml_edu-rawseqorcc/trimmed/2024_Cont04_Null_W29_gut_S77_R1_001.fastq.gz_trimming_report.txt
JSON report: /scratch4/workspace/jade_fiorilla_student_uml_edu-rawseqorcc/trimmed/2024_Cont04_Null_W29_gut_S77_R1_001.fastq.gz_trimming_report.json
Report: /scratch4/workspace/jade_fiorilla_student_uml_edu-rawseqorcc/trimmed/2024_Cont04_Null_W29_gut_S77_R2_001.fastq.gz_trimming_report.txt
JSON report: /scratch4/workspace/jade_fiorilla_student_uml_edu-rawseqorcc/trimmed/2024_Cont04_Null_W29_gut_S77_R2_001.fastq.gz_trimming_report.json

Running FastQC on /scratch4/workspace/jade_fiorilla_student_uml_edu-rawseqorcc/trimmed/2024_Cont04_Null_W29_gut_S77_R1_001_val_1.fq.gz

Running FastQC on /scratch4/workspace/jade_fiorilla_student_uml_edu-rawseqorcc/trimmed/2024_Cont04_Null_W29_gut_S77_R2_001_val_2.fq.gz
Running Trim Galore on: 

Trim Galore v2.3.0
unknown — linux/x86_64 — built 2026-06-27T16:23:35Z
==================================================

Using 4 worker threads (parallel trim + compress)
Auto-detecting adapter type...
Using Nextera adapter for trimming (count: 251127). Second best hit was smallRNA (count: 8).
Adapter: Nextera (CTGTCTCTTATA)

Poly-G trimming: ENABLED (auto-detected). 217060 of 930537 reads (23.33%) have poly-G tails (>=10bp) — consistent with 2-colour chemistry (NovaSeq/NextSeq). To disable: --no_poly_g
Trimming (paired-end):
  R1: /scratch4/workspace/jade_fiorilla_student_uml_edu-rawseqorcc/fastq/2024_Cont05_Both04_W46_gill_S226_R1_001.fastq.gz
  R2: /scratch4/workspace/jade_fiorilla_student_uml_edu-rawseqorcc/fastq/2024_Cont05_Both04_W46_gill_S226_R2_001.fastq.gz
  Output R1: /scratch4/workspace/jade_fiorilla_student_uml_edu-rawseqorcc/trimmed/2024_Cont05_Both04_W46_gill_S226_R1_001_val_1.fq.gz
  Output R2: /scratch4/workspace/jade_fiorilla_student_uml_edu-rawseqorcc/trimmed/2024_Cont05_Both04_W46_gill_S226_R2_001_val_2.fq.gz

=== Summary (Read 1) ===

Total reads processed:               930537
Reads with adapters:                 840680 (90.3%)

=== Summary (Read 2) ===

Total reads processed:               930537
Reads with adapters:                 910058 (97.8%)
R1 reads with poly-G trimmed:          1364 (0.1%)
  R1 poly-G bases removed:           176525
R2 reads with poly-G trimmed:          1619 (0.2%)
  R2 poly-G bases removed:           339077

=== Paired-end validation ===

Pairs analyzed:                      930537
Pairs removed:                         1829 (0.2%)
Unpaired R1 kept:                      1616
Unpaired R2 kept:                        68
Report: /scratch4/workspace/jade_fiorilla_student_uml_edu-rawseqorcc/trimmed/2024_Cont05_Both04_W46_gill_S226_R1_001.fastq.gz_trimming_report.txt
JSON report: /scratch4/workspace/jade_fiorilla_student_uml_edu-rawseqorcc/trimmed/2024_Cont05_Both04_W46_gill_S226_R1_001.fastq.gz_trimming_report.json
Report: /scratch4/workspace/jade_fiorilla_student_uml_edu-rawseqorcc/trimmed/2024_Cont05_Both04_W46_gill_S226_R2_001.fastq.gz_trimming_report.txt
JSON report: /scratch4/workspace/jade_fiorilla_student_uml_edu-rawseqorcc/trimmed/2024_Cont05_Both04_W46_gill_S226_R2_001.fastq.gz_trimming_report.json

Running FastQC on /scratch4/workspace/jade_fiorilla_student_uml_edu-rawseqorcc/trimmed/2024_Cont05_Both04_W46_gill_S226_R1_001_val_1.fq.gz

Running FastQC on /scratch4/workspace/jade_fiorilla_student_uml_edu-rawseqorcc/trimmed/2024_Cont05_Both04_W46_gill_S226_R2_001_val_2.fq.gz
Running Trim Galore on: 

Trim Galore v2.3.0
unknown — linux/x86_64 — built 2026-06-27T16:23:35Z
==================================================

Using 4 worker threads (parallel trim + compress)
Auto-detecting adapter type...
Using Nextera adapter for trimming (count: 233397). Second best hit was smallRNA (count: 386).
Adapter: Nextera (CTGTCTCTTATA)

Poly-G trimming: ENABLED (auto-detected). 240287 of 796138 reads (30.18%) have poly-G tails (>=10bp) — consistent with 2-colour chemistry (NovaSeq/NextSeq). To disable: --no_poly_g
Trimming (paired-end):
  R1: /scratch4/workspace/jade_fiorilla_student_uml_edu-rawseqorcc/fastq/2024_Cont05_Both04_W46_gut_S47_R1_001.fastq.gz
  R2: /scratch4/workspace/jade_fiorilla_student_uml_edu-rawseqorcc/fastq/2024_Cont05_Both04_W46_gut_S47_R2_001.fastq.gz
  Output R1: /scratch4/workspace/jade_fiorilla_student_uml_edu-rawseqorcc/trimmed/2024_Cont05_Both04_W46_gut_S47_R1_001_val_1.fq.gz
  Output R2: /scratch4/workspace/jade_fiorilla_student_uml_edu-rawseqorcc/trimmed/2024_Cont05_Both04_W46_gut_S47_R2_001_val_2.fq.gz

=== Summary (Read 1) ===

Total reads processed:               796138
Reads with adapters:                 786551 (98.8%)

=== Summary (Read 2) ===

Total reads processed:               796138
Reads with adapters:                 779059 (97.9%)
R1 reads with poly-G trimmed:          5638 (0.7%)
  R1 poly-G bases removed:           202661
R2 reads with poly-G trimmed:          7154 (0.9%)
  R2 poly-G bases removed:           469620

=== Paired-end validation ===

Pairs analyzed:                      796138
Pairs removed:                         2095 (0.3%)
Unpaired R1 kept:                      1800
Unpaired R2 kept:                        65
Report: /scratch4/workspace/jade_fiorilla_student_uml_edu-rawseqorcc/trimmed/2024_Cont05_Both04_W46_gut_S47_R1_001.fastq.gz_trimming_report.txt
JSON report: /scratch4/workspace/jade_fiorilla_student_uml_edu-rawseqorcc/trimmed/2024_Cont05_Both04_W46_gut_S47_R1_001.fastq.gz_trimming_report.json
Report: /scratch4/workspace/jade_fiorilla_student_uml_edu-rawseqorcc/trimmed/2024_Cont05_Both04_W46_gut_S47_R2_001.fastq.gz_trimming_report.txt
JSON report: /scratch4/workspace/jade_fiorilla_student_uml_edu-rawseqorcc/trimmed/2024_Cont05_Both04_W46_gut_S47_R2_001.fastq.gz_trimming_report.json

Running FastQC on /scratch4/workspace/jade_fiorilla_student_uml_edu-rawseqorcc/trimmed/2024_Cont05_Both04_W46_gut_S47_R1_001_val_1.fq.gz

Running FastQC on /scratch4/workspace/jade_fiorilla_student_uml_edu-rawseqorcc/trimmed/2024_Cont05_Both04_W46_gut_S47_R2_001_val_2.fq.gz
Running Trim Galore on: 

Trim Galore v2.3.0
unknown — linux/x86_64 — built 2026-06-27T16:23:35Z
==================================================

Using 4 worker threads (parallel trim + compress)
Auto-detecting adapter type...
Using Nextera adapter for trimming (count: 152330). Second best hit was smallRNA (count: 1781).
Adapter: Nextera (CTGTCTCTTATA)

Poly-G trimming: ENABLED (auto-detected). 155010 of 826250 reads (18.76%) have poly-G tails (>=10bp) — consistent with 2-colour chemistry (NovaSeq/NextSeq). To disable: --no_poly_g
Trimming (paired-end):
  R1: /scratch4/workspace/jade_fiorilla_student_uml_edu-rawseqorcc/fastq/2024_Cont05_Cont03_W33_gill_S61_R1_001.fastq.gz
  R2: /scratch4/workspace/jade_fiorilla_student_uml_edu-rawseqorcc/fastq/2024_Cont05_Cont03_W33_gill_S61_R2_001.fastq.gz
  Output R1: /scratch4/workspace/jade_fiorilla_student_uml_edu-rawseqorcc/trimmed/2024_Cont05_Cont03_W33_gill_S61_R1_001_val_1.fq.gz
  Output R2: /scratch4/workspace/jade_fiorilla_student_uml_edu-rawseqorcc/trimmed/2024_Cont05_Cont03_W33_gill_S61_R2_001_val_2.fq.gz

=== Summary (Read 1) ===

Total reads processed:               826250
Reads with adapters:                 814651 (98.6%)

=== Summary (Read 2) ===

Total reads processed:               826250
Reads with adapters:                 807757 (97.8%)
R1 reads with poly-G trimmed:          5203 (0.6%)
  R1 poly-G bases removed:           149930
R2 reads with poly-G trimmed:          7281 (0.9%)
  R2 poly-G bases removed:           498180

=== Paired-end validation ===

Pairs analyzed:                      826250
Pairs removed:                         2762 (0.3%)
Unpaired R1 kept:                      2545
Unpaired R2 kept:                        81
Report: /scratch4/workspace/jade_fiorilla_student_uml_edu-rawseqorcc/trimmed/2024_Cont05_Cont03_W33_gill_S61_R1_001.fastq.gz_trimming_report.txt
JSON report: /scratch4/workspace/jade_fiorilla_student_uml_edu-rawseqorcc/trimmed/2024_Cont05_Cont03_W33_gill_S61_R1_001.fastq.gz_trimming_report.json
Report: /scratch4/workspace/jade_fiorilla_student_uml_edu-rawseqorcc/trimmed/2024_Cont05_Cont03_W33_gill_S61_R2_001.fastq.gz_trimming_report.txt
JSON report: /scratch4/workspace/jade_fiorilla_student_uml_edu-rawseqorcc/trimmed/2024_Cont05_Cont03_W33_gill_S61_R2_001.fastq.gz_trimming_report.json

Running FastQC on /scratch4/workspace/jade_fiorilla_student_uml_edu-rawseqorcc/trimmed/2024_Cont05_Cont03_W33_gill_S61_R1_001_val_1.fq.gz

Running FastQC on /scratch4/workspace/jade_fiorilla_student_uml_edu-rawseqorcc/trimmed/2024_Cont05_Cont03_W33_gill_S61_R2_001_val_2.fq.gz
Running Trim Galore on: 

Trim Galore v2.3.0
unknown — linux/x86_64 — built 2026-06-27T16:23:35Z
==================================================

Using 4 worker threads (parallel trim + compress)
Auto-detecting adapter type...
Using Nextera adapter for trimming (count: 166942). Second best hit was smallRNA (count: 92).
Adapter: Nextera (CTGTCTCTTATA)

Poly-G trimming: ENABLED (auto-detected). 166920 of 708370 reads (23.56%) have poly-G tails (>=10bp) — consistent with 2-colour chemistry (NovaSeq/NextSeq). To disable: --no_poly_g
Trimming (paired-end):
  R1: /scratch4/workspace/jade_fiorilla_student_uml_edu-rawseqorcc/fastq/2024_Cont05_Cont03_W33_gut_S62_R1_001.fastq.gz
  R2: /scratch4/workspace/jade_fiorilla_student_uml_edu-rawseqorcc/fastq/2024_Cont05_Cont03_W33_gut_S62_R2_001.fastq.gz
  Output R1: /scratch4/workspace/jade_fiorilla_student_uml_edu-rawseqorcc/trimmed/2024_Cont05_Cont03_W33_gut_S62_R1_001_val_1.fq.gz
  Output R2: /scratch4/workspace/jade_fiorilla_student_uml_edu-rawseqorcc/trimmed/2024_Cont05_Cont03_W33_gut_S62_R2_001_val_2.fq.gz

=== Summary (Read 1) ===

Total reads processed:               708370
Reads with adapters:                 700066 (98.8%)

=== Summary (Read 2) ===

Total reads processed:               708370
Reads with adapters:                 694286 (98.0%)
R1 reads with poly-G trimmed:          4775 (0.7%)
  R1 poly-G bases removed:           156729
R2 reads with poly-G trimmed:          6142 (0.9%)
  R2 poly-G bases removed:           418246

=== Paired-end validation ===

Pairs analyzed:                      708370
Pairs removed:                         2127 (0.3%)
Unpaired R1 kept:                      1932
Unpaired R2 kept:                        55
Report: /scratch4/workspace/jade_fiorilla_student_uml_edu-rawseqorcc/trimmed/2024_Cont05_Cont03_W33_gut_S62_R1_001.fastq.gz_trimming_report.txt
JSON report: /scratch4/workspace/jade_fiorilla_student_uml_edu-rawseqorcc/trimmed/2024_Cont05_Cont03_W33_gut_S62_R1_001.fastq.gz_trimming_report.json
Report: /scratch4/workspace/jade_fiorilla_student_uml_edu-rawseqorcc/trimmed/2024_Cont05_Cont03_W33_gut_S62_R2_001.fastq.gz_trimming_report.txt
JSON report: /scratch4/workspace/jade_fiorilla_student_uml_edu-rawseqorcc/trimmed/2024_Cont05_Cont03_W33_gut_S62_R2_001.fastq.gz_trimming_report.json

Running FastQC on /scratch4/workspace/jade_fiorilla_student_uml_edu-rawseqorcc/trimmed/2024_Cont05_Cont03_W33_gut_S62_R1_001_val_1.fq.gz

Running FastQC on /scratch4/workspace/jade_fiorilla_student_uml_edu-rawseqorcc/trimmed/2024_Cont05_Cont03_W33_gut_S62_R2_001_val_2.fq.gz
Running Trim Galore on: 

Trim Galore v2.3.0
unknown — linux/x86_64 — built 2026-06-27T16:23:35Z
==================================================

Using 4 worker threads (parallel trim + compress)
Auto-detecting adapter type...
Using Nextera adapter for trimming (count: 282745). Second best hit was smallRNA (count: 296).
Adapter: Nextera (CTGTCTCTTATA)

Poly-G trimming: ENABLED (auto-detected). 285683 of 653075 reads (43.74%) have poly-G tails (>=10bp) — consistent with 2-colour chemistry (NovaSeq/NextSeq). To disable: --no_poly_g
Trimming (paired-end):
  R1: /scratch4/workspace/jade_fiorilla_student_uml_edu-rawseqorcc/fastq/2024_Cont05_Warm01_W9_gill_S201_R1_001.fastq.gz
  R2: /scratch4/workspace/jade_fiorilla_student_uml_edu-rawseqorcc/fastq/2024_Cont05_Warm01_W9_gill_S201_R2_001.fastq.gz
  Output R1: /scratch4/workspace/jade_fiorilla_student_uml_edu-rawseqorcc/trimmed/2024_Cont05_Warm01_W9_gill_S201_R1_001_val_1.fq.gz
  Output R2: /scratch4/workspace/jade_fiorilla_student_uml_edu-rawseqorcc/trimmed/2024_Cont05_Warm01_W9_gill_S201_R2_001_val_2.fq.gz

=== Summary (Read 1) ===

Total reads processed:               653075
Reads with adapters:                 631785 (96.7%)

=== Summary (Read 2) ===

Total reads processed:               653075
Reads with adapters:                 628326 (96.2%)
R1 reads with poly-G trimmed:          5692 (0.9%)
  R1 poly-G bases removed:           220406
R2 reads with poly-G trimmed:          8666 (1.3%)
  R2 poly-G bases removed:           503061

=== Paired-end validation ===

Pairs analyzed:                      653075
Pairs removed:                         1942 (0.3%)
Unpaired R1 kept:                      1794
Unpaired R2 kept:                        42
Report: /scratch4/workspace/jade_fiorilla_student_uml_edu-rawseqorcc/trimmed/2024_Cont05_Warm01_W9_gill_S201_R1_001.fastq.gz_trimming_report.txt
JSON report: /scratch4/workspace/jade_fiorilla_student_uml_edu-rawseqorcc/trimmed/2024_Cont05_Warm01_W9_gill_S201_R1_001.fastq.gz_trimming_report.json
Report: /scratch4/workspace/jade_fiorilla_student_uml_edu-rawseqorcc/trimmed/2024_Cont05_Warm01_W9_gill_S201_R2_001.fastq.gz_trimming_report.txt
JSON report: /scratch4/workspace/jade_fiorilla_student_uml_edu-rawseqorcc/trimmed/2024_Cont05_Warm01_W9_gill_S201_R2_001.fastq.gz_trimming_report.json

Running FastQC on /scratch4/workspace/jade_fiorilla_student_uml_edu-rawseqorcc/trimmed/2024_Cont05_Warm01_W9_gill_S201_R1_001_val_1.fq.gz

Running FastQC on /scratch4/workspace/jade_fiorilla_student_uml_edu-rawseqorcc/trimmed/2024_Cont05_Warm01_W9_gill_S201_R2_001_val_2.fq.gz
Running Trim Galore on: 

Trim Galore v2.3.0
unknown — linux/x86_64 — built 2026-06-27T16:23:35Z
==================================================

Using 4 worker threads (parallel trim + compress)
Auto-detecting adapter type...
Using Nextera adapter for trimming (count: 141511). Second best hit was smallRNA (count: 909).
Adapter: Nextera (CTGTCTCTTATA)

Poly-G trimming: ENABLED (auto-detected). 144762 of 870966 reads (16.62%) have poly-G tails (>=10bp) — consistent with 2-colour chemistry (NovaSeq/NextSeq). To disable: --no_poly_g
Trimming (paired-end):
  R1: /scratch4/workspace/jade_fiorilla_student_uml_edu-rawseqorcc/fastq/2024_Cont05_Warm01_W9_gut_S10_R1_001.fastq.gz
  R2: /scratch4/workspace/jade_fiorilla_student_uml_edu-rawseqorcc/fastq/2024_Cont05_Warm01_W9_gut_S10_R2_001.fastq.gz
  Output R1: /scratch4/workspace/jade_fiorilla_student_uml_edu-rawseqorcc/trimmed/2024_Cont05_Warm01_W9_gut_S10_R1_001_val_1.fq.gz
  Output R2: /scratch4/workspace/jade_fiorilla_student_uml_edu-rawseqorcc/trimmed/2024_Cont05_Warm01_W9_gut_S10_R2_001_val_2.fq.gz

=== Summary (Read 1) ===

Total reads processed:               870966
Reads with adapters:                 857860 (98.5%)

=== Summary (Read 2) ===

Total reads processed:               870966
Reads with adapters:                 848431 (97.4%)
R1 reads with poly-G trimmed:          5956 (0.7%)
  R1 poly-G bases removed:           151481
R2 reads with poly-G trimmed:          7448 (0.9%)
  R2 poly-G bases removed:           479275

=== Paired-end validation ===

Pairs analyzed:                      870966
Pairs removed:                         2582 (0.3%)
Unpaired R1 kept:                      2420
Unpaired R2 kept:                        46
Report: /scratch4/workspace/jade_fiorilla_student_uml_edu-rawseqorcc/trimmed/2024_Cont05_Warm01_W9_gut_S10_R1_001.fastq.gz_trimming_report.txt
JSON report: /scratch4/workspace/jade_fiorilla_student_uml_edu-rawseqorcc/trimmed/2024_Cont05_Warm01_W9_gut_S10_R1_001.fastq.gz_trimming_report.json
Report: /scratch4/workspace/jade_fiorilla_student_uml_edu-rawseqorcc/trimmed/2024_Cont05_Warm01_W9_gut_S10_R2_001.fastq.gz_trimming_report.txt
JSON report: /scratch4/workspace/jade_fiorilla_student_uml_edu-rawseqorcc/trimmed/2024_Cont05_Warm01_W9_gut_S10_R2_001.fastq.gz_trimming_report.json

Running FastQC on /scratch4/workspace/jade_fiorilla_student_uml_edu-rawseqorcc/trimmed/2024_Cont05_Warm01_W9_gut_S10_R1_001_val_1.fq.gz

Running FastQC on /scratch4/workspace/jade_fiorilla_student_uml_edu-rawseqorcc/trimmed/2024_Cont05_Warm01_W9_gut_S10_R2_001_val_2.fq.gz
Running Trim Galore on: 

Trim Galore v2.3.0
unknown — linux/x86_64 — built 2026-06-27T16:23:35Z
==================================================

Using 4 worker threads (parallel trim + compress)
Auto-detecting adapter type...
Using Nextera adapter for trimming (count: 5256). Second best hit was smallRNA (count: 6).
Adapter: Nextera (CTGTCTCTTATA)

Poly-G trimming: ENABLED (auto-detected). 4242 of 1000000 reads (0.42%) have poly-G tails (>=10bp) — consistent with 2-colour chemistry (NovaSeq/NextSeq). To disable: --no_poly_g
Trimming (paired-end):
  R1: /scratch4/workspace/jade_fiorilla_student_uml_edu-rawseqorcc/fastq/2024_Cont05_Warm04_W45_gill_S202_R1_001.fastq.gz
  R2: /scratch4/workspace/jade_fiorilla_student_uml_edu-rawseqorcc/fastq/2024_Cont05_Warm04_W45_gill_S202_R2_001.fastq.gz
  Output R1: /scratch4/workspace/jade_fiorilla_student_uml_edu-rawseqorcc/trimmed/2024_Cont05_Warm04_W45_gill_S202_R1_001_val_1.fq.gz
  Output R2: /scratch4/workspace/jade_fiorilla_student_uml_edu-rawseqorcc/trimmed/2024_Cont05_Warm04_W45_gill_S202_R2_001_val_2.fq.gz

=== Summary (Read 1) ===

Total reads processed:              2007437
Reads with adapters:                1979116 (98.6%)

=== Summary (Read 2) ===

Total reads processed:              2007437
Reads with adapters:                1934137 (96.3%)
R1 reads with poly-G trimmed:           527 (0.0%)
  R1 poly-G bases removed:             7654
R2 reads with poly-G trimmed:          1747 (0.1%)
  R2 poly-G bases removed:           308115

=== Paired-end validation ===

Pairs analyzed:                     2007437
Pairs removed:                         3317 (0.2%)
Unpaired R1 kept:                      3035
Unpaired R2 kept:                       116
Report: /scratch4/workspace/jade_fiorilla_student_uml_edu-rawseqorcc/trimmed/2024_Cont05_Warm04_W45_gill_S202_R1_001.fastq.gz_trimming_report.txt
JSON report: /scratch4/workspace/jade_fiorilla_student_uml_edu-rawseqorcc/trimmed/2024_Cont05_Warm04_W45_gill_S202_R1_001.fastq.gz_trimming_report.json
Report: /scratch4/workspace/jade_fiorilla_student_uml_edu-rawseqorcc/trimmed/2024_Cont05_Warm04_W45_gill_S202_R2_001.fastq.gz_trimming_report.txt
JSON report: /scratch4/workspace/jade_fiorilla_student_uml_edu-rawseqorcc/trimmed/2024_Cont05_Warm04_W45_gill_S202_R2_001.fastq.gz_trimming_report.json

Running FastQC on /scratch4/workspace/jade_fiorilla_student_uml_edu-rawseqorcc/trimmed/2024_Cont05_Warm04_W45_gill_S202_R1_001_val_1.fq.gz

Running FastQC on /scratch4/workspace/jade_fiorilla_student_uml_edu-rawseqorcc/trimmed/2024_Cont05_Warm04_W45_gill_S202_R2_001_val_2.fq.gz
Running Trim Galore on: 

Trim Galore v2.3.0
unknown — linux/x86_64 — built 2026-06-27T16:23:35Z
==================================================

Using 4 worker threads (parallel trim + compress)
Auto-detecting adapter type...
Using Nextera adapter for trimming (count: 200748). Second best hit was smallRNA (count: 621).
Adapter: Nextera (CTGTCTCTTATA)

Poly-G trimming: ENABLED (auto-detected). 193451 of 1000000 reads (19.35%) have poly-G tails (>=10bp) — consistent with 2-colour chemistry (NovaSeq/NextSeq). To disable: --no_poly_g
Trimming (paired-end):
  R1: /scratch4/workspace/jade_fiorilla_student_uml_edu-rawseqorcc/fastq/2024_Cont05_Warm04_W45_gut_S134_R1_001.fastq.gz
  R2: /scratch4/workspace/jade_fiorilla_student_uml_edu-rawseqorcc/fastq/2024_Cont05_Warm04_W45_gut_S134_R2_001.fastq.gz
  Output R1: /scratch4/workspace/jade_fiorilla_student_uml_edu-rawseqorcc/trimmed/2024_Cont05_Warm04_W45_gut_S134_R1_001_val_1.fq.gz
  Output R2: /scratch4/workspace/jade_fiorilla_student_uml_edu-rawseqorcc/trimmed/2024_Cont05_Warm04_W45_gut_S134_R2_001_val_2.fq.gz

=== Summary (Read 1) ===

Total reads processed:              1337897
Reads with adapters:                1306377 (97.6%)

=== Summary (Read 2) ===

Total reads processed:              1337897
Reads with adapters:                1300722 (97.2%)
R1 reads with poly-G trimmed:          9683 (0.7%)
  R1 poly-G bases removed:           282802
R2 reads with poly-G trimmed:         12297 (0.9%)
  R2 poly-G bases removed:           776724

=== Paired-end validation ===

Pairs analyzed:                     1337897
Pairs removed:                         3960 (0.3%)
Unpaired R1 kept:                      3632
Unpaired R2 kept:                       106
Report: /scratch4/workspace/jade_fiorilla_student_uml_edu-rawseqorcc/trimmed/2024_Cont05_Warm04_W45_gut_S134_R1_001.fastq.gz_trimming_report.txt
JSON report: /scratch4/workspace/jade_fiorilla_student_uml_edu-rawseqorcc/trimmed/2024_Cont05_Warm04_W45_gut_S134_R1_001.fastq.gz_trimming_report.json
Report: /scratch4/workspace/jade_fiorilla_student_uml_edu-rawseqorcc/trimmed/2024_Cont05_Warm04_W45_gut_S134_R2_001.fastq.gz_trimming_report.txt
JSON report: /scratch4/workspace/jade_fiorilla_student_uml_edu-rawseqorcc/trimmed/2024_Cont05_Warm04_W45_gut_S134_R2_001.fastq.gz_trimming_report.json

Running FastQC on /scratch4/workspace/jade_fiorilla_student_uml_edu-rawseqorcc/trimmed/2024_Cont05_Warm04_W45_gut_S134_R1_001_val_1.fq.gz

Running FastQC on /scratch4/workspace/jade_fiorilla_student_uml_edu-rawseqorcc/trimmed/2024_Cont05_Warm04_W45_gut_S134_R2_001_val_2.fq.gz
Running Trim Galore on: 

Trim Galore v2.3.0
unknown — linux/x86_64 — built 2026-06-27T16:23:35Z
==================================================

Using 4 worker threads (parallel trim + compress)
Auto-detecting adapter type...
Using Nextera adapter for trimming (count: 546626). Second best hit was smallRNA (count: 368).
Adapter: Nextera (CTGTCTCTTATA)

Poly-G trimming: ENABLED (auto-detected). 547222 of 1000000 reads (54.72%) have poly-G tails (>=10bp) — consistent with 2-colour chemistry (NovaSeq/NextSeq). To disable: --no_poly_g
Trimming (paired-end):
  R1: /scratch4/workspace/jade_fiorilla_student_uml_edu-rawseqorcc/fastq/2024_Cont06_Both06_W71_gill_S169_R1_001.fastq.gz
  R2: /scratch4/workspace/jade_fiorilla_student_uml_edu-rawseqorcc/fastq/2024_Cont06_Both06_W71_gill_S169_R2_001.fastq.gz
  Output R1: /scratch4/workspace/jade_fiorilla_student_uml_edu-rawseqorcc/trimmed/2024_Cont06_Both06_W71_gill_S169_R1_001_val_1.fq.gz
  Output R2: /scratch4/workspace/jade_fiorilla_student_uml_edu-rawseqorcc/trimmed/2024_Cont06_Both06_W71_gill_S169_R2_001_val_2.fq.gz

=== Summary (Read 1) ===

Total reads processed:              2119016
Reads with adapters:                2074207 (97.9%)

=== Summary (Read 2) ===

Total reads processed:              2119016
Reads with adapters:                2060246 (97.2%)
R1 reads with poly-G trimmed:          3946 (0.2%)
  R1 poly-G bases removed:           616790
R2 reads with poly-G trimmed:          3863 (0.2%)
  R2 poly-G bases removed:           759302

=== Paired-end validation ===

Pairs analyzed:                     2119016
Pairs removed:                         2494 (0.1%)
Unpaired R1 kept:                      1760
Unpaired R2 kept:                       110
Report: /scratch4/workspace/jade_fiorilla_student_uml_edu-rawseqorcc/trimmed/2024_Cont06_Both06_W71_gill_S169_R1_001.fastq.gz_trimming_report.txt
JSON report: /scratch4/workspace/jade_fiorilla_student_uml_edu-rawseqorcc/trimmed/2024_Cont06_Both06_W71_gill_S169_R1_001.fastq.gz_trimming_report.json
Report: /scratch4/workspace/jade_fiorilla_student_uml_edu-rawseqorcc/trimmed/2024_Cont06_Both06_W71_gill_S169_R2_001.fastq.gz_trimming_report.txt
JSON report: /scratch4/workspace/jade_fiorilla_student_uml_edu-rawseqorcc/trimmed/2024_Cont06_Both06_W71_gill_S169_R2_001.fastq.gz_trimming_report.json

Running FastQC on /scratch4/workspace/jade_fiorilla_student_uml_edu-rawseqorcc/trimmed/2024_Cont06_Both06_W71_gill_S169_R1_001_val_1.fq.gz

Running FastQC on /scratch4/workspace/jade_fiorilla_student_uml_edu-rawseqorcc/trimmed/2024_Cont06_Both06_W71_gill_S169_R2_001_val_2.fq.gz
Running Trim Galore on: 

Trim Galore v2.3.0
unknown — linux/x86_64 — built 2026-06-27T16:23:35Z
==================================================

Using 4 worker threads (parallel trim + compress)
Auto-detecting adapter type...
Using Nextera adapter for trimming (count: 552529). Second best hit was smallRNA (count: 354).
Adapter: Nextera (CTGTCTCTTATA)

Poly-G trimming: ENABLED (auto-detected). 554421 of 1000000 reads (55.44%) have poly-G tails (>=10bp) — consistent with 2-colour chemistry (NovaSeq/NextSeq). To disable: --no_poly_g
Trimming (paired-end):
  R1: /scratch4/workspace/jade_fiorilla_student_uml_edu-rawseqorcc/fastq/2024_Cont06_Both06_W71_gut_S170_R1_001.fastq.gz
  R2: /scratch4/workspace/jade_fiorilla_student_uml_edu-rawseqorcc/fastq/2024_Cont06_Both06_W71_gut_S170_R2_001.fastq.gz
  Output R1: /scratch4/workspace/jade_fiorilla_student_uml_edu-rawseqorcc/trimmed/2024_Cont06_Both06_W71_gut_S170_R1_001_val_1.fq.gz
  Output R2: /scratch4/workspace/jade_fiorilla_student_uml_edu-rawseqorcc/trimmed/2024_Cont06_Both06_W71_gut_S170_R2_001_val_2.fq.gz

=== Summary (Read 1) ===

Total reads processed:              2008029
Reads with adapters:                1993992 (99.3%)

=== Summary (Read 2) ===

Total reads processed:              2008029
Reads with adapters:                1986436 (98.9%)
R1 reads with poly-G trimmed:          3117 (0.2%)
  R1 poly-G bases removed:           546845
R2 reads with poly-G trimmed:          3560 (0.2%)
  R2 poly-G bases removed:           741946

=== Paired-end validation ===

Pairs analyzed:                     2008029
Pairs removed:                         2401 (0.1%)
Unpaired R1 kept:                      1709
Unpaired R2 kept:                        96
Report: /scratch4/workspace/jade_fiorilla_student_uml_edu-rawseqorcc/trimmed/2024_Cont06_Both06_W71_gut_S170_R1_001.fastq.gz_trimming_report.txt
JSON report: /scratch4/workspace/jade_fiorilla_student_uml_edu-rawseqorcc/trimmed/2024_Cont06_Both06_W71_gut_S170_R1_001.fastq.gz_trimming_report.json
Report: /scratch4/workspace/jade_fiorilla_student_uml_edu-rawseqorcc/trimmed/2024_Cont06_Both06_W71_gut_S170_R2_001.fastq.gz_trimming_report.txt
JSON report: /scratch4/workspace/jade_fiorilla_student_uml_edu-rawseqorcc/trimmed/2024_Cont06_Both06_W71_gut_S170_R2_001.fastq.gz_trimming_report.json

Running FastQC on /scratch4/workspace/jade_fiorilla_student_uml_edu-rawseqorcc/trimmed/2024_Cont06_Both06_W71_gut_S170_R1_001_val_1.fq.gz

Running FastQC on /scratch4/workspace/jade_fiorilla_student_uml_edu-rawseqorcc/trimmed/2024_Cont06_Both06_W71_gut_S170_R2_001_val_2.fq.gz
Running Trim Galore on: 

Trim Galore v2.3.0
unknown — linux/x86_64 — built 2026-06-27T16:23:35Z
==================================================

Using 4 worker threads (parallel trim + compress)
Auto-detecting adapter type...
Using Nextera adapter for trimming (count: 863141). Second best hit was smallRNA (count: 210).
Adapter: Nextera (CTGTCTCTTATA)

Poly-G trimming: ENABLED (auto-detected). 872944 of 1000000 reads (87.29%) have poly-G tails (>=10bp) — consistent with 2-colour chemistry (NovaSeq/NextSeq). To disable: --no_poly_g
Trimming (paired-end):
  R1: /scratch4/workspace/jade_fiorilla_student_uml_edu-rawseqorcc/fastq/2024_Cont06_Cont05_W59_gill_S48_R1_001.fastq.gz
  R2: /scratch4/workspace/jade_fiorilla_student_uml_edu-rawseqorcc/fastq/2024_Cont06_Cont05_W59_gill_S48_R2_001.fastq.gz
  Output R1: /scratch4/workspace/jade_fiorilla_student_uml_edu-rawseqorcc/trimmed/2024_Cont06_Cont05_W59_gill_S48_R1_001_val_1.fq.gz
  Output R2: /scratch4/workspace/jade_fiorilla_student_uml_edu-rawseqorcc/trimmed/2024_Cont06_Cont05_W59_gill_S48_R2_001_val_2.fq.gz

=== Summary (Read 1) ===

Total reads processed:              1313422
Reads with adapters:                1308348 (99.6%)

=== Summary (Read 2) ===

Total reads processed:              1313422
Reads with adapters:                1303640 (99.3%)
R1 reads with poly-G trimmed:          2526 (0.2%)
  R1 poly-G bases removed:           505606
R2 reads with poly-G trimmed:          3450 (0.3%)
  R2 poly-G bases removed:           748668

=== Paired-end validation ===

Pairs analyzed:                     1313422
Pairs removed:                         8530 (0.6%)
Unpaired R1 kept:                       792
Unpaired R2 kept:                        59
Report: /scratch4/workspace/jade_fiorilla_student_uml_edu-rawseqorcc/trimmed/2024_Cont06_Cont05_W59_gill_S48_R1_001.fastq.gz_trimming_report.txt
JSON report: /scratch4/workspace/jade_fiorilla_student_uml_edu-rawseqorcc/trimmed/2024_Cont06_Cont05_W59_gill_S48_R1_001.fastq.gz_trimming_report.json
Report: /scratch4/workspace/jade_fiorilla_student_uml_edu-rawseqorcc/trimmed/2024_Cont06_Cont05_W59_gill_S48_R2_001.fastq.gz_trimming_report.txt
JSON report: /scratch4/workspace/jade_fiorilla_student_uml_edu-rawseqorcc/trimmed/2024_Cont06_Cont05_W59_gill_S48_R2_001.fastq.gz_trimming_report.json

Running FastQC on /scratch4/workspace/jade_fiorilla_student_uml_edu-rawseqorcc/trimmed/2024_Cont06_Cont05_W59_gill_S48_R1_001_val_1.fq.gz

Running FastQC on /scratch4/workspace/jade_fiorilla_student_uml_edu-rawseqorcc/trimmed/2024_Cont06_Cont05_W59_gill_S48_R2_001_val_2.fq.gz
Running Trim Galore on: 

Trim Galore v2.3.0
unknown — linux/x86_64 — built 2026-06-27T16:23:35Z
==================================================

Using 4 worker threads (parallel trim + compress)
Auto-detecting adapter type...
Using Nextera adapter for trimming (count: 665216). Second best hit was smallRNA (count: 1295).
Adapter: Nextera (CTGTCTCTTATA)

Poly-G trimming: ENABLED (auto-detected). 669031 of 963996 reads (69.40%) have poly-G tails (>=10bp) — consistent with 2-colour chemistry (NovaSeq/NextSeq). To disable: --no_poly_g
Trimming (paired-end):
  R1: /scratch4/workspace/jade_fiorilla_student_uml_edu-rawseqorcc/fastq/2024_Cont06_Cont05_W59_gut_S49_R1_001.fastq.gz
  R2: /scratch4/workspace/jade_fiorilla_student_uml_edu-rawseqorcc/fastq/2024_Cont06_Cont05_W59_gut_S49_R2_001.fastq.gz
  Output R1: /scratch4/workspace/jade_fiorilla_student_uml_edu-rawseqorcc/trimmed/2024_Cont06_Cont05_W59_gut_S49_R1_001_val_1.fq.gz
  Output R2: /scratch4/workspace/jade_fiorilla_student_uml_edu-rawseqorcc/trimmed/2024_Cont06_Cont05_W59_gut_S49_R2_001_val_2.fq.gz

=== Summary (Read 1) ===

Total reads processed:               963996
Reads with adapters:                 958800 (99.5%)

=== Summary (Read 2) ===

Total reads processed:               963996
Reads with adapters:                 949986 (98.5%)
R1 reads with poly-G trimmed:          1587 (0.2%)
  R1 poly-G bases removed:           307359
R2 reads with poly-G trimmed:          2323 (0.2%)
  R2 poly-G bases removed:           498547

=== Paired-end validation ===

Pairs analyzed:                      963996
Pairs removed:                         5587 (0.6%)
Unpaired R1 kept:                       917
Unpaired R2 kept:                        52
Report: /scratch4/workspace/jade_fiorilla_student_uml_edu-rawseqorcc/trimmed/2024_Cont06_Cont05_W59_gut_S49_R1_001.fastq.gz_trimming_report.txt
JSON report: /scratch4/workspace/jade_fiorilla_student_uml_edu-rawseqorcc/trimmed/2024_Cont06_Cont05_W59_gut_S49_R1_001.fastq.gz_trimming_report.json
Report: /scratch4/workspace/jade_fiorilla_student_uml_edu-rawseqorcc/trimmed/2024_Cont06_Cont05_W59_gut_S49_R2_001.fastq.gz_trimming_report.txt
JSON report: /scratch4/workspace/jade_fiorilla_student_uml_edu-rawseqorcc/trimmed/2024_Cont06_Cont05_W59_gut_S49_R2_001.fastq.gz_trimming_report.json

Running FastQC on /scratch4/workspace/jade_fiorilla_student_uml_edu-rawseqorcc/trimmed/2024_Cont06_Cont05_W59_gut_S49_R1_001_val_1.fq.gz

Running FastQC on /scratch4/workspace/jade_fiorilla_student_uml_edu-rawseqorcc/trimmed/2024_Cont06_Cont05_W59_gut_S49_R2_001_val_2.fq.gz
Running Trim Galore on: 

Trim Galore v2.3.0
unknown — linux/x86_64 — built 2026-06-27T16:23:35Z
==================================================

Using 4 worker threads (parallel trim + compress)
Auto-detecting adapter type...
Using Nextera adapter for trimming (count: 868000). Second best hit was smallRNA (count: 79).
Adapter: Nextera (CTGTCTCTTATA)

Poly-G trimming: ENABLED (auto-detected). 873020 of 1000000 reads (87.30%) have poly-G tails (>=10bp) — consistent with 2-colour chemistry (NovaSeq/NextSeq). To disable: --no_poly_g
Trimming (paired-end):
  R1: /scratch4/workspace/jade_fiorilla_student_uml_edu-rawseqorcc/fastq/2024_Cont06_Hyp03_W36_gill_S63_R1_001.fastq.gz
  R2: /scratch4/workspace/jade_fiorilla_student_uml_edu-rawseqorcc/fastq/2024_Cont06_Hyp03_W36_gill_S63_R2_001.fastq.gz
  Output R1: /scratch4/workspace/jade_fiorilla_student_uml_edu-rawseqorcc/trimmed/2024_Cont06_Hyp03_W36_gill_S63_R1_001_val_1.fq.gz
  Output R2: /scratch4/workspace/jade_fiorilla_student_uml_edu-rawseqorcc/trimmed/2024_Cont06_Hyp03_W36_gill_S63_R2_001_val_2.fq.gz

=== Summary (Read 1) ===

Total reads processed:              1459763
Reads with adapters:                1453926 (99.6%)

=== Summary (Read 2) ===

Total reads processed:              1459763
Reads with adapters:                1450516 (99.4%)
R1 reads with poly-G trimmed:          3225 (0.2%)
  R1 poly-G bases removed:           646061
R2 reads with poly-G trimmed:          3918 (0.3%)
  R2 poly-G bases removed:           849997

=== Paired-end validation ===

Pairs analyzed:                     1459763
Pairs removed:                         9666 (0.7%)
Unpaired R1 kept:                       896
Unpaired R2 kept:                        81
Report: /scratch4/workspace/jade_fiorilla_student_uml_edu-rawseqorcc/trimmed/2024_Cont06_Hyp03_W36_gill_S63_R1_001.fastq.gz_trimming_report.txt
JSON report: /scratch4/workspace/jade_fiorilla_student_uml_edu-rawseqorcc/trimmed/2024_Cont06_Hyp03_W36_gill_S63_R1_001.fastq.gz_trimming_report.json
Report: /scratch4/workspace/jade_fiorilla_student_uml_edu-rawseqorcc/trimmed/2024_Cont06_Hyp03_W36_gill_S63_R2_001.fastq.gz_trimming_report.txt
JSON report: /scratch4/workspace/jade_fiorilla_student_uml_edu-rawseqorcc/trimmed/2024_Cont06_Hyp03_W36_gill_S63_R2_001.fastq.gz_trimming_report.json

Running FastQC on /scratch4/workspace/jade_fiorilla_student_uml_edu-rawseqorcc/trimmed/2024_Cont06_Hyp03_W36_gill_S63_R1_001_val_1.fq.gz

Running FastQC on /scratch4/workspace/jade_fiorilla_student_uml_edu-rawseqorcc/trimmed/2024_Cont06_Hyp03_W36_gill_S63_R2_001_val_2.fq.gz
Running Trim Galore on: 

Trim Galore v2.3.0
unknown — linux/x86_64 — built 2026-06-27T16:23:35Z
==================================================

Using 4 worker threads (parallel trim + compress)
Auto-detecting adapter type...
Using Nextera adapter for trimming (count: 638021). Second best hit was smallRNA (count: 60).
Adapter: Nextera (CTGTCTCTTATA)

Poly-G trimming: ENABLED (auto-detected). 643532 of 1000000 reads (64.35%) have poly-G tails (>=10bp) — consistent with 2-colour chemistry (NovaSeq/NextSeq). To disable: --no_poly_g
Trimming (paired-end):
  R1: /scratch4/workspace/jade_fiorilla_student_uml_edu-rawseqorcc/fastq/2024_Cont06_Hyp03_W36_gut_S64_R1_001.fastq.gz
  R2: /scratch4/workspace/jade_fiorilla_student_uml_edu-rawseqorcc/fastq/2024_Cont06_Hyp03_W36_gut_S64_R2_001.fastq.gz
  Output R1: /scratch4/workspace/jade_fiorilla_student_uml_edu-rawseqorcc/trimmed/2024_Cont06_Hyp03_W36_gut_S64_R1_001_val_1.fq.gz
  Output R2: /scratch4/workspace/jade_fiorilla_student_uml_edu-rawseqorcc/trimmed/2024_Cont06_Hyp03_W36_gut_S64_R2_001_val_2.fq.gz

=== Summary (Read 1) ===

Total reads processed:              1235922
Reads with adapters:                1227932 (99.4%)

=== Summary (Read 2) ===

Total reads processed:              1235922
Reads with adapters:                1219350 (98.7%)
R1 reads with poly-G trimmed:          2053 (0.2%)
  R1 poly-G bases removed:           398494
R2 reads with poly-G trimmed:          2888 (0.2%)
  R2 poly-G bases removed:           614129

=== Paired-end validation ===

Pairs analyzed:                     1235922
Pairs removed:                         5656 (0.5%)
Unpaired R1 kept:                      1159
Unpaired R2 kept:                        48
Report: /scratch4/workspace/jade_fiorilla_student_uml_edu-rawseqorcc/trimmed/2024_Cont06_Hyp03_W36_gut_S64_R1_001.fastq.gz_trimming_report.txt
JSON report: /scratch4/workspace/jade_fiorilla_student_uml_edu-rawseqorcc/trimmed/2024_Cont06_Hyp03_W36_gut_S64_R1_001.fastq.gz_trimming_report.json
Report: /scratch4/workspace/jade_fiorilla_student_uml_edu-rawseqorcc/trimmed/2024_Cont06_Hyp03_W36_gut_S64_R2_001.fastq.gz_trimming_report.txt
JSON report: /scratch4/workspace/jade_fiorilla_student_uml_edu-rawseqorcc/trimmed/2024_Cont06_Hyp03_W36_gut_S64_R2_001.fastq.gz_trimming_report.json

Running FastQC on /scratch4/workspace/jade_fiorilla_student_uml_edu-rawseqorcc/trimmed/2024_Cont06_Hyp03_W36_gut_S64_R1_001_val_1.fq.gz

Running FastQC on /scratch4/workspace/jade_fiorilla_student_uml_edu-rawseqorcc/trimmed/2024_Cont06_Hyp03_W36_gut_S64_R2_001_val_2.fq.gz
Running Trim Galore on: 

Trim Galore v2.3.0
unknown — linux/x86_64 — built 2026-06-27T16:23:35Z
==================================================

Using 4 worker threads (parallel trim + compress)
Auto-detecting adapter type...
Using Nextera adapter for trimming (count: 224942). Second best hit was Illumina (count: 0).
Adapter: Nextera (CTGTCTCTTATA)

Poly-G trimming: ENABLED (auto-detected). 187881 of 820625 reads (22.89%) have poly-G tails (>=10bp) — consistent with 2-colour chemistry (NovaSeq/NextSeq). To disable: --no_poly_g
Trimming (paired-end):
  R1: /scratch4/workspace/jade_fiorilla_student_uml_edu-rawseqorcc/fastq/2024_Cont06_Hyp04_W48_gill_S227_R1_001.fastq.gz
  R2: /scratch4/workspace/jade_fiorilla_student_uml_edu-rawseqorcc/fastq/2024_Cont06_Hyp04_W48_gill_S227_R2_001.fastq.gz
  Output R1: /scratch4/workspace/jade_fiorilla_student_uml_edu-rawseqorcc/trimmed/2024_Cont06_Hyp04_W48_gill_S227_R1_001_val_1.fq.gz
  Output R2: /scratch4/workspace/jade_fiorilla_student_uml_edu-rawseqorcc/trimmed/2024_Cont06_Hyp04_W48_gill_S227_R2_001_val_2.fq.gz

=== Summary (Read 1) ===

Total reads processed:               820625
Reads with adapters:                 726977 (88.6%)

=== Summary (Read 2) ===

Total reads processed:               820625
Reads with adapters:                 793517 (96.7%)
R1 reads with poly-G trimmed:          1059 (0.1%)
  R1 poly-G bases removed:           162703
R2 reads with poly-G trimmed:          1502 (0.2%)
  R2 poly-G bases removed:           302361

=== Paired-end validation ===

Pairs analyzed:                      820625
Pairs removed:                         1524 (0.2%)
Unpaired R1 kept:                      1405
Unpaired R2 kept:                        30
Report: /scratch4/workspace/jade_fiorilla_student_uml_edu-rawseqorcc/trimmed/2024_Cont06_Hyp04_W48_gill_S227_R1_001.fastq.gz_trimming_report.txt
JSON report: /scratch4/workspace/jade_fiorilla_student_uml_edu-rawseqorcc/trimmed/2024_Cont06_Hyp04_W48_gill_S227_R1_001.fastq.gz_trimming_report.json
Report: /scratch4/workspace/jade_fiorilla_student_uml_edu-rawseqorcc/trimmed/2024_Cont06_Hyp04_W48_gill_S227_R2_001.fastq.gz_trimming_report.txt
JSON report: /scratch4/workspace/jade_fiorilla_student_uml_edu-rawseqorcc/trimmed/2024_Cont06_Hyp04_W48_gill_S227_R2_001.fastq.gz_trimming_report.json

Running FastQC on /scratch4/workspace/jade_fiorilla_student_uml_edu-rawseqorcc/trimmed/2024_Cont06_Hyp04_W48_gill_S227_R1_001_val_1.fq.gz

Running FastQC on /scratch4/workspace/jade_fiorilla_student_uml_edu-rawseqorcc/trimmed/2024_Cont06_Hyp04_W48_gill_S227_R2_001_val_2.fq.gz
Running Trim Galore on: 

Trim Galore v2.3.0
unknown — linux/x86_64 — built 2026-06-27T16:23:35Z
==================================================

Using 4 worker threads (parallel trim + compress)
Auto-detecting adapter type...
Using Nextera adapter for trimming (count: 95424). Second best hit was smallRNA (count: 138).
Adapter: Nextera (CTGTCTCTTATA)

Poly-G trimming: ENABLED (auto-detected). 94837 of 1000000 reads (9.48%) have poly-G tails (>=10bp) — consistent with 2-colour chemistry (NovaSeq/NextSeq). To disable: --no_poly_g
Trimming (paired-end):
  R1: /scratch4/workspace/jade_fiorilla_student_uml_edu-rawseqorcc/fastq/2024_Cont06_Hyp04_W48_gut_S152_R1_001.fastq.gz
  R2: /scratch4/workspace/jade_fiorilla_student_uml_edu-rawseqorcc/fastq/2024_Cont06_Hyp04_W48_gut_S152_R2_001.fastq.gz
  Output R1: /scratch4/workspace/jade_fiorilla_student_uml_edu-rawseqorcc/trimmed/2024_Cont06_Hyp04_W48_gut_S152_R1_001_val_1.fq.gz
  Output R2: /scratch4/workspace/jade_fiorilla_student_uml_edu-rawseqorcc/trimmed/2024_Cont06_Hyp04_W48_gut_S152_R2_001_val_2.fq.gz

=== Summary (Read 1) ===

Total reads processed:              1280230
Reads with adapters:                1267346 (99.0%)

=== Summary (Read 2) ===

Total reads processed:              1280230
Reads with adapters:                1263036 (98.7%)
R1 reads with poly-G trimmed:          1139 (0.1%)
  R1 poly-G bases removed:           165849
R2 reads with poly-G trimmed:          2266 (0.2%)
  R2 poly-G bases removed:           501165

=== Paired-end validation ===

Pairs analyzed:                     1280230
Pairs removed:                         2835 (0.2%)
Unpaired R1 kept:                      2593
Unpaired R2 kept:                       104
Report: /scratch4/workspace/jade_fiorilla_student_uml_edu-rawseqorcc/trimmed/2024_Cont06_Hyp04_W48_gut_S152_R1_001.fastq.gz_trimming_report.txt
JSON report: /scratch4/workspace/jade_fiorilla_student_uml_edu-rawseqorcc/trimmed/2024_Cont06_Hyp04_W48_gut_S152_R1_001.fastq.gz_trimming_report.json
Report: /scratch4/workspace/jade_fiorilla_student_uml_edu-rawseqorcc/trimmed/2024_Cont06_Hyp04_W48_gut_S152_R2_001.fastq.gz_trimming_report.txt
JSON report: /scratch4/workspace/jade_fiorilla_student_uml_edu-rawseqorcc/trimmed/2024_Cont06_Hyp04_W48_gut_S152_R2_001.fastq.gz_trimming_report.json

Running FastQC on /scratch4/workspace/jade_fiorilla_student_uml_edu-rawseqorcc/trimmed/2024_Cont06_Hyp04_W48_gut_S152_R1_001_val_1.fq.gz

Running FastQC on /scratch4/workspace/jade_fiorilla_student_uml_edu-rawseqorcc/trimmed/2024_Cont06_Hyp04_W48_gut_S152_R2_001_val_2.fq.gz
Running Trim Galore on: 

Trim Galore v2.3.0
unknown — linux/x86_64 — built 2026-06-27T16:23:35Z
==================================================

Using 4 worker threads (parallel trim + compress)
Auto-detecting adapter type...
Using Nextera adapter for trimming (count: 28384). Second best hit was smallRNA (count: 4022).
Adapter: Nextera (CTGTCTCTTATA)

Poly-G trimming: ENABLED (auto-detected). 25311 of 1000000 reads (2.53%) have poly-G tails (>=10bp) — consistent with 2-colour chemistry (NovaSeq/NextSeq). To disable: --no_poly_g
Trimming (paired-end):
  R1: /scratch4/workspace/jade_fiorilla_student_uml_edu-rawseqorcc/fastq/2024_Cont06_Null_W42_gill_S260_R1_001.fastq.gz
  R2: /scratch4/workspace/jade_fiorilla_student_uml_edu-rawseqorcc/fastq/2024_Cont06_Null_W42_gill_S260_R2_001.fastq.gz
  Output R1: /scratch4/workspace/jade_fiorilla_student_uml_edu-rawseqorcc/trimmed/2024_Cont06_Null_W42_gill_S260_R1_001_val_1.fq.gz
  Output R2: /scratch4/workspace/jade_fiorilla_student_uml_edu-rawseqorcc/trimmed/2024_Cont06_Null_W42_gill_S260_R2_001_val_2.fq.gz

=== Summary (Read 1) ===

Total reads processed:              2295041
Reads with adapters:                2246406 (97.9%)

=== Summary (Read 2) ===

Total reads processed:              2295041
Reads with adapters:                2185291 (95.2%)
R1 reads with poly-G trimmed:          1323 (0.1%)
  R1 poly-G bases removed:            40686
R2 reads with poly-G trimmed:          2280 (0.1%)
  R2 poly-G bases removed:           372783

=== Paired-end validation ===

Pairs analyzed:                     2295041
Pairs removed:                         4183 (0.2%)
Unpaired R1 kept:                      3373
Unpaired R2 kept:                       184
Report: /scratch4/workspace/jade_fiorilla_student_uml_edu-rawseqorcc/trimmed/2024_Cont06_Null_W42_gill_S260_R1_001.fastq.gz_trimming_report.txt
JSON report: /scratch4/workspace/jade_fiorilla_student_uml_edu-rawseqorcc/trimmed/2024_Cont06_Null_W42_gill_S260_R1_001.fastq.gz_trimming_report.json
Report: /scratch4/workspace/jade_fiorilla_student_uml_edu-rawseqorcc/trimmed/2024_Cont06_Null_W42_gill_S260_R2_001.fastq.gz_trimming_report.txt
JSON report: /scratch4/workspace/jade_fiorilla_student_uml_edu-rawseqorcc/trimmed/2024_Cont06_Null_W42_gill_S260_R2_001.fastq.gz_trimming_report.json

Running FastQC on /scratch4/workspace/jade_fiorilla_student_uml_edu-rawseqorcc/trimmed/2024_Cont06_Null_W42_gill_S260_R1_001_val_1.fq.gz

Running FastQC on /scratch4/workspace/jade_fiorilla_student_uml_edu-rawseqorcc/trimmed/2024_Cont06_Null_W42_gill_S260_R2_001_val_2.fq.gz
Running Trim Galore on: 

Trim Galore v2.3.0
unknown — linux/x86_64 — built 2026-06-27T16:23:35Z
==================================================

Using 4 worker threads (parallel trim + compress)
Auto-detecting adapter type...
Using Nextera adapter for trimming (count: 244302). Second best hit was smallRNA (count: 572).
Adapter: Nextera (CTGTCTCTTATA)

Poly-G trimming: ENABLED (auto-detected). 243966 of 705351 reads (34.59%) have poly-G tails (>=10bp) — consistent with 2-colour chemistry (NovaSeq/NextSeq). To disable: --no_poly_g
Trimming (paired-end):
  R1: /scratch4/workspace/jade_fiorilla_student_uml_edu-rawseqorcc/fastq/2024_Cont06_Null_W42_gut_S78_R1_001.fastq.gz
  R2: /scratch4/workspace/jade_fiorilla_student_uml_edu-rawseqorcc/fastq/2024_Cont06_Null_W42_gut_S78_R2_001.fastq.gz
  Output R1: /scratch4/workspace/jade_fiorilla_student_uml_edu-rawseqorcc/trimmed/2024_Cont06_Null_W42_gut_S78_R1_001_val_1.fq.gz
  Output R2: /scratch4/workspace/jade_fiorilla_student_uml_edu-rawseqorcc/trimmed/2024_Cont06_Null_W42_gut_S78_R2_001_val_2.fq.gz

=== Summary (Read 1) ===

Total reads processed:               705351
Reads with adapters:                 700384 (99.3%)

=== Summary (Read 2) ===

Total reads processed:               705351
Reads with adapters:                 697906 (98.9%)
R1 reads with poly-G trimmed:           888 (0.1%)
  R1 poly-G bases removed:           153350
R2 reads with poly-G trimmed:          1244 (0.2%)
  R2 poly-G bases removed:           263356

=== Paired-end validation ===

Pairs analyzed:                      705351
Pairs removed:                         1112 (0.2%)
Unpaired R1 kept:                       905
Unpaired R2 kept:                        51
Report: /scratch4/workspace/jade_fiorilla_student_uml_edu-rawseqorcc/trimmed/2024_Cont06_Null_W42_gut_S78_R1_001.fastq.gz_trimming_report.txt
JSON report: /scratch4/workspace/jade_fiorilla_student_uml_edu-rawseqorcc/trimmed/2024_Cont06_Null_W42_gut_S78_R1_001.fastq.gz_trimming_report.json
Report: /scratch4/workspace/jade_fiorilla_student_uml_edu-rawseqorcc/trimmed/2024_Cont06_Null_W42_gut_S78_R2_001.fastq.gz_trimming_report.txt
JSON report: /scratch4/workspace/jade_fiorilla_student_uml_edu-rawseqorcc/trimmed/2024_Cont06_Null_W42_gut_S78_R2_001.fastq.gz_trimming_report.json

Running FastQC on /scratch4/workspace/jade_fiorilla_student_uml_edu-rawseqorcc/trimmed/2024_Cont06_Null_W42_gut_S78_R1_001_val_1.fq.gz

Running FastQC on /scratch4/workspace/jade_fiorilla_student_uml_edu-rawseqorcc/trimmed/2024_Cont06_Null_W42_gut_S78_R2_001_val_2.fq.gz
Running Trim Galore on: 

Trim Galore v2.3.0
unknown — linux/x86_64 — built 2026-06-27T16:23:35Z
==================================================

Using 4 worker threads (parallel trim + compress)
Auto-detecting adapter type...
Using Nextera adapter for trimming (count: 5234). Second best hit was smallRNA (count: 2719).
Adapter: Nextera (CTGTCTCTTATA)

Poly-G trimming: ENABLED (auto-detected). 3158 of 1000000 reads (0.32%) have poly-G tails (>=10bp) — consistent with 2-colour chemistry (NovaSeq/NextSeq). To disable: --no_poly_g
Trimming (paired-end):
  R1: /scratch4/workspace/jade_fiorilla_student_uml_edu-rawseqorcc/fastq/2024_Cont06_Warm06_W72_gill_S203_R1_001.fastq.gz
  R2: /scratch4/workspace/jade_fiorilla_student_uml_edu-rawseqorcc/fastq/2024_Cont06_Warm06_W72_gill_S203_R2_001.fastq.gz
  Output R1: /scratch4/workspace/jade_fiorilla_student_uml_edu-rawseqorcc/trimmed/2024_Cont06_Warm06_W72_gill_S203_R1_001_val_1.fq.gz
  Output R2: /scratch4/workspace/jade_fiorilla_student_uml_edu-rawseqorcc/trimmed/2024_Cont06_Warm06_W72_gill_S203_R2_001_val_2.fq.gz

=== Summary (Read 1) ===

Total reads processed:              1987852
Reads with adapters:                1960557 (98.6%)

=== Summary (Read 2) ===

Total reads processed:              1987852
Reads with adapters:                1924512 (96.8%)
R1 reads with poly-G trimmed:           494 (0.0%)
  R1 poly-G bases removed:             9265
R2 reads with poly-G trimmed:          1496 (0.1%)
  R2 poly-G bases removed:           286728

=== Paired-end validation ===

Pairs analyzed:                     1987852
Pairs removed:                         2825 (0.1%)
Unpaired R1 kept:                      2696
Unpaired R2 kept:                        51
Report: /scratch4/workspace/jade_fiorilla_student_uml_edu-rawseqorcc/trimmed/2024_Cont06_Warm06_W72_gill_S203_R1_001.fastq.gz_trimming_report.txt
JSON report: /scratch4/workspace/jade_fiorilla_student_uml_edu-rawseqorcc/trimmed/2024_Cont06_Warm06_W72_gill_S203_R1_001.fastq.gz_trimming_report.json
Report: /scratch4/workspace/jade_fiorilla_student_uml_edu-rawseqorcc/trimmed/2024_Cont06_Warm06_W72_gill_S203_R2_001.fastq.gz_trimming_report.txt
JSON report: /scratch4/workspace/jade_fiorilla_student_uml_edu-rawseqorcc/trimmed/2024_Cont06_Warm06_W72_gill_S203_R2_001.fastq.gz_trimming_report.json

Running FastQC on /scratch4/workspace/jade_fiorilla_student_uml_edu-rawseqorcc/trimmed/2024_Cont06_Warm06_W72_gill_S203_R1_001_val_1.fq.gz

Running FastQC on /scratch4/workspace/jade_fiorilla_student_uml_edu-rawseqorcc/trimmed/2024_Cont06_Warm06_W72_gill_S203_R2_001_val_2.fq.gz
Running Trim Galore on: 

Trim Galore v2.3.0
unknown — linux/x86_64 — built 2026-06-27T16:23:35Z
==================================================

Using 4 worker threads (parallel trim + compress)
Auto-detecting adapter type...
Using Nextera adapter for trimming (count: 142839). Second best hit was smallRNA (count: 445).
Adapter: Nextera (CTGTCTCTTATA)

Poly-G trimming: ENABLED (auto-detected). 138155 of 482545 reads (28.63%) have poly-G tails (>=10bp) — consistent with 2-colour chemistry (NovaSeq/NextSeq). To disable: --no_poly_g
Trimming (paired-end):
  R1: /scratch4/workspace/jade_fiorilla_student_uml_edu-rawseqorcc/fastq/2024_Cont06_Warm06_W72_gut_S11_R1_001.fastq.gz
  R2: /scratch4/workspace/jade_fiorilla_student_uml_edu-rawseqorcc/fastq/2024_Cont06_Warm06_W72_gut_S11_R2_001.fastq.gz
  Output R1: /scratch4/workspace/jade_fiorilla_student_uml_edu-rawseqorcc/trimmed/2024_Cont06_Warm06_W72_gut_S11_R1_001_val_1.fq.gz
  Output R2: /scratch4/workspace/jade_fiorilla_student_uml_edu-rawseqorcc/trimmed/2024_Cont06_Warm06_W72_gut_S11_R2_001_val_2.fq.gz

=== Summary (Read 1) ===

Total reads processed:               482545
Reads with adapters:                 408311 (84.6%)

=== Summary (Read 2) ===

Total reads processed:               482545
Reads with adapters:                 460532 (95.4%)
R1 reads with poly-G trimmed:          3305 (0.7%)
  R1 poly-G bases removed:           161288
R2 reads with poly-G trimmed:          3735 (0.8%)
  R2 poly-G bases removed:           291304

=== Paired-end validation ===

Pairs analyzed:                      482545
Pairs removed:                         1455 (0.3%)
Unpaired R1 kept:                      1246
Unpaired R2 kept:                       115
Report: /scratch4/workspace/jade_fiorilla_student_uml_edu-rawseqorcc/trimmed/2024_Cont06_Warm06_W72_gut_S11_R1_001.fastq.gz_trimming_report.txt
JSON report: /scratch4/workspace/jade_fiorilla_student_uml_edu-rawseqorcc/trimmed/2024_Cont06_Warm06_W72_gut_S11_R1_001.fastq.gz_trimming_report.json
Report: /scratch4/workspace/jade_fiorilla_student_uml_edu-rawseqorcc/trimmed/2024_Cont06_Warm06_W72_gut_S11_R2_001.fastq.gz_trimming_report.txt
JSON report: /scratch4/workspace/jade_fiorilla_student_uml_edu-rawseqorcc/trimmed/2024_Cont06_Warm06_W72_gut_S11_R2_001.fastq.gz_trimming_report.json

Running FastQC on /scratch4/workspace/jade_fiorilla_student_uml_edu-rawseqorcc/trimmed/2024_Cont06_Warm06_W72_gut_S11_R1_001_val_1.fq.gz

Running FastQC on /scratch4/workspace/jade_fiorilla_student_uml_edu-rawseqorcc/trimmed/2024_Cont06_Warm06_W72_gut_S11_R2_001_val_2.fq.gz
Running Trim Galore on: 

Trim Galore v2.3.0
unknown — linux/x86_64 — built 2026-06-27T16:23:35Z
==================================================

Using 4 worker threads (parallel trim + compress)
Auto-detecting adapter type...
Using Nextera adapter for trimming (count: 174710). Second best hit was smallRNA (count: 430).
Adapter: Nextera (CTGTCTCTTATA)

Poly-G trimming: ENABLED (auto-detected). 169634 of 1000000 reads (16.96%) have poly-G tails (>=10bp) — consistent with 2-colour chemistry (NovaSeq/NextSeq). To disable: --no_poly_g
Trimming (paired-end):
  R1: /scratch4/workspace/jade_fiorilla_student_uml_edu-rawseqorcc/fastq/2024_ContNA_Warm05_W52_gill_S153_R1_001.fastq.gz
  R2: /scratch4/workspace/jade_fiorilla_student_uml_edu-rawseqorcc/fastq/2024_ContNA_Warm05_W52_gill_S153_R2_001.fastq.gz
  Output R1: /scratch4/workspace/jade_fiorilla_student_uml_edu-rawseqorcc/trimmed/2024_ContNA_Warm05_W52_gill_S153_R1_001_val_1.fq.gz
  Output R2: /scratch4/workspace/jade_fiorilla_student_uml_edu-rawseqorcc/trimmed/2024_ContNA_Warm05_W52_gill_S153_R2_001_val_2.fq.gz

=== Summary (Read 1) ===

Total reads processed:              1446888
Reads with adapters:                1433549 (99.1%)

=== Summary (Read 2) ===

Total reads processed:              1446888
Reads with adapters:                1429552 (98.8%)
R1 reads with poly-G trimmed:          1274 (0.1%)
  R1 poly-G bases removed:           196788
R2 reads with poly-G trimmed:          2732 (0.2%)
  R2 poly-G bases removed:           619691

=== Paired-end validation ===

Pairs analyzed:                     1446888
Pairs removed:                         3287 (0.2%)
Unpaired R1 kept:                      2986
Unpaired R2 kept:                       102
Report: /scratch4/workspace/jade_fiorilla_student_uml_edu-rawseqorcc/trimmed/2024_ContNA_Warm05_W52_gill_S153_R1_001.fastq.gz_trimming_report.txt
JSON report: /scratch4/workspace/jade_fiorilla_student_uml_edu-rawseqorcc/trimmed/2024_ContNA_Warm05_W52_gill_S153_R1_001.fastq.gz_trimming_report.json
Report: /scratch4/workspace/jade_fiorilla_student_uml_edu-rawseqorcc/trimmed/2024_ContNA_Warm05_W52_gill_S153_R2_001.fastq.gz_trimming_report.txt
JSON report: /scratch4/workspace/jade_fiorilla_student_uml_edu-rawseqorcc/trimmed/2024_ContNA_Warm05_W52_gill_S153_R2_001.fastq.gz_trimming_report.json

Running FastQC on /scratch4/workspace/jade_fiorilla_student_uml_edu-rawseqorcc/trimmed/2024_ContNA_Warm05_W52_gill_S153_R1_001_val_1.fq.gz

Running FastQC on /scratch4/workspace/jade_fiorilla_student_uml_edu-rawseqorcc/trimmed/2024_ContNA_Warm05_W52_gill_S153_R2_001_val_2.fq.gz
Running Trim Galore on: 

Trim Galore v2.3.0
unknown — linux/x86_64 — built 2026-06-27T16:23:35Z
==================================================

Using 4 worker threads (parallel trim + compress)
Auto-detecting adapter type...
Using Nextera adapter for trimming (count: 135002). Second best hit was smallRNA (count: 756).
Adapter: Nextera (CTGTCTCTTATA)

Poly-G trimming: ENABLED (auto-detected). 134286 of 1000000 reads (13.43%) have poly-G tails (>=10bp) — consistent with 2-colour chemistry (NovaSeq/NextSeq). To disable: --no_poly_g
Trimming (paired-end):
  R1: /scratch4/workspace/jade_fiorilla_student_uml_edu-rawseqorcc/fastq/2024_ContNA_Warm05_W52_gut_S154_R1_001.fastq.gz
  R2: /scratch4/workspace/jade_fiorilla_student_uml_edu-rawseqorcc/fastq/2024_ContNA_Warm05_W52_gut_S154_R2_001.fastq.gz
  Output R1: /scratch4/workspace/jade_fiorilla_student_uml_edu-rawseqorcc/trimmed/2024_ContNA_Warm05_W52_gut_S154_R1_001_val_1.fq.gz
  Output R2: /scratch4/workspace/jade_fiorilla_student_uml_edu-rawseqorcc/trimmed/2024_ContNA_Warm05_W52_gut_S154_R2_001_val_2.fq.gz

=== Summary (Read 1) ===

Total reads processed:              1313593
Reads with adapters:                1300678 (99.0%)

=== Summary (Read 2) ===

Total reads processed:              1313593
Reads with adapters:                1297020 (98.7%)
R1 reads with poly-G trimmed:          1252 (0.1%)
  R1 poly-G bases removed:           173636
R2 reads with poly-G trimmed:          2444 (0.2%)
  R2 poly-G bases removed:           530291

=== Paired-end validation ===

Pairs analyzed:                     1313593
Pairs removed:                         2956 (0.2%)
Unpaired R1 kept:                      2705
Unpaired R2 kept:                       105
Report: /scratch4/workspace/jade_fiorilla_student_uml_edu-rawseqorcc/trimmed/2024_ContNA_Warm05_W52_gut_S154_R1_001.fastq.gz_trimming_report.txt
JSON report: /scratch4/workspace/jade_fiorilla_student_uml_edu-rawseqorcc/trimmed/2024_ContNA_Warm05_W52_gut_S154_R1_001.fastq.gz_trimming_report.json
Report: /scratch4/workspace/jade_fiorilla_student_uml_edu-rawseqorcc/trimmed/2024_ContNA_Warm05_W52_gut_S154_R2_001.fastq.gz_trimming_report.txt
JSON report: /scratch4/workspace/jade_fiorilla_student_uml_edu-rawseqorcc/trimmed/2024_ContNA_Warm05_W52_gut_S154_R2_001.fastq.gz_trimming_report.json

Running FastQC on /scratch4/workspace/jade_fiorilla_student_uml_edu-rawseqorcc/trimmed/2024_ContNA_Warm05_W52_gut_S154_R1_001_val_1.fq.gz

Running FastQC on /scratch4/workspace/jade_fiorilla_student_uml_edu-rawseqorcc/trimmed/2024_ContNA_Warm05_W52_gut_S154_R2_001_val_2.fq.gz
Running Trim Galore on: 

Trim Galore v2.3.0
unknown — linux/x86_64 — built 2026-06-27T16:23:35Z
==================================================

Using 4 worker threads (parallel trim + compress)
Auto-detecting adapter type...
Using Nextera adapter for trimming (count: 515271). Second best hit was smallRNA (count: 2174).
Adapter: Nextera (CTGTCTCTTATA)

Poly-G trimming: ENABLED (auto-detected). 475435 of 1000000 reads (47.54%) have poly-G tails (>=10bp) — consistent with 2-colour chemistry (NovaSeq/NextSeq). To disable: --no_poly_g
Trimming (paired-end):
  R1: /scratch4/workspace/jade_fiorilla_student_uml_edu-rawseqorcc/fastq/2024_Hyp01_Both02_B13_gill_S32_R1_001.fastq.gz
  R2: /scratch4/workspace/jade_fiorilla_student_uml_edu-rawseqorcc/fastq/2024_Hyp01_Both02_B13_gill_S32_R2_001.fastq.gz
  Output R1: /scratch4/workspace/jade_fiorilla_student_uml_edu-rawseqorcc/trimmed/2024_Hyp01_Both02_B13_gill_S32_R1_001_val_1.fq.gz
  Output R2: /scratch4/workspace/jade_fiorilla_student_uml_edu-rawseqorcc/trimmed/2024_Hyp01_Both02_B13_gill_S32_R2_001_val_2.fq.gz

=== Summary (Read 1) ===

Total reads processed:              1010054
Reads with adapters:                1002999 (99.3%)

=== Summary (Read 2) ===

Total reads processed:              1010054
Reads with adapters:                1001456 (99.1%)
R1 reads with poly-G trimmed:          1493 (0.1%)
  R1 poly-G bases removed:           267033
R2 reads with poly-G trimmed:          2064 (0.2%)
  R2 poly-G bases removed:           435960

=== Paired-end validation ===

Pairs analyzed:                     1010054
Pairs removed:                         1401 (0.1%)
Unpaired R1 kept:                      1090
Unpaired R2 kept:                        55
Report: /scratch4/workspace/jade_fiorilla_student_uml_edu-rawseqorcc/trimmed/2024_Hyp01_Both02_B13_gill_S32_R1_001.fastq.gz_trimming_report.txt
JSON report: /scratch4/workspace/jade_fiorilla_student_uml_edu-rawseqorcc/trimmed/2024_Hyp01_Both02_B13_gill_S32_R1_001.fastq.gz_trimming_report.json
Report: /scratch4/workspace/jade_fiorilla_student_uml_edu-rawseqorcc/trimmed/2024_Hyp01_Both02_B13_gill_S32_R2_001.fastq.gz_trimming_report.txt
JSON report: /scratch4/workspace/jade_fiorilla_student_uml_edu-rawseqorcc/trimmed/2024_Hyp01_Both02_B13_gill_S32_R2_001.fastq.gz_trimming_report.json

Running FastQC on /scratch4/workspace/jade_fiorilla_student_uml_edu-rawseqorcc/trimmed/2024_Hyp01_Both02_B13_gill_S32_R1_001_val_1.fq.gz

Running FastQC on /scratch4/workspace/jade_fiorilla_student_uml_edu-rawseqorcc/trimmed/2024_Hyp01_Both02_B13_gill_S32_R2_001_val_2.fq.gz
Running Trim Galore on: 

Trim Galore v2.3.0
unknown — linux/x86_64 — built 2026-06-27T16:23:35Z
==================================================

Using 4 worker threads (parallel trim + compress)
Auto-detecting adapter type...
Using Nextera adapter for trimming (count: 251667). Second best hit was smallRNA (count: 1708).
Adapter: Nextera (CTGTCTCTTATA)

Poly-G trimming: ENABLED (auto-detected). 249289 of 849270 reads (29.35%) have poly-G tails (>=10bp) — consistent with 2-colour chemistry (NovaSeq/NextSeq). To disable: --no_poly_g
Trimming (paired-end):
  R1: /scratch4/workspace/jade_fiorilla_student_uml_edu-rawseqorcc/fastq/2024_Hyp01_Both02_B13_gut_S276_R1_001.fastq.gz
  R2: /scratch4/workspace/jade_fiorilla_student_uml_edu-rawseqorcc/fastq/2024_Hyp01_Both02_B13_gut_S276_R2_001.fastq.gz
  Output R1: /scratch4/workspace/jade_fiorilla_student_uml_edu-rawseqorcc/trimmed/2024_Hyp01_Both02_B13_gut_S276_R1_001_val_1.fq.gz
  Output R2: /scratch4/workspace/jade_fiorilla_student_uml_edu-rawseqorcc/trimmed/2024_Hyp01_Both02_B13_gut_S276_R2_001_val_2.fq.gz

=== Summary (Read 1) ===

Total reads processed:               849270
Reads with adapters:                 845029 (99.5%)

=== Summary (Read 2) ===

Total reads processed:               849270
Reads with adapters:                 842944 (99.3%)
R1 reads with poly-G trimmed:           883 (0.1%)
  R1 poly-G bases removed:           150145
R2 reads with poly-G trimmed:          1395 (0.2%)
  R2 poly-G bases removed:           295957

=== Paired-end validation ===

Pairs analyzed:                      849270
Pairs removed:                         1320 (0.2%)
Unpaired R1 kept:                      1003
Unpaired R2 kept:                        75
Report: /scratch4/workspace/jade_fiorilla_student_uml_edu-rawseqorcc/trimmed/2024_Hyp01_Both02_B13_gut_S276_R1_001.fastq.gz_trimming_report.txt
JSON report: /scratch4/workspace/jade_fiorilla_student_uml_edu-rawseqorcc/trimmed/2024_Hyp01_Both02_B13_gut_S276_R1_001.fastq.gz_trimming_report.json
Report: /scratch4/workspace/jade_fiorilla_student_uml_edu-rawseqorcc/trimmed/2024_Hyp01_Both02_B13_gut_S276_R2_001.fastq.gz_trimming_report.txt
JSON report: /scratch4/workspace/jade_fiorilla_student_uml_edu-rawseqorcc/trimmed/2024_Hyp01_Both02_B13_gut_S276_R2_001.fastq.gz_trimming_report.json

Running FastQC on /scratch4/workspace/jade_fiorilla_student_uml_edu-rawseqorcc/trimmed/2024_Hyp01_Both02_B13_gut_S276_R1_001_val_1.fq.gz

Running FastQC on /scratch4/workspace/jade_fiorilla_student_uml_edu-rawseqorcc/trimmed/2024_Hyp01_Both02_B13_gut_S276_R2_001_val_2.fq.gz
Running Trim Galore on: 

Trim Galore v2.3.0
unknown — linux/x86_64 — built 2026-06-27T16:23:35Z
==================================================

Using 4 worker threads (parallel trim + compress)
Auto-detecting adapter type...
Using Nextera adapter for trimming (count: 103518). Second best hit was smallRNA (count: 215).
Adapter: Nextera (CTGTCTCTTATA)

Poly-G trimming: ENABLED (auto-detected). 104522 of 1000000 reads (10.45%) have poly-G tails (>=10bp) — consistent with 2-colour chemistry (NovaSeq/NextSeq). To disable: --no_poly_g
Trimming (paired-end):
  R1: /scratch4/workspace/jade_fiorilla_student_uml_edu-rawseqorcc/fastq/2024_Hyp01_Both06_B61_gill_S204_R1_001.fastq.gz
  R2: /scratch4/workspace/jade_fiorilla_student_uml_edu-rawseqorcc/fastq/2024_Hyp01_Both06_B61_gill_S204_R2_001.fastq.gz
  Output R1: /scratch4/workspace/jade_fiorilla_student_uml_edu-rawseqorcc/trimmed/2024_Hyp01_Both06_B61_gill_S204_R1_001_val_1.fq.gz
  Output R2: /scratch4/workspace/jade_fiorilla_student_uml_edu-rawseqorcc/trimmed/2024_Hyp01_Both06_B61_gill_S204_R2_001_val_2.fq.gz

=== Summary (Read 1) ===

Total reads processed:              1958578
Reads with adapters:                1930831 (98.6%)

=== Summary (Read 2) ===

Total reads processed:              1958578
Reads with adapters:                1801653 (92.0%)
R1 reads with poly-G trimmed:          1185 (0.1%)
  R1 poly-G bases removed:           137526
R2 reads with poly-G trimmed:          2174 (0.1%)
  R2 poly-G bases removed:           353343

=== Paired-end validation ===

Pairs analyzed:                     1958578
Pairs removed:                         4326 (0.2%)
Unpaired R1 kept:                      3058
Unpaired R2 kept:                       177
Report: /scratch4/workspace/jade_fiorilla_student_uml_edu-rawseqorcc/trimmed/2024_Hyp01_Both06_B61_gill_S204_R1_001.fastq.gz_trimming_report.txt
JSON report: /scratch4/workspace/jade_fiorilla_student_uml_edu-rawseqorcc/trimmed/2024_Hyp01_Both06_B61_gill_S204_R1_001.fastq.gz_trimming_report.json
Report: /scratch4/workspace/jade_fiorilla_student_uml_edu-rawseqorcc/trimmed/2024_Hyp01_Both06_B61_gill_S204_R2_001.fastq.gz_trimming_report.txt
JSON report: /scratch4/workspace/jade_fiorilla_student_uml_edu-rawseqorcc/trimmed/2024_Hyp01_Both06_B61_gill_S204_R2_001.fastq.gz_trimming_report.json

Running FastQC on /scratch4/workspace/jade_fiorilla_student_uml_edu-rawseqorcc/trimmed/2024_Hyp01_Both06_B61_gill_S204_R1_001_val_1.fq.gz

Running FastQC on /scratch4/workspace/jade_fiorilla_student_uml_edu-rawseqorcc/trimmed/2024_Hyp01_Both06_B61_gill_S204_R2_001_val_2.fq.gz
Running Trim Galore on: 

Trim Galore v2.3.0
unknown — linux/x86_64 — built 2026-06-27T16:23:35Z
==================================================

Using 4 worker threads (parallel trim + compress)
Auto-detecting adapter type...
Using Nextera adapter for trimming (count: 156502). Second best hit was smallRNA (count: 1136).
Adapter: Nextera (CTGTCTCTTATA)

Poly-G trimming: ENABLED (auto-detected). 157529 of 615615 reads (25.59%) have poly-G tails (>=10bp) — consistent with 2-colour chemistry (NovaSeq/NextSeq). To disable: --no_poly_g
Trimming (paired-end):
  R1: /scratch4/workspace/jade_fiorilla_student_uml_edu-rawseqorcc/fastq/2024_Hyp01_Both06_B61_gut_S12_R1_001.fastq.gz
  R2: /scratch4/workspace/jade_fiorilla_student_uml_edu-rawseqorcc/fastq/2024_Hyp01_Both06_B61_gut_S12_R2_001.fastq.gz
  Output R1: /scratch4/workspace/jade_fiorilla_student_uml_edu-rawseqorcc/trimmed/2024_Hyp01_Both06_B61_gut_S12_R1_001_val_1.fq.gz
  Output R2: /scratch4/workspace/jade_fiorilla_student_uml_edu-rawseqorcc/trimmed/2024_Hyp01_Both06_B61_gut_S12_R2_001_val_2.fq.gz

=== Summary (Read 1) ===

Total reads processed:               615615
Reads with adapters:                 608366 (98.8%)

=== Summary (Read 2) ===

Total reads processed:               615615
Reads with adapters:                 607683 (98.7%)
R1 reads with poly-G trimmed:          1084 (0.2%)
  R1 poly-G bases removed:           177954
R2 reads with poly-G trimmed:          1458 (0.2%)
  R2 poly-G bases removed:           301698

=== Paired-end validation ===

Pairs analyzed:                      615615
Pairs removed:                         1593 (0.3%)
Unpaired R1 kept:                      1400
Unpaired R2 kept:                        58
Report: /scratch4/workspace/jade_fiorilla_student_uml_edu-rawseqorcc/trimmed/2024_Hyp01_Both06_B61_gut_S12_R1_001.fastq.gz_trimming_report.txt
JSON report: /scratch4/workspace/jade_fiorilla_student_uml_edu-rawseqorcc/trimmed/2024_Hyp01_Both06_B61_gut_S12_R1_001.fastq.gz_trimming_report.json
Report: /scratch4/workspace/jade_fiorilla_student_uml_edu-rawseqorcc/trimmed/2024_Hyp01_Both06_B61_gut_S12_R2_001.fastq.gz_trimming_report.txt
JSON report: /scratch4/workspace/jade_fiorilla_student_uml_edu-rawseqorcc/trimmed/2024_Hyp01_Both06_B61_gut_S12_R2_001.fastq.gz_trimming_report.json

Running FastQC on /scratch4/workspace/jade_fiorilla_student_uml_edu-rawseqorcc/trimmed/2024_Hyp01_Both06_B61_gut_S12_R1_001_val_1.fq.gz

Running FastQC on /scratch4/workspace/jade_fiorilla_student_uml_edu-rawseqorcc/trimmed/2024_Hyp01_Both06_B61_gut_S12_R2_001_val_2.fq.gz
Running Trim Galore on: 

Trim Galore v2.3.0
unknown — linux/x86_64 — built 2026-06-27T16:23:35Z
==================================================

Using 4 worker threads (parallel trim + compress)
Auto-detecting adapter type...
Using Nextera adapter for trimming (count: 405984). Second best hit was smallRNA (count: 2177).
Adapter: Nextera (CTGTCTCTTATA)

Poly-G trimming: ENABLED (auto-detected). 406582 of 1000000 reads (40.66%) have poly-G tails (>=10bp) — consistent with 2-colour chemistry (NovaSeq/NextSeq). To disable: --no_poly_g
Trimming (paired-end):
  R1: /scratch4/workspace/jade_fiorilla_student_uml_edu-rawseqorcc/fastq/2024_Hyp01_Cont06_B62_gill_S171_R1_001.fastq.gz
  R2: /scratch4/workspace/jade_fiorilla_student_uml_edu-rawseqorcc/fastq/2024_Hyp01_Cont06_B62_gill_S171_R2_001.fastq.gz
  Output R1: /scratch4/workspace/jade_fiorilla_student_uml_edu-rawseqorcc/trimmed/2024_Hyp01_Cont06_B62_gill_S171_R1_001_val_1.fq.gz
  Output R2: /scratch4/workspace/jade_fiorilla_student_uml_edu-rawseqorcc/trimmed/2024_Hyp01_Cont06_B62_gill_S171_R2_001_val_2.fq.gz

=== Summary (Read 1) ===

Total reads processed:              1449494
Reads with adapters:                1417061 (97.8%)

=== Summary (Read 2) ===

Total reads processed:              1449494
Reads with adapters:                1415261 (97.6%)
R1 reads with poly-G trimmed:          2084 (0.1%)
  R1 poly-G bases removed:           306107
R2 reads with poly-G trimmed:          2255 (0.2%)
  R2 poly-G bases removed:           431427

=== Paired-end validation ===

Pairs analyzed:                     1449494
Pairs removed:                         1830 (0.1%)
Unpaired R1 kept:                      1453
Unpaired R2 kept:                       102
Report: /scratch4/workspace/jade_fiorilla_student_uml_edu-rawseqorcc/trimmed/2024_Hyp01_Cont06_B62_gill_S171_R1_001.fastq.gz_trimming_report.txt
JSON report: /scratch4/workspace/jade_fiorilla_student_uml_edu-rawseqorcc/trimmed/2024_Hyp01_Cont06_B62_gill_S171_R1_001.fastq.gz_trimming_report.json
Report: /scratch4/workspace/jade_fiorilla_student_uml_edu-rawseqorcc/trimmed/2024_Hyp01_Cont06_B62_gill_S171_R2_001.fastq.gz_trimming_report.txt
JSON report: /scratch4/workspace/jade_fiorilla_student_uml_edu-rawseqorcc/trimmed/2024_Hyp01_Cont06_B62_gill_S171_R2_001.fastq.gz_trimming_report.json

Running FastQC on /scratch4/workspace/jade_fiorilla_student_uml_edu-rawseqorcc/trimmed/2024_Hyp01_Cont06_B62_gill_S171_R1_001_val_1.fq.gz

Running FastQC on /scratch4/workspace/jade_fiorilla_student_uml_edu-rawseqorcc/trimmed/2024_Hyp01_Cont06_B62_gill_S171_R2_001_val_2.fq.gz
Running Trim Galore on: 

Trim Galore v2.3.0
unknown — linux/x86_64 — built 2026-06-27T16:23:35Z
==================================================

Using 4 worker threads (parallel trim + compress)
Auto-detecting adapter type...
Using Nextera adapter for trimming (count: 88341). Second best hit was smallRNA (count: 2695).
Adapter: Nextera (CTGTCTCTTATA)

Poly-G trimming: ENABLED (auto-detected). 89550 of 1000000 reads (8.96%) have poly-G tails (>=10bp) — consistent with 2-colour chemistry (NovaSeq/NextSeq). To disable: --no_poly_g
Trimming (paired-end):
  R1: /scratch4/workspace/jade_fiorilla_student_uml_edu-rawseqorcc/fastq/2024_Hyp01_Cont06_B62_gut_S172_R1_001.fastq.gz
  R2: /scratch4/workspace/jade_fiorilla_student_uml_edu-rawseqorcc/fastq/2024_Hyp01_Cont06_B62_gut_S172_R2_001.fastq.gz
  Output R1: /scratch4/workspace/jade_fiorilla_student_uml_edu-rawseqorcc/trimmed/2024_Hyp01_Cont06_B62_gut_S172_R1_001_val_1.fq.gz
  Output R2: /scratch4/workspace/jade_fiorilla_student_uml_edu-rawseqorcc/trimmed/2024_Hyp01_Cont06_B62_gut_S172_R2_001_val_2.fq.gz

=== Summary (Read 1) ===

Total reads processed:              1407875
Reads with adapters:                1398484 (99.3%)

=== Summary (Read 2) ===

Total reads processed:              1407875
Reads with adapters:                1393501 (99.0%)
R1 reads with poly-G trimmed:           993 (0.1%)
  R1 poly-G bases removed:           116565
R2 reads with poly-G trimmed:          1669 (0.1%)
  R2 poly-G bases removed:           328356

=== Paired-end validation ===

Pairs analyzed:                     1407875
Pairs removed:                         2305 (0.2%)
Unpaired R1 kept:                      2044
Unpaired R2 kept:                       117
Report: /scratch4/workspace/jade_fiorilla_student_uml_edu-rawseqorcc/trimmed/2024_Hyp01_Cont06_B62_gut_S172_R1_001.fastq.gz_trimming_report.txt
JSON report: /scratch4/workspace/jade_fiorilla_student_uml_edu-rawseqorcc/trimmed/2024_Hyp01_Cont06_B62_gut_S172_R1_001.fastq.gz_trimming_report.json
Report: /scratch4/workspace/jade_fiorilla_student_uml_edu-rawseqorcc/trimmed/2024_Hyp01_Cont06_B62_gut_S172_R2_001.fastq.gz_trimming_report.txt
JSON report: /scratch4/workspace/jade_fiorilla_student_uml_edu-rawseqorcc/trimmed/2024_Hyp01_Cont06_B62_gut_S172_R2_001.fastq.gz_trimming_report.json

Running FastQC on /scratch4/workspace/jade_fiorilla_student_uml_edu-rawseqorcc/trimmed/2024_Hyp01_Cont06_B62_gut_S172_R1_001_val_1.fq.gz

Running FastQC on /scratch4/workspace/jade_fiorilla_student_uml_edu-rawseqorcc/trimmed/2024_Hyp01_Cont06_B62_gut_S172_R2_001_val_2.fq.gz
Running Trim Galore on: 

Trim Galore v2.3.0
unknown — linux/x86_64 — built 2026-06-27T16:23:35Z
==================================================

Using 4 worker threads (parallel trim + compress)
Auto-detecting adapter type...
Using Nextera adapter for trimming (count: 160626). Second best hit was smallRNA (count: 1405).
Adapter: Nextera (CTGTCTCTTATA)

Poly-G trimming: ENABLED (auto-detected). 145993 of 862841 reads (16.92%) have poly-G tails (>=10bp) — consistent with 2-colour chemistry (NovaSeq/NextSeq). To disable: --no_poly_g
Trimming (paired-end):
  R1: /scratch4/workspace/jade_fiorilla_student_uml_edu-rawseqorcc/fastq/2024_Hyp01_Null_B08_gill_S261_R1_001.fastq.gz
  R2: /scratch4/workspace/jade_fiorilla_student_uml_edu-rawseqorcc/fastq/2024_Hyp01_Null_B08_gill_S261_R2_001.fastq.gz
  Output R1: /scratch4/workspace/jade_fiorilla_student_uml_edu-rawseqorcc/trimmed/2024_Hyp01_Null_B08_gill_S261_R1_001_val_1.fq.gz
  Output R2: /scratch4/workspace/jade_fiorilla_student_uml_edu-rawseqorcc/trimmed/2024_Hyp01_Null_B08_gill_S261_R2_001_val_2.fq.gz

=== Summary (Read 1) ===

Total reads processed:               862841
Reads with adapters:                 821109 (95.2%)

=== Summary (Read 2) ===

Total reads processed:               862841
Reads with adapters:                 849188 (98.4%)
R1 reads with poly-G trimmed:          1721 (0.2%)
  R1 poly-G bases removed:           255830
R2 reads with poly-G trimmed:          1527 (0.2%)
  R2 poly-G bases removed:           307577

=== Paired-end validation ===

Pairs analyzed:                      862841
Pairs removed:                         1741 (0.2%)
Unpaired R1 kept:                      1568
Unpaired R2 kept:                        73
Report: /scratch4/workspace/jade_fiorilla_student_uml_edu-rawseqorcc/trimmed/2024_Hyp01_Null_B08_gill_S261_R1_001.fastq.gz_trimming_report.txt
JSON report: /scratch4/workspace/jade_fiorilla_student_uml_edu-rawseqorcc/trimmed/2024_Hyp01_Null_B08_gill_S261_R1_001.fastq.gz_trimming_report.json
Report: /scratch4/workspace/jade_fiorilla_student_uml_edu-rawseqorcc/trimmed/2024_Hyp01_Null_B08_gill_S261_R2_001.fastq.gz_trimming_report.txt
JSON report: /scratch4/workspace/jade_fiorilla_student_uml_edu-rawseqorcc/trimmed/2024_Hyp01_Null_B08_gill_S261_R2_001.fastq.gz_trimming_report.json

Running FastQC on /scratch4/workspace/jade_fiorilla_student_uml_edu-rawseqorcc/trimmed/2024_Hyp01_Null_B08_gill_S261_R1_001_val_1.fq.gz

Running FastQC on /scratch4/workspace/jade_fiorilla_student_uml_edu-rawseqorcc/trimmed/2024_Hyp01_Null_B08_gill_S261_R2_001_val_2.fq.gz
Running Trim Galore on: 

Trim Galore v2.3.0
unknown — linux/x86_64 — built 2026-06-27T16:23:35Z
==================================================

Using 4 worker threads (parallel trim + compress)
Auto-detecting adapter type...
Using Nextera adapter for trimming (count: 107396). Second best hit was smallRNA (count: 335).
Adapter: Nextera (CTGTCTCTTATA)

Poly-G trimming: ENABLED (auto-detected). 107986 of 517265 reads (20.88%) have poly-G tails (>=10bp) — consistent with 2-colour chemistry (NovaSeq/NextSeq). To disable: --no_poly_g
Trimming (paired-end):
  R1: /scratch4/workspace/jade_fiorilla_student_uml_edu-rawseqorcc/fastq/2024_Hyp01_Null_B08_gut_S79_R1_001.fastq.gz
  R2: /scratch4/workspace/jade_fiorilla_student_uml_edu-rawseqorcc/fastq/2024_Hyp01_Null_B08_gut_S79_R2_001.fastq.gz
  Output R1: /scratch4/workspace/jade_fiorilla_student_uml_edu-rawseqorcc/trimmed/2024_Hyp01_Null_B08_gut_S79_R1_001_val_1.fq.gz
  Output R2: /scratch4/workspace/jade_fiorilla_student_uml_edu-rawseqorcc/trimmed/2024_Hyp01_Null_B08_gut_S79_R2_001_val_2.fq.gz

=== Summary (Read 1) ===

Total reads processed:               517265
Reads with adapters:                 514539 (99.5%)

=== Summary (Read 2) ===

Total reads processed:               517265
Reads with adapters:                 513166 (99.2%)
R1 reads with poly-G trimmed:           578 (0.1%)
  R1 poly-G bases removed:            90925
R2 reads with poly-G trimmed:          1011 (0.2%)
  R2 poly-G bases removed:           203164

=== Paired-end validation ===

Pairs analyzed:                      517265
Pairs removed:                         1124 (0.2%)
Unpaired R1 kept:                       961
Unpaired R2 kept:                        55
Report: /scratch4/workspace/jade_fiorilla_student_uml_edu-rawseqorcc/trimmed/2024_Hyp01_Null_B08_gut_S79_R1_001.fastq.gz_trimming_report.txt
JSON report: /scratch4/workspace/jade_fiorilla_student_uml_edu-rawseqorcc/trimmed/2024_Hyp01_Null_B08_gut_S79_R1_001.fastq.gz_trimming_report.json
Report: /scratch4/workspace/jade_fiorilla_student_uml_edu-rawseqorcc/trimmed/2024_Hyp01_Null_B08_gut_S79_R2_001.fastq.gz_trimming_report.txt
JSON report: /scratch4/workspace/jade_fiorilla_student_uml_edu-rawseqorcc/trimmed/2024_Hyp01_Null_B08_gut_S79_R2_001.fastq.gz_trimming_report.json

Running FastQC on /scratch4/workspace/jade_fiorilla_student_uml_edu-rawseqorcc/trimmed/2024_Hyp01_Null_B08_gut_S79_R1_001_val_1.fq.gz

Running FastQC on /scratch4/workspace/jade_fiorilla_student_uml_edu-rawseqorcc/trimmed/2024_Hyp01_Null_B08_gut_S79_R2_001_val_2.fq.gz
Running Trim Galore on: 

Trim Galore v2.3.0
unknown — linux/x86_64 — built 2026-06-27T16:23:35Z
==================================================

Using 4 worker threads (parallel trim + compress)
Auto-detecting adapter type...
Using Nextera adapter for trimming (count: 5528). Second best hit was smallRNA (count: 1537).
Adapter: Nextera (CTGTCTCTTATA)

Poly-G trimming: ENABLED (auto-detected). 4884 of 1000000 reads (0.49%) have poly-G tails (>=10bp) — consistent with 2-colour chemistry (NovaSeq/NextSeq). To disable: --no_poly_g
Trimming (paired-end):
  R1: /scratch4/workspace/jade_fiorilla_student_uml_edu-rawseqorcc/fastq/2024_Hyp01_Warm04_B38_gill_S205_R1_001.fastq.gz
  R2: /scratch4/workspace/jade_fiorilla_student_uml_edu-rawseqorcc/fastq/2024_Hyp01_Warm04_B38_gill_S205_R2_001.fastq.gz
  Output R1: /scratch4/workspace/jade_fiorilla_student_uml_edu-rawseqorcc/trimmed/2024_Hyp01_Warm04_B38_gill_S205_R1_001_val_1.fq.gz
  Output R2: /scratch4/workspace/jade_fiorilla_student_uml_edu-rawseqorcc/trimmed/2024_Hyp01_Warm04_B38_gill_S205_R2_001_val_2.fq.gz

=== Summary (Read 1) ===

Total reads processed:              2053290
Reads with adapters:                2024919 (98.6%)

=== Summary (Read 2) ===

Total reads processed:              2053290
Reads with adapters:                1952270 (95.1%)
R1 reads with poly-G trimmed:           535 (0.0%)
  R1 poly-G bases removed:            12189
R2 reads with poly-G trimmed:          2003 (0.1%)
  R2 poly-G bases removed:           305826

=== Paired-end validation ===

Pairs analyzed:                     2053290
Pairs removed:                         3349 (0.2%)
Unpaired R1 kept:                      3086
Unpaired R2 kept:                       130
Report: /scratch4/workspace/jade_fiorilla_student_uml_edu-rawseqorcc/trimmed/2024_Hyp01_Warm04_B38_gill_S205_R1_001.fastq.gz_trimming_report.txt
JSON report: /scratch4/workspace/jade_fiorilla_student_uml_edu-rawseqorcc/trimmed/2024_Hyp01_Warm04_B38_gill_S205_R1_001.fastq.gz_trimming_report.json
Report: /scratch4/workspace/jade_fiorilla_student_uml_edu-rawseqorcc/trimmed/2024_Hyp01_Warm04_B38_gill_S205_R2_001.fastq.gz_trimming_report.txt
JSON report: /scratch4/workspace/jade_fiorilla_student_uml_edu-rawseqorcc/trimmed/2024_Hyp01_Warm04_B38_gill_S205_R2_001.fastq.gz_trimming_report.json

Running FastQC on /scratch4/workspace/jade_fiorilla_student_uml_edu-rawseqorcc/trimmed/2024_Hyp01_Warm04_B38_gill_S205_R1_001_val_1.fq.gz

Running FastQC on /scratch4/workspace/jade_fiorilla_student_uml_edu-rawseqorcc/trimmed/2024_Hyp01_Warm04_B38_gill_S205_R2_001_val_2.fq.gz
Running Trim Galore on: 

Trim Galore v2.3.0
unknown — linux/x86_64 — built 2026-06-27T16:23:35Z
==================================================

Using 4 worker threads (parallel trim + compress)
Auto-detecting adapter type...
Using Nextera adapter for trimming (count: 64729). Second best hit was smallRNA (count: 482).
Adapter: Nextera (CTGTCTCTTATA)

Poly-G trimming: ENABLED (auto-detected). 65504 of 486219 reads (13.47%) have poly-G tails (>=10bp) — consistent with 2-colour chemistry (NovaSeq/NextSeq). To disable: --no_poly_g
Trimming (paired-end):
  R1: /scratch4/workspace/jade_fiorilla_student_uml_edu-rawseqorcc/fastq/2024_Hyp01_Warm04_B38_gut_S13_R1_001.fastq.gz
  R2: /scratch4/workspace/jade_fiorilla_student_uml_edu-rawseqorcc/fastq/2024_Hyp01_Warm04_B38_gut_S13_R2_001.fastq.gz
  Output R1: /scratch4/workspace/jade_fiorilla_student_uml_edu-rawseqorcc/trimmed/2024_Hyp01_Warm04_B38_gut_S13_R1_001_val_1.fq.gz
  Output R2: /scratch4/workspace/jade_fiorilla_student_uml_edu-rawseqorcc/trimmed/2024_Hyp01_Warm04_B38_gut_S13_R2_001_val_2.fq.gz

=== Summary (Read 1) ===

Total reads processed:               486219
Reads with adapters:                 480689 (98.9%)

=== Summary (Read 2) ===

Total reads processed:               486219
Reads with adapters:                 480234 (98.8%)
R1 reads with poly-G trimmed:           594 (0.1%)
  R1 poly-G bases removed:            81941
R2 reads with poly-G trimmed:          1123 (0.2%)
  R2 poly-G bases removed:           250675

=== Paired-end validation ===

Pairs analyzed:                      486219
Pairs removed:                         1391 (0.3%)
Unpaired R1 kept:                      1316
Unpaired R2 kept:                        35
Report: /scratch4/workspace/jade_fiorilla_student_uml_edu-rawseqorcc/trimmed/2024_Hyp01_Warm04_B38_gut_S13_R1_001.fastq.gz_trimming_report.txt
JSON report: /scratch4/workspace/jade_fiorilla_student_uml_edu-rawseqorcc/trimmed/2024_Hyp01_Warm04_B38_gut_S13_R1_001.fastq.gz_trimming_report.json
Report: /scratch4/workspace/jade_fiorilla_student_uml_edu-rawseqorcc/trimmed/2024_Hyp01_Warm04_B38_gut_S13_R2_001.fastq.gz_trimming_report.txt
JSON report: /scratch4/workspace/jade_fiorilla_student_uml_edu-rawseqorcc/trimmed/2024_Hyp01_Warm04_B38_gut_S13_R2_001.fastq.gz_trimming_report.json

Running FastQC on /scratch4/workspace/jade_fiorilla_student_uml_edu-rawseqorcc/trimmed/2024_Hyp01_Warm04_B38_gut_S13_R1_001_val_1.fq.gz

Running FastQC on /scratch4/workspace/jade_fiorilla_student_uml_edu-rawseqorcc/trimmed/2024_Hyp01_Warm04_B38_gut_S13_R2_001_val_2.fq.gz
Running Trim Galore on: 

Trim Galore v2.3.0
unknown — linux/x86_64 — built 2026-06-27T16:23:35Z
==================================================

Using 4 worker threads (parallel trim + compress)
Auto-detecting adapter type...
Using Nextera adapter for trimming (count: 63612). Second best hit was smallRNA (count: 2099).
Adapter: Nextera (CTGTCTCTTATA)

Poly-G trimming: ENABLED (auto-detected). 62635 of 1000000 reads (6.26%) have poly-G tails (>=10bp) — consistent with 2-colour chemistry (NovaSeq/NextSeq). To disable: --no_poly_g
Trimming (paired-end):
  R1: /scratch4/workspace/jade_fiorilla_student_uml_edu-rawseqorcc/fastq/2024_Hyp01_Warm05_B49_gill_S206_R1_001.fastq.gz
  R2: /scratch4/workspace/jade_fiorilla_student_uml_edu-rawseqorcc/fastq/2024_Hyp01_Warm05_B49_gill_S206_R2_001.fastq.gz
  Output R1: /scratch4/workspace/jade_fiorilla_student_uml_edu-rawseqorcc/trimmed/2024_Hyp01_Warm05_B49_gill_S206_R1_001_val_1.fq.gz
  Output R2: /scratch4/workspace/jade_fiorilla_student_uml_edu-rawseqorcc/trimmed/2024_Hyp01_Warm05_B49_gill_S206_R2_001_val_2.fq.gz

=== Summary (Read 1) ===

Total reads processed:              2068558
Reads with adapters:                2029139 (98.1%)

=== Summary (Read 2) ===

Total reads processed:              2068558
Reads with adapters:                1975063 (95.5%)
R1 reads with poly-G trimmed:          1528 (0.1%)
  R1 poly-G bases removed:            74842
R2 reads with poly-G trimmed:          2033 (0.1%)
  R2 poly-G bases removed:           337723

=== Paired-end validation ===

Pairs analyzed:                     2068558
Pairs removed:                         3793 (0.2%)
Unpaired R1 kept:                      2828
Unpaired R2 kept:                        56
Report: /scratch4/workspace/jade_fiorilla_student_uml_edu-rawseqorcc/trimmed/2024_Hyp01_Warm05_B49_gill_S206_R1_001.fastq.gz_trimming_report.txt
JSON report: /scratch4/workspace/jade_fiorilla_student_uml_edu-rawseqorcc/trimmed/2024_Hyp01_Warm05_B49_gill_S206_R1_001.fastq.gz_trimming_report.json
Report: /scratch4/workspace/jade_fiorilla_student_uml_edu-rawseqorcc/trimmed/2024_Hyp01_Warm05_B49_gill_S206_R2_001.fastq.gz_trimming_report.txt
JSON report: /scratch4/workspace/jade_fiorilla_student_uml_edu-rawseqorcc/trimmed/2024_Hyp01_Warm05_B49_gill_S206_R2_001.fastq.gz_trimming_report.json

Running FastQC on /scratch4/workspace/jade_fiorilla_student_uml_edu-rawseqorcc/trimmed/2024_Hyp01_Warm05_B49_gill_S206_R1_001_val_1.fq.gz

Running FastQC on /scratch4/workspace/jade_fiorilla_student_uml_edu-rawseqorcc/trimmed/2024_Hyp01_Warm05_B49_gill_S206_R2_001_val_2.fq.gz
Running Trim Galore on: 

Trim Galore v2.3.0
unknown — linux/x86_64 — built 2026-06-27T16:23:35Z
==================================================

Using 4 worker threads (parallel trim + compress)
Auto-detecting adapter type...
Using Nextera adapter for trimming (count: 110217). Second best hit was smallRNA (count: 2523).
Adapter: Nextera (CTGTCTCTTATA)

Poly-G trimming: ENABLED (auto-detected). 103634 of 741747 reads (13.97%) have poly-G tails (>=10bp) — consistent with 2-colour chemistry (NovaSeq/NextSeq). To disable: --no_poly_g
Trimming (paired-end):
  R1: /scratch4/workspace/jade_fiorilla_student_uml_edu-rawseqorcc/fastq/2024_Hyp01_Warm05_B49_gut_S14_R1_001.fastq.gz
  R2: /scratch4/workspace/jade_fiorilla_student_uml_edu-rawseqorcc/fastq/2024_Hyp01_Warm05_B49_gut_S14_R2_001.fastq.gz
  Output R1: /scratch4/workspace/jade_fiorilla_student_uml_edu-rawseqorcc/trimmed/2024_Hyp01_Warm05_B49_gut_S14_R1_001_val_1.fq.gz
  Output R2: /scratch4/workspace/jade_fiorilla_student_uml_edu-rawseqorcc/trimmed/2024_Hyp01_Warm05_B49_gut_S14_R2_001_val_2.fq.gz

=== Summary (Read 1) ===

Total reads processed:               741747
Reads with adapters:                 731124 (98.6%)

=== Summary (Read 2) ===

Total reads processed:               741747
Reads with adapters:                 730668 (98.5%)
R1 reads with poly-G trimmed:           874 (0.1%)
  R1 poly-G bases removed:           125773
R2 reads with poly-G trimmed:          1731 (0.2%)
  R2 poly-G bases removed:           383812

=== Paired-end validation ===

Pairs analyzed:                      741747
Pairs removed:                         2072 (0.3%)
Unpaired R1 kept:                      1908
Unpaired R2 kept:                        65
Report: /scratch4/workspace/jade_fiorilla_student_uml_edu-rawseqorcc/trimmed/2024_Hyp01_Warm05_B49_gut_S14_R1_001.fastq.gz_trimming_report.txt
JSON report: /scratch4/workspace/jade_fiorilla_student_uml_edu-rawseqorcc/trimmed/2024_Hyp01_Warm05_B49_gut_S14_R1_001.fastq.gz_trimming_report.json
Report: /scratch4/workspace/jade_fiorilla_student_uml_edu-rawseqorcc/trimmed/2024_Hyp01_Warm05_B49_gut_S14_R2_001.fastq.gz_trimming_report.txt
JSON report: /scratch4/workspace/jade_fiorilla_student_uml_edu-rawseqorcc/trimmed/2024_Hyp01_Warm05_B49_gut_S14_R2_001.fastq.gz_trimming_report.json

Running FastQC on /scratch4/workspace/jade_fiorilla_student_uml_edu-rawseqorcc/trimmed/2024_Hyp01_Warm05_B49_gut_S14_R1_001_val_1.fq.gz

Running FastQC on /scratch4/workspace/jade_fiorilla_student_uml_edu-rawseqorcc/trimmed/2024_Hyp01_Warm05_B49_gut_S14_R2_001_val_2.fq.gz
Running Trim Galore on: 

Trim Galore v2.3.0
unknown — linux/x86_64 — built 2026-06-27T16:23:35Z
==================================================

Using 4 worker threads (parallel trim + compress)
Auto-detecting adapter type...
Using Nextera adapter for trimming (count: 529498). Second best hit was smallRNA (count: 718).
Adapter: Nextera (CTGTCTCTTATA)

Poly-G trimming: ENABLED (auto-detected). 484376 of 1000000 reads (48.44%) have poly-G tails (>=10bp) — consistent with 2-colour chemistry (NovaSeq/NextSeq). To disable: --no_poly_g
Trimming (paired-end):
  R1: /scratch4/workspace/jade_fiorilla_student_uml_edu-rawseqorcc/fastq/2024_Hyp02_Both05_B51_gill_S173_R1_001.fastq.gz
  R2: /scratch4/workspace/jade_fiorilla_student_uml_edu-rawseqorcc/fastq/2024_Hyp02_Both05_B51_gill_S173_R2_001.fastq.gz
  Output R1: /scratch4/workspace/jade_fiorilla_student_uml_edu-rawseqorcc/trimmed/2024_Hyp02_Both05_B51_gill_S173_R1_001_val_1.fq.gz
  Output R2: /scratch4/workspace/jade_fiorilla_student_uml_edu-rawseqorcc/trimmed/2024_Hyp02_Both05_B51_gill_S173_R2_001_val_2.fq.gz

=== Summary (Read 1) ===

Total reads processed:              1500579
Reads with adapters:                1463819 (97.6%)

=== Summary (Read 2) ===

Total reads processed:              1500579
Reads with adapters:                1461618 (97.4%)
R1 reads with poly-G trimmed:          2394 (0.2%)
  R1 poly-G bases removed:           397703
R2 reads with poly-G trimmed:          2370 (0.2%)
  R2 poly-G bases removed:           488712

=== Paired-end validation ===

Pairs analyzed:                     1500579
Pairs removed:                         1849 (0.1%)
Unpaired R1 kept:                      1418
Unpaired R2 kept:                        78
Report: /scratch4/workspace/jade_fiorilla_student_uml_edu-rawseqorcc/trimmed/2024_Hyp02_Both05_B51_gill_S173_R1_001.fastq.gz_trimming_report.txt
JSON report: /scratch4/workspace/jade_fiorilla_student_uml_edu-rawseqorcc/trimmed/2024_Hyp02_Both05_B51_gill_S173_R1_001.fastq.gz_trimming_report.json
Report: /scratch4/workspace/jade_fiorilla_student_uml_edu-rawseqorcc/trimmed/2024_Hyp02_Both05_B51_gill_S173_R2_001.fastq.gz_trimming_report.txt
JSON report: /scratch4/workspace/jade_fiorilla_student_uml_edu-rawseqorcc/trimmed/2024_Hyp02_Both05_B51_gill_S173_R2_001.fastq.gz_trimming_report.json

Running FastQC on /scratch4/workspace/jade_fiorilla_student_uml_edu-rawseqorcc/trimmed/2024_Hyp02_Both05_B51_gill_S173_R1_001_val_1.fq.gz

Running FastQC on /scratch4/workspace/jade_fiorilla_student_uml_edu-rawseqorcc/trimmed/2024_Hyp02_Both05_B51_gill_S173_R2_001_val_2.fq.gz
Running Trim Galore on: 

Trim Galore v2.3.0
unknown — linux/x86_64 — built 2026-06-27T16:23:35Z
==================================================

Using 4 worker threads (parallel trim + compress)
Auto-detecting adapter type...
Using Nextera adapter for trimming (count: 206766). Second best hit was smallRNA (count: 643).
Adapter: Nextera (CTGTCTCTTATA)

Poly-G trimming: ENABLED (auto-detected). 198289 of 1000000 reads (19.83%) have poly-G tails (>=10bp) — consistent with 2-colour chemistry (NovaSeq/NextSeq). To disable: --no_poly_g
Trimming (paired-end):
  R1: /scratch4/workspace/jade_fiorilla_student_uml_edu-rawseqorcc/fastq/2024_Hyp02_Both05_B51_gut_S174_R1_001.fastq.gz
  R2: /scratch4/workspace/jade_fiorilla_student_uml_edu-rawseqorcc/fastq/2024_Hyp02_Both05_B51_gut_S174_R2_001.fastq.gz
  Output R1: /scratch4/workspace/jade_fiorilla_student_uml_edu-rawseqorcc/trimmed/2024_Hyp02_Both05_B51_gut_S174_R1_001_val_1.fq.gz
  Output R2: /scratch4/workspace/jade_fiorilla_student_uml_edu-rawseqorcc/trimmed/2024_Hyp02_Both05_B51_gut_S174_R2_001_val_2.fq.gz

=== Summary (Read 1) ===

Total reads processed:              1442669
Reads with adapters:                1422015 (98.6%)

=== Summary (Read 2) ===

Total reads processed:              1442669
Reads with adapters:                1390324 (96.4%)
R1 reads with poly-G trimmed:          1346 (0.1%)
  R1 poly-G bases removed:           183054
R2 reads with poly-G trimmed:          1951 (0.1%)
  R2 poly-G bases removed:           383011

=== Paired-end validation ===

Pairs analyzed:                     1442669
Pairs removed:                         2034 (0.1%)
Unpaired R1 kept:                      1748
Unpaired R2 kept:                        93
Report: /scratch4/workspace/jade_fiorilla_student_uml_edu-rawseqorcc/trimmed/2024_Hyp02_Both05_B51_gut_S174_R1_001.fastq.gz_trimming_report.txt
JSON report: /scratch4/workspace/jade_fiorilla_student_uml_edu-rawseqorcc/trimmed/2024_Hyp02_Both05_B51_gut_S174_R1_001.fastq.gz_trimming_report.json
Report: /scratch4/workspace/jade_fiorilla_student_uml_edu-rawseqorcc/trimmed/2024_Hyp02_Both05_B51_gut_S174_R2_001.fastq.gz_trimming_report.txt
JSON report: /scratch4/workspace/jade_fiorilla_student_uml_edu-rawseqorcc/trimmed/2024_Hyp02_Both05_B51_gut_S174_R2_001.fastq.gz_trimming_report.json

Running FastQC on /scratch4/workspace/jade_fiorilla_student_uml_edu-rawseqorcc/trimmed/2024_Hyp02_Both05_B51_gut_S174_R1_001_val_1.fq.gz

Running FastQC on /scratch4/workspace/jade_fiorilla_student_uml_edu-rawseqorcc/trimmed/2024_Hyp02_Both05_B51_gut_S174_R2_001_val_2.fq.gz
Running Trim Galore on: 

Trim Galore v2.3.0
unknown — linux/x86_64 — built 2026-06-27T16:23:35Z
==================================================

Using 4 worker threads (parallel trim + compress)
Auto-detecting adapter type...
Using Nextera adapter for trimming (count: 368536). Second best hit was smallRNA (count: 4).
Adapter: Nextera (CTGTCTCTTATA)

Poly-G trimming: ENABLED (auto-detected). 303549 of 839894 reads (36.14%) have poly-G tails (>=10bp) — consistent with 2-colour chemistry (NovaSeq/NextSeq). To disable: --no_poly_g
Trimming (paired-end):
  R1: /scratch4/workspace/jade_fiorilla_student_uml_edu-rawseqorcc/fastq/2024_Hyp02_Cont01_B4_gill_S215_R1_001.fastq.gz
  R2: /scratch4/workspace/jade_fiorilla_student_uml_edu-rawseqorcc/fastq/2024_Hyp02_Cont01_B4_gill_S215_R2_001.fastq.gz
  Output R1: /scratch4/workspace/jade_fiorilla_student_uml_edu-rawseqorcc/trimmed/2024_Hyp02_Cont01_B4_gill_S215_R1_001_val_1.fq.gz
  Output R2: /scratch4/workspace/jade_fiorilla_student_uml_edu-rawseqorcc/trimmed/2024_Hyp02_Cont01_B4_gill_S215_R2_001_val_2.fq.gz

=== Summary (Read 1) ===

Total reads processed:               839894
Reads with adapters:                 794791 (94.6%)

=== Summary (Read 2) ===

Total reads processed:               839894
Reads with adapters:                 797132 (94.9%)
R1 reads with poly-G trimmed:          1303 (0.2%)
  R1 poly-G bases removed:           161663
R2 reads with poly-G trimmed:          1143 (0.1%)
  R2 poly-G bases removed:           222508

=== Paired-end validation ===

Pairs analyzed:                      839894
Pairs removed:                          998 (0.1%)
Unpaired R1 kept:                       801
Unpaired R2 kept:                        36
Report: /scratch4/workspace/jade_fiorilla_student_uml_edu-rawseqorcc/trimmed/2024_Hyp02_Cont01_B4_gill_S215_R1_001.fastq.gz_trimming_report.txt
JSON report: /scratch4/workspace/jade_fiorilla_student_uml_edu-rawseqorcc/trimmed/2024_Hyp02_Cont01_B4_gill_S215_R1_001.fastq.gz_trimming_report.json
Report: /scratch4/workspace/jade_fiorilla_student_uml_edu-rawseqorcc/trimmed/2024_Hyp02_Cont01_B4_gill_S215_R2_001.fastq.gz_trimming_report.txt
JSON report: /scratch4/workspace/jade_fiorilla_student_uml_edu-rawseqorcc/trimmed/2024_Hyp02_Cont01_B4_gill_S215_R2_001.fastq.gz_trimming_report.json

Running FastQC on /scratch4/workspace/jade_fiorilla_student_uml_edu-rawseqorcc/trimmed/2024_Hyp02_Cont01_B4_gill_S215_R1_001_val_1.fq.gz

Running FastQC on /scratch4/workspace/jade_fiorilla_student_uml_edu-rawseqorcc/trimmed/2024_Hyp02_Cont01_B4_gill_S215_R2_001_val_2.fq.gz
Running Trim Galore on: 

Trim Galore v2.3.0
unknown — linux/x86_64 — built 2026-06-27T16:23:35Z
==================================================

Using 4 worker threads (parallel trim + compress)
Auto-detecting adapter type...
Using Nextera adapter for trimming (count: 177877). Second best hit was smallRNA (count: 556).
Adapter: Nextera (CTGTCTCTTATA)

Poly-G trimming: ENABLED (auto-detected). 175884 of 891187 reads (19.74%) have poly-G tails (>=10bp) — consistent with 2-colour chemistry (NovaSeq/NextSeq). To disable: --no_poly_g
Trimming (paired-end):
  R1: /scratch4/workspace/jade_fiorilla_student_uml_edu-rawseqorcc/fastq/2024_Hyp02_Cont01_B4_gut_S33_R1_001.fastq.gz
  R2: /scratch4/workspace/jade_fiorilla_student_uml_edu-rawseqorcc/fastq/2024_Hyp02_Cont01_B4_gut_S33_R2_001.fastq.gz
  Output R1: /scratch4/workspace/jade_fiorilla_student_uml_edu-rawseqorcc/trimmed/2024_Hyp02_Cont01_B4_gut_S33_R1_001_val_1.fq.gz
  Output R2: /scratch4/workspace/jade_fiorilla_student_uml_edu-rawseqorcc/trimmed/2024_Hyp02_Cont01_B4_gut_S33_R2_001_val_2.fq.gz

=== Summary (Read 1) ===

Total reads processed:               891187
Reads with adapters:                 885561 (99.4%)

=== Summary (Read 2) ===

Total reads processed:               891187
Reads with adapters:                 882663 (99.0%)
R1 reads with poly-G trimmed:           734 (0.1%)
  R1 poly-G bases removed:           110361
R2 reads with poly-G trimmed:          1440 (0.2%)
  R2 poly-G bases removed:           296025

=== Paired-end validation ===

Pairs analyzed:                      891187
Pairs removed:                         1657 (0.2%)
Unpaired R1 kept:                      1402
Unpaired R2 kept:                        61
Report: /scratch4/workspace/jade_fiorilla_student_uml_edu-rawseqorcc/trimmed/2024_Hyp02_Cont01_B4_gut_S33_R1_001.fastq.gz_trimming_report.txt
JSON report: /scratch4/workspace/jade_fiorilla_student_uml_edu-rawseqorcc/trimmed/2024_Hyp02_Cont01_B4_gut_S33_R1_001.fastq.gz_trimming_report.json
Report: /scratch4/workspace/jade_fiorilla_student_uml_edu-rawseqorcc/trimmed/2024_Hyp02_Cont01_B4_gut_S33_R2_001.fastq.gz_trimming_report.txt
JSON report: /scratch4/workspace/jade_fiorilla_student_uml_edu-rawseqorcc/trimmed/2024_Hyp02_Cont01_B4_gut_S33_R2_001.fastq.gz_trimming_report.json

Running FastQC on /scratch4/workspace/jade_fiorilla_student_uml_edu-rawseqorcc/trimmed/2024_Hyp02_Cont01_B4_gut_S33_R1_001_val_1.fq.gz

Running FastQC on /scratch4/workspace/jade_fiorilla_student_uml_edu-rawseqorcc/trimmed/2024_Hyp02_Cont01_B4_gut_S33_R2_001_val_2.fq.gz
Running Trim Galore on: 

Trim Galore v2.3.0
unknown — linux/x86_64 — built 2026-06-27T16:23:35Z
==================================================

Using 4 worker threads (parallel trim + compress)
Auto-detecting adapter type...
Using Nextera adapter for trimming (count: 381583). Second best hit was smallRNA (count: 408).
Adapter: Nextera (CTGTCTCTTATA)

Poly-G trimming: ENABLED (auto-detected). 384312 of 1000000 reads (38.43%) have poly-G tails (>=10bp) — consistent with 2-colour chemistry (NovaSeq/NextSeq). To disable: --no_poly_g
Trimming (paired-end):
  R1: /scratch4/workspace/jade_fiorilla_student_uml_edu-rawseqorcc/fastq/2024_Hyp02_Hyp01_B3_gill_S145_R1_001.fastq.gz
  R2: /scratch4/workspace/jade_fiorilla_student_uml_edu-rawseqorcc/fastq/2024_Hyp02_Hyp01_B3_gill_S145_R2_001.fastq.gz
  Output R1: /scratch4/workspace/jade_fiorilla_student_uml_edu-rawseqorcc/trimmed/2024_Hyp02_Hyp01_B3_gill_S145_R1_001_val_1.fq.gz
  Output R2: /scratch4/workspace/jade_fiorilla_student_uml_edu-rawseqorcc/trimmed/2024_Hyp02_Hyp01_B3_gill_S145_R2_001_val_2.fq.gz

=== Summary (Read 1) ===

Total reads processed:              1664820
Reads with adapters:                1640928 (98.6%)

=== Summary (Read 2) ===

Total reads processed:              1664820
Reads with adapters:                1638518 (98.4%)
R1 reads with poly-G trimmed:          2238 (0.1%)
  R1 poly-G bases removed:           385316
R2 reads with poly-G trimmed:          2799 (0.2%)
  R2 poly-G bases removed:           581356

=== Paired-end validation ===

Pairs analyzed:                     1664820
Pairs removed:                         2282 (0.1%)
Unpaired R1 kept:                      1777
Unpaired R2 kept:                       118
Report: /scratch4/workspace/jade_fiorilla_student_uml_edu-rawseqorcc/trimmed/2024_Hyp02_Hyp01_B3_gill_S145_R1_001.fastq.gz_trimming_report.txt
JSON report: /scratch4/workspace/jade_fiorilla_student_uml_edu-rawseqorcc/trimmed/2024_Hyp02_Hyp01_B3_gill_S145_R1_001.fastq.gz_trimming_report.json
Report: /scratch4/workspace/jade_fiorilla_student_uml_edu-rawseqorcc/trimmed/2024_Hyp02_Hyp01_B3_gill_S145_R2_001.fastq.gz_trimming_report.txt
JSON report: /scratch4/workspace/jade_fiorilla_student_uml_edu-rawseqorcc/trimmed/2024_Hyp02_Hyp01_B3_gill_S145_R2_001.fastq.gz_trimming_report.json

Running FastQC on /scratch4/workspace/jade_fiorilla_student_uml_edu-rawseqorcc/trimmed/2024_Hyp02_Hyp01_B3_gill_S145_R1_001_val_1.fq.gz

Running FastQC on /scratch4/workspace/jade_fiorilla_student_uml_edu-rawseqorcc/trimmed/2024_Hyp02_Hyp01_B3_gill_S145_R2_001_val_2.fq.gz
Running Trim Galore on: 

Trim Galore v2.3.0
unknown — linux/x86_64 — built 2026-06-27T16:23:35Z
==================================================

Using 4 worker threads (parallel trim + compress)
Auto-detecting adapter type...
Using Nextera adapter for trimming (count: 1314). Second best hit was smallRNA (count: 3).
Adapter: Nextera (CTGTCTCTTATA)

Poly-G trimming: ENABLED (auto-detected). 631 of 1000000 reads (0.06%) have poly-G tails (>=10bp) — consistent with 2-colour chemistry (NovaSeq/NextSeq). To disable: --no_poly_g
Trimming (paired-end):
  R1: /scratch4/workspace/jade_fiorilla_student_uml_edu-rawseqorcc/fastq/2024_Hyp02_Hyp01_B3_gut_S277_R1_001.fastq.gz
  R2: /scratch4/workspace/jade_fiorilla_student_uml_edu-rawseqorcc/fastq/2024_Hyp02_Hyp01_B3_gut_S277_R2_001.fastq.gz
  Output R1: /scratch4/workspace/jade_fiorilla_student_uml_edu-rawseqorcc/trimmed/2024_Hyp02_Hyp01_B3_gut_S277_R1_001_val_1.fq.gz
  Output R2: /scratch4/workspace/jade_fiorilla_student_uml_edu-rawseqorcc/trimmed/2024_Hyp02_Hyp01_B3_gut_S277_R2_001_val_2.fq.gz

=== Summary (Read 1) ===

Total reads processed:              2284365
Reads with adapters:                2254281 (98.7%)

=== Summary (Read 2) ===

Total reads processed:              2284365
Reads with adapters:                2213790 (96.9%)
R1 reads with poly-G trimmed:           451 (0.0%)
  R1 poly-G bases removed:             5083
R2 reads with poly-G trimmed:          1866 (0.1%)
  R2 poly-G bases removed:           373200

=== Paired-end validation ===

Pairs analyzed:                     2284365
Pairs removed:                         3518 (0.2%)
Unpaired R1 kept:                      3139
Unpaired R2 kept:                       164
Report: /scratch4/workspace/jade_fiorilla_student_uml_edu-rawseqorcc/trimmed/2024_Hyp02_Hyp01_B3_gut_S277_R1_001.fastq.gz_trimming_report.txt
JSON report: /scratch4/workspace/jade_fiorilla_student_uml_edu-rawseqorcc/trimmed/2024_Hyp02_Hyp01_B3_gut_S277_R1_001.fastq.gz_trimming_report.json
Report: /scratch4/workspace/jade_fiorilla_student_uml_edu-rawseqorcc/trimmed/2024_Hyp02_Hyp01_B3_gut_S277_R2_001.fastq.gz_trimming_report.txt
JSON report: /scratch4/workspace/jade_fiorilla_student_uml_edu-rawseqorcc/trimmed/2024_Hyp02_Hyp01_B3_gut_S277_R2_001.fastq.gz_trimming_report.json

Running FastQC on /scratch4/workspace/jade_fiorilla_student_uml_edu-rawseqorcc/trimmed/2024_Hyp02_Hyp01_B3_gut_S277_R1_001_val_1.fq.gz

Running FastQC on /scratch4/workspace/jade_fiorilla_student_uml_edu-rawseqorcc/trimmed/2024_Hyp02_Hyp01_B3_gut_S277_R2_001_val_2.fq.gz
Running Trim Galore on: 

Trim Galore v2.3.0
unknown — linux/x86_64 — built 2026-06-27T16:23:35Z
==================================================

Using 4 worker threads (parallel trim + compress)
Auto-detecting adapter type...
Using Nextera adapter for trimming (count: 176741). Second best hit was smallRNA (count: 886).
Adapter: Nextera (CTGTCTCTTATA)

Poly-G trimming: ENABLED (auto-detected). 176537 of 1000000 reads (17.65%) have poly-G tails (>=10bp) — consistent with 2-colour chemistry (NovaSeq/NextSeq). To disable: --no_poly_g
Trimming (paired-end):
  R1: /scratch4/workspace/jade_fiorilla_student_uml_edu-rawseqorcc/fastq/2024_Hyp02_Hyp05_B51_gill_S155_R1_001.fastq.gz
  R2: /scratch4/workspace/jade_fiorilla_student_uml_edu-rawseqorcc/fastq/2024_Hyp02_Hyp05_B51_gill_S155_R2_001.fastq.gz
  Output R1: /scratch4/workspace/jade_fiorilla_student_uml_edu-rawseqorcc/trimmed/2024_Hyp02_Hyp05_B51_gill_S155_R1_001_val_1.fq.gz
  Output R2: /scratch4/workspace/jade_fiorilla_student_uml_edu-rawseqorcc/trimmed/2024_Hyp02_Hyp05_B51_gill_S155_R2_001_val_2.fq.gz

=== Summary (Read 1) ===

Total reads processed:              1039394
Reads with adapters:                1027587 (98.9%)

=== Summary (Read 2) ===

Total reads processed:              1039394
Reads with adapters:                1027092 (98.8%)
R1 reads with poly-G trimmed:          1129 (0.1%)
  R1 poly-G bases removed:           169609
R2 reads with poly-G trimmed:          1963 (0.2%)
  R2 poly-G bases removed:           445918

=== Paired-end validation ===

Pairs analyzed:                     1039394
Pairs removed:                         2343 (0.2%)
Unpaired R1 kept:                      2109
Unpaired R2 kept:                        97
Report: /scratch4/workspace/jade_fiorilla_student_uml_edu-rawseqorcc/trimmed/2024_Hyp02_Hyp05_B51_gill_S155_R1_001.fastq.gz_trimming_report.txt
JSON report: /scratch4/workspace/jade_fiorilla_student_uml_edu-rawseqorcc/trimmed/2024_Hyp02_Hyp05_B51_gill_S155_R1_001.fastq.gz_trimming_report.json
Report: /scratch4/workspace/jade_fiorilla_student_uml_edu-rawseqorcc/trimmed/2024_Hyp02_Hyp05_B51_gill_S155_R2_001.fastq.gz_trimming_report.txt
JSON report: /scratch4/workspace/jade_fiorilla_student_uml_edu-rawseqorcc/trimmed/2024_Hyp02_Hyp05_B51_gill_S155_R2_001.fastq.gz_trimming_report.json

Running FastQC on /scratch4/workspace/jade_fiorilla_student_uml_edu-rawseqorcc/trimmed/2024_Hyp02_Hyp05_B51_gill_S155_R1_001_val_1.fq.gz

Running FastQC on /scratch4/workspace/jade_fiorilla_student_uml_edu-rawseqorcc/trimmed/2024_Hyp02_Hyp05_B51_gill_S155_R2_001_val_2.fq.gz
Running Trim Galore on: 

Trim Galore v2.3.0
unknown — linux/x86_64 — built 2026-06-27T16:23:35Z
==================================================

Using 4 worker threads (parallel trim + compress)
Auto-detecting adapter type...
Using Nextera adapter for trimming (count: 54126). Second best hit was smallRNA (count: 684).
Adapter: Nextera (CTGTCTCTTATA)

Poly-G trimming: ENABLED (auto-detected). 57322 of 711575 reads (8.06%) have poly-G tails (>=10bp) — consistent with 2-colour chemistry (NovaSeq/NextSeq). To disable: --no_poly_g
Trimming (paired-end):
  R1: /scratch4/workspace/jade_fiorilla_student_uml_edu-rawseqorcc/fastq/2024_Hyp02_Hyp05_B51_gut_S273_R1_001.fastq.gz
  R2: /scratch4/workspace/jade_fiorilla_student_uml_edu-rawseqorcc/fastq/2024_Hyp02_Hyp05_B51_gut_S273_R2_001.fastq.gz
  Output R1: /scratch4/workspace/jade_fiorilla_student_uml_edu-rawseqorcc/trimmed/2024_Hyp02_Hyp05_B51_gut_S273_R1_001_val_1.fq.gz
  Output R2: /scratch4/workspace/jade_fiorilla_student_uml_edu-rawseqorcc/trimmed/2024_Hyp02_Hyp05_B51_gut_S273_R2_001_val_2.fq.gz

=== Summary (Read 1) ===

Total reads processed:               711575
Reads with adapters:                 691174 (97.1%)

=== Summary (Read 2) ===

Total reads processed:               711575
Reads with adapters:                 701751 (98.6%)
R1 reads with poly-G trimmed:          1135 (0.2%)
  R1 poly-G bases removed:           115267
R2 reads with poly-G trimmed:          1117 (0.2%)
  R2 poly-G bases removed:           240933

=== Paired-end validation ===

Pairs analyzed:                      711575
Pairs removed:                         1292 (0.2%)
Unpaired R1 kept:                      1173
Unpaired R2 kept:                        64
Report: /scratch4/workspace/jade_fiorilla_student_uml_edu-rawseqorcc/trimmed/2024_Hyp02_Hyp05_B51_gut_S273_R1_001.fastq.gz_trimming_report.txt
JSON report: /scratch4/workspace/jade_fiorilla_student_uml_edu-rawseqorcc/trimmed/2024_Hyp02_Hyp05_B51_gut_S273_R1_001.fastq.gz_trimming_report.json
Report: /scratch4/workspace/jade_fiorilla_student_uml_edu-rawseqorcc/trimmed/2024_Hyp02_Hyp05_B51_gut_S273_R2_001.fastq.gz_trimming_report.txt
JSON report: /scratch4/workspace/jade_fiorilla_student_uml_edu-rawseqorcc/trimmed/2024_Hyp02_Hyp05_B51_gut_S273_R2_001.fastq.gz_trimming_report.json

Running FastQC on /scratch4/workspace/jade_fiorilla_student_uml_edu-rawseqorcc/trimmed/2024_Hyp02_Hyp05_B51_gut_S273_R1_001_val_1.fq.gz

Running FastQC on /scratch4/workspace/jade_fiorilla_student_uml_edu-rawseqorcc/trimmed/2024_Hyp02_Hyp05_B51_gut_S273_R2_001_val_2.fq.gz
Running Trim Galore on: 

Trim Galore v2.3.0
unknown — linux/x86_64 — built 2026-06-27T16:23:35Z
==================================================

Using 4 worker threads (parallel trim + compress)
Auto-detecting adapter type...
Using Nextera adapter for trimming (count: 16209). Second best hit was smallRNA (count: 7).
Adapter: Nextera (CTGTCTCTTATA)

Poly-G trimming: ENABLED (auto-detected). 10885 of 776931 reads (1.40%) have poly-G tails (>=10bp) — consistent with 2-colour chemistry (NovaSeq/NextSeq). To disable: --no_poly_g
Trimming (paired-end):
  R1: /scratch4/workspace/jade_fiorilla_student_uml_edu-rawseqorcc/fastq/2024_Hyp02_Null_B14_gill_S268_R1_001.fastq.gz
  R2: /scratch4/workspace/jade_fiorilla_student_uml_edu-rawseqorcc/fastq/2024_Hyp02_Null_B14_gill_S268_R2_001.fastq.gz
  Output R1: /scratch4/workspace/jade_fiorilla_student_uml_edu-rawseqorcc/trimmed/2024_Hyp02_Null_B14_gill_S268_R1_001_val_1.fq.gz
  Output R2: /scratch4/workspace/jade_fiorilla_student_uml_edu-rawseqorcc/trimmed/2024_Hyp02_Null_B14_gill_S268_R2_001_val_2.fq.gz

=== Summary (Read 1) ===

Total reads processed:               776931
Reads with adapters:                 767649 (98.8%)

=== Summary (Read 2) ===

Total reads processed:               776931
Reads with adapters:                 767083 (98.7%)
R1 reads with poly-G trimmed:           467 (0.1%)
  R1 poly-G bases removed:            16048
R2 reads with poly-G trimmed:           666 (0.1%)
  R2 poly-G bases removed:           125082

=== Paired-end validation ===

Pairs analyzed:                      776931
Pairs removed:                         1177 (0.2%)
Unpaired R1 kept:                       932
Unpaired R2 kept:                        94
Report: /scratch4/workspace/jade_fiorilla_student_uml_edu-rawseqorcc/trimmed/2024_Hyp02_Null_B14_gill_S268_R1_001.fastq.gz_trimming_report.txt
JSON report: /scratch4/workspace/jade_fiorilla_student_uml_edu-rawseqorcc/trimmed/2024_Hyp02_Null_B14_gill_S268_R1_001.fastq.gz_trimming_report.json
Report: /scratch4/workspace/jade_fiorilla_student_uml_edu-rawseqorcc/trimmed/2024_Hyp02_Null_B14_gill_S268_R2_001.fastq.gz_trimming_report.txt
JSON report: /scratch4/workspace/jade_fiorilla_student_uml_edu-rawseqorcc/trimmed/2024_Hyp02_Null_B14_gill_S268_R2_001.fastq.gz_trimming_report.json

Running FastQC on /scratch4/workspace/jade_fiorilla_student_uml_edu-rawseqorcc/trimmed/2024_Hyp02_Null_B14_gill_S268_R1_001_val_1.fq.gz

Running FastQC on /scratch4/workspace/jade_fiorilla_student_uml_edu-rawseqorcc/trimmed/2024_Hyp02_Null_B14_gill_S268_R2_001_val_2.fq.gz
Running Trim Galore on: 

Trim Galore v2.3.0
unknown — linux/x86_64 — built 2026-06-27T16:23:35Z
==================================================

Using 4 worker threads (parallel trim + compress)
Auto-detecting adapter type...
Using Nextera adapter for trimming (count: 250505). Second best hit was smallRNA (count: 297).
Adapter: Nextera (CTGTCTCTTATA)

Poly-G trimming: ENABLED (auto-detected). 244344 of 897349 reads (27.23%) have poly-G tails (>=10bp) — consistent with 2-colour chemistry (NovaSeq/NextSeq). To disable: --no_poly_g
Trimming (paired-end):
  R1: /scratch4/workspace/jade_fiorilla_student_uml_edu-rawseqorcc/fastq/2024_Hyp02_Null_B14_gut_S80_R1_001.fastq.gz
  R2: /scratch4/workspace/jade_fiorilla_student_uml_edu-rawseqorcc/fastq/2024_Hyp02_Null_B14_gut_S80_R2_001.fastq.gz
  Output R1: /scratch4/workspace/jade_fiorilla_student_uml_edu-rawseqorcc/trimmed/2024_Hyp02_Null_B14_gut_S80_R1_001_val_1.fq.gz
  Output R2: /scratch4/workspace/jade_fiorilla_student_uml_edu-rawseqorcc/trimmed/2024_Hyp02_Null_B14_gut_S80_R2_001_val_2.fq.gz

=== Summary (Read 1) ===

Total reads processed:               897349
Reads with adapters:                 890639 (99.3%)

=== Summary (Read 2) ===

Total reads processed:               897349
Reads with adapters:                 884851 (98.6%)
R1 reads with poly-G trimmed:          1058 (0.1%)
  R1 poly-G bases removed:           164032
R2 reads with poly-G trimmed:          1598 (0.2%)
  R2 poly-G bases removed:           323666

=== Paired-end validation ===

Pairs analyzed:                      897349
Pairs removed:                         1628 (0.2%)
Unpaired R1 kept:                      1381
Unpaired R2 kept:                        69
Report: /scratch4/workspace/jade_fiorilla_student_uml_edu-rawseqorcc/trimmed/2024_Hyp02_Null_B14_gut_S80_R1_001.fastq.gz_trimming_report.txt
JSON report: /scratch4/workspace/jade_fiorilla_student_uml_edu-rawseqorcc/trimmed/2024_Hyp02_Null_B14_gut_S80_R1_001.fastq.gz_trimming_report.json
Report: /scratch4/workspace/jade_fiorilla_student_uml_edu-rawseqorcc/trimmed/2024_Hyp02_Null_B14_gut_S80_R2_001.fastq.gz_trimming_report.txt
JSON report: /scratch4/workspace/jade_fiorilla_student_uml_edu-rawseqorcc/trimmed/2024_Hyp02_Null_B14_gut_S80_R2_001.fastq.gz_trimming_report.json

Running FastQC on /scratch4/workspace/jade_fiorilla_student_uml_edu-rawseqorcc/trimmed/2024_Hyp02_Null_B14_gut_S80_R1_001_val_1.fq.gz

Running FastQC on /scratch4/workspace/jade_fiorilla_student_uml_edu-rawseqorcc/trimmed/2024_Hyp02_Null_B14_gut_S80_R2_001_val_2.fq.gz
Running Trim Galore on: 

Trim Galore v2.3.0
unknown — linux/x86_64 — built 2026-06-27T16:23:35Z
==================================================

Using 4 worker threads (parallel trim + compress)
Auto-detecting adapter type...
Using Nextera adapter for trimming (count: 18678). Second best hit was smallRNA (count: 3).
Adapter: Nextera (CTGTCTCTTATA)

Poly-G trimming: ENABLED (auto-detected). 17650 of 1000000 reads (1.76%) have poly-G tails (>=10bp) — consistent with 2-colour chemistry (NovaSeq/NextSeq). To disable: --no_poly_g
Trimming (paired-end):
  R1: /scratch4/workspace/jade_fiorilla_student_uml_edu-rawseqorcc/fastq/2024_Hyp02_Warm02_B16_gill_S209_R1_001.fastq.gz
  R2: /scratch4/workspace/jade_fiorilla_student_uml_edu-rawseqorcc/fastq/2024_Hyp02_Warm02_B16_gill_S209_R2_001.fastq.gz
  Output R1: /scratch4/workspace/jade_fiorilla_student_uml_edu-rawseqorcc/trimmed/2024_Hyp02_Warm02_B16_gill_S209_R1_001_val_1.fq.gz
  Output R2: /scratch4/workspace/jade_fiorilla_student_uml_edu-rawseqorcc/trimmed/2024_Hyp02_Warm02_B16_gill_S209_R2_001_val_2.fq.gz

=== Summary (Read 1) ===

Total reads processed:              1719626
Reads with adapters:                1690510 (98.3%)

=== Summary (Read 2) ===

Total reads processed:              1719626
Reads with adapters:                1552595 (90.3%)
R1 reads with poly-G trimmed:           568 (0.0%)
  R1 poly-G bases removed:            17921
R2 reads with poly-G trimmed:          1855 (0.1%)
  R2 poly-G bases removed:           264883

=== Paired-end validation ===

Pairs analyzed:                     1719626
Pairs removed:                         2746 (0.2%)
Unpaired R1 kept:                      2453
Unpaired R2 kept:                        66
Report: /scratch4/workspace/jade_fiorilla_student_uml_edu-rawseqorcc/trimmed/2024_Hyp02_Warm02_B16_gill_S209_R1_001.fastq.gz_trimming_report.txt
JSON report: /scratch4/workspace/jade_fiorilla_student_uml_edu-rawseqorcc/trimmed/2024_Hyp02_Warm02_B16_gill_S209_R1_001.fastq.gz_trimming_report.json
Report: /scratch4/workspace/jade_fiorilla_student_uml_edu-rawseqorcc/trimmed/2024_Hyp02_Warm02_B16_gill_S209_R2_001.fastq.gz_trimming_report.txt
JSON report: /scratch4/workspace/jade_fiorilla_student_uml_edu-rawseqorcc/trimmed/2024_Hyp02_Warm02_B16_gill_S209_R2_001.fastq.gz_trimming_report.json

Running FastQC on /scratch4/workspace/jade_fiorilla_student_uml_edu-rawseqorcc/trimmed/2024_Hyp02_Warm02_B16_gill_S209_R1_001_val_1.fq.gz

Running FastQC on /scratch4/workspace/jade_fiorilla_student_uml_edu-rawseqorcc/trimmed/2024_Hyp02_Warm02_B16_gill_S209_R2_001_val_2.fq.gz
Running Trim Galore on: 

Trim Galore v2.3.0
unknown — linux/x86_64 — built 2026-06-27T16:23:35Z
==================================================

Using 4 worker threads (parallel trim + compress)
Auto-detecting adapter type...
Using Nextera adapter for trimming (count: 662251). Second best hit was smallRNA (count: 178).
Adapter: Nextera (CTGTCTCTTATA)

Poly-G trimming: ENABLED (auto-detected). 663131 of 1000000 reads (66.31%) have poly-G tails (>=10bp) — consistent with 2-colour chemistry (NovaSeq/NextSeq). To disable: --no_poly_g
Trimming (paired-end):
  R1: /scratch4/workspace/jade_fiorilla_student_uml_edu-rawseqorcc/fastq/2024_Hyp02_Warm02_B16_gut_S22_R1_001.fastq.gz
  R2: /scratch4/workspace/jade_fiorilla_student_uml_edu-rawseqorcc/fastq/2024_Hyp02_Warm02_B16_gut_S22_R2_001.fastq.gz
  Output R1: /scratch4/workspace/jade_fiorilla_student_uml_edu-rawseqorcc/trimmed/2024_Hyp02_Warm02_B16_gut_S22_R1_001_val_1.fq.gz
  Output R2: /scratch4/workspace/jade_fiorilla_student_uml_edu-rawseqorcc/trimmed/2024_Hyp02_Warm02_B16_gut_S22_R2_001_val_2.fq.gz

=== Summary (Read 1) ===

Total reads processed:              1053316
Reads with adapters:                1048416 (99.5%)

=== Summary (Read 2) ===

Total reads processed:              1053316
Reads with adapters:                1047159 (99.4%)
R1 reads with poly-G trimmed:          2121 (0.2%)
  R1 poly-G bases removed:           403402
R2 reads with poly-G trimmed:          2420 (0.2%)
  R2 poly-G bases removed:           513008

=== Paired-end validation ===

Pairs analyzed:                     1053316
Pairs removed:                         1460 (0.1%)
Unpaired R1 kept:                       994
Unpaired R2 kept:                        49
Report: /scratch4/workspace/jade_fiorilla_student_uml_edu-rawseqorcc/trimmed/2024_Hyp02_Warm02_B16_gut_S22_R1_001.fastq.gz_trimming_report.txt
JSON report: /scratch4/workspace/jade_fiorilla_student_uml_edu-rawseqorcc/trimmed/2024_Hyp02_Warm02_B16_gut_S22_R1_001.fastq.gz_trimming_report.json
Report: /scratch4/workspace/jade_fiorilla_student_uml_edu-rawseqorcc/trimmed/2024_Hyp02_Warm02_B16_gut_S22_R2_001.fastq.gz_trimming_report.txt
JSON report: /scratch4/workspace/jade_fiorilla_student_uml_edu-rawseqorcc/trimmed/2024_Hyp02_Warm02_B16_gut_S22_R2_001.fastq.gz_trimming_report.json

Running FastQC on /scratch4/workspace/jade_fiorilla_student_uml_edu-rawseqorcc/trimmed/2024_Hyp02_Warm02_B16_gut_S22_R1_001_val_1.fq.gz

Running FastQC on /scratch4/workspace/jade_fiorilla_student_uml_edu-rawseqorcc/trimmed/2024_Hyp02_Warm02_B16_gut_S22_R2_001_val_2.fq.gz
Running Trim Galore on: 

Trim Galore v2.3.0
unknown — linux/x86_64 — built 2026-06-27T16:23:35Z
==================================================

Using 4 worker threads (parallel trim + compress)
Auto-detecting adapter type...
Using Nextera adapter for trimming (count: 15560). Second best hit was smallRNA (count: 1329).
Adapter: Nextera (CTGTCTCTTATA)

Poly-G trimming: ENABLED (auto-detected). 4721 of 646468 reads (0.73%) have poly-G tails (>=10bp) — consistent with 2-colour chemistry (NovaSeq/NextSeq). To disable: --no_poly_g
Trimming (paired-end):
  R1: /scratch4/workspace/jade_fiorilla_student_uml_edu-rawseqorcc/fastq/2024_Hyp03_Both04_B41_gill_S248_R1_001.fastq.gz
  R2: /scratch4/workspace/jade_fiorilla_student_uml_edu-rawseqorcc/fastq/2024_Hyp03_Both04_B41_gill_S248_R2_001.fastq.gz
  Output R1: /scratch4/workspace/jade_fiorilla_student_uml_edu-rawseqorcc/trimmed/2024_Hyp03_Both04_B41_gill_S248_R1_001_val_1.fq.gz
  Output R2: /scratch4/workspace/jade_fiorilla_student_uml_edu-rawseqorcc/trimmed/2024_Hyp03_Both04_B41_gill_S248_R2_001_val_2.fq.gz

=== Summary (Read 1) ===

Total reads processed:               646468
Reads with adapters:                 635985 (98.4%)

=== Summary (Read 2) ===

Total reads processed:               646468
Reads with adapters:                 626795 (97.0%)
R1 reads with poly-G trimmed:          4032 (0.6%)
  R1 poly-G bases removed:            19007
R2 reads with poly-G trimmed:          5543 (0.9%)
  R2 poly-G bases removed:           305353

=== Paired-end validation ===

Pairs analyzed:                      646468
Pairs removed:                         1889 (0.3%)
Unpaired R1 kept:                      1813
Unpaired R2 kept:                        38
Report: /scratch4/workspace/jade_fiorilla_student_uml_edu-rawseqorcc/trimmed/2024_Hyp03_Both04_B41_gill_S248_R1_001.fastq.gz_trimming_report.txt
JSON report: /scratch4/workspace/jade_fiorilla_student_uml_edu-rawseqorcc/trimmed/2024_Hyp03_Both04_B41_gill_S248_R1_001.fastq.gz_trimming_report.json
Report: /scratch4/workspace/jade_fiorilla_student_uml_edu-rawseqorcc/trimmed/2024_Hyp03_Both04_B41_gill_S248_R2_001.fastq.gz_trimming_report.txt
JSON report: /scratch4/workspace/jade_fiorilla_student_uml_edu-rawseqorcc/trimmed/2024_Hyp03_Both04_B41_gill_S248_R2_001.fastq.gz_trimming_report.json

Running FastQC on /scratch4/workspace/jade_fiorilla_student_uml_edu-rawseqorcc/trimmed/2024_Hyp03_Both04_B41_gill_S248_R1_001_val_1.fq.gz

Running FastQC on /scratch4/workspace/jade_fiorilla_student_uml_edu-rawseqorcc/trimmed/2024_Hyp03_Both04_B41_gill_S248_R2_001_val_2.fq.gz
Running Trim Galore on: 

Trim Galore v2.3.0
unknown — linux/x86_64 — built 2026-06-27T16:23:35Z
==================================================

Using 4 worker threads (parallel trim + compress)
Auto-detecting adapter type...
Using Nextera adapter for trimming (count: 801899). Second best hit was Illumina (count: 23).
Adapter: Nextera (CTGTCTCTTATA)

Poly-G trimming: ENABLED (auto-detected). 807528 of 1000000 reads (80.75%) have poly-G tails (>=10bp) — consistent with 2-colour chemistry (NovaSeq/NextSeq). To disable: --no_poly_g
Trimming (paired-end):
  R1: /scratch4/workspace/jade_fiorilla_student_uml_edu-rawseqorcc/fastq/2024_Hyp03_Both04_B41_gut_S50_R1_001.fastq.gz
  R2: /scratch4/workspace/jade_fiorilla_student_uml_edu-rawseqorcc/fastq/2024_Hyp03_Both04_B41_gut_S50_R2_001.fastq.gz
  Output R1: /scratch4/workspace/jade_fiorilla_student_uml_edu-rawseqorcc/trimmed/2024_Hyp03_Both04_B41_gut_S50_R1_001_val_1.fq.gz
  Output R2: /scratch4/workspace/jade_fiorilla_student_uml_edu-rawseqorcc/trimmed/2024_Hyp03_Both04_B41_gut_S50_R2_001_val_2.fq.gz

=== Summary (Read 1) ===

Total reads processed:              1457719
Reads with adapters:                1451810 (99.6%)

=== Summary (Read 2) ===

Total reads processed:              1457719
Reads with adapters:                1445180 (99.1%)
R1 reads with poly-G trimmed:          2799 (0.2%)
  R1 poly-G bases removed:           560085
R2 reads with poly-G trimmed:          3834 (0.3%)
  R2 poly-G bases removed:           830042

=== Paired-end validation ===

Pairs analyzed:                     1457719
Pairs removed:                         8381 (0.6%)
Unpaired R1 kept:                       995
Unpaired R2 kept:                        45
Report: /scratch4/workspace/jade_fiorilla_student_uml_edu-rawseqorcc/trimmed/2024_Hyp03_Both04_B41_gut_S50_R1_001.fastq.gz_trimming_report.txt
JSON report: /scratch4/workspace/jade_fiorilla_student_uml_edu-rawseqorcc/trimmed/2024_Hyp03_Both04_B41_gut_S50_R1_001.fastq.gz_trimming_report.json
Report: /scratch4/workspace/jade_fiorilla_student_uml_edu-rawseqorcc/trimmed/2024_Hyp03_Both04_B41_gut_S50_R2_001.fastq.gz_trimming_report.txt
JSON report: /scratch4/workspace/jade_fiorilla_student_uml_edu-rawseqorcc/trimmed/2024_Hyp03_Both04_B41_gut_S50_R2_001.fastq.gz_trimming_report.json

Running FastQC on /scratch4/workspace/jade_fiorilla_student_uml_edu-rawseqorcc/trimmed/2024_Hyp03_Both04_B41_gut_S50_R1_001_val_1.fq.gz

Running FastQC on /scratch4/workspace/jade_fiorilla_student_uml_edu-rawseqorcc/trimmed/2024_Hyp03_Both04_B41_gut_S50_R2_001_val_2.fq.gz
Running Trim Galore on: 

Trim Galore v2.3.0
unknown — linux/x86_64 — built 2026-06-27T16:23:35Z
==================================================

Using 4 worker threads (parallel trim + compress)
Auto-detecting adapter type...
Using Nextera adapter for trimming (count: 123888). Second best hit was smallRNA (count: 76).
Adapter: Nextera (CTGTCTCTTATA)

Poly-G trimming: ENABLED (auto-detected). 124517 of 873713 reads (14.25%) have poly-G tails (>=10bp) — consistent with 2-colour chemistry (NovaSeq/NextSeq). To disable: --no_poly_g
Trimming (paired-end):
  R1: /scratch4/workspace/jade_fiorilla_student_uml_edu-rawseqorcc/fastq/2024_Hyp03_Cont05_B54_gill_S274_R1_001.fastq.gz
  R2: /scratch4/workspace/jade_fiorilla_student_uml_edu-rawseqorcc/fastq/2024_Hyp03_Cont05_B54_gill_S274_R2_001.fastq.gz
  Output R1: /scratch4/workspace/jade_fiorilla_student_uml_edu-rawseqorcc/trimmed/2024_Hyp03_Cont05_B54_gill_S274_R1_001_val_1.fq.gz
  Output R2: /scratch4/workspace/jade_fiorilla_student_uml_edu-rawseqorcc/trimmed/2024_Hyp03_Cont05_B54_gill_S274_R2_001_val_2.fq.gz

=== Summary (Read 1) ===

Total reads processed:               873713
Reads with adapters:                 809792 (92.7%)

=== Summary (Read 2) ===

Total reads processed:               873713
Reads with adapters:                 855230 (97.9%)
R1 reads with poly-G trimmed:          1163 (0.1%)
  R1 poly-G bases removed:           166157
R2 reads with poly-G trimmed:          1453 (0.2%)
  R2 poly-G bases removed:           300362

=== Paired-end validation ===

Pairs analyzed:                      873713
Pairs removed:                         1741 (0.2%)
Unpaired R1 kept:                      1528
Unpaired R2 kept:                        77
Report: /scratch4/workspace/jade_fiorilla_student_uml_edu-rawseqorcc/trimmed/2024_Hyp03_Cont05_B54_gill_S274_R1_001.fastq.gz_trimming_report.txt
JSON report: /scratch4/workspace/jade_fiorilla_student_uml_edu-rawseqorcc/trimmed/2024_Hyp03_Cont05_B54_gill_S274_R1_001.fastq.gz_trimming_report.json
Report: /scratch4/workspace/jade_fiorilla_student_uml_edu-rawseqorcc/trimmed/2024_Hyp03_Cont05_B54_gill_S274_R2_001.fastq.gz_trimming_report.txt
JSON report: /scratch4/workspace/jade_fiorilla_student_uml_edu-rawseqorcc/trimmed/2024_Hyp03_Cont05_B54_gill_S274_R2_001.fastq.gz_trimming_report.json

Running FastQC on /scratch4/workspace/jade_fiorilla_student_uml_edu-rawseqorcc/trimmed/2024_Hyp03_Cont05_B54_gill_S274_R1_001_val_1.fq.gz

Running FastQC on /scratch4/workspace/jade_fiorilla_student_uml_edu-rawseqorcc/trimmed/2024_Hyp03_Cont05_B54_gill_S274_R2_001_val_2.fq.gz
Running Trim Galore on: 

Trim Galore v2.3.0
unknown — linux/x86_64 — built 2026-06-27T16:23:35Z
==================================================

Using 4 worker threads (parallel trim + compress)
Auto-detecting adapter type...
Using Nextera adapter for trimming (count: 14281). Second best hit was smallRNA (count: 683).
Adapter: Nextera (CTGTCTCTTATA)

Poly-G trimming: ENABLED (auto-detected). 14267 of 1000000 reads (1.43%) have poly-G tails (>=10bp) — consistent with 2-colour chemistry (NovaSeq/NextSeq). To disable: --no_poly_g
Trimming (paired-end):
  R1: /scratch4/workspace/jade_fiorilla_student_uml_edu-rawseqorcc/fastq/2024_Hyp03_Cont05_B54_gut_S96_R1_001.fastq.gz
  R2: /scratch4/workspace/jade_fiorilla_student_uml_edu-rawseqorcc/fastq/2024_Hyp03_Cont05_B54_gut_S96_R2_001.fastq.gz
  Output R1: /scratch4/workspace/jade_fiorilla_student_uml_edu-rawseqorcc/trimmed/2024_Hyp03_Cont05_B54_gut_S96_R1_001_val_1.fq.gz
  Output R2: /scratch4/workspace/jade_fiorilla_student_uml_edu-rawseqorcc/trimmed/2024_Hyp03_Cont05_B54_gut_S96_R2_001_val_2.fq.gz

=== Summary (Read 1) ===

Total reads processed:              1034630
Reads with adapters:                1025737 (99.1%)

=== Summary (Read 2) ===

Total reads processed:              1034630
Reads with adapters:                1020581 (98.6%)
R1 reads with poly-G trimmed:           419 (0.0%)
  R1 poly-G bases removed:            37949
R2 reads with poly-G trimmed:          2307 (0.2%)
  R2 poly-G bases removed:           550628

=== Paired-end validation ===

Pairs analyzed:                     1034630
Pairs removed:                         3130 (0.3%)
Unpaired R1 kept:                      2925
Unpaired R2 kept:                       119
Report: /scratch4/workspace/jade_fiorilla_student_uml_edu-rawseqorcc/trimmed/2024_Hyp03_Cont05_B54_gut_S96_R1_001.fastq.gz_trimming_report.txt
JSON report: /scratch4/workspace/jade_fiorilla_student_uml_edu-rawseqorcc/trimmed/2024_Hyp03_Cont05_B54_gut_S96_R1_001.fastq.gz_trimming_report.json
Report: /scratch4/workspace/jade_fiorilla_student_uml_edu-rawseqorcc/trimmed/2024_Hyp03_Cont05_B54_gut_S96_R2_001.fastq.gz_trimming_report.txt
JSON report: /scratch4/workspace/jade_fiorilla_student_uml_edu-rawseqorcc/trimmed/2024_Hyp03_Cont05_B54_gut_S96_R2_001.fastq.gz_trimming_report.json

Running FastQC on /scratch4/workspace/jade_fiorilla_student_uml_edu-rawseqorcc/trimmed/2024_Hyp03_Cont05_B54_gut_S96_R1_001_val_1.fq.gz

Running FastQC on /scratch4/workspace/jade_fiorilla_student_uml_edu-rawseqorcc/trimmed/2024_Hyp03_Cont05_B54_gut_S96_R2_001_val_2.fq.gz
Running Trim Galore on: 

Trim Galore v2.3.0
unknown — linux/x86_64 — built 2026-06-27T16:23:35Z
==================================================

Using 4 worker threads (parallel trim + compress)
Auto-detecting adapter type...
Using Nextera adapter for trimming (count: 162490). Second best hit was smallRNA (count: 309).
Adapter: Nextera (CTGTCTCTTATA)

Poly-G trimming: ENABLED (auto-detected). 163730 of 1000000 reads (16.37%) have poly-G tails (>=10bp) — consistent with 2-colour chemistry (NovaSeq/NextSeq). To disable: --no_poly_g
Trimming (paired-end):
  R1: /scratch4/workspace/jade_fiorilla_student_uml_edu-rawseqorcc/fastq/2024_Hyp03_Hyp04_B41_gill_S156_R1_001.fastq.gz
  R2: /scratch4/workspace/jade_fiorilla_student_uml_edu-rawseqorcc/fastq/2024_Hyp03_Hyp04_B41_gill_S156_R2_001.fastq.gz
  Output R1: /scratch4/workspace/jade_fiorilla_student_uml_edu-rawseqorcc/trimmed/2024_Hyp03_Hyp04_B41_gill_S156_R1_001_val_1.fq.gz
  Output R2: /scratch4/workspace/jade_fiorilla_student_uml_edu-rawseqorcc/trimmed/2024_Hyp03_Hyp04_B41_gill_S156_R2_001_val_2.fq.gz

=== Summary (Read 1) ===

Total reads processed:              1530057
Reads with adapters:                1495449 (97.7%)

=== Summary (Read 2) ===

Total reads processed:              1530057
Reads with adapters:                1507289 (98.5%)
R1 reads with poly-G trimmed:          2398 (0.2%)
  R1 poly-G bases removed:           344709
R2 reads with poly-G trimmed:          2781 (0.2%)
  R2 poly-G bases removed:           623970

=== Paired-end validation ===

Pairs analyzed:                     1530057
Pairs removed:                         3225 (0.2%)
Unpaired R1 kept:                      2950
Unpaired R2 kept:                        97
Report: /scratch4/workspace/jade_fiorilla_student_uml_edu-rawseqorcc/trimmed/2024_Hyp03_Hyp04_B41_gill_S156_R1_001.fastq.gz_trimming_report.txt
JSON report: /scratch4/workspace/jade_fiorilla_student_uml_edu-rawseqorcc/trimmed/2024_Hyp03_Hyp04_B41_gill_S156_R1_001.fastq.gz_trimming_report.json
Report: /scratch4/workspace/jade_fiorilla_student_uml_edu-rawseqorcc/trimmed/2024_Hyp03_Hyp04_B41_gill_S156_R2_001.fastq.gz_trimming_report.txt
JSON report: /scratch4/workspace/jade_fiorilla_student_uml_edu-rawseqorcc/trimmed/2024_Hyp03_Hyp04_B41_gill_S156_R2_001.fastq.gz_trimming_report.json

Running FastQC on /scratch4/workspace/jade_fiorilla_student_uml_edu-rawseqorcc/trimmed/2024_Hyp03_Hyp04_B41_gill_S156_R1_001_val_1.fq.gz

Running FastQC on /scratch4/workspace/jade_fiorilla_student_uml_edu-rawseqorcc/trimmed/2024_Hyp03_Hyp04_B41_gill_S156_R2_001_val_2.fq.gz
Running Trim Galore on: 

Trim Galore v2.3.0
unknown — linux/x86_64 — built 2026-06-27T16:23:35Z
==================================================

Using 4 worker threads (parallel trim + compress)
Auto-detecting adapter type...
Using Nextera adapter for trimming (count: 115757). Second best hit was smallRNA (count: 12).
Adapter: Nextera (CTGTCTCTTATA)

Poly-G trimming: ENABLED (auto-detected). 116289 of 1000000 reads (11.63%) have poly-G tails (>=10bp) — consistent with 2-colour chemistry (NovaSeq/NextSeq). To disable: --no_poly_g
Trimming (paired-end):
  R1: /scratch4/workspace/jade_fiorilla_student_uml_edu-rawseqorcc/fastq/2024_Hyp03_Hyp04_B41_gut_S157_R1_001.fastq.gz
  R2: /scratch4/workspace/jade_fiorilla_student_uml_edu-rawseqorcc/fastq/2024_Hyp03_Hyp04_B41_gut_S157_R2_001.fastq.gz
  Output R1: /scratch4/workspace/jade_fiorilla_student_uml_edu-rawseqorcc/trimmed/2024_Hyp03_Hyp04_B41_gut_S157_R1_001_val_1.fq.gz
  Output R2: /scratch4/workspace/jade_fiorilla_student_uml_edu-rawseqorcc/trimmed/2024_Hyp03_Hyp04_B41_gut_S157_R2_001_val_2.fq.gz

=== Summary (Read 1) ===

Total reads processed:              1096756
Reads with adapters:                1085928 (99.0%)

=== Summary (Read 2) ===

Total reads processed:              1096756
Reads with adapters:                1085054 (98.9%)
R1 reads with poly-G trimmed:           849 (0.1%)
  R1 poly-G bases removed:           125354
R2 reads with poly-G trimmed:          1938 (0.2%)
  R2 poly-G bases removed:           450610

=== Paired-end validation ===

Pairs analyzed:                     1096756
Pairs removed:                         2466 (0.2%)
Unpaired R1 kept:                      2266
Unpaired R2 kept:                        88
Report: /scratch4/workspace/jade_fiorilla_student_uml_edu-rawseqorcc/trimmed/2024_Hyp03_Hyp04_B41_gut_S157_R1_001.fastq.gz_trimming_report.txt
JSON report: /scratch4/workspace/jade_fiorilla_student_uml_edu-rawseqorcc/trimmed/2024_Hyp03_Hyp04_B41_gut_S157_R1_001.fastq.gz_trimming_report.json
Report: /scratch4/workspace/jade_fiorilla_student_uml_edu-rawseqorcc/trimmed/2024_Hyp03_Hyp04_B41_gut_S157_R2_001.fastq.gz_trimming_report.txt
JSON report: /scratch4/workspace/jade_fiorilla_student_uml_edu-rawseqorcc/trimmed/2024_Hyp03_Hyp04_B41_gut_S157_R2_001.fastq.gz_trimming_report.json

Running FastQC on /scratch4/workspace/jade_fiorilla_student_uml_edu-rawseqorcc/trimmed/2024_Hyp03_Hyp04_B41_gut_S157_R1_001_val_1.fq.gz

Running FastQC on /scratch4/workspace/jade_fiorilla_student_uml_edu-rawseqorcc/trimmed/2024_Hyp03_Hyp04_B41_gut_S157_R2_001_val_2.fq.gz
Running Trim Galore on: 

Trim Galore v2.3.0
unknown — linux/x86_64 — built 2026-06-27T16:23:35Z
==================================================

Using 4 worker threads (parallel trim + compress)
Auto-detecting adapter type...
Using Nextera adapter for trimming (count: 24491). Second best hit was smallRNA (count: 1211).
Adapter: Nextera (CTGTCTCTTATA)

Poly-G trimming: ENABLED (auto-detected). 16421 of 681584 reads (2.41%) have poly-G tails (>=10bp) — consistent with 2-colour chemistry (NovaSeq/NextSeq). To disable: --no_poly_g
Trimming (paired-end):
  R1: /scratch4/workspace/jade_fiorilla_student_uml_edu-rawseqorcc/fastq/2024_Hyp03_Hyp06_B66_gill_S253_R1_001.fastq.gz
  R2: /scratch4/workspace/jade_fiorilla_student_uml_edu-rawseqorcc/fastq/2024_Hyp03_Hyp06_B66_gill_S253_R2_001.fastq.gz
  Output R1: /scratch4/workspace/jade_fiorilla_student_uml_edu-rawseqorcc/trimmed/2024_Hyp03_Hyp06_B66_gill_S253_R1_001_val_1.fq.gz
  Output R2: /scratch4/workspace/jade_fiorilla_student_uml_edu-rawseqorcc/trimmed/2024_Hyp03_Hyp06_B66_gill_S253_R2_001_val_2.fq.gz

=== Summary (Read 1) ===

Total reads processed:               681584
Reads with adapters:                 659292 (96.7%)

=== Summary (Read 2) ===

Total reads processed:               681584
Reads with adapters:                 638304 (93.7%)
R1 reads with poly-G trimmed:          4180 (0.6%)
  R1 poly-G bases removed:            27476
R2 reads with poly-G trimmed:          6273 (0.9%)
  R2 poly-G bases removed:           337848

=== Paired-end validation ===

Pairs analyzed:                      681584
Pairs removed:                         2160 (0.3%)
Unpaired R1 kept:                      2065
Unpaired R2 kept:                        42
Report: /scratch4/workspace/jade_fiorilla_student_uml_edu-rawseqorcc/trimmed/2024_Hyp03_Hyp06_B66_gill_S253_R1_001.fastq.gz_trimming_report.txt
JSON report: /scratch4/workspace/jade_fiorilla_student_uml_edu-rawseqorcc/trimmed/2024_Hyp03_Hyp06_B66_gill_S253_R1_001.fastq.gz_trimming_report.json
Report: /scratch4/workspace/jade_fiorilla_student_uml_edu-rawseqorcc/trimmed/2024_Hyp03_Hyp06_B66_gill_S253_R2_001.fastq.gz_trimming_report.txt
JSON report: /scratch4/workspace/jade_fiorilla_student_uml_edu-rawseqorcc/trimmed/2024_Hyp03_Hyp06_B66_gill_S253_R2_001.fastq.gz_trimming_report.json

Running FastQC on /scratch4/workspace/jade_fiorilla_student_uml_edu-rawseqorcc/trimmed/2024_Hyp03_Hyp06_B66_gill_S253_R1_001_val_1.fq.gz

Running FastQC on /scratch4/workspace/jade_fiorilla_student_uml_edu-rawseqorcc/trimmed/2024_Hyp03_Hyp06_B66_gill_S253_R2_001_val_2.fq.gz
Running Trim Galore on: 

Trim Galore v2.3.0
unknown — linux/x86_64 — built 2026-06-27T16:23:35Z
==================================================

Using 4 worker threads (parallel trim + compress)
Auto-detecting adapter type...
Using Nextera adapter for trimming (count: 531202). Second best hit was smallRNA (count: 19).
Adapter: Nextera (CTGTCTCTTATA)

Poly-G trimming: ENABLED (auto-detected). 533876 of 1000000 reads (53.39%) have poly-G tails (>=10bp) — consistent with 2-colour chemistry (NovaSeq/NextSeq). To disable: --no_poly_g
Trimming (paired-end):
  R1: /scratch4/workspace/jade_fiorilla_student_uml_edu-rawseqorcc/fastq/2024_Hyp03_Hyp06_B66_gut_S56_R1_001.fastq.gz
  R2: /scratch4/workspace/jade_fiorilla_student_uml_edu-rawseqorcc/fastq/2024_Hyp03_Hyp06_B66_gut_S56_R2_001.fastq.gz
  Output R1: /scratch4/workspace/jade_fiorilla_student_uml_edu-rawseqorcc/trimmed/2024_Hyp03_Hyp06_B66_gut_S56_R1_001_val_1.fq.gz
  Output R2: /scratch4/workspace/jade_fiorilla_student_uml_edu-rawseqorcc/trimmed/2024_Hyp03_Hyp06_B66_gut_S56_R2_001_val_2.fq.gz

=== Summary (Read 1) ===

Total reads processed:              1045968
Reads with adapters:                1035635 (99.0%)

=== Summary (Read 2) ===

Total reads processed:              1045968
Reads with adapters:                1036948 (99.1%)
R1 reads with poly-G trimmed:          2589 (0.2%)
  R1 poly-G bases removed:           480064
R2 reads with poly-G trimmed:          2662 (0.3%)
  R2 poly-G bases removed:           595270

=== Paired-end validation ===

Pairs analyzed:                     1045968
Pairs removed:                         2124 (0.2%)
Unpaired R1 kept:                      1721
Unpaired R2 kept:                        53
Report: /scratch4/workspace/jade_fiorilla_student_uml_edu-rawseqorcc/trimmed/2024_Hyp03_Hyp06_B66_gut_S56_R1_001.fastq.gz_trimming_report.txt
JSON report: /scratch4/workspace/jade_fiorilla_student_uml_edu-rawseqorcc/trimmed/2024_Hyp03_Hyp06_B66_gut_S56_R1_001.fastq.gz_trimming_report.json
Report: /scratch4/workspace/jade_fiorilla_student_uml_edu-rawseqorcc/trimmed/2024_Hyp03_Hyp06_B66_gut_S56_R2_001.fastq.gz_trimming_report.txt
JSON report: /scratch4/workspace/jade_fiorilla_student_uml_edu-rawseqorcc/trimmed/2024_Hyp03_Hyp06_B66_gut_S56_R2_001.fastq.gz_trimming_report.json

Running FastQC on /scratch4/workspace/jade_fiorilla_student_uml_edu-rawseqorcc/trimmed/2024_Hyp03_Hyp06_B66_gut_S56_R1_001_val_1.fq.gz

Running FastQC on /scratch4/workspace/jade_fiorilla_student_uml_edu-rawseqorcc/trimmed/2024_Hyp03_Hyp06_B66_gut_S56_R2_001_val_2.fq.gz
Running Trim Galore on: 

Trim Galore v2.3.0
unknown — linux/x86_64 — built 2026-06-27T16:23:35Z
==================================================

Using 4 worker threads (parallel trim + compress)
Auto-detecting adapter type...
Using Nextera adapter for trimming (count: 752217). Second best hit was smallRNA (count: 203).
Adapter: Nextera (CTGTCTCTTATA)

Poly-G trimming: ENABLED (auto-detected). 763933 of 1000000 reads (76.39%) have poly-G tails (>=10bp) — consistent with 2-colour chemistry (NovaSeq/NextSeq). To disable: --no_poly_g
Trimming (paired-end):
  R1: /scratch4/workspace/jade_fiorilla_student_uml_edu-rawseqorcc/fastq/2024_Hyp03_Null_B18_gill_S182_R1_001.fastq.gz
  R2: /scratch4/workspace/jade_fiorilla_student_uml_edu-rawseqorcc/fastq/2024_Hyp03_Null_B18_gill_S182_R2_001.fastq.gz
  Output R1: /scratch4/workspace/jade_fiorilla_student_uml_edu-rawseqorcc/trimmed/2024_Hyp03_Null_B18_gill_S182_R1_001_val_1.fq.gz
  Output R2: /scratch4/workspace/jade_fiorilla_student_uml_edu-rawseqorcc/trimmed/2024_Hyp03_Null_B18_gill_S182_R2_001_val_2.fq.gz

=== Summary (Read 1) ===

Total reads processed:              2339041
Reads with adapters:                2321648 (99.3%)

=== Summary (Read 2) ===

Total reads processed:              2339041
Reads with adapters:                2306555 (98.6%)
R1 reads with poly-G trimmed:          4693 (0.2%)
  R1 poly-G bases removed:           922788
R2 reads with poly-G trimmed:          6041 (0.3%)
  R2 poly-G bases removed:          1300666

=== Paired-end validation ===

Pairs analyzed:                     2339041
Pairs removed:                        11802 (0.5%)
Unpaired R1 kept:                      1823
Unpaired R2 kept:                        79
Report: /scratch4/workspace/jade_fiorilla_student_uml_edu-rawseqorcc/trimmed/2024_Hyp03_Null_B18_gill_S182_R1_001.fastq.gz_trimming_report.txt
JSON report: /scratch4/workspace/jade_fiorilla_student_uml_edu-rawseqorcc/trimmed/2024_Hyp03_Null_B18_gill_S182_R1_001.fastq.gz_trimming_report.json
Report: /scratch4/workspace/jade_fiorilla_student_uml_edu-rawseqorcc/trimmed/2024_Hyp03_Null_B18_gill_S182_R2_001.fastq.gz_trimming_report.txt
JSON report: /scratch4/workspace/jade_fiorilla_student_uml_edu-rawseqorcc/trimmed/2024_Hyp03_Null_B18_gill_S182_R2_001.fastq.gz_trimming_report.json

Running FastQC on /scratch4/workspace/jade_fiorilla_student_uml_edu-rawseqorcc/trimmed/2024_Hyp03_Null_B18_gill_S182_R1_001_val_1.fq.gz

Running FastQC on /scratch4/workspace/jade_fiorilla_student_uml_edu-rawseqorcc/trimmed/2024_Hyp03_Null_B18_gill_S182_R2_001_val_2.fq.gz
Running Trim Galore on: 

Trim Galore v2.3.0
unknown — linux/x86_64 — built 2026-06-27T16:23:35Z
==================================================

Using 4 worker threads (parallel trim + compress)
Auto-detecting adapter type...
Using Nextera adapter for trimming (count: 431908). Second best hit was smallRNA (count: 470).
Adapter: Nextera (CTGTCTCTTATA)

Poly-G trimming: ENABLED (auto-detected). 436671 of 833098 reads (52.42%) have poly-G tails (>=10bp) — consistent with 2-colour chemistry (NovaSeq/NextSeq). To disable: --no_poly_g
Trimming (paired-end):
  R1: /scratch4/workspace/jade_fiorilla_student_uml_edu-rawseqorcc/fastq/2024_Hyp03_Null_B18_gut_S86_R1_001.fastq.gz
  R2: /scratch4/workspace/jade_fiorilla_student_uml_edu-rawseqorcc/fastq/2024_Hyp03_Null_B18_gut_S86_R2_001.fastq.gz
  Output R1: /scratch4/workspace/jade_fiorilla_student_uml_edu-rawseqorcc/trimmed/2024_Hyp03_Null_B18_gut_S86_R1_001_val_1.fq.gz
  Output R2: /scratch4/workspace/jade_fiorilla_student_uml_edu-rawseqorcc/trimmed/2024_Hyp03_Null_B18_gut_S86_R2_001_val_2.fq.gz

=== Summary (Read 1) ===

Total reads processed:               833098
Reads with adapters:                 827215 (99.3%)

=== Summary (Read 2) ===

Total reads processed:               833098
Reads with adapters:                 826119 (99.2%)
R1 reads with poly-G trimmed:          1891 (0.2%)
  R1 poly-G bases removed:           348677
R2 reads with poly-G trimmed:          2181 (0.3%)
  R2 poly-G bases removed:           496282

=== Paired-end validation ===

Pairs analyzed:                      833098
Pairs removed:                         1769 (0.2%)
Unpaired R1 kept:                      1442
Unpaired R2 kept:                        47
Report: /scratch4/workspace/jade_fiorilla_student_uml_edu-rawseqorcc/trimmed/2024_Hyp03_Null_B18_gut_S86_R1_001.fastq.gz_trimming_report.txt
JSON report: /scratch4/workspace/jade_fiorilla_student_uml_edu-rawseqorcc/trimmed/2024_Hyp03_Null_B18_gut_S86_R1_001.fastq.gz_trimming_report.json
Report: /scratch4/workspace/jade_fiorilla_student_uml_edu-rawseqorcc/trimmed/2024_Hyp03_Null_B18_gut_S86_R2_001.fastq.gz_trimming_report.txt
JSON report: /scratch4/workspace/jade_fiorilla_student_uml_edu-rawseqorcc/trimmed/2024_Hyp03_Null_B18_gut_S86_R2_001.fastq.gz_trimming_report.json

Running FastQC on /scratch4/workspace/jade_fiorilla_student_uml_edu-rawseqorcc/trimmed/2024_Hyp03_Null_B18_gut_S86_R1_001_val_1.fq.gz

Running FastQC on /scratch4/workspace/jade_fiorilla_student_uml_edu-rawseqorcc/trimmed/2024_Hyp03_Null_B18_gut_S86_R2_001_val_2.fq.gz
Running Trim Galore on: 

Trim Galore v2.3.0
unknown — linux/x86_64 — built 2026-06-27T16:23:35Z
==================================================

Using 4 worker threads (parallel trim + compress)
Auto-detecting adapter type...
Using Nextera adapter for trimming (count: 2957). Second best hit was smallRNA (count: 1958).
Adapter: Nextera (CTGTCTCTTATA)

Poly-G trimming: ENABLED (auto-detected). 902 of 1000000 reads (0.09%) have poly-G tails (>=10bp) — consistent with 2-colour chemistry (NovaSeq/NextSeq). To disable: --no_poly_g
Trimming (paired-end):
  R1: /scratch4/workspace/jade_fiorilla_student_uml_edu-rawseqorcc/fastq/2024_Hyp03_Warm03_B30_gill_S210_R1_001.fastq.gz
  R2: /scratch4/workspace/jade_fiorilla_student_uml_edu-rawseqorcc/fastq/2024_Hyp03_Warm03_B30_gill_S210_R2_001.fastq.gz
  Output R1: /scratch4/workspace/jade_fiorilla_student_uml_edu-rawseqorcc/trimmed/2024_Hyp03_Warm03_B30_gill_S210_R1_001_val_1.fq.gz
  Output R2: /scratch4/workspace/jade_fiorilla_student_uml_edu-rawseqorcc/trimmed/2024_Hyp03_Warm03_B30_gill_S210_R2_001_val_2.fq.gz

=== Summary (Read 1) ===

Total reads processed:              2107768
Reads with adapters:                2083613 (98.9%)

=== Summary (Read 2) ===

Total reads processed:              2107768
Reads with adapters:                2021504 (95.9%)
R1 reads with poly-G trimmed:           414 (0.0%)
  R1 poly-G bases removed:             5778
R2 reads with poly-G trimmed:          1769 (0.1%)
  R2 poly-G bases removed:           262423

=== Paired-end validation ===

Pairs analyzed:                     2107768
Pairs removed:                         2923 (0.1%)
Unpaired R1 kept:                      2723
Unpaired R2 kept:                        76
Report: /scratch4/workspace/jade_fiorilla_student_uml_edu-rawseqorcc/trimmed/2024_Hyp03_Warm03_B30_gill_S210_R1_001.fastq.gz_trimming_report.txt
JSON report: /scratch4/workspace/jade_fiorilla_student_uml_edu-rawseqorcc/trimmed/2024_Hyp03_Warm03_B30_gill_S210_R1_001.fastq.gz_trimming_report.json
Report: /scratch4/workspace/jade_fiorilla_student_uml_edu-rawseqorcc/trimmed/2024_Hyp03_Warm03_B30_gill_S210_R2_001.fastq.gz_trimming_report.txt
JSON report: /scratch4/workspace/jade_fiorilla_student_uml_edu-rawseqorcc/trimmed/2024_Hyp03_Warm03_B30_gill_S210_R2_001.fastq.gz_trimming_report.json

Running FastQC on /scratch4/workspace/jade_fiorilla_student_uml_edu-rawseqorcc/trimmed/2024_Hyp03_Warm03_B30_gill_S210_R1_001_val_1.fq.gz

Running FastQC on /scratch4/workspace/jade_fiorilla_student_uml_edu-rawseqorcc/trimmed/2024_Hyp03_Warm03_B30_gill_S210_R2_001_val_2.fq.gz
Running Trim Galore on: 

Trim Galore v2.3.0
unknown — linux/x86_64 — built 2026-06-27T16:23:35Z
==================================================

Using 4 worker threads (parallel trim + compress)
Auto-detecting adapter type...
Using Nextera adapter for trimming (count: 386119). Second best hit was smallRNA (count: 1970).
Adapter: Nextera (CTGTCTCTTATA)

Poly-G trimming: ENABLED (auto-detected). 338244 of 1000000 reads (33.82%) have poly-G tails (>=10bp) — consistent with 2-colour chemistry (NovaSeq/NextSeq). To disable: --no_poly_g
Trimming (paired-end):
  R1: /scratch4/workspace/jade_fiorilla_student_uml_edu-rawseqorcc/fastq/2024_Hyp03_Warm03_B30_gut_S135_R1_001.fastq.gz
  R2: /scratch4/workspace/jade_fiorilla_student_uml_edu-rawseqorcc/fastq/2024_Hyp03_Warm03_B30_gut_S135_R2_001.fastq.gz
  Output R1: /scratch4/workspace/jade_fiorilla_student_uml_edu-rawseqorcc/trimmed/2024_Hyp03_Warm03_B30_gut_S135_R1_001_val_1.fq.gz
  Output R2: /scratch4/workspace/jade_fiorilla_student_uml_edu-rawseqorcc/trimmed/2024_Hyp03_Warm03_B30_gut_S135_R2_001_val_2.fq.gz

=== Summary (Read 1) ===

Total reads processed:              1691598
Reads with adapters:                1655986 (97.9%)

=== Summary (Read 2) ===

Total reads processed:              1691598
Reads with adapters:                1652235 (97.7%)
R1 reads with poly-G trimmed:         11794 (0.7%)
  R1 poly-G bases removed:           480771
R2 reads with poly-G trimmed:         16192 (1.0%)
  R2 poly-G bases removed:          1032587

=== Paired-end validation ===

Pairs analyzed:                     1691598
Pairs removed:                         4924 (0.3%)
Unpaired R1 kept:                      4387
Unpaired R2 kept:                       173
Report: /scratch4/workspace/jade_fiorilla_student_uml_edu-rawseqorcc/trimmed/2024_Hyp03_Warm03_B30_gut_S135_R1_001.fastq.gz_trimming_report.txt
JSON report: /scratch4/workspace/jade_fiorilla_student_uml_edu-rawseqorcc/trimmed/2024_Hyp03_Warm03_B30_gut_S135_R1_001.fastq.gz_trimming_report.json
Report: /scratch4/workspace/jade_fiorilla_student_uml_edu-rawseqorcc/trimmed/2024_Hyp03_Warm03_B30_gut_S135_R2_001.fastq.gz_trimming_report.txt
JSON report: /scratch4/workspace/jade_fiorilla_student_uml_edu-rawseqorcc/trimmed/2024_Hyp03_Warm03_B30_gut_S135_R2_001.fastq.gz_trimming_report.json

Running FastQC on /scratch4/workspace/jade_fiorilla_student_uml_edu-rawseqorcc/trimmed/2024_Hyp03_Warm03_B30_gut_S135_R1_001_val_1.fq.gz

Running FastQC on /scratch4/workspace/jade_fiorilla_student_uml_edu-rawseqorcc/trimmed/2024_Hyp03_Warm03_B30_gut_S135_R2_001_val_2.fq.gz
Running Trim Galore on: 

Trim Galore v2.3.0
unknown — linux/x86_64 — built 2026-06-27T16:23:35Z
==================================================

Using 4 worker threads (parallel trim + compress)
Auto-detecting adapter type...
Using Nextera adapter for trimming (count: 20781). Second best hit was smallRNA (count: 283).
Adapter: Nextera (CTGTCTCTTATA)

Poly-G trimming: ENABLED (auto-detected). 19700 of 1000000 reads (1.97%) have poly-G tails (>=10bp) — consistent with 2-colour chemistry (NovaSeq/NextSeq). To disable: --no_poly_g
Trimming (paired-end):
  R1: /scratch4/workspace/jade_fiorilla_student_uml_edu-rawseqorcc/fastq/2024_Hyp03_Warm06_B66_gill_S207_R1_001.fastq.gz
  R2: /scratch4/workspace/jade_fiorilla_student_uml_edu-rawseqorcc/fastq/2024_Hyp03_Warm06_B66_gill_S207_R2_001.fastq.gz
  Output R1: /scratch4/workspace/jade_fiorilla_student_uml_edu-rawseqorcc/trimmed/2024_Hyp03_Warm06_B66_gill_S207_R1_001_val_1.fq.gz
  Output R2: /scratch4/workspace/jade_fiorilla_student_uml_edu-rawseqorcc/trimmed/2024_Hyp03_Warm06_B66_gill_S207_R2_001_val_2.fq.gz

=== Summary (Read 1) ===

Total reads processed:              1803614
Reads with adapters:                1775829 (98.5%)

=== Summary (Read 2) ===

Total reads processed:              1803614
Reads with adapters:                1737450 (96.3%)
R1 reads with poly-G trimmed:           611 (0.0%)
  R1 poly-G bases removed:            24870
R2 reads with poly-G trimmed:          1410 (0.1%)
  R2 poly-G bases removed:           249314

=== Paired-end validation ===

Pairs analyzed:                     1803614
Pairs removed:                         2622 (0.1%)
Unpaired R1 kept:                      2267
Unpaired R2 kept:                        93
Report: /scratch4/workspace/jade_fiorilla_student_uml_edu-rawseqorcc/trimmed/2024_Hyp03_Warm06_B66_gill_S207_R1_001.fastq.gz_trimming_report.txt
JSON report: /scratch4/workspace/jade_fiorilla_student_uml_edu-rawseqorcc/trimmed/2024_Hyp03_Warm06_B66_gill_S207_R1_001.fastq.gz_trimming_report.json
Report: /scratch4/workspace/jade_fiorilla_student_uml_edu-rawseqorcc/trimmed/2024_Hyp03_Warm06_B66_gill_S207_R2_001.fastq.gz_trimming_report.txt
JSON report: /scratch4/workspace/jade_fiorilla_student_uml_edu-rawseqorcc/trimmed/2024_Hyp03_Warm06_B66_gill_S207_R2_001.fastq.gz_trimming_report.json

Running FastQC on /scratch4/workspace/jade_fiorilla_student_uml_edu-rawseqorcc/trimmed/2024_Hyp03_Warm06_B66_gill_S207_R1_001_val_1.fq.gz

Running FastQC on /scratch4/workspace/jade_fiorilla_student_uml_edu-rawseqorcc/trimmed/2024_Hyp03_Warm06_B66_gill_S207_R2_001_val_2.fq.gz
Running Trim Galore on: 

Trim Galore v2.3.0
unknown — linux/x86_64 — built 2026-06-27T16:23:35Z
==================================================

Using 4 worker threads (parallel trim + compress)
Auto-detecting adapter type...
Using Nextera adapter for trimming (count: 198298). Second best hit was smallRNA (count: 1135).
Adapter: Nextera (CTGTCTCTTATA)

Poly-G trimming: ENABLED (auto-detected). 200127 of 627744 reads (31.88%) have poly-G tails (>=10bp) — consistent with 2-colour chemistry (NovaSeq/NextSeq). To disable: --no_poly_g
Trimming (paired-end):
  R1: /scratch4/workspace/jade_fiorilla_student_uml_edu-rawseqorcc/fastq/2024_Hyp03_Warm06_B66_gut_S15_R1_001.fastq.gz
  R2: /scratch4/workspace/jade_fiorilla_student_uml_edu-rawseqorcc/fastq/2024_Hyp03_Warm06_B66_gut_S15_R2_001.fastq.gz
  Output R1: /scratch4/workspace/jade_fiorilla_student_uml_edu-rawseqorcc/trimmed/2024_Hyp03_Warm06_B66_gut_S15_R1_001_val_1.fq.gz
  Output R2: /scratch4/workspace/jade_fiorilla_student_uml_edu-rawseqorcc/trimmed/2024_Hyp03_Warm06_B66_gut_S15_R2_001_val_2.fq.gz

=== Summary (Read 1) ===

Total reads processed:               627744
Reads with adapters:                 612589 (97.6%)

=== Summary (Read 2) ===

Total reads processed:               627744
Reads with adapters:                 617756 (98.4%)
R1 reads with poly-G trimmed:          1691 (0.3%)
  R1 poly-G bases removed:           275775
R2 reads with poly-G trimmed:          1510 (0.2%)
  R2 poly-G bases removed:           332089

=== Paired-end validation ===

Pairs analyzed:                      627744
Pairs removed:                         1522 (0.2%)
Unpaired R1 kept:                      1386
Unpaired R2 kept:                        34
Report: /scratch4/workspace/jade_fiorilla_student_uml_edu-rawseqorcc/trimmed/2024_Hyp03_Warm06_B66_gut_S15_R1_001.fastq.gz_trimming_report.txt
JSON report: /scratch4/workspace/jade_fiorilla_student_uml_edu-rawseqorcc/trimmed/2024_Hyp03_Warm06_B66_gut_S15_R1_001.fastq.gz_trimming_report.json
Report: /scratch4/workspace/jade_fiorilla_student_uml_edu-rawseqorcc/trimmed/2024_Hyp03_Warm06_B66_gut_S15_R2_001.fastq.gz_trimming_report.txt
JSON report: /scratch4/workspace/jade_fiorilla_student_uml_edu-rawseqorcc/trimmed/2024_Hyp03_Warm06_B66_gut_S15_R2_001.fastq.gz_trimming_report.json

Running FastQC on /scratch4/workspace/jade_fiorilla_student_uml_edu-rawseqorcc/trimmed/2024_Hyp03_Warm06_B66_gut_S15_R1_001_val_1.fq.gz

Running FastQC on /scratch4/workspace/jade_fiorilla_student_uml_edu-rawseqorcc/trimmed/2024_Hyp03_Warm06_B66_gut_S15_R2_001_val_2.fq.gz
Running Trim Galore on: 

Trim Galore v2.3.0
unknown — linux/x86_64 — built 2026-06-27T16:23:35Z
==================================================

Using 4 worker threads (parallel trim + compress)
Auto-detecting adapter type...
Using Nextera adapter for trimming (count: 664395). Second best hit was smallRNA (count: 203).
Adapter: Nextera (CTGTCTCTTATA)

Poly-G trimming: ENABLED (auto-detected). 681119 of 1000000 reads (68.11%) have poly-G tails (>=10bp) — consistent with 2-colour chemistry (NovaSeq/NextSeq). To disable: --no_poly_g
Trimming (paired-end):
  R1: /scratch4/workspace/jade_fiorilla_student_uml_edu-rawseqorcc/fastq/2024_Hyp04_Hyp02_B19_gill_S186_R1_001.fastq.gz
  R2: /scratch4/workspace/jade_fiorilla_student_uml_edu-rawseqorcc/fastq/2024_Hyp04_Hyp02_B19_gill_S186_R2_001.fastq.gz
  Output R1: /scratch4/workspace/jade_fiorilla_student_uml_edu-rawseqorcc/trimmed/2024_Hyp04_Hyp02_B19_gill_S186_R1_001_val_1.fq.gz
  Output R2: /scratch4/workspace/jade_fiorilla_student_uml_edu-rawseqorcc/trimmed/2024_Hyp04_Hyp02_B19_gill_S186_R2_001_val_2.fq.gz

=== Summary (Read 1) ===

Total reads processed:              2100937
Reads with adapters:                2066100 (98.3%)

=== Summary (Read 2) ===

Total reads processed:              2100937
Reads with adapters:                2064555 (98.3%)
R1 reads with poly-G trimmed:         20534 (1.0%)
  R1 poly-G bases removed:          1058815
R2 reads with poly-G trimmed:         22473 (1.1%)
  R2 poly-G bases removed:          1421255

=== Paired-end validation ===

Pairs analyzed:                     2100937
Pairs removed:                         4435 (0.2%)
Unpaired R1 kept:                      3547
Unpaired R2 kept:                       203
Report: /scratch4/workspace/jade_fiorilla_student_uml_edu-rawseqorcc/trimmed/2024_Hyp04_Hyp02_B19_gill_S186_R1_001.fastq.gz_trimming_report.txt
JSON report: /scratch4/workspace/jade_fiorilla_student_uml_edu-rawseqorcc/trimmed/2024_Hyp04_Hyp02_B19_gill_S186_R1_001.fastq.gz_trimming_report.json
Report: /scratch4/workspace/jade_fiorilla_student_uml_edu-rawseqorcc/trimmed/2024_Hyp04_Hyp02_B19_gill_S186_R2_001.fastq.gz_trimming_report.txt
JSON report: /scratch4/workspace/jade_fiorilla_student_uml_edu-rawseqorcc/trimmed/2024_Hyp04_Hyp02_B19_gill_S186_R2_001.fastq.gz_trimming_report.json

Running FastQC on /scratch4/workspace/jade_fiorilla_student_uml_edu-rawseqorcc/trimmed/2024_Hyp04_Hyp02_B19_gill_S186_R1_001_val_1.fq.gz

Running FastQC on /scratch4/workspace/jade_fiorilla_student_uml_edu-rawseqorcc/trimmed/2024_Hyp04_Hyp02_B19_gill_S186_R2_001_val_2.fq.gz
Running Trim Galore on: 

Trim Galore v2.3.0
unknown — linux/x86_64 — built 2026-06-27T16:23:35Z
==================================================

Using 4 worker threads (parallel trim + compress)
Auto-detecting adapter type...
Using Nextera adapter for trimming (count: 101698). Second best hit was smallRNA (count: 797).
Adapter: Nextera (CTGTCTCTTATA)

Poly-G trimming: ENABLED (auto-detected). 102183 of 644153 reads (15.86%) have poly-G tails (>=10bp) — consistent with 2-colour chemistry (NovaSeq/NextSeq). To disable: --no_poly_g
Trimming (paired-end):
  R1: /scratch4/workspace/jade_fiorilla_student_uml_edu-rawseqorcc/fastq/2024_Hyp04_Hyp02_B19_gut_S16_R1_001.fastq.gz
  R2: /scratch4/workspace/jade_fiorilla_student_uml_edu-rawseqorcc/fastq/2024_Hyp04_Hyp02_B19_gut_S16_R2_001.fastq.gz
  Output R1: /scratch4/workspace/jade_fiorilla_student_uml_edu-rawseqorcc/trimmed/2024_Hyp04_Hyp02_B19_gut_S16_R1_001_val_1.fq.gz
  Output R2: /scratch4/workspace/jade_fiorilla_student_uml_edu-rawseqorcc/trimmed/2024_Hyp04_Hyp02_B19_gut_S16_R2_001_val_2.fq.gz

=== Summary (Read 1) ===

Total reads processed:               644153
Reads with adapters:                 636570 (98.8%)

=== Summary (Read 2) ===

Total reads processed:               644153
Reads with adapters:                 636424 (98.8%)
R1 reads with poly-G trimmed:           697 (0.1%)
  R1 poly-G bases removed:           106078
R2 reads with poly-G trimmed:          1428 (0.2%)
  R2 poly-G bases removed:           313969

=== Paired-end validation ===

Pairs analyzed:                      644153
Pairs removed:                         1761 (0.3%)
Unpaired R1 kept:                      1610
Unpaired R2 kept:                        48
Report: /scratch4/workspace/jade_fiorilla_student_uml_edu-rawseqorcc/trimmed/2024_Hyp04_Hyp02_B19_gut_S16_R1_001.fastq.gz_trimming_report.txt
JSON report: /scratch4/workspace/jade_fiorilla_student_uml_edu-rawseqorcc/trimmed/2024_Hyp04_Hyp02_B19_gut_S16_R1_001.fastq.gz_trimming_report.json
Report: /scratch4/workspace/jade_fiorilla_student_uml_edu-rawseqorcc/trimmed/2024_Hyp04_Hyp02_B19_gut_S16_R2_001.fastq.gz_trimming_report.txt
JSON report: /scratch4/workspace/jade_fiorilla_student_uml_edu-rawseqorcc/trimmed/2024_Hyp04_Hyp02_B19_gut_S16_R2_001.fastq.gz_trimming_report.json

Running FastQC on /scratch4/workspace/jade_fiorilla_student_uml_edu-rawseqorcc/trimmed/2024_Hyp04_Hyp02_B19_gut_S16_R1_001_val_1.fq.gz

Running FastQC on /scratch4/workspace/jade_fiorilla_student_uml_edu-rawseqorcc/trimmed/2024_Hyp04_Hyp02_B19_gut_S16_R2_001_val_2.fq.gz
Running Trim Galore on: 

Trim Galore v2.3.0
unknown — linux/x86_64 — built 2026-06-27T16:23:35Z
==================================================

Using 4 worker threads (parallel trim + compress)
Auto-detecting adapter type...
Using Nextera adapter for trimming (count: 40999). Second best hit was smallRNA (count: 1644).
Adapter: Nextera (CTGTCTCTTATA)

Poly-G trimming: ENABLED (auto-detected). 36639 of 641993 reads (5.71%) have poly-G tails (>=10bp) — consistent with 2-colour chemistry (NovaSeq/NextSeq). To disable: --no_poly_g
Trimming (paired-end):
  R1: /scratch4/workspace/jade_fiorilla_student_uml_edu-rawseqorcc/fastq/2024_Hyp04_Null_B28_gill_S256_R1_001.fastq.gz
  R2: /scratch4/workspace/jade_fiorilla_student_uml_edu-rawseqorcc/fastq/2024_Hyp04_Null_B28_gill_S256_R2_001.fastq.gz
  Output R1: /scratch4/workspace/jade_fiorilla_student_uml_edu-rawseqorcc/trimmed/2024_Hyp04_Null_B28_gill_S256_R1_001_val_1.fq.gz
  Output R2: /scratch4/workspace/jade_fiorilla_student_uml_edu-rawseqorcc/trimmed/2024_Hyp04_Null_B28_gill_S256_R2_001_val_2.fq.gz

=== Summary (Read 1) ===

Total reads processed:               641993
Reads with adapters:                 583052 (90.8%)

=== Summary (Read 2) ===

Total reads processed:               641993
Reads with adapters:                 603982 (94.1%)
R1 reads with poly-G trimmed:          5045 (0.8%)
  R1 poly-G bases removed:            32359
R2 reads with poly-G trimmed:          5537 (0.9%)
  R2 poly-G bases removed:           301368

=== Paired-end validation ===

Pairs analyzed:                      641993
Pairs removed:                         1775 (0.3%)
Unpaired R1 kept:                      1675
Unpaired R2 kept:                        45
Report: /scratch4/workspace/jade_fiorilla_student_uml_edu-rawseqorcc/trimmed/2024_Hyp04_Null_B28_gill_S256_R1_001.fastq.gz_trimming_report.txt
JSON report: /scratch4/workspace/jade_fiorilla_student_uml_edu-rawseqorcc/trimmed/2024_Hyp04_Null_B28_gill_S256_R1_001.fastq.gz_trimming_report.json
Report: /scratch4/workspace/jade_fiorilla_student_uml_edu-rawseqorcc/trimmed/2024_Hyp04_Null_B28_gill_S256_R2_001.fastq.gz_trimming_report.txt
JSON report: /scratch4/workspace/jade_fiorilla_student_uml_edu-rawseqorcc/trimmed/2024_Hyp04_Null_B28_gill_S256_R2_001.fastq.gz_trimming_report.json

Running FastQC on /scratch4/workspace/jade_fiorilla_student_uml_edu-rawseqorcc/trimmed/2024_Hyp04_Null_B28_gill_S256_R1_001_val_1.fq.gz

Running FastQC on /scratch4/workspace/jade_fiorilla_student_uml_edu-rawseqorcc/trimmed/2024_Hyp04_Null_B28_gill_S256_R2_001_val_2.fq.gz
Running Trim Galore on: 

Trim Galore v2.3.0
unknown — linux/x86_64 — built 2026-06-27T16:23:35Z
==================================================

Using 4 worker threads (parallel trim + compress)
Auto-detecting adapter type...
Using Nextera adapter for trimming (count: 470398). Second best hit was smallRNA (count: 409).
Adapter: Nextera (CTGTCTCTTATA)

Poly-G trimming: ENABLED (auto-detected). 473508 of 905112 reads (52.31%) have poly-G tails (>=10bp) — consistent with 2-colour chemistry (NovaSeq/NextSeq). To disable: --no_poly_g
Trimming (paired-end):
  R1: /scratch4/workspace/jade_fiorilla_student_uml_edu-rawseqorcc/fastq/2024_Hyp04_Null_B28_gut_S87_R1_001.fastq.gz
  R2: /scratch4/workspace/jade_fiorilla_student_uml_edu-rawseqorcc/fastq/2024_Hyp04_Null_B28_gut_S87_R2_001.fastq.gz
  Output R1: /scratch4/workspace/jade_fiorilla_student_uml_edu-rawseqorcc/trimmed/2024_Hyp04_Null_B28_gut_S87_R1_001_val_1.fq.gz
  Output R2: /scratch4/workspace/jade_fiorilla_student_uml_edu-rawseqorcc/trimmed/2024_Hyp04_Null_B28_gut_S87_R2_001_val_2.fq.gz

=== Summary (Read 1) ===

Total reads processed:               905112
Reads with adapters:                 898758 (99.3%)

=== Summary (Read 2) ===

Total reads processed:               905112
Reads with adapters:                 897543 (99.2%)
R1 reads with poly-G trimmed:          2343 (0.3%)
  R1 poly-G bases removed:           430790
R2 reads with poly-G trimmed:          2310 (0.3%)
  R2 poly-G bases removed:           528134

=== Paired-end validation ===

Pairs analyzed:                      905112
Pairs removed:                         1762 (0.2%)
Unpaired R1 kept:                      1381
Unpaired R2 kept:                        48
Report: /scratch4/workspace/jade_fiorilla_student_uml_edu-rawseqorcc/trimmed/2024_Hyp04_Null_B28_gut_S87_R1_001.fastq.gz_trimming_report.txt
JSON report: /scratch4/workspace/jade_fiorilla_student_uml_edu-rawseqorcc/trimmed/2024_Hyp04_Null_B28_gut_S87_R1_001.fastq.gz_trimming_report.json
Report: /scratch4/workspace/jade_fiorilla_student_uml_edu-rawseqorcc/trimmed/2024_Hyp04_Null_B28_gut_S87_R2_001.fastq.gz_trimming_report.txt
JSON report: /scratch4/workspace/jade_fiorilla_student_uml_edu-rawseqorcc/trimmed/2024_Hyp04_Null_B28_gut_S87_R2_001.fastq.gz_trimming_report.json

Running FastQC on /scratch4/workspace/jade_fiorilla_student_uml_edu-rawseqorcc/trimmed/2024_Hyp04_Null_B28_gut_S87_R1_001_val_1.fq.gz

Running FastQC on /scratch4/workspace/jade_fiorilla_student_uml_edu-rawseqorcc/trimmed/2024_Hyp04_Null_B28_gut_S87_R2_001_val_2.fq.gz
Running Trim Galore on: 

Trim Galore v2.3.0
unknown — linux/x86_64 — built 2026-06-27T16:23:35Z
==================================================

Using 4 worker threads (parallel trim + compress)
Auto-detecting adapter type...
Using Nextera adapter for trimming (count: 131639). Second best hit was smallRNA (count: 1353).
Adapter: Nextera (CTGTCTCTTATA)

Poly-G trimming: ENABLED (auto-detected). 131615 of 988119 reads (13.32%) have poly-G tails (>=10bp) — consistent with 2-colour chemistry (NovaSeq/NextSeq). To disable: --no_poly_g
Trimming (paired-end):
  R1: /scratch4/workspace/jade_fiorilla_student_uml_edu-rawseqorcc/fastq/2024_Hyp04_Warm01_B7_gill_S17_R1_001.fastq.gz
  R2: /scratch4/workspace/jade_fiorilla_student_uml_edu-rawseqorcc/fastq/2024_Hyp04_Warm01_B7_gill_S17_R2_001.fastq.gz
  Output R1: /scratch4/workspace/jade_fiorilla_student_uml_edu-rawseqorcc/trimmed/2024_Hyp04_Warm01_B7_gill_S17_R1_001_val_1.fq.gz
  Output R2: /scratch4/workspace/jade_fiorilla_student_uml_edu-rawseqorcc/trimmed/2024_Hyp04_Warm01_B7_gill_S17_R2_001_val_2.fq.gz

=== Summary (Read 1) ===

Total reads processed:               988119
Reads with adapters:                 961279 (97.3%)

=== Summary (Read 2) ===

Total reads processed:               988119
Reads with adapters:                 969802 (98.1%)
R1 reads with poly-G trimmed:          1114 (0.1%)
  R1 poly-G bases removed:           165034
R2 reads with poly-G trimmed:          2307 (0.2%)
  R2 poly-G bases removed:           513837

=== Paired-end validation ===

Pairs analyzed:                      988119
Pairs removed:                         2761 (0.3%)
Unpaired R1 kept:                      2495
Unpaired R2 kept:                        97
Report: /scratch4/workspace/jade_fiorilla_student_uml_edu-rawseqorcc/trimmed/2024_Hyp04_Warm01_B7_gill_S17_R1_001.fastq.gz_trimming_report.txt
JSON report: /scratch4/workspace/jade_fiorilla_student_uml_edu-rawseqorcc/trimmed/2024_Hyp04_Warm01_B7_gill_S17_R1_001.fastq.gz_trimming_report.json
Report: /scratch4/workspace/jade_fiorilla_student_uml_edu-rawseqorcc/trimmed/2024_Hyp04_Warm01_B7_gill_S17_R2_001.fastq.gz_trimming_report.txt
JSON report: /scratch4/workspace/jade_fiorilla_student_uml_edu-rawseqorcc/trimmed/2024_Hyp04_Warm01_B7_gill_S17_R2_001.fastq.gz_trimming_report.json

Running FastQC on /scratch4/workspace/jade_fiorilla_student_uml_edu-rawseqorcc/trimmed/2024_Hyp04_Warm01_B7_gill_S17_R1_001_val_1.fq.gz

Running FastQC on /scratch4/workspace/jade_fiorilla_student_uml_edu-rawseqorcc/trimmed/2024_Hyp04_Warm01_B7_gill_S17_R2_001_val_2.fq.gz
Running Trim Galore on: 

Trim Galore v2.3.0
unknown — linux/x86_64 — built 2026-06-27T16:23:35Z
==================================================

Using 4 worker threads (parallel trim + compress)
Auto-detecting adapter type...
Using Nextera adapter for trimming (count: 53050). Second best hit was smallRNA (count: 1711).
Adapter: Nextera (CTGTCTCTTATA)

Poly-G trimming: ENABLED (auto-detected). 52454 of 1000000 reads (5.25%) have poly-G tails (>=10bp) — consistent with 2-colour chemistry (NovaSeq/NextSeq). To disable: --no_poly_g
Trimming (paired-end):
  R1: /scratch4/workspace/jade_fiorilla_student_uml_edu-rawseqorcc/fastq/2024_Hyp04_Warm01_B7_gut_S18_R1_001.fastq.gz
  R2: /scratch4/workspace/jade_fiorilla_student_uml_edu-rawseqorcc/fastq/2024_Hyp04_Warm01_B7_gut_S18_R2_001.fastq.gz
  Output R1: /scratch4/workspace/jade_fiorilla_student_uml_edu-rawseqorcc/trimmed/2024_Hyp04_Warm01_B7_gut_S18_R1_001_val_1.fq.gz
  Output R2: /scratch4/workspace/jade_fiorilla_student_uml_edu-rawseqorcc/trimmed/2024_Hyp04_Warm01_B7_gut_S18_R2_001_val_2.fq.gz

=== Summary (Read 1) ===

Total reads processed:              1112307
Reads with adapters:                1101563 (99.0%)

=== Summary (Read 2) ===

Total reads processed:              1112307
Reads with adapters:                1096925 (98.6%)
R1 reads with poly-G trimmed:           643 (0.1%)
  R1 poly-G bases removed:            76966
R2 reads with poly-G trimmed:          2437 (0.2%)
  R2 poly-G bases removed:           550942

=== Paired-end validation ===

Pairs analyzed:                     1112307
Pairs removed:                         3097 (0.3%)
Unpaired R1 kept:                      2929
Unpaired R2 kept:                        76
Report: /scratch4/workspace/jade_fiorilla_student_uml_edu-rawseqorcc/trimmed/2024_Hyp04_Warm01_B7_gut_S18_R1_001.fastq.gz_trimming_report.txt
JSON report: /scratch4/workspace/jade_fiorilla_student_uml_edu-rawseqorcc/trimmed/2024_Hyp04_Warm01_B7_gut_S18_R1_001.fastq.gz_trimming_report.json
Report: /scratch4/workspace/jade_fiorilla_student_uml_edu-rawseqorcc/trimmed/2024_Hyp04_Warm01_B7_gut_S18_R2_001.fastq.gz_trimming_report.txt
JSON report: /scratch4/workspace/jade_fiorilla_student_uml_edu-rawseqorcc/trimmed/2024_Hyp04_Warm01_B7_gut_S18_R2_001.fastq.gz_trimming_report.json

Running FastQC on /scratch4/workspace/jade_fiorilla_student_uml_edu-rawseqorcc/trimmed/2024_Hyp04_Warm01_B7_gut_S18_R1_001_val_1.fq.gz

Running FastQC on /scratch4/workspace/jade_fiorilla_student_uml_edu-rawseqorcc/trimmed/2024_Hyp04_Warm01_B7_gut_S18_R2_001_val_2.fq.gz
Running Trim Galore on: 

Trim Galore v2.3.0
unknown — linux/x86_64 — built 2026-06-27T16:23:35Z
==================================================

Using 4 worker threads (parallel trim + compress)
Auto-detecting adapter type...
Using Nextera adapter for trimming (count: 210088). Second best hit was smallRNA (count: 22).
Adapter: Nextera (CTGTCTCTTATA)

Poly-G trimming: ENABLED (auto-detected). 211107 of 1000000 reads (21.11%) have poly-G tails (>=10bp) — consistent with 2-colour chemistry (NovaSeq/NextSeq). To disable: --no_poly_g
Trimming (paired-end):
  R1: /scratch4/workspace/jade_fiorilla_student_uml_edu-rawseqorcc/fastq/2024_Hyp05_Both01_B9_gill_S19_R1_001.fastq.gz
  R2: /scratch4/workspace/jade_fiorilla_student_uml_edu-rawseqorcc/fastq/2024_Hyp05_Both01_B9_gill_S19_R2_001.fastq.gz
  Output R1: /scratch4/workspace/jade_fiorilla_student_uml_edu-rawseqorcc/trimmed/2024_Hyp05_Both01_B9_gill_S19_R1_001_val_1.fq.gz
  Output R2: /scratch4/workspace/jade_fiorilla_student_uml_edu-rawseqorcc/trimmed/2024_Hyp05_Both01_B9_gill_S19_R2_001_val_2.fq.gz

=== Summary (Read 1) ===

Total reads processed:              1092196
Reads with adapters:                1057744 (96.8%)

=== Summary (Read 2) ===

Total reads processed:              1092196
Reads with adapters:                1047264 (95.9%)
R1 reads with poly-G trimmed:          1643 (0.2%)
  R1 poly-G bases removed:           271814
R2 reads with poly-G trimmed:          2942 (0.3%)
  R2 poly-G bases removed:           604644

=== Paired-end validation ===

Pairs analyzed:                     1092196
Pairs removed:                         2844 (0.3%)
Unpaired R1 kept:                      2592
Unpaired R2 kept:                        57
Report: /scratch4/workspace/jade_fiorilla_student_uml_edu-rawseqorcc/trimmed/2024_Hyp05_Both01_B9_gill_S19_R1_001.fastq.gz_trimming_report.txt
JSON report: /scratch4/workspace/jade_fiorilla_student_uml_edu-rawseqorcc/trimmed/2024_Hyp05_Both01_B9_gill_S19_R1_001.fastq.gz_trimming_report.json
Report: /scratch4/workspace/jade_fiorilla_student_uml_edu-rawseqorcc/trimmed/2024_Hyp05_Both01_B9_gill_S19_R2_001.fastq.gz_trimming_report.txt
JSON report: /scratch4/workspace/jade_fiorilla_student_uml_edu-rawseqorcc/trimmed/2024_Hyp05_Both01_B9_gill_S19_R2_001.fastq.gz_trimming_report.json

Running FastQC on /scratch4/workspace/jade_fiorilla_student_uml_edu-rawseqorcc/trimmed/2024_Hyp05_Both01_B9_gill_S19_R1_001_val_1.fq.gz

Running FastQC on /scratch4/workspace/jade_fiorilla_student_uml_edu-rawseqorcc/trimmed/2024_Hyp05_Both01_B9_gill_S19_R2_001_val_2.fq.gz
Running Trim Galore on: 

Trim Galore v2.3.0
unknown — linux/x86_64 — built 2026-06-27T16:23:35Z
==================================================

Using 4 worker threads (parallel trim + compress)
Auto-detecting adapter type...
Using Nextera adapter for trimming (count: 82862). Second best hit was smallRNA (count: 20).
Adapter: Nextera (CTGTCTCTTATA)

Poly-G trimming: ENABLED (auto-detected). 82467 of 748779 reads (11.01%) have poly-G tails (>=10bp) — consistent with 2-colour chemistry (NovaSeq/NextSeq). To disable: --no_poly_g
Trimming (paired-end):
  R1: /scratch4/workspace/jade_fiorilla_student_uml_edu-rawseqorcc/fastq/2024_Hyp05_Both01_B9_gut_S20_R1_001.fastq.gz
  R2: /scratch4/workspace/jade_fiorilla_student_uml_edu-rawseqorcc/fastq/2024_Hyp05_Both01_B9_gut_S20_R2_001.fastq.gz
  Output R1: /scratch4/workspace/jade_fiorilla_student_uml_edu-rawseqorcc/trimmed/2024_Hyp05_Both01_B9_gut_S20_R1_001_val_1.fq.gz
  Output R2: /scratch4/workspace/jade_fiorilla_student_uml_edu-rawseqorcc/trimmed/2024_Hyp05_Both01_B9_gut_S20_R2_001_val_2.fq.gz

=== Summary (Read 1) ===

Total reads processed:               748779
Reads with adapters:                 741236 (99.0%)

=== Summary (Read 2) ===

Total reads processed:               748779
Reads with adapters:                 738436 (98.6%)
R1 reads with poly-G trimmed:           661 (0.1%)
  R1 poly-G bases removed:           103650
R2 reads with poly-G trimmed:          1704 (0.2%)
  R2 poly-G bases removed:           385663

=== Paired-end validation ===

Pairs analyzed:                      748779
Pairs removed:                         1998 (0.3%)
Unpaired R1 kept:                      1817
Unpaired R2 kept:                        63
Report: /scratch4/workspace/jade_fiorilla_student_uml_edu-rawseqorcc/trimmed/2024_Hyp05_Both01_B9_gut_S20_R1_001.fastq.gz_trimming_report.txt
JSON report: /scratch4/workspace/jade_fiorilla_student_uml_edu-rawseqorcc/trimmed/2024_Hyp05_Both01_B9_gut_S20_R1_001.fastq.gz_trimming_report.json
Report: /scratch4/workspace/jade_fiorilla_student_uml_edu-rawseqorcc/trimmed/2024_Hyp05_Both01_B9_gut_S20_R2_001.fastq.gz_trimming_report.txt
JSON report: /scratch4/workspace/jade_fiorilla_student_uml_edu-rawseqorcc/trimmed/2024_Hyp05_Both01_B9_gut_S20_R2_001.fastq.gz_trimming_report.json

Running FastQC on /scratch4/workspace/jade_fiorilla_student_uml_edu-rawseqorcc/trimmed/2024_Hyp05_Both01_B9_gut_S20_R1_001_val_1.fq.gz

Running FastQC on /scratch4/workspace/jade_fiorilla_student_uml_edu-rawseqorcc/trimmed/2024_Hyp05_Both01_B9_gut_S20_R2_001_val_2.fq.gz
Running Trim Galore on: 

Trim Galore v2.3.0
unknown — linux/x86_64 — built 2026-06-27T16:23:35Z
==================================================

Using 4 worker threads (parallel trim + compress)
Auto-detecting adapter type...
Using Nextera adapter for trimming (count: 138639). Second best hit was Illumina (count: 1).
Adapter: Nextera (CTGTCTCTTATA)

Poly-G trimming: ENABLED (auto-detected). 45904 of 735381 reads (6.24%) have poly-G tails (>=10bp) — consistent with 2-colour chemistry (NovaSeq/NextSeq). To disable: --no_poly_g
Trimming (paired-end):
  R1: /scratch4/workspace/jade_fiorilla_student_uml_edu-rawseqorcc/fastq/2024_Hyp05_Both03_B34_gill_S241_R1_001.fastq.gz
  R2: /scratch4/workspace/jade_fiorilla_student_uml_edu-rawseqorcc/fastq/2024_Hyp05_Both03_B34_gill_S241_R2_001.fastq.gz
  Output R1: /scratch4/workspace/jade_fiorilla_student_uml_edu-rawseqorcc/trimmed/2024_Hyp05_Both03_B34_gill_S241_R1_001_val_1.fq.gz
  Output R2: /scratch4/workspace/jade_fiorilla_student_uml_edu-rawseqorcc/trimmed/2024_Hyp05_Both03_B34_gill_S241_R2_001_val_2.fq.gz

=== Summary (Read 1) ===

Total reads processed:               735381
Reads with adapters:                 708626 (96.4%)

=== Summary (Read 2) ===

Total reads processed:               735381
Reads with adapters:                 682285 (92.8%)
R1 reads with poly-G trimmed:          4782 (0.7%)
  R1 poly-G bases removed:            62320
R2 reads with poly-G trimmed:          9042 (1.2%)
  R2 poly-G bases removed:           367162

=== Paired-end validation ===

Pairs analyzed:                      735381
Pairs removed:                         1957 (0.3%)
Unpaired R1 kept:                      1835
Unpaired R2 kept:                        57
Report: /scratch4/workspace/jade_fiorilla_student_uml_edu-rawseqorcc/trimmed/2024_Hyp05_Both03_B34_gill_S241_R1_001.fastq.gz_trimming_report.txt
JSON report: /scratch4/workspace/jade_fiorilla_student_uml_edu-rawseqorcc/trimmed/2024_Hyp05_Both03_B34_gill_S241_R1_001.fastq.gz_trimming_report.json
Report: /scratch4/workspace/jade_fiorilla_student_uml_edu-rawseqorcc/trimmed/2024_Hyp05_Both03_B34_gill_S241_R2_001.fastq.gz_trimming_report.txt
JSON report: /scratch4/workspace/jade_fiorilla_student_uml_edu-rawseqorcc/trimmed/2024_Hyp05_Both03_B34_gill_S241_R2_001.fastq.gz_trimming_report.json

Running FastQC on /scratch4/workspace/jade_fiorilla_student_uml_edu-rawseqorcc/trimmed/2024_Hyp05_Both03_B34_gill_S241_R1_001_val_1.fq.gz

Running FastQC on /scratch4/workspace/jade_fiorilla_student_uml_edu-rawseqorcc/trimmed/2024_Hyp05_Both03_B34_gill_S241_R2_001_val_2.fq.gz
Running Trim Galore on: 

Trim Galore v2.3.0
unknown — linux/x86_64 — built 2026-06-27T16:23:35Z
==================================================

Using 4 worker threads (parallel trim + compress)
Auto-detecting adapter type...
Using Nextera adapter for trimming (count: 2150). Second best hit was smallRNA (count: 2).
Adapter: Nextera (CTGTCTCTTATA)

Poly-G trimming: ENABLED (auto-detected). 1160 of 1000000 reads (0.12%) have poly-G tails (>=10bp) — consistent with 2-colour chemistry (NovaSeq/NextSeq). To disable: --no_poly_g
Trimming (paired-end):
  R1: /scratch4/workspace/jade_fiorilla_student_uml_edu-rawseqorcc/fastq/2024_Hyp05_Both03_B34_gut_S242_R1_001.fastq.gz
  R2: /scratch4/workspace/jade_fiorilla_student_uml_edu-rawseqorcc/fastq/2024_Hyp05_Both03_B34_gut_S242_R2_001.fastq.gz
  Output R1: /scratch4/workspace/jade_fiorilla_student_uml_edu-rawseqorcc/trimmed/2024_Hyp05_Both03_B34_gut_S242_R1_001_val_1.fq.gz
  Output R2: /scratch4/workspace/jade_fiorilla_student_uml_edu-rawseqorcc/trimmed/2024_Hyp05_Both03_B34_gut_S242_R2_001_val_2.fq.gz

=== Summary (Read 1) ===

Total reads processed:              4439431
Reads with adapters:                4393019 (99.0%)

=== Summary (Read 2) ===

Total reads processed:              4439431
Reads with adapters:                4215898 (95.0%)
R1 reads with poly-G trimmed:           938 (0.0%)
  R1 poly-G bases removed:             9700
R2 reads with poly-G trimmed:          3964 (0.1%)
  R2 poly-G bases removed:           672585

=== Paired-end validation ===

Pairs analyzed:                     4439431
Pairs removed:                         6684 (0.2%)
Unpaired R1 kept:                      6225
Unpaired R2 kept:                       210
Report: /scratch4/workspace/jade_fiorilla_student_uml_edu-rawseqorcc/trimmed/2024_Hyp05_Both03_B34_gut_S242_R1_001.fastq.gz_trimming_report.txt
JSON report: /scratch4/workspace/jade_fiorilla_student_uml_edu-rawseqorcc/trimmed/2024_Hyp05_Both03_B34_gut_S242_R1_001.fastq.gz_trimming_report.json
Report: /scratch4/workspace/jade_fiorilla_student_uml_edu-rawseqorcc/trimmed/2024_Hyp05_Both03_B34_gut_S242_R2_001.fastq.gz_trimming_report.txt
JSON report: /scratch4/workspace/jade_fiorilla_student_uml_edu-rawseqorcc/trimmed/2024_Hyp05_Both03_B34_gut_S242_R2_001.fastq.gz_trimming_report.json

Running FastQC on /scratch4/workspace/jade_fiorilla_student_uml_edu-rawseqorcc/trimmed/2024_Hyp05_Both03_B34_gut_S242_R1_001_val_1.fq.gz

Running FastQC on /scratch4/workspace/jade_fiorilla_student_uml_edu-rawseqorcc/trimmed/2024_Hyp05_Both03_B34_gut_S242_R2_001_val_2.fq.gz
Running Trim Galore on: 

Trim Galore v2.3.0
unknown — linux/x86_64 — built 2026-06-27T16:23:35Z
==================================================

Using 4 worker threads (parallel trim + compress)
Auto-detecting adapter type...
Using Nextera adapter for trimming (count: 64996). Second best hit was smallRNA (count: 3).
Adapter: Nextera (CTGTCTCTTATA)

Poly-G trimming: ENABLED (auto-detected). 55839 of 631856 reads (8.84%) have poly-G tails (>=10bp) — consistent with 2-colour chemistry (NovaSeq/NextSeq). To disable: --no_poly_g
Trimming (paired-end):
  R1: /scratch4/workspace/jade_fiorilla_student_uml_edu-rawseqorcc/fastq/2024_Hyp05_Cont02_B22_gill_S243_R1_001.fastq.gz
  R2: /scratch4/workspace/jade_fiorilla_student_uml_edu-rawseqorcc/fastq/2024_Hyp05_Cont02_B22_gill_S243_R2_001.fastq.gz
  Output R1: /scratch4/workspace/jade_fiorilla_student_uml_edu-rawseqorcc/trimmed/2024_Hyp05_Cont02_B22_gill_S243_R1_001_val_1.fq.gz
  Output R2: /scratch4/workspace/jade_fiorilla_student_uml_edu-rawseqorcc/trimmed/2024_Hyp05_Cont02_B22_gill_S243_R2_001_val_2.fq.gz

=== Summary (Read 1) ===

Total reads processed:               631856
Reads with adapters:                 617663 (97.8%)

=== Summary (Read 2) ===

Total reads processed:               631856
Reads with adapters:                 608016 (96.2%)
R1 reads with poly-G trimmed:          4087 (0.6%)
  R1 poly-G bases removed:            54517
R2 reads with poly-G trimmed:          7491 (1.2%)
  R2 poly-G bases removed:           353514

=== Paired-end validation ===

Pairs analyzed:                      631856
Pairs removed:                         1768 (0.3%)
Unpaired R1 kept:                      1678
Unpaired R2 kept:                        34
Report: /scratch4/workspace/jade_fiorilla_student_uml_edu-rawseqorcc/trimmed/2024_Hyp05_Cont02_B22_gill_S243_R1_001.fastq.gz_trimming_report.txt
JSON report: /scratch4/workspace/jade_fiorilla_student_uml_edu-rawseqorcc/trimmed/2024_Hyp05_Cont02_B22_gill_S243_R1_001.fastq.gz_trimming_report.json
Report: /scratch4/workspace/jade_fiorilla_student_uml_edu-rawseqorcc/trimmed/2024_Hyp05_Cont02_B22_gill_S243_R2_001.fastq.gz_trimming_report.txt
JSON report: /scratch4/workspace/jade_fiorilla_student_uml_edu-rawseqorcc/trimmed/2024_Hyp05_Cont02_B22_gill_S243_R2_001.fastq.gz_trimming_report.json

Running FastQC on /scratch4/workspace/jade_fiorilla_student_uml_edu-rawseqorcc/trimmed/2024_Hyp05_Cont02_B22_gill_S243_R1_001_val_1.fq.gz

Running FastQC on /scratch4/workspace/jade_fiorilla_student_uml_edu-rawseqorcc/trimmed/2024_Hyp05_Cont02_B22_gill_S243_R2_001_val_2.fq.gz
Running Trim Galore on: 

Trim Galore v2.3.0
unknown — linux/x86_64 — built 2026-06-27T16:23:35Z
==================================================

Using 4 worker threads (parallel trim + compress)
Auto-detecting adapter type...
Using Nextera adapter for trimming (count: 24852). Second best hit was smallRNA (count: 652).
Adapter: Nextera (CTGTCTCTTATA)

Poly-G trimming: ENABLED (auto-detected). 25260 of 1000000 reads (2.53%) have poly-G tails (>=10bp) — consistent with 2-colour chemistry (NovaSeq/NextSeq). To disable: --no_poly_g
Trimming (paired-end):
  R1: /scratch4/workspace/jade_fiorilla_student_uml_edu-rawseqorcc/fastq/2024_Hyp05_Cont02_B22_gut_S187_R1_001.fastq.gz
  R2: /scratch4/workspace/jade_fiorilla_student_uml_edu-rawseqorcc/fastq/2024_Hyp05_Cont02_B22_gut_S187_R2_001.fastq.gz
  Output R1: /scratch4/workspace/jade_fiorilla_student_uml_edu-rawseqorcc/trimmed/2024_Hyp05_Cont02_B22_gut_S187_R1_001_val_1.fq.gz
  Output R2: /scratch4/workspace/jade_fiorilla_student_uml_edu-rawseqorcc/trimmed/2024_Hyp05_Cont02_B22_gut_S187_R2_001_val_2.fq.gz

=== Summary (Read 1) ===

Total reads processed:              1340986
Reads with adapters:                1323340 (98.7%)

=== Summary (Read 2) ===

Total reads processed:              1340986
Reads with adapters:                1305800 (97.4%)
R1 reads with poly-G trimmed:          8173 (0.6%)
  R1 poly-G bases removed:            98420
R2 reads with poly-G trimmed:         10943 (0.8%)
  R2 poly-G bases removed:           629876

=== Paired-end validation ===

Pairs analyzed:                     1340986
Pairs removed:                         4027 (0.3%)
Unpaired R1 kept:                      3800
Unpaired R2 kept:                       106
Report: /scratch4/workspace/jade_fiorilla_student_uml_edu-rawseqorcc/trimmed/2024_Hyp05_Cont02_B22_gut_S187_R1_001.fastq.gz_trimming_report.txt
JSON report: /scratch4/workspace/jade_fiorilla_student_uml_edu-rawseqorcc/trimmed/2024_Hyp05_Cont02_B22_gut_S187_R1_001.fastq.gz_trimming_report.json
Report: /scratch4/workspace/jade_fiorilla_student_uml_edu-rawseqorcc/trimmed/2024_Hyp05_Cont02_B22_gut_S187_R2_001.fastq.gz_trimming_report.txt
JSON report: /scratch4/workspace/jade_fiorilla_student_uml_edu-rawseqorcc/trimmed/2024_Hyp05_Cont02_B22_gut_S187_R2_001.fastq.gz_trimming_report.json

Running FastQC on /scratch4/workspace/jade_fiorilla_student_uml_edu-rawseqorcc/trimmed/2024_Hyp05_Cont02_B22_gut_S187_R1_001_val_1.fq.gz

Running FastQC on /scratch4/workspace/jade_fiorilla_student_uml_edu-rawseqorcc/trimmed/2024_Hyp05_Cont02_B22_gut_S187_R2_001_val_2.fq.gz
Running Trim Galore on: 

Trim Galore v2.3.0
unknown — linux/x86_64 — built 2026-06-27T16:23:35Z
==================================================

Using 4 worker threads (parallel trim + compress)
Auto-detecting adapter type...
Using Nextera adapter for trimming (count: 100937). Second best hit was smallRNA (count: 1027).
Adapter: Nextera (CTGTCTCTTATA)

Poly-G trimming: ENABLED (auto-detected). 100729 of 826968 reads (12.18%) have poly-G tails (>=10bp) — consistent with 2-colour chemistry (NovaSeq/NextSeq). To disable: --no_poly_g
Trimming (paired-end):
  R1: /scratch4/workspace/jade_fiorilla_student_uml_edu-rawseqorcc/fastq/2024_Hyp05_Cont04_B46_gill_S275_R1_001.fastq.gz
  R2: /scratch4/workspace/jade_fiorilla_student_uml_edu-rawseqorcc/fastq/2024_Hyp05_Cont04_B46_gill_S275_R2_001.fastq.gz
  Output R1: /scratch4/workspace/jade_fiorilla_student_uml_edu-rawseqorcc/trimmed/2024_Hyp05_Cont04_B46_gill_S275_R1_001_val_1.fq.gz
  Output R2: /scratch4/workspace/jade_fiorilla_student_uml_edu-rawseqorcc/trimmed/2024_Hyp05_Cont04_B46_gill_S275_R2_001_val_2.fq.gz

=== Summary (Read 1) ===

Total reads processed:               826968
Reads with adapters:                 787987 (95.3%)

=== Summary (Read 2) ===

Total reads processed:               826968
Reads with adapters:                 812947 (98.3%)
R1 reads with poly-G trimmed:           927 (0.1%)
  R1 poly-G bases removed:           136259
R2 reads with poly-G trimmed:          1338 (0.2%)
  R2 poly-G bases removed:           278857

=== Paired-end validation ===

Pairs analyzed:                      826968
Pairs removed:                         1554 (0.2%)
Unpaired R1 kept:                      1443
Unpaired R2 kept:                        38
Report: /scratch4/workspace/jade_fiorilla_student_uml_edu-rawseqorcc/trimmed/2024_Hyp05_Cont04_B46_gill_S275_R1_001.fastq.gz_trimming_report.txt
JSON report: /scratch4/workspace/jade_fiorilla_student_uml_edu-rawseqorcc/trimmed/2024_Hyp05_Cont04_B46_gill_S275_R1_001.fastq.gz_trimming_report.json
Report: /scratch4/workspace/jade_fiorilla_student_uml_edu-rawseqorcc/trimmed/2024_Hyp05_Cont04_B46_gill_S275_R2_001.fastq.gz_trimming_report.txt
JSON report: /scratch4/workspace/jade_fiorilla_student_uml_edu-rawseqorcc/trimmed/2024_Hyp05_Cont04_B46_gill_S275_R2_001.fastq.gz_trimming_report.json

Running FastQC on /scratch4/workspace/jade_fiorilla_student_uml_edu-rawseqorcc/trimmed/2024_Hyp05_Cont04_B46_gill_S275_R1_001_val_1.fq.gz

Running FastQC on /scratch4/workspace/jade_fiorilla_student_uml_edu-rawseqorcc/trimmed/2024_Hyp05_Cont04_B46_gill_S275_R2_001_val_2.fq.gz
Running Trim Galore on: 

Trim Galore v2.3.0
unknown — linux/x86_64 — built 2026-06-27T16:23:35Z
==================================================

Using 4 worker threads (parallel trim + compress)
Auto-detecting adapter type...
Using Nextera adapter for trimming (count: 86765). Second best hit was smallRNA (count: 324).
Adapter: Nextera (CTGTCTCTTATA)

Poly-G trimming: ENABLED (auto-detected). 87631 of 699169 reads (12.53%) have poly-G tails (>=10bp) — consistent with 2-colour chemistry (NovaSeq/NextSeq). To disable: --no_poly_g
Trimming (paired-end):
  R1: /scratch4/workspace/jade_fiorilla_student_uml_edu-rawseqorcc/fastq/2024_Hyp05_Cont04_B46_gut_S158_R1_001.fastq.gz
  R2: /scratch4/workspace/jade_fiorilla_student_uml_edu-rawseqorcc/fastq/2024_Hyp05_Cont04_B46_gut_S158_R2_001.fastq.gz
  Output R1: /scratch4/workspace/jade_fiorilla_student_uml_edu-rawseqorcc/trimmed/2024_Hyp05_Cont04_B46_gut_S158_R1_001_val_1.fq.gz
  Output R2: /scratch4/workspace/jade_fiorilla_student_uml_edu-rawseqorcc/trimmed/2024_Hyp05_Cont04_B46_gut_S158_R2_001_val_2.fq.gz

=== Summary (Read 1) ===

Total reads processed:               699169
Reads with adapters:                 692476 (99.0%)

=== Summary (Read 2) ===

Total reads processed:               699169
Reads with adapters:                 689944 (98.7%)
R1 reads with poly-G trimmed:           810 (0.1%)
  R1 poly-G bases removed:           119111
R2 reads with poly-G trimmed:          1430 (0.2%)
  R2 poly-G bases removed:           303615

=== Paired-end validation ===

Pairs analyzed:                      699169
Pairs removed:                         1783 (0.3%)
Unpaired R1 kept:                      1664
Unpaired R2 kept:                        57
Report: /scratch4/workspace/jade_fiorilla_student_uml_edu-rawseqorcc/trimmed/2024_Hyp05_Cont04_B46_gut_S158_R1_001.fastq.gz_trimming_report.txt
JSON report: /scratch4/workspace/jade_fiorilla_student_uml_edu-rawseqorcc/trimmed/2024_Hyp05_Cont04_B46_gut_S158_R1_001.fastq.gz_trimming_report.json
Report: /scratch4/workspace/jade_fiorilla_student_uml_edu-rawseqorcc/trimmed/2024_Hyp05_Cont04_B46_gut_S158_R2_001.fastq.gz_trimming_report.txt
JSON report: /scratch4/workspace/jade_fiorilla_student_uml_edu-rawseqorcc/trimmed/2024_Hyp05_Cont04_B46_gut_S158_R2_001.fastq.gz_trimming_report.json

Running FastQC on /scratch4/workspace/jade_fiorilla_student_uml_edu-rawseqorcc/trimmed/2024_Hyp05_Cont04_B46_gut_S158_R1_001_val_1.fq.gz

Running FastQC on /scratch4/workspace/jade_fiorilla_student_uml_edu-rawseqorcc/trimmed/2024_Hyp05_Cont04_B46_gut_S158_R2_001_val_2.fq.gz
Running Trim Galore on: 

Trim Galore v2.3.0
unknown — linux/x86_64 — built 2026-06-27T16:23:35Z
==================================================

Using 4 worker threads (parallel trim + compress)
Auto-detecting adapter type...
Using Nextera adapter for trimming (count: 304918). Second best hit was smallRNA (count: 344).
Adapter: Nextera (CTGTCTCTTATA)

Poly-G trimming: ENABLED (auto-detected). 305332 of 793563 reads (38.48%) have poly-G tails (>=10bp) — consistent with 2-colour chemistry (NovaSeq/NextSeq). To disable: --no_poly_g
Trimming (paired-end):
  R1: /scratch4/workspace/jade_fiorilla_student_uml_edu-rawseqorcc/fastq/2024_Hyp05_Null_B35_gill_S262_R1_001.fastq.gz
  R2: /scratch4/workspace/jade_fiorilla_student_uml_edu-rawseqorcc/fastq/2024_Hyp05_Null_B35_gill_S262_R2_001.fastq.gz
  Output R1: /scratch4/workspace/jade_fiorilla_student_uml_edu-rawseqorcc/trimmed/2024_Hyp05_Null_B35_gill_S262_R1_001_val_1.fq.gz
  Output R2: /scratch4/workspace/jade_fiorilla_student_uml_edu-rawseqorcc/trimmed/2024_Hyp05_Null_B35_gill_S262_R2_001_val_2.fq.gz

=== Summary (Read 1) ===

Total reads processed:               793563
Reads with adapters:                 741170 (93.4%)

=== Summary (Read 2) ===

Total reads processed:               793563
Reads with adapters:                 755610 (95.2%)
R1 reads with poly-G trimmed:          1622 (0.2%)
  R1 poly-G bases removed:           191216
R2 reads with poly-G trimmed:          2154 (0.3%)
  R2 poly-G bases removed:           361888

=== Paired-end validation ===

Pairs analyzed:                      793563
Pairs removed:                         1450 (0.2%)
Unpaired R1 kept:                      1298
Unpaired R2 kept:                        27
Report: /scratch4/workspace/jade_fiorilla_student_uml_edu-rawseqorcc/trimmed/2024_Hyp05_Null_B35_gill_S262_R1_001.fastq.gz_trimming_report.txt
JSON report: /scratch4/workspace/jade_fiorilla_student_uml_edu-rawseqorcc/trimmed/2024_Hyp05_Null_B35_gill_S262_R1_001.fastq.gz_trimming_report.json
Report: /scratch4/workspace/jade_fiorilla_student_uml_edu-rawseqorcc/trimmed/2024_Hyp05_Null_B35_gill_S262_R2_001.fastq.gz_trimming_report.txt
JSON report: /scratch4/workspace/jade_fiorilla_student_uml_edu-rawseqorcc/trimmed/2024_Hyp05_Null_B35_gill_S262_R2_001.fastq.gz_trimming_report.json

Running FastQC on /scratch4/workspace/jade_fiorilla_student_uml_edu-rawseqorcc/trimmed/2024_Hyp05_Null_B35_gill_S262_R1_001_val_1.fq.gz

Running FastQC on /scratch4/workspace/jade_fiorilla_student_uml_edu-rawseqorcc/trimmed/2024_Hyp05_Null_B35_gill_S262_R2_001_val_2.fq.gz
Running Trim Galore on: 

Trim Galore v2.3.0
unknown — linux/x86_64 — built 2026-06-27T16:23:35Z
==================================================

Using 4 worker threads (parallel trim + compress)
Auto-detecting adapter type...
Using Nextera adapter for trimming (count: 268312). Second best hit was smallRNA (count: 943).
Adapter: Nextera (CTGTCTCTTATA)

Poly-G trimming: ENABLED (auto-detected). 270307 of 1000000 reads (27.03%) have poly-G tails (>=10bp) — consistent with 2-colour chemistry (NovaSeq/NextSeq). To disable: --no_poly_g
Trimming (paired-end):
  R1: /scratch4/workspace/jade_fiorilla_student_uml_edu-rawseqorcc/fastq/2024_Hyp05_Null_B35_gut_S88_R1_001.fastq.gz
  R2: /scratch4/workspace/jade_fiorilla_student_uml_edu-rawseqorcc/fastq/2024_Hyp05_Null_B35_gut_S88_R2_001.fastq.gz
  Output R1: /scratch4/workspace/jade_fiorilla_student_uml_edu-rawseqorcc/trimmed/2024_Hyp05_Null_B35_gut_S88_R1_001_val_1.fq.gz
  Output R2: /scratch4/workspace/jade_fiorilla_student_uml_edu-rawseqorcc/trimmed/2024_Hyp05_Null_B35_gut_S88_R2_001_val_2.fq.gz

=== Summary (Read 1) ===

Total reads processed:              1007965
Reads with adapters:                 998220 (99.0%)

=== Summary (Read 2) ===

Total reads processed:              1007965
Reads with adapters:                 996826 (98.9%)
R1 reads with poly-G trimmed:          1290 (0.1%)
  R1 poly-G bases removed:           215868
R2 reads with poly-G trimmed:          2234 (0.2%)
  R2 poly-G bases removed:           510345

=== Paired-end validation ===

Pairs analyzed:                     1007965
Pairs removed:                         2286 (0.2%)
Unpaired R1 kept:                      1973
Unpaired R2 kept:                        54
Report: /scratch4/workspace/jade_fiorilla_student_uml_edu-rawseqorcc/trimmed/2024_Hyp05_Null_B35_gut_S88_R1_001.fastq.gz_trimming_report.txt
JSON report: /scratch4/workspace/jade_fiorilla_student_uml_edu-rawseqorcc/trimmed/2024_Hyp05_Null_B35_gut_S88_R1_001.fastq.gz_trimming_report.json
Report: /scratch4/workspace/jade_fiorilla_student_uml_edu-rawseqorcc/trimmed/2024_Hyp05_Null_B35_gut_S88_R2_001.fastq.gz_trimming_report.txt
JSON report: /scratch4/workspace/jade_fiorilla_student_uml_edu-rawseqorcc/trimmed/2024_Hyp05_Null_B35_gut_S88_R2_001.fastq.gz_trimming_report.json

Running FastQC on /scratch4/workspace/jade_fiorilla_student_uml_edu-rawseqorcc/trimmed/2024_Hyp05_Null_B35_gut_S88_R1_001_val_1.fq.gz

Running FastQC on /scratch4/workspace/jade_fiorilla_student_uml_edu-rawseqorcc/trimmed/2024_Hyp05_Null_B35_gut_S88_R2_001_val_2.fq.gz
Running Trim Galore on: 

Trim Galore v2.3.0
unknown — linux/x86_64 — built 2026-06-27T16:23:35Z
==================================================

Using 4 worker threads (parallel trim + compress)
Auto-detecting adapter type...
Using Nextera adapter for trimming (count: 182692). Second best hit was smallRNA (count: 469).
Adapter: Nextera (CTGTCTCTTATA)

Poly-G trimming: ENABLED (auto-detected). 183567 of 1000000 reads (18.36%) have poly-G tails (>=10bp) — consistent with 2-colour chemistry (NovaSeq/NextSeq). To disable: --no_poly_g
Trimming (paired-end):
  R1: /scratch4/workspace/jade_fiorilla_student_uml_edu-rawseqorcc/fastq/2024_Hyp06_Cont03_B36_gill_S159_R1_001.fastq.gz
  R2: /scratch4/workspace/jade_fiorilla_student_uml_edu-rawseqorcc/fastq/2024_Hyp06_Cont03_B36_gill_S159_R2_001.fastq.gz
  Output R1: /scratch4/workspace/jade_fiorilla_student_uml_edu-rawseqorcc/trimmed/2024_Hyp06_Cont03_B36_gill_S159_R1_001_val_1.fq.gz
  Output R2: /scratch4/workspace/jade_fiorilla_student_uml_edu-rawseqorcc/trimmed/2024_Hyp06_Cont03_B36_gill_S159_R2_001_val_2.fq.gz

=== Summary (Read 1) ===

Total reads processed:              1299177
Reads with adapters:                1253541 (96.5%)

=== Summary (Read 2) ===

Total reads processed:              1299177
Reads with adapters:                1280112 (98.5%)
R1 reads with poly-G trimmed:          1936 (0.1%)
  R1 poly-G bases removed:           289510
R2 reads with poly-G trimmed:          2481 (0.2%)
  R2 poly-G bases removed:           531371

=== Paired-end validation ===

Pairs analyzed:                     1299177
Pairs removed:                         3296 (0.3%)
Unpaired R1 kept:                      2845
Unpaired R2 kept:                       152
Report: /scratch4/workspace/jade_fiorilla_student_uml_edu-rawseqorcc/trimmed/2024_Hyp06_Cont03_B36_gill_S159_R1_001.fastq.gz_trimming_report.txt
JSON report: /scratch4/workspace/jade_fiorilla_student_uml_edu-rawseqorcc/trimmed/2024_Hyp06_Cont03_B36_gill_S159_R1_001.fastq.gz_trimming_report.json
Report: /scratch4/workspace/jade_fiorilla_student_uml_edu-rawseqorcc/trimmed/2024_Hyp06_Cont03_B36_gill_S159_R2_001.fastq.gz_trimming_report.txt
JSON report: /scratch4/workspace/jade_fiorilla_student_uml_edu-rawseqorcc/trimmed/2024_Hyp06_Cont03_B36_gill_S159_R2_001.fastq.gz_trimming_report.json

Running FastQC on /scratch4/workspace/jade_fiorilla_student_uml_edu-rawseqorcc/trimmed/2024_Hyp06_Cont03_B36_gill_S159_R1_001_val_1.fq.gz

Running FastQC on /scratch4/workspace/jade_fiorilla_student_uml_edu-rawseqorcc/trimmed/2024_Hyp06_Cont03_B36_gill_S159_R2_001_val_2.fq.gz
Running Trim Galore on: 

Trim Galore v2.3.0
unknown — linux/x86_64 — built 2026-06-27T16:23:35Z
==================================================

Using 4 worker threads (parallel trim + compress)
Auto-detecting adapter type...
Using Nextera adapter for trimming (count: 278025). Second best hit was smallRNA (count: 36).
Adapter: Nextera (CTGTCTCTTATA)

Poly-G trimming: ENABLED (auto-detected). 279501 of 363522 reads (76.89%) have poly-G tails (>=10bp) — consistent with 2-colour chemistry (NovaSeq/NextSeq). To disable: --no_poly_g
Trimming (paired-end):
  R1: /scratch4/workspace/jade_fiorilla_student_uml_edu-rawseqorcc/fastq/2024_Hyp06_Cont03_B36_gut_S51_R1_001.fastq.gz
  R2: /scratch4/workspace/jade_fiorilla_student_uml_edu-rawseqorcc/fastq/2024_Hyp06_Cont03_B36_gut_S51_R2_001.fastq.gz
  Output R1: /scratch4/workspace/jade_fiorilla_student_uml_edu-rawseqorcc/trimmed/2024_Hyp06_Cont03_B36_gut_S51_R1_001_val_1.fq.gz
  Output R2: /scratch4/workspace/jade_fiorilla_student_uml_edu-rawseqorcc/trimmed/2024_Hyp06_Cont03_B36_gut_S51_R2_001_val_2.fq.gz

=== Summary (Read 1) ===

Total reads processed:               363522
Reads with adapters:                 361844 (99.5%)

=== Summary (Read 2) ===

Total reads processed:               363522
Reads with adapters:                 359824 (99.0%)
R1 reads with poly-G trimmed:           739 (0.2%)
  R1 poly-G bases removed:           145645
R2 reads with poly-G trimmed:          1044 (0.3%)
  R2 poly-G bases removed:           222585

=== Paired-end validation ===

Pairs analyzed:                      363522
Pairs removed:                         2330 (0.6%)
Unpaired R1 kept:                       456
Unpaired R2 kept:                        18
Report: /scratch4/workspace/jade_fiorilla_student_uml_edu-rawseqorcc/trimmed/2024_Hyp06_Cont03_B36_gut_S51_R1_001.fastq.gz_trimming_report.txt
JSON report: /scratch4/workspace/jade_fiorilla_student_uml_edu-rawseqorcc/trimmed/2024_Hyp06_Cont03_B36_gut_S51_R1_001.fastq.gz_trimming_report.json
Report: /scratch4/workspace/jade_fiorilla_student_uml_edu-rawseqorcc/trimmed/2024_Hyp06_Cont03_B36_gut_S51_R2_001.fastq.gz_trimming_report.txt
JSON report: /scratch4/workspace/jade_fiorilla_student_uml_edu-rawseqorcc/trimmed/2024_Hyp06_Cont03_B36_gut_S51_R2_001.fastq.gz_trimming_report.json

Running FastQC on /scratch4/workspace/jade_fiorilla_student_uml_edu-rawseqorcc/trimmed/2024_Hyp06_Cont03_B36_gut_S51_R1_001_val_1.fq.gz

Running FastQC on /scratch4/workspace/jade_fiorilla_student_uml_edu-rawseqorcc/trimmed/2024_Hyp06_Cont03_B36_gut_S51_R2_001_val_2.fq.gz
Running Trim Galore on: 

Trim Galore v2.3.0
unknown — linux/x86_64 — built 2026-06-27T16:23:35Z
==================================================

Using 4 worker threads (parallel trim + compress)
Auto-detecting adapter type...
Using Nextera adapter for trimming (count: 20540). Second best hit was smallRNA (count: 549).
Adapter: Nextera (CTGTCTCTTATA)

Poly-G trimming: ENABLED (auto-detected). 12382 of 472817 reads (2.62%) have poly-G tails (>=10bp) — consistent with 2-colour chemistry (NovaSeq/NextSeq). To disable: --no_poly_g
Trimming (paired-end):
  R1: /scratch4/workspace/jade_fiorilla_student_uml_edu-rawseqorcc/fastq/2024_Hyp06_Hyp03_B35_gill_S259_R1_001.fastq.gz
  R2: /scratch4/workspace/jade_fiorilla_student_uml_edu-rawseqorcc/fastq/2024_Hyp06_Hyp03_B35_gill_S259_R2_001.fastq.gz
  Output R1: /scratch4/workspace/jade_fiorilla_student_uml_edu-rawseqorcc/trimmed/2024_Hyp06_Hyp03_B35_gill_S259_R1_001_val_1.fq.gz
  Output R2: /scratch4/workspace/jade_fiorilla_student_uml_edu-rawseqorcc/trimmed/2024_Hyp06_Hyp03_B35_gill_S259_R2_001_val_2.fq.gz

=== Summary (Read 1) ===

Total reads processed:               472817
Reads with adapters:                 468208 (99.0%)

=== Summary (Read 2) ===

Total reads processed:               472817
Reads with adapters:                 465591 (98.5%)
R1 reads with poly-G trimmed:           252 (0.1%)
  R1 poly-G bases removed:            13843
R2 reads with poly-G trimmed:           856 (0.2%)
  R2 poly-G bases removed:           185335

=== Paired-end validation ===

Pairs analyzed:                      472817
Pairs removed:                         1058 (0.2%)
Unpaired R1 kept:                      1008
Unpaired R2 kept:                        25
Report: /scratch4/workspace/jade_fiorilla_student_uml_edu-rawseqorcc/trimmed/2024_Hyp06_Hyp03_B35_gill_S259_R1_001.fastq.gz_trimming_report.txt
JSON report: /scratch4/workspace/jade_fiorilla_student_uml_edu-rawseqorcc/trimmed/2024_Hyp06_Hyp03_B35_gill_S259_R1_001.fastq.gz_trimming_report.json
Report: /scratch4/workspace/jade_fiorilla_student_uml_edu-rawseqorcc/trimmed/2024_Hyp06_Hyp03_B35_gill_S259_R2_001.fastq.gz_trimming_report.txt
JSON report: /scratch4/workspace/jade_fiorilla_student_uml_edu-rawseqorcc/trimmed/2024_Hyp06_Hyp03_B35_gill_S259_R2_001.fastq.gz_trimming_report.json

Running FastQC on /scratch4/workspace/jade_fiorilla_student_uml_edu-rawseqorcc/trimmed/2024_Hyp06_Hyp03_B35_gill_S259_R1_001_val_1.fq.gz

Running FastQC on /scratch4/workspace/jade_fiorilla_student_uml_edu-rawseqorcc/trimmed/2024_Hyp06_Hyp03_B35_gill_S259_R2_001_val_2.fq.gz
Running Trim Galore on: 

Trim Galore v2.3.0
unknown — linux/x86_64 — built 2026-06-27T16:23:35Z
==================================================

Using 4 worker threads (parallel trim + compress)
Auto-detecting adapter type...
Using Nextera adapter for trimming (count: 843649). Second best hit was smallRNA (count: 35).
Adapter: Nextera (CTGTCTCTTATA)

Poly-G trimming: ENABLED (auto-detected). 851003 of 1000000 reads (85.10%) have poly-G tails (>=10bp) — consistent with 2-colour chemistry (NovaSeq/NextSeq). To disable: --no_poly_g
Trimming (paired-end):
  R1: /scratch4/workspace/jade_fiorilla_student_uml_edu-rawseqorcc/fastq/2024_Hyp06_Hyp03_B35_gut_S65_R1_001.fastq.gz
  R2: /scratch4/workspace/jade_fiorilla_student_uml_edu-rawseqorcc/fastq/2024_Hyp06_Hyp03_B35_gut_S65_R2_001.fastq.gz
  Output R1: /scratch4/workspace/jade_fiorilla_student_uml_edu-rawseqorcc/trimmed/2024_Hyp06_Hyp03_B35_gut_S65_R1_001_val_1.fq.gz
  Output R2: /scratch4/workspace/jade_fiorilla_student_uml_edu-rawseqorcc/trimmed/2024_Hyp06_Hyp03_B35_gut_S65_R2_001_val_2.fq.gz

=== Summary (Read 1) ===

Total reads processed:              1511126
Reads with adapters:                1504363 (99.6%)

=== Summary (Read 2) ===

Total reads processed:              1511126
Reads with adapters:                1499678 (99.2%)
R1 reads with poly-G trimmed:          3350 (0.2%)
  R1 poly-G bases removed:           664864
R2 reads with poly-G trimmed:          4059 (0.3%)
  R2 poly-G bases removed:           885237

=== Paired-end validation ===

Pairs analyzed:                     1511126
Pairs removed:                        10489 (0.7%)
Unpaired R1 kept:                      1029
Unpaired R2 kept:                        77
Report: /scratch4/workspace/jade_fiorilla_student_uml_edu-rawseqorcc/trimmed/2024_Hyp06_Hyp03_B35_gut_S65_R1_001.fastq.gz_trimming_report.txt
JSON report: /scratch4/workspace/jade_fiorilla_student_uml_edu-rawseqorcc/trimmed/2024_Hyp06_Hyp03_B35_gut_S65_R1_001.fastq.gz_trimming_report.json
Report: /scratch4/workspace/jade_fiorilla_student_uml_edu-rawseqorcc/trimmed/2024_Hyp06_Hyp03_B35_gut_S65_R2_001.fastq.gz_trimming_report.txt
JSON report: /scratch4/workspace/jade_fiorilla_student_uml_edu-rawseqorcc/trimmed/2024_Hyp06_Hyp03_B35_gut_S65_R2_001.fastq.gz_trimming_report.json

Running FastQC on /scratch4/workspace/jade_fiorilla_student_uml_edu-rawseqorcc/trimmed/2024_Hyp06_Hyp03_B35_gut_S65_R1_001_val_1.fq.gz

Running FastQC on /scratch4/workspace/jade_fiorilla_student_uml_edu-rawseqorcc/trimmed/2024_Hyp06_Hyp03_B35_gut_S65_R2_001_val_2.fq.gz
Running Trim Galore on: 

Trim Galore v2.3.0
unknown — linux/x86_64 — built 2026-06-27T16:23:35Z
==================================================

Using 4 worker threads (parallel trim + compress)
Auto-detecting adapter type...
Using Nextera adapter for trimming (count: 532761). Second best hit was smallRNA (count: 758).
Adapter: Nextera (CTGTCTCTTATA)

Poly-G trimming: ENABLED (auto-detected). 537335 of 1000000 reads (53.73%) have poly-G tails (>=10bp) — consistent with 2-colour chemistry (NovaSeq/NextSeq). To disable: --no_poly_g
Trimming (paired-end):
  R1: /scratch4/workspace/jade_fiorilla_student_uml_edu-rawseqorcc/fastq/2024_Hyp06_Null_B45_gill_S89_R1_001.fastq.gz
  R2: /scratch4/workspace/jade_fiorilla_student_uml_edu-rawseqorcc/fastq/2024_Hyp06_Null_B45_gill_S89_R2_001.fastq.gz
  Output R1: /scratch4/workspace/jade_fiorilla_student_uml_edu-rawseqorcc/trimmed/2024_Hyp06_Null_B45_gill_S89_R1_001_val_1.fq.gz
  Output R2: /scratch4/workspace/jade_fiorilla_student_uml_edu-rawseqorcc/trimmed/2024_Hyp06_Null_B45_gill_S89_R2_001_val_2.fq.gz

=== Summary (Read 1) ===

Total reads processed:              1116254
Reads with adapters:                1103720 (98.9%)

=== Summary (Read 2) ===

Total reads processed:              1116254
Reads with adapters:                1106801 (99.2%)
R1 reads with poly-G trimmed:          2722 (0.2%)
  R1 poly-G bases removed:           518524
R2 reads with poly-G trimmed:          2969 (0.3%)
  R2 poly-G bases removed:           682424

=== Paired-end validation ===

Pairs analyzed:                     1116254
Pairs removed:                         2246 (0.2%)
Unpaired R1 kept:                      1741
Unpaired R2 kept:                        46
Report: /scratch4/workspace/jade_fiorilla_student_uml_edu-rawseqorcc/trimmed/2024_Hyp06_Null_B45_gill_S89_R1_001.fastq.gz_trimming_report.txt
JSON report: /scratch4/workspace/jade_fiorilla_student_uml_edu-rawseqorcc/trimmed/2024_Hyp06_Null_B45_gill_S89_R1_001.fastq.gz_trimming_report.json
Report: /scratch4/workspace/jade_fiorilla_student_uml_edu-rawseqorcc/trimmed/2024_Hyp06_Null_B45_gill_S89_R2_001.fastq.gz_trimming_report.txt
JSON report: /scratch4/workspace/jade_fiorilla_student_uml_edu-rawseqorcc/trimmed/2024_Hyp06_Null_B45_gill_S89_R2_001.fastq.gz_trimming_report.json

Running FastQC on /scratch4/workspace/jade_fiorilla_student_uml_edu-rawseqorcc/trimmed/2024_Hyp06_Null_B45_gill_S89_R1_001_val_1.fq.gz

Running FastQC on /scratch4/workspace/jade_fiorilla_student_uml_edu-rawseqorcc/trimmed/2024_Hyp06_Null_B45_gill_S89_R2_001_val_2.fq.gz
Running Trim Galore on: 

Trim Galore v2.3.0
unknown — linux/x86_64 — built 2026-06-27T16:23:35Z
==================================================

Using 4 worker threads (parallel trim + compress)
Auto-detecting adapter type...
Using Nextera adapter for trimming (count: 574131). Second best hit was smallRNA (count: 584).
Adapter: Nextera (CTGTCTCTTATA)

Poly-G trimming: ENABLED (auto-detected). 578485 of 1000000 reads (57.85%) have poly-G tails (>=10bp) — consistent with 2-colour chemistry (NovaSeq/NextSeq). To disable: --no_poly_g
Trimming (paired-end):
  R1: /scratch4/workspace/jade_fiorilla_student_uml_edu-rawseqorcc/fastq/2024_Hyp06_Null_B45_gut_S183_R1_001.fastq.gz
  R2: /scratch4/workspace/jade_fiorilla_student_uml_edu-rawseqorcc/fastq/2024_Hyp06_Null_B45_gut_S183_R2_001.fastq.gz
  Output R1: /scratch4/workspace/jade_fiorilla_student_uml_edu-rawseqorcc/trimmed/2024_Hyp06_Null_B45_gut_S183_R1_001_val_1.fq.gz
  Output R2: /scratch4/workspace/jade_fiorilla_student_uml_edu-rawseqorcc/trimmed/2024_Hyp06_Null_B45_gut_S183_R2_001_val_2.fq.gz

=== Summary (Read 1) ===

Total reads processed:              1810483
Reads with adapters:                1796654 (99.2%)

=== Summary (Read 2) ===

Total reads processed:              1810483
Reads with adapters:                1782861 (98.5%)
R1 reads with poly-G trimmed:          2885 (0.2%)
  R1 poly-G bases removed:           518914
R2 reads with poly-G trimmed:          4012 (0.2%)
  R2 poly-G bases removed:           823077

=== Paired-end validation ===

Pairs analyzed:                     1810483
Pairs removed:                         7971 (0.4%)
Unpaired R1 kept:                      2004
Unpaired R2 kept:                        99
Report: /scratch4/workspace/jade_fiorilla_student_uml_edu-rawseqorcc/trimmed/2024_Hyp06_Null_B45_gut_S183_R1_001.fastq.gz_trimming_report.txt
JSON report: /scratch4/workspace/jade_fiorilla_student_uml_edu-rawseqorcc/trimmed/2024_Hyp06_Null_B45_gut_S183_R1_001.fastq.gz_trimming_report.json
Report: /scratch4/workspace/jade_fiorilla_student_uml_edu-rawseqorcc/trimmed/2024_Hyp06_Null_B45_gut_S183_R2_001.fastq.gz_trimming_report.txt
JSON report: /scratch4/workspace/jade_fiorilla_student_uml_edu-rawseqorcc/trimmed/2024_Hyp06_Null_B45_gut_S183_R2_001.fastq.gz_trimming_report.json

Running FastQC on /scratch4/workspace/jade_fiorilla_student_uml_edu-rawseqorcc/trimmed/2024_Hyp06_Null_B45_gut_S183_R1_001_val_1.fq.gz

Running FastQC on /scratch4/workspace/jade_fiorilla_student_uml_edu-rawseqorcc/trimmed/2024_Hyp06_Null_B45_gut_S183_R2_001_val_2.fq.gz
Running Trim Galore on: 

Trim Galore v2.3.0
unknown — linux/x86_64 — built 2026-06-27T16:23:35Z
==================================================

Using 4 worker threads (parallel trim + compress)
Auto-detecting adapter type...
Using Nextera adapter for trimming (count: 11500). Second best hit was smallRNA (count: 1321).
Adapter: Nextera (CTGTCTCTTATA)

Poly-G trimming: ENABLED (auto-detected). 10561 of 532638 reads (1.98%) have poly-G tails (>=10bp) — consistent with 2-colour chemistry (NovaSeq/NextSeq). To disable: --no_poly_g
Trimming (paired-end):
  R1: /scratch4/workspace/jade_fiorilla_student_uml_edu-rawseqorcc/fastq/2024_phase1_both01_hyp_filter_S107_R1_001.fastq.gz
  R2: /scratch4/workspace/jade_fiorilla_student_uml_edu-rawseqorcc/fastq/2024_phase1_both01_hyp_filter_S107_R2_001.fastq.gz
  Output R1: /scratch4/workspace/jade_fiorilla_student_uml_edu-rawseqorcc/trimmed/2024_phase1_both01_hyp_filter_S107_R1_001_val_1.fq.gz
  Output R2: /scratch4/workspace/jade_fiorilla_student_uml_edu-rawseqorcc/trimmed/2024_phase1_both01_hyp_filter_S107_R2_001_val_2.fq.gz

=== Summary (Read 1) ===

Total reads processed:               532638
Reads with adapters:                 525915 (98.7%)

=== Summary (Read 2) ===

Total reads processed:               532638
Reads with adapters:                 515761 (96.8%)
R1 reads with poly-G trimmed:           144 (0.0%)
  R1 poly-G bases removed:             9702
R2 reads with poly-G trimmed:           896 (0.2%)
  R2 poly-G bases removed:           188355

=== Paired-end validation ===

Pairs analyzed:                      532638
Pairs removed:                         1549 (0.3%)
Unpaired R1 kept:                      1358
Unpaired R2 kept:                        81
Report: /scratch4/workspace/jade_fiorilla_student_uml_edu-rawseqorcc/trimmed/2024_phase1_both01_hyp_filter_S107_R1_001.fastq.gz_trimming_report.txt
JSON report: /scratch4/workspace/jade_fiorilla_student_uml_edu-rawseqorcc/trimmed/2024_phase1_both01_hyp_filter_S107_R1_001.fastq.gz_trimming_report.json
Report: /scratch4/workspace/jade_fiorilla_student_uml_edu-rawseqorcc/trimmed/2024_phase1_both01_hyp_filter_S107_R2_001.fastq.gz_trimming_report.txt
JSON report: /scratch4/workspace/jade_fiorilla_student_uml_edu-rawseqorcc/trimmed/2024_phase1_both01_hyp_filter_S107_R2_001.fastq.gz_trimming_report.json

Running FastQC on /scratch4/workspace/jade_fiorilla_student_uml_edu-rawseqorcc/trimmed/2024_phase1_both01_hyp_filter_S107_R1_001_val_1.fq.gz

Running FastQC on /scratch4/workspace/jade_fiorilla_student_uml_edu-rawseqorcc/trimmed/2024_phase1_both01_hyp_filter_S107_R2_001_val_2.fq.gz
Running Trim Galore on: 

Trim Galore v2.3.0
unknown — linux/x86_64 — built 2026-06-27T16:23:35Z
==================================================

Using 4 worker threads (parallel trim + compress)
Auto-detecting adapter type...
Using Nextera adapter for trimming (count: 11687). Second best hit was smallRNA (count: 1327).
Adapter: Nextera (CTGTCTCTTATA)

Poly-G trimming: ENABLED (auto-detected). 10714 of 602262 reads (1.78%) have poly-G tails (>=10bp) — consistent with 2-colour chemistry (NovaSeq/NextSeq). To disable: --no_poly_g
Trimming (paired-end):
  R1: /scratch4/workspace/jade_fiorilla_student_uml_edu-rawseqorcc/fastq/2024_phase1_both03_hyp_filter_S108_R1_001.fastq.gz
  R2: /scratch4/workspace/jade_fiorilla_student_uml_edu-rawseqorcc/fastq/2024_phase1_both03_hyp_filter_S108_R2_001.fastq.gz
  Output R1: /scratch4/workspace/jade_fiorilla_student_uml_edu-rawseqorcc/trimmed/2024_phase1_both03_hyp_filter_S108_R1_001_val_1.fq.gz
  Output R2: /scratch4/workspace/jade_fiorilla_student_uml_edu-rawseqorcc/trimmed/2024_phase1_both03_hyp_filter_S108_R2_001_val_2.fq.gz

=== Summary (Read 1) ===

Total reads processed:               602262
Reads with adapters:                 594075 (98.6%)

=== Summary (Read 2) ===

Total reads processed:               602262
Reads with adapters:                 580726 (96.4%)
R1 reads with poly-G trimmed:           162 (0.0%)
  R1 poly-G bases removed:            11871
R2 reads with poly-G trimmed:          1019 (0.2%)
  R2 poly-G bases removed:           222927

=== Paired-end validation ===

Pairs analyzed:                      602262
Pairs removed:                         1758 (0.3%)
Unpaired R1 kept:                      1568
Unpaired R2 kept:                        83
Report: /scratch4/workspace/jade_fiorilla_student_uml_edu-rawseqorcc/trimmed/2024_phase1_both03_hyp_filter_S108_R1_001.fastq.gz_trimming_report.txt
JSON report: /scratch4/workspace/jade_fiorilla_student_uml_edu-rawseqorcc/trimmed/2024_phase1_both03_hyp_filter_S108_R1_001.fastq.gz_trimming_report.json
Report: /scratch4/workspace/jade_fiorilla_student_uml_edu-rawseqorcc/trimmed/2024_phase1_both03_hyp_filter_S108_R2_001.fastq.gz_trimming_report.txt
JSON report: /scratch4/workspace/jade_fiorilla_student_uml_edu-rawseqorcc/trimmed/2024_phase1_both03_hyp_filter_S108_R2_001.fastq.gz_trimming_report.json

Running FastQC on /scratch4/workspace/jade_fiorilla_student_uml_edu-rawseqorcc/trimmed/2024_phase1_both03_hyp_filter_S108_R1_001_val_1.fq.gz

Running FastQC on /scratch4/workspace/jade_fiorilla_student_uml_edu-rawseqorcc/trimmed/2024_phase1_both03_hyp_filter_S108_R2_001_val_2.fq.gz
Running Trim Galore on: 

Trim Galore v2.3.0
unknown — linux/x86_64 — built 2026-06-27T16:23:35Z
==================================================

Using 4 worker threads (parallel trim + compress)
Auto-detecting adapter type...
Using Nextera adapter for trimming (count: 13579). Second best hit was smallRNA (count: 2098).
Adapter: Nextera (CTGTCTCTTATA)

Poly-G trimming: ENABLED (auto-detected). 12503 of 726979 reads (1.72%) have poly-G tails (>=10bp) — consistent with 2-colour chemistry (NovaSeq/NextSeq). To disable: --no_poly_g
Trimming (paired-end):
  R1: /scratch4/workspace/jade_fiorilla_student_uml_edu-rawseqorcc/fastq/2024_phase1_both06_hyp_filter_S109_R1_001.fastq.gz
  R2: /scratch4/workspace/jade_fiorilla_student_uml_edu-rawseqorcc/fastq/2024_phase1_both06_hyp_filter_S109_R2_001.fastq.gz
  Output R1: /scratch4/workspace/jade_fiorilla_student_uml_edu-rawseqorcc/trimmed/2024_phase1_both06_hyp_filter_S109_R1_001_val_1.fq.gz
  Output R2: /scratch4/workspace/jade_fiorilla_student_uml_edu-rawseqorcc/trimmed/2024_phase1_both06_hyp_filter_S109_R2_001_val_2.fq.gz

=== Summary (Read 1) ===

Total reads processed:               726979
Reads with adapters:                 716017 (98.5%)

=== Summary (Read 2) ===

Total reads processed:               726979
Reads with adapters:                 704176 (96.9%)
R1 reads with poly-G trimmed:           164 (0.0%)
  R1 poly-G bases removed:            10275
R2 reads with poly-G trimmed:          1018 (0.1%)
  R2 poly-G bases removed:           226325

=== Paired-end validation ===

Pairs analyzed:                      726979
Pairs removed:                         1730 (0.2%)
Unpaired R1 kept:                      1580
Unpaired R2 kept:                        51
Report: /scratch4/workspace/jade_fiorilla_student_uml_edu-rawseqorcc/trimmed/2024_phase1_both06_hyp_filter_S109_R1_001.fastq.gz_trimming_report.txt
JSON report: /scratch4/workspace/jade_fiorilla_student_uml_edu-rawseqorcc/trimmed/2024_phase1_both06_hyp_filter_S109_R1_001.fastq.gz_trimming_report.json
Report: /scratch4/workspace/jade_fiorilla_student_uml_edu-rawseqorcc/trimmed/2024_phase1_both06_hyp_filter_S109_R2_001.fastq.gz_trimming_report.txt
JSON report: /scratch4/workspace/jade_fiorilla_student_uml_edu-rawseqorcc/trimmed/2024_phase1_both06_hyp_filter_S109_R2_001.fastq.gz_trimming_report.json

Running FastQC on /scratch4/workspace/jade_fiorilla_student_uml_edu-rawseqorcc/trimmed/2024_phase1_both06_hyp_filter_S109_R1_001_val_1.fq.gz

Running FastQC on /scratch4/workspace/jade_fiorilla_student_uml_edu-rawseqorcc/trimmed/2024_phase1_both06_hyp_filter_S109_R2_001_val_2.fq.gz
Running Trim Galore on: 

Trim Galore v2.3.0
unknown — linux/x86_64 — built 2026-06-27T16:23:35Z
==================================================

Using 4 worker threads (parallel trim + compress)
Auto-detecting adapter type...
Using Nextera adapter for trimming (count: 26814). Second best hit was smallRNA (count: 1831).
Adapter: Nextera (CTGTCTCTTATA)

Poly-G trimming: ENABLED (auto-detected). 26461 of 770208 reads (3.44%) have poly-G tails (>=10bp) — consistent with 2-colour chemistry (NovaSeq/NextSeq). To disable: --no_poly_g
Trimming (paired-end):
  R1: /scratch4/workspace/jade_fiorilla_student_uml_edu-rawseqorcc/fastq/2024_phase1_Cont01_hyp_filter_S98_R1_001.fastq.gz
  R2: /scratch4/workspace/jade_fiorilla_student_uml_edu-rawseqorcc/fastq/2024_phase1_Cont01_hyp_filter_S98_R2_001.fastq.gz
  Output R1: /scratch4/workspace/jade_fiorilla_student_uml_edu-rawseqorcc/trimmed/2024_phase1_Cont01_hyp_filter_S98_R1_001_val_1.fq.gz
  Output R2: /scratch4/workspace/jade_fiorilla_student_uml_edu-rawseqorcc/trimmed/2024_phase1_Cont01_hyp_filter_S98_R2_001_val_2.fq.gz

=== Summary (Read 1) ===

Total reads processed:               770208
Reads with adapters:                 753149 (97.8%)

=== Summary (Read 2) ===

Total reads processed:               770208
Reads with adapters:                 747700 (97.1%)
R1 reads with poly-G trimmed:           325 (0.0%)
  R1 poly-G bases removed:            31965
R2 reads with poly-G trimmed:          1233 (0.2%)
  R2 poly-G bases removed:           263998

=== Paired-end validation ===

Pairs analyzed:                      770208
Pairs removed:                         1853 (0.2%)
Unpaired R1 kept:                      1641
Unpaired R2 kept:                        46
Report: /scratch4/workspace/jade_fiorilla_student_uml_edu-rawseqorcc/trimmed/2024_phase1_Cont01_hyp_filter_S98_R1_001.fastq.gz_trimming_report.txt
JSON report: /scratch4/workspace/jade_fiorilla_student_uml_edu-rawseqorcc/trimmed/2024_phase1_Cont01_hyp_filter_S98_R1_001.fastq.gz_trimming_report.json
Report: /scratch4/workspace/jade_fiorilla_student_uml_edu-rawseqorcc/trimmed/2024_phase1_Cont01_hyp_filter_S98_R2_001.fastq.gz_trimming_report.txt
JSON report: /scratch4/workspace/jade_fiorilla_student_uml_edu-rawseqorcc/trimmed/2024_phase1_Cont01_hyp_filter_S98_R2_001.fastq.gz_trimming_report.json

Running FastQC on /scratch4/workspace/jade_fiorilla_student_uml_edu-rawseqorcc/trimmed/2024_phase1_Cont01_hyp_filter_S98_R1_001_val_1.fq.gz

Running FastQC on /scratch4/workspace/jade_fiorilla_student_uml_edu-rawseqorcc/trimmed/2024_phase1_Cont01_hyp_filter_S98_R2_001_val_2.fq.gz
Running Trim Galore on: 

Trim Galore v2.3.0
unknown — linux/x86_64 — built 2026-06-27T16:23:35Z
==================================================

Using 4 worker threads (parallel trim + compress)
Auto-detecting adapter type...
Using Nextera adapter for trimming (count: 20343). Second best hit was smallRNA (count: 1457).
Adapter: Nextera (CTGTCTCTTATA)

Poly-G trimming: ENABLED (auto-detected). 19444 of 656309 reads (2.96%) have poly-G tails (>=10bp) — consistent with 2-colour chemistry (NovaSeq/NextSeq). To disable: --no_poly_g
Trimming (paired-end):
  R1: /scratch4/workspace/jade_fiorilla_student_uml_edu-rawseqorcc/fastq/2024_phase1_cont03_hyp_filter_S99_R1_001.fastq.gz
  R2: /scratch4/workspace/jade_fiorilla_student_uml_edu-rawseqorcc/fastq/2024_phase1_cont03_hyp_filter_S99_R2_001.fastq.gz
  Output R1: /scratch4/workspace/jade_fiorilla_student_uml_edu-rawseqorcc/trimmed/2024_phase1_cont03_hyp_filter_S99_R1_001_val_1.fq.gz
  Output R2: /scratch4/workspace/jade_fiorilla_student_uml_edu-rawseqorcc/trimmed/2024_phase1_cont03_hyp_filter_S99_R2_001_val_2.fq.gz

=== Summary (Read 1) ===

Total reads processed:               656309
Reads with adapters:                 647141 (98.6%)

=== Summary (Read 2) ===

Total reads processed:               656309
Reads with adapters:                 635945 (96.9%)
R1 reads with poly-G trimmed:           193 (0.0%)
  R1 poly-G bases removed:            17522
R2 reads with poly-G trimmed:          1068 (0.2%)
  R2 poly-G bases removed:           229123

=== Paired-end validation ===

Pairs analyzed:                      656309
Pairs removed:                         1722 (0.3%)
Unpaired R1 kept:                      1534
Unpaired R2 kept:                        79
Report: /scratch4/workspace/jade_fiorilla_student_uml_edu-rawseqorcc/trimmed/2024_phase1_cont03_hyp_filter_S99_R1_001.fastq.gz_trimming_report.txt
JSON report: /scratch4/workspace/jade_fiorilla_student_uml_edu-rawseqorcc/trimmed/2024_phase1_cont03_hyp_filter_S99_R1_001.fastq.gz_trimming_report.json
Report: /scratch4/workspace/jade_fiorilla_student_uml_edu-rawseqorcc/trimmed/2024_phase1_cont03_hyp_filter_S99_R2_001.fastq.gz_trimming_report.txt
JSON report: /scratch4/workspace/jade_fiorilla_student_uml_edu-rawseqorcc/trimmed/2024_phase1_cont03_hyp_filter_S99_R2_001.fastq.gz_trimming_report.json

Running FastQC on /scratch4/workspace/jade_fiorilla_student_uml_edu-rawseqorcc/trimmed/2024_phase1_cont03_hyp_filter_S99_R1_001_val_1.fq.gz

Running FastQC on /scratch4/workspace/jade_fiorilla_student_uml_edu-rawseqorcc/trimmed/2024_phase1_cont03_hyp_filter_S99_R2_001_val_2.fq.gz
Running Trim Galore on: 

Trim Galore v2.3.0
unknown — linux/x86_64 — built 2026-06-27T16:23:35Z
==================================================

Using 4 worker threads (parallel trim + compress)
Auto-detecting adapter type...
Using Nextera adapter for trimming (count: 13388). Second best hit was smallRNA (count: 786).
Adapter: Nextera (CTGTCTCTTATA)

Poly-G trimming: ENABLED (auto-detected). 12704 of 460817 reads (2.76%) have poly-G tails (>=10bp) — consistent with 2-colour chemistry (NovaSeq/NextSeq). To disable: --no_poly_g
Trimming (paired-end):
  R1: /scratch4/workspace/jade_fiorilla_student_uml_edu-rawseqorcc/fastq/2024_phase1_cont06_hyp_filter_S100_R1_001.fastq.gz
  R2: /scratch4/workspace/jade_fiorilla_student_uml_edu-rawseqorcc/fastq/2024_phase1_cont06_hyp_filter_S100_R2_001.fastq.gz
  Output R1: /scratch4/workspace/jade_fiorilla_student_uml_edu-rawseqorcc/trimmed/2024_phase1_cont06_hyp_filter_S100_R1_001_val_1.fq.gz
  Output R2: /scratch4/workspace/jade_fiorilla_student_uml_edu-rawseqorcc/trimmed/2024_phase1_cont06_hyp_filter_S100_R2_001_val_2.fq.gz

=== Summary (Read 1) ===

Total reads processed:               460817
Reads with adapters:                 453953 (98.5%)

=== Summary (Read 2) ===

Total reads processed:               460817
Reads with adapters:                 444723 (96.5%)
R1 reads with poly-G trimmed:           164 (0.0%)
  R1 poly-G bases removed:            12026
R2 reads with poly-G trimmed:           834 (0.2%)
  R2 poly-G bases removed:           177515

=== Paired-end validation ===

Pairs analyzed:                      460817
Pairs removed:                         1383 (0.3%)
Unpaired R1 kept:                      1242
Unpaired R2 kept:                        46
Report: /scratch4/workspace/jade_fiorilla_student_uml_edu-rawseqorcc/trimmed/2024_phase1_cont06_hyp_filter_S100_R1_001.fastq.gz_trimming_report.txt
JSON report: /scratch4/workspace/jade_fiorilla_student_uml_edu-rawseqorcc/trimmed/2024_phase1_cont06_hyp_filter_S100_R1_001.fastq.gz_trimming_report.json
Report: /scratch4/workspace/jade_fiorilla_student_uml_edu-rawseqorcc/trimmed/2024_phase1_cont06_hyp_filter_S100_R2_001.fastq.gz_trimming_report.txt
JSON report: /scratch4/workspace/jade_fiorilla_student_uml_edu-rawseqorcc/trimmed/2024_phase1_cont06_hyp_filter_S100_R2_001.fastq.gz_trimming_report.json

Running FastQC on /scratch4/workspace/jade_fiorilla_student_uml_edu-rawseqorcc/trimmed/2024_phase1_cont06_hyp_filter_S100_R1_001_val_1.fq.gz

Running FastQC on /scratch4/workspace/jade_fiorilla_student_uml_edu-rawseqorcc/trimmed/2024_phase1_cont06_hyp_filter_S100_R2_001_val_2.fq.gz
Running Trim Galore on: 

Trim Galore v2.3.0
unknown — linux/x86_64 — built 2026-06-27T16:23:35Z
==================================================

Using 4 worker threads (parallel trim + compress)
Auto-detecting adapter type...
Using Nextera adapter for trimming (count: 20471). Second best hit was smallRNA (count: 1932).
Adapter: Nextera (CTGTCTCTTATA)

Poly-G trimming: ENABLED (auto-detected). 19247 of 850091 reads (2.26%) have poly-G tails (>=10bp) — consistent with 2-colour chemistry (NovaSeq/NextSeq). To disable: --no_poly_g
Trimming (paired-end):
  R1: /scratch4/workspace/jade_fiorilla_student_uml_edu-rawseqorcc/fastq/2024_phase1_hyp01_hyp_filter_S104_R1_001.fastq.gz
  R2: /scratch4/workspace/jade_fiorilla_student_uml_edu-rawseqorcc/fastq/2024_phase1_hyp01_hyp_filter_S104_R2_001.fastq.gz
  Output R1: /scratch4/workspace/jade_fiorilla_student_uml_edu-rawseqorcc/trimmed/2024_phase1_hyp01_hyp_filter_S104_R1_001_val_1.fq.gz
  Output R2: /scratch4/workspace/jade_fiorilla_student_uml_edu-rawseqorcc/trimmed/2024_phase1_hyp01_hyp_filter_S104_R2_001_val_2.fq.gz

=== Summary (Read 1) ===

Total reads processed:               850091
Reads with adapters:                 839601 (98.8%)

=== Summary (Read 2) ===

Total reads processed:               850091
Reads with adapters:                 820816 (96.6%)
R1 reads with poly-G trimmed:           197 (0.0%)
  R1 poly-G bases removed:            13723
R2 reads with poly-G trimmed:          1313 (0.2%)
  R2 poly-G bases removed:           286484

=== Paired-end validation ===

Pairs analyzed:                      850091
Pairs removed:                         2199 (0.3%)
Unpaired R1 kept:                      1906
Unpaired R2 kept:                       114
Report: /scratch4/workspace/jade_fiorilla_student_uml_edu-rawseqorcc/trimmed/2024_phase1_hyp01_hyp_filter_S104_R1_001.fastq.gz_trimming_report.txt
JSON report: /scratch4/workspace/jade_fiorilla_student_uml_edu-rawseqorcc/trimmed/2024_phase1_hyp01_hyp_filter_S104_R1_001.fastq.gz_trimming_report.json
Report: /scratch4/workspace/jade_fiorilla_student_uml_edu-rawseqorcc/trimmed/2024_phase1_hyp01_hyp_filter_S104_R2_001.fastq.gz_trimming_report.txt
JSON report: /scratch4/workspace/jade_fiorilla_student_uml_edu-rawseqorcc/trimmed/2024_phase1_hyp01_hyp_filter_S104_R2_001.fastq.gz_trimming_report.json

Running FastQC on /scratch4/workspace/jade_fiorilla_student_uml_edu-rawseqorcc/trimmed/2024_phase1_hyp01_hyp_filter_S104_R1_001_val_1.fq.gz

Running FastQC on /scratch4/workspace/jade_fiorilla_student_uml_edu-rawseqorcc/trimmed/2024_phase1_hyp01_hyp_filter_S104_R2_001_val_2.fq.gz
Running Trim Galore on: 

Trim Galore v2.3.0
unknown — linux/x86_64 — built 2026-06-27T16:23:35Z
==================================================

Using 4 worker threads (parallel trim + compress)
Auto-detecting adapter type...
Using Nextera adapter for trimming (count: 8989). Second best hit was smallRNA (count: 1011).
Adapter: Nextera (CTGTCTCTTATA)

Poly-G trimming: ENABLED (auto-detected). 8137 of 496486 reads (1.64%) have poly-G tails (>=10bp) — consistent with 2-colour chemistry (NovaSeq/NextSeq). To disable: --no_poly_g
Trimming (paired-end):
  R1: /scratch4/workspace/jade_fiorilla_student_uml_edu-rawseqorcc/fastq/2024_phase1_hyp03_hyp_filter_S105_R1_001.fastq.gz
  R2: /scratch4/workspace/jade_fiorilla_student_uml_edu-rawseqorcc/fastq/2024_phase1_hyp03_hyp_filter_S105_R2_001.fastq.gz
  Output R1: /scratch4/workspace/jade_fiorilla_student_uml_edu-rawseqorcc/trimmed/2024_phase1_hyp03_hyp_filter_S105_R1_001_val_1.fq.gz
  Output R2: /scratch4/workspace/jade_fiorilla_student_uml_edu-rawseqorcc/trimmed/2024_phase1_hyp03_hyp_filter_S105_R2_001_val_2.fq.gz

=== Summary (Read 1) ===

Total reads processed:               496486
Reads with adapters:                 490360 (98.8%)

=== Summary (Read 2) ===

Total reads processed:               496486
Reads with adapters:                 481083 (96.9%)
R1 reads with poly-G trimmed:           100 (0.0%)
  R1 poly-G bases removed:             6079
R2 reads with poly-G trimmed:           788 (0.2%)
  R2 poly-G bases removed:           160300

=== Paired-end validation ===

Pairs analyzed:                      496486
Pairs removed:                         1447 (0.3%)
Unpaired R1 kept:                      1272
Unpaired R2 kept:                        83
Report: /scratch4/workspace/jade_fiorilla_student_uml_edu-rawseqorcc/trimmed/2024_phase1_hyp03_hyp_filter_S105_R1_001.fastq.gz_trimming_report.txt
JSON report: /scratch4/workspace/jade_fiorilla_student_uml_edu-rawseqorcc/trimmed/2024_phase1_hyp03_hyp_filter_S105_R1_001.fastq.gz_trimming_report.json
Report: /scratch4/workspace/jade_fiorilla_student_uml_edu-rawseqorcc/trimmed/2024_phase1_hyp03_hyp_filter_S105_R2_001.fastq.gz_trimming_report.txt
JSON report: /scratch4/workspace/jade_fiorilla_student_uml_edu-rawseqorcc/trimmed/2024_phase1_hyp03_hyp_filter_S105_R2_001.fastq.gz_trimming_report.json

Running FastQC on /scratch4/workspace/jade_fiorilla_student_uml_edu-rawseqorcc/trimmed/2024_phase1_hyp03_hyp_filter_S105_R1_001_val_1.fq.gz

Running FastQC on /scratch4/workspace/jade_fiorilla_student_uml_edu-rawseqorcc/trimmed/2024_phase1_hyp03_hyp_filter_S105_R2_001_val_2.fq.gz
Running Trim Galore on: 

Trim Galore v2.3.0
unknown — linux/x86_64 — built 2026-06-27T16:23:35Z
==================================================

Using 4 worker threads (parallel trim + compress)
Auto-detecting adapter type...
Using Nextera adapter for trimming (count: 12154). Second best hit was smallRNA (count: 2431).
Adapter: Nextera (CTGTCTCTTATA)

Poly-G trimming: ENABLED (auto-detected). 10803 of 884452 reads (1.22%) have poly-G tails (>=10bp) — consistent with 2-colour chemistry (NovaSeq/NextSeq). To disable: --no_poly_g
Trimming (paired-end):
  R1: /scratch4/workspace/jade_fiorilla_student_uml_edu-rawseqorcc/fastq/2024_phase1_hyp06_hyp_filter_S106_R1_001.fastq.gz
  R2: /scratch4/workspace/jade_fiorilla_student_uml_edu-rawseqorcc/fastq/2024_phase1_hyp06_hyp_filter_S106_R2_001.fastq.gz
  Output R1: /scratch4/workspace/jade_fiorilla_student_uml_edu-rawseqorcc/trimmed/2024_phase1_hyp06_hyp_filter_S106_R1_001_val_1.fq.gz
  Output R2: /scratch4/workspace/jade_fiorilla_student_uml_edu-rawseqorcc/trimmed/2024_phase1_hyp06_hyp_filter_S106_R2_001_val_2.fq.gz

=== Summary (Read 1) ===

Total reads processed:               884452
Reads with adapters:                 873165 (98.7%)

=== Summary (Read 2) ===

Total reads processed:               884452
Reads with adapters:                 855299 (96.7%)
R1 reads with poly-G trimmed:           216 (0.0%)
  R1 poly-G bases removed:             9666
R2 reads with poly-G trimmed:          1275 (0.1%)
  R2 poly-G bases removed:           262054

=== Paired-end validation ===

Pairs analyzed:                      884452
Pairs removed:                         2150 (0.2%)
Unpaired R1 kept:                      1953
Unpaired R2 kept:                        93
Report: /scratch4/workspace/jade_fiorilla_student_uml_edu-rawseqorcc/trimmed/2024_phase1_hyp06_hyp_filter_S106_R1_001.fastq.gz_trimming_report.txt
JSON report: /scratch4/workspace/jade_fiorilla_student_uml_edu-rawseqorcc/trimmed/2024_phase1_hyp06_hyp_filter_S106_R1_001.fastq.gz_trimming_report.json
Report: /scratch4/workspace/jade_fiorilla_student_uml_edu-rawseqorcc/trimmed/2024_phase1_hyp06_hyp_filter_S106_R2_001.fastq.gz_trimming_report.txt
JSON report: /scratch4/workspace/jade_fiorilla_student_uml_edu-rawseqorcc/trimmed/2024_phase1_hyp06_hyp_filter_S106_R2_001.fastq.gz_trimming_report.json

Running FastQC on /scratch4/workspace/jade_fiorilla_student_uml_edu-rawseqorcc/trimmed/2024_phase1_hyp06_hyp_filter_S106_R1_001_val_1.fq.gz

Running FastQC on /scratch4/workspace/jade_fiorilla_student_uml_edu-rawseqorcc/trimmed/2024_phase1_hyp06_hyp_filter_S106_R2_001_val_2.fq.gz
Running Trim Galore on: 

Trim Galore v2.3.0
unknown — linux/x86_64 — built 2026-06-27T16:23:35Z
==================================================

Using 4 worker threads (parallel trim + compress)
Auto-detecting adapter type...
Using Nextera adapter for trimming (count: 10177). Second best hit was smallRNA (count: 1215).
Adapter: Nextera (CTGTCTCTTATA)

Poly-G trimming: ENABLED (auto-detected). 9909 of 672878 reads (1.47%) have poly-G tails (>=10bp) — consistent with 2-colour chemistry (NovaSeq/NextSeq). To disable: --no_poly_g
Trimming (paired-end):
  R1: /scratch4/workspace/jade_fiorilla_student_uml_edu-rawseqorcc/fastq/2024_phase1_warm01_hyp_filter_S101_R1_001.fastq.gz
  R2: /scratch4/workspace/jade_fiorilla_student_uml_edu-rawseqorcc/fastq/2024_phase1_warm01_hyp_filter_S101_R2_001.fastq.gz
  Output R1: /scratch4/workspace/jade_fiorilla_student_uml_edu-rawseqorcc/trimmed/2024_phase1_warm01_hyp_filter_S101_R1_001_val_1.fq.gz
  Output R2: /scratch4/workspace/jade_fiorilla_student_uml_edu-rawseqorcc/trimmed/2024_phase1_warm01_hyp_filter_S101_R2_001_val_2.fq.gz

=== Summary (Read 1) ===

Total reads processed:               672878
Reads with adapters:                 648400 (96.4%)

=== Summary (Read 2) ===

Total reads processed:               672878
Reads with adapters:                 654602 (97.3%)
R1 reads with poly-G trimmed:           275 (0.0%)
  R1 poly-G bases removed:            21071
R2 reads with poly-G trimmed:          1089 (0.2%)
  R2 poly-G bases removed:           248201

=== Paired-end validation ===

Pairs analyzed:                      672878
Pairs removed:                         1483 (0.2%)
Unpaired R1 kept:                      1390
Unpaired R2 kept:                        36
Report: /scratch4/workspace/jade_fiorilla_student_uml_edu-rawseqorcc/trimmed/2024_phase1_warm01_hyp_filter_S101_R1_001.fastq.gz_trimming_report.txt
JSON report: /scratch4/workspace/jade_fiorilla_student_uml_edu-rawseqorcc/trimmed/2024_phase1_warm01_hyp_filter_S101_R1_001.fastq.gz_trimming_report.json
Report: /scratch4/workspace/jade_fiorilla_student_uml_edu-rawseqorcc/trimmed/2024_phase1_warm01_hyp_filter_S101_R2_001.fastq.gz_trimming_report.txt
JSON report: /scratch4/workspace/jade_fiorilla_student_uml_edu-rawseqorcc/trimmed/2024_phase1_warm01_hyp_filter_S101_R2_001.fastq.gz_trimming_report.json

Running FastQC on /scratch4/workspace/jade_fiorilla_student_uml_edu-rawseqorcc/trimmed/2024_phase1_warm01_hyp_filter_S101_R1_001_val_1.fq.gz

Running FastQC on /scratch4/workspace/jade_fiorilla_student_uml_edu-rawseqorcc/trimmed/2024_phase1_warm01_hyp_filter_S101_R2_001_val_2.fq.gz
Running Trim Galore on: 

Trim Galore v2.3.0
unknown — linux/x86_64 — built 2026-06-27T16:23:35Z
==================================================

Using 4 worker threads (parallel trim + compress)
Auto-detecting adapter type...
Using Nextera adapter for trimming (count: 13911). Second best hit was smallRNA (count: 1069).
Adapter: Nextera (CTGTCTCTTATA)

Poly-G trimming: ENABLED (auto-detected). 13074 of 543657 reads (2.40%) have poly-G tails (>=10bp) — consistent with 2-colour chemistry (NovaSeq/NextSeq). To disable: --no_poly_g
Trimming (paired-end):
  R1: /scratch4/workspace/jade_fiorilla_student_uml_edu-rawseqorcc/fastq/2024_phase1_warm03_hyp_filter_S102_R1_001.fastq.gz
  R2: /scratch4/workspace/jade_fiorilla_student_uml_edu-rawseqorcc/fastq/2024_phase1_warm03_hyp_filter_S102_R2_001.fastq.gz
  Output R1: /scratch4/workspace/jade_fiorilla_student_uml_edu-rawseqorcc/trimmed/2024_phase1_warm03_hyp_filter_S102_R1_001_val_1.fq.gz
  Output R2: /scratch4/workspace/jade_fiorilla_student_uml_edu-rawseqorcc/trimmed/2024_phase1_warm03_hyp_filter_S102_R2_001_val_2.fq.gz

=== Summary (Read 1) ===

Total reads processed:               543657
Reads with adapters:                 536058 (98.6%)

=== Summary (Read 2) ===

Total reads processed:               543657
Reads with adapters:                 522141 (96.0%)
R1 reads with poly-G trimmed:           158 (0.0%)
  R1 poly-G bases removed:            12185
R2 reads with poly-G trimmed:           890 (0.2%)
  R2 poly-G bases removed:           192404

=== Paired-end validation ===

Pairs analyzed:                      543657
Pairs removed:                         1478 (0.3%)
Unpaired R1 kept:                      1334
Unpaired R2 kept:                        57
Report: /scratch4/workspace/jade_fiorilla_student_uml_edu-rawseqorcc/trimmed/2024_phase1_warm03_hyp_filter_S102_R1_001.fastq.gz_trimming_report.txt
JSON report: /scratch4/workspace/jade_fiorilla_student_uml_edu-rawseqorcc/trimmed/2024_phase1_warm03_hyp_filter_S102_R1_001.fastq.gz_trimming_report.json
Report: /scratch4/workspace/jade_fiorilla_student_uml_edu-rawseqorcc/trimmed/2024_phase1_warm03_hyp_filter_S102_R2_001.fastq.gz_trimming_report.txt
JSON report: /scratch4/workspace/jade_fiorilla_student_uml_edu-rawseqorcc/trimmed/2024_phase1_warm03_hyp_filter_S102_R2_001.fastq.gz_trimming_report.json

Running FastQC on /scratch4/workspace/jade_fiorilla_student_uml_edu-rawseqorcc/trimmed/2024_phase1_warm03_hyp_filter_S102_R1_001_val_1.fq.gz

Running FastQC on /scratch4/workspace/jade_fiorilla_student_uml_edu-rawseqorcc/trimmed/2024_phase1_warm03_hyp_filter_S102_R2_001_val_2.fq.gz
Running Trim Galore on: 

Trim Galore v2.3.0
unknown — linux/x86_64 — built 2026-06-27T16:23:35Z
==================================================

Using 4 worker threads (parallel trim + compress)
Auto-detecting adapter type...
Using Nextera adapter for trimming (count: 31989). Second best hit was smallRNA (count: 1747).
Adapter: Nextera (CTGTCTCTTATA)

Poly-G trimming: ENABLED (auto-detected). 30905 of 737748 reads (4.19%) have poly-G tails (>=10bp) — consistent with 2-colour chemistry (NovaSeq/NextSeq). To disable: --no_poly_g
Trimming (paired-end):
  R1: /scratch4/workspace/jade_fiorilla_student_uml_edu-rawseqorcc/fastq/2024_phase1_warm06_hyp_filter_S103_R1_001.fastq.gz
  R2: /scratch4/workspace/jade_fiorilla_student_uml_edu-rawseqorcc/fastq/2024_phase1_warm06_hyp_filter_S103_R2_001.fastq.gz
  Output R1: /scratch4/workspace/jade_fiorilla_student_uml_edu-rawseqorcc/trimmed/2024_phase1_warm06_hyp_filter_S103_R1_001_val_1.fq.gz
  Output R2: /scratch4/workspace/jade_fiorilla_student_uml_edu-rawseqorcc/trimmed/2024_phase1_warm06_hyp_filter_S103_R2_001_val_2.fq.gz

=== Summary (Read 1) ===

Total reads processed:               737748
Reads with adapters:                 728777 (98.8%)

=== Summary (Read 2) ===

Total reads processed:               737748
Reads with adapters:                 717806 (97.3%)
R1 reads with poly-G trimmed:           209 (0.0%)
  R1 poly-G bases removed:            18041
R2 reads with poly-G trimmed:          1039 (0.1%)
  R2 poly-G bases removed:           219745

=== Paired-end validation ===

Pairs analyzed:                      737748
Pairs removed:                         1970 (0.3%)
Unpaired R1 kept:                      1587
Unpaired R2 kept:                       113
Report: /scratch4/workspace/jade_fiorilla_student_uml_edu-rawseqorcc/trimmed/2024_phase1_warm06_hyp_filter_S103_R1_001.fastq.gz_trimming_report.txt
JSON report: /scratch4/workspace/jade_fiorilla_student_uml_edu-rawseqorcc/trimmed/2024_phase1_warm06_hyp_filter_S103_R1_001.fastq.gz_trimming_report.json
Report: /scratch4/workspace/jade_fiorilla_student_uml_edu-rawseqorcc/trimmed/2024_phase1_warm06_hyp_filter_S103_R2_001.fastq.gz_trimming_report.txt
JSON report: /scratch4/workspace/jade_fiorilla_student_uml_edu-rawseqorcc/trimmed/2024_phase1_warm06_hyp_filter_S103_R2_001.fastq.gz_trimming_report.json

Running FastQC on /scratch4/workspace/jade_fiorilla_student_uml_edu-rawseqorcc/trimmed/2024_phase1_warm06_hyp_filter_S103_R1_001_val_1.fq.gz

Running FastQC on /scratch4/workspace/jade_fiorilla_student_uml_edu-rawseqorcc/trimmed/2024_phase1_warm06_hyp_filter_S103_R2_001_val_2.fq.gz
Running Trim Galore on: 

Trim Galore v2.3.0
unknown — linux/x86_64 — built 2026-06-27T16:23:35Z
==================================================

Using 4 worker threads (parallel trim + compress)
Auto-detecting adapter type...
Using Nextera adapter for trimming (count: 11540). Second best hit was smallRNA (count: 897).
Adapter: Nextera (CTGTCTCTTATA)

Poly-G trimming: ENABLED (auto-detected). 10623 of 526199 reads (2.02%) have poly-G tails (>=10bp) — consistent with 2-colour chemistry (NovaSeq/NextSeq). To disable: --no_poly_g
Trimming (paired-end):
  R1: /scratch4/workspace/jade_fiorilla_student_uml_edu-rawseqorcc/fastq/2024_phase2_Both01_Hyp_filter_S119_R1_001.fastq.gz
  R2: /scratch4/workspace/jade_fiorilla_student_uml_edu-rawseqorcc/fastq/2024_phase2_Both01_Hyp_filter_S119_R2_001.fastq.gz
  Output R1: /scratch4/workspace/jade_fiorilla_student_uml_edu-rawseqorcc/trimmed/2024_phase2_Both01_Hyp_filter_S119_R1_001_val_1.fq.gz
  Output R2: /scratch4/workspace/jade_fiorilla_student_uml_edu-rawseqorcc/trimmed/2024_phase2_Both01_Hyp_filter_S119_R2_001_val_2.fq.gz

=== Summary (Read 1) ===

Total reads processed:               526199
Reads with adapters:                 519872 (98.8%)

=== Summary (Read 2) ===

Total reads processed:               526199
Reads with adapters:                 512162 (97.3%)
R1 reads with poly-G trimmed:           131 (0.0%)
  R1 poly-G bases removed:             9725
R2 reads with poly-G trimmed:           872 (0.2%)
  R2 poly-G bases removed:           185243

=== Paired-end validation ===

Pairs analyzed:                      526199
Pairs removed:                         1454 (0.3%)
Unpaired R1 kept:                      1306
Unpaired R2 kept:                        58
Report: /scratch4/workspace/jade_fiorilla_student_uml_edu-rawseqorcc/trimmed/2024_phase2_Both01_Hyp_filter_S119_R1_001.fastq.gz_trimming_report.txt
JSON report: /scratch4/workspace/jade_fiorilla_student_uml_edu-rawseqorcc/trimmed/2024_phase2_Both01_Hyp_filter_S119_R1_001.fastq.gz_trimming_report.json
Report: /scratch4/workspace/jade_fiorilla_student_uml_edu-rawseqorcc/trimmed/2024_phase2_Both01_Hyp_filter_S119_R2_001.fastq.gz_trimming_report.txt
JSON report: /scratch4/workspace/jade_fiorilla_student_uml_edu-rawseqorcc/trimmed/2024_phase2_Both01_Hyp_filter_S119_R2_001.fastq.gz_trimming_report.json

Running FastQC on /scratch4/workspace/jade_fiorilla_student_uml_edu-rawseqorcc/trimmed/2024_phase2_Both01_Hyp_filter_S119_R1_001_val_1.fq.gz

Running FastQC on /scratch4/workspace/jade_fiorilla_student_uml_edu-rawseqorcc/trimmed/2024_phase2_Both01_Hyp_filter_S119_R2_001_val_2.fq.gz
Running Trim Galore on: 

Trim Galore v2.3.0
unknown — linux/x86_64 — built 2026-06-27T16:23:35Z
==================================================

Using 4 worker threads (parallel trim + compress)
Auto-detecting adapter type...
Using Nextera adapter for trimming (count: 5139). Second best hit was smallRNA (count: 2501).
Adapter: Nextera (CTGTCTCTTATA)

Poly-G trimming: ENABLED (auto-detected). 4491 of 867032 reads (0.52%) have poly-G tails (>=10bp) — consistent with 2-colour chemistry (NovaSeq/NextSeq). To disable: --no_poly_g
Trimming (paired-end):
  R1: /scratch4/workspace/jade_fiorilla_student_uml_edu-rawseqorcc/fastq/2024_phase2_Both01_Norm_filter_S131_R1_001.fastq.gz
  R2: /scratch4/workspace/jade_fiorilla_student_uml_edu-rawseqorcc/fastq/2024_phase2_Both01_Norm_filter_S131_R2_001.fastq.gz
  Output R1: /scratch4/workspace/jade_fiorilla_student_uml_edu-rawseqorcc/trimmed/2024_phase2_Both01_Norm_filter_S131_R1_001_val_1.fq.gz
  Output R2: /scratch4/workspace/jade_fiorilla_student_uml_edu-rawseqorcc/trimmed/2024_phase2_Both01_Norm_filter_S131_R2_001_val_2.fq.gz

=== Summary (Read 1) ===

Total reads processed:               867032
Reads with adapters:                 859404 (99.1%)

=== Summary (Read 2) ===

Total reads processed:               867032
Reads with adapters:                 854866 (98.6%)
R1 reads with poly-G trimmed:           236 (0.0%)
  R1 poly-G bases removed:            10214
R2 reads with poly-G trimmed:          2300 (0.3%)
  R2 poly-G bases removed:           546594

=== Paired-end validation ===

Pairs analyzed:                      867032
Pairs removed:                         3051 (0.4%)
Unpaired R1 kept:                      2911
Unpaired R2 kept:                        86
Report: /scratch4/workspace/jade_fiorilla_student_uml_edu-rawseqorcc/trimmed/2024_phase2_Both01_Norm_filter_S131_R1_001.fastq.gz_trimming_report.txt
JSON report: /scratch4/workspace/jade_fiorilla_student_uml_edu-rawseqorcc/trimmed/2024_phase2_Both01_Norm_filter_S131_R1_001.fastq.gz_trimming_report.json
Report: /scratch4/workspace/jade_fiorilla_student_uml_edu-rawseqorcc/trimmed/2024_phase2_Both01_Norm_filter_S131_R2_001.fastq.gz_trimming_report.txt
JSON report: /scratch4/workspace/jade_fiorilla_student_uml_edu-rawseqorcc/trimmed/2024_phase2_Both01_Norm_filter_S131_R2_001.fastq.gz_trimming_report.json

Running FastQC on /scratch4/workspace/jade_fiorilla_student_uml_edu-rawseqorcc/trimmed/2024_phase2_Both01_Norm_filter_S131_R1_001_val_1.fq.gz

Running FastQC on /scratch4/workspace/jade_fiorilla_student_uml_edu-rawseqorcc/trimmed/2024_phase2_Both01_Norm_filter_S131_R2_001_val_2.fq.gz
Running Trim Galore on: 

Trim Galore v2.3.0
unknown — linux/x86_64 — built 2026-06-27T16:23:35Z
==================================================

Using 4 worker threads (parallel trim + compress)
Auto-detecting adapter type...
Using Nextera adapter for trimming (count: 15462). Second best hit was smallRNA (count: 1281).
Adapter: Nextera (CTGTCTCTTATA)

Poly-G trimming: ENABLED (auto-detected). 14317 of 755255 reads (1.90%) have poly-G tails (>=10bp) — consistent with 2-colour chemistry (NovaSeq/NextSeq). To disable: --no_poly_g
Trimming (paired-end):
  R1: /scratch4/workspace/jade_fiorilla_student_uml_edu-rawseqorcc/fastq/2024_phase2_Both03_Hyp_filter_S120_R1_001.fastq.gz
  R2: /scratch4/workspace/jade_fiorilla_student_uml_edu-rawseqorcc/fastq/2024_phase2_Both03_Hyp_filter_S120_R2_001.fastq.gz
  Output R1: /scratch4/workspace/jade_fiorilla_student_uml_edu-rawseqorcc/trimmed/2024_phase2_Both03_Hyp_filter_S120_R1_001_val_1.fq.gz
  Output R2: /scratch4/workspace/jade_fiorilla_student_uml_edu-rawseqorcc/trimmed/2024_phase2_Both03_Hyp_filter_S120_R2_001_val_2.fq.gz

=== Summary (Read 1) ===

Total reads processed:               755255
Reads with adapters:                 745714 (98.7%)

=== Summary (Read 2) ===

Total reads processed:               755255
Reads with adapters:                 729633 (96.6%)
R1 reads with poly-G trimmed:           187 (0.0%)
  R1 poly-G bases removed:            13129
R2 reads with poly-G trimmed:          1137 (0.2%)
  R2 poly-G bases removed:           240256

=== Paired-end validation ===

Pairs analyzed:                      755255
Pairs removed:                         1910 (0.3%)
Unpaired R1 kept:                      1707
Unpaired R2 kept:                        80
Report: /scratch4/workspace/jade_fiorilla_student_uml_edu-rawseqorcc/trimmed/2024_phase2_Both03_Hyp_filter_S120_R1_001.fastq.gz_trimming_report.txt
JSON report: /scratch4/workspace/jade_fiorilla_student_uml_edu-rawseqorcc/trimmed/2024_phase2_Both03_Hyp_filter_S120_R1_001.fastq.gz_trimming_report.json
Report: /scratch4/workspace/jade_fiorilla_student_uml_edu-rawseqorcc/trimmed/2024_phase2_Both03_Hyp_filter_S120_R2_001.fastq.gz_trimming_report.txt
JSON report: /scratch4/workspace/jade_fiorilla_student_uml_edu-rawseqorcc/trimmed/2024_phase2_Both03_Hyp_filter_S120_R2_001.fastq.gz_trimming_report.json

Running FastQC on /scratch4/workspace/jade_fiorilla_student_uml_edu-rawseqorcc/trimmed/2024_phase2_Both03_Hyp_filter_S120_R1_001_val_1.fq.gz

Running FastQC on /scratch4/workspace/jade_fiorilla_student_uml_edu-rawseqorcc/trimmed/2024_phase2_Both03_Hyp_filter_S120_R2_001_val_2.fq.gz
Running Trim Galore on: 

Trim Galore v2.3.0
unknown — linux/x86_64 — built 2026-06-27T16:23:35Z
==================================================

Using 4 worker threads (parallel trim + compress)
Auto-detecting adapter type...
Using Nextera adapter for trimming (count: 4377). Second best hit was smallRNA (count: 2310).
Adapter: Nextera (CTGTCTCTTATA)

Poly-G trimming: ENABLED (auto-detected). 3579 of 1000000 reads (0.36%) have poly-G tails (>=10bp) — consistent with 2-colour chemistry (NovaSeq/NextSeq). To disable: --no_poly_g
Trimming (paired-end):
  R1: /scratch4/workspace/jade_fiorilla_student_uml_edu-rawseqorcc/fastq/2024_phase2_Both03_Norm_filter_S132_R1_001.fastq.gz
  R2: /scratch4/workspace/jade_fiorilla_student_uml_edu-rawseqorcc/fastq/2024_phase2_Both03_Norm_filter_S132_R2_001.fastq.gz
  Output R1: /scratch4/workspace/jade_fiorilla_student_uml_edu-rawseqorcc/trimmed/2024_phase2_Both03_Norm_filter_S132_R1_001_val_1.fq.gz
  Output R2: /scratch4/workspace/jade_fiorilla_student_uml_edu-rawseqorcc/trimmed/2024_phase2_Both03_Norm_filter_S132_R2_001_val_2.fq.gz

=== Summary (Read 1) ===

Total reads processed:              1151092
Reads with adapters:                1140238 (99.1%)

=== Summary (Read 2) ===

Total reads processed:              1151092
Reads with adapters:                1132251 (98.4%)
R1 reads with poly-G trimmed:           296 (0.0%)
  R1 poly-G bases removed:            10435
R2 reads with poly-G trimmed:          3001 (0.3%)
  R2 poly-G bases removed:           714884

=== Paired-end validation ===

Pairs analyzed:                     1151092
Pairs removed:                         3952 (0.3%)
Unpaired R1 kept:                      3780
Unpaired R2 kept:                       101
Report: /scratch4/workspace/jade_fiorilla_student_uml_edu-rawseqorcc/trimmed/2024_phase2_Both03_Norm_filter_S132_R1_001.fastq.gz_trimming_report.txt
JSON report: /scratch4/workspace/jade_fiorilla_student_uml_edu-rawseqorcc/trimmed/2024_phase2_Both03_Norm_filter_S132_R1_001.fastq.gz_trimming_report.json
Report: /scratch4/workspace/jade_fiorilla_student_uml_edu-rawseqorcc/trimmed/2024_phase2_Both03_Norm_filter_S132_R2_001.fastq.gz_trimming_report.txt
JSON report: /scratch4/workspace/jade_fiorilla_student_uml_edu-rawseqorcc/trimmed/2024_phase2_Both03_Norm_filter_S132_R2_001.fastq.gz_trimming_report.json

Running FastQC on /scratch4/workspace/jade_fiorilla_student_uml_edu-rawseqorcc/trimmed/2024_phase2_Both03_Norm_filter_S132_R1_001_val_1.fq.gz

Running FastQC on /scratch4/workspace/jade_fiorilla_student_uml_edu-rawseqorcc/trimmed/2024_phase2_Both03_Norm_filter_S132_R2_001_val_2.fq.gz
Running Trim Galore on: 

Trim Galore v2.3.0
unknown — linux/x86_64 — built 2026-06-27T16:23:35Z
==================================================

Using 4 worker threads (parallel trim + compress)
Auto-detecting adapter type...
Using Nextera adapter for trimming (count: 21729). Second best hit was smallRNA (count: 1171).
Adapter: Nextera (CTGTCTCTTATA)

Poly-G trimming: ENABLED (auto-detected). 21032 of 571788 reads (3.68%) have poly-G tails (>=10bp) — consistent with 2-colour chemistry (NovaSeq/NextSeq). To disable: --no_poly_g
Trimming (paired-end):
  R1: /scratch4/workspace/jade_fiorilla_student_uml_edu-rawseqorcc/fastq/2024_phase2_Both06_Hyp_filter_S121_R1_001.fastq.gz
  R2: /scratch4/workspace/jade_fiorilla_student_uml_edu-rawseqorcc/fastq/2024_phase2_Both06_Hyp_filter_S121_R2_001.fastq.gz
  Output R1: /scratch4/workspace/jade_fiorilla_student_uml_edu-rawseqorcc/trimmed/2024_phase2_Both06_Hyp_filter_S121_R1_001_val_1.fq.gz
  Output R2: /scratch4/workspace/jade_fiorilla_student_uml_edu-rawseqorcc/trimmed/2024_phase2_Both06_Hyp_filter_S121_R2_001_val_2.fq.gz

=== Summary (Read 1) ===

Total reads processed:               571788
Reads with adapters:                 564797 (98.8%)

=== Summary (Read 2) ===

Total reads processed:               571788
Reads with adapters:                 555119 (97.1%)
R1 reads with poly-G trimmed:           135 (0.0%)
  R1 poly-G bases removed:            10837
R2 reads with poly-G trimmed:           913 (0.2%)
  R2 poly-G bases removed:           194030

=== Paired-end validation ===

Pairs analyzed:                      571788
Pairs removed:                         1675 (0.3%)
Unpaired R1 kept:                      1438
Unpaired R2 kept:                        93
Report: /scratch4/workspace/jade_fiorilla_student_uml_edu-rawseqorcc/trimmed/2024_phase2_Both06_Hyp_filter_S121_R1_001.fastq.gz_trimming_report.txt
JSON report: /scratch4/workspace/jade_fiorilla_student_uml_edu-rawseqorcc/trimmed/2024_phase2_Both06_Hyp_filter_S121_R1_001.fastq.gz_trimming_report.json
Report: /scratch4/workspace/jade_fiorilla_student_uml_edu-rawseqorcc/trimmed/2024_phase2_Both06_Hyp_filter_S121_R2_001.fastq.gz_trimming_report.txt
JSON report: /scratch4/workspace/jade_fiorilla_student_uml_edu-rawseqorcc/trimmed/2024_phase2_Both06_Hyp_filter_S121_R2_001.fastq.gz_trimming_report.json

Running FastQC on /scratch4/workspace/jade_fiorilla_student_uml_edu-rawseqorcc/trimmed/2024_phase2_Both06_Hyp_filter_S121_R1_001_val_1.fq.gz

Running FastQC on /scratch4/workspace/jade_fiorilla_student_uml_edu-rawseqorcc/trimmed/2024_phase2_Both06_Hyp_filter_S121_R2_001_val_2.fq.gz
Running Trim Galore on: 

Trim Galore v2.3.0
unknown — linux/x86_64 — built 2026-06-27T16:23:35Z
==================================================

Using 4 worker threads (parallel trim + compress)
Auto-detecting adapter type...
Using Nextera adapter for trimming (count: 4461). Second best hit was smallRNA (count: 2350).
Adapter: Nextera (CTGTCTCTTATA)

Poly-G trimming: ENABLED (auto-detected). 3961 of 823820 reads (0.48%) have poly-G tails (>=10bp) — consistent with 2-colour chemistry (NovaSeq/NextSeq). To disable: --no_poly_g
Trimming (paired-end):
  R1: /scratch4/workspace/jade_fiorilla_student_uml_edu-rawseqorcc/fastq/2024_phase2_Both06_Norm_filter_S133_R1_001.fastq.gz
  R2: /scratch4/workspace/jade_fiorilla_student_uml_edu-rawseqorcc/fastq/2024_phase2_Both06_Norm_filter_S133_R2_001.fastq.gz
  Output R1: /scratch4/workspace/jade_fiorilla_student_uml_edu-rawseqorcc/trimmed/2024_phase2_Both06_Norm_filter_S133_R1_001_val_1.fq.gz
  Output R2: /scratch4/workspace/jade_fiorilla_student_uml_edu-rawseqorcc/trimmed/2024_phase2_Both06_Norm_filter_S133_R2_001_val_2.fq.gz

=== Summary (Read 1) ===

Total reads processed:               823820
Reads with adapters:                 816132 (99.1%)

=== Summary (Read 2) ===

Total reads processed:               823820
Reads with adapters:                 812454 (98.6%)
R1 reads with poly-G trimmed:           276 (0.0%)
  R1 poly-G bases removed:            12630
R2 reads with poly-G trimmed:          2125 (0.3%)
  R2 poly-G bases removed:           513812

=== Paired-end validation ===

Pairs analyzed:                      823820
Pairs removed:                         2802 (0.3%)
Unpaired R1 kept:                      2664
Unpaired R2 kept:                        73
Report: /scratch4/workspace/jade_fiorilla_student_uml_edu-rawseqorcc/trimmed/2024_phase2_Both06_Norm_filter_S133_R1_001.fastq.gz_trimming_report.txt
JSON report: /scratch4/workspace/jade_fiorilla_student_uml_edu-rawseqorcc/trimmed/2024_phase2_Both06_Norm_filter_S133_R1_001.fastq.gz_trimming_report.json
Report: /scratch4/workspace/jade_fiorilla_student_uml_edu-rawseqorcc/trimmed/2024_phase2_Both06_Norm_filter_S133_R2_001.fastq.gz_trimming_report.txt
JSON report: /scratch4/workspace/jade_fiorilla_student_uml_edu-rawseqorcc/trimmed/2024_phase2_Both06_Norm_filter_S133_R2_001.fastq.gz_trimming_report.json

Running FastQC on /scratch4/workspace/jade_fiorilla_student_uml_edu-rawseqorcc/trimmed/2024_phase2_Both06_Norm_filter_S133_R1_001_val_1.fq.gz

Running FastQC on /scratch4/workspace/jade_fiorilla_student_uml_edu-rawseqorcc/trimmed/2024_phase2_Both06_Norm_filter_S133_R2_001_val_2.fq.gz
Running Trim Galore on: 

Trim Galore v2.3.0
unknown — linux/x86_64 — built 2026-06-27T16:23:35Z
==================================================

Using 4 worker threads (parallel trim + compress)
Auto-detecting adapter type...
Using Nextera adapter for trimming (count: 32465). Second best hit was smallRNA (count: 1217).
Adapter: Nextera (CTGTCTCTTATA)

Poly-G trimming: ENABLED (auto-detected). 31609 of 672889 reads (4.70%) have poly-G tails (>=10bp) — consistent with 2-colour chemistry (NovaSeq/NextSeq). To disable: --no_poly_g
Trimming (paired-end):
  R1: /scratch4/workspace/jade_fiorilla_student_uml_edu-rawseqorcc/fastq/2024_phase2_Cont01_Hyp_filter_S110_R1_001.fastq.gz
  R2: /scratch4/workspace/jade_fiorilla_student_uml_edu-rawseqorcc/fastq/2024_phase2_Cont01_Hyp_filter_S110_R2_001.fastq.gz
  Output R1: /scratch4/workspace/jade_fiorilla_student_uml_edu-rawseqorcc/trimmed/2024_phase2_Cont01_Hyp_filter_S110_R1_001_val_1.fq.gz
  Output R2: /scratch4/workspace/jade_fiorilla_student_uml_edu-rawseqorcc/trimmed/2024_phase2_Cont01_Hyp_filter_S110_R2_001_val_2.fq.gz

=== Summary (Read 1) ===

Total reads processed:               672889
Reads with adapters:                 664669 (98.8%)

=== Summary (Read 2) ===

Total reads processed:               672889
Reads with adapters:                 647362 (96.2%)
R1 reads with poly-G trimmed:           222 (0.0%)
  R1 poly-G bases removed:            22688
R2 reads with poly-G trimmed:          1083 (0.2%)
  R2 poly-G bases removed:           240026

=== Paired-end validation ===

Pairs analyzed:                      672889
Pairs removed:                         1789 (0.3%)
Unpaired R1 kept:                      1528
Unpaired R2 kept:                        66
Report: /scratch4/workspace/jade_fiorilla_student_uml_edu-rawseqorcc/trimmed/2024_phase2_Cont01_Hyp_filter_S110_R1_001.fastq.gz_trimming_report.txt
JSON report: /scratch4/workspace/jade_fiorilla_student_uml_edu-rawseqorcc/trimmed/2024_phase2_Cont01_Hyp_filter_S110_R1_001.fastq.gz_trimming_report.json
Report: /scratch4/workspace/jade_fiorilla_student_uml_edu-rawseqorcc/trimmed/2024_phase2_Cont01_Hyp_filter_S110_R2_001.fastq.gz_trimming_report.txt
JSON report: /scratch4/workspace/jade_fiorilla_student_uml_edu-rawseqorcc/trimmed/2024_phase2_Cont01_Hyp_filter_S110_R2_001.fastq.gz_trimming_report.json

Running FastQC on /scratch4/workspace/jade_fiorilla_student_uml_edu-rawseqorcc/trimmed/2024_phase2_Cont01_Hyp_filter_S110_R1_001_val_1.fq.gz

Running FastQC on /scratch4/workspace/jade_fiorilla_student_uml_edu-rawseqorcc/trimmed/2024_phase2_Cont01_Hyp_filter_S110_R2_001_val_2.fq.gz
Running Trim Galore on: 

Trim Galore v2.3.0
unknown — linux/x86_64 — built 2026-06-27T16:23:35Z
==================================================

Using 4 worker threads (parallel trim + compress)
Auto-detecting adapter type...
Using Nextera adapter for trimming (count: 89451). Second best hit was smallRNA (count: 1557).
Adapter: Nextera (CTGTCTCTTATA)

Poly-G trimming: ENABLED (auto-detected). 90092 of 1000000 reads (9.01%) have poly-G tails (>=10bp) — consistent with 2-colour chemistry (NovaSeq/NextSeq). To disable: --no_poly_g
Trimming (paired-end):
  R1: /scratch4/workspace/jade_fiorilla_student_uml_edu-rawseqorcc/fastq/2024_phase2_Cont01_Norm_filter_S122_R1_001.fastq.gz
  R2: /scratch4/workspace/jade_fiorilla_student_uml_edu-rawseqorcc/fastq/2024_phase2_Cont01_Norm_filter_S122_R2_001.fastq.gz
  Output R1: /scratch4/workspace/jade_fiorilla_student_uml_edu-rawseqorcc/trimmed/2024_phase2_Cont01_Norm_filter_S122_R1_001_val_1.fq.gz
  Output R2: /scratch4/workspace/jade_fiorilla_student_uml_edu-rawseqorcc/trimmed/2024_phase2_Cont01_Norm_filter_S122_R2_001_val_2.fq.gz

=== Summary (Read 1) ===

Total reads processed:              1266825
Reads with adapters:                1251365 (98.8%)

=== Summary (Read 2) ===

Total reads processed:              1266825
Reads with adapters:                1242103 (98.0%)
R1 reads with poly-G trimmed:          1097 (0.1%)
  R1 poly-G bases removed:           150001
R2 reads with poly-G trimmed:          2631 (0.2%)
  R2 poly-G bases removed:           612944

=== Paired-end validation ===

Pairs analyzed:                     1266825
Pairs removed:                         3331 (0.3%)
Unpaired R1 kept:                      3106
Unpaired R2 kept:                        92
Report: /scratch4/workspace/jade_fiorilla_student_uml_edu-rawseqorcc/trimmed/2024_phase2_Cont01_Norm_filter_S122_R1_001.fastq.gz_trimming_report.txt
JSON report: /scratch4/workspace/jade_fiorilla_student_uml_edu-rawseqorcc/trimmed/2024_phase2_Cont01_Norm_filter_S122_R1_001.fastq.gz_trimming_report.json
Report: /scratch4/workspace/jade_fiorilla_student_uml_edu-rawseqorcc/trimmed/2024_phase2_Cont01_Norm_filter_S122_R2_001.fastq.gz_trimming_report.txt
JSON report: /scratch4/workspace/jade_fiorilla_student_uml_edu-rawseqorcc/trimmed/2024_phase2_Cont01_Norm_filter_S122_R2_001.fastq.gz_trimming_report.json

Running FastQC on /scratch4/workspace/jade_fiorilla_student_uml_edu-rawseqorcc/trimmed/2024_phase2_Cont01_Norm_filter_S122_R1_001_val_1.fq.gz

Running FastQC on /scratch4/workspace/jade_fiorilla_student_uml_edu-rawseqorcc/trimmed/2024_phase2_Cont01_Norm_filter_S122_R2_001_val_2.fq.gz
Running Trim Galore on: 

Trim Galore v2.3.0
unknown — linux/x86_64 — built 2026-06-27T16:23:35Z
==================================================

Using 4 worker threads (parallel trim + compress)
Auto-detecting adapter type...
Using Nextera adapter for trimming (count: 13032). Second best hit was smallRNA (count: 1032).
Adapter: Nextera (CTGTCTCTTATA)

Poly-G trimming: ENABLED (auto-detected). 12176 of 550521 reads (2.21%) have poly-G tails (>=10bp) — consistent with 2-colour chemistry (NovaSeq/NextSeq). To disable: --no_poly_g
Trimming (paired-end):
  R1: /scratch4/workspace/jade_fiorilla_student_uml_edu-rawseqorcc/fastq/2024_phase2_Cont03_Hyp_filter_S111_R1_001.fastq.gz
  R2: /scratch4/workspace/jade_fiorilla_student_uml_edu-rawseqorcc/fastq/2024_phase2_Cont03_Hyp_filter_S111_R2_001.fastq.gz
  Output R1: /scratch4/workspace/jade_fiorilla_student_uml_edu-rawseqorcc/trimmed/2024_phase2_Cont03_Hyp_filter_S111_R1_001_val_1.fq.gz
  Output R2: /scratch4/workspace/jade_fiorilla_student_uml_edu-rawseqorcc/trimmed/2024_phase2_Cont03_Hyp_filter_S111_R2_001_val_2.fq.gz

=== Summary (Read 1) ===

Total reads processed:               550521
Reads with adapters:                 543887 (98.8%)

=== Summary (Read 2) ===

Total reads processed:               550521
Reads with adapters:                 535273 (97.2%)
R1 reads with poly-G trimmed:           128 (0.0%)
  R1 poly-G bases removed:             9927
R2 reads with poly-G trimmed:           809 (0.1%)
  R2 poly-G bases removed:           173541

=== Paired-end validation ===

Pairs analyzed:                      550521
Pairs removed:                         1434 (0.3%)
Unpaired R1 kept:                      1225
Unpaired R2 kept:                        75
Report: /scratch4/workspace/jade_fiorilla_student_uml_edu-rawseqorcc/trimmed/2024_phase2_Cont03_Hyp_filter_S111_R1_001.fastq.gz_trimming_report.txt
JSON report: /scratch4/workspace/jade_fiorilla_student_uml_edu-rawseqorcc/trimmed/2024_phase2_Cont03_Hyp_filter_S111_R1_001.fastq.gz_trimming_report.json
Report: /scratch4/workspace/jade_fiorilla_student_uml_edu-rawseqorcc/trimmed/2024_phase2_Cont03_Hyp_filter_S111_R2_001.fastq.gz_trimming_report.txt
JSON report: /scratch4/workspace/jade_fiorilla_student_uml_edu-rawseqorcc/trimmed/2024_phase2_Cont03_Hyp_filter_S111_R2_001.fastq.gz_trimming_report.json

Running FastQC on /scratch4/workspace/jade_fiorilla_student_uml_edu-rawseqorcc/trimmed/2024_phase2_Cont03_Hyp_filter_S111_R1_001_val_1.fq.gz

Running FastQC on /scratch4/workspace/jade_fiorilla_student_uml_edu-rawseqorcc/trimmed/2024_phase2_Cont03_Hyp_filter_S111_R2_001_val_2.fq.gz
Running Trim Galore on: 

Trim Galore v2.3.0
unknown — linux/x86_64 — built 2026-06-27T16:23:35Z
==================================================

Using 4 worker threads (parallel trim + compress)
Auto-detecting adapter type...
Using Nextera adapter for trimming (count: 9406). Second best hit was smallRNA (count: 1488).
Adapter: Nextera (CTGTCTCTTATA)

Poly-G trimming: ENABLED (auto-detected). 8882 of 906766 reads (0.98%) have poly-G tails (>=10bp) — consistent with 2-colour chemistry (NovaSeq/NextSeq). To disable: --no_poly_g
Trimming (paired-end):
  R1: /scratch4/workspace/jade_fiorilla_student_uml_edu-rawseqorcc/fastq/2024_phase2_Cont03_Norm_filter_S123_R1_001.fastq.gz
  R2: /scratch4/workspace/jade_fiorilla_student_uml_edu-rawseqorcc/fastq/2024_phase2_Cont03_Norm_filter_S123_R2_001.fastq.gz
  Output R1: /scratch4/workspace/jade_fiorilla_student_uml_edu-rawseqorcc/trimmed/2024_phase2_Cont03_Norm_filter_S123_R1_001_val_1.fq.gz
  Output R2: /scratch4/workspace/jade_fiorilla_student_uml_edu-rawseqorcc/trimmed/2024_phase2_Cont03_Norm_filter_S123_R2_001_val_2.fq.gz

=== Summary (Read 1) ===

Total reads processed:               906766
Reads with adapters:                 898980 (99.1%)

=== Summary (Read 2) ===

Total reads processed:               906766
Reads with adapters:                 895312 (98.7%)
R1 reads with poly-G trimmed:           291 (0.0%)
  R1 poly-G bases removed:            18624
R2 reads with poly-G trimmed:          2285 (0.3%)
  R2 poly-G bases removed:           546787

=== Paired-end validation ===

Pairs analyzed:                      906766
Pairs removed:                         3046 (0.3%)
Unpaired R1 kept:                      2852
Unpaired R2 kept:                       111
Report: /scratch4/workspace/jade_fiorilla_student_uml_edu-rawseqorcc/trimmed/2024_phase2_Cont03_Norm_filter_S123_R1_001.fastq.gz_trimming_report.txt
JSON report: /scratch4/workspace/jade_fiorilla_student_uml_edu-rawseqorcc/trimmed/2024_phase2_Cont03_Norm_filter_S123_R1_001.fastq.gz_trimming_report.json
Report: /scratch4/workspace/jade_fiorilla_student_uml_edu-rawseqorcc/trimmed/2024_phase2_Cont03_Norm_filter_S123_R2_001.fastq.gz_trimming_report.txt
JSON report: /scratch4/workspace/jade_fiorilla_student_uml_edu-rawseqorcc/trimmed/2024_phase2_Cont03_Norm_filter_S123_R2_001.fastq.gz_trimming_report.json

Running FastQC on /scratch4/workspace/jade_fiorilla_student_uml_edu-rawseqorcc/trimmed/2024_phase2_Cont03_Norm_filter_S123_R1_001_val_1.fq.gz

Running FastQC on /scratch4/workspace/jade_fiorilla_student_uml_edu-rawseqorcc/trimmed/2024_phase2_Cont03_Norm_filter_S123_R2_001_val_2.fq.gz
Running Trim Galore on: 

Trim Galore v2.3.0
unknown — linux/x86_64 — built 2026-06-27T16:23:35Z
==================================================

Using 4 worker threads (parallel trim + compress)
Auto-detecting adapter type...
Using Nextera adapter for trimming (count: 65466). Second best hit was smallRNA (count: 1241).
Adapter: Nextera (CTGTCTCTTATA)

Poly-G trimming: ENABLED (auto-detected). 64785 of 728046 reads (8.90%) have poly-G tails (>=10bp) — consistent with 2-colour chemistry (NovaSeq/NextSeq). To disable: --no_poly_g
Trimming (paired-end):
  R1: /scratch4/workspace/jade_fiorilla_student_uml_edu-rawseqorcc/fastq/2024_phase2_Cont06_Hyp_filter_S112_R1_001.fastq.gz
  R2: /scratch4/workspace/jade_fiorilla_student_uml_edu-rawseqorcc/fastq/2024_phase2_Cont06_Hyp_filter_S112_R2_001.fastq.gz
  Output R1: /scratch4/workspace/jade_fiorilla_student_uml_edu-rawseqorcc/trimmed/2024_phase2_Cont06_Hyp_filter_S112_R1_001_val_1.fq.gz
  Output R2: /scratch4/workspace/jade_fiorilla_student_uml_edu-rawseqorcc/trimmed/2024_phase2_Cont06_Hyp_filter_S112_R2_001_val_2.fq.gz

=== Summary (Read 1) ===

Total reads processed:               728046
Reads with adapters:                 719107 (98.8%)

=== Summary (Read 2) ===

Total reads processed:               728046
Reads with adapters:                 704176 (96.7%)
R1 reads with poly-G trimmed:           272 (0.0%)
  R1 poly-G bases removed:            31491
R2 reads with poly-G trimmed:          1143 (0.2%)
  R2 poly-G bases removed:           238456

=== Paired-end validation ===

Pairs analyzed:                      728046
Pairs removed:                         1956 (0.3%)
Unpaired R1 kept:                      1472
Unpaired R2 kept:                        94
Report: /scratch4/workspace/jade_fiorilla_student_uml_edu-rawseqorcc/trimmed/2024_phase2_Cont06_Hyp_filter_S112_R1_001.fastq.gz_trimming_report.txt
JSON report: /scratch4/workspace/jade_fiorilla_student_uml_edu-rawseqorcc/trimmed/2024_phase2_Cont06_Hyp_filter_S112_R1_001.fastq.gz_trimming_report.json
Report: /scratch4/workspace/jade_fiorilla_student_uml_edu-rawseqorcc/trimmed/2024_phase2_Cont06_Hyp_filter_S112_R2_001.fastq.gz_trimming_report.txt
JSON report: /scratch4/workspace/jade_fiorilla_student_uml_edu-rawseqorcc/trimmed/2024_phase2_Cont06_Hyp_filter_S112_R2_001.fastq.gz_trimming_report.json

Running FastQC on /scratch4/workspace/jade_fiorilla_student_uml_edu-rawseqorcc/trimmed/2024_phase2_Cont06_Hyp_filter_S112_R1_001_val_1.fq.gz

Running FastQC on /scratch4/workspace/jade_fiorilla_student_uml_edu-rawseqorcc/trimmed/2024_phase2_Cont06_Hyp_filter_S112_R2_001_val_2.fq.gz
Running Trim Galore on: 

Trim Galore v2.3.0
unknown — linux/x86_64 — built 2026-06-27T16:23:35Z
==================================================

Using 4 worker threads (parallel trim + compress)
Auto-detecting adapter type...
Using Nextera adapter for trimming (count: 7366). Second best hit was smallRNA (count: 2489).
Adapter: Nextera (CTGTCTCTTATA)

Poly-G trimming: ENABLED (auto-detected). 6543 of 1000000 reads (0.65%) have poly-G tails (>=10bp) — consistent with 2-colour chemistry (NovaSeq/NextSeq). To disable: --no_poly_g
Trimming (paired-end):
  R1: /scratch4/workspace/jade_fiorilla_student_uml_edu-rawseqorcc/fastq/2024_phase2_Cont06_Norm_filter_S124_R1_001.fastq.gz
  R2: /scratch4/workspace/jade_fiorilla_student_uml_edu-rawseqorcc/fastq/2024_phase2_Cont06_Norm_filter_S124_R2_001.fastq.gz
  Output R1: /scratch4/workspace/jade_fiorilla_student_uml_edu-rawseqorcc/trimmed/2024_phase2_Cont06_Norm_filter_S124_R1_001_val_1.fq.gz
  Output R2: /scratch4/workspace/jade_fiorilla_student_uml_edu-rawseqorcc/trimmed/2024_phase2_Cont06_Norm_filter_S124_R2_001_val_2.fq.gz

=== Summary (Read 1) ===

Total reads processed:              1132717
Reads with adapters:                1121985 (99.1%)

=== Summary (Read 2) ===

Total reads processed:              1132717
Reads with adapters:                1115449 (98.5%)
R1 reads with poly-G trimmed:           367 (0.0%)
  R1 poly-G bases removed:            18653
R2 reads with poly-G trimmed:          2697 (0.2%)
  R2 poly-G bases removed:           631839

=== Paired-end validation ===

Pairs analyzed:                     1132717
Pairs removed:                         3783 (0.3%)
Unpaired R1 kept:                      3559
Unpaired R2 kept:                       123
Report: /scratch4/workspace/jade_fiorilla_student_uml_edu-rawseqorcc/trimmed/2024_phase2_Cont06_Norm_filter_S124_R1_001.fastq.gz_trimming_report.txt
JSON report: /scratch4/workspace/jade_fiorilla_student_uml_edu-rawseqorcc/trimmed/2024_phase2_Cont06_Norm_filter_S124_R1_001.fastq.gz_trimming_report.json
Report: /scratch4/workspace/jade_fiorilla_student_uml_edu-rawseqorcc/trimmed/2024_phase2_Cont06_Norm_filter_S124_R2_001.fastq.gz_trimming_report.txt
JSON report: /scratch4/workspace/jade_fiorilla_student_uml_edu-rawseqorcc/trimmed/2024_phase2_Cont06_Norm_filter_S124_R2_001.fastq.gz_trimming_report.json

Running FastQC on /scratch4/workspace/jade_fiorilla_student_uml_edu-rawseqorcc/trimmed/2024_phase2_Cont06_Norm_filter_S124_R1_001_val_1.fq.gz

Running FastQC on /scratch4/workspace/jade_fiorilla_student_uml_edu-rawseqorcc/trimmed/2024_phase2_Cont06_Norm_filter_S124_R2_001_val_2.fq.gz
Running Trim Galore on: 

Trim Galore v2.3.0
unknown — linux/x86_64 — built 2026-06-27T16:23:35Z
==================================================

Using 4 worker threads (parallel trim + compress)
Auto-detecting adapter type...
Using Nextera adapter for trimming (count: 30533). Second best hit was smallRNA (count: 2496).
Adapter: Nextera (CTGTCTCTTATA)

Poly-G trimming: ENABLED (auto-detected). 29348 of 1000000 reads (2.93%) have poly-G tails (>=10bp) — consistent with 2-colour chemistry (NovaSeq/NextSeq). To disable: --no_poly_g
Trimming (paired-end):
  R1: /scratch4/workspace/jade_fiorilla_student_uml_edu-rawseqorcc/fastq/2024_phase2_Hyp01_Hyp_filter_S116_R1_001.fastq.gz
  R2: /scratch4/workspace/jade_fiorilla_student_uml_edu-rawseqorcc/fastq/2024_phase2_Hyp01_Hyp_filter_S116_R2_001.fastq.gz
  Output R1: /scratch4/workspace/jade_fiorilla_student_uml_edu-rawseqorcc/trimmed/2024_phase2_Hyp01_Hyp_filter_S116_R1_001_val_1.fq.gz
  Output R2: /scratch4/workspace/jade_fiorilla_student_uml_edu-rawseqorcc/trimmed/2024_phase2_Hyp01_Hyp_filter_S116_R2_001_val_2.fq.gz

=== Summary (Read 1) ===

Total reads processed:              1077042
Reads with adapters:                1063496 (98.7%)

=== Summary (Read 2) ===

Total reads processed:              1077042
Reads with adapters:                1040203 (96.6%)
R1 reads with poly-G trimmed:           314 (0.0%)
  R1 poly-G bases removed:            23992
R2 reads with poly-G trimmed:          1324 (0.1%)
  R2 poly-G bases removed:           255306

=== Paired-end validation ===

Pairs analyzed:                     1077042
Pairs removed:                         2376 (0.2%)
Unpaired R1 kept:                      2075
Unpaired R2 kept:                       107
Report: /scratch4/workspace/jade_fiorilla_student_uml_edu-rawseqorcc/trimmed/2024_phase2_Hyp01_Hyp_filter_S116_R1_001.fastq.gz_trimming_report.txt
JSON report: /scratch4/workspace/jade_fiorilla_student_uml_edu-rawseqorcc/trimmed/2024_phase2_Hyp01_Hyp_filter_S116_R1_001.fastq.gz_trimming_report.json
Report: /scratch4/workspace/jade_fiorilla_student_uml_edu-rawseqorcc/trimmed/2024_phase2_Hyp01_Hyp_filter_S116_R2_001.fastq.gz_trimming_report.txt
JSON report: /scratch4/workspace/jade_fiorilla_student_uml_edu-rawseqorcc/trimmed/2024_phase2_Hyp01_Hyp_filter_S116_R2_001.fastq.gz_trimming_report.json

Running FastQC on /scratch4/workspace/jade_fiorilla_student_uml_edu-rawseqorcc/trimmed/2024_phase2_Hyp01_Hyp_filter_S116_R1_001_val_1.fq.gz

Running FastQC on /scratch4/workspace/jade_fiorilla_student_uml_edu-rawseqorcc/trimmed/2024_phase2_Hyp01_Hyp_filter_S116_R2_001_val_2.fq.gz
Running Trim Galore on: 

Trim Galore v2.3.0
unknown — linux/x86_64 — built 2026-06-27T16:23:35Z
==================================================

Using 4 worker threads (parallel trim + compress)
Auto-detecting adapter type...
Using Nextera adapter for trimming (count: 6484). Second best hit was smallRNA (count: 2591).
Adapter: Nextera (CTGTCTCTTATA)

Poly-G trimming: ENABLED (auto-detected). 5791 of 940343 reads (0.62%) have poly-G tails (>=10bp) — consistent with 2-colour chemistry (NovaSeq/NextSeq). To disable: --no_poly_g
Trimming (paired-end):
  R1: /scratch4/workspace/jade_fiorilla_student_uml_edu-rawseqorcc/fastq/2024_phase2_Hyp01_Norm_filter_S128_R1_001.fastq.gz
  R2: /scratch4/workspace/jade_fiorilla_student_uml_edu-rawseqorcc/fastq/2024_phase2_Hyp01_Norm_filter_S128_R2_001.fastq.gz
  Output R1: /scratch4/workspace/jade_fiorilla_student_uml_edu-rawseqorcc/trimmed/2024_phase2_Hyp01_Norm_filter_S128_R1_001_val_1.fq.gz
  Output R2: /scratch4/workspace/jade_fiorilla_student_uml_edu-rawseqorcc/trimmed/2024_phase2_Hyp01_Norm_filter_S128_R2_001_val_2.fq.gz

=== Summary (Read 1) ===

Total reads processed:               940343
Reads with adapters:                 931781 (99.1%)

=== Summary (Read 2) ===

Total reads processed:               940343
Reads with adapters:                 927612 (98.6%)
R1 reads with poly-G trimmed:           250 (0.0%)
  R1 poly-G bases removed:            10766
R2 reads with poly-G trimmed:          2582 (0.3%)
  R2 poly-G bases removed:           617742

=== Paired-end validation ===

Pairs analyzed:                      940343
Pairs removed:                         3393 (0.4%)
Unpaired R1 kept:                      3185
Unpaired R2 kept:                       113
Report: /scratch4/workspace/jade_fiorilla_student_uml_edu-rawseqorcc/trimmed/2024_phase2_Hyp01_Norm_filter_S128_R1_001.fastq.gz_trimming_report.txt
JSON report: /scratch4/workspace/jade_fiorilla_student_uml_edu-rawseqorcc/trimmed/2024_phase2_Hyp01_Norm_filter_S128_R1_001.fastq.gz_trimming_report.json
Report: /scratch4/workspace/jade_fiorilla_student_uml_edu-rawseqorcc/trimmed/2024_phase2_Hyp01_Norm_filter_S128_R2_001.fastq.gz_trimming_report.txt
JSON report: /scratch4/workspace/jade_fiorilla_student_uml_edu-rawseqorcc/trimmed/2024_phase2_Hyp01_Norm_filter_S128_R2_001.fastq.gz_trimming_report.json

Running FastQC on /scratch4/workspace/jade_fiorilla_student_uml_edu-rawseqorcc/trimmed/2024_phase2_Hyp01_Norm_filter_S128_R1_001_val_1.fq.gz

Running FastQC on /scratch4/workspace/jade_fiorilla_student_uml_edu-rawseqorcc/trimmed/2024_phase2_Hyp01_Norm_filter_S128_R2_001_val_2.fq.gz
Running Trim Galore on: 

Trim Galore v2.3.0
unknown — linux/x86_64 — built 2026-06-27T16:23:35Z
==================================================

Using 4 worker threads (parallel trim + compress)
Auto-detecting adapter type...
Using Nextera adapter for trimming (count: 13811). Second best hit was smallRNA (count: 1972).
Adapter: Nextera (CTGTCTCTTATA)

Poly-G trimming: ENABLED (auto-detected). 12558 of 838257 reads (1.50%) have poly-G tails (>=10bp) — consistent with 2-colour chemistry (NovaSeq/NextSeq). To disable: --no_poly_g
Trimming (paired-end):
  R1: /scratch4/workspace/jade_fiorilla_student_uml_edu-rawseqorcc/fastq/2024_phase2_Hyp03_Hyp_filter_S117_R1_001.fastq.gz
  R2: /scratch4/workspace/jade_fiorilla_student_uml_edu-rawseqorcc/fastq/2024_phase2_Hyp03_Hyp_filter_S117_R2_001.fastq.gz
  Output R1: /scratch4/workspace/jade_fiorilla_student_uml_edu-rawseqorcc/trimmed/2024_phase2_Hyp03_Hyp_filter_S117_R1_001_val_1.fq.gz
  Output R2: /scratch4/workspace/jade_fiorilla_student_uml_edu-rawseqorcc/trimmed/2024_phase2_Hyp03_Hyp_filter_S117_R2_001_val_2.fq.gz

=== Summary (Read 1) ===

Total reads processed:               838257
Reads with adapters:                 827022 (98.7%)

=== Summary (Read 2) ===

Total reads processed:               838257
Reads with adapters:                 811190 (96.8%)
R1 reads with poly-G trimmed:           191 (0.0%)
  R1 poly-G bases removed:            10276
R2 reads with poly-G trimmed:          1121 (0.1%)
  R2 poly-G bases removed:           237570

=== Paired-end validation ===

Pairs analyzed:                      838257
Pairs removed:                         1807 (0.2%)
Unpaired R1 kept:                      1654
Unpaired R2 kept:                        57
Report: /scratch4/workspace/jade_fiorilla_student_uml_edu-rawseqorcc/trimmed/2024_phase2_Hyp03_Hyp_filter_S117_R1_001.fastq.gz_trimming_report.txt
JSON report: /scratch4/workspace/jade_fiorilla_student_uml_edu-rawseqorcc/trimmed/2024_phase2_Hyp03_Hyp_filter_S117_R1_001.fastq.gz_trimming_report.json
Report: /scratch4/workspace/jade_fiorilla_student_uml_edu-rawseqorcc/trimmed/2024_phase2_Hyp03_Hyp_filter_S117_R2_001.fastq.gz_trimming_report.txt
JSON report: /scratch4/workspace/jade_fiorilla_student_uml_edu-rawseqorcc/trimmed/2024_phase2_Hyp03_Hyp_filter_S117_R2_001.fastq.gz_trimming_report.json

Running FastQC on /scratch4/workspace/jade_fiorilla_student_uml_edu-rawseqorcc/trimmed/2024_phase2_Hyp03_Hyp_filter_S117_R1_001_val_1.fq.gz

Running FastQC on /scratch4/workspace/jade_fiorilla_student_uml_edu-rawseqorcc/trimmed/2024_phase2_Hyp03_Hyp_filter_S117_R2_001_val_2.fq.gz
Running Trim Galore on: 

Trim Galore v2.3.0
unknown — linux/x86_64 — built 2026-06-27T16:23:35Z
==================================================

Using 4 worker threads (parallel trim + compress)
Auto-detecting adapter type...
Using Nextera adapter for trimming (count: 5635). Second best hit was smallRNA (count: 3029).
Adapter: Nextera (CTGTCTCTTATA)

Poly-G trimming: ENABLED (auto-detected). 4938 of 889571 reads (0.56%) have poly-G tails (>=10bp) — consistent with 2-colour chemistry (NovaSeq/NextSeq). To disable: --no_poly_g
Trimming (paired-end):
  R1: /scratch4/workspace/jade_fiorilla_student_uml_edu-rawseqorcc/fastq/2024_phase2_Hyp03_Norm_filter_S129_R1_001.fastq.gz
  R2: /scratch4/workspace/jade_fiorilla_student_uml_edu-rawseqorcc/fastq/2024_phase2_Hyp03_Norm_filter_S129_R2_001.fastq.gz
  Output R1: /scratch4/workspace/jade_fiorilla_student_uml_edu-rawseqorcc/trimmed/2024_phase2_Hyp03_Norm_filter_S129_R1_001_val_1.fq.gz
  Output R2: /scratch4/workspace/jade_fiorilla_student_uml_edu-rawseqorcc/trimmed/2024_phase2_Hyp03_Norm_filter_S129_R2_001_val_2.fq.gz

=== Summary (Read 1) ===

Total reads processed:               889571
Reads with adapters:                 881810 (99.1%)

=== Summary (Read 2) ===

Total reads processed:               889571
Reads with adapters:                 876101 (98.5%)
R1 reads with poly-G trimmed:           243 (0.0%)
  R1 poly-G bases removed:            14440
R2 reads with poly-G trimmed:          2374 (0.3%)
  R2 poly-G bases removed:           559914

=== Paired-end validation ===

Pairs analyzed:                      889571
Pairs removed:                         3225 (0.4%)
Unpaired R1 kept:                      3020
Unpaired R2 kept:                       105
Report: /scratch4/workspace/jade_fiorilla_student_uml_edu-rawseqorcc/trimmed/2024_phase2_Hyp03_Norm_filter_S129_R1_001.fastq.gz_trimming_report.txt
JSON report: /scratch4/workspace/jade_fiorilla_student_uml_edu-rawseqorcc/trimmed/2024_phase2_Hyp03_Norm_filter_S129_R1_001.fastq.gz_trimming_report.json
Report: /scratch4/workspace/jade_fiorilla_student_uml_edu-rawseqorcc/trimmed/2024_phase2_Hyp03_Norm_filter_S129_R2_001.fastq.gz_trimming_report.txt
JSON report: /scratch4/workspace/jade_fiorilla_student_uml_edu-rawseqorcc/trimmed/2024_phase2_Hyp03_Norm_filter_S129_R2_001.fastq.gz_trimming_report.json

Running FastQC on /scratch4/workspace/jade_fiorilla_student_uml_edu-rawseqorcc/trimmed/2024_phase2_Hyp03_Norm_filter_S129_R1_001_val_1.fq.gz

Running FastQC on /scratch4/workspace/jade_fiorilla_student_uml_edu-rawseqorcc/trimmed/2024_phase2_Hyp03_Norm_filter_S129_R2_001_val_2.fq.gz
Running Trim Galore on: 

Trim Galore v2.3.0
unknown — linux/x86_64 — built 2026-06-27T16:23:35Z
==================================================

Using 4 worker threads (parallel trim + compress)
Auto-detecting adapter type...
Using Nextera adapter for trimming (count: 22853). Second best hit was smallRNA (count: 2022).
Adapter: Nextera (CTGTCTCTTATA)

Poly-G trimming: ENABLED (auto-detected). 21516 of 1000000 reads (2.15%) have poly-G tails (>=10bp) — consistent with 2-colour chemistry (NovaSeq/NextSeq). To disable: --no_poly_g
Trimming (paired-end):
  R1: /scratch4/workspace/jade_fiorilla_student_uml_edu-rawseqorcc/fastq/2024_phase2_Hyp06_Hyp_filter_S118_R1_001.fastq.gz
  R2: /scratch4/workspace/jade_fiorilla_student_uml_edu-rawseqorcc/fastq/2024_phase2_Hyp06_Hyp_filter_S118_R2_001.fastq.gz
  Output R1: /scratch4/workspace/jade_fiorilla_student_uml_edu-rawseqorcc/trimmed/2024_phase2_Hyp06_Hyp_filter_S118_R1_001_val_1.fq.gz
  Output R2: /scratch4/workspace/jade_fiorilla_student_uml_edu-rawseqorcc/trimmed/2024_phase2_Hyp06_Hyp_filter_S118_R2_001_val_2.fq.gz

=== Summary (Read 1) ===

Total reads processed:              1370691
Reads with adapters:                1354605 (98.8%)

=== Summary (Read 2) ===

Total reads processed:              1370691
Reads with adapters:                1317651 (96.1%)
R1 reads with poly-G trimmed:           369 (0.0%)
  R1 poly-G bases removed:            23527
R2 reads with poly-G trimmed:          1842 (0.1%)
  R2 poly-G bases removed:           379192

=== Paired-end validation ===

Pairs analyzed:                     1370691
Pairs removed:                         2985 (0.2%)
Unpaired R1 kept:                      2699
Unpaired R2 kept:                        93
Report: /scratch4/workspace/jade_fiorilla_student_uml_edu-rawseqorcc/trimmed/2024_phase2_Hyp06_Hyp_filter_S118_R1_001.fastq.gz_trimming_report.txt
JSON report: /scratch4/workspace/jade_fiorilla_student_uml_edu-rawseqorcc/trimmed/2024_phase2_Hyp06_Hyp_filter_S118_R1_001.fastq.gz_trimming_report.json
Report: /scratch4/workspace/jade_fiorilla_student_uml_edu-rawseqorcc/trimmed/2024_phase2_Hyp06_Hyp_filter_S118_R2_001.fastq.gz_trimming_report.txt
JSON report: /scratch4/workspace/jade_fiorilla_student_uml_edu-rawseqorcc/trimmed/2024_phase2_Hyp06_Hyp_filter_S118_R2_001.fastq.gz_trimming_report.json

Running FastQC on /scratch4/workspace/jade_fiorilla_student_uml_edu-rawseqorcc/trimmed/2024_phase2_Hyp06_Hyp_filter_S118_R1_001_val_1.fq.gz

Running FastQC on /scratch4/workspace/jade_fiorilla_student_uml_edu-rawseqorcc/trimmed/2024_phase2_Hyp06_Hyp_filter_S118_R2_001_val_2.fq.gz
Running Trim Galore on: 

Trim Galore v2.3.0
unknown — linux/x86_64 — built 2026-06-27T16:23:35Z
==================================================

Using 4 worker threads (parallel trim + compress)
Auto-detecting adapter type...
Using Nextera adapter for trimming (count: 5257). Second best hit was smallRNA (count: 2377).
Adapter: Nextera (CTGTCTCTTATA)

Poly-G trimming: ENABLED (auto-detected). 4637 of 847150 reads (0.55%) have poly-G tails (>=10bp) — consistent with 2-colour chemistry (NovaSeq/NextSeq). To disable: --no_poly_g
Trimming (paired-end):
  R1: /scratch4/workspace/jade_fiorilla_student_uml_edu-rawseqorcc/fastq/2024_phase2_Hyp06_Norm_filter_S130_R1_001.fastq.gz
  R2: /scratch4/workspace/jade_fiorilla_student_uml_edu-rawseqorcc/fastq/2024_phase2_Hyp06_Norm_filter_S130_R2_001.fastq.gz
  Output R1: /scratch4/workspace/jade_fiorilla_student_uml_edu-rawseqorcc/trimmed/2024_phase2_Hyp06_Norm_filter_S130_R1_001_val_1.fq.gz
  Output R2: /scratch4/workspace/jade_fiorilla_student_uml_edu-rawseqorcc/trimmed/2024_phase2_Hyp06_Norm_filter_S130_R2_001_val_2.fq.gz

=== Summary (Read 1) ===

Total reads processed:               847150
Reads with adapters:                 839731 (99.1%)

=== Summary (Read 2) ===

Total reads processed:               847150
Reads with adapters:                 834561 (98.5%)
R1 reads with poly-G trimmed:           254 (0.0%)
  R1 poly-G bases removed:            15521
R2 reads with poly-G trimmed:          2284 (0.3%)
  R2 poly-G bases removed:           546047

=== Paired-end validation ===

Pairs analyzed:                      847150
Pairs removed:                         3051 (0.4%)
Unpaired R1 kept:                      2896
Unpaired R2 kept:                        91
Report: /scratch4/workspace/jade_fiorilla_student_uml_edu-rawseqorcc/trimmed/2024_phase2_Hyp06_Norm_filter_S130_R1_001.fastq.gz_trimming_report.txt
JSON report: /scratch4/workspace/jade_fiorilla_student_uml_edu-rawseqorcc/trimmed/2024_phase2_Hyp06_Norm_filter_S130_R1_001.fastq.gz_trimming_report.json
Report: /scratch4/workspace/jade_fiorilla_student_uml_edu-rawseqorcc/trimmed/2024_phase2_Hyp06_Norm_filter_S130_R2_001.fastq.gz_trimming_report.txt
JSON report: /scratch4/workspace/jade_fiorilla_student_uml_edu-rawseqorcc/trimmed/2024_phase2_Hyp06_Norm_filter_S130_R2_001.fastq.gz_trimming_report.json

Running FastQC on /scratch4/workspace/jade_fiorilla_student_uml_edu-rawseqorcc/trimmed/2024_phase2_Hyp06_Norm_filter_S130_R1_001_val_1.fq.gz

Running FastQC on /scratch4/workspace/jade_fiorilla_student_uml_edu-rawseqorcc/trimmed/2024_phase2_Hyp06_Norm_filter_S130_R2_001_val_2.fq.gz
Running Trim Galore on: 

Trim Galore v2.3.0
unknown — linux/x86_64 — built 2026-06-27T16:23:35Z
==================================================

Using 4 worker threads (parallel trim + compress)
Auto-detecting adapter type...
Using Nextera adapter for trimming (count: 35108). Second best hit was smallRNA (count: 1840).
Adapter: Nextera (CTGTCTCTTATA)

Poly-G trimming: ENABLED (auto-detected). 34215 of 719773 reads (4.75%) have poly-G tails (>=10bp) — consistent with 2-colour chemistry (NovaSeq/NextSeq). To disable: --no_poly_g
Trimming (paired-end):
  R1: /scratch4/workspace/jade_fiorilla_student_uml_edu-rawseqorcc/fastq/2024_phase2_Warm01_Hyp_filter_S113_R1_001.fastq.gz
  R2: /scratch4/workspace/jade_fiorilla_student_uml_edu-rawseqorcc/fastq/2024_phase2_Warm01_Hyp_filter_S113_R2_001.fastq.gz
  Output R1: /scratch4/workspace/jade_fiorilla_student_uml_edu-rawseqorcc/trimmed/2024_phase2_Warm01_Hyp_filter_S113_R1_001_val_1.fq.gz
  Output R2: /scratch4/workspace/jade_fiorilla_student_uml_edu-rawseqorcc/trimmed/2024_phase2_Warm01_Hyp_filter_S113_R2_001_val_2.fq.gz

=== Summary (Read 1) ===

Total reads processed:               719773
Reads with adapters:                 711188 (98.8%)

=== Summary (Read 2) ===

Total reads processed:               719773
Reads with adapters:                 697963 (97.0%)
R1 reads with poly-G trimmed:           227 (0.0%)
  R1 poly-G bases removed:            21327
R2 reads with poly-G trimmed:          1034 (0.1%)
  R2 poly-G bases removed:           217713

=== Paired-end validation ===

Pairs analyzed:                      719773
Pairs removed:                         1747 (0.2%)
Unpaired R1 kept:                      1470
Unpaired R2 kept:                        99
Report: /scratch4/workspace/jade_fiorilla_student_uml_edu-rawseqorcc/trimmed/2024_phase2_Warm01_Hyp_filter_S113_R1_001.fastq.gz_trimming_report.txt
JSON report: /scratch4/workspace/jade_fiorilla_student_uml_edu-rawseqorcc/trimmed/2024_phase2_Warm01_Hyp_filter_S113_R1_001.fastq.gz_trimming_report.json
Report: /scratch4/workspace/jade_fiorilla_student_uml_edu-rawseqorcc/trimmed/2024_phase2_Warm01_Hyp_filter_S113_R2_001.fastq.gz_trimming_report.txt
JSON report: /scratch4/workspace/jade_fiorilla_student_uml_edu-rawseqorcc/trimmed/2024_phase2_Warm01_Hyp_filter_S113_R2_001.fastq.gz_trimming_report.json

Running FastQC on /scratch4/workspace/jade_fiorilla_student_uml_edu-rawseqorcc/trimmed/2024_phase2_Warm01_Hyp_filter_S113_R1_001_val_1.fq.gz

Running FastQC on /scratch4/workspace/jade_fiorilla_student_uml_edu-rawseqorcc/trimmed/2024_phase2_Warm01_Hyp_filter_S113_R2_001_val_2.fq.gz
Running Trim Galore on: 

Trim Galore v2.3.0
unknown — linux/x86_64 — built 2026-06-27T16:23:35Z
==================================================

Using 4 worker threads (parallel trim + compress)
Auto-detecting adapter type...
Using Nextera adapter for trimming (count: 6765). Second best hit was smallRNA (count: 2120).
Adapter: Nextera (CTGTCTCTTATA)

Poly-G trimming: ENABLED (auto-detected). 6078 of 830507 reads (0.73%) have poly-G tails (>=10bp) — consistent with 2-colour chemistry (NovaSeq/NextSeq). To disable: --no_poly_g
Trimming (paired-end):
  R1: /scratch4/workspace/jade_fiorilla_student_uml_edu-rawseqorcc/fastq/2024_phase2_Warm01_Norm_filter_S125_R1_001.fastq.gz
  R2: /scratch4/workspace/jade_fiorilla_student_uml_edu-rawseqorcc/fastq/2024_phase2_Warm01_Norm_filter_S125_R2_001.fastq.gz
  Output R1: /scratch4/workspace/jade_fiorilla_student_uml_edu-rawseqorcc/trimmed/2024_phase2_Warm01_Norm_filter_S125_R1_001_val_1.fq.gz
  Output R2: /scratch4/workspace/jade_fiorilla_student_uml_edu-rawseqorcc/trimmed/2024_phase2_Warm01_Norm_filter_S125_R2_001_val_2.fq.gz

=== Summary (Read 1) ===

Total reads processed:               830507
Reads with adapters:                 822337 (99.0%)

=== Summary (Read 2) ===

Total reads processed:               830507
Reads with adapters:                 817906 (98.5%)
R1 reads with poly-G trimmed:           251 (0.0%)
  R1 poly-G bases removed:            17237
R2 reads with poly-G trimmed:          2067 (0.2%)
  R2 poly-G bases removed:           491108

=== Paired-end validation ===

Pairs analyzed:                      830507
Pairs removed:                         2776 (0.3%)
Unpaired R1 kept:                      2622
Unpaired R2 kept:                        72
Report: /scratch4/workspace/jade_fiorilla_student_uml_edu-rawseqorcc/trimmed/2024_phase2_Warm01_Norm_filter_S125_R1_001.fastq.gz_trimming_report.txt
JSON report: /scratch4/workspace/jade_fiorilla_student_uml_edu-rawseqorcc/trimmed/2024_phase2_Warm01_Norm_filter_S125_R1_001.fastq.gz_trimming_report.json
Report: /scratch4/workspace/jade_fiorilla_student_uml_edu-rawseqorcc/trimmed/2024_phase2_Warm01_Norm_filter_S125_R2_001.fastq.gz_trimming_report.txt
JSON report: /scratch4/workspace/jade_fiorilla_student_uml_edu-rawseqorcc/trimmed/2024_phase2_Warm01_Norm_filter_S125_R2_001.fastq.gz_trimming_report.json

Running FastQC on /scratch4/workspace/jade_fiorilla_student_uml_edu-rawseqorcc/trimmed/2024_phase2_Warm01_Norm_filter_S125_R1_001_val_1.fq.gz

Running FastQC on /scratch4/workspace/jade_fiorilla_student_uml_edu-rawseqorcc/trimmed/2024_phase2_Warm01_Norm_filter_S125_R2_001_val_2.fq.gz
Running Trim Galore on: 

Trim Galore v2.3.0
unknown — linux/x86_64 — built 2026-06-27T16:23:35Z
==================================================

Using 4 worker threads (parallel trim + compress)
Auto-detecting adapter type...
Using Nextera adapter for trimming (count: 16344). Second best hit was smallRNA (count: 1932).
Adapter: Nextera (CTGTCTCTTATA)

Poly-G trimming: ENABLED (auto-detected). 15024 of 916613 reads (1.64%) have poly-G tails (>=10bp) — consistent with 2-colour chemistry (NovaSeq/NextSeq). To disable: --no_poly_g
Trimming (paired-end):
  R1: /scratch4/workspace/jade_fiorilla_student_uml_edu-rawseqorcc/fastq/2024_phase2_Warm03_Hyp_filter_S114_R1_001.fastq.gz
  R2: /scratch4/workspace/jade_fiorilla_student_uml_edu-rawseqorcc/fastq/2024_phase2_Warm03_Hyp_filter_S114_R2_001.fastq.gz
  Output R1: /scratch4/workspace/jade_fiorilla_student_uml_edu-rawseqorcc/trimmed/2024_phase2_Warm03_Hyp_filter_S114_R1_001_val_1.fq.gz
  Output R2: /scratch4/workspace/jade_fiorilla_student_uml_edu-rawseqorcc/trimmed/2024_phase2_Warm03_Hyp_filter_S114_R2_001_val_2.fq.gz

=== Summary (Read 1) ===

Total reads processed:               916613
Reads with adapters:                 905695 (98.8%)

=== Summary (Read 2) ===

Total reads processed:               916613
Reads with adapters:                 886219 (96.7%)
R1 reads with poly-G trimmed:           218 (0.0%)
  R1 poly-G bases removed:            11261
R2 reads with poly-G trimmed:          1307 (0.1%)
  R2 poly-G bases removed:           276182

=== Paired-end validation ===

Pairs analyzed:                      916613
Pairs removed:                         2174 (0.2%)
Unpaired R1 kept:                      1950
Unpaired R2 kept:                       105
Report: /scratch4/workspace/jade_fiorilla_student_uml_edu-rawseqorcc/trimmed/2024_phase2_Warm03_Hyp_filter_S114_R1_001.fastq.gz_trimming_report.txt
JSON report: /scratch4/workspace/jade_fiorilla_student_uml_edu-rawseqorcc/trimmed/2024_phase2_Warm03_Hyp_filter_S114_R1_001.fastq.gz_trimming_report.json
Report: /scratch4/workspace/jade_fiorilla_student_uml_edu-rawseqorcc/trimmed/2024_phase2_Warm03_Hyp_filter_S114_R2_001.fastq.gz_trimming_report.txt
JSON report: /scratch4/workspace/jade_fiorilla_student_uml_edu-rawseqorcc/trimmed/2024_phase2_Warm03_Hyp_filter_S114_R2_001.fastq.gz_trimming_report.json

Running FastQC on /scratch4/workspace/jade_fiorilla_student_uml_edu-rawseqorcc/trimmed/2024_phase2_Warm03_Hyp_filter_S114_R1_001_val_1.fq.gz

Running FastQC on /scratch4/workspace/jade_fiorilla_student_uml_edu-rawseqorcc/trimmed/2024_phase2_Warm03_Hyp_filter_S114_R2_001_val_2.fq.gz
Running Trim Galore on: 

Trim Galore v2.3.0
unknown — linux/x86_64 — built 2026-06-27T16:23:35Z
==================================================

Using 4 worker threads (parallel trim + compress)
Auto-detecting adapter type...
Using Nextera adapter for trimming (count: 13525). Second best hit was smallRNA (count: 2396).
Adapter: Nextera (CTGTCTCTTATA)

Poly-G trimming: ENABLED (auto-detected). 12879 of 964834 reads (1.33%) have poly-G tails (>=10bp) — consistent with 2-colour chemistry (NovaSeq/NextSeq). To disable: --no_poly_g
Trimming (paired-end):
  R1: /scratch4/workspace/jade_fiorilla_student_uml_edu-rawseqorcc/fastq/2024_phase2_Warm03_Norm_filter_S126_R1_001.fastq.gz
  R2: /scratch4/workspace/jade_fiorilla_student_uml_edu-rawseqorcc/fastq/2024_phase2_Warm03_Norm_filter_S126_R2_001.fastq.gz
  Output R1: /scratch4/workspace/jade_fiorilla_student_uml_edu-rawseqorcc/trimmed/2024_phase2_Warm03_Norm_filter_S126_R1_001_val_1.fq.gz
  Output R2: /scratch4/workspace/jade_fiorilla_student_uml_edu-rawseqorcc/trimmed/2024_phase2_Warm03_Norm_filter_S126_R2_001_val_2.fq.gz

=== Summary (Read 1) ===

Total reads processed:               964834
Reads with adapters:                 955902 (99.1%)

=== Summary (Read 2) ===

Total reads processed:               964834
Reads with adapters:                 949806 (98.4%)
R1 reads with poly-G trimmed:           335 (0.0%)
  R1 poly-G bases removed:            29173
R2 reads with poly-G trimmed:          2291 (0.2%)
  R2 poly-G bases removed:           533187

=== Paired-end validation ===

Pairs analyzed:                      964834
Pairs removed:                         3073 (0.3%)
Unpaired R1 kept:                      2904
Unpaired R2 kept:                        84
Report: /scratch4/workspace/jade_fiorilla_student_uml_edu-rawseqorcc/trimmed/2024_phase2_Warm03_Norm_filter_S126_R1_001.fastq.gz_trimming_report.txt
JSON report: /scratch4/workspace/jade_fiorilla_student_uml_edu-rawseqorcc/trimmed/2024_phase2_Warm03_Norm_filter_S126_R1_001.fastq.gz_trimming_report.json
Report: /scratch4/workspace/jade_fiorilla_student_uml_edu-rawseqorcc/trimmed/2024_phase2_Warm03_Norm_filter_S126_R2_001.fastq.gz_trimming_report.txt
JSON report: /scratch4/workspace/jade_fiorilla_student_uml_edu-rawseqorcc/trimmed/2024_phase2_Warm03_Norm_filter_S126_R2_001.fastq.gz_trimming_report.json

Running FastQC on /scratch4/workspace/jade_fiorilla_student_uml_edu-rawseqorcc/trimmed/2024_phase2_Warm03_Norm_filter_S126_R1_001_val_1.fq.gz

Running FastQC on /scratch4/workspace/jade_fiorilla_student_uml_edu-rawseqorcc/trimmed/2024_phase2_Warm03_Norm_filter_S126_R2_001_val_2.fq.gz
Running Trim Galore on: 

Trim Galore v2.3.0
unknown — linux/x86_64 — built 2026-06-27T16:23:35Z
==================================================

Using 4 worker threads (parallel trim + compress)
Auto-detecting adapter type...
Using Nextera adapter for trimming (count: 68519). Second best hit was smallRNA (count: 874).
Adapter: Nextera (CTGTCTCTTATA)

Poly-G trimming: ENABLED (auto-detected). 68084 of 524085 reads (12.99%) have poly-G tails (>=10bp) — consistent with 2-colour chemistry (NovaSeq/NextSeq). To disable: --no_poly_g
Trimming (paired-end):
  R1: /scratch4/workspace/jade_fiorilla_student_uml_edu-rawseqorcc/fastq/2024_phase2_Warm06_Hyp_filter_S115_R1_001.fastq.gz
  R2: /scratch4/workspace/jade_fiorilla_student_uml_edu-rawseqorcc/fastq/2024_phase2_Warm06_Hyp_filter_S115_R2_001.fastq.gz
  Output R1: /scratch4/workspace/jade_fiorilla_student_uml_edu-rawseqorcc/trimmed/2024_phase2_Warm06_Hyp_filter_S115_R1_001_val_1.fq.gz
  Output R2: /scratch4/workspace/jade_fiorilla_student_uml_edu-rawseqorcc/trimmed/2024_phase2_Warm06_Hyp_filter_S115_R2_001_val_2.fq.gz

=== Summary (Read 1) ===

Total reads processed:               524085
Reads with adapters:                 518137 (98.9%)

=== Summary (Read 2) ===

Total reads processed:               524085
Reads with adapters:                 508801 (97.1%)
R1 reads with poly-G trimmed:           248 (0.0%)
  R1 poly-G bases removed:            36945
R2 reads with poly-G trimmed:           906 (0.2%)
  R2 poly-G bases removed:           202279

=== Paired-end validation ===

Pairs analyzed:                      524085
Pairs removed:                         1656 (0.3%)
Unpaired R1 kept:                      1173
Unpaired R2 kept:                        64
Report: /scratch4/workspace/jade_fiorilla_student_uml_edu-rawseqorcc/trimmed/2024_phase2_Warm06_Hyp_filter_S115_R1_001.fastq.gz_trimming_report.txt
JSON report: /scratch4/workspace/jade_fiorilla_student_uml_edu-rawseqorcc/trimmed/2024_phase2_Warm06_Hyp_filter_S115_R1_001.fastq.gz_trimming_report.json
Report: /scratch4/workspace/jade_fiorilla_student_uml_edu-rawseqorcc/trimmed/2024_phase2_Warm06_Hyp_filter_S115_R2_001.fastq.gz_trimming_report.txt
JSON report: /scratch4/workspace/jade_fiorilla_student_uml_edu-rawseqorcc/trimmed/2024_phase2_Warm06_Hyp_filter_S115_R2_001.fastq.gz_trimming_report.json

Running FastQC on /scratch4/workspace/jade_fiorilla_student_uml_edu-rawseqorcc/trimmed/2024_phase2_Warm06_Hyp_filter_S115_R1_001_val_1.fq.gz

Running FastQC on /scratch4/workspace/jade_fiorilla_student_uml_edu-rawseqorcc/trimmed/2024_phase2_Warm06_Hyp_filter_S115_R2_001_val_2.fq.gz
Running Trim Galore on: 

Trim Galore v2.3.0
unknown — linux/x86_64 — built 2026-06-27T16:23:35Z
==================================================

Using 4 worker threads (parallel trim + compress)
Auto-detecting adapter type...
Using Nextera adapter for trimming (count: 4925). Second best hit was smallRNA (count: 1707).
Adapter: Nextera (CTGTCTCTTATA)

Poly-G trimming: ENABLED (auto-detected). 4149 of 913342 reads (0.45%) have poly-G tails (>=10bp) — consistent with 2-colour chemistry (NovaSeq/NextSeq). To disable: --no_poly_g
Trimming (paired-end):
  R1: /scratch4/workspace/jade_fiorilla_student_uml_edu-rawseqorcc/fastq/2024_phase2_Warm06_Norm_filter_S127_R1_001.fastq.gz
  R2: /scratch4/workspace/jade_fiorilla_student_uml_edu-rawseqorcc/fastq/2024_phase2_Warm06_Norm_filter_S127_R2_001.fastq.gz
  Output R1: /scratch4/workspace/jade_fiorilla_student_uml_edu-rawseqorcc/trimmed/2024_phase2_Warm06_Norm_filter_S127_R1_001_val_1.fq.gz
  Output R2: /scratch4/workspace/jade_fiorilla_student_uml_edu-rawseqorcc/trimmed/2024_phase2_Warm06_Norm_filter_S127_R2_001_val_2.fq.gz

=== Summary (Read 1) ===

Total reads processed:               913342
Reads with adapters:                 905037 (99.1%)

=== Summary (Read 2) ===

Total reads processed:               913342
Reads with adapters:                 898181 (98.3%)
R1 reads with poly-G trimmed:           184 (0.0%)
  R1 poly-G bases removed:             9010
R2 reads with poly-G trimmed:          2467 (0.3%)
  R2 poly-G bases removed:           610504

=== Paired-end validation ===

Pairs analyzed:                      913342
Pairs removed:                         3350 (0.4%)
Unpaired R1 kept:                      3124
Unpaired R2 kept:                        91
Report: /scratch4/workspace/jade_fiorilla_student_uml_edu-rawseqorcc/trimmed/2024_phase2_Warm06_Norm_filter_S127_R1_001.fastq.gz_trimming_report.txt
JSON report: /scratch4/workspace/jade_fiorilla_student_uml_edu-rawseqorcc/trimmed/2024_phase2_Warm06_Norm_filter_S127_R1_001.fastq.gz_trimming_report.json
Report: /scratch4/workspace/jade_fiorilla_student_uml_edu-rawseqorcc/trimmed/2024_phase2_Warm06_Norm_filter_S127_R2_001.fastq.gz_trimming_report.txt
JSON report: /scratch4/workspace/jade_fiorilla_student_uml_edu-rawseqorcc/trimmed/2024_phase2_Warm06_Norm_filter_S127_R2_001.fastq.gz_trimming_report.json

Running FastQC on /scratch4/workspace/jade_fiorilla_student_uml_edu-rawseqorcc/trimmed/2024_phase2_Warm06_Norm_filter_S127_R1_001_val_1.fq.gz

Running FastQC on /scratch4/workspace/jade_fiorilla_student_uml_edu-rawseqorcc/trimmed/2024_phase2_Warm06_Norm_filter_S127_R2_001_val_2.fq.gz
Running Trim Galore on: 

Trim Galore v2.3.0
unknown — linux/x86_64 — built 2026-06-27T16:23:35Z
==================================================

Using 4 worker threads (parallel trim + compress)
Auto-detecting adapter type...
Using Nextera adapter for trimming (count: 182601). Second best hit was smallRNA (count: 72).
Adapter: Nextera (CTGTCTCTTATA)

Poly-G trimming: ENABLED (auto-detected). 185313 of 1000000 reads (18.53%) have poly-G tails (>=10bp) — consistent with 2-colour chemistry (NovaSeq/NextSeq). To disable: --no_poly_g
Trimming (paired-end):
  R1: /scratch4/workspace/jade_fiorilla_student_uml_edu-rawseqorcc/fastq/2024_Warm01_Cont01_G2_gill_S188_R1_001.fastq.gz
  R2: /scratch4/workspace/jade_fiorilla_student_uml_edu-rawseqorcc/fastq/2024_Warm01_Cont01_G2_gill_S188_R2_001.fastq.gz
  Output R1: /scratch4/workspace/jade_fiorilla_student_uml_edu-rawseqorcc/trimmed/2024_Warm01_Cont01_G2_gill_S188_R1_001_val_1.fq.gz
  Output R2: /scratch4/workspace/jade_fiorilla_student_uml_edu-rawseqorcc/trimmed/2024_Warm01_Cont01_G2_gill_S188_R2_001_val_2.fq.gz

=== Summary (Read 1) ===

Total reads processed:              1793873
Reads with adapters:                1683475 (93.8%)

=== Summary (Read 2) ===

Total reads processed:              1793873
Reads with adapters:                1712990 (95.5%)
R1 reads with poly-G trimmed:         13664 (0.8%)
  R1 poly-G bases removed:           589377
R2 reads with poly-G trimmed:         14621 (0.8%)
  R2 poly-G bases removed:           786525

=== Paired-end validation ===

Pairs analyzed:                     1793873
Pairs removed:                         4350 (0.2%)
Unpaired R1 kept:                      4077
Unpaired R2 kept:                       111
Report: /scratch4/workspace/jade_fiorilla_student_uml_edu-rawseqorcc/trimmed/2024_Warm01_Cont01_G2_gill_S188_R1_001.fastq.gz_trimming_report.txt
JSON report: /scratch4/workspace/jade_fiorilla_student_uml_edu-rawseqorcc/trimmed/2024_Warm01_Cont01_G2_gill_S188_R1_001.fastq.gz_trimming_report.json
Report: /scratch4/workspace/jade_fiorilla_student_uml_edu-rawseqorcc/trimmed/2024_Warm01_Cont01_G2_gill_S188_R2_001.fastq.gz_trimming_report.txt
JSON report: /scratch4/workspace/jade_fiorilla_student_uml_edu-rawseqorcc/trimmed/2024_Warm01_Cont01_G2_gill_S188_R2_001.fastq.gz_trimming_report.json

Running FastQC on /scratch4/workspace/jade_fiorilla_student_uml_edu-rawseqorcc/trimmed/2024_Warm01_Cont01_G2_gill_S188_R1_001_val_1.fq.gz

Running FastQC on /scratch4/workspace/jade_fiorilla_student_uml_edu-rawseqorcc/trimmed/2024_Warm01_Cont01_G2_gill_S188_R2_001_val_2.fq.gz
Running Trim Galore on: 

Trim Galore v2.3.0
unknown — linux/x86_64 — built 2026-06-27T16:23:35Z
==================================================

Using 4 worker threads (parallel trim + compress)
Auto-detecting adapter type...
Using Nextera adapter for trimming (count: 203278). Second best hit was smallRNA (count: 821).
Adapter: Nextera (CTGTCTCTTATA)

Poly-G trimming: ENABLED (auto-detected). 203411 of 697108 reads (29.18%) have poly-G tails (>=10bp) — consistent with 2-colour chemistry (NovaSeq/NextSeq). To disable: --no_poly_g
Trimming (paired-end):
  R1: /scratch4/workspace/jade_fiorilla_student_uml_edu-rawseqorcc/fastq/2024_Warm01_Cont01_G2_gut_S42_R1_001.fastq.gz
  R2: /scratch4/workspace/jade_fiorilla_student_uml_edu-rawseqorcc/fastq/2024_Warm01_Cont01_G2_gut_S42_R2_001.fastq.gz
  Output R1: /scratch4/workspace/jade_fiorilla_student_uml_edu-rawseqorcc/trimmed/2024_Warm01_Cont01_G2_gut_S42_R1_001_val_1.fq.gz
  Output R2: /scratch4/workspace/jade_fiorilla_student_uml_edu-rawseqorcc/trimmed/2024_Warm01_Cont01_G2_gut_S42_R2_001_val_2.fq.gz

=== Summary (Read 1) ===

Total reads processed:               697108
Reads with adapters:                 693079 (99.4%)

=== Summary (Read 2) ===

Total reads processed:               697108
Reads with adapters:                 691511 (99.2%)
R1 reads with poly-G trimmed:           718 (0.1%)
  R1 poly-G bases removed:           120213
R2 reads with poly-G trimmed:          1085 (0.2%)
  R2 poly-G bases removed:           226864

=== Paired-end validation ===

Pairs analyzed:                      697108
Pairs removed:                         1131 (0.2%)
Unpaired R1 kept:                       909
Unpaired R2 kept:                        67
Report: /scratch4/workspace/jade_fiorilla_student_uml_edu-rawseqorcc/trimmed/2024_Warm01_Cont01_G2_gut_S42_R1_001.fastq.gz_trimming_report.txt
JSON report: /scratch4/workspace/jade_fiorilla_student_uml_edu-rawseqorcc/trimmed/2024_Warm01_Cont01_G2_gut_S42_R1_001.fastq.gz_trimming_report.json
Report: /scratch4/workspace/jade_fiorilla_student_uml_edu-rawseqorcc/trimmed/2024_Warm01_Cont01_G2_gut_S42_R2_001.fastq.gz_trimming_report.txt
JSON report: /scratch4/workspace/jade_fiorilla_student_uml_edu-rawseqorcc/trimmed/2024_Warm01_Cont01_G2_gut_S42_R2_001.fastq.gz_trimming_report.json

Running FastQC on /scratch4/workspace/jade_fiorilla_student_uml_edu-rawseqorcc/trimmed/2024_Warm01_Cont01_G2_gut_S42_R1_001_val_1.fq.gz

Running FastQC on /scratch4/workspace/jade_fiorilla_student_uml_edu-rawseqorcc/trimmed/2024_Warm01_Cont01_G2_gut_S42_R2_001_val_2.fq.gz
Running Trim Galore on: 

Trim Galore v2.3.0
unknown — linux/x86_64 — built 2026-06-27T16:23:35Z
==================================================

Using 4 worker threads (parallel trim + compress)
Auto-detecting adapter type...
Using Nextera adapter for trimming (count: 231780). Second best hit was smallRNA (count: 890).
Adapter: Nextera (CTGTCTCTTATA)

Poly-G trimming: ENABLED (auto-detected). 232523 of 1000000 reads (23.25%) have poly-G tails (>=10bp) — consistent with 2-colour chemistry (NovaSeq/NextSeq). To disable: --no_poly_g
Trimming (paired-end):
  R1: /scratch4/workspace/jade_fiorilla_student_uml_edu-rawseqorcc/fastq/2024_Warm01_Cont06_G61_gill_S175_R1_001.fastq.gz
  R2: /scratch4/workspace/jade_fiorilla_student_uml_edu-rawseqorcc/fastq/2024_Warm01_Cont06_G61_gill_S175_R2_001.fastq.gz
  Output R1: /scratch4/workspace/jade_fiorilla_student_uml_edu-rawseqorcc/trimmed/2024_Warm01_Cont06_G61_gill_S175_R1_001_val_1.fq.gz
  Output R2: /scratch4/workspace/jade_fiorilla_student_uml_edu-rawseqorcc/trimmed/2024_Warm01_Cont06_G61_gill_S175_R2_001_val_2.fq.gz

=== Summary (Read 1) ===

Total reads processed:              1033654
Reads with adapters:                1004259 (97.2%)

=== Summary (Read 2) ===

Total reads processed:              1033654
Reads with adapters:                1004098 (97.1%)
R1 reads with poly-G trimmed:          1219 (0.1%)
  R1 poly-G bases removed:           167211
R2 reads with poly-G trimmed:          1569 (0.2%)
  R2 poly-G bases removed:           293834

=== Paired-end validation ===

Pairs analyzed:                     1033654
Pairs removed:                         1757 (0.2%)
Unpaired R1 kept:                      1433
Unpaired R2 kept:                        94
Report: /scratch4/workspace/jade_fiorilla_student_uml_edu-rawseqorcc/trimmed/2024_Warm01_Cont06_G61_gill_S175_R1_001.fastq.gz_trimming_report.txt
JSON report: /scratch4/workspace/jade_fiorilla_student_uml_edu-rawseqorcc/trimmed/2024_Warm01_Cont06_G61_gill_S175_R1_001.fastq.gz_trimming_report.json
Report: /scratch4/workspace/jade_fiorilla_student_uml_edu-rawseqorcc/trimmed/2024_Warm01_Cont06_G61_gill_S175_R2_001.fastq.gz_trimming_report.txt
JSON report: /scratch4/workspace/jade_fiorilla_student_uml_edu-rawseqorcc/trimmed/2024_Warm01_Cont06_G61_gill_S175_R2_001.fastq.gz_trimming_report.json

Running FastQC on /scratch4/workspace/jade_fiorilla_student_uml_edu-rawseqorcc/trimmed/2024_Warm01_Cont06_G61_gill_S175_R1_001_val_1.fq.gz

Running FastQC on /scratch4/workspace/jade_fiorilla_student_uml_edu-rawseqorcc/trimmed/2024_Warm01_Cont06_G61_gill_S175_R2_001_val_2.fq.gz
Running Trim Galore on: 

Trim Galore v2.3.0
unknown — linux/x86_64 — built 2026-06-27T16:23:35Z
==================================================

Using 4 worker threads (parallel trim + compress)
Auto-detecting adapter type...
Using Nextera adapter for trimming (count: 415365). Second best hit was smallRNA (count: 287).
Adapter: Nextera (CTGTCTCTTATA)

Poly-G trimming: ENABLED (auto-detected). 417681 of 1000000 reads (41.77%) have poly-G tails (>=10bp) — consistent with 2-colour chemistry (NovaSeq/NextSeq). To disable: --no_poly_g
Trimming (paired-end):
  R1: /scratch4/workspace/jade_fiorilla_student_uml_edu-rawseqorcc/fastq/2024_Warm01_Cont06_G61_gut_S57_R1_001.fastq.gz
  R2: /scratch4/workspace/jade_fiorilla_student_uml_edu-rawseqorcc/fastq/2024_Warm01_Cont06_G61_gut_S57_R2_001.fastq.gz
  Output R1: /scratch4/workspace/jade_fiorilla_student_uml_edu-rawseqorcc/trimmed/2024_Warm01_Cont06_G61_gut_S57_R1_001_val_1.fq.gz
  Output R2: /scratch4/workspace/jade_fiorilla_student_uml_edu-rawseqorcc/trimmed/2024_Warm01_Cont06_G61_gut_S57_R2_001_val_2.fq.gz

=== Summary (Read 1) ===

Total reads processed:              1149318
Reads with adapters:                1140058 (99.2%)

=== Summary (Read 2) ===

Total reads processed:              1149318
Reads with adapters:                1137570 (99.0%)
R1 reads with poly-G trimmed:          2223 (0.2%)
  R1 poly-G bases removed:           403660
R2 reads with poly-G trimmed:          2814 (0.2%)
  R2 poly-G bases removed:           647551

=== Paired-end validation ===

Pairs analyzed:                     1149318
Pairs removed:                         2609 (0.2%)
Unpaired R1 kept:                      2192
Unpaired R2 kept:                        58
Report: /scratch4/workspace/jade_fiorilla_student_uml_edu-rawseqorcc/trimmed/2024_Warm01_Cont06_G61_gut_S57_R1_001.fastq.gz_trimming_report.txt
JSON report: /scratch4/workspace/jade_fiorilla_student_uml_edu-rawseqorcc/trimmed/2024_Warm01_Cont06_G61_gut_S57_R1_001.fastq.gz_trimming_report.json
Report: /scratch4/workspace/jade_fiorilla_student_uml_edu-rawseqorcc/trimmed/2024_Warm01_Cont06_G61_gut_S57_R2_001.fastq.gz_trimming_report.txt
JSON report: /scratch4/workspace/jade_fiorilla_student_uml_edu-rawseqorcc/trimmed/2024_Warm01_Cont06_G61_gut_S57_R2_001.fastq.gz_trimming_report.json

Running FastQC on /scratch4/workspace/jade_fiorilla_student_uml_edu-rawseqorcc/trimmed/2024_Warm01_Cont06_G61_gut_S57_R1_001_val_1.fq.gz

Running FastQC on /scratch4/workspace/jade_fiorilla_student_uml_edu-rawseqorcc/trimmed/2024_Warm01_Cont06_G61_gut_S57_R2_001_val_2.fq.gz
Running Trim Galore on: 

Trim Galore v2.3.0
unknown — linux/x86_64 — built 2026-06-27T16:23:35Z
==================================================

Using 4 worker threads (parallel trim + compress)
Auto-detecting adapter type...
Using Nextera adapter for trimming (count: 652). Second best hit was smallRNA (count: 1).
Adapter: Nextera (CTGTCTCTTATA)

Poly-G trimming: ENABLED (auto-detected). 644 of 2012 reads (32.01%) have poly-G tails (>=10bp) — consistent with 2-colour chemistry (NovaSeq/NextSeq). To disable: --no_poly_g
Trimming (paired-end):
  R1: /scratch4/workspace/jade_fiorilla_student_uml_edu-rawseqorcc/fastq/2024_Warm01_Hyp05_G49_gill_S233_R1_001.fastq.gz
  R2: /scratch4/workspace/jade_fiorilla_student_uml_edu-rawseqorcc/fastq/2024_Warm01_Hyp05_G49_gill_S233_R2_001.fastq.gz
  Output R1: /scratch4/workspace/jade_fiorilla_student_uml_edu-rawseqorcc/trimmed/2024_Warm01_Hyp05_G49_gill_S233_R1_001_val_1.fq.gz
  Output R2: /scratch4/workspace/jade_fiorilla_student_uml_edu-rawseqorcc/trimmed/2024_Warm01_Hyp05_G49_gill_S233_R2_001_val_2.fq.gz

=== Summary (Read 1) ===

Total reads processed:                 2012
Reads with adapters:                   1958 (97.3%)

=== Summary (Read 2) ===

Total reads processed:                 2012
Reads with adapters:                   1885 (93.7%)
R1 reads with poly-G trimmed:             6 (0.3%)
  R1 poly-G bases removed:              528
R2 reads with poly-G trimmed:            14 (0.7%)
  R2 poly-G bases removed:             1046

=== Paired-end validation ===

Pairs analyzed:                        2012
Pairs removed:                           18 (0.9%)
Unpaired R1 kept:                        13
Unpaired R2 kept:                         1
Report: /scratch4/workspace/jade_fiorilla_student_uml_edu-rawseqorcc/trimmed/2024_Warm01_Hyp05_G49_gill_S233_R1_001.fastq.gz_trimming_report.txt
JSON report: /scratch4/workspace/jade_fiorilla_student_uml_edu-rawseqorcc/trimmed/2024_Warm01_Hyp05_G49_gill_S233_R1_001.fastq.gz_trimming_report.json
Report: /scratch4/workspace/jade_fiorilla_student_uml_edu-rawseqorcc/trimmed/2024_Warm01_Hyp05_G49_gill_S233_R2_001.fastq.gz_trimming_report.txt
JSON report: /scratch4/workspace/jade_fiorilla_student_uml_edu-rawseqorcc/trimmed/2024_Warm01_Hyp05_G49_gill_S233_R2_001.fastq.gz_trimming_report.json

Running FastQC on /scratch4/workspace/jade_fiorilla_student_uml_edu-rawseqorcc/trimmed/2024_Warm01_Hyp05_G49_gill_S233_R1_001_val_1.fq.gz

Running FastQC on /scratch4/workspace/jade_fiorilla_student_uml_edu-rawseqorcc/trimmed/2024_Warm01_Hyp05_G49_gill_S233_R2_001_val_2.fq.gz
Running Trim Galore on: 

Trim Galore v2.3.0
unknown — linux/x86_64 — built 2026-06-27T16:23:35Z
==================================================

Using 4 worker threads (parallel trim + compress)
Auto-detecting adapter type...
Using Nextera adapter for trimming (count: 55876). Second best hit was smallRNA (count: 679).
Adapter: Nextera (CTGTCTCTTATA)

Poly-G trimming: ENABLED (auto-detected). 56012 of 721306 reads (7.77%) have poly-G tails (>=10bp) — consistent with 2-colour chemistry (NovaSeq/NextSeq). To disable: --no_poly_g
Trimming (paired-end):
  R1: /scratch4/workspace/jade_fiorilla_student_uml_edu-rawseqorcc/fastq/2024_Warm01_Hyp05_G49_gut_S66_R1_001.fastq.gz
  R2: /scratch4/workspace/jade_fiorilla_student_uml_edu-rawseqorcc/fastq/2024_Warm01_Hyp05_G49_gut_S66_R2_001.fastq.gz
  Output R1: /scratch4/workspace/jade_fiorilla_student_uml_edu-rawseqorcc/trimmed/2024_Warm01_Hyp05_G49_gut_S66_R1_001_val_1.fq.gz
  Output R2: /scratch4/workspace/jade_fiorilla_student_uml_edu-rawseqorcc/trimmed/2024_Warm01_Hyp05_G49_gut_S66_R2_001_val_2.fq.gz

=== Summary (Read 1) ===

Total reads processed:               721306
Reads with adapters:                 716058 (99.3%)

=== Summary (Read 2) ===

Total reads processed:               721306
Reads with adapters:                 713974 (99.0%)
R1 reads with poly-G trimmed:           477 (0.1%)
  R1 poly-G bases removed:            64188
R2 reads with poly-G trimmed:          1110 (0.2%)
  R2 poly-G bases removed:           231622

=== Paired-end validation ===

Pairs analyzed:                      721306
Pairs removed:                         1436 (0.2%)
Unpaired R1 kept:                      1243
Unpaired R2 kept:                        72
Report: /scratch4/workspace/jade_fiorilla_student_uml_edu-rawseqorcc/trimmed/2024_Warm01_Hyp05_G49_gut_S66_R1_001.fastq.gz_trimming_report.txt
JSON report: /scratch4/workspace/jade_fiorilla_student_uml_edu-rawseqorcc/trimmed/2024_Warm01_Hyp05_G49_gut_S66_R1_001.fastq.gz_trimming_report.json
Report: /scratch4/workspace/jade_fiorilla_student_uml_edu-rawseqorcc/trimmed/2024_Warm01_Hyp05_G49_gut_S66_R2_001.fastq.gz_trimming_report.txt
JSON report: /scratch4/workspace/jade_fiorilla_student_uml_edu-rawseqorcc/trimmed/2024_Warm01_Hyp05_G49_gut_S66_R2_001.fastq.gz_trimming_report.json

Running FastQC on /scratch4/workspace/jade_fiorilla_student_uml_edu-rawseqorcc/trimmed/2024_Warm01_Hyp05_G49_gut_S66_R1_001_val_1.fq.gz

Running FastQC on /scratch4/workspace/jade_fiorilla_student_uml_edu-rawseqorcc/trimmed/2024_Warm01_Hyp05_G49_gut_S66_R2_001_val_2.fq.gz
Running Trim Galore on: 

Trim Galore v2.3.0
unknown — linux/x86_64 — built 2026-06-27T16:23:35Z
==================================================

Using 4 worker threads (parallel trim + compress)
Auto-detecting adapter type...
Using Nextera adapter for trimming (count: 17246). Second best hit was smallRNA (count: 486).
Adapter: Nextera (CTGTCTCTTATA)

Poly-G trimming: ENABLED (auto-detected). 14988 of 438648 reads (3.42%) have poly-G tails (>=10bp) — consistent with 2-colour chemistry (NovaSeq/NextSeq). To disable: --no_poly_g
Trimming (paired-end):
  R1: /scratch4/workspace/jade_fiorilla_student_uml_edu-rawseqorcc/fastq/2024_Warm01_Null_G02_gill_S239_R1_001.fastq.gz
  R2: /scratch4/workspace/jade_fiorilla_student_uml_edu-rawseqorcc/fastq/2024_Warm01_Null_G02_gill_S239_R2_001.fastq.gz
  Output R1: /scratch4/workspace/jade_fiorilla_student_uml_edu-rawseqorcc/trimmed/2024_Warm01_Null_G02_gill_S239_R1_001_val_1.fq.gz
  Output R2: /scratch4/workspace/jade_fiorilla_student_uml_edu-rawseqorcc/trimmed/2024_Warm01_Null_G02_gill_S239_R2_001_val_2.fq.gz

=== Summary (Read 1) ===

Total reads processed:               438648
Reads with adapters:                 428742 (97.7%)

=== Summary (Read 2) ===

Total reads processed:               438648
Reads with adapters:                 395634 (90.2%)
R1 reads with poly-G trimmed:           150 (0.0%)
  R1 poly-G bases removed:             7771
R2 reads with poly-G trimmed:           596 (0.1%)
  R2 poly-G bases removed:           112962

=== Paired-end validation ===

Pairs analyzed:                      438648
Pairs removed:                          890 (0.2%)
Unpaired R1 kept:                       778
Unpaired R2 kept:                        30
Report: /scratch4/workspace/jade_fiorilla_student_uml_edu-rawseqorcc/trimmed/2024_Warm01_Null_G02_gill_S239_R1_001.fastq.gz_trimming_report.txt
JSON report: /scratch4/workspace/jade_fiorilla_student_uml_edu-rawseqorcc/trimmed/2024_Warm01_Null_G02_gill_S239_R1_001.fastq.gz_trimming_report.json
Report: /scratch4/workspace/jade_fiorilla_student_uml_edu-rawseqorcc/trimmed/2024_Warm01_Null_G02_gill_S239_R2_001.fastq.gz_trimming_report.txt
JSON report: /scratch4/workspace/jade_fiorilla_student_uml_edu-rawseqorcc/trimmed/2024_Warm01_Null_G02_gill_S239_R2_001.fastq.gz_trimming_report.json

Running FastQC on /scratch4/workspace/jade_fiorilla_student_uml_edu-rawseqorcc/trimmed/2024_Warm01_Null_G02_gill_S239_R1_001_val_1.fq.gz

Running FastQC on /scratch4/workspace/jade_fiorilla_student_uml_edu-rawseqorcc/trimmed/2024_Warm01_Null_G02_gill_S239_R2_001_val_2.fq.gz
Running Trim Galore on: 

Trim Galore v2.3.0
unknown — linux/x86_64 — built 2026-06-27T16:23:35Z
==================================================

Using 4 worker threads (parallel trim + compress)
Auto-detecting adapter type...
Using Nextera adapter for trimming (count: 514454). Second best hit was smallRNA (count: 1175).
Adapter: Nextera (CTGTCTCTTATA)

Poly-G trimming: ENABLED (auto-detected). 519140 of 1000000 reads (51.91%) have poly-G tails (>=10bp) — consistent with 2-colour chemistry (NovaSeq/NextSeq). To disable: --no_poly_g
Trimming (paired-end):
  R1: /scratch4/workspace/jade_fiorilla_student_uml_edu-rawseqorcc/fastq/2024_Warm01_Null_G02_gut_S184_R1_001.fastq.gz
  R2: /scratch4/workspace/jade_fiorilla_student_uml_edu-rawseqorcc/fastq/2024_Warm01_Null_G02_gut_S184_R2_001.fastq.gz
  Output R1: /scratch4/workspace/jade_fiorilla_student_uml_edu-rawseqorcc/trimmed/2024_Warm01_Null_G02_gut_S184_R1_001_val_1.fq.gz
  Output R2: /scratch4/workspace/jade_fiorilla_student_uml_edu-rawseqorcc/trimmed/2024_Warm01_Null_G02_gut_S184_R2_001_val_2.fq.gz

=== Summary (Read 1) ===

Total reads processed:              1317519
Reads with adapters:                1306803 (99.2%)

=== Summary (Read 2) ===

Total reads processed:              1317519
Reads with adapters:                1292931 (98.1%)
R1 reads with poly-G trimmed:          1843 (0.1%)
  R1 poly-G bases removed:           332721
R2 reads with poly-G trimmed:          2514 (0.2%)
  R2 poly-G bases removed:           529744

=== Paired-end validation ===

Pairs analyzed:                     1317519
Pairs removed:                         4838 (0.4%)
Unpaired R1 kept:                      1551
Unpaired R2 kept:                        72
Report: /scratch4/workspace/jade_fiorilla_student_uml_edu-rawseqorcc/trimmed/2024_Warm01_Null_G02_gut_S184_R1_001.fastq.gz_trimming_report.txt
JSON report: /scratch4/workspace/jade_fiorilla_student_uml_edu-rawseqorcc/trimmed/2024_Warm01_Null_G02_gut_S184_R1_001.fastq.gz_trimming_report.json
Report: /scratch4/workspace/jade_fiorilla_student_uml_edu-rawseqorcc/trimmed/2024_Warm01_Null_G02_gut_S184_R2_001.fastq.gz_trimming_report.txt
JSON report: /scratch4/workspace/jade_fiorilla_student_uml_edu-rawseqorcc/trimmed/2024_Warm01_Null_G02_gut_S184_R2_001.fastq.gz_trimming_report.json

Running FastQC on /scratch4/workspace/jade_fiorilla_student_uml_edu-rawseqorcc/trimmed/2024_Warm01_Null_G02_gut_S184_R1_001_val_1.fq.gz

Running FastQC on /scratch4/workspace/jade_fiorilla_student_uml_edu-rawseqorcc/trimmed/2024_Warm01_Null_G02_gut_S184_R2_001_val_2.fq.gz
Running Trim Galore on: 

Trim Galore v2.3.0
unknown — linux/x86_64 — built 2026-06-27T16:23:35Z
==================================================

Using 4 worker threads (parallel trim + compress)
Auto-detecting adapter type...
Using Nextera adapter for trimming (count: 4439). Second best hit was smallRNA (count: 3).
Adapter: Nextera (CTGTCTCTTATA)

Poly-G trimming: ENABLED (auto-detected). 1358 of 1000000 reads (0.14%) have poly-G tails (>=10bp) — consistent with 2-colour chemistry (NovaSeq/NextSeq). To disable: --no_poly_g
Trimming (paired-end):
  R1: /scratch4/workspace/jade_fiorilla_student_uml_edu-rawseqorcc/fastq/2024_Warm01_Warm01_G1_gill_S211_R1_001.fastq.gz
  R2: /scratch4/workspace/jade_fiorilla_student_uml_edu-rawseqorcc/fastq/2024_Warm01_Warm01_G1_gill_S211_R2_001.fastq.gz
  Output R1: /scratch4/workspace/jade_fiorilla_student_uml_edu-rawseqorcc/trimmed/2024_Warm01_Warm01_G1_gill_S211_R1_001_val_1.fq.gz
  Output R2: /scratch4/workspace/jade_fiorilla_student_uml_edu-rawseqorcc/trimmed/2024_Warm01_Warm01_G1_gill_S211_R2_001_val_2.fq.gz

=== Summary (Read 1) ===

Total reads processed:              1775944
Reads with adapters:                1754036 (98.8%)

=== Summary (Read 2) ===

Total reads processed:              1775944
Reads with adapters:                1710285 (96.3%)
R1 reads with poly-G trimmed:          1104 (0.1%)
  R1 poly-G bases removed:             9572
R2 reads with poly-G trimmed:          1312 (0.1%)
  R2 poly-G bases removed:           229454

=== Paired-end validation ===

Pairs analyzed:                     1775944
Pairs removed:                         2176 (0.1%)
Unpaired R1 kept:                      2088
Unpaired R2 kept:                        36
Report: /scratch4/workspace/jade_fiorilla_student_uml_edu-rawseqorcc/trimmed/2024_Warm01_Warm01_G1_gill_S211_R1_001.fastq.gz_trimming_report.txt
JSON report: /scratch4/workspace/jade_fiorilla_student_uml_edu-rawseqorcc/trimmed/2024_Warm01_Warm01_G1_gill_S211_R1_001.fastq.gz_trimming_report.json
Report: /scratch4/workspace/jade_fiorilla_student_uml_edu-rawseqorcc/trimmed/2024_Warm01_Warm01_G1_gill_S211_R2_001.fastq.gz_trimming_report.txt
JSON report: /scratch4/workspace/jade_fiorilla_student_uml_edu-rawseqorcc/trimmed/2024_Warm01_Warm01_G1_gill_S211_R2_001.fastq.gz_trimming_report.json

Running FastQC on /scratch4/workspace/jade_fiorilla_student_uml_edu-rawseqorcc/trimmed/2024_Warm01_Warm01_G1_gill_S211_R1_001_val_1.fq.gz

Running FastQC on /scratch4/workspace/jade_fiorilla_student_uml_edu-rawseqorcc/trimmed/2024_Warm01_Warm01_G1_gill_S211_R2_001_val_2.fq.gz
Running Trim Galore on: 

Trim Galore v2.3.0
unknown — linux/x86_64 — built 2026-06-27T16:23:35Z
==================================================

Using 4 worker threads (parallel trim + compress)
Auto-detecting adapter type...
Using Nextera adapter for trimming (count: 639285). Second best hit was smallRNA (count: 500).
Adapter: Nextera (CTGTCTCTTATA)

Poly-G trimming: ENABLED (auto-detected). 635892 of 1000000 reads (63.59%) have poly-G tails (>=10bp) — consistent with 2-colour chemistry (NovaSeq/NextSeq). To disable: --no_poly_g
Trimming (paired-end):
  R1: /scratch4/workspace/jade_fiorilla_student_uml_edu-rawseqorcc/fastq/2024_Warm01_Warm01_G1_gut_S23_R1_001.fastq.gz
  R2: /scratch4/workspace/jade_fiorilla_student_uml_edu-rawseqorcc/fastq/2024_Warm01_Warm01_G1_gut_S23_R2_001.fastq.gz
  Output R1: /scratch4/workspace/jade_fiorilla_student_uml_edu-rawseqorcc/trimmed/2024_Warm01_Warm01_G1_gut_S23_R1_001_val_1.fq.gz
  Output R2: /scratch4/workspace/jade_fiorilla_student_uml_edu-rawseqorcc/trimmed/2024_Warm01_Warm01_G1_gut_S23_R2_001_val_2.fq.gz

=== Summary (Read 1) ===

Total reads processed:              1287196
Reads with adapters:                1281022 (99.5%)

=== Summary (Read 2) ===

Total reads processed:              1287196
Reads with adapters:                1279549 (99.4%)
R1 reads with poly-G trimmed:          2519 (0.2%)
  R1 poly-G bases removed:           465902
R2 reads with poly-G trimmed:          2925 (0.2%)
  R2 poly-G bases removed:           611843

=== Paired-end validation ===

Pairs analyzed:                     1287196
Pairs removed:                         1785 (0.1%)
Unpaired R1 kept:                      1218
Unpaired R2 kept:                        86
Report: /scratch4/workspace/jade_fiorilla_student_uml_edu-rawseqorcc/trimmed/2024_Warm01_Warm01_G1_gut_S23_R1_001.fastq.gz_trimming_report.txt
JSON report: /scratch4/workspace/jade_fiorilla_student_uml_edu-rawseqorcc/trimmed/2024_Warm01_Warm01_G1_gut_S23_R1_001.fastq.gz_trimming_report.json
Report: /scratch4/workspace/jade_fiorilla_student_uml_edu-rawseqorcc/trimmed/2024_Warm01_Warm01_G1_gut_S23_R2_001.fastq.gz_trimming_report.txt
JSON report: /scratch4/workspace/jade_fiorilla_student_uml_edu-rawseqorcc/trimmed/2024_Warm01_Warm01_G1_gut_S23_R2_001.fastq.gz_trimming_report.json

Running FastQC on /scratch4/workspace/jade_fiorilla_student_uml_edu-rawseqorcc/trimmed/2024_Warm01_Warm01_G1_gut_S23_R1_001_val_1.fq.gz

Running FastQC on /scratch4/workspace/jade_fiorilla_student_uml_edu-rawseqorcc/trimmed/2024_Warm01_Warm01_G1_gut_S23_R2_001_val_2.fq.gz
Running Trim Galore on: 

Trim Galore v2.3.0
unknown — linux/x86_64 — built 2026-06-27T16:23:35Z
==================================================

Using 4 worker threads (parallel trim + compress)
Auto-detecting adapter type...
Using Nextera adapter for trimming (count: 526244). Second best hit was smallRNA (count: 13).
Adapter: Nextera (CTGTCTCTTATA)

Poly-G trimming: ENABLED (auto-detected). 527761 of 1000000 reads (52.78%) have poly-G tails (>=10bp) — consistent with 2-colour chemistry (NovaSeq/NextSeq). To disable: --no_poly_g
Trimming (paired-end):
  R1: /scratch4/workspace/jade_fiorilla_student_uml_edu-rawseqorcc/fastq/2024_Warm01_Warm06_G62_gill_S176_R1_001.fastq.gz
  R2: /scratch4/workspace/jade_fiorilla_student_uml_edu-rawseqorcc/fastq/2024_Warm01_Warm06_G62_gill_S176_R2_001.fastq.gz
  Output R1: /scratch4/workspace/jade_fiorilla_student_uml_edu-rawseqorcc/trimmed/2024_Warm01_Warm06_G62_gill_S176_R1_001_val_1.fq.gz
  Output R2: /scratch4/workspace/jade_fiorilla_student_uml_edu-rawseqorcc/trimmed/2024_Warm01_Warm06_G62_gill_S176_R2_001_val_2.fq.gz

=== Summary (Read 1) ===

Total reads processed:              1535926
Reads with adapters:                1514010 (98.6%)

=== Summary (Read 2) ===

Total reads processed:              1535926
Reads with adapters:                1513331 (98.5%)
R1 reads with poly-G trimmed:          2551 (0.2%)
  R1 poly-G bases removed:           427935
R2 reads with poly-G trimmed:          3011 (0.2%)
  R2 poly-G bases removed:           611265

=== Paired-end validation ===

Pairs analyzed:                     1535926
Pairs removed:                         1857 (0.1%)
Unpaired R1 kept:                      1282
Unpaired R2 kept:                        77
Report: /scratch4/workspace/jade_fiorilla_student_uml_edu-rawseqorcc/trimmed/2024_Warm01_Warm06_G62_gill_S176_R1_001.fastq.gz_trimming_report.txt
JSON report: /scratch4/workspace/jade_fiorilla_student_uml_edu-rawseqorcc/trimmed/2024_Warm01_Warm06_G62_gill_S176_R1_001.fastq.gz_trimming_report.json
Report: /scratch4/workspace/jade_fiorilla_student_uml_edu-rawseqorcc/trimmed/2024_Warm01_Warm06_G62_gill_S176_R2_001.fastq.gz_trimming_report.txt
JSON report: /scratch4/workspace/jade_fiorilla_student_uml_edu-rawseqorcc/trimmed/2024_Warm01_Warm06_G62_gill_S176_R2_001.fastq.gz_trimming_report.json

Running FastQC on /scratch4/workspace/jade_fiorilla_student_uml_edu-rawseqorcc/trimmed/2024_Warm01_Warm06_G62_gill_S176_R1_001_val_1.fq.gz

Running FastQC on /scratch4/workspace/jade_fiorilla_student_uml_edu-rawseqorcc/trimmed/2024_Warm01_Warm06_G62_gill_S176_R2_001_val_2.fq.gz
Running Trim Galore on: 

Trim Galore v2.3.0
unknown — linux/x86_64 — built 2026-06-27T16:23:35Z
==================================================

Using 4 worker threads (parallel trim + compress)
Auto-detecting adapter type...
Using Nextera adapter for trimming (count: 450923). Second best hit was smallRNA (count: 261).
Adapter: Nextera (CTGTCTCTTATA)

Poly-G trimming: ENABLED (auto-detected). 451829 of 768962 reads (58.76%) have poly-G tails (>=10bp) — consistent with 2-colour chemistry (NovaSeq/NextSeq). To disable: --no_poly_g
Trimming (paired-end):
  R1: /scratch4/workspace/jade_fiorilla_student_uml_edu-rawseqorcc/fastq/2024_Warm01_Warm06_G62_gut_S58_R1_001.fastq.gz
  R2: /scratch4/workspace/jade_fiorilla_student_uml_edu-rawseqorcc/fastq/2024_Warm01_Warm06_G62_gut_S58_R2_001.fastq.gz
  Output R1: /scratch4/workspace/jade_fiorilla_student_uml_edu-rawseqorcc/trimmed/2024_Warm01_Warm06_G62_gut_S58_R1_001_val_1.fq.gz
  Output R2: /scratch4/workspace/jade_fiorilla_student_uml_edu-rawseqorcc/trimmed/2024_Warm01_Warm06_G62_gut_S58_R2_001_val_2.fq.gz

=== Summary (Read 1) ===

Total reads processed:               768962
Reads with adapters:                 763796 (99.3%)

=== Summary (Read 2) ===

Total reads processed:               768962
Reads with adapters:                 762806 (99.2%)
R1 reads with poly-G trimmed:          2152 (0.3%)
  R1 poly-G bases removed:           406604
R2 reads with poly-G trimmed:          2126 (0.3%)
  R2 poly-G bases removed:           482410

=== Paired-end validation ===

Pairs analyzed:                      768962
Pairs removed:                         1573 (0.2%)
Unpaired R1 kept:                      1228
Unpaired R2 kept:                        52
Report: /scratch4/workspace/jade_fiorilla_student_uml_edu-rawseqorcc/trimmed/2024_Warm01_Warm06_G62_gut_S58_R1_001.fastq.gz_trimming_report.txt
JSON report: /scratch4/workspace/jade_fiorilla_student_uml_edu-rawseqorcc/trimmed/2024_Warm01_Warm06_G62_gut_S58_R1_001.fastq.gz_trimming_report.json
Report: /scratch4/workspace/jade_fiorilla_student_uml_edu-rawseqorcc/trimmed/2024_Warm01_Warm06_G62_gut_S58_R2_001.fastq.gz_trimming_report.txt
JSON report: /scratch4/workspace/jade_fiorilla_student_uml_edu-rawseqorcc/trimmed/2024_Warm01_Warm06_G62_gut_S58_R2_001.fastq.gz_trimming_report.json

Running FastQC on /scratch4/workspace/jade_fiorilla_student_uml_edu-rawseqorcc/trimmed/2024_Warm01_Warm06_G62_gut_S58_R1_001_val_1.fq.gz

Running FastQC on /scratch4/workspace/jade_fiorilla_student_uml_edu-rawseqorcc/trimmed/2024_Warm01_Warm06_G62_gut_S58_R2_001_val_2.fq.gz
Running Trim Galore on: 

Trim Galore v2.3.0
unknown — linux/x86_64 — built 2026-06-27T16:23:35Z
==================================================

Using 4 worker threads (parallel trim + compress)
Auto-detecting adapter type...
Using Nextera adapter for trimming (count: 422376). Second best hit was smallRNA (count: 354).
Adapter: Nextera (CTGTCTCTTATA)

Poly-G trimming: ENABLED (auto-detected). 423344 of 1000000 reads (42.33%) have poly-G tails (>=10bp) — consistent with 2-colour chemistry (NovaSeq/NextSeq). To disable: --no_poly_g
Trimming (paired-end):
  R1: /scratch4/workspace/jade_fiorilla_student_uml_edu-rawseqorcc/fastq/2024_Warm02_Both01_G4_gill_S146_R1_001.fastq.gz
  R2: /scratch4/workspace/jade_fiorilla_student_uml_edu-rawseqorcc/fastq/2024_Warm02_Both01_G4_gill_S146_R2_001.fastq.gz
  Output R1: /scratch4/workspace/jade_fiorilla_student_uml_edu-rawseqorcc/trimmed/2024_Warm02_Both01_G4_gill_S146_R1_001_val_1.fq.gz
  Output R2: /scratch4/workspace/jade_fiorilla_student_uml_edu-rawseqorcc/trimmed/2024_Warm02_Both01_G4_gill_S146_R2_001_val_2.fq.gz

=== Summary (Read 1) ===

Total reads processed:              1003426
Reads with adapters:                 994686 (99.1%)

=== Summary (Read 2) ===

Total reads processed:              1003426
Reads with adapters:                 992966 (99.0%)
R1 reads with poly-G trimmed:          1349 (0.1%)
  R1 poly-G bases removed:           234148
R2 reads with poly-G trimmed:          1782 (0.2%)
  R2 poly-G bases removed:           369367

=== Paired-end validation ===

Pairs analyzed:                     1003426
Pairs removed:                         1429 (0.1%)
Unpaired R1 kept:                      1083
Unpaired R2 kept:                        68
Report: /scratch4/workspace/jade_fiorilla_student_uml_edu-rawseqorcc/trimmed/2024_Warm02_Both01_G4_gill_S146_R1_001.fastq.gz_trimming_report.txt
JSON report: /scratch4/workspace/jade_fiorilla_student_uml_edu-rawseqorcc/trimmed/2024_Warm02_Both01_G4_gill_S146_R1_001.fastq.gz_trimming_report.json
Report: /scratch4/workspace/jade_fiorilla_student_uml_edu-rawseqorcc/trimmed/2024_Warm02_Both01_G4_gill_S146_R2_001.fastq.gz_trimming_report.txt
JSON report: /scratch4/workspace/jade_fiorilla_student_uml_edu-rawseqorcc/trimmed/2024_Warm02_Both01_G4_gill_S146_R2_001.fastq.gz_trimming_report.json

Running FastQC on /scratch4/workspace/jade_fiorilla_student_uml_edu-rawseqorcc/trimmed/2024_Warm02_Both01_G4_gill_S146_R1_001_val_1.fq.gz

Running FastQC on /scratch4/workspace/jade_fiorilla_student_uml_edu-rawseqorcc/trimmed/2024_Warm02_Both01_G4_gill_S146_R2_001_val_2.fq.gz
Running Trim Galore on: 

Trim Galore v2.3.0
unknown — linux/x86_64 — built 2026-06-27T16:23:35Z
==================================================

Using 4 worker threads (parallel trim + compress)
Auto-detecting adapter type...
Using Nextera adapter for trimming (count: 455121). Second best hit was smallRNA (count: 813).
Adapter: Nextera (CTGTCTCTTATA)

Poly-G trimming: ENABLED (auto-detected). 456376 of 1000000 reads (45.64%) have poly-G tails (>=10bp) — consistent with 2-colour chemistry (NovaSeq/NextSeq). To disable: --no_poly_g
Trimming (paired-end):
  R1: /scratch4/workspace/jade_fiorilla_student_uml_edu-rawseqorcc/fastq/2024_Warm02_Both01_G4_gut_S147_R1_001.fastq.gz
  R2: /scratch4/workspace/jade_fiorilla_student_uml_edu-rawseqorcc/fastq/2024_Warm02_Both01_G4_gut_S147_R2_001.fastq.gz
  Output R1: /scratch4/workspace/jade_fiorilla_student_uml_edu-rawseqorcc/trimmed/2024_Warm02_Both01_G4_gut_S147_R1_001_val_1.fq.gz
  Output R2: /scratch4/workspace/jade_fiorilla_student_uml_edu-rawseqorcc/trimmed/2024_Warm02_Both01_G4_gut_S147_R2_001_val_2.fq.gz

=== Summary (Read 1) ===

Total reads processed:              1201702
Reads with adapters:                1196136 (99.5%)

=== Summary (Read 2) ===

Total reads processed:              1201702
Reads with adapters:                1193667 (99.3%)
R1 reads with poly-G trimmed:          1475 (0.1%)
  R1 poly-G bases removed:           271132
R2 reads with poly-G trimmed:          2006 (0.2%)
  R2 poly-G bases removed:           423300

=== Paired-end validation ===

Pairs analyzed:                     1201702
Pairs removed:                         1548 (0.1%)
Unpaired R1 kept:                      1193
Unpaired R2 kept:                        85
Report: /scratch4/workspace/jade_fiorilla_student_uml_edu-rawseqorcc/trimmed/2024_Warm02_Both01_G4_gut_S147_R1_001.fastq.gz_trimming_report.txt
JSON report: /scratch4/workspace/jade_fiorilla_student_uml_edu-rawseqorcc/trimmed/2024_Warm02_Both01_G4_gut_S147_R1_001.fastq.gz_trimming_report.json
Report: /scratch4/workspace/jade_fiorilla_student_uml_edu-rawseqorcc/trimmed/2024_Warm02_Both01_G4_gut_S147_R2_001.fastq.gz_trimming_report.txt
JSON report: /scratch4/workspace/jade_fiorilla_student_uml_edu-rawseqorcc/trimmed/2024_Warm02_Both01_G4_gut_S147_R2_001.fastq.gz_trimming_report.json

Running FastQC on /scratch4/workspace/jade_fiorilla_student_uml_edu-rawseqorcc/trimmed/2024_Warm02_Both01_G4_gut_S147_R1_001_val_1.fq.gz

Running FastQC on /scratch4/workspace/jade_fiorilla_student_uml_edu-rawseqorcc/trimmed/2024_Warm02_Both01_G4_gut_S147_R2_001_val_2.fq.gz
Running Trim Galore on: 

Trim Galore v2.3.0
unknown — linux/x86_64 — built 2026-06-27T16:23:35Z
==================================================

Using 4 worker threads (parallel trim + compress)
Auto-detecting adapter type...
Using Nextera adapter for trimming (count: 403281). Second best hit was smallRNA (count: 760).
Adapter: Nextera (CTGTCTCTTATA)

Poly-G trimming: ENABLED (auto-detected). 369617 of 1000000 reads (36.96%) have poly-G tails (>=10bp) — consistent with 2-colour chemistry (NovaSeq/NextSeq). To disable: --no_poly_g
Trimming (paired-end):
  R1: /scratch4/workspace/jade_fiorilla_student_uml_edu-rawseqorcc/fastq/2024_Warm02_Both02_G15_gill_S148_R1_001.fastq.gz
  R2: /scratch4/workspace/jade_fiorilla_student_uml_edu-rawseqorcc/fastq/2024_Warm02_Both02_G15_gill_S148_R2_001.fastq.gz
  Output R1: /scratch4/workspace/jade_fiorilla_student_uml_edu-rawseqorcc/trimmed/2024_Warm02_Both02_G15_gill_S148_R1_001_val_1.fq.gz
  Output R2: /scratch4/workspace/jade_fiorilla_student_uml_edu-rawseqorcc/trimmed/2024_Warm02_Both02_G15_gill_S148_R2_001_val_2.fq.gz

=== Summary (Read 1) ===

Total reads processed:              1526935
Reads with adapters:                1495145 (97.9%)

=== Summary (Read 2) ===

Total reads processed:              1526935
Reads with adapters:                1502265 (98.4%)
R1 reads with poly-G trimmed:          1999 (0.1%)
  R1 poly-G bases removed:           307705
R2 reads with poly-G trimmed:          2471 (0.2%)
  R2 poly-G bases removed:           508402

=== Paired-end validation ===

Pairs analyzed:                     1526935
Pairs removed:                         2058 (0.1%)
Unpaired R1 kept:                      1601
Unpaired R2 kept:                       115
Report: /scratch4/workspace/jade_fiorilla_student_uml_edu-rawseqorcc/trimmed/2024_Warm02_Both02_G15_gill_S148_R1_001.fastq.gz_trimming_report.txt
JSON report: /scratch4/workspace/jade_fiorilla_student_uml_edu-rawseqorcc/trimmed/2024_Warm02_Both02_G15_gill_S148_R1_001.fastq.gz_trimming_report.json
Report: /scratch4/workspace/jade_fiorilla_student_uml_edu-rawseqorcc/trimmed/2024_Warm02_Both02_G15_gill_S148_R2_001.fastq.gz_trimming_report.txt
JSON report: /scratch4/workspace/jade_fiorilla_student_uml_edu-rawseqorcc/trimmed/2024_Warm02_Both02_G15_gill_S148_R2_001.fastq.gz_trimming_report.json

Running FastQC on /scratch4/workspace/jade_fiorilla_student_uml_edu-rawseqorcc/trimmed/2024_Warm02_Both02_G15_gill_S148_R1_001_val_1.fq.gz

Running FastQC on /scratch4/workspace/jade_fiorilla_student_uml_edu-rawseqorcc/trimmed/2024_Warm02_Both02_G15_gill_S148_R2_001_val_2.fq.gz
Running Trim Galore on: 

Trim Galore v2.3.0
unknown — linux/x86_64 — built 2026-06-27T16:23:35Z
==================================================

Using 4 worker threads (parallel trim + compress)
Auto-detecting adapter type...
Using Nextera adapter for trimming (count: 214812). Second best hit was smallRNA (count: 571).
Adapter: Nextera (CTGTCTCTTATA)

Poly-G trimming: ENABLED (auto-detected). 214081 of 573872 reads (37.30%) have poly-G tails (>=10bp) — consistent with 2-colour chemistry (NovaSeq/NextSeq). To disable: --no_poly_g
Trimming (paired-end):
  R1: /scratch4/workspace/jade_fiorilla_student_uml_edu-rawseqorcc/fastq/2024_Warm02_Both02_G15_gut_S43_R1_001.fastq.gz
  R2: /scratch4/workspace/jade_fiorilla_student_uml_edu-rawseqorcc/fastq/2024_Warm02_Both02_G15_gut_S43_R2_001.fastq.gz
  Output R1: /scratch4/workspace/jade_fiorilla_student_uml_edu-rawseqorcc/trimmed/2024_Warm02_Both02_G15_gut_S43_R1_001_val_1.fq.gz
  Output R2: /scratch4/workspace/jade_fiorilla_student_uml_edu-rawseqorcc/trimmed/2024_Warm02_Both02_G15_gut_S43_R2_001_val_2.fq.gz

=== Summary (Read 1) ===

Total reads processed:               573872
Reads with adapters:                 571217 (99.5%)

=== Summary (Read 2) ===

Total reads processed:               573872
Reads with adapters:                 570252 (99.4%)
R1 reads with poly-G trimmed:           676 (0.1%)
  R1 poly-G bases removed:           122541
R2 reads with poly-G trimmed:           949 (0.2%)
  R2 poly-G bases removed:           204201

=== Paired-end validation ===

Pairs analyzed:                      573872
Pairs removed:                          918 (0.2%)
Unpaired R1 kept:                       771
Unpaired R2 kept:                        31
Report: /scratch4/workspace/jade_fiorilla_student_uml_edu-rawseqorcc/trimmed/2024_Warm02_Both02_G15_gut_S43_R1_001.fastq.gz_trimming_report.txt
JSON report: /scratch4/workspace/jade_fiorilla_student_uml_edu-rawseqorcc/trimmed/2024_Warm02_Both02_G15_gut_S43_R1_001.fastq.gz_trimming_report.json
Report: /scratch4/workspace/jade_fiorilla_student_uml_edu-rawseqorcc/trimmed/2024_Warm02_Both02_G15_gut_S43_R2_001.fastq.gz_trimming_report.txt
JSON report: /scratch4/workspace/jade_fiorilla_student_uml_edu-rawseqorcc/trimmed/2024_Warm02_Both02_G15_gut_S43_R2_001.fastq.gz_trimming_report.json

Running FastQC on /scratch4/workspace/jade_fiorilla_student_uml_edu-rawseqorcc/trimmed/2024_Warm02_Both02_G15_gut_S43_R1_001_val_1.fq.gz

Running FastQC on /scratch4/workspace/jade_fiorilla_student_uml_edu-rawseqorcc/trimmed/2024_Warm02_Both02_G15_gut_S43_R2_001_val_2.fq.gz
Running Trim Galore on: 

Trim Galore v2.3.0
unknown — linux/x86_64 — built 2026-06-27T16:23:35Z
==================================================

Using 4 worker threads (parallel trim + compress)
Auto-detecting adapter type...
Using Nextera adapter for trimming (count: 441303). Second best hit was smallRNA (count: 262).
Adapter: Nextera (CTGTCTCTTATA)

Poly-G trimming: ENABLED (auto-detected). 444445 of 1000000 reads (44.44%) have poly-G tails (>=10bp) — consistent with 2-colour chemistry (NovaSeq/NextSeq). To disable: --no_poly_g
Trimming (paired-end):
  R1: /scratch4/workspace/jade_fiorilla_student_uml_edu-rawseqorcc/fastq/2024_Warm02_Both06_G64_gill_S177_R1_001.fastq.gz
  R2: /scratch4/workspace/jade_fiorilla_student_uml_edu-rawseqorcc/fastq/2024_Warm02_Both06_G64_gill_S177_R2_001.fastq.gz
  Output R1: /scratch4/workspace/jade_fiorilla_student_uml_edu-rawseqorcc/trimmed/2024_Warm02_Both06_G64_gill_S177_R1_001_val_1.fq.gz
  Output R2: /scratch4/workspace/jade_fiorilla_student_uml_edu-rawseqorcc/trimmed/2024_Warm02_Both06_G64_gill_S177_R2_001_val_2.fq.gz

=== Summary (Read 1) ===

Total reads processed:              1724957
Reads with adapters:                1708325 (99.0%)

=== Summary (Read 2) ===

Total reads processed:              1724957
Reads with adapters:                1700109 (98.6%)
R1 reads with poly-G trimmed:          2117 (0.1%)
  R1 poly-G bases removed:           383799
R2 reads with poly-G trimmed:          3130 (0.2%)
  R2 poly-G bases removed:           623940

=== Paired-end validation ===

Pairs analyzed:                     1724957
Pairs removed:                         2275 (0.1%)
Unpaired R1 kept:                      1747
Unpaired R2 kept:                        95
Report: /scratch4/workspace/jade_fiorilla_student_uml_edu-rawseqorcc/trimmed/2024_Warm02_Both06_G64_gill_S177_R1_001.fastq.gz_trimming_report.txt
JSON report: /scratch4/workspace/jade_fiorilla_student_uml_edu-rawseqorcc/trimmed/2024_Warm02_Both06_G64_gill_S177_R1_001.fastq.gz_trimming_report.json
Report: /scratch4/workspace/jade_fiorilla_student_uml_edu-rawseqorcc/trimmed/2024_Warm02_Both06_G64_gill_S177_R2_001.fastq.gz_trimming_report.txt
JSON report: /scratch4/workspace/jade_fiorilla_student_uml_edu-rawseqorcc/trimmed/2024_Warm02_Both06_G64_gill_S177_R2_001.fastq.gz_trimming_report.json

Running FastQC on /scratch4/workspace/jade_fiorilla_student_uml_edu-rawseqorcc/trimmed/2024_Warm02_Both06_G64_gill_S177_R1_001_val_1.fq.gz

Running FastQC on /scratch4/workspace/jade_fiorilla_student_uml_edu-rawseqorcc/trimmed/2024_Warm02_Both06_G64_gill_S177_R2_001_val_2.fq.gz
Running Trim Galore on: 

Trim Galore v2.3.0
unknown — linux/x86_64 — built 2026-06-27T16:23:35Z
==================================================

Using 4 worker threads (parallel trim + compress)
Auto-detecting adapter type...
Using Nextera adapter for trimming (count: 251085). Second best hit was smallRNA (count: 1038).
Adapter: Nextera (CTGTCTCTTATA)

Poly-G trimming: ENABLED (auto-detected). 252920 of 985686 reads (25.66%) have poly-G tails (>=10bp) — consistent with 2-colour chemistry (NovaSeq/NextSeq). To disable: --no_poly_g
Trimming (paired-end):
  R1: /scratch4/workspace/jade_fiorilla_student_uml_edu-rawseqorcc/fastq/2024_Warm02_Both06_G64_gut_S178_R1_001.fastq.gz
  R2: /scratch4/workspace/jade_fiorilla_student_uml_edu-rawseqorcc/fastq/2024_Warm02_Both06_G64_gut_S178_R2_001.fastq.gz
  Output R1: /scratch4/workspace/jade_fiorilla_student_uml_edu-rawseqorcc/trimmed/2024_Warm02_Both06_G64_gut_S178_R1_001_val_1.fq.gz
  Output R2: /scratch4/workspace/jade_fiorilla_student_uml_edu-rawseqorcc/trimmed/2024_Warm02_Both06_G64_gut_S178_R2_001_val_2.fq.gz

=== Summary (Read 1) ===

Total reads processed:               985686
Reads with adapters:                 973588 (98.8%)

=== Summary (Read 2) ===

Total reads processed:               985686
Reads with adapters:                 966935 (98.1%)
R1 reads with poly-G trimmed:          1014 (0.1%)
  R1 poly-G bases removed:           154637
R2 reads with poly-G trimmed:          1687 (0.2%)
  R2 poly-G bases removed:           328234

=== Paired-end validation ===

Pairs analyzed:                      985686
Pairs removed:                         1632 (0.2%)
Unpaired R1 kept:                      1403
Unpaired R2 kept:                        57
Report: /scratch4/workspace/jade_fiorilla_student_uml_edu-rawseqorcc/trimmed/2024_Warm02_Both06_G64_gut_S178_R1_001.fastq.gz_trimming_report.txt
JSON report: /scratch4/workspace/jade_fiorilla_student_uml_edu-rawseqorcc/trimmed/2024_Warm02_Both06_G64_gut_S178_R1_001.fastq.gz_trimming_report.json
Report: /scratch4/workspace/jade_fiorilla_student_uml_edu-rawseqorcc/trimmed/2024_Warm02_Both06_G64_gut_S178_R2_001.fastq.gz_trimming_report.txt
JSON report: /scratch4/workspace/jade_fiorilla_student_uml_edu-rawseqorcc/trimmed/2024_Warm02_Both06_G64_gut_S178_R2_001.fastq.gz_trimming_report.json

Running FastQC on /scratch4/workspace/jade_fiorilla_student_uml_edu-rawseqorcc/trimmed/2024_Warm02_Both06_G64_gut_S178_R1_001_val_1.fq.gz

Running FastQC on /scratch4/workspace/jade_fiorilla_student_uml_edu-rawseqorcc/trimmed/2024_Warm02_Both06_G64_gut_S178_R2_001_val_2.fq.gz
Running Trim Galore on: 

Trim Galore v2.3.0
unknown — linux/x86_64 — built 2026-06-27T16:23:35Z
==================================================

Using 4 worker threads (parallel trim + compress)
Auto-detecting adapter type...
Using Nextera adapter for trimming (count: 67703). Second best hit was smallRNA (count: 264).
Adapter: Nextera (CTGTCTCTTATA)

Poly-G trimming: ENABLED (auto-detected). 68423 of 723907 reads (9.45%) have poly-G tails (>=10bp) — consistent with 2-colour chemistry (NovaSeq/NextSeq). To disable: --no_poly_g
Trimming (paired-end):
  R1: /scratch4/workspace/jade_fiorilla_student_uml_edu-rawseqorcc/fastq/2024_Warm02_Null_G15_gill_S263_R1_001.fastq.gz
  R2: /scratch4/workspace/jade_fiorilla_student_uml_edu-rawseqorcc/fastq/2024_Warm02_Null_G15_gill_S263_R2_001.fastq.gz
  Output R1: /scratch4/workspace/jade_fiorilla_student_uml_edu-rawseqorcc/trimmed/2024_Warm02_Null_G15_gill_S263_R1_001_val_1.fq.gz
  Output R2: /scratch4/workspace/jade_fiorilla_student_uml_edu-rawseqorcc/trimmed/2024_Warm02_Null_G15_gill_S263_R2_001_val_2.fq.gz

=== Summary (Read 1) ===

Total reads processed:               723907
Reads with adapters:                 710843 (98.2%)

=== Summary (Read 2) ===

Total reads processed:               723907
Reads with adapters:                 710705 (98.2%)
R1 reads with poly-G trimmed:           571 (0.1%)
  R1 poly-G bases removed:            52940
R2 reads with poly-G trimmed:           784 (0.1%)
  R2 poly-G bases removed:           148936

=== Paired-end validation ===

Pairs analyzed:                      723907
Pairs removed:                         1050 (0.1%)
Unpaired R1 kept:                       925
Unpaired R2 kept:                        58
Report: /scratch4/workspace/jade_fiorilla_student_uml_edu-rawseqorcc/trimmed/2024_Warm02_Null_G15_gill_S263_R1_001.fastq.gz_trimming_report.txt
JSON report: /scratch4/workspace/jade_fiorilla_student_uml_edu-rawseqorcc/trimmed/2024_Warm02_Null_G15_gill_S263_R1_001.fastq.gz_trimming_report.json
Report: /scratch4/workspace/jade_fiorilla_student_uml_edu-rawseqorcc/trimmed/2024_Warm02_Null_G15_gill_S263_R2_001.fastq.gz_trimming_report.txt
JSON report: /scratch4/workspace/jade_fiorilla_student_uml_edu-rawseqorcc/trimmed/2024_Warm02_Null_G15_gill_S263_R2_001.fastq.gz_trimming_report.json

Running FastQC on /scratch4/workspace/jade_fiorilla_student_uml_edu-rawseqorcc/trimmed/2024_Warm02_Null_G15_gill_S263_R1_001_val_1.fq.gz

Running FastQC on /scratch4/workspace/jade_fiorilla_student_uml_edu-rawseqorcc/trimmed/2024_Warm02_Null_G15_gill_S263_R2_001_val_2.fq.gz
Running Trim Galore on: 

Trim Galore v2.3.0
unknown — linux/x86_64 — built 2026-06-27T16:23:35Z
==================================================

Using 4 worker threads (parallel trim + compress)
Auto-detecting adapter type...
Using Nextera adapter for trimming (count: 394136). Second best hit was smallRNA (count: 1171).
Adapter: Nextera (CTGTCTCTTATA)

Poly-G trimming: ENABLED (auto-detected). 397533 of 1000000 reads (39.75%) have poly-G tails (>=10bp) — consistent with 2-colour chemistry (NovaSeq/NextSeq). To disable: --no_poly_g
Trimming (paired-end):
  R1: /scratch4/workspace/jade_fiorilla_student_uml_edu-rawseqorcc/fastq/2024_Warm02_Null_G15_gut_S185_R1_001.fastq.gz
  R2: /scratch4/workspace/jade_fiorilla_student_uml_edu-rawseqorcc/fastq/2024_Warm02_Null_G15_gut_S185_R2_001.fastq.gz
  Output R1: /scratch4/workspace/jade_fiorilla_student_uml_edu-rawseqorcc/trimmed/2024_Warm02_Null_G15_gut_S185_R1_001_val_1.fq.gz
  Output R2: /scratch4/workspace/jade_fiorilla_student_uml_edu-rawseqorcc/trimmed/2024_Warm02_Null_G15_gut_S185_R2_001_val_2.fq.gz

=== Summary (Read 1) ===

Total reads processed:              1737238
Reads with adapters:                1722607 (99.2%)

=== Summary (Read 2) ===

Total reads processed:              1737238
Reads with adapters:                1702128 (98.0%)
R1 reads with poly-G trimmed:          1947 (0.1%)
  R1 poly-G bases removed:           338600
R2 reads with poly-G trimmed:          2866 (0.2%)
  R2 poly-G bases removed:           587350

=== Paired-end validation ===

Pairs analyzed:                     1737238
Pairs removed:                         5959 (0.3%)
Unpaired R1 kept:                      2241
Unpaired R2 kept:                        96
Report: /scratch4/workspace/jade_fiorilla_student_uml_edu-rawseqorcc/trimmed/2024_Warm02_Null_G15_gut_S185_R1_001.fastq.gz_trimming_report.txt
JSON report: /scratch4/workspace/jade_fiorilla_student_uml_edu-rawseqorcc/trimmed/2024_Warm02_Null_G15_gut_S185_R1_001.fastq.gz_trimming_report.json
Report: /scratch4/workspace/jade_fiorilla_student_uml_edu-rawseqorcc/trimmed/2024_Warm02_Null_G15_gut_S185_R2_001.fastq.gz_trimming_report.txt
JSON report: /scratch4/workspace/jade_fiorilla_student_uml_edu-rawseqorcc/trimmed/2024_Warm02_Null_G15_gut_S185_R2_001.fastq.gz_trimming_report.json

Running FastQC on /scratch4/workspace/jade_fiorilla_student_uml_edu-rawseqorcc/trimmed/2024_Warm02_Null_G15_gut_S185_R1_001_val_1.fq.gz

Running FastQC on /scratch4/workspace/jade_fiorilla_student_uml_edu-rawseqorcc/trimmed/2024_Warm02_Null_G15_gut_S185_R2_001_val_2.fq.gz
Running Trim Galore on: 

Trim Galore v2.3.0
unknown — linux/x86_64 — built 2026-06-27T16:23:35Z
==================================================

Using 4 worker threads (parallel trim + compress)
Auto-detecting adapter type...
Using Nextera adapter for trimming (count: 790023). Second best hit was smallRNA (count: 203).
Adapter: Nextera (CTGTCTCTTATA)

Poly-G trimming: ENABLED (auto-detected). 740894 of 1000000 reads (74.09%) have poly-G tails (>=10bp) — consistent with 2-colour chemistry (NovaSeq/NextSeq). To disable: --no_poly_g
Trimming (paired-end):
  R1: /scratch4/workspace/jade_fiorilla_student_uml_edu-rawseqorcc/fastq/2024_Warm03_Both05_G54_gill_S179_R1_001.fastq.gz
  R2: /scratch4/workspace/jade_fiorilla_student_uml_edu-rawseqorcc/fastq/2024_Warm03_Both05_G54_gill_S179_R2_001.fastq.gz
  Output R1: /scratch4/workspace/jade_fiorilla_student_uml_edu-rawseqorcc/trimmed/2024_Warm03_Both05_G54_gill_S179_R1_001_val_1.fq.gz
  Output R2: /scratch4/workspace/jade_fiorilla_student_uml_edu-rawseqorcc/trimmed/2024_Warm03_Both05_G54_gill_S179_R2_001_val_2.fq.gz

=== Summary (Read 1) ===

Total reads processed:              2056609
Reads with adapters:                2039081 (99.1%)

=== Summary (Read 2) ===

Total reads processed:              2056609
Reads with adapters:                2019410 (98.2%)
R1 reads with poly-G trimmed:          4705 (0.2%)
  R1 poly-G bases removed:           658909
R2 reads with poly-G trimmed:          5876 (0.3%)
  R2 poly-G bases removed:           947523

=== Paired-end validation ===

Pairs analyzed:                     2056609
Pairs removed:                         6938 (0.3%)
Unpaired R1 kept:                      1974
Unpaired R2 kept:                        67
Report: /scratch4/workspace/jade_fiorilla_student_uml_edu-rawseqorcc/trimmed/2024_Warm03_Both05_G54_gill_S179_R1_001.fastq.gz_trimming_report.txt
JSON report: /scratch4/workspace/jade_fiorilla_student_uml_edu-rawseqorcc/trimmed/2024_Warm03_Both05_G54_gill_S179_R1_001.fastq.gz_trimming_report.json
Report: /scratch4/workspace/jade_fiorilla_student_uml_edu-rawseqorcc/trimmed/2024_Warm03_Both05_G54_gill_S179_R2_001.fastq.gz_trimming_report.txt
JSON report: /scratch4/workspace/jade_fiorilla_student_uml_edu-rawseqorcc/trimmed/2024_Warm03_Both05_G54_gill_S179_R2_001.fastq.gz_trimming_report.json

Running FastQC on /scratch4/workspace/jade_fiorilla_student_uml_edu-rawseqorcc/trimmed/2024_Warm03_Both05_G54_gill_S179_R1_001_val_1.fq.gz

Running FastQC on /scratch4/workspace/jade_fiorilla_student_uml_edu-rawseqorcc/trimmed/2024_Warm03_Both05_G54_gill_S179_R2_001_val_2.fq.gz
Running Trim Galore on: 

Trim Galore v2.3.0
unknown — linux/x86_64 — built 2026-06-27T16:23:35Z
==================================================

Using 4 worker threads (parallel trim + compress)
Auto-detecting adapter type...
Using Nextera adapter for trimming (count: 184257). Second best hit was smallRNA (count: 424).
Adapter: Nextera (CTGTCTCTTATA)

Poly-G trimming: ENABLED (auto-detected). 184857 of 687744 reads (26.88%) have poly-G tails (>=10bp) — consistent with 2-colour chemistry (NovaSeq/NextSeq). To disable: --no_poly_g
Trimming (paired-end):
  R1: /scratch4/workspace/jade_fiorilla_student_uml_edu-rawseqorcc/fastq/2024_Warm03_Both05_G54_gut_S59_R1_001.fastq.gz
  R2: /scratch4/workspace/jade_fiorilla_student_uml_edu-rawseqorcc/fastq/2024_Warm03_Both05_G54_gut_S59_R2_001.fastq.gz
  Output R1: /scratch4/workspace/jade_fiorilla_student_uml_edu-rawseqorcc/trimmed/2024_Warm03_Both05_G54_gut_S59_R1_001_val_1.fq.gz
  Output R2: /scratch4/workspace/jade_fiorilla_student_uml_edu-rawseqorcc/trimmed/2024_Warm03_Both05_G54_gut_S59_R2_001_val_2.fq.gz

=== Summary (Read 1) ===

Total reads processed:               687744
Reads with adapters:                 682623 (99.3%)

=== Summary (Read 2) ===

Total reads processed:               687744
Reads with adapters:                 680861 (99.0%)
R1 reads with poly-G trimmed:           864 (0.1%)
  R1 poly-G bases removed:           150456
R2 reads with poly-G trimmed:          1624 (0.2%)
  R2 poly-G bases removed:           373455

=== Paired-end validation ===

Pairs analyzed:                      687744
Pairs removed:                         1741 (0.3%)
Unpaired R1 kept:                      1562
Unpaired R2 kept:                        50
Report: /scratch4/workspace/jade_fiorilla_student_uml_edu-rawseqorcc/trimmed/2024_Warm03_Both05_G54_gut_S59_R1_001.fastq.gz_trimming_report.txt
JSON report: /scratch4/workspace/jade_fiorilla_student_uml_edu-rawseqorcc/trimmed/2024_Warm03_Both05_G54_gut_S59_R1_001.fastq.gz_trimming_report.json
Report: /scratch4/workspace/jade_fiorilla_student_uml_edu-rawseqorcc/trimmed/2024_Warm03_Both05_G54_gut_S59_R2_001.fastq.gz_trimming_report.txt
JSON report: /scratch4/workspace/jade_fiorilla_student_uml_edu-rawseqorcc/trimmed/2024_Warm03_Both05_G54_gut_S59_R2_001.fastq.gz_trimming_report.json

Running FastQC on /scratch4/workspace/jade_fiorilla_student_uml_edu-rawseqorcc/trimmed/2024_Warm03_Both05_G54_gut_S59_R1_001_val_1.fq.gz

Running FastQC on /scratch4/workspace/jade_fiorilla_student_uml_edu-rawseqorcc/trimmed/2024_Warm03_Both05_G54_gut_S59_R2_001_val_2.fq.gz
Running Trim Galore on: 

Trim Galore v2.3.0
unknown — linux/x86_64 — built 2026-06-27T16:23:35Z
==================================================

Using 4 worker threads (parallel trim + compress)
Auto-detecting adapter type...
Using Nextera adapter for trimming (count: 593098). Second best hit was smallRNA (count: 219).
Adapter: Nextera (CTGTCTCTTATA)

Poly-G trimming: ENABLED (auto-detected). 582125 of 1000000 reads (58.21%) have poly-G tails (>=10bp) — consistent with 2-colour chemistry (NovaSeq/NextSeq). To disable: --no_poly_g
Trimming (paired-end):
  R1: /scratch4/workspace/jade_fiorilla_student_uml_edu-rawseqorcc/fastq/2024_Warm03_Cont03_G29_gill_S160_R1_001.fastq.gz
  R2: /scratch4/workspace/jade_fiorilla_student_uml_edu-rawseqorcc/fastq/2024_Warm03_Cont03_G29_gill_S160_R2_001.fastq.gz
  Output R1: /scratch4/workspace/jade_fiorilla_student_uml_edu-rawseqorcc/trimmed/2024_Warm03_Cont03_G29_gill_S160_R1_001_val_1.fq.gz
  Output R2: /scratch4/workspace/jade_fiorilla_student_uml_edu-rawseqorcc/trimmed/2024_Warm03_Cont03_G29_gill_S160_R2_001_val_2.fq.gz

=== Summary (Read 1) ===

Total reads processed:              1547156
Reads with adapters:                1534087 (99.2%)

=== Summary (Read 2) ===

Total reads processed:              1547156
Reads with adapters:                1531017 (99.0%)
R1 reads with poly-G trimmed:          3423 (0.2%)
  R1 poly-G bases removed:           375394
R2 reads with poly-G trimmed:          3839 (0.2%)
  R2 poly-G bases removed:           533770

=== Paired-end validation ===

Pairs analyzed:                     1547156
Pairs removed:                         1956 (0.1%)
Unpaired R1 kept:                      1593
Unpaired R2 kept:                        87
Report: /scratch4/workspace/jade_fiorilla_student_uml_edu-rawseqorcc/trimmed/2024_Warm03_Cont03_G29_gill_S160_R1_001.fastq.gz_trimming_report.txt
JSON report: /scratch4/workspace/jade_fiorilla_student_uml_edu-rawseqorcc/trimmed/2024_Warm03_Cont03_G29_gill_S160_R1_001.fastq.gz_trimming_report.json
Report: /scratch4/workspace/jade_fiorilla_student_uml_edu-rawseqorcc/trimmed/2024_Warm03_Cont03_G29_gill_S160_R2_001.fastq.gz_trimming_report.txt
JSON report: /scratch4/workspace/jade_fiorilla_student_uml_edu-rawseqorcc/trimmed/2024_Warm03_Cont03_G29_gill_S160_R2_001.fastq.gz_trimming_report.json

Running FastQC on /scratch4/workspace/jade_fiorilla_student_uml_edu-rawseqorcc/trimmed/2024_Warm03_Cont03_G29_gill_S160_R1_001_val_1.fq.gz

Running FastQC on /scratch4/workspace/jade_fiorilla_student_uml_edu-rawseqorcc/trimmed/2024_Warm03_Cont03_G29_gill_S160_R2_001_val_2.fq.gz
Running Trim Galore on: 

Trim Galore v2.3.0
unknown — linux/x86_64 — built 2026-06-27T16:23:35Z
==================================================

Using 4 worker threads (parallel trim + compress)
Auto-detecting adapter type...
Using Nextera adapter for trimming (count: 568047). Second best hit was smallRNA (count: 14).
Adapter: Nextera (CTGTCTCTTATA)

Poly-G trimming: ENABLED (auto-detected). 572134 of 713911 reads (80.14%) have poly-G tails (>=10bp) — consistent with 2-colour chemistry (NovaSeq/NextSeq). To disable: --no_poly_g
Trimming (paired-end):
  R1: /scratch4/workspace/jade_fiorilla_student_uml_edu-rawseqorcc/fastq/2024_Warm03_Cont03_G29_gut_S52_R1_001.fastq.gz
  R2: /scratch4/workspace/jade_fiorilla_student_uml_edu-rawseqorcc/fastq/2024_Warm03_Cont03_G29_gut_S52_R2_001.fastq.gz
  Output R1: /scratch4/workspace/jade_fiorilla_student_uml_edu-rawseqorcc/trimmed/2024_Warm03_Cont03_G29_gut_S52_R1_001_val_1.fq.gz
  Output R2: /scratch4/workspace/jade_fiorilla_student_uml_edu-rawseqorcc/trimmed/2024_Warm03_Cont03_G29_gut_S52_R2_001_val_2.fq.gz

=== Summary (Read 1) ===

Total reads processed:               713911
Reads with adapters:                 710838 (99.6%)

=== Summary (Read 2) ===

Total reads processed:               713911
Reads with adapters:                 707228 (99.1%)
R1 reads with poly-G trimmed:          1393 (0.2%)
  R1 poly-G bases removed:           277887
R2 reads with poly-G trimmed:          1943 (0.3%)
  R2 poly-G bases removed:           420989

=== Paired-end validation ===

Pairs analyzed:                      713911
Pairs removed:                         4454 (0.6%)
Unpaired R1 kept:                       644
Unpaired R2 kept:                        40
Report: /scratch4/workspace/jade_fiorilla_student_uml_edu-rawseqorcc/trimmed/2024_Warm03_Cont03_G29_gut_S52_R1_001.fastq.gz_trimming_report.txt
JSON report: /scratch4/workspace/jade_fiorilla_student_uml_edu-rawseqorcc/trimmed/2024_Warm03_Cont03_G29_gut_S52_R1_001.fastq.gz_trimming_report.json
Report: /scratch4/workspace/jade_fiorilla_student_uml_edu-rawseqorcc/trimmed/2024_Warm03_Cont03_G29_gut_S52_R2_001.fastq.gz_trimming_report.txt
JSON report: /scratch4/workspace/jade_fiorilla_student_uml_edu-rawseqorcc/trimmed/2024_Warm03_Cont03_G29_gut_S52_R2_001.fastq.gz_trimming_report.json

Running FastQC on /scratch4/workspace/jade_fiorilla_student_uml_edu-rawseqorcc/trimmed/2024_Warm03_Cont03_G29_gut_S52_R1_001_val_1.fq.gz

Running FastQC on /scratch4/workspace/jade_fiorilla_student_uml_edu-rawseqorcc/trimmed/2024_Warm03_Cont03_G29_gut_S52_R2_001_val_2.fq.gz
Running Trim Galore on: 

Trim Galore v2.3.0
unknown — linux/x86_64 — built 2026-06-27T16:23:35Z
==================================================

Using 4 worker threads (parallel trim + compress)
Auto-detecting adapter type...
Using Nextera adapter for trimming (count: 498494). Second best hit was smallRNA (count: 397).
Adapter: Nextera (CTGTCTCTTATA)

Poly-G trimming: ENABLED (auto-detected). 507645 of 1000000 reads (50.76%) have poly-G tails (>=10bp) — consistent with 2-colour chemistry (NovaSeq/NextSeq). To disable: --no_poly_g
Trimming (paired-end):
  R1: /scratch4/workspace/jade_fiorilla_student_uml_edu-rawseqorcc/fastq/2024_Warm03_Hyp02_G18_gill_S228_R1_001.fastq.gz
  R2: /scratch4/workspace/jade_fiorilla_student_uml_edu-rawseqorcc/fastq/2024_Warm03_Hyp02_G18_gill_S228_R2_001.fastq.gz
  Output R1: /scratch4/workspace/jade_fiorilla_student_uml_edu-rawseqorcc/trimmed/2024_Warm03_Hyp02_G18_gill_S228_R1_001_val_1.fq.gz
  Output R2: /scratch4/workspace/jade_fiorilla_student_uml_edu-rawseqorcc/trimmed/2024_Warm03_Hyp02_G18_gill_S228_R2_001_val_2.fq.gz

=== Summary (Read 1) ===

Total reads processed:              1192286
Reads with adapters:                1134180 (95.1%)

=== Summary (Read 2) ===

Total reads processed:              1192286
Reads with adapters:                1139649 (95.6%)
R1 reads with poly-G trimmed:          2760 (0.2%)
  R1 poly-G bases removed:           338632
R2 reads with poly-G trimmed:          2184 (0.2%)
  R2 poly-G bases removed:           358907

=== Paired-end validation ===

Pairs analyzed:                     1192286
Pairs removed:                         1422 (0.1%)
Unpaired R1 kept:                      1084
Unpaired R2 kept:                        60
Report: /scratch4/workspace/jade_fiorilla_student_uml_edu-rawseqorcc/trimmed/2024_Warm03_Hyp02_G18_gill_S228_R1_001.fastq.gz_trimming_report.txt
JSON report: /scratch4/workspace/jade_fiorilla_student_uml_edu-rawseqorcc/trimmed/2024_Warm03_Hyp02_G18_gill_S228_R1_001.fastq.gz_trimming_report.json
Report: /scratch4/workspace/jade_fiorilla_student_uml_edu-rawseqorcc/trimmed/2024_Warm03_Hyp02_G18_gill_S228_R2_001.fastq.gz_trimming_report.txt
JSON report: /scratch4/workspace/jade_fiorilla_student_uml_edu-rawseqorcc/trimmed/2024_Warm03_Hyp02_G18_gill_S228_R2_001.fastq.gz_trimming_report.json

Running FastQC on /scratch4/workspace/jade_fiorilla_student_uml_edu-rawseqorcc/trimmed/2024_Warm03_Hyp02_G18_gill_S228_R1_001_val_1.fq.gz

Running FastQC on /scratch4/workspace/jade_fiorilla_student_uml_edu-rawseqorcc/trimmed/2024_Warm03_Hyp02_G18_gill_S228_R2_001_val_2.fq.gz
Running Trim Galore on: 

Trim Galore v2.3.0
unknown — linux/x86_64 — built 2026-06-27T16:23:35Z
==================================================

Using 4 worker threads (parallel trim + compress)
Auto-detecting adapter type...
Using Nextera adapter for trimming (count: 4946). Second best hit was smallRNA (count: 601).
Adapter: Nextera (CTGTCTCTTATA)

Poly-G trimming: ENABLED (auto-detected). 3481 of 673090 reads (0.52%) have poly-G tails (>=10bp) — consistent with 2-colour chemistry (NovaSeq/NextSeq). To disable: --no_poly_g
Trimming (paired-end):
  R1: /scratch4/workspace/jade_fiorilla_student_uml_edu-rawseqorcc/fastq/2024_Warm03_Hyp02_G18_gut_S249_R1_001.fastq.gz
  R2: /scratch4/workspace/jade_fiorilla_student_uml_edu-rawseqorcc/fastq/2024_Warm03_Hyp02_G18_gut_S249_R2_001.fastq.gz
  Output R1: /scratch4/workspace/jade_fiorilla_student_uml_edu-rawseqorcc/trimmed/2024_Warm03_Hyp02_G18_gut_S249_R1_001_val_1.fq.gz
  Output R2: /scratch4/workspace/jade_fiorilla_student_uml_edu-rawseqorcc/trimmed/2024_Warm03_Hyp02_G18_gut_S249_R2_001_val_2.fq.gz

=== Summary (Read 1) ===

Total reads processed:               673090
Reads with adapters:                 663026 (98.5%)

=== Summary (Read 2) ===

Total reads processed:               673090
Reads with adapters:                 655377 (97.4%)
R1 reads with poly-G trimmed:          4096 (0.6%)
  R1 poly-G bases removed:            15870
R2 reads with poly-G trimmed:          5742 (0.9%)
  R2 poly-G bases removed:           281450

=== Paired-end validation ===

Pairs analyzed:                      673090
Pairs removed:                         1897 (0.3%)
Unpaired R1 kept:                      1801
Unpaired R2 kept:                        40
Report: /scratch4/workspace/jade_fiorilla_student_uml_edu-rawseqorcc/trimmed/2024_Warm03_Hyp02_G18_gut_S249_R1_001.fastq.gz_trimming_report.txt
JSON report: /scratch4/workspace/jade_fiorilla_student_uml_edu-rawseqorcc/trimmed/2024_Warm03_Hyp02_G18_gut_S249_R1_001.fastq.gz_trimming_report.json
Report: /scratch4/workspace/jade_fiorilla_student_uml_edu-rawseqorcc/trimmed/2024_Warm03_Hyp02_G18_gut_S249_R2_001.fastq.gz_trimming_report.txt
JSON report: /scratch4/workspace/jade_fiorilla_student_uml_edu-rawseqorcc/trimmed/2024_Warm03_Hyp02_G18_gut_S249_R2_001.fastq.gz_trimming_report.json

Running FastQC on /scratch4/workspace/jade_fiorilla_student_uml_edu-rawseqorcc/trimmed/2024_Warm03_Hyp02_G18_gut_S249_R1_001_val_1.fq.gz

Running FastQC on /scratch4/workspace/jade_fiorilla_student_uml_edu-rawseqorcc/trimmed/2024_Warm03_Hyp02_G18_gut_S249_R2_001_val_2.fq.gz
Running Trim Galore on: 

Trim Galore v2.3.0
unknown — linux/x86_64 — built 2026-06-27T16:23:35Z
==================================================

Using 4 worker threads (parallel trim + compress)
Auto-detecting adapter type...
Using Nextera adapter for trimming (count: 195976). Second best hit was smallRNA (count: 107).
Adapter: Nextera (CTGTCTCTTATA)

Poly-G trimming: ENABLED (auto-detected). 196579 of 302517 reads (64.98%) have poly-G tails (>=10bp) — consistent with 2-colour chemistry (NovaSeq/NextSeq). To disable: --no_poly_g
Trimming (paired-end):
  R1: /scratch4/workspace/jade_fiorilla_student_uml_edu-rawseqorcc/fastq/2024_Warm03_Hyp03_G30_gill_S67_R1_001.fastq.gz
  R2: /scratch4/workspace/jade_fiorilla_student_uml_edu-rawseqorcc/fastq/2024_Warm03_Hyp03_G30_gill_S67_R2_001.fastq.gz
  Output R1: /scratch4/workspace/jade_fiorilla_student_uml_edu-rawseqorcc/trimmed/2024_Warm03_Hyp03_G30_gill_S67_R1_001_val_1.fq.gz
  Output R2: /scratch4/workspace/jade_fiorilla_student_uml_edu-rawseqorcc/trimmed/2024_Warm03_Hyp03_G30_gill_S67_R2_001_val_2.fq.gz

=== Summary (Read 1) ===

Total reads processed:               302517
Reads with adapters:                 300580 (99.4%)

=== Summary (Read 2) ===

Total reads processed:               302517
Reads with adapters:                 299959 (99.2%)
R1 reads with poly-G trimmed:           672 (0.2%)
  R1 poly-G bases removed:           119106
R2 reads with poly-G trimmed:           829 (0.3%)
  R2 poly-G bases removed:           172376

=== Paired-end validation ===

Pairs analyzed:                      302517
Pairs removed:                          592 (0.2%)
Unpaired R1 kept:                       421
Unpaired R2 kept:                        34
Report: /scratch4/workspace/jade_fiorilla_student_uml_edu-rawseqorcc/trimmed/2024_Warm03_Hyp03_G30_gill_S67_R1_001.fastq.gz_trimming_report.txt
JSON report: /scratch4/workspace/jade_fiorilla_student_uml_edu-rawseqorcc/trimmed/2024_Warm03_Hyp03_G30_gill_S67_R1_001.fastq.gz_trimming_report.json
Report: /scratch4/workspace/jade_fiorilla_student_uml_edu-rawseqorcc/trimmed/2024_Warm03_Hyp03_G30_gill_S67_R2_001.fastq.gz_trimming_report.txt
JSON report: /scratch4/workspace/jade_fiorilla_student_uml_edu-rawseqorcc/trimmed/2024_Warm03_Hyp03_G30_gill_S67_R2_001.fastq.gz_trimming_report.json

Running FastQC on /scratch4/workspace/jade_fiorilla_student_uml_edu-rawseqorcc/trimmed/2024_Warm03_Hyp03_G30_gill_S67_R1_001_val_1.fq.gz

Running FastQC on /scratch4/workspace/jade_fiorilla_student_uml_edu-rawseqorcc/trimmed/2024_Warm03_Hyp03_G30_gill_S67_R2_001_val_2.fq.gz
Running Trim Galore on: 

Trim Galore v2.3.0
unknown — linux/x86_64 — built 2026-06-27T16:23:35Z
==================================================

Using 4 worker threads (parallel trim + compress)
Auto-detecting adapter type...
Using Nextera adapter for trimming (count: 264684). Second best hit was smallRNA (count: 1002).
Adapter: Nextera (CTGTCTCTTATA)

Poly-G trimming: ENABLED (auto-detected). 265656 of 732940 reads (36.25%) have poly-G tails (>=10bp) — consistent with 2-colour chemistry (NovaSeq/NextSeq). To disable: --no_poly_g
Trimming (paired-end):
  R1: /scratch4/workspace/jade_fiorilla_student_uml_edu-rawseqorcc/fastq/2024_Warm03_Hyp03_G30_gut_S68_R1_001.fastq.gz
  R2: /scratch4/workspace/jade_fiorilla_student_uml_edu-rawseqorcc/fastq/2024_Warm03_Hyp03_G30_gut_S68_R2_001.fastq.gz
  Output R1: /scratch4/workspace/jade_fiorilla_student_uml_edu-rawseqorcc/trimmed/2024_Warm03_Hyp03_G30_gut_S68_R1_001_val_1.fq.gz
  Output R2: /scratch4/workspace/jade_fiorilla_student_uml_edu-rawseqorcc/trimmed/2024_Warm03_Hyp03_G30_gut_S68_R2_001_val_2.fq.gz

=== Summary (Read 1) ===

Total reads processed:               732940
Reads with adapters:                 726611 (99.1%)

=== Summary (Read 2) ===

Total reads processed:               732940
Reads with adapters:                 721890 (98.5%)
R1 reads with poly-G trimmed:           861 (0.1%)
  R1 poly-G bases removed:           147331
R2 reads with poly-G trimmed:          1484 (0.2%)
  R2 poly-G bases removed:           302220

=== Paired-end validation ===

Pairs analyzed:                      732940
Pairs removed:                         1204 (0.2%)
Unpaired R1 kept:                       933
Unpaired R2 kept:                        61
Report: /scratch4/workspace/jade_fiorilla_student_uml_edu-rawseqorcc/trimmed/2024_Warm03_Hyp03_G30_gut_S68_R1_001.fastq.gz_trimming_report.txt
JSON report: /scratch4/workspace/jade_fiorilla_student_uml_edu-rawseqorcc/trimmed/2024_Warm03_Hyp03_G30_gut_S68_R1_001.fastq.gz_trimming_report.json
Report: /scratch4/workspace/jade_fiorilla_student_uml_edu-rawseqorcc/trimmed/2024_Warm03_Hyp03_G30_gut_S68_R2_001.fastq.gz_trimming_report.txt
JSON report: /scratch4/workspace/jade_fiorilla_student_uml_edu-rawseqorcc/trimmed/2024_Warm03_Hyp03_G30_gut_S68_R2_001.fastq.gz_trimming_report.json

Running FastQC on /scratch4/workspace/jade_fiorilla_student_uml_edu-rawseqorcc/trimmed/2024_Warm03_Hyp03_G30_gut_S68_R1_001_val_1.fq.gz

Running FastQC on /scratch4/workspace/jade_fiorilla_student_uml_edu-rawseqorcc/trimmed/2024_Warm03_Hyp03_G30_gut_S68_R2_001_val_2.fq.gz
Running Trim Galore on: 

Trim Galore v2.3.0
unknown — linux/x86_64 — built 2026-06-27T16:23:35Z
==================================================

Using 4 worker threads (parallel trim + compress)
Auto-detecting adapter type...
Using Nextera adapter for trimming (count: 325350). Second best hit was smallRNA (count: 235).
Adapter: Nextera (CTGTCTCTTATA)

Poly-G trimming: ENABLED (auto-detected). 87329 of 568994 reads (15.35%) have poly-G tails (>=10bp) — consistent with 2-colour chemistry (NovaSeq/NextSeq). To disable: --no_poly_g
Trimming (paired-end):
  R1: /scratch4/workspace/jade_fiorilla_student_uml_edu-rawseqorcc/fastq/2024_Warm03_Null_G21_gill_S257_R1_001.fastq.gz
  R2: /scratch4/workspace/jade_fiorilla_student_uml_edu-rawseqorcc/fastq/2024_Warm03_Null_G21_gill_S257_R2_001.fastq.gz
  Output R1: /scratch4/workspace/jade_fiorilla_student_uml_edu-rawseqorcc/trimmed/2024_Warm03_Null_G21_gill_S257_R1_001_val_1.fq.gz
  Output R2: /scratch4/workspace/jade_fiorilla_student_uml_edu-rawseqorcc/trimmed/2024_Warm03_Null_G21_gill_S257_R2_001_val_2.fq.gz

=== Summary (Read 1) ===

Total reads processed:               568994
Reads with adapters:                 552639 (97.1%)

=== Summary (Read 2) ===

Total reads processed:               568994
Reads with adapters:                 554551 (97.5%)
R1 reads with poly-G trimmed:           950 (0.2%)
  R1 poly-G bases removed:            74432
R2 reads with poly-G trimmed:          1603 (0.3%)
  R2 poly-G bases removed:           249240

=== Paired-end validation ===

Pairs analyzed:                      568994
Pairs removed:                         1191 (0.2%)
Unpaired R1 kept:                      1083
Unpaired R2 kept:                        55
Report: /scratch4/workspace/jade_fiorilla_student_uml_edu-rawseqorcc/trimmed/2024_Warm03_Null_G21_gill_S257_R1_001.fastq.gz_trimming_report.txt
JSON report: /scratch4/workspace/jade_fiorilla_student_uml_edu-rawseqorcc/trimmed/2024_Warm03_Null_G21_gill_S257_R1_001.fastq.gz_trimming_report.json
Report: /scratch4/workspace/jade_fiorilla_student_uml_edu-rawseqorcc/trimmed/2024_Warm03_Null_G21_gill_S257_R2_001.fastq.gz_trimming_report.txt
JSON report: /scratch4/workspace/jade_fiorilla_student_uml_edu-rawseqorcc/trimmed/2024_Warm03_Null_G21_gill_S257_R2_001.fastq.gz_trimming_report.json

Running FastQC on /scratch4/workspace/jade_fiorilla_student_uml_edu-rawseqorcc/trimmed/2024_Warm03_Null_G21_gill_S257_R1_001_val_1.fq.gz

Running FastQC on /scratch4/workspace/jade_fiorilla_student_uml_edu-rawseqorcc/trimmed/2024_Warm03_Null_G21_gill_S257_R2_001_val_2.fq.gz
Running Trim Galore on: 

Trim Galore v2.3.0
unknown — linux/x86_64 — built 2026-06-27T16:23:35Z
==================================================

Using 4 worker threads (parallel trim + compress)
Auto-detecting adapter type...
Using Nextera adapter for trimming (count: 342070). Second best hit was smallRNA (count: 90).
Adapter: Nextera (CTGTCTCTTATA)

Poly-G trimming: ENABLED (auto-detected). 343437 of 708449 reads (48.48%) have poly-G tails (>=10bp) — consistent with 2-colour chemistry (NovaSeq/NextSeq). To disable: --no_poly_g
Trimming (paired-end):
  R1: /scratch4/workspace/jade_fiorilla_student_uml_edu-rawseqorcc/fastq/2024_Warm03_Null_G21_gut_S90_R1_001.fastq.gz
  R2: /scratch4/workspace/jade_fiorilla_student_uml_edu-rawseqorcc/fastq/2024_Warm03_Null_G21_gut_S90_R2_001.fastq.gz
  Output R1: /scratch4/workspace/jade_fiorilla_student_uml_edu-rawseqorcc/trimmed/2024_Warm03_Null_G21_gut_S90_R1_001_val_1.fq.gz
  Output R2: /scratch4/workspace/jade_fiorilla_student_uml_edu-rawseqorcc/trimmed/2024_Warm03_Null_G21_gut_S90_R2_001_val_2.fq.gz

=== Summary (Read 1) ===

Total reads processed:               708449
Reads with adapters:                 702547 (99.2%)

=== Summary (Read 2) ===

Total reads processed:               708449
Reads with adapters:                 702708 (99.2%)
R1 reads with poly-G trimmed:          1764 (0.2%)
  R1 poly-G bases removed:           311754
R2 reads with poly-G trimmed:          1697 (0.2%)
  R2 poly-G bases removed:           387387

=== Paired-end validation ===

Pairs analyzed:                      708449
Pairs removed:                         1334 (0.2%)
Unpaired R1 kept:                      1073
Unpaired R2 kept:                        40
Report: /scratch4/workspace/jade_fiorilla_student_uml_edu-rawseqorcc/trimmed/2024_Warm03_Null_G21_gut_S90_R1_001.fastq.gz_trimming_report.txt
JSON report: /scratch4/workspace/jade_fiorilla_student_uml_edu-rawseqorcc/trimmed/2024_Warm03_Null_G21_gut_S90_R1_001.fastq.gz_trimming_report.json
Report: /scratch4/workspace/jade_fiorilla_student_uml_edu-rawseqorcc/trimmed/2024_Warm03_Null_G21_gut_S90_R2_001.fastq.gz_trimming_report.txt
JSON report: /scratch4/workspace/jade_fiorilla_student_uml_edu-rawseqorcc/trimmed/2024_Warm03_Null_G21_gut_S90_R2_001.fastq.gz_trimming_report.json

Running FastQC on /scratch4/workspace/jade_fiorilla_student_uml_edu-rawseqorcc/trimmed/2024_Warm03_Null_G21_gut_S90_R1_001_val_1.fq.gz

Running FastQC on /scratch4/workspace/jade_fiorilla_student_uml_edu-rawseqorcc/trimmed/2024_Warm03_Null_G21_gut_S90_R2_001_val_2.fq.gz
Running Trim Galore on: 

Trim Galore v2.3.0
unknown — linux/x86_64 — built 2026-06-27T16:23:35Z
==================================================

Using 4 worker threads (parallel trim + compress)
Auto-detecting adapter type...
Using Nextera adapter for trimming (count: 39831). Second best hit was smallRNA (count: 580).
Adapter: Nextera (CTGTCTCTTATA)

Poly-G trimming: ENABLED (auto-detected). 37091 of 732450 reads (5.06%) have poly-G tails (>=10bp) — consistent with 2-colour chemistry (NovaSeq/NextSeq). To disable: --no_poly_g
Trimming (paired-end):
  R1: /scratch4/workspace/jade_fiorilla_student_uml_edu-rawseqorcc/fastq/2024_Warm04_Cont05_G55_gill_S254_R1_001.fastq.gz
  R2: /scratch4/workspace/jade_fiorilla_student_uml_edu-rawseqorcc/fastq/2024_Warm04_Cont05_G55_gill_S254_R2_001.fastq.gz
  Output R1: /scratch4/workspace/jade_fiorilla_student_uml_edu-rawseqorcc/trimmed/2024_Warm04_Cont05_G55_gill_S254_R1_001_val_1.fq.gz
  Output R2: /scratch4/workspace/jade_fiorilla_student_uml_edu-rawseqorcc/trimmed/2024_Warm04_Cont05_G55_gill_S254_R2_001_val_2.fq.gz

=== Summary (Read 1) ===

Total reads processed:               732450
Reads with adapters:                 685564 (93.6%)

=== Summary (Read 2) ===

Total reads processed:               732450
Reads with adapters:                 669906 (91.5%)
R1 reads with poly-G trimmed:          4565 (0.6%)
  R1 poly-G bases removed:            41805
R2 reads with poly-G trimmed:          6405 (0.9%)
  R2 poly-G bases removed:           352093

=== Paired-end validation ===

Pairs analyzed:                      732450
Pairs removed:                         2011 (0.3%)
Unpaired R1 kept:                      1928
Unpaired R2 kept:                        40
Report: /scratch4/workspace/jade_fiorilla_student_uml_edu-rawseqorcc/trimmed/2024_Warm04_Cont05_G55_gill_S254_R1_001.fastq.gz_trimming_report.txt
JSON report: /scratch4/workspace/jade_fiorilla_student_uml_edu-rawseqorcc/trimmed/2024_Warm04_Cont05_G55_gill_S254_R1_001.fastq.gz_trimming_report.json
Report: /scratch4/workspace/jade_fiorilla_student_uml_edu-rawseqorcc/trimmed/2024_Warm04_Cont05_G55_gill_S254_R2_001.fastq.gz_trimming_report.txt
JSON report: /scratch4/workspace/jade_fiorilla_student_uml_edu-rawseqorcc/trimmed/2024_Warm04_Cont05_G55_gill_S254_R2_001.fastq.gz_trimming_report.json

Running FastQC on /scratch4/workspace/jade_fiorilla_student_uml_edu-rawseqorcc/trimmed/2024_Warm04_Cont05_G55_gill_S254_R1_001_val_1.fq.gz

Running FastQC on /scratch4/workspace/jade_fiorilla_student_uml_edu-rawseqorcc/trimmed/2024_Warm04_Cont05_G55_gill_S254_R2_001_val_2.fq.gz
Running Trim Galore on: 

Trim Galore v2.3.0
unknown — linux/x86_64 — built 2026-06-27T16:23:35Z
==================================================

Using 4 worker threads (parallel trim + compress)
Auto-detecting adapter type...
Using Nextera adapter for trimming (count: 623512). Second best hit was smallRNA (count: 66).
Adapter: Nextera (CTGTCTCTTATA)

Poly-G trimming: ENABLED (auto-detected). 628251 of 1000000 reads (62.83%) have poly-G tails (>=10bp) — consistent with 2-colour chemistry (NovaSeq/NextSeq). To disable: --no_poly_g
Trimming (paired-end):
  R1: /scratch4/workspace/jade_fiorilla_student_uml_edu-rawseqorcc/fastq/2024_Warm04_Cont05_G55_gut_S180_R1_001.fastq.gz
  R2: /scratch4/workspace/jade_fiorilla_student_uml_edu-rawseqorcc/fastq/2024_Warm04_Cont05_G55_gut_S180_R2_001.fastq.gz
  Output R1: /scratch4/workspace/jade_fiorilla_student_uml_edu-rawseqorcc/trimmed/2024_Warm04_Cont05_G55_gut_S180_R1_001_val_1.fq.gz
  Output R2: /scratch4/workspace/jade_fiorilla_student_uml_edu-rawseqorcc/trimmed/2024_Warm04_Cont05_G55_gut_S180_R2_001_val_2.fq.gz

=== Summary (Read 1) ===

Total reads processed:              1888990
Reads with adapters:                1861309 (98.5%)

=== Summary (Read 2) ===

Total reads processed:              1888990
Reads with adapters:                1842596 (97.5%)
R1 reads with poly-G trimmed:          3388 (0.2%)
  R1 poly-G bases removed:           565830
R2 reads with poly-G trimmed:          4609 (0.2%)
  R2 poly-G bases removed:           869746

=== Paired-end validation ===

Pairs analyzed:                     1888990
Pairs removed:                         6766 (0.4%)
Unpaired R1 kept:                      1740
Unpaired R2 kept:                        58
Report: /scratch4/workspace/jade_fiorilla_student_uml_edu-rawseqorcc/trimmed/2024_Warm04_Cont05_G55_gut_S180_R1_001.fastq.gz_trimming_report.txt
JSON report: /scratch4/workspace/jade_fiorilla_student_uml_edu-rawseqorcc/trimmed/2024_Warm04_Cont05_G55_gut_S180_R1_001.fastq.gz_trimming_report.json
Report: /scratch4/workspace/jade_fiorilla_student_uml_edu-rawseqorcc/trimmed/2024_Warm04_Cont05_G55_gut_S180_R2_001.fastq.gz_trimming_report.txt
JSON report: /scratch4/workspace/jade_fiorilla_student_uml_edu-rawseqorcc/trimmed/2024_Warm04_Cont05_G55_gut_S180_R2_001.fastq.gz_trimming_report.json

Running FastQC on /scratch4/workspace/jade_fiorilla_student_uml_edu-rawseqorcc/trimmed/2024_Warm04_Cont05_G55_gut_S180_R1_001_val_1.fq.gz

Running FastQC on /scratch4/workspace/jade_fiorilla_student_uml_edu-rawseqorcc/trimmed/2024_Warm04_Cont05_G55_gut_S180_R2_001_val_2.fq.gz
Running Trim Galore on: 

Trim Galore v2.3.0
unknown — linux/x86_64 — built 2026-06-27T16:23:35Z
==================================================

Using 4 worker threads (parallel trim + compress)
Auto-detecting adapter type...
Using Nextera adapter for trimming (count: 17089). Second best hit was smallRNA (count: 1233).
Adapter: Nextera (CTGTCTCTTATA)

Poly-G trimming: ENABLED (auto-detected). 15490 of 640951 reads (2.42%) have poly-G tails (>=10bp) — consistent with 2-colour chemistry (NovaSeq/NextSeq). To disable: --no_poly_g
Trimming (paired-end):
  R1: /scratch4/workspace/jade_fiorilla_student_uml_edu-rawseqorcc/fastq/2024_Warm04_Hyp01_G8_gill_S244_R1_001.fastq.gz
  R2: /scratch4/workspace/jade_fiorilla_student_uml_edu-rawseqorcc/fastq/2024_Warm04_Hyp01_G8_gill_S244_R2_001.fastq.gz
  Output R1: /scratch4/workspace/jade_fiorilla_student_uml_edu-rawseqorcc/trimmed/2024_Warm04_Hyp01_G8_gill_S244_R1_001_val_1.fq.gz
  Output R2: /scratch4/workspace/jade_fiorilla_student_uml_edu-rawseqorcc/trimmed/2024_Warm04_Hyp01_G8_gill_S244_R2_001_val_2.fq.gz

=== Summary (Read 1) ===

Total reads processed:               640951
Reads with adapters:                 630808 (98.4%)

=== Summary (Read 2) ===

Total reads processed:               640951
Reads with adapters:                 623434 (97.3%)
R1 reads with poly-G trimmed:          3960 (0.6%)
  R1 poly-G bases removed:            38950
R2 reads with poly-G trimmed:          5321 (0.8%)
  R2 poly-G bases removed:           267416

=== Paired-end validation ===

Pairs analyzed:                      640951
Pairs removed:                         1655 (0.3%)
Unpaired R1 kept:                      1546
Unpaired R2 kept:                        39
Report: /scratch4/workspace/jade_fiorilla_student_uml_edu-rawseqorcc/trimmed/2024_Warm04_Hyp01_G8_gill_S244_R1_001.fastq.gz_trimming_report.txt
JSON report: /scratch4/workspace/jade_fiorilla_student_uml_edu-rawseqorcc/trimmed/2024_Warm04_Hyp01_G8_gill_S244_R1_001.fastq.gz_trimming_report.json
Report: /scratch4/workspace/jade_fiorilla_student_uml_edu-rawseqorcc/trimmed/2024_Warm04_Hyp01_G8_gill_S244_R2_001.fastq.gz_trimming_report.txt
JSON report: /scratch4/workspace/jade_fiorilla_student_uml_edu-rawseqorcc/trimmed/2024_Warm04_Hyp01_G8_gill_S244_R2_001.fastq.gz_trimming_report.json

Running FastQC on /scratch4/workspace/jade_fiorilla_student_uml_edu-rawseqorcc/trimmed/2024_Warm04_Hyp01_G8_gill_S244_R1_001_val_1.fq.gz

Running FastQC on /scratch4/workspace/jade_fiorilla_student_uml_edu-rawseqorcc/trimmed/2024_Warm04_Hyp01_G8_gill_S244_R2_001_val_2.fq.gz
Running Trim Galore on: 

Trim Galore v2.3.0
unknown — linux/x86_64 — built 2026-06-27T16:23:35Z
==================================================

Using 4 worker threads (parallel trim + compress)
Auto-detecting adapter type...
Using Nextera adapter for trimming (count: 440141). Second best hit was smallRNA (count: 393).
Adapter: Nextera (CTGTCTCTTATA)

Poly-G trimming: ENABLED (auto-detected). 441939 of 746035 reads (59.24%) have poly-G tails (>=10bp) — consistent with 2-colour chemistry (NovaSeq/NextSeq). To disable: --no_poly_g
Trimming (paired-end):
  R1: /scratch4/workspace/jade_fiorilla_student_uml_edu-rawseqorcc/fastq/2024_Warm04_Hyp01_G8_gut_S44_R1_001.fastq.gz
  R2: /scratch4/workspace/jade_fiorilla_student_uml_edu-rawseqorcc/fastq/2024_Warm04_Hyp01_G8_gut_S44_R2_001.fastq.gz
  Output R1: /scratch4/workspace/jade_fiorilla_student_uml_edu-rawseqorcc/trimmed/2024_Warm04_Hyp01_G8_gut_S44_R1_001_val_1.fq.gz
  Output R2: /scratch4/workspace/jade_fiorilla_student_uml_edu-rawseqorcc/trimmed/2024_Warm04_Hyp01_G8_gut_S44_R2_001_val_2.fq.gz

=== Summary (Read 1) ===

Total reads processed:               746035
Reads with adapters:                 742365 (99.5%)

=== Summary (Read 2) ===

Total reads processed:               746035
Reads with adapters:                 741237 (99.4%)
R1 reads with poly-G trimmed:          1287 (0.2%)
  R1 poly-G bases removed:           243175
R2 reads with poly-G trimmed:          1582 (0.2%)
  R2 poly-G bases removed:           339012

=== Paired-end validation ===

Pairs analyzed:                      746035
Pairs removed:                         1184 (0.2%)
Unpaired R1 kept:                       834
Unpaired R2 kept:                        64
Report: /scratch4/workspace/jade_fiorilla_student_uml_edu-rawseqorcc/trimmed/2024_Warm04_Hyp01_G8_gut_S44_R1_001.fastq.gz_trimming_report.txt
JSON report: /scratch4/workspace/jade_fiorilla_student_uml_edu-rawseqorcc/trimmed/2024_Warm04_Hyp01_G8_gut_S44_R1_001.fastq.gz_trimming_report.json
Report: /scratch4/workspace/jade_fiorilla_student_uml_edu-rawseqorcc/trimmed/2024_Warm04_Hyp01_G8_gut_S44_R2_001.fastq.gz_trimming_report.txt
JSON report: /scratch4/workspace/jade_fiorilla_student_uml_edu-rawseqorcc/trimmed/2024_Warm04_Hyp01_G8_gut_S44_R2_001.fastq.gz_trimming_report.json

Running FastQC on /scratch4/workspace/jade_fiorilla_student_uml_edu-rawseqorcc/trimmed/2024_Warm04_Hyp01_G8_gut_S44_R1_001_val_1.fq.gz

Running FastQC on /scratch4/workspace/jade_fiorilla_student_uml_edu-rawseqorcc/trimmed/2024_Warm04_Hyp01_G8_gut_S44_R2_001_val_2.fq.gz
Running Trim Galore on: 

Trim Galore v2.3.0
unknown — linux/x86_64 — built 2026-06-27T16:23:35Z
==================================================

Using 4 worker threads (parallel trim + compress)
Auto-detecting adapter type...
Using Nextera adapter for trimming (count: 57521). Second best hit was smallRNA (count: 5551).
Adapter: Nextera (CTGTCTCTTATA)

Poly-G trimming: ENABLED (auto-detected). 55127 of 1000000 reads (5.51%) have poly-G tails (>=10bp) — consistent with 2-colour chemistry (NovaSeq/NextSeq). To disable: --no_poly_g
Trimming (paired-end):
  R1: /scratch4/workspace/jade_fiorilla_student_uml_edu-rawseqorcc/fastq/2024_Warm04_Null_G27_gill_S192_R1_001.fastq.gz
  R2: /scratch4/workspace/jade_fiorilla_student_uml_edu-rawseqorcc/fastq/2024_Warm04_Null_G27_gill_S192_R2_001.fastq.gz
  Output R1: /scratch4/workspace/jade_fiorilla_student_uml_edu-rawseqorcc/trimmed/2024_Warm04_Null_G27_gill_S192_R1_001_val_1.fq.gz
  Output R2: /scratch4/workspace/jade_fiorilla_student_uml_edu-rawseqorcc/trimmed/2024_Warm04_Null_G27_gill_S192_R2_001_val_2.fq.gz

=== Summary (Read 1) ===

Total reads processed:              2428871
Reads with adapters:                2375794 (97.8%)

=== Summary (Read 2) ===

Total reads processed:              2428871
Reads with adapters:                2308606 (95.0%)
R1 reads with poly-G trimmed:          1210 (0.0%)
  R1 poly-G bases removed:            75430
R2 reads with poly-G trimmed:          2515 (0.1%)
  R2 poly-G bases removed:           427768

=== Paired-end validation ===

Pairs analyzed:                     2428871
Pairs removed:                         4091 (0.2%)
Unpaired R1 kept:                      3476
Unpaired R2 kept:                       103
Report: /scratch4/workspace/jade_fiorilla_student_uml_edu-rawseqorcc/trimmed/2024_Warm04_Null_G27_gill_S192_R1_001.fastq.gz_trimming_report.txt
JSON report: /scratch4/workspace/jade_fiorilla_student_uml_edu-rawseqorcc/trimmed/2024_Warm04_Null_G27_gill_S192_R1_001.fastq.gz_trimming_report.json
Report: /scratch4/workspace/jade_fiorilla_student_uml_edu-rawseqorcc/trimmed/2024_Warm04_Null_G27_gill_S192_R2_001.fastq.gz_trimming_report.txt
JSON report: /scratch4/workspace/jade_fiorilla_student_uml_edu-rawseqorcc/trimmed/2024_Warm04_Null_G27_gill_S192_R2_001.fastq.gz_trimming_report.json

Running FastQC on /scratch4/workspace/jade_fiorilla_student_uml_edu-rawseqorcc/trimmed/2024_Warm04_Null_G27_gill_S192_R1_001_val_1.fq.gz

Running FastQC on /scratch4/workspace/jade_fiorilla_student_uml_edu-rawseqorcc/trimmed/2024_Warm04_Null_G27_gill_S192_R2_001_val_2.fq.gz
Running Trim Galore on: 

Trim Galore v2.3.0
unknown — linux/x86_64 — built 2026-06-27T16:23:35Z
==================================================

Using 4 worker threads (parallel trim + compress)
Auto-detecting adapter type...
Using Nextera adapter for trimming (count: 795036). Second best hit was smallRNA (count: 200).
Adapter: Nextera (CTGTCTCTTATA)

Poly-G trimming: ENABLED (auto-detected). 797786 of 1000000 reads (79.78%) have poly-G tails (>=10bp) — consistent with 2-colour chemistry (NovaSeq/NextSeq). To disable: --no_poly_g
Trimming (paired-end):
  R1: /scratch4/workspace/jade_fiorilla_student_uml_edu-rawseqorcc/fastq/2024_Warm04_Null_G27_gut_S91_R1_001.fastq.gz
  R2: /scratch4/workspace/jade_fiorilla_student_uml_edu-rawseqorcc/fastq/2024_Warm04_Null_G27_gut_S91_R2_001.fastq.gz
  Output R1: /scratch4/workspace/jade_fiorilla_student_uml_edu-rawseqorcc/trimmed/2024_Warm04_Null_G27_gut_S91_R1_001_val_1.fq.gz
  Output R2: /scratch4/workspace/jade_fiorilla_student_uml_edu-rawseqorcc/trimmed/2024_Warm04_Null_G27_gut_S91_R2_001_val_2.fq.gz

=== Summary (Read 1) ===

Total reads processed:              1136069
Reads with adapters:                1130527 (99.5%)

=== Summary (Read 2) ===

Total reads processed:              1136069
Reads with adapters:                1129809 (99.4%)
R1 reads with poly-G trimmed:          3284 (0.3%)
  R1 poly-G bases removed:           647087
R2 reads with poly-G trimmed:          3362 (0.3%)
  R2 poly-G bases removed:           779692

=== Paired-end validation ===

Pairs analyzed:                     1136069
Pairs removed:                         1984 (0.2%)
Unpaired R1 kept:                      1329
Unpaired R2 kept:                        44
Report: /scratch4/workspace/jade_fiorilla_student_uml_edu-rawseqorcc/trimmed/2024_Warm04_Null_G27_gut_S91_R1_001.fastq.gz_trimming_report.txt
JSON report: /scratch4/workspace/jade_fiorilla_student_uml_edu-rawseqorcc/trimmed/2024_Warm04_Null_G27_gut_S91_R1_001.fastq.gz_trimming_report.json
Report: /scratch4/workspace/jade_fiorilla_student_uml_edu-rawseqorcc/trimmed/2024_Warm04_Null_G27_gut_S91_R2_001.fastq.gz_trimming_report.txt
JSON report: /scratch4/workspace/jade_fiorilla_student_uml_edu-rawseqorcc/trimmed/2024_Warm04_Null_G27_gut_S91_R2_001.fastq.gz_trimming_report.json

Running FastQC on /scratch4/workspace/jade_fiorilla_student_uml_edu-rawseqorcc/trimmed/2024_Warm04_Null_G27_gut_S91_R1_001_val_1.fq.gz

Running FastQC on /scratch4/workspace/jade_fiorilla_student_uml_edu-rawseqorcc/trimmed/2024_Warm04_Null_G27_gut_S91_R2_001_val_2.fq.gz
Running Trim Galore on: 

Trim Galore v2.3.0
unknown — linux/x86_64 — built 2026-06-27T16:23:35Z
==================================================

Using 4 worker threads (parallel trim + compress)
Auto-detecting adapter type...
Using Nextera adapter for trimming (count: 6397). Second best hit was smallRNA (count: 354).
Adapter: Nextera (CTGTCTCTTATA)

Poly-G trimming: ENABLED (auto-detected). 4712 of 1000000 reads (0.47%) have poly-G tails (>=10bp) — consistent with 2-colour chemistry (NovaSeq/NextSeq). To disable: --no_poly_g
Trimming (paired-end):
  R1: /scratch4/workspace/jade_fiorilla_student_uml_edu-rawseqorcc/fastq/2024_Warm05_Both02_G21_gill_S234_R1_001.fastq.gz
  R2: /scratch4/workspace/jade_fiorilla_student_uml_edu-rawseqorcc/fastq/2024_Warm05_Both02_G21_gill_S234_R2_001.fastq.gz
  Output R1: /scratch4/workspace/jade_fiorilla_student_uml_edu-rawseqorcc/trimmed/2024_Warm05_Both02_G21_gill_S234_R1_001_val_1.fq.gz
  Output R2: /scratch4/workspace/jade_fiorilla_student_uml_edu-rawseqorcc/trimmed/2024_Warm05_Both02_G21_gill_S234_R2_001_val_2.fq.gz

=== Summary (Read 1) ===

Total reads processed:              2390706
Reads with adapters:                2367402 (99.0%)

=== Summary (Read 2) ===

Total reads processed:              2390706
Reads with adapters:                2220847 (92.9%)
R1 reads with poly-G trimmed:           566 (0.0%)
  R1 poly-G bases removed:             7061
R2 reads with poly-G trimmed:          2040 (0.1%)
  R2 poly-G bases removed:           313330

=== Paired-end validation ===

Pairs analyzed:                     2390706
Pairs removed:                         3104 (0.1%)
Unpaired R1 kept:                      2861
Unpaired R2 kept:                        79
Report: /scratch4/workspace/jade_fiorilla_student_uml_edu-rawseqorcc/trimmed/2024_Warm05_Both02_G21_gill_S234_R1_001.fastq.gz_trimming_report.txt
JSON report: /scratch4/workspace/jade_fiorilla_student_uml_edu-rawseqorcc/trimmed/2024_Warm05_Both02_G21_gill_S234_R1_001.fastq.gz_trimming_report.json
Report: /scratch4/workspace/jade_fiorilla_student_uml_edu-rawseqorcc/trimmed/2024_Warm05_Both02_G21_gill_S234_R2_001.fastq.gz_trimming_report.txt
JSON report: /scratch4/workspace/jade_fiorilla_student_uml_edu-rawseqorcc/trimmed/2024_Warm05_Both02_G21_gill_S234_R2_001.fastq.gz_trimming_report.json

Running FastQC on /scratch4/workspace/jade_fiorilla_student_uml_edu-rawseqorcc/trimmed/2024_Warm05_Both02_G21_gill_S234_R1_001_val_1.fq.gz

Running FastQC on /scratch4/workspace/jade_fiorilla_student_uml_edu-rawseqorcc/trimmed/2024_Warm05_Both02_G21_gill_S234_R2_001_val_2.fq.gz
Running Trim Galore on: 

Trim Galore v2.3.0
unknown — linux/x86_64 — built 2026-06-27T16:23:35Z
==================================================

Using 4 worker threads (parallel trim + compress)
Auto-detecting adapter type...
Using Nextera adapter for trimming (count: 205671). Second best hit was smallRNA (count: 229).
Adapter: Nextera (CTGTCTCTTATA)

Poly-G trimming: ENABLED (auto-detected). 206211 of 570623 reads (36.14%) have poly-G tails (>=10bp) — consistent with 2-colour chemistry (NovaSeq/NextSeq). To disable: --no_poly_g
Trimming (paired-end):
  R1: /scratch4/workspace/jade_fiorilla_student_uml_edu-rawseqorcc/fastq/2024_Warm05_Both02_G21_gut_S69_R1_001.fastq.gz
  R2: /scratch4/workspace/jade_fiorilla_student_uml_edu-rawseqorcc/fastq/2024_Warm05_Both02_G21_gut_S69_R2_001.fastq.gz
  Output R1: /scratch4/workspace/jade_fiorilla_student_uml_edu-rawseqorcc/trimmed/2024_Warm05_Both02_G21_gut_S69_R1_001_val_1.fq.gz
  Output R2: /scratch4/workspace/jade_fiorilla_student_uml_edu-rawseqorcc/trimmed/2024_Warm05_Both02_G21_gut_S69_R2_001_val_2.fq.gz

=== Summary (Read 1) ===

Total reads processed:               570623
Reads with adapters:                 567022 (99.4%)

=== Summary (Read 2) ===

Total reads processed:               570623
Reads with adapters:                 564841 (99.0%)
R1 reads with poly-G trimmed:           728 (0.1%)
  R1 poly-G bases removed:           124979
R2 reads with poly-G trimmed:          1172 (0.2%)
  R2 poly-G bases removed:           240219

=== Paired-end validation ===

Pairs analyzed:                      570623
Pairs removed:                         1006 (0.2%)
Unpaired R1 kept:                       806
Unpaired R2 kept:                        54
Report: /scratch4/workspace/jade_fiorilla_student_uml_edu-rawseqorcc/trimmed/2024_Warm05_Both02_G21_gut_S69_R1_001.fastq.gz_trimming_report.txt
JSON report: /scratch4/workspace/jade_fiorilla_student_uml_edu-rawseqorcc/trimmed/2024_Warm05_Both02_G21_gut_S69_R1_001.fastq.gz_trimming_report.json
Report: /scratch4/workspace/jade_fiorilla_student_uml_edu-rawseqorcc/trimmed/2024_Warm05_Both02_G21_gut_S69_R2_001.fastq.gz_trimming_report.txt
JSON report: /scratch4/workspace/jade_fiorilla_student_uml_edu-rawseqorcc/trimmed/2024_Warm05_Both02_G21_gut_S69_R2_001.fastq.gz_trimming_report.json

Running FastQC on /scratch4/workspace/jade_fiorilla_student_uml_edu-rawseqorcc/trimmed/2024_Warm05_Both02_G21_gut_S69_R1_001_val_1.fq.gz

Running FastQC on /scratch4/workspace/jade_fiorilla_student_uml_edu-rawseqorcc/trimmed/2024_Warm05_Both02_G21_gut_S69_R2_001_val_2.fq.gz
Running Trim Galore on: 

Trim Galore v2.3.0
unknown — linux/x86_64 — built 2026-06-27T16:23:35Z
==================================================

Using 4 worker threads (parallel trim + compress)
Auto-detecting adapter type...
Using Nextera adapter for trimming (count: 1839). Second best hit was smallRNA (count: 3).
Adapter: Nextera (CTGTCTCTTATA)

Poly-G trimming: ENABLED (auto-detected). 1334 of 327803 reads (0.41%) have poly-G tails (>=10bp) — consistent with 2-colour chemistry (NovaSeq/NextSeq). To disable: --no_poly_g
Trimming (paired-end):
  R1: /scratch4/workspace/jade_fiorilla_student_uml_edu-rawseqorcc/fastq/2024_Warm05_Cont04_G45_gill_S250_R1_001.fastq.gz
  R2: /scratch4/workspace/jade_fiorilla_student_uml_edu-rawseqorcc/fastq/2024_Warm05_Cont04_G45_gill_S250_R2_001.fastq.gz
  Output R1: /scratch4/workspace/jade_fiorilla_student_uml_edu-rawseqorcc/trimmed/2024_Warm05_Cont04_G45_gill_S250_R1_001_val_1.fq.gz
  Output R2: /scratch4/workspace/jade_fiorilla_student_uml_edu-rawseqorcc/trimmed/2024_Warm05_Cont04_G45_gill_S250_R2_001_val_2.fq.gz

=== Summary (Read 1) ===

Total reads processed:               327803
Reads with adapters:                 323897 (98.8%)

=== Summary (Read 2) ===

Total reads processed:               327803
Reads with adapters:                 311498 (95.0%)
R1 reads with poly-G trimmed:            76 (0.0%)
  R1 poly-G bases removed:             2661
R2 reads with poly-G trimmed:           293 (0.1%)
  R2 poly-G bases removed:            42440

=== Paired-end validation ===

Pairs analyzed:                      327803
Pairs removed:                          551 (0.2%)
Unpaired R1 kept:                       508
Unpaired R2 kept:                        14
Report: /scratch4/workspace/jade_fiorilla_student_uml_edu-rawseqorcc/trimmed/2024_Warm05_Cont04_G45_gill_S250_R1_001.fastq.gz_trimming_report.txt
JSON report: /scratch4/workspace/jade_fiorilla_student_uml_edu-rawseqorcc/trimmed/2024_Warm05_Cont04_G45_gill_S250_R1_001.fastq.gz_trimming_report.json
Report: /scratch4/workspace/jade_fiorilla_student_uml_edu-rawseqorcc/trimmed/2024_Warm05_Cont04_G45_gill_S250_R2_001.fastq.gz_trimming_report.txt
JSON report: /scratch4/workspace/jade_fiorilla_student_uml_edu-rawseqorcc/trimmed/2024_Warm05_Cont04_G45_gill_S250_R2_001.fastq.gz_trimming_report.json

Running FastQC on /scratch4/workspace/jade_fiorilla_student_uml_edu-rawseqorcc/trimmed/2024_Warm05_Cont04_G45_gill_S250_R1_001_val_1.fq.gz

Running FastQC on /scratch4/workspace/jade_fiorilla_student_uml_edu-rawseqorcc/trimmed/2024_Warm05_Cont04_G45_gill_S250_R2_001_val_2.fq.gz
Running Trim Galore on: 

Trim Galore v2.3.0
unknown — linux/x86_64 — built 2026-06-27T16:23:35Z
==================================================

Using 4 worker threads (parallel trim + compress)
Auto-detecting adapter type...
Using Nextera adapter for trimming (count: 202456). Second best hit was smallRNA (count: 669).
Adapter: Nextera (CTGTCTCTTATA)

Poly-G trimming: ENABLED (auto-detected). 202742 of 1000000 reads (20.27%) have poly-G tails (>=10bp) — consistent with 2-colour chemistry (NovaSeq/NextSeq). To disable: --no_poly_g
Trimming (paired-end):
  R1: /scratch4/workspace/jade_fiorilla_student_uml_edu-rawseqorcc/fastq/2024_Warm05_Cont04_G45_gut_S161_R1_001.fastq.gz
  R2: /scratch4/workspace/jade_fiorilla_student_uml_edu-rawseqorcc/fastq/2024_Warm05_Cont04_G45_gut_S161_R2_001.fastq.gz
  Output R1: /scratch4/workspace/jade_fiorilla_student_uml_edu-rawseqorcc/trimmed/2024_Warm05_Cont04_G45_gut_S161_R1_001_val_1.fq.gz
  Output R2: /scratch4/workspace/jade_fiorilla_student_uml_edu-rawseqorcc/trimmed/2024_Warm05_Cont04_G45_gut_S161_R2_001_val_2.fq.gz

=== Summary (Read 1) ===

Total reads processed:              1358279
Reads with adapters:                1351491 (99.5%)

=== Summary (Read 2) ===

Total reads processed:              1358279
Reads with adapters:                1348612 (99.3%)
R1 reads with poly-G trimmed:           942 (0.1%)
  R1 poly-G bases removed:           136475
R2 reads with poly-G trimmed:          1809 (0.1%)
  R2 poly-G bases removed:           355270

=== Paired-end validation ===

Pairs analyzed:                     1358279
Pairs removed:                         2234 (0.2%)
Unpaired R1 kept:                      1887
Unpaired R2 kept:                       134
Report: /scratch4/workspace/jade_fiorilla_student_uml_edu-rawseqorcc/trimmed/2024_Warm05_Cont04_G45_gut_S161_R1_001.fastq.gz_trimming_report.txt
JSON report: /scratch4/workspace/jade_fiorilla_student_uml_edu-rawseqorcc/trimmed/2024_Warm05_Cont04_G45_gut_S161_R1_001.fastq.gz_trimming_report.json
Report: /scratch4/workspace/jade_fiorilla_student_uml_edu-rawseqorcc/trimmed/2024_Warm05_Cont04_G45_gut_S161_R2_001.fastq.gz_trimming_report.txt
JSON report: /scratch4/workspace/jade_fiorilla_student_uml_edu-rawseqorcc/trimmed/2024_Warm05_Cont04_G45_gut_S161_R2_001.fastq.gz_trimming_report.json

Running FastQC on /scratch4/workspace/jade_fiorilla_student_uml_edu-rawseqorcc/trimmed/2024_Warm05_Cont04_G45_gut_S161_R1_001_val_1.fq.gz

Running FastQC on /scratch4/workspace/jade_fiorilla_student_uml_edu-rawseqorcc/trimmed/2024_Warm05_Cont04_G45_gut_S161_R2_001_val_2.fq.gz
Running Trim Galore on: 

Trim Galore v2.3.0
unknown — linux/x86_64 — built 2026-06-27T16:23:35Z
==================================================

Using 4 worker threads (parallel trim + compress)
Auto-detecting adapter type...
Using Nextera adapter for trimming (count: 593643). Second best hit was smallRNA (count: 225).
Adapter: Nextera (CTGTCTCTTATA)

Poly-G trimming: ENABLED (auto-detected). 544043 of 1000000 reads (54.40%) have poly-G tails (>=10bp) — consistent with 2-colour chemistry (NovaSeq/NextSeq). To disable: --no_poly_g
Trimming (paired-end):
  R1: /scratch4/workspace/jade_fiorilla_student_uml_edu-rawseqorcc/fastq/2024_Warm05_Hyp04_G46_gill_S162_R1_001.fastq.gz
  R2: /scratch4/workspace/jade_fiorilla_student_uml_edu-rawseqorcc/fastq/2024_Warm05_Hyp04_G46_gill_S162_R2_001.fastq.gz
  Output R1: /scratch4/workspace/jade_fiorilla_student_uml_edu-rawseqorcc/trimmed/2024_Warm05_Hyp04_G46_gill_S162_R1_001_val_1.fq.gz
  Output R2: /scratch4/workspace/jade_fiorilla_student_uml_edu-rawseqorcc/trimmed/2024_Warm05_Hyp04_G46_gill_S162_R2_001_val_2.fq.gz

=== Summary (Read 1) ===

Total reads processed:              1704862
Reads with adapters:                1687603 (99.0%)

=== Summary (Read 2) ===

Total reads processed:              1704862
Reads with adapters:                1680561 (98.6%)
R1 reads with poly-G trimmed:          2851 (0.2%)
  R1 poly-G bases removed:           459340
R2 reads with poly-G trimmed:          3208 (0.2%)
  R2 poly-G bases removed:           613738

=== Paired-end validation ===

Pairs analyzed:                     1704862
Pairs removed:                         2143 (0.1%)
Unpaired R1 kept:                      1565
Unpaired R2 kept:                        93
Report: /scratch4/workspace/jade_fiorilla_student_uml_edu-rawseqorcc/trimmed/2024_Warm05_Hyp04_G46_gill_S162_R1_001.fastq.gz_trimming_report.txt
JSON report: /scratch4/workspace/jade_fiorilla_student_uml_edu-rawseqorcc/trimmed/2024_Warm05_Hyp04_G46_gill_S162_R1_001.fastq.gz_trimming_report.json
Report: /scratch4/workspace/jade_fiorilla_student_uml_edu-rawseqorcc/trimmed/2024_Warm05_Hyp04_G46_gill_S162_R2_001.fastq.gz_trimming_report.txt
JSON report: /scratch4/workspace/jade_fiorilla_student_uml_edu-rawseqorcc/trimmed/2024_Warm05_Hyp04_G46_gill_S162_R2_001.fastq.gz_trimming_report.json

Running FastQC on /scratch4/workspace/jade_fiorilla_student_uml_edu-rawseqorcc/trimmed/2024_Warm05_Hyp04_G46_gill_S162_R1_001_val_1.fq.gz

Running FastQC on /scratch4/workspace/jade_fiorilla_student_uml_edu-rawseqorcc/trimmed/2024_Warm05_Hyp04_G46_gill_S162_R2_001_val_2.fq.gz
Running Trim Galore on: 

Trim Galore v2.3.0
unknown — linux/x86_64 — built 2026-06-27T16:23:35Z
==================================================

Using 4 worker threads (parallel trim + compress)
Auto-detecting adapter type...
Using Nextera adapter for trimming (count: 495399). Second best hit was smallRNA (count: 516).
Adapter: Nextera (CTGTCTCTTATA)

Poly-G trimming: ENABLED (auto-detected). 462646 of 1000000 reads (46.26%) have poly-G tails (>=10bp) — consistent with 2-colour chemistry (NovaSeq/NextSeq). To disable: --no_poly_g
Trimming (paired-end):
  R1: /scratch4/workspace/jade_fiorilla_student_uml_edu-rawseqorcc/fastq/2024_Warm05_Hyp04_G46_gut_S163_R1_001.fastq.gz
  R2: /scratch4/workspace/jade_fiorilla_student_uml_edu-rawseqorcc/fastq/2024_Warm05_Hyp04_G46_gut_S163_R2_001.fastq.gz
  Output R1: /scratch4/workspace/jade_fiorilla_student_uml_edu-rawseqorcc/trimmed/2024_Warm05_Hyp04_G46_gut_S163_R1_001_val_1.fq.gz
  Output R2: /scratch4/workspace/jade_fiorilla_student_uml_edu-rawseqorcc/trimmed/2024_Warm05_Hyp04_G46_gut_S163_R2_001_val_2.fq.gz

=== Summary (Read 1) ===

Total reads processed:              1372772
Reads with adapters:                1360765 (99.1%)

=== Summary (Read 2) ===

Total reads processed:              1372772
Reads with adapters:                1351697 (98.5%)
R1 reads with poly-G trimmed:          2247 (0.2%)
  R1 poly-G bases removed:           352928
R2 reads with poly-G trimmed:          2642 (0.2%)
  R2 poly-G bases removed:           468459

=== Paired-end validation ===

Pairs analyzed:                     1372772
Pairs removed:                         1964 (0.1%)
Unpaired R1 kept:                      1523
Unpaired R2 kept:                        96
Report: /scratch4/workspace/jade_fiorilla_student_uml_edu-rawseqorcc/trimmed/2024_Warm05_Hyp04_G46_gut_S163_R1_001.fastq.gz_trimming_report.txt
JSON report: /scratch4/workspace/jade_fiorilla_student_uml_edu-rawseqorcc/trimmed/2024_Warm05_Hyp04_G46_gut_S163_R1_001.fastq.gz_trimming_report.json
Report: /scratch4/workspace/jade_fiorilla_student_uml_edu-rawseqorcc/trimmed/2024_Warm05_Hyp04_G46_gut_S163_R2_001.fastq.gz_trimming_report.txt
JSON report: /scratch4/workspace/jade_fiorilla_student_uml_edu-rawseqorcc/trimmed/2024_Warm05_Hyp04_G46_gut_S163_R2_001.fastq.gz_trimming_report.json

Running FastQC on /scratch4/workspace/jade_fiorilla_student_uml_edu-rawseqorcc/trimmed/2024_Warm05_Hyp04_G46_gut_S163_R1_001_val_1.fq.gz

Running FastQC on /scratch4/workspace/jade_fiorilla_student_uml_edu-rawseqorcc/trimmed/2024_Warm05_Hyp04_G46_gut_S163_R2_001_val_2.fq.gz
Running Trim Galore on: 

Trim Galore v2.3.0
unknown — linux/x86_64 — built 2026-06-27T16:23:35Z
==================================================

Using 4 worker threads (parallel trim + compress)
Auto-detecting adapter type...
Using Nextera adapter for trimming (count: 122971). Second best hit was smallRNA (count: 322).
Adapter: Nextera (CTGTCTCTTATA)

Poly-G trimming: ENABLED (auto-detected). 116958 of 569437 reads (20.54%) have poly-G tails (>=10bp) — consistent with 2-colour chemistry (NovaSeq/NextSeq). To disable: --no_poly_g
Trimming (paired-end):
  R1: /scratch4/workspace/jade_fiorilla_student_uml_edu-rawseqorcc/fastq/2024_Warm05_Warm02_G22_gill_S212_R1_001.fastq.gz
  R2: /scratch4/workspace/jade_fiorilla_student_uml_edu-rawseqorcc/fastq/2024_Warm05_Warm02_G22_gill_S212_R2_001.fastq.gz
  Output R1: /scratch4/workspace/jade_fiorilla_student_uml_edu-rawseqorcc/trimmed/2024_Warm05_Warm02_G22_gill_S212_R1_001_val_1.fq.gz
  Output R2: /scratch4/workspace/jade_fiorilla_student_uml_edu-rawseqorcc/trimmed/2024_Warm05_Warm02_G22_gill_S212_R2_001_val_2.fq.gz

=== Summary (Read 1) ===

Total reads processed:               569437
Reads with adapters:                 558405 (98.1%)

=== Summary (Read 2) ===

Total reads processed:               569437
Reads with adapters:                 543908 (95.5%)
R1 reads with poly-G trimmed:          3907 (0.7%)
  R1 poly-G bases removed:           103824
R2 reads with poly-G trimmed:          5666 (1.0%)
  R2 poly-G bases removed:           368039

=== Paired-end validation ===

Pairs analyzed:                      569437
Pairs removed:                         1711 (0.3%)
Unpaired R1 kept:                      1535
Unpaired R2 kept:                        58
Report: /scratch4/workspace/jade_fiorilla_student_uml_edu-rawseqorcc/trimmed/2024_Warm05_Warm02_G22_gill_S212_R1_001.fastq.gz_trimming_report.txt
JSON report: /scratch4/workspace/jade_fiorilla_student_uml_edu-rawseqorcc/trimmed/2024_Warm05_Warm02_G22_gill_S212_R1_001.fastq.gz_trimming_report.json
Report: /scratch4/workspace/jade_fiorilla_student_uml_edu-rawseqorcc/trimmed/2024_Warm05_Warm02_G22_gill_S212_R2_001.fastq.gz_trimming_report.txt
JSON report: /scratch4/workspace/jade_fiorilla_student_uml_edu-rawseqorcc/trimmed/2024_Warm05_Warm02_G22_gill_S212_R2_001.fastq.gz_trimming_report.json

Running FastQC on /scratch4/workspace/jade_fiorilla_student_uml_edu-rawseqorcc/trimmed/2024_Warm05_Warm02_G22_gill_S212_R1_001_val_1.fq.gz

Running FastQC on /scratch4/workspace/jade_fiorilla_student_uml_edu-rawseqorcc/trimmed/2024_Warm05_Warm02_G22_gill_S212_R2_001_val_2.fq.gz
Running Trim Galore on: 

Trim Galore v2.3.0
unknown — linux/x86_64 — built 2026-06-27T16:23:35Z
==================================================

Using 4 worker threads (parallel trim + compress)
Auto-detecting adapter type...
Using Nextera adapter for trimming (count: 598482). Second best hit was smallRNA (count: 51).
Adapter: Nextera (CTGTCTCTTATA)

Poly-G trimming: ENABLED (auto-detected). 599032 of 886766 reads (67.55%) have poly-G tails (>=10bp) — consistent with 2-colour chemistry (NovaSeq/NextSeq). To disable: --no_poly_g
Trimming (paired-end):
  R1: /scratch4/workspace/jade_fiorilla_student_uml_edu-rawseqorcc/fastq/2024_Warm05_Warm02_G22_gut_S24_R1_001.fastq.gz
  R2: /scratch4/workspace/jade_fiorilla_student_uml_edu-rawseqorcc/fastq/2024_Warm05_Warm02_G22_gut_S24_R2_001.fastq.gz
  Output R1: /scratch4/workspace/jade_fiorilla_student_uml_edu-rawseqorcc/trimmed/2024_Warm05_Warm02_G22_gut_S24_R1_001_val_1.fq.gz
  Output R2: /scratch4/workspace/jade_fiorilla_student_uml_edu-rawseqorcc/trimmed/2024_Warm05_Warm02_G22_gut_S24_R2_001_val_2.fq.gz

=== Summary (Read 1) ===

Total reads processed:               886766
Reads with adapters:                 881784 (99.4%)

=== Summary (Read 2) ===

Total reads processed:               886766
Reads with adapters:                 880855 (99.3%)
R1 reads with poly-G trimmed:          1862 (0.2%)
  R1 poly-G bases removed:           346864
R2 reads with poly-G trimmed:          2163 (0.2%)
  R2 poly-G bases removed:           466397

=== Paired-end validation ===

Pairs analyzed:                      886766
Pairs removed:                         1255 (0.1%)
Unpaired R1 kept:                       875
Unpaired R2 kept:                        43
Report: /scratch4/workspace/jade_fiorilla_student_uml_edu-rawseqorcc/trimmed/2024_Warm05_Warm02_G22_gut_S24_R1_001.fastq.gz_trimming_report.txt
JSON report: /scratch4/workspace/jade_fiorilla_student_uml_edu-rawseqorcc/trimmed/2024_Warm05_Warm02_G22_gut_S24_R1_001.fastq.gz_trimming_report.json
Report: /scratch4/workspace/jade_fiorilla_student_uml_edu-rawseqorcc/trimmed/2024_Warm05_Warm02_G22_gut_S24_R2_001.fastq.gz_trimming_report.txt
JSON report: /scratch4/workspace/jade_fiorilla_student_uml_edu-rawseqorcc/trimmed/2024_Warm05_Warm02_G22_gut_S24_R2_001.fastq.gz_trimming_report.json

Running FastQC on /scratch4/workspace/jade_fiorilla_student_uml_edu-rawseqorcc/trimmed/2024_Warm05_Warm02_G22_gut_S24_R1_001_val_1.fq.gz

Running FastQC on /scratch4/workspace/jade_fiorilla_student_uml_edu-rawseqorcc/trimmed/2024_Warm05_Warm02_G22_gut_S24_R2_001_val_2.fq.gz
Running Trim Galore on: 

Trim Galore v2.3.0
unknown — linux/x86_64 — built 2026-06-27T16:23:35Z
==================================================

Using 4 worker threads (parallel trim + compress)
Auto-detecting adapter type...
Using Nextera adapter for trimming (count: 486011). Second best hit was smallRNA (count: 309).
Adapter: Nextera (CTGTCTCTTATA)

Poly-G trimming: ENABLED (auto-detected). 412700 of 1000000 reads (41.27%) have poly-G tails (>=10bp) — consistent with 2-colour chemistry (NovaSeq/NextSeq). To disable: --no_poly_g
Trimming (paired-end):
  R1: /scratch4/workspace/jade_fiorilla_student_uml_edu-rawseqorcc/fastq/2024_Warm06_Both03_G35_gill_S189_R1_001.fastq.gz
  R2: /scratch4/workspace/jade_fiorilla_student_uml_edu-rawseqorcc/fastq/2024_Warm06_Both03_G35_gill_S189_R2_001.fastq.gz
  Output R1: /scratch4/workspace/jade_fiorilla_student_uml_edu-rawseqorcc/trimmed/2024_Warm06_Both03_G35_gill_S189_R1_001_val_1.fq.gz
  Output R2: /scratch4/workspace/jade_fiorilla_student_uml_edu-rawseqorcc/trimmed/2024_Warm06_Both03_G35_gill_S189_R2_001_val_2.fq.gz

=== Summary (Read 1) ===

Total reads processed:              1565552
Reads with adapters:                1531164 (97.8%)

=== Summary (Read 2) ===

Total reads processed:              1565552
Reads with adapters:                1500874 (95.9%)
R1 reads with poly-G trimmed:         14082 (0.9%)
  R1 poly-G bases removed:           938640
R2 reads with poly-G trimmed:         14397 (0.9%)
  R2 poly-G bases removed:           870971

=== Paired-end validation ===

Pairs analyzed:                     1565552
Pairs removed:                         3539 (0.2%)
Unpaired R1 kept:                      3345
Unpaired R2 kept:                        85
Report: /scratch4/workspace/jade_fiorilla_student_uml_edu-rawseqorcc/trimmed/2024_Warm06_Both03_G35_gill_S189_R1_001.fastq.gz_trimming_report.txt
JSON report: /scratch4/workspace/jade_fiorilla_student_uml_edu-rawseqorcc/trimmed/2024_Warm06_Both03_G35_gill_S189_R1_001.fastq.gz_trimming_report.json
Report: /scratch4/workspace/jade_fiorilla_student_uml_edu-rawseqorcc/trimmed/2024_Warm06_Both03_G35_gill_S189_R2_001.fastq.gz_trimming_report.txt
JSON report: /scratch4/workspace/jade_fiorilla_student_uml_edu-rawseqorcc/trimmed/2024_Warm06_Both03_G35_gill_S189_R2_001.fastq.gz_trimming_report.json

Running FastQC on /scratch4/workspace/jade_fiorilla_student_uml_edu-rawseqorcc/trimmed/2024_Warm06_Both03_G35_gill_S189_R1_001_val_1.fq.gz

Running FastQC on /scratch4/workspace/jade_fiorilla_student_uml_edu-rawseqorcc/trimmed/2024_Warm06_Both03_G35_gill_S189_R2_001_val_2.fq.gz
Running Trim Galore on: 

Trim Galore v2.3.0
unknown — linux/x86_64 — built 2026-06-27T16:23:35Z
==================================================

Using 4 worker threads (parallel trim + compress)
Auto-detecting adapter type...
Using Nextera adapter for trimming (count: 43184). Second best hit was smallRNA (count: 744).
Adapter: Nextera (CTGTCTCTTATA)

Poly-G trimming: ENABLED (auto-detected). 41315 of 455282 reads (9.07%) have poly-G tails (>=10bp) — consistent with 2-colour chemistry (NovaSeq/NextSeq). To disable: --no_poly_g
Trimming (paired-end):
  R1: /scratch4/workspace/jade_fiorilla_student_uml_edu-rawseqorcc/fastq/2024_Warm06_Both03_G35_gut_S149_R1_001.fastq.gz
  R2: /scratch4/workspace/jade_fiorilla_student_uml_edu-rawseqorcc/fastq/2024_Warm06_Both03_G35_gut_S149_R2_001.fastq.gz
  Output R1: /scratch4/workspace/jade_fiorilla_student_uml_edu-rawseqorcc/trimmed/2024_Warm06_Both03_G35_gut_S149_R1_001_val_1.fq.gz
  Output R2: /scratch4/workspace/jade_fiorilla_student_uml_edu-rawseqorcc/trimmed/2024_Warm06_Both03_G35_gut_S149_R2_001_val_2.fq.gz

=== Summary (Read 1) ===

Total reads processed:               455282
Reads with adapters:                 441748 (97.0%)

=== Summary (Read 2) ===

Total reads processed:               455282
Reads with adapters:                 448639 (98.5%)
R1 reads with poly-G trimmed:           970 (0.2%)
  R1 poly-G bases removed:           134483
R2 reads with poly-G trimmed:          1149 (0.3%)
  R2 poly-G bases removed:           264189

=== Paired-end validation ===

Pairs analyzed:                      455282
Pairs removed:                         1212 (0.3%)
Unpaired R1 kept:                      1148
Unpaired R2 kept:                        35
Report: /scratch4/workspace/jade_fiorilla_student_uml_edu-rawseqorcc/trimmed/2024_Warm06_Both03_G35_gut_S149_R1_001.fastq.gz_trimming_report.txt
JSON report: /scratch4/workspace/jade_fiorilla_student_uml_edu-rawseqorcc/trimmed/2024_Warm06_Both03_G35_gut_S149_R1_001.fastq.gz_trimming_report.json
Report: /scratch4/workspace/jade_fiorilla_student_uml_edu-rawseqorcc/trimmed/2024_Warm06_Both03_G35_gut_S149_R2_001.fastq.gz_trimming_report.txt
JSON report: /scratch4/workspace/jade_fiorilla_student_uml_edu-rawseqorcc/trimmed/2024_Warm06_Both03_G35_gut_S149_R2_001.fastq.gz_trimming_report.json

Running FastQC on /scratch4/workspace/jade_fiorilla_student_uml_edu-rawseqorcc/trimmed/2024_Warm06_Both03_G35_gut_S149_R1_001_val_1.fq.gz

Running FastQC on /scratch4/workspace/jade_fiorilla_student_uml_edu-rawseqorcc/trimmed/2024_Warm06_Both03_G35_gut_S149_R2_001_val_2.fq.gz
Running Trim Galore on: 

Trim Galore v2.3.0
unknown — linux/x86_64 — built 2026-06-27T16:23:35Z
==================================================

Using 4 worker threads (parallel trim + compress)
Auto-detecting adapter type...
Using Nextera adapter for trimming (count: 644772). Second best hit was smallRNA (count: 607).
Adapter: Nextera (CTGTCTCTTATA)

Poly-G trimming: ENABLED (auto-detected). 614129 of 1000000 reads (61.41%) have poly-G tails (>=10bp) — consistent with 2-colour chemistry (NovaSeq/NextSeq). To disable: --no_poly_g
Trimming (paired-end):
  R1: /scratch4/workspace/jade_fiorilla_student_uml_edu-rawseqorcc/fastq/2024_Warm06_Both04_G48_gill_S164_R1_001.fastq.gz
  R2: /scratch4/workspace/jade_fiorilla_student_uml_edu-rawseqorcc/fastq/2024_Warm06_Both04_G48_gill_S164_R2_001.fastq.gz
  Output R1: /scratch4/workspace/jade_fiorilla_student_uml_edu-rawseqorcc/trimmed/2024_Warm06_Both04_G48_gill_S164_R1_001_val_1.fq.gz
  Output R2: /scratch4/workspace/jade_fiorilla_student_uml_edu-rawseqorcc/trimmed/2024_Warm06_Both04_G48_gill_S164_R2_001_val_2.fq.gz

=== Summary (Read 1) ===

Total reads processed:              2261214
Reads with adapters:                2249028 (99.5%)

=== Summary (Read 2) ===

Total reads processed:              2261214
Reads with adapters:                2244306 (99.3%)
R1 reads with poly-G trimmed:          4672 (0.2%)
  R1 poly-G bases removed:           724052
R2 reads with poly-G trimmed:          4615 (0.2%)
  R2 poly-G bases removed:           850940

=== Paired-end validation ===

Pairs analyzed:                     2261214
Pairs removed:                         2764 (0.1%)
Unpaired R1 kept:                      1932
Unpaired R2 kept:                       124
Report: /scratch4/workspace/jade_fiorilla_student_uml_edu-rawseqorcc/trimmed/2024_Warm06_Both04_G48_gill_S164_R1_001.fastq.gz_trimming_report.txt
JSON report: /scratch4/workspace/jade_fiorilla_student_uml_edu-rawseqorcc/trimmed/2024_Warm06_Both04_G48_gill_S164_R1_001.fastq.gz_trimming_report.json
Report: /scratch4/workspace/jade_fiorilla_student_uml_edu-rawseqorcc/trimmed/2024_Warm06_Both04_G48_gill_S164_R2_001.fastq.gz_trimming_report.txt
JSON report: /scratch4/workspace/jade_fiorilla_student_uml_edu-rawseqorcc/trimmed/2024_Warm06_Both04_G48_gill_S164_R2_001.fastq.gz_trimming_report.json

Running FastQC on /scratch4/workspace/jade_fiorilla_student_uml_edu-rawseqorcc/trimmed/2024_Warm06_Both04_G48_gill_S164_R1_001_val_1.fq.gz

Running FastQC on /scratch4/workspace/jade_fiorilla_student_uml_edu-rawseqorcc/trimmed/2024_Warm06_Both04_G48_gill_S164_R2_001_val_2.fq.gz
Running Trim Galore on: 

Trim Galore v2.3.0
unknown — linux/x86_64 — built 2026-06-27T16:23:35Z
==================================================

Using 4 worker threads (parallel trim + compress)
Auto-detecting adapter type...
Using Nextera adapter for trimming (count: 668526). Second best hit was smallRNA (count: 38).
Adapter: Nextera (CTGTCTCTTATA)

Poly-G trimming: ENABLED (auto-detected). 672752 of 1000000 reads (67.28%) have poly-G tails (>=10bp) — consistent with 2-colour chemistry (NovaSeq/NextSeq). To disable: --no_poly_g
Trimming (paired-end):
  R1: /scratch4/workspace/jade_fiorilla_student_uml_edu-rawseqorcc/fastq/2024_Warm06_Both04_G48_gut_S53_R1_001.fastq.gz
  R2: /scratch4/workspace/jade_fiorilla_student_uml_edu-rawseqorcc/fastq/2024_Warm06_Both04_G48_gut_S53_R2_001.fastq.gz
  Output R1: /scratch4/workspace/jade_fiorilla_student_uml_edu-rawseqorcc/trimmed/2024_Warm06_Both04_G48_gut_S53_R1_001_val_1.fq.gz
  Output R2: /scratch4/workspace/jade_fiorilla_student_uml_edu-rawseqorcc/trimmed/2024_Warm06_Both04_G48_gut_S53_R2_001_val_2.fq.gz

=== Summary (Read 1) ===

Total reads processed:              1108732
Reads with adapters:                1099966 (99.2%)

=== Summary (Read 2) ===

Total reads processed:              1108732
Reads with adapters:                1090092 (98.3%)
R1 reads with poly-G trimmed:          1686 (0.2%)
  R1 poly-G bases removed:           326702
R2 reads with poly-G trimmed:          2483 (0.2%)
  R2 poly-G bases removed:           530379

=== Paired-end validation ===

Pairs analyzed:                     1108732
Pairs removed:                         5356 (0.5%)
Unpaired R1 kept:                      1008
Unpaired R2 kept:                        41
Report: /scratch4/workspace/jade_fiorilla_student_uml_edu-rawseqorcc/trimmed/2024_Warm06_Both04_G48_gut_S53_R1_001.fastq.gz_trimming_report.txt
JSON report: /scratch4/workspace/jade_fiorilla_student_uml_edu-rawseqorcc/trimmed/2024_Warm06_Both04_G48_gut_S53_R1_001.fastq.gz_trimming_report.json
Report: /scratch4/workspace/jade_fiorilla_student_uml_edu-rawseqorcc/trimmed/2024_Warm06_Both04_G48_gut_S53_R2_001.fastq.gz_trimming_report.txt
JSON report: /scratch4/workspace/jade_fiorilla_student_uml_edu-rawseqorcc/trimmed/2024_Warm06_Both04_G48_gut_S53_R2_001.fastq.gz_trimming_report.json

Running FastQC on /scratch4/workspace/jade_fiorilla_student_uml_edu-rawseqorcc/trimmed/2024_Warm06_Both04_G48_gut_S53_R1_001_val_1.fq.gz

Running FastQC on /scratch4/workspace/jade_fiorilla_student_uml_edu-rawseqorcc/trimmed/2024_Warm06_Both04_G48_gut_S53_R2_001_val_2.fq.gz
Running Trim Galore on: 

Trim Galore v2.3.0
unknown — linux/x86_64 — built 2026-06-27T16:23:35Z
==================================================

Using 4 worker threads (parallel trim + compress)
Auto-detecting adapter type...
Using Nextera adapter for trimming (count: 50987). Second best hit was smallRNA (count: 2).
Adapter: Nextera (CTGTCTCTTATA)

Poly-G trimming: ENABLED (auto-detected). 50315 of 1000000 reads (5.03%) have poly-G tails (>=10bp) — consistent with 2-colour chemistry (NovaSeq/NextSeq). To disable: --no_poly_g
Trimming (paired-end):
  R1: /scratch4/workspace/jade_fiorilla_student_uml_edu-rawseqorcc/fastq/2024_Warm06_Hyp06_G71_gill_S208_R1_001.fastq.gz
  R2: /scratch4/workspace/jade_fiorilla_student_uml_edu-rawseqorcc/fastq/2024_Warm06_Hyp06_G71_gill_S208_R2_001.fastq.gz
  Output R1: /scratch4/workspace/jade_fiorilla_student_uml_edu-rawseqorcc/trimmed/2024_Warm06_Hyp06_G71_gill_S208_R1_001_val_1.fq.gz
  Output R2: /scratch4/workspace/jade_fiorilla_student_uml_edu-rawseqorcc/trimmed/2024_Warm06_Hyp06_G71_gill_S208_R2_001_val_2.fq.gz

=== Summary (Read 1) ===

Total reads processed:              1689161
Reads with adapters:                1666603 (98.7%)

=== Summary (Read 2) ===

Total reads processed:              1689161
Reads with adapters:                1590180 (94.1%)
R1 reads with poly-G trimmed:           585 (0.0%)
  R1 poly-G bases removed:            43510
R2 reads with poly-G trimmed:          1540 (0.1%)
  R2 poly-G bases removed:           269301

=== Paired-end validation ===

Pairs analyzed:                     1689161
Pairs removed:                         2753 (0.2%)
Unpaired R1 kept:                      2182
Unpaired R2 kept:                        38
Report: /scratch4/workspace/jade_fiorilla_student_uml_edu-rawseqorcc/trimmed/2024_Warm06_Hyp06_G71_gill_S208_R1_001.fastq.gz_trimming_report.txt
JSON report: /scratch4/workspace/jade_fiorilla_student_uml_edu-rawseqorcc/trimmed/2024_Warm06_Hyp06_G71_gill_S208_R1_001.fastq.gz_trimming_report.json
Report: /scratch4/workspace/jade_fiorilla_student_uml_edu-rawseqorcc/trimmed/2024_Warm06_Hyp06_G71_gill_S208_R2_001.fastq.gz_trimming_report.txt
JSON report: /scratch4/workspace/jade_fiorilla_student_uml_edu-rawseqorcc/trimmed/2024_Warm06_Hyp06_G71_gill_S208_R2_001.fastq.gz_trimming_report.json

Running FastQC on /scratch4/workspace/jade_fiorilla_student_uml_edu-rawseqorcc/trimmed/2024_Warm06_Hyp06_G71_gill_S208_R1_001_val_1.fq.gz

Running FastQC on /scratch4/workspace/jade_fiorilla_student_uml_edu-rawseqorcc/trimmed/2024_Warm06_Hyp06_G71_gill_S208_R2_001_val_2.fq.gz
Running Trim Galore on: 

Trim Galore v2.3.0
unknown — linux/x86_64 — built 2026-06-27T16:23:35Z
==================================================

Using 4 worker threads (parallel trim + compress)
Auto-detecting adapter type...
Using Nextera adapter for trimming (count: 93903). Second best hit was smallRNA (count: 971).
Adapter: Nextera (CTGTCTCTTATA)

Poly-G trimming: ENABLED (auto-detected). 94510 of 646396 reads (14.62%) have poly-G tails (>=10bp) — consistent with 2-colour chemistry (NovaSeq/NextSeq). To disable: --no_poly_g
Trimming (paired-end):
  R1: /scratch4/workspace/jade_fiorilla_student_uml_edu-rawseqorcc/fastq/2024_Warm06_Hyp06_G71_gut_S21_R1_001.fastq.gz
  R2: /scratch4/workspace/jade_fiorilla_student_uml_edu-rawseqorcc/fastq/2024_Warm06_Hyp06_G71_gut_S21_R2_001.fastq.gz
  Output R1: /scratch4/workspace/jade_fiorilla_student_uml_edu-rawseqorcc/trimmed/2024_Warm06_Hyp06_G71_gut_S21_R1_001_val_1.fq.gz
  Output R2: /scratch4/workspace/jade_fiorilla_student_uml_edu-rawseqorcc/trimmed/2024_Warm06_Hyp06_G71_gut_S21_R2_001_val_2.fq.gz

=== Summary (Read 1) ===

Total reads processed:               646396
Reads with adapters:                 635062 (98.2%)

=== Summary (Read 2) ===

Total reads processed:               646396
Reads with adapters:                 636776 (98.5%)
R1 reads with poly-G trimmed:           746 (0.1%)
  R1 poly-G bases removed:           112906
R2 reads with poly-G trimmed:          1472 (0.2%)
  R2 poly-G bases removed:           326036

=== Paired-end validation ===

Pairs analyzed:                      646396
Pairs removed:                         1686 (0.3%)
Unpaired R1 kept:                      1579
Unpaired R2 kept:                        42
Report: /scratch4/workspace/jade_fiorilla_student_uml_edu-rawseqorcc/trimmed/2024_Warm06_Hyp06_G71_gut_S21_R1_001.fastq.gz_trimming_report.txt
JSON report: /scratch4/workspace/jade_fiorilla_student_uml_edu-rawseqorcc/trimmed/2024_Warm06_Hyp06_G71_gut_S21_R1_001.fastq.gz_trimming_report.json
Report: /scratch4/workspace/jade_fiorilla_student_uml_edu-rawseqorcc/trimmed/2024_Warm06_Hyp06_G71_gut_S21_R2_001.fastq.gz_trimming_report.txt
JSON report: /scratch4/workspace/jade_fiorilla_student_uml_edu-rawseqorcc/trimmed/2024_Warm06_Hyp06_G71_gut_S21_R2_001.fastq.gz_trimming_report.json

Running FastQC on /scratch4/workspace/jade_fiorilla_student_uml_edu-rawseqorcc/trimmed/2024_Warm06_Hyp06_G71_gut_S21_R1_001_val_1.fq.gz

Running FastQC on /scratch4/workspace/jade_fiorilla_student_uml_edu-rawseqorcc/trimmed/2024_Warm06_Hyp06_G71_gut_S21_R2_001_val_2.fq.gz
Running Trim Galore on: 

Trim Galore v2.3.0
unknown — linux/x86_64 — built 2026-06-27T16:23:35Z
==================================================

Using 4 worker threads (parallel trim + compress)
Auto-detecting adapter type...
Using Nextera adapter for trimming (count: 127054). Second best hit was smallRNA (count: 2347).
Adapter: Nextera (CTGTCTCTTATA)

Poly-G trimming: ENABLED (auto-detected). 127236 of 895277 reads (14.21%) have poly-G tails (>=10bp) — consistent with 2-colour chemistry (NovaSeq/NextSeq). To disable: --no_poly_g
Trimming (paired-end):
  R1: /scratch4/workspace/jade_fiorilla_student_uml_edu-rawseqorcc/fastq/2024_Warm06_Null_G41_gill_S97_R1_001.fastq.gz
  R2: /scratch4/workspace/jade_fiorilla_student_uml_edu-rawseqorcc/fastq/2024_Warm06_Null_G41_gill_S97_R2_001.fastq.gz
  Output R1: /scratch4/workspace/jade_fiorilla_student_uml_edu-rawseqorcc/trimmed/2024_Warm06_Null_G41_gill_S97_R1_001_val_1.fq.gz
  Output R2: /scratch4/workspace/jade_fiorilla_student_uml_edu-rawseqorcc/trimmed/2024_Warm06_Null_G41_gill_S97_R2_001_val_2.fq.gz

=== Summary (Read 1) ===

Total reads processed:               895277
Reads with adapters:                 881497 (98.5%)

=== Summary (Read 2) ===

Total reads processed:               895277
Reads with adapters:                 880711 (98.4%)
R1 reads with poly-G trimmed:           702 (0.1%)
  R1 poly-G bases removed:            81158
R2 reads with poly-G trimmed:          1329 (0.1%)
  R2 poly-G bases removed:           272091

=== Paired-end validation ===

Pairs analyzed:                      895277
Pairs removed:                         1762 (0.2%)
Unpaired R1 kept:                      1529
Unpaired R2 kept:                        92
Report: /scratch4/workspace/jade_fiorilla_student_uml_edu-rawseqorcc/trimmed/2024_Warm06_Null_G41_gill_S97_R1_001.fastq.gz_trimming_report.txt
JSON report: /scratch4/workspace/jade_fiorilla_student_uml_edu-rawseqorcc/trimmed/2024_Warm06_Null_G41_gill_S97_R1_001.fastq.gz_trimming_report.json
Report: /scratch4/workspace/jade_fiorilla_student_uml_edu-rawseqorcc/trimmed/2024_Warm06_Null_G41_gill_S97_R2_001.fastq.gz_trimming_report.txt
JSON report: /scratch4/workspace/jade_fiorilla_student_uml_edu-rawseqorcc/trimmed/2024_Warm06_Null_G41_gill_S97_R2_001.fastq.gz_trimming_report.json

Running FastQC on /scratch4/workspace/jade_fiorilla_student_uml_edu-rawseqorcc/trimmed/2024_Warm06_Null_G41_gill_S97_R1_001_val_1.fq.gz

Running FastQC on /scratch4/workspace/jade_fiorilla_student_uml_edu-rawseqorcc/trimmed/2024_Warm06_Null_G41_gill_S97_R2_001_val_2.fq.gz
Running Trim Galore on: 

Trim Galore v2.3.0
unknown — linux/x86_64 — built 2026-06-27T16:23:35Z
==================================================

Using 4 worker threads (parallel trim + compress)
Auto-detecting adapter type...
Using Nextera adapter for trimming (count: 636829). Second best hit was smallRNA (count: 1451).
Adapter: Nextera (CTGTCTCTTATA)

Poly-G trimming: ENABLED (auto-detected). 643039 of 1000000 reads (64.30%) have poly-G tails (>=10bp) — consistent with 2-colour chemistry (NovaSeq/NextSeq). To disable: --no_poly_g
Trimming (paired-end):
  R1: /scratch4/workspace/jade_fiorilla_student_uml_edu-rawseqorcc/fastq/2024_Warm06_Null_G41_gut_S93_R1_001.fastq.gz
  R2: /scratch4/workspace/jade_fiorilla_student_uml_edu-rawseqorcc/fastq/2024_Warm06_Null_G41_gut_S93_R2_001.fastq.gz
  Output R1: /scratch4/workspace/jade_fiorilla_student_uml_edu-rawseqorcc/trimmed/2024_Warm06_Null_G41_gut_S93_R1_001_val_1.fq.gz
  Output R2: /scratch4/workspace/jade_fiorilla_student_uml_edu-rawseqorcc/trimmed/2024_Warm06_Null_G41_gut_S93_R2_001_val_2.fq.gz

=== Summary (Read 1) ===

Total reads processed:              1149327
Reads with adapters:                1140953 (99.3%)

=== Summary (Read 2) ===

Total reads processed:              1149327
Reads with adapters:                1140967 (99.3%)
R1 reads with poly-G trimmed:          3031 (0.3%)
  R1 poly-G bases removed:           562377
R2 reads with poly-G trimmed:          3261 (0.3%)
  R2 poly-G bases removed:           744550

=== Paired-end validation ===

Pairs analyzed:                     1149327
Pairs removed:                         2454 (0.2%)
Unpaired R1 kept:                      1769
Unpaired R2 kept:                        64
Report: /scratch4/workspace/jade_fiorilla_student_uml_edu-rawseqorcc/trimmed/2024_Warm06_Null_G41_gut_S93_R1_001.fastq.gz_trimming_report.txt
JSON report: /scratch4/workspace/jade_fiorilla_student_uml_edu-rawseqorcc/trimmed/2024_Warm06_Null_G41_gut_S93_R1_001.fastq.gz_trimming_report.json
Report: /scratch4/workspace/jade_fiorilla_student_uml_edu-rawseqorcc/trimmed/2024_Warm06_Null_G41_gut_S93_R2_001.fastq.gz_trimming_report.txt
JSON report: /scratch4/workspace/jade_fiorilla_student_uml_edu-rawseqorcc/trimmed/2024_Warm06_Null_G41_gut_S93_R2_001.fastq.gz_trimming_report.json

Running FastQC on /scratch4/workspace/jade_fiorilla_student_uml_edu-rawseqorcc/trimmed/2024_Warm06_Null_G41_gut_S93_R1_001_val_1.fq.gz

Running FastQC on /scratch4/workspace/jade_fiorilla_student_uml_edu-rawseqorcc/trimmed/2024_Warm06_Null_G41_gut_S93_R2_001_val_2.fq.gz
Running Trim Galore on: 

Trim Galore v2.3.0
unknown — linux/x86_64 — built 2026-06-27T16:23:35Z
==================================================

Using 4 worker threads (parallel trim + compress)
Auto-detecting adapter type...
Using Nextera adapter for trimming (count: 163503). Second best hit was smallRNA (count: 822).
Adapter: Nextera (CTGTCTCTTATA)

Poly-G trimming: ENABLED (auto-detected). 163746 of 791575 reads (20.69%) have poly-G tails (>=10bp) — consistent with 2-colour chemistry (NovaSeq/NextSeq). To disable: --no_poly_g
Trimming (paired-end):
  R1: /scratch4/workspace/jade_fiorilla_student_uml_edu-rawseqorcc/fastq/2024_Warm06_Null_G45_gill_S271_R1_001.fastq.gz
  R2: /scratch4/workspace/jade_fiorilla_student_uml_edu-rawseqorcc/fastq/2024_Warm06_Null_G45_gill_S271_R2_001.fastq.gz
  Output R1: /scratch4/workspace/jade_fiorilla_student_uml_edu-rawseqorcc/trimmed/2024_Warm06_Null_G45_gill_S271_R1_001_val_1.fq.gz
  Output R2: /scratch4/workspace/jade_fiorilla_student_uml_edu-rawseqorcc/trimmed/2024_Warm06_Null_G45_gill_S271_R2_001_val_2.fq.gz

=== Summary (Read 1) ===

Total reads processed:               791575
Reads with adapters:                 771328 (97.4%)

=== Summary (Read 2) ===

Total reads processed:               791575
Reads with adapters:                 772284 (97.6%)
R1 reads with poly-G trimmed:           751 (0.1%)
  R1 poly-G bases removed:           109712
R2 reads with poly-G trimmed:           993 (0.1%)
  R2 poly-G bases removed:           201075

=== Paired-end validation ===

Pairs analyzed:                      791575
Pairs removed:                         1120 (0.1%)
Unpaired R1 kept:                       940
Unpaired R2 kept:                        57
Report: /scratch4/workspace/jade_fiorilla_student_uml_edu-rawseqorcc/trimmed/2024_Warm06_Null_G45_gill_S271_R1_001.fastq.gz_trimming_report.txt
JSON report: /scratch4/workspace/jade_fiorilla_student_uml_edu-rawseqorcc/trimmed/2024_Warm06_Null_G45_gill_S271_R1_001.fastq.gz_trimming_report.json
Report: /scratch4/workspace/jade_fiorilla_student_uml_edu-rawseqorcc/trimmed/2024_Warm06_Null_G45_gill_S271_R2_001.fastq.gz_trimming_report.txt
JSON report: /scratch4/workspace/jade_fiorilla_student_uml_edu-rawseqorcc/trimmed/2024_Warm06_Null_G45_gill_S271_R2_001.fastq.gz_trimming_report.json

Running FastQC on /scratch4/workspace/jade_fiorilla_student_uml_edu-rawseqorcc/trimmed/2024_Warm06_Null_G45_gill_S271_R1_001_val_1.fq.gz

Running FastQC on /scratch4/workspace/jade_fiorilla_student_uml_edu-rawseqorcc/trimmed/2024_Warm06_Null_G45_gill_S271_R2_001_val_2.fq.gz
Running Trim Galore on: 

Trim Galore v2.3.0
unknown — linux/x86_64 — built 2026-06-27T16:23:35Z
==================================================

Using 4 worker threads (parallel trim + compress)
Auto-detecting adapter type...
Using Nextera adapter for trimming (count: 45489). Second best hit was smallRNA (count: 2438).
Adapter: Nextera (CTGTCTCTTATA)

Poly-G trimming: ENABLED (auto-detected). 45161 of 1000000 reads (4.52%) have poly-G tails (>=10bp) — consistent with 2-colour chemistry (NovaSeq/NextSeq). To disable: --no_poly_g
Trimming (paired-end):
  R1: /scratch4/workspace/jade_fiorilla_student_uml_edu-rawseqorcc/fastq/2024_Warm06_Null_G45_gut_S92_R1_001.fastq.gz
  R2: /scratch4/workspace/jade_fiorilla_student_uml_edu-rawseqorcc/fastq/2024_Warm06_Null_G45_gut_S92_R2_001.fastq.gz
  Output R1: /scratch4/workspace/jade_fiorilla_student_uml_edu-rawseqorcc/trimmed/2024_Warm06_Null_G45_gut_S92_R1_001_val_1.fq.gz
  Output R2: /scratch4/workspace/jade_fiorilla_student_uml_edu-rawseqorcc/trimmed/2024_Warm06_Null_G45_gut_S92_R2_001_val_2.fq.gz

=== Summary (Read 1) ===

Total reads processed:              1197987
Reads with adapters:                1178224 (98.4%)

=== Summary (Read 2) ===

Total reads processed:              1197987
Reads with adapters:                1179787 (98.5%)
R1 reads with poly-G trimmed:           573 (0.0%)
  R1 poly-G bases removed:            51394
R2 reads with poly-G trimmed:          2262 (0.2%)
  R2 poly-G bases removed:           504754

=== Paired-end validation ===

Pairs analyzed:                     1197987
Pairs removed:                         2886 (0.2%)
Unpaired R1 kept:                      2647
Unpaired R2 kept:                       108
Report: /scratch4/workspace/jade_fiorilla_student_uml_edu-rawseqorcc/trimmed/2024_Warm06_Null_G45_gut_S92_R1_001.fastq.gz_trimming_report.txt
JSON report: /scratch4/workspace/jade_fiorilla_student_uml_edu-rawseqorcc/trimmed/2024_Warm06_Null_G45_gut_S92_R1_001.fastq.gz_trimming_report.json
Report: /scratch4/workspace/jade_fiorilla_student_uml_edu-rawseqorcc/trimmed/2024_Warm06_Null_G45_gut_S92_R2_001.fastq.gz_trimming_report.txt
JSON report: /scratch4/workspace/jade_fiorilla_student_uml_edu-rawseqorcc/trimmed/2024_Warm06_Null_G45_gut_S92_R2_001.fastq.gz_trimming_report.json

Running FastQC on /scratch4/workspace/jade_fiorilla_student_uml_edu-rawseqorcc/trimmed/2024_Warm06_Null_G45_gut_S92_R1_001_val_1.fq.gz

Running FastQC on /scratch4/workspace/jade_fiorilla_student_uml_edu-rawseqorcc/trimmed/2024_Warm06_Null_G45_gut_S92_R2_001_val_2.fq.gz
Running Trim Galore on: 

Trim Galore v2.3.0
unknown — linux/x86_64 — built 2026-06-27T16:23:35Z
==================================================

Using 4 worker threads (parallel trim + compress)
Auto-detecting adapter type...
Using Nextera adapter for trimming (count: 455155). Second best hit was smallRNA (count: 249).
Adapter: Nextera (CTGTCTCTTATA)

Poly-G trimming: ENABLED (auto-detected). 455235 of 1000000 reads (45.52%) have poly-G tails (>=10bp) — consistent with 2-colour chemistry (NovaSeq/NextSeq). To disable: --no_poly_g
Trimming (paired-end):
  R1: /scratch4/workspace/jade_fiorilla_student_uml_edu-rawseqorcc/fastq/2024_Warm06_Warm03_G36_gill_S95_R1_001.fastq.gz
  R2: /scratch4/workspace/jade_fiorilla_student_uml_edu-rawseqorcc/fastq/2024_Warm06_Warm03_G36_gill_S95_R2_001.fastq.gz
  Output R1: /scratch4/workspace/jade_fiorilla_student_uml_edu-rawseqorcc/trimmed/2024_Warm06_Warm03_G36_gill_S95_R1_001_val_1.fq.gz
  Output R2: /scratch4/workspace/jade_fiorilla_student_uml_edu-rawseqorcc/trimmed/2024_Warm06_Warm03_G36_gill_S95_R2_001_val_2.fq.gz

=== Summary (Read 1) ===

Total reads processed:              1947194
Reads with adapters:                1914720 (98.3%)

=== Summary (Read 2) ===

Total reads processed:              1947194
Reads with adapters:                1928346 (99.0%)
R1 reads with poly-G trimmed:          4466 (0.2%)
  R1 poly-G bases removed:           737444
R2 reads with poly-G trimmed:          5435 (0.3%)
  R2 poly-G bases removed:          1103916

=== Paired-end validation ===

Pairs analyzed:                     1947194
Pairs removed:                         4396 (0.2%)
Unpaired R1 kept:                      3624
Unpaired R2 kept:                       167
Report: /scratch4/workspace/jade_fiorilla_student_uml_edu-rawseqorcc/trimmed/2024_Warm06_Warm03_G36_gill_S95_R1_001.fastq.gz_trimming_report.txt
JSON report: /scratch4/workspace/jade_fiorilla_student_uml_edu-rawseqorcc/trimmed/2024_Warm06_Warm03_G36_gill_S95_R1_001.fastq.gz_trimming_report.json
Report: /scratch4/workspace/jade_fiorilla_student_uml_edu-rawseqorcc/trimmed/2024_Warm06_Warm03_G36_gill_S95_R2_001.fastq.gz_trimming_report.txt
JSON report: /scratch4/workspace/jade_fiorilla_student_uml_edu-rawseqorcc/trimmed/2024_Warm06_Warm03_G36_gill_S95_R2_001.fastq.gz_trimming_report.json

Running FastQC on /scratch4/workspace/jade_fiorilla_student_uml_edu-rawseqorcc/trimmed/2024_Warm06_Warm03_G36_gill_S95_R1_001_val_1.fq.gz

Running FastQC on /scratch4/workspace/jade_fiorilla_student_uml_edu-rawseqorcc/trimmed/2024_Warm06_Warm03_G36_gill_S95_R2_001_val_2.fq.gz
Running Trim Galore on: 

Trim Galore v2.3.0
unknown — linux/x86_64 — built 2026-06-27T16:23:35Z
==================================================

Using 4 worker threads (parallel trim + compress)
Auto-detecting adapter type...
Using Nextera adapter for trimming (count: 257448). Second best hit was smallRNA (count: 644).
Adapter: Nextera (CTGTCTCTTATA)

Poly-G trimming: ENABLED (auto-detected). 256086 of 954647 reads (26.83%) have poly-G tails (>=10bp) — consistent with 2-colour chemistry (NovaSeq/NextSeq). To disable: --no_poly_g
Trimming (paired-end):
  R1: /scratch4/workspace/jade_fiorilla_student_uml_edu-rawseqorcc/fastq/2024_Warm06_Warm03_G36_gut_S25_R1_001.fastq.gz
  R2: /scratch4/workspace/jade_fiorilla_student_uml_edu-rawseqorcc/fastq/2024_Warm06_Warm03_G36_gut_S25_R2_001.fastq.gz
  Output R1: /scratch4/workspace/jade_fiorilla_student_uml_edu-rawseqorcc/trimmed/2024_Warm06_Warm03_G36_gut_S25_R1_001_val_1.fq.gz
  Output R2: /scratch4/workspace/jade_fiorilla_student_uml_edu-rawseqorcc/trimmed/2024_Warm06_Warm03_G36_gut_S25_R2_001_val_2.fq.gz

=== Summary (Read 1) ===

Total reads processed:               954647
Reads with adapters:                 949380 (99.4%)

=== Summary (Read 2) ===

Total reads processed:               954647
Reads with adapters:                 947545 (99.3%)
R1 reads with poly-G trimmed:           955 (0.1%)
  R1 poly-G bases removed:           164291
R2 reads with poly-G trimmed:          1714 (0.2%)
  R2 poly-G bases removed:           371311

=== Paired-end validation ===

Pairs analyzed:                      954647
Pairs removed:                         1547 (0.2%)
Unpaired R1 kept:                      1308
Unpaired R2 kept:                        66
Report: /scratch4/workspace/jade_fiorilla_student_uml_edu-rawseqorcc/trimmed/2024_Warm06_Warm03_G36_gut_S25_R1_001.fastq.gz_trimming_report.txt
JSON report: /scratch4/workspace/jade_fiorilla_student_uml_edu-rawseqorcc/trimmed/2024_Warm06_Warm03_G36_gut_S25_R1_001.fastq.gz_trimming_report.json
Report: /scratch4/workspace/jade_fiorilla_student_uml_edu-rawseqorcc/trimmed/2024_Warm06_Warm03_G36_gut_S25_R2_001.fastq.gz_trimming_report.txt
JSON report: /scratch4/workspace/jade_fiorilla_student_uml_edu-rawseqorcc/trimmed/2024_Warm06_Warm03_G36_gut_S25_R2_001.fastq.gz_trimming_report.json

Running FastQC on /scratch4/workspace/jade_fiorilla_student_uml_edu-rawseqorcc/trimmed/2024_Warm06_Warm03_G36_gut_S25_R1_001_val_1.fq.gz

Running FastQC on /scratch4/workspace/jade_fiorilla_student_uml_edu-rawseqorcc/trimmed/2024_Warm06_Warm03_G36_gut_S25_R2_001_val_2.fq.gz
Running Trim Galore on: 

Trim Galore v2.3.0
unknown — linux/x86_64 — built 2026-06-27T16:23:35Z
==================================================

Using 4 worker threads (parallel trim + compress)
Auto-detecting adapter type...
Using Nextera adapter for trimming (count: 418010). Second best hit was smallRNA (count: 265).
Adapter: Nextera (CTGTCTCTTATA)

Poly-G trimming: ENABLED (auto-detected). 418878 of 828301 reads (50.57%) have poly-G tails (>=10bp) — consistent with 2-colour chemistry (NovaSeq/NextSeq). To disable: --no_poly_g
Trimming (paired-end):
  R1: /scratch4/workspace/jade_fiorilla_student_uml_edu-rawseqorcc/fastq/2024_Warm06_Warm04_G48_gill_S26_R1_001.fastq.gz
  R2: /scratch4/workspace/jade_fiorilla_student_uml_edu-rawseqorcc/fastq/2024_Warm06_Warm04_G48_gill_S26_R2_001.fastq.gz
  Output R1: /scratch4/workspace/jade_fiorilla_student_uml_edu-rawseqorcc/trimmed/2024_Warm06_Warm04_G48_gill_S26_R1_001_val_1.fq.gz
  Output R2: /scratch4/workspace/jade_fiorilla_student_uml_edu-rawseqorcc/trimmed/2024_Warm06_Warm04_G48_gill_S26_R2_001_val_2.fq.gz

=== Summary (Read 1) ===

Total reads processed:               828301
Reads with adapters:                 821599 (99.2%)

=== Summary (Read 2) ===

Total reads processed:               828301
Reads with adapters:                 820279 (99.0%)
R1 reads with poly-G trimmed:          1452 (0.2%)
  R1 poly-G bases removed:           266962
R2 reads with poly-G trimmed:          1833 (0.2%)
  R2 poly-G bases removed:           388144

=== Paired-end validation ===

Pairs analyzed:                      828301
Pairs removed:                         1205 (0.1%)
Unpaired R1 kept:                       886
Unpaired R2 kept:                        48
Report: /scratch4/workspace/jade_fiorilla_student_uml_edu-rawseqorcc/trimmed/2024_Warm06_Warm04_G48_gill_S26_R1_001.fastq.gz_trimming_report.txt
JSON report: /scratch4/workspace/jade_fiorilla_student_uml_edu-rawseqorcc/trimmed/2024_Warm06_Warm04_G48_gill_S26_R1_001.fastq.gz_trimming_report.json
Report: /scratch4/workspace/jade_fiorilla_student_uml_edu-rawseqorcc/trimmed/2024_Warm06_Warm04_G48_gill_S26_R2_001.fastq.gz_trimming_report.txt
JSON report: /scratch4/workspace/jade_fiorilla_student_uml_edu-rawseqorcc/trimmed/2024_Warm06_Warm04_G48_gill_S26_R2_001.fastq.gz_trimming_report.json

Running FastQC on /scratch4/workspace/jade_fiorilla_student_uml_edu-rawseqorcc/trimmed/2024_Warm06_Warm04_G48_gill_S26_R1_001_val_1.fq.gz

Running FastQC on /scratch4/workspace/jade_fiorilla_student_uml_edu-rawseqorcc/trimmed/2024_Warm06_Warm04_G48_gill_S26_R2_001_val_2.fq.gz
Running Trim Galore on: 

Trim Galore v2.3.0
unknown — linux/x86_64 — built 2026-06-27T16:23:35Z
==================================================

Using 4 worker threads (parallel trim + compress)
Auto-detecting adapter type...
Using Nextera adapter for trimming (count: 288747). Second best hit was smallRNA (count: 1132).
Adapter: Nextera (CTGTCTCTTATA)

Poly-G trimming: ENABLED (auto-detected). 289297 of 922526 reads (31.36%) have poly-G tails (>=10bp) — consistent with 2-colour chemistry (NovaSeq/NextSeq). To disable: --no_poly_g
Trimming (paired-end):
  R1: /scratch4/workspace/jade_fiorilla_student_uml_edu-rawseqorcc/fastq/2024_Warm06_Warm04_G48_gut_S27_R1_001.fastq.gz
  R2: /scratch4/workspace/jade_fiorilla_student_uml_edu-rawseqorcc/fastq/2024_Warm06_Warm04_G48_gut_S27_R2_001.fastq.gz
  Output R1: /scratch4/workspace/jade_fiorilla_student_uml_edu-rawseqorcc/trimmed/2024_Warm06_Warm04_G48_gut_S27_R1_001_val_1.fq.gz
  Output R2: /scratch4/workspace/jade_fiorilla_student_uml_edu-rawseqorcc/trimmed/2024_Warm06_Warm04_G48_gut_S27_R2_001_val_2.fq.gz

=== Summary (Read 1) ===

Total reads processed:               922526
Reads with adapters:                 916730 (99.4%)

=== Summary (Read 2) ===

Total reads processed:               922526
Reads with adapters:                 914654 (99.1%)
R1 reads with poly-G trimmed:          1108 (0.1%)
  R1 poly-G bases removed:           195307
R2 reads with poly-G trimmed:          1779 (0.2%)
  R2 poly-G bases removed:           382558

=== Paired-end validation ===

Pairs analyzed:                      922526
Pairs removed:                         1414 (0.2%)
Unpaired R1 kept:                      1123
Unpaired R2 kept:                        72
Report: /scratch4/workspace/jade_fiorilla_student_uml_edu-rawseqorcc/trimmed/2024_Warm06_Warm04_G48_gut_S27_R1_001.fastq.gz_trimming_report.txt
JSON report: /scratch4/workspace/jade_fiorilla_student_uml_edu-rawseqorcc/trimmed/2024_Warm06_Warm04_G48_gut_S27_R1_001.fastq.gz_trimming_report.json
Report: /scratch4/workspace/jade_fiorilla_student_uml_edu-rawseqorcc/trimmed/2024_Warm06_Warm04_G48_gut_S27_R2_001.fastq.gz_trimming_report.txt
JSON report: /scratch4/workspace/jade_fiorilla_student_uml_edu-rawseqorcc/trimmed/2024_Warm06_Warm04_G48_gut_S27_R2_001.fastq.gz_trimming_report.json

Running FastQC on /scratch4/workspace/jade_fiorilla_student_uml_edu-rawseqorcc/trimmed/2024_Warm06_Warm04_G48_gut_S27_R1_001_val_1.fq.gz

Running FastQC on /scratch4/workspace/jade_fiorilla_student_uml_edu-rawseqorcc/trimmed/2024_Warm06_Warm04_G48_gut_S27_R2_001_val_2.fq.gz
Running Trim Galore on: 

Trim Galore v2.3.0
unknown — linux/x86_64 — built 2026-06-27T16:23:35Z
==================================================

Using 4 worker threads (parallel trim + compress)
Auto-detecting adapter type...
Using Nextera adapter for trimming (count: 89815). Second best hit was Illumina (count: 3).
Adapter: Nextera (CTGTCTCTTATA)

Poly-G trimming: ENABLED (auto-detected). 89576 of 292047 reads (30.67%) have poly-G tails (>=10bp) — consistent with 2-colour chemistry (NovaSeq/NextSeq). To disable: --no_poly_g
Trimming (paired-end):
  R1: /scratch4/workspace/jade_fiorilla_student_uml_edu-rawseqorcc/fastq/negative_control_NA_S267_R1_001.fastq.gz
  R2: /scratch4/workspace/jade_fiorilla_student_uml_edu-rawseqorcc/fastq/negative_control_NA_S267_R2_001.fastq.gz
  Output R1: /scratch4/workspace/jade_fiorilla_student_uml_edu-rawseqorcc/trimmed/negative_control_NA_S267_R1_001_val_1.fq.gz
  Output R2: /scratch4/workspace/jade_fiorilla_student_uml_edu-rawseqorcc/trimmed/negative_control_NA_S267_R2_001_val_2.fq.gz

=== Summary (Read 1) ===

Total reads processed:               292047
Reads with adapters:                 289619 (99.2%)

=== Summary (Read 2) ===

Total reads processed:               292047
Reads with adapters:                 288487 (98.8%)
R1 reads with poly-G trimmed:           780 (0.3%)
  R1 poly-G bases removed:           127203
R2 reads with poly-G trimmed:           484 (0.2%)
  R2 poly-G bases removed:           106845

=== Paired-end validation ===

Pairs analyzed:                      292047
Pairs removed:                          486 (0.2%)
Unpaired R1 kept:                       441
Unpaired R2 kept:                        10
Report: /scratch4/workspace/jade_fiorilla_student_uml_edu-rawseqorcc/trimmed/negative_control_NA_S267_R1_001.fastq.gz_trimming_report.txt
JSON report: /scratch4/workspace/jade_fiorilla_student_uml_edu-rawseqorcc/trimmed/negative_control_NA_S267_R1_001.fastq.gz_trimming_report.json
Report: /scratch4/workspace/jade_fiorilla_student_uml_edu-rawseqorcc/trimmed/negative_control_NA_S267_R2_001.fastq.gz_trimming_report.txt
JSON report: /scratch4/workspace/jade_fiorilla_student_uml_edu-rawseqorcc/trimmed/negative_control_NA_S267_R2_001.fastq.gz_trimming_report.json

Running FastQC on /scratch4/workspace/jade_fiorilla_student_uml_edu-rawseqorcc/trimmed/negative_control_NA_S267_R1_001_val_1.fq.gz

Running FastQC on /scratch4/workspace/jade_fiorilla_student_uml_edu-rawseqorcc/trimmed/negative_control_NA_S267_R2_001_val_2.fq.gz
Running Trim Galore on: 

Trim Galore v2.3.0
unknown — linux/x86_64 — built 2026-06-27T16:23:35Z
==================================================

Using 4 worker threads (parallel trim + compress)
Auto-detecting adapter type...
Using Nextera adapter for trimming (count: 249719). Second best hit was smallRNA (count: 20).
Adapter: Nextera (CTGTCTCTTATA)

Poly-G trimming: ENABLED (auto-detected). 251844 of 270575 reads (93.08%) have poly-G tails (>=10bp) — consistent with 2-colour chemistry (NovaSeq/NextSeq). To disable: --no_poly_g
Trimming (paired-end):
  R1: /scratch4/workspace/jade_fiorilla_student_uml_edu-rawseqorcc/fastq/Pooled_negative_rack1_NA_S94_R1_001.fastq.gz
  R2: /scratch4/workspace/jade_fiorilla_student_uml_edu-rawseqorcc/fastq/Pooled_negative_rack1_NA_S94_R2_001.fastq.gz
  Output R1: /scratch4/workspace/jade_fiorilla_student_uml_edu-rawseqorcc/trimmed/Pooled_negative_rack1_NA_S94_R1_001_val_1.fq.gz
  Output R2: /scratch4/workspace/jade_fiorilla_student_uml_edu-rawseqorcc/trimmed/Pooled_negative_rack1_NA_S94_R2_001_val_2.fq.gz

=== Summary (Read 1) ===

Total reads processed:               270575
Reads with adapters:                 269508 (99.6%)

=== Summary (Read 2) ===

Total reads processed:               270575
Reads with adapters:                 269208 (99.5%)
R1 reads with poly-G trimmed:           843 (0.3%)
  R1 poly-G bases removed:           152226
R2 reads with poly-G trimmed:          1000 (0.4%)
  R2 poly-G bases removed:           170545

=== Paired-end validation ===

Pairs analyzed:                      270575
Pairs removed:                         1267 (0.5%)
Unpaired R1 kept:                       225
Unpaired R2 kept:                        15
Report: /scratch4/workspace/jade_fiorilla_student_uml_edu-rawseqorcc/trimmed/Pooled_negative_rack1_NA_S94_R1_001.fastq.gz_trimming_report.txt
JSON report: /scratch4/workspace/jade_fiorilla_student_uml_edu-rawseqorcc/trimmed/Pooled_negative_rack1_NA_S94_R1_001.fastq.gz_trimming_report.json
Report: /scratch4/workspace/jade_fiorilla_student_uml_edu-rawseqorcc/trimmed/Pooled_negative_rack1_NA_S94_R2_001.fastq.gz_trimming_report.txt
JSON report: /scratch4/workspace/jade_fiorilla_student_uml_edu-rawseqorcc/trimmed/Pooled_negative_rack1_NA_S94_R2_001.fastq.gz_trimming_report.json

Running FastQC on /scratch4/workspace/jade_fiorilla_student_uml_edu-rawseqorcc/trimmed/Pooled_negative_rack1_NA_S94_R1_001_val_1.fq.gz

Running FastQC on /scratch4/workspace/jade_fiorilla_student_uml_edu-rawseqorcc/trimmed/Pooled_negative_rack1_NA_S94_R2_001_val_2.fq.gz
Running Trim Galore on: 

Trim Galore v2.3.0
unknown — linux/x86_64 — built 2026-06-27T16:23:35Z
==================================================

Using 4 worker threads (parallel trim + compress)
Auto-detecting adapter type...
Using Nextera adapter for trimming (count: 951353). Second best hit was smallRNA (count: 15).
Adapter: Nextera (CTGTCTCTTATA)

Poly-G trimming: ENABLED (auto-detected). 975964 of 1000000 reads (97.60%) have poly-G tails (>=10bp) — consistent with 2-colour chemistry (NovaSeq/NextSeq). To disable: --no_poly_g
Trimming (paired-end):
  R1: /scratch4/workspace/jade_fiorilla_student_uml_edu-rawseqorcc/fastq/Pooled_negative_rack2_NA_S190_R1_001.fastq.gz
  R2: /scratch4/workspace/jade_fiorilla_student_uml_edu-rawseqorcc/fastq/Pooled_negative_rack2_NA_S190_R2_001.fastq.gz
  Output R1: /scratch4/workspace/jade_fiorilla_student_uml_edu-rawseqorcc/trimmed/Pooled_negative_rack2_NA_S190_R1_001_val_1.fq.gz
  Output R2: /scratch4/workspace/jade_fiorilla_student_uml_edu-rawseqorcc/trimmed/Pooled_negative_rack2_NA_S190_R2_001_val_2.fq.gz

=== Summary (Read 1) ===

Total reads processed:              2869670
Reads with adapters:                2859324 (99.6%)

=== Summary (Read 2) ===

Total reads processed:              2869670
Reads with adapters:                2857850 (99.6%)
R1 reads with poly-G trimmed:         28993 (1.0%)
  R1 poly-G bases removed:          1943568
R2 reads with poly-G trimmed:         25979 (0.9%)
  R2 poly-G bases removed:          2193477

=== Paired-end validation ===

Pairs analyzed:                     2869670
Pairs removed:                         4145 (0.1%)
Unpaired R1 kept:                      2266
Unpaired R2 kept:                       221
Report: /scratch4/workspace/jade_fiorilla_student_uml_edu-rawseqorcc/trimmed/Pooled_negative_rack2_NA_S190_R1_001.fastq.gz_trimming_report.txt
JSON report: /scratch4/workspace/jade_fiorilla_student_uml_edu-rawseqorcc/trimmed/Pooled_negative_rack2_NA_S190_R1_001.fastq.gz_trimming_report.json
Report: /scratch4/workspace/jade_fiorilla_student_uml_edu-rawseqorcc/trimmed/Pooled_negative_rack2_NA_S190_R2_001.fastq.gz_trimming_report.txt
JSON report: /scratch4/workspace/jade_fiorilla_student_uml_edu-rawseqorcc/trimmed/Pooled_negative_rack2_NA_S190_R2_001.fastq.gz_trimming_report.json

Running FastQC on /scratch4/workspace/jade_fiorilla_student_uml_edu-rawseqorcc/trimmed/Pooled_negative_rack2_NA_S190_R1_001_val_1.fq.gz

Running FastQC on /scratch4/workspace/jade_fiorilla_student_uml_edu-rawseqorcc/trimmed/Pooled_negative_rack2_NA_S190_R2_001_val_2.fq.gz
Running Trim Galore on: 

Trim Galore v2.3.0
unknown — linux/x86_64 — built 2026-06-27T16:23:35Z
==================================================

Using 4 worker threads (parallel trim + compress)
Auto-detecting adapter type...
Using Nextera adapter for trimming (count: 197). Second best hit was Illumina (count: 0).
Adapter: Nextera (CTGTCTCTTATA)

Poly-G trimming: ENABLED (auto-detected). 189 of 1284 reads (14.72%) have poly-G tails (>=10bp) — consistent with 2-colour chemistry (NovaSeq/NextSeq). To disable: --no_poly_g
Trimming (paired-end):
  R1: /scratch4/workspace/jade_fiorilla_student_uml_edu-rawseqorcc/fastq/Pooled_negative_rack3_2_NA_S279_R1_001.fastq.gz
  R2: /scratch4/workspace/jade_fiorilla_student_uml_edu-rawseqorcc/fastq/Pooled_negative_rack3_2_NA_S279_R2_001.fastq.gz
  Output R1: /scratch4/workspace/jade_fiorilla_student_uml_edu-rawseqorcc/trimmed/Pooled_negative_rack3_2_NA_S279_R1_001_val_1.fq.gz
  Output R2: /scratch4/workspace/jade_fiorilla_student_uml_edu-rawseqorcc/trimmed/Pooled_negative_rack3_2_NA_S279_R2_001_val_2.fq.gz

=== Summary (Read 1) ===

Total reads processed:                 1284
Reads with adapters:                   1239 (96.5%)

=== Summary (Read 2) ===

Total reads processed:                 1284
Reads with adapters:                   1217 (94.8%)
R1 reads with poly-G trimmed:             1 (0.1%)
  R1 poly-G bases removed:              199
R2 reads with poly-G trimmed:             3 (0.2%)
  R2 poly-G bases removed:               11

=== Paired-end validation ===

Pairs analyzed:                        1284
Pairs removed:                           19 (1.5%)
Unpaired R1 kept:                        16
Unpaired R2 kept:                         1
Report: /scratch4/workspace/jade_fiorilla_student_uml_edu-rawseqorcc/trimmed/Pooled_negative_rack3_2_NA_S279_R1_001.fastq.gz_trimming_report.txt
JSON report: /scratch4/workspace/jade_fiorilla_student_uml_edu-rawseqorcc/trimmed/Pooled_negative_rack3_2_NA_S279_R1_001.fastq.gz_trimming_report.json
Report: /scratch4/workspace/jade_fiorilla_student_uml_edu-rawseqorcc/trimmed/Pooled_negative_rack3_2_NA_S279_R2_001.fastq.gz_trimming_report.txt
JSON report: /scratch4/workspace/jade_fiorilla_student_uml_edu-rawseqorcc/trimmed/Pooled_negative_rack3_2_NA_S279_R2_001.fastq.gz_trimming_report.json

Running FastQC on /scratch4/workspace/jade_fiorilla_student_uml_edu-rawseqorcc/trimmed/Pooled_negative_rack3_2_NA_S279_R1_001_val_1.fq.gz

Running FastQC on /scratch4/workspace/jade_fiorilla_student_uml_edu-rawseqorcc/trimmed/Pooled_negative_rack3_2_NA_S279_R2_001_val_2.fq.gz
Running Trim Galore on: 

Trim Galore v2.3.0
unknown — linux/x86_64 — built 2026-06-27T16:23:35Z
==================================================

Using 4 worker threads (parallel trim + compress)
Auto-detecting adapter type...
Using Nextera adapter for trimming (count: 996). Second best hit was Illumina (count: 0).
Adapter: Nextera (CTGTCTCTTATA)

Poly-G trimming: ENABLED (auto-detected). 991 of 43183 reads (2.29%) have poly-G tails (>=10bp) — consistent with 2-colour chemistry (NovaSeq/NextSeq). To disable: --no_poly_g
Trimming (paired-end):
  R1: /scratch4/workspace/jade_fiorilla_student_uml_edu-rawseqorcc/fastq/Pooled_negative_rack3_3_NA_S281_R1_001.fastq.gz
  R2: /scratch4/workspace/jade_fiorilla_student_uml_edu-rawseqorcc/fastq/Pooled_negative_rack3_3_NA_S281_R2_001.fastq.gz
  Output R1: /scratch4/workspace/jade_fiorilla_student_uml_edu-rawseqorcc/trimmed/Pooled_negative_rack3_3_NA_S281_R1_001_val_1.fq.gz
  Output R2: /scratch4/workspace/jade_fiorilla_student_uml_edu-rawseqorcc/trimmed/Pooled_negative_rack3_3_NA_S281_R2_001_val_2.fq.gz

=== Summary (Read 1) ===

Total reads processed:                43183
Reads with adapters:                  42620 (98.7%)

=== Summary (Read 2) ===

Total reads processed:                43183
Reads with adapters:                  41583 (96.3%)
R1 reads with poly-G trimmed:            12 (0.0%)
  R1 poly-G bases removed:              376
R2 reads with poly-G trimmed:            59 (0.1%)
  R2 poly-G bases removed:            10416

=== Paired-end validation ===

Pairs analyzed:                       43183
Pairs removed:                           86 (0.2%)
Unpaired R1 kept:                        80
Unpaired R2 kept:                         3
Report: /scratch4/workspace/jade_fiorilla_student_uml_edu-rawseqorcc/trimmed/Pooled_negative_rack3_3_NA_S281_R1_001.fastq.gz_trimming_report.txt
JSON report: /scratch4/workspace/jade_fiorilla_student_uml_edu-rawseqorcc/trimmed/Pooled_negative_rack3_3_NA_S281_R1_001.fastq.gz_trimming_report.json
Report: /scratch4/workspace/jade_fiorilla_student_uml_edu-rawseqorcc/trimmed/Pooled_negative_rack3_3_NA_S281_R2_001.fastq.gz_trimming_report.txt
JSON report: /scratch4/workspace/jade_fiorilla_student_uml_edu-rawseqorcc/trimmed/Pooled_negative_rack3_3_NA_S281_R2_001.fastq.gz_trimming_report.json

Running FastQC on /scratch4/workspace/jade_fiorilla_student_uml_edu-rawseqorcc/trimmed/Pooled_negative_rack3_3_NA_S281_R1_001_val_1.fq.gz

Running FastQC on /scratch4/workspace/jade_fiorilla_student_uml_edu-rawseqorcc/trimmed/Pooled_negative_rack3_3_NA_S281_R2_001_val_2.fq.gz
Running Trim Galore on: 

Trim Galore v2.3.0
unknown — linux/x86_64 — built 2026-06-27T16:23:35Z
==================================================

Using 4 worker threads (parallel trim + compress)
Auto-detecting adapter type...
Using Nextera adapter for trimming (count: 307688). Second best hit was Illumina (count: 7).
Adapter: Nextera (CTGTCTCTTATA)

Poly-G trimming: ENABLED (auto-detected). 309222 of 751490 reads (41.15%) have poly-G tails (>=10bp) — consistent with 2-colour chemistry (NovaSeq/NextSeq). To disable: --no_poly_g
Trimming (paired-end):
  R1: /scratch4/workspace/jade_fiorilla_student_uml_edu-rawseqorcc/fastq/Pooled_negative_rack3_NA_S278_R1_001.fastq.gz
  R2: /scratch4/workspace/jade_fiorilla_student_uml_edu-rawseqorcc/fastq/Pooled_negative_rack3_NA_S278_R2_001.fastq.gz
  Output R1: /scratch4/workspace/jade_fiorilla_student_uml_edu-rawseqorcc/trimmed/Pooled_negative_rack3_NA_S278_R1_001_val_1.fq.gz
  Output R2: /scratch4/workspace/jade_fiorilla_student_uml_edu-rawseqorcc/trimmed/Pooled_negative_rack3_NA_S278_R2_001_val_2.fq.gz

=== Summary (Read 1) ===

Total reads processed:               751490
Reads with adapters:                 746541 (99.3%)

=== Summary (Read 2) ===

Total reads processed:               751490
Reads with adapters:                 745971 (99.3%)
R1 reads with poly-G trimmed:          1812 (0.2%)
  R1 poly-G bases removed:           326165
R2 reads with poly-G trimmed:          1324 (0.2%)
  R2 poly-G bases removed:           276609

=== Paired-end validation ===

Pairs analyzed:                      751490
Pairs removed:                         1045 (0.1%)
Unpaired R1 kept:                       838
Unpaired R2 kept:                        55
Report: /scratch4/workspace/jade_fiorilla_student_uml_edu-rawseqorcc/trimmed/Pooled_negative_rack3_NA_S278_R1_001.fastq.gz_trimming_report.txt
JSON report: /scratch4/workspace/jade_fiorilla_student_uml_edu-rawseqorcc/trimmed/Pooled_negative_rack3_NA_S278_R1_001.fastq.gz_trimming_report.json
Report: /scratch4/workspace/jade_fiorilla_student_uml_edu-rawseqorcc/trimmed/Pooled_negative_rack3_NA_S278_R2_001.fastq.gz_trimming_report.txt
JSON report: /scratch4/workspace/jade_fiorilla_student_uml_edu-rawseqorcc/trimmed/Pooled_negative_rack3_NA_S278_R2_001.fastq.gz_trimming_report.json

Running FastQC on /scratch4/workspace/jade_fiorilla_student_uml_edu-rawseqorcc/trimmed/Pooled_negative_rack3_NA_S278_R1_001_val_1.fq.gz

Running FastQC on /scratch4/workspace/jade_fiorilla_student_uml_edu-rawseqorcc/trimmed/Pooled_negative_rack3_NA_S278_R2_001_val_2.fq.gz
Running Trim Galore on: 

Trim Galore v2.3.0
unknown — linux/x86_64 — built 2026-06-27T16:23:35Z
==================================================

Using 4 worker threads (parallel trim + compress)
Auto-detecting adapter type...
Using Nextera adapter for trimming (count: 718). Second best hit was smallRNA (count: 1).
Adapter: Nextera (CTGTCTCTTATA)

Poly-G trimming: ENABLED (auto-detected). 264 of 1000000 reads (0.03%) have poly-G tails (>=10bp) — consistent with 2-colour chemistry (NovaSeq/NextSeq). To disable: --no_poly_g
Trimming (paired-end):
  R1: /scratch4/workspace/jade_fiorilla_student_uml_edu-rawseqorcc/fastq/Positive_control_NA_S280_R1_001.fastq.gz
  R2: /scratch4/workspace/jade_fiorilla_student_uml_edu-rawseqorcc/fastq/Positive_control_NA_S280_R2_001.fastq.gz
  Output R1: /scratch4/workspace/jade_fiorilla_student_uml_edu-rawseqorcc/trimmed/Positive_control_NA_S280_R1_001_val_1.fq.gz
  Output R2: /scratch4/workspace/jade_fiorilla_student_uml_edu-rawseqorcc/trimmed/Positive_control_NA_S280_R2_001_val_2.fq.gz

=== Summary (Read 1) ===

Total reads processed:              2105187
Reads with adapters:                2075102 (98.6%)

=== Summary (Read 2) ===

Total reads processed:              2105187
Reads with adapters:                2041453 (97.0%)
R1 reads with poly-G trimmed:           397 (0.0%)
  R1 poly-G bases removed:             2694
R2 reads with poly-G trimmed:          2099 (0.1%)
  R2 poly-G bases removed:           426703

=== Paired-end validation ===

Pairs analyzed:                     2105187
Pairs removed:                         3514 (0.2%)
Unpaired R1 kept:                      3332
Unpaired R2 kept:                       103
Report: /scratch4/workspace/jade_fiorilla_student_uml_edu-rawseqorcc/trimmed/Positive_control_NA_S280_R1_001.fastq.gz_trimming_report.txt
JSON report: /scratch4/workspace/jade_fiorilla_student_uml_edu-rawseqorcc/trimmed/Positive_control_NA_S280_R1_001.fastq.gz_trimming_report.json
Report: /scratch4/workspace/jade_fiorilla_student_uml_edu-rawseqorcc/trimmed/Positive_control_NA_S280_R2_001.fastq.gz_trimming_report.txt
JSON report: /scratch4/workspace/jade_fiorilla_student_uml_edu-rawseqorcc/trimmed/Positive_control_NA_S280_R2_001.fastq.gz_trimming_report.json

Running FastQC on /scratch4/workspace/jade_fiorilla_student_uml_edu-rawseqorcc/trimmed/Positive_control_NA_S280_R1_001_val_1.fq.gz

Running FastQC on /scratch4/workspace/jade_fiorilla_student_uml_edu-rawseqorcc/trimmed/Positive_control_NA_S280_R2_001_val_2.fq.gz
Running Trim Galore on: 

Trim Galore v2.3.0
unknown — linux/x86_64 — built 2026-06-27T16:23:35Z
==================================================

Using 4 worker threads (parallel trim + compress)
Auto-detecting adapter type...
Using Illumina adapter for trimming (count: 101944). Second best hit was Nextera (count: 30315).
Adapter: Illumina (AGATCGGAAGAGC)

Poly-G trimming: ENABLED (auto-detected). 85151 of 1000000 reads (8.52%) have poly-G tails (>=10bp) — consistent with 2-colour chemistry (NovaSeq/NextSeq). To disable: --no_poly_g
Trimming (paired-end):
  R1: /scratch4/workspace/jade_fiorilla_student_uml_edu-rawseqorcc/fastq/Undetermined_S0_R1_001.fastq.gz
  R2: /scratch4/workspace/jade_fiorilla_student_uml_edu-rawseqorcc/fastq/Undetermined_S0_R2_001.fastq.gz
  Output R1: /scratch4/workspace/jade_fiorilla_student_uml_edu-rawseqorcc/trimmed/Undetermined_S0_R1_001_val_1.fq.gz
  Output R2: /scratch4/workspace/jade_fiorilla_student_uml_edu-rawseqorcc/trimmed/Undetermined_S0_R2_001_val_2.fq.gz

=== Summary (Read 1) ===

Total reads processed:            177645686
Reads with adapters:               68156256 (38.4%)

=== Summary (Read 2) ===

Total reads processed:            177645686
Reads with adapters:               67199626 (37.8%)
R1 reads with poly-G trimmed:       7435654 (4.2%)
  R1 poly-G bases removed:       1138309882
R2 reads with poly-G trimmed:       8714071 (4.9%)
  R2 poly-G bases removed:       1401785568

=== Paired-end validation ===

Pairs analyzed:                   177645686
Pairs removed:                      1220755 (0.7%)
Unpaired R1 kept:                    849037
Unpaired R2 kept:                    119347
Report: /scratch4/workspace/jade_fiorilla_student_uml_edu-rawseqorcc/trimmed/Undetermined_S0_R1_001.fastq.gz_trimming_report.txt
JSON report: /scratch4/workspace/jade_fiorilla_student_uml_edu-rawseqorcc/trimmed/Undetermined_S0_R1_001.fastq.gz_trimming_report.json
Report: /scratch4/workspace/jade_fiorilla_student_uml_edu-rawseqorcc/trimmed/Undetermined_S0_R2_001.fastq.gz_trimming_report.txt
JSON report: /scratch4/workspace/jade_fiorilla_student_uml_edu-rawseqorcc/trimmed/Undetermined_S0_R2_001.fastq.gz_trimming_report.json

Running FastQC on /scratch4/workspace/jade_fiorilla_student_uml_edu-rawseqorcc/trimmed/Undetermined_S0_R1_001_val_1.fq.gz

Running FastQC on /scratch4/workspace/jade_fiorilla_student_uml_edu-rawseqorcc/trimmed/Undetermined_S0_R2_001_val_2.fq.gz
