No conda package cache directories found outside your home directory. To
prevent conda from filling up your home directory, you can create a new
directory at `/work/pi_<your_pi_name>/$USER/.conda/pkgs` and reload the module. 
No conda environment directories found outside your home directory. To prevent
conda from filling up your home directory, you can create a new directory at
`/work/pi_<your_pi_name>/$USER/.conda/envs` and reload the module. 
Loading conda version miniforge3-24.7.1
Running fastp on: 2024_Both01_Both01_O1_gill_S28
Detecting adapter sequence for read1...
>I7_Nextera_Transposase_1 | >Trans2_rc | >I7_Nextera_Transposase_1 | >Trans2_rc
CTGTCTCTTATACACATCTCCGAGCCCACGAGAC

Detecting adapter sequence for read2...
>I5_Nextera_Transposase_1 | >Trans1_rc | >I5_Nextera_Transposase_1 | >Trans1_rc
CTGTCTCTTATACACATCTGACGCTGCCGACGA

Read1 before filtering:
total reads: 589066
total bases: 177308866
Q20 bases: 172386318(97.2237%)
Q30 bases: 164462675(92.7549%)
Q40 bases: 164462675(92.7549%)

Read2 before filtering:
total reads: 589066
total bases: 177308866
Q20 bases: 174269231(98.2857%)
Q30 bases: 166517319(93.9137%)
Q40 bases: 166517319(93.9137%)

Read1 after filtering:
total reads: 585156
total bases: 113321941
Q20 bases: 112451757(99.2321%)
Q30 bases: 109690758(96.7957%)
Q40 bases: 109690758(96.7957%)

Read2 after filtering:
total reads: 585156
total bases: 113213000
Q20 bases: 111091337(98.126%)
Q30 bases: 105116020(92.848%)
Q40 bases: 105116020(92.848%)

Filtering result:
reads passed filter: 1170312
reads failed due to low quality: 7032
reads failed due to too many N: 30
reads failed due to too short: 756
reads failed due to adapter dimer: 2
reads with adapter trimmed: 1157932
bases trimmed due to adapters: 38159963

Duplication rate: 26.3582%

Insert size peak (evaluated by paired-end reads): 294

JSON report: fastp.json
HTML report: fastp.html

fastp -w 6 -i /scratch4/workspace/jade_fiorilla_student_uml_edu-rawseqorcc/fastq/2024_Both01_Both01_O1_gill_S28_R1_001.fastq.gz -I /scratch4/workspace/jade_fiorilla_student_uml_edu-rawseqorcc/fastq/2024_Both01_Both01_O1_gill_S28_R2_001.fastq.gz -o /scratch4/workspace/jade_fiorilla_student_uml_edu-rawseqorcc/trimmed-fastp/2024_Both01_Both01_O1_gill_S28_R1_trim.fastq.gz -O /scratch4/workspace/jade_fiorilla_student_uml_edu-rawseqorcc/trimmed-fastp/2024_Both01_Both01_O1_gill_S28_R2_trim.fastq.gz --detect_adapter_for_pe 
fastp v1.3.7, time used: 5 seconds
Running fastp on: 2024_Both01_Both01_O1_gut_S29
Detecting adapter sequence for read1...
>I7_Nextera_Transposase_1 | >Trans2_rc | >I7_Nextera_Transposase_1 | >Trans2_rc
CTGTCTCTTATACACATCTCCGAGCCCACGAGAC

Detecting adapter sequence for read2...
>I5_Nextera_Transposase_1 | >Trans1_rc | >I5_Nextera_Transposase_1 | >Trans1_rc
CTGTCTCTTATACACATCTGACGCTGCCGACGA

Read1 before filtering:
total reads: 755747
total bases: 227479847
Q20 bases: 224437888(98.6628%)
Q30 bases: 217941568(95.807%)
Q40 bases: 217941568(95.807%)

Read2 before filtering:
total reads: 755747
total bases: 227479847
Q20 bases: 224366866(98.6315%)
Q30 bases: 215030718(94.5274%)
Q40 bases: 215030718(94.5274%)

Read1 after filtering:
total reads: 751116
total bases: 199120035
Q20 bases: 197877832(99.3762%)
Q30 bases: 193719983(97.288%)
Q40 bases: 193719983(97.288%)

Read2 after filtering:
total reads: 751116
total bases: 199085695
Q20 bases: 196719723(98.8116%)
Q30 bases: 188648143(94.7573%)
Q40 bases: 188648143(94.7573%)

Filtering result:
reads passed filter: 1502232
reads failed due to low quality: 8098
reads failed due to too many N: 60
reads failed due to too short: 1104
reads failed due to adapter dimer: 0
reads with adapter trimmed: 1500874
bases trimmed due to adapters: 21687226

Duplication rate: 48.4052%

Insert size peak (evaluated by paired-end reads): 294

JSON report: fastp.json
HTML report: fastp.html

fastp -w 6 -i /scratch4/workspace/jade_fiorilla_student_uml_edu-rawseqorcc/fastq/2024_Both01_Both01_O1_gut_S29_R1_001.fastq.gz -I /scratch4/workspace/jade_fiorilla_student_uml_edu-rawseqorcc/fastq/2024_Both01_Both01_O1_gut_S29_R2_001.fastq.gz -o /scratch4/workspace/jade_fiorilla_student_uml_edu-rawseqorcc/trimmed-fastp/2024_Both01_Both01_O1_gut_S29_R1_trim.fastq.gz -O /scratch4/workspace/jade_fiorilla_student_uml_edu-rawseqorcc/trimmed-fastp/2024_Both01_Both01_O1_gut_S29_R2_trim.fastq.gz --detect_adapter_for_pe 
fastp v1.3.7, time used: 8 seconds
Running fastp on: 2024_Both01_Null_O03_gill_S235
Detecting adapter sequence for read1...
>I7_Nextera_Transposase_1 | >Trans2_rc | >I7_Nextera_Transposase_1 | >Trans2_rc
CTGTCTCTTATACACATCTCCGAGCCCACGAGAC

Detecting adapter sequence for read2...
>I5_Nextera_Transposase_1 | >Trans1_rc | >I5_Nextera_Transposase_1 | >Trans1_rc
CTGTCTCTTATACACATCTGACGCTGCCGACGA

Read1 before filtering:
total reads: 14428
total bases: 4342828
Q20 bases: 4156703(95.7142%)
Q30 bases: 3878435(89.3067%)
Q40 bases: 3878435(89.3067%)

Read2 before filtering:
total reads: 14428
total bases: 4342828
Q20 bases: 4282418(98.609%)
Q30 bases: 4121344(94.9%)
Q40 bases: 4121344(94.9%)

Read1 after filtering:
total reads: 14308
total bases: 1649162
Q20 bases: 1633443(99.0468%)
Q30 bases: 1585825(96.1594%)
Q40 bases: 1585825(96.1594%)

Read2 after filtering:
total reads: 14308
total bases: 1647313
Q20 bases: 1619183(98.2924%)
Q30 bases: 1530122(92.8859%)
Q40 bases: 1530122(92.8859%)

Filtering result:
reads passed filter: 28616
reads failed due to low quality: 220
reads failed due to too many N: 2
reads failed due to too short: 18
reads failed due to adapter dimer: 0
reads with adapter trimmed: 27524
bases trimmed due to adapters: 1649875

Duplication rate: 20.3147%

Insert size peak (evaluated by paired-end reads): 251

JSON report: fastp.json
HTML report: fastp.html

fastp -w 6 -i /scratch4/workspace/jade_fiorilla_student_uml_edu-rawseqorcc/fastq/2024_Both01_Null_O03_gill_S235_R1_001.fastq.gz -I /scratch4/workspace/jade_fiorilla_student_uml_edu-rawseqorcc/fastq/2024_Both01_Null_O03_gill_S235_R2_001.fastq.gz -o /scratch4/workspace/jade_fiorilla_student_uml_edu-rawseqorcc/trimmed-fastp/2024_Both01_Null_O03_gill_S235_R1_trim.fastq.gz -O /scratch4/workspace/jade_fiorilla_student_uml_edu-rawseqorcc/trimmed-fastp/2024_Both01_Null_O03_gill_S235_R2_trim.fastq.gz --detect_adapter_for_pe 
fastp v1.3.7, time used: 2 seconds
Running fastp on: 2024_Both01_Null_O03_gut_S70
Detecting adapter sequence for read1...
>I7_Nextera_Transposase_1 | >Trans2_rc | >I7_Nextera_Transposase_1 | >Trans2_rc
CTGTCTCTTATACACATCTCCGAGCCCACGAGAC

Detecting adapter sequence for read2...
>I5_Nextera_Transposase_1 | >Trans1_rc | >I5_Nextera_Transposase_1 | >Trans1_rc
CTGTCTCTTATACACATCTGACGCTGCCGACGA

Read1 before filtering:
total reads: 531335
total bases: 159931835
Q20 bases: 156422581(97.8058%)
Q30 bases: 150327578(93.9948%)
Q40 bases: 150327578(93.9948%)

Read2 before filtering:
total reads: 531335
total bases: 159931835
Q20 bases: 157838176(98.6909%)
Q30 bases: 151819963(94.9279%)
Q40 bases: 151819963(94.9279%)

Read1 after filtering:
total reads: 527791
total bases: 116297146
Q20 bases: 115469390(99.2882%)
Q30 bases: 112791150(96.9853%)
Q40 bases: 112791150(96.9853%)

Read2 after filtering:
total reads: 527791
total bases: 116255793
Q20 bases: 114837184(98.7798%)
Q30 bases: 110073164(94.6819%)
Q40 bases: 110073164(94.6819%)

Filtering result:
reads passed filter: 1055582
reads failed due to low quality: 6442
reads failed due to too many N: 34
reads failed due to too short: 612
reads failed due to adapter dimer: 0
reads with adapter trimmed: 1053780
bases trimmed due to adapters: 27218326

Duplication rate: 29.3683%

Insert size peak (evaluated by paired-end reads): 294

JSON report: fastp.json
HTML report: fastp.html

fastp -w 6 -i /scratch4/workspace/jade_fiorilla_student_uml_edu-rawseqorcc/fastq/2024_Both01_Null_O03_gut_S70_R1_001.fastq.gz -I /scratch4/workspace/jade_fiorilla_student_uml_edu-rawseqorcc/fastq/2024_Both01_Null_O03_gut_S70_R2_001.fastq.gz -o /scratch4/workspace/jade_fiorilla_student_uml_edu-rawseqorcc/trimmed-fastp/2024_Both01_Null_O03_gut_S70_R1_trim.fastq.gz -O /scratch4/workspace/jade_fiorilla_student_uml_edu-rawseqorcc/trimmed-fastp/2024_Both01_Null_O03_gut_S70_R2_trim.fastq.gz --detect_adapter_for_pe 
fastp v1.3.7, time used: 5 seconds
Running fastp on: 2024_Both01_Warm05_O50_gill_S219
Detecting adapter sequence for read1...
>I7_Nextera_Transposase_1 | >Trans2_rc | >I7_Nextera_Transposase_1 | >Trans2_rc
CTGTCTCTTATACACATCTCCGAGCCCACGAGAC

Detecting adapter sequence for read2...
>I5_Nextera_Transposase_1 | >Trans1_rc | >I5_Nextera_Transposase_1 | >Trans1_rc
CTGTCTCTTATACACATCTGACGCTGCCGACGA

Read1 before filtering:
total reads: 609876
total bases: 183572676
Q20 bases: 180858293(98.5214%)
Q30 bases: 174884892(95.2674%)
Q40 bases: 174884892(95.2674%)

Read2 before filtering:
total reads: 609876
total bases: 183572676
Q20 bases: 180589738(98.3751%)
Q30 bases: 172092057(93.746%)
Q40 bases: 172092057(93.746%)

Read1 after filtering:
total reads: 605776
total bases: 165556049
Q20 bases: 164293643(99.2375%)
Q30 bases: 160097350(96.7028%)
Q40 bases: 160097350(96.7028%)

Read2 after filtering:
total reads: 605776
total bases: 165546992
Q20 bases: 163175137(98.5673%)
Q30 bases: 155594439(93.9881%)
Q40 bases: 155594439(93.9881%)

Filtering result:
reads passed filter: 1211552
reads failed due to low quality: 7182
reads failed due to too many N: 56
reads failed due to too short: 956
reads failed due to adapter dimer: 6
reads with adapter trimmed: 1135157
bases trimmed due to adapters: 13156779

Duplication rate: 19.8468%

Insert size peak (evaluated by paired-end reads): 296

JSON report: fastp.json
HTML report: fastp.html

fastp -w 6 -i /scratch4/workspace/jade_fiorilla_student_uml_edu-rawseqorcc/fastq/2024_Both01_Warm05_O50_gill_S219_R1_001.fastq.gz -I /scratch4/workspace/jade_fiorilla_student_uml_edu-rawseqorcc/fastq/2024_Both01_Warm05_O50_gill_S219_R2_001.fastq.gz -o /scratch4/workspace/jade_fiorilla_student_uml_edu-rawseqorcc/trimmed-fastp/2024_Both01_Warm05_O50_gill_S219_R1_trim.fastq.gz -O /scratch4/workspace/jade_fiorilla_student_uml_edu-rawseqorcc/trimmed-fastp/2024_Both01_Warm05_O50_gill_S219_R2_trim.fastq.gz --detect_adapter_for_pe 
fastp v1.3.7, time used: 8 seconds
Running fastp on: 2024_Both01_Warm05_O50_gut_S150
Detecting adapter sequence for read1...
>I7_Nextera_Transposase_1 | >Trans2_rc | >I7_Nextera_Transposase_1 | >Trans2_rc
CTGTCTCTTATACACATCTCCGAGCCCACGAGAC

Detecting adapter sequence for read2...
>I5_Nextera_Transposase_1 | >Trans1_rc | >I5_Nextera_Transposase_1 | >Trans1_rc
CTGTCTCTTATACACATCTGACGCTGCCGACGA

Read1 before filtering:
total reads: 895513
total bases: 269549413
Q20 bases: 263041706(97.5857%)
Q30 bases: 252072464(93.5162%)
Q40 bases: 252072464(93.5162%)

Read2 before filtering:
total reads: 895513
total bases: 269549413
Q20 bases: 265689737(98.5681%)
Q30 bases: 254887273(94.5605%)
Q40 bases: 254887273(94.5605%)

Read1 after filtering:
total reads: 889010
total bases: 205960925
Q20 bases: 204324013(99.2052%)
Q30 bases: 199141698(96.6891%)
Q40 bases: 199141698(96.6891%)

Read2 after filtering:
total reads: 889010
total bases: 205878971
Q20 bases: 203199270(98.6984%)
Q30 bases: 194439488(94.4436%)
Q40 bases: 194439488(94.4436%)

Filtering result:
reads passed filter: 1778020
reads failed due to low quality: 11372
reads failed due to too many N: 46
reads failed due to too short: 1584
reads failed due to adapter dimer: 4
reads with adapter trimmed: 1759393
bases trimmed due to adapters: 38991120

Duplication rate: 16.9838%

Insert size peak (evaluated by paired-end reads): 296

JSON report: fastp.json
HTML report: fastp.html

fastp -w 6 -i /scratch4/workspace/jade_fiorilla_student_uml_edu-rawseqorcc/fastq/2024_Both01_Warm05_O50_gut_S150_R1_001.fastq.gz -I /scratch4/workspace/jade_fiorilla_student_uml_edu-rawseqorcc/fastq/2024_Both01_Warm05_O50_gut_S150_R2_001.fastq.gz -o /scratch4/workspace/jade_fiorilla_student_uml_edu-rawseqorcc/trimmed-fastp/2024_Both01_Warm05_O50_gut_S150_R1_trim.fastq.gz -O /scratch4/workspace/jade_fiorilla_student_uml_edu-rawseqorcc/trimmed-fastp/2024_Both01_Warm05_O50_gut_S150_R2_trim.fastq.gz --detect_adapter_for_pe 
fastp v1.3.7, time used: 9 seconds
Running fastp on: 2024_Both02_Both05_O51_gill_S251
Detecting adapter sequence for read1...
>I7_Nextera_Transposase_1 | >Trans2_rc | >I7_Nextera_Transposase_1 | >Trans2_rc
CTGTCTCTTATACACATCTCCGAGCCCACGAGAC

Detecting adapter sequence for read2...
>I5_Nextera_Transposase_1 | >Trans1_rc | >I5_Nextera_Transposase_1 | >Trans1_rc
CTGTCTCTTATACACATCTGACGCTGCCGACGA

Read1 before filtering:
total reads: 529722
total bases: 159446322
Q20 bases: 157343096(98.6809%)
Q30 bases: 152371835(95.5631%)
Q40 bases: 152371835(95.5631%)

Read2 before filtering:
total reads: 529722
total bases: 159446322
Q20 bases: 156824898(98.3559%)
Q30 bases: 149041507(93.4744%)
Q40 bases: 149041507(93.4744%)

Read1 after filtering:
total reads: 525802
total bases: 151031843
Q20 bases: 149926375(99.2681%)
Q30 bases: 146242913(96.8292%)
Q40 bases: 146242913(96.8292%)

Read2 after filtering:
total reads: 525802
total bases: 151032044
Q20 bases: 148999089(98.654%)
Q30 bases: 142062953(94.0615%)
Q40 bases: 142062953(94.0615%)

Filtering result:
reads passed filter: 1051604
reads failed due to low quality: 6518
reads failed due to too many N: 64
reads failed due to too short: 1250
reads failed due to adapter dimer: 8
reads with adapter trimmed: 1038327
bases trimmed due to adapters: 8884301

Duplication rate: 15.9699%

Insert size peak (evaluated by paired-end reads): 298

JSON report: fastp.json
HTML report: fastp.html

fastp -w 6 -i /scratch4/workspace/jade_fiorilla_student_uml_edu-rawseqorcc/fastq/2024_Both02_Both05_O51_gill_S251_R1_001.fastq.gz -I /scratch4/workspace/jade_fiorilla_student_uml_edu-rawseqorcc/fastq/2024_Both02_Both05_O51_gill_S251_R2_001.fastq.gz -o /scratch4/workspace/jade_fiorilla_student_uml_edu-rawseqorcc/trimmed-fastp/2024_Both02_Both05_O51_gill_S251_R1_trim.fastq.gz -O /scratch4/workspace/jade_fiorilla_student_uml_edu-rawseqorcc/trimmed-fastp/2024_Both02_Both05_O51_gill_S251_R2_trim.fastq.gz --detect_adapter_for_pe 
fastp v1.3.7, time used: 7 seconds
Running fastp on: 2024_Both02_Both05_O51_gut_S229
Detecting adapter sequence for read1...
>I7_Nextera_Transposase_1 | >Trans2_rc | >I7_Nextera_Transposase_1 | >Trans2_rc
CTGTCTCTTATACACATCTCCGAGCCCACGAGAC

Detecting adapter sequence for read2...
>I5_Nextera_Transposase_1 | >Trans1_rc | >I5_Nextera_Transposase_1 | >Trans1_rc
CTGTCTCTTATACACATCTGACGCTGCCGACGA

Read1 before filtering:
total reads: 955581
total bases: 287629881
Q20 bases: 283445000(98.545%)
Q30 bases: 274402360(95.4012%)
Q40 bases: 274402360(95.4012%)

Read2 before filtering:
total reads: 955581
total bases: 287629881
Q20 bases: 283208900(98.463%)
Q30 bases: 270629844(94.0896%)
Q40 bases: 270629844(94.0896%)

Read1 after filtering:
total reads: 949074
total bases: 251316321
Q20 bases: 249503729(99.2788%)
Q30 bases: 243635238(96.9437%)
Q40 bases: 243635238(96.9437%)

Read2 after filtering:
total reads: 949074
total bases: 251311937
Q20 bases: 248004199(98.6838%)
Q30 bases: 237205197(94.3868%)
Q40 bases: 237205197(94.3868%)

Filtering result:
reads passed filter: 1898148
reads failed due to low quality: 12208
reads failed due to too many N: 76
reads failed due to too short: 730
reads failed due to adapter dimer: 0
reads with adapter trimmed: 1875316
bases trimmed due to adapters: 28247131

Duplication rate: 35.7014%

Insert size peak (evaluated by paired-end reads): 294

JSON report: fastp.json
HTML report: fastp.html

fastp -w 6 -i /scratch4/workspace/jade_fiorilla_student_uml_edu-rawseqorcc/fastq/2024_Both02_Both05_O51_gut_S229_R1_001.fastq.gz -I /scratch4/workspace/jade_fiorilla_student_uml_edu-rawseqorcc/fastq/2024_Both02_Both05_O51_gut_S229_R2_001.fastq.gz -o /scratch4/workspace/jade_fiorilla_student_uml_edu-rawseqorcc/trimmed-fastp/2024_Both02_Both05_O51_gut_S229_R1_trim.fastq.gz -O /scratch4/workspace/jade_fiorilla_student_uml_edu-rawseqorcc/trimmed-fastp/2024_Both02_Both05_O51_gut_S229_R2_trim.fastq.gz --detect_adapter_for_pe 
fastp v1.3.7, time used: 9 seconds
Running fastp on: 2024_Both02_Cont04_O40_gill_S247
Detecting adapter sequence for read1...
>I7_Nextera_Transposase_1 | >Trans2_rc | >I7_Nextera_Transposase_1 | >Trans2_rc
CTGTCTCTTATACACATCTCCGAGCCCACGAGAC

Detecting adapter sequence for read2...
>I5_Nextera_Transposase_1 | >Trans1_rc | >I5_Nextera_Transposase_1 | >Trans1_rc
CTGTCTCTTATACACATCTGACGCTGCCGACGA

Read1 before filtering:
total reads: 594090
total bases: 178821090
Q20 bases: 175912651(98.3735%)
Q30 bases: 168498568(94.2275%)
Q40 bases: 168498568(94.2275%)

Read2 before filtering:
total reads: 594090
total bases: 178821090
Q20 bases: 176085039(98.47%)
Q30 bases: 167731848(93.7987%)
Q40 bases: 167731848(93.7987%)

Read1 after filtering:
total reads: 588946
total bases: 169815608
Q20 bases: 168061118(98.9668%)
Q30 bases: 162163352(95.4938%)
Q40 bases: 162163352(95.4938%)

Read2 after filtering:
total reads: 588946
total bases: 169784331
Q20 bases: 167659192(98.7483%)
Q30 bases: 160157611(94.33%)
Q40 bases: 160157611(94.33%)

Filtering result:
reads passed filter: 1177892
reads failed due to low quality: 8874
reads failed due to too many N: 22
reads failed due to too short: 1390
reads failed due to adapter dimer: 2
reads with adapter trimmed: 1056746
bases trimmed due to adapters: 8205054

Duplication rate: 14.3259%

Insert size peak (evaluated by paired-end reads): 298

JSON report: fastp.json
HTML report: fastp.html

fastp -w 6 -i /scratch4/workspace/jade_fiorilla_student_uml_edu-rawseqorcc/fastq/2024_Both02_Cont04_O40_gill_S247_R1_001.fastq.gz -I /scratch4/workspace/jade_fiorilla_student_uml_edu-rawseqorcc/fastq/2024_Both02_Cont04_O40_gill_S247_R2_001.fastq.gz -o /scratch4/workspace/jade_fiorilla_student_uml_edu-rawseqorcc/trimmed-fastp/2024_Both02_Cont04_O40_gill_S247_R1_trim.fastq.gz -O /scratch4/workspace/jade_fiorilla_student_uml_edu-rawseqorcc/trimmed-fastp/2024_Both02_Cont04_O40_gill_S247_R2_trim.fastq.gz --detect_adapter_for_pe 
fastp v1.3.7, time used: 8 seconds
Running fastp on: 2024_Both02_Cont04_O40_gut_S45
Detecting adapter sequence for read1...
>I7_Nextera_Transposase_1 | >Trans2_rc | >I7_Nextera_Transposase_1 | >Trans2_rc
CTGTCTCTTATACACATCTCCGAGCCCACGAGAC

Detecting adapter sequence for read2...
>I5_Nextera_Transposase_1 | >Trans1_rc | >I5_Nextera_Transposase_1 | >Trans1_rc
CTGTCTCTTATACACATCTGACGCTGCCGACGA

Read1 before filtering:
total reads: 785726
total bases: 236503526
Q20 bases: 229297660(96.9532%)
Q30 bases: 217745092(92.0684%)
Q40 bases: 217745092(92.0684%)

Read2 before filtering:
total reads: 785726
total bases: 236503526
Q20 bases: 233862881(98.8835%)
Q30 bases: 226355926(95.7093%)
Q40 bases: 226355926(95.7093%)

Read1 after filtering:
total reads: 780501
total bases: 140146437
Q20 bases: 138980410(99.168%)
Q30 bases: 135475390(96.667%)
Q40 bases: 135475390(96.667%)

Read2 after filtering:
total reads: 780501
total bases: 139999126
Q20 bases: 138418394(98.8709%)
Q30 bases: 132993236(94.9958%)
Q40 bases: 132993236(94.9958%)

Filtering result:
reads passed filter: 1561002
reads failed due to low quality: 9488
reads failed due to too many N: 34
reads failed due to too short: 926
reads failed due to adapter dimer: 2
reads with adapter trimmed: 1556001
bases trimmed due to adapters: 55911222

Duplication rate: 29.5262%

Insert size peak (evaluated by paired-end reads): 294

JSON report: fastp.json
HTML report: fastp.html

fastp -w 6 -i /scratch4/workspace/jade_fiorilla_student_uml_edu-rawseqorcc/fastq/2024_Both02_Cont04_O40_gut_S45_R1_001.fastq.gz -I /scratch4/workspace/jade_fiorilla_student_uml_edu-rawseqorcc/fastq/2024_Both02_Cont04_O40_gut_S45_R2_001.fastq.gz -o /scratch4/workspace/jade_fiorilla_student_uml_edu-rawseqorcc/trimmed-fastp/2024_Both02_Cont04_O40_gut_S45_R1_trim.fastq.gz -O /scratch4/workspace/jade_fiorilla_student_uml_edu-rawseqorcc/trimmed-fastp/2024_Both02_Cont04_O40_gut_S45_R2_trim.fastq.gz --detect_adapter_for_pe 
fastp v1.3.7, time used: 8 seconds
Running fastp on: 2024_Both02_Null_O12_gill_S236
Detecting adapter sequence for read1...
>I7_Nextera_Transposase_1 | >Trans2_rc | >I7_Nextera_Transposase_1 | >Trans2_rc
CTGTCTCTTATACACATCTCCGAGCCCACGAGAC

Detecting adapter sequence for read2...
>I5_Nextera_Transposase_1 | >Trans1_rc | >I5_Nextera_Transposase_1 | >Trans1_rc
CTGTCTCTTATACACATCTGACGCTGCCGACGA

Read1 before filtering:
total reads: 1999442
total bases: 601832042
Q20 bases: 596728198(99.1519%)
Q30 bases: 582277581(96.7508%)
Q40 bases: 582277581(96.7508%)

Read2 before filtering:
total reads: 1999442
total bases: 601832042
Q20 bases: 593190666(98.5642%)
Q30 bases: 567094823(94.2281%)
Q40 bases: 567094823(94.2281%)

Read1 after filtering:
total reads: 1987947
total bases: 577444332
Q20 bases: 573762330(99.3624%)
Q30 bases: 561361652(97.2149%)
Q40 bases: 561361652(97.2149%)

Read2 after filtering:
total reads: 1987947
total bases: 577462508
Q20 bases: 570627420(98.8164%)
Q30 bases: 547362720(94.7876%)
Q40 bases: 547362720(94.7876%)

Filtering result:
reads passed filter: 3975894
reads failed due to low quality: 21268
reads failed due to too many N: 150
reads failed due to too short: 1572
reads failed due to adapter dimer: 0
reads with adapter trimmed: 3975830
bases trimmed due to adapters: 37622282

Duplication rate: 71.6334%

Insert size peak (evaluated by paired-end reads): 292

JSON report: fastp.json
HTML report: fastp.html

fastp -w 6 -i /scratch4/workspace/jade_fiorilla_student_uml_edu-rawseqorcc/fastq/2024_Both02_Null_O12_gill_S236_R1_001.fastq.gz -I /scratch4/workspace/jade_fiorilla_student_uml_edu-rawseqorcc/fastq/2024_Both02_Null_O12_gill_S236_R2_001.fastq.gz -o /scratch4/workspace/jade_fiorilla_student_uml_edu-rawseqorcc/trimmed-fastp/2024_Both02_Null_O12_gill_S236_R1_trim.fastq.gz -O /scratch4/workspace/jade_fiorilla_student_uml_edu-rawseqorcc/trimmed-fastp/2024_Both02_Null_O12_gill_S236_R2_trim.fastq.gz --detect_adapter_for_pe 
fastp v1.3.7, time used: 16 seconds
Running fastp on: 2024_Both02_Null_O12_gut_S71
Detecting adapter sequence for read1...
>I7_Nextera_Transposase_1 | >Trans2_rc | >I7_Nextera_Transposase_1 | >Trans2_rc
CTGTCTCTTATACACATCTCCGAGCCCACGAGAC

Detecting adapter sequence for read2...
>I5_Nextera_Transposase_1 | >Trans1_rc | >I5_Nextera_Transposase_1 | >Trans1_rc
CTGTCTCTTATACACATCTGACGCTGCCGACGA

Read1 before filtering:
total reads: 734535
total bases: 221095035
Q20 bases: 214384452(96.9648%)
Q30 bases: 203272108(91.9388%)
Q40 bases: 203272108(91.9388%)

Read2 before filtering:
total reads: 734535
total bases: 221095035
Q20 bases: 218618979(98.8801%)
Q30 bases: 211445760(95.6357%)
Q40 bases: 211445760(95.6357%)

Read1 after filtering:
total reads: 730114
total bases: 140805547
Q20 bases: 139628679(99.1642%)
Q30 bases: 135908549(96.5222%)
Q40 bases: 135908549(96.5222%)

Read2 after filtering:
total reads: 730114
total bases: 140661131
Q20 bases: 139157624(98.9311%)
Q30 bases: 133932640(95.2165%)
Q40 bases: 133932640(95.2165%)

Filtering result:
reads passed filter: 1460228
reads failed due to low quality: 8042
reads failed due to too many N: 36
reads failed due to too short: 764
reads failed due to adapter dimer: 0
reads with adapter trimmed: 1449296
bases trimmed due to adapters: 49154960

Duplication rate: 35.3974%

Insert size peak (evaluated by paired-end reads): 294

JSON report: fastp.json
HTML report: fastp.html

fastp -w 6 -i /scratch4/workspace/jade_fiorilla_student_uml_edu-rawseqorcc/fastq/2024_Both02_Null_O12_gut_S71_R1_001.fastq.gz -I /scratch4/workspace/jade_fiorilla_student_uml_edu-rawseqorcc/fastq/2024_Both02_Null_O12_gut_S71_R2_001.fastq.gz -o /scratch4/workspace/jade_fiorilla_student_uml_edu-rawseqorcc/trimmed-fastp/2024_Both02_Null_O12_gut_S71_R1_trim.fastq.gz -O /scratch4/workspace/jade_fiorilla_student_uml_edu-rawseqorcc/trimmed-fastp/2024_Both02_Null_O12_gut_S71_R2_trim.fastq.gz --detect_adapter_for_pe 
fastp v1.3.7, time used: 7 seconds
Running fastp on: 2024_Both03_Both04_O41_gill_S165
Detecting adapter sequence for read1...
>I7_Nextera_Transposase_1 | >Trans2_rc | >I7_Nextera_Transposase_1 | >Trans2_rc
CTGTCTCTTATACACATCTCCGAGCCCACGAGAC

Detecting adapter sequence for read2...
>I5_Nextera_Transposase_1 | >Trans1_rc | >I5_Nextera_Transposase_1 | >Trans1_rc
CTGTCTCTTATACACATCTGACGCTGCCGACGA

Read1 before filtering:
total reads: 1081260
total bases: 325459260
Q20 bases: 314797007(96.7239%)
Q30 bases: 296785755(91.1898%)
Q40 bases: 296785755(91.1898%)

Read2 before filtering:
total reads: 1081260
total bases: 325459260
Q20 bases: 320361156(98.4336%)
Q30 bases: 306715447(94.2408%)
Q40 bases: 306715447(94.2408%)

Read1 after filtering:
total reads: 1074425
total bases: 214488587
Q20 bases: 212691359(99.1621%)
Q30 bases: 206800139(96.4155%)
Q40 bases: 206800139(96.4155%)

Read2 after filtering:
total reads: 1074425
total bases: 214413539
Q20 bases: 211109152(98.4589%)
Q30 bases: 201011599(93.7495%)
Q40 bases: 201011599(93.7495%)

Filtering result:
reads passed filter: 2148850
reads failed due to low quality: 12788
reads failed due to too many N: 70
reads failed due to too short: 812
reads failed due to adapter dimer: 0
reads with adapter trimmed: 2137309
bases trimmed due to adapters: 74647016

Duplication rate: 29.3017%

Insert size peak (evaluated by paired-end reads): 294

JSON report: fastp.json
HTML report: fastp.html

fastp -w 6 -i /scratch4/workspace/jade_fiorilla_student_uml_edu-rawseqorcc/fastq/2024_Both03_Both04_O41_gill_S165_R1_001.fastq.gz -I /scratch4/workspace/jade_fiorilla_student_uml_edu-rawseqorcc/fastq/2024_Both03_Both04_O41_gill_S165_R2_001.fastq.gz -o /scratch4/workspace/jade_fiorilla_student_uml_edu-rawseqorcc/trimmed-fastp/2024_Both03_Both04_O41_gill_S165_R1_trim.fastq.gz -O /scratch4/workspace/jade_fiorilla_student_uml_edu-rawseqorcc/trimmed-fastp/2024_Both03_Both04_O41_gill_S165_R2_trim.fastq.gz --detect_adapter_for_pe 
fastp v1.3.7, time used: 10 seconds
Running fastp on: 2024_Both03_Both04_O41_gut_S166
Detecting adapter sequence for read1...
>I7_Nextera_Transposase_1 | >Trans2_rc | >I7_Nextera_Transposase_1 | >Trans2_rc
CTGTCTCTTATACACATCTCCGAGCCCACGAGAC

Detecting adapter sequence for read2...
>I5_Nextera_Transposase_1 | >Trans1_rc | >I5_Nextera_Transposase_1 | >Trans1_rc
CTGTCTCTTATACACATCTGACGCTGCCGACGA

Read1 before filtering:
total reads: 1358734
total bases: 408978934
Q20 bases: 395490506(96.7019%)
Q30 bases: 374165109(91.4876%)
Q40 bases: 374165109(91.4876%)

Read2 before filtering:
total reads: 1358734
total bases: 408978934
Q20 bases: 403865767(98.7498%)
Q30 bases: 389562011(95.2523%)
Q40 bases: 389562011(95.2523%)

Read1 after filtering:
total reads: 1349975
total bases: 256663514
Q20 bases: 254712660(99.2399%)
Q30 bases: 248628782(96.8695%)
Q40 bases: 248628782(96.8695%)

Read2 after filtering:
total reads: 1349975
total bases: 256530507
Q20 bases: 253475243(98.809%)
Q30 bases: 243190460(94.7998%)
Q40 bases: 243190460(94.7998%)

Filtering result:
reads passed filter: 2699950
reads failed due to low quality: 16206
reads failed due to too many N: 66
reads failed due to too short: 1244
reads failed due to adapter dimer: 2
reads with adapter trimmed: 2690975
bases trimmed due to adapters: 95078734

Duplication rate: 30.4751%

Insert size peak (evaluated by paired-end reads): 294

JSON report: fastp.json
HTML report: fastp.html

fastp -w 6 -i /scratch4/workspace/jade_fiorilla_student_uml_edu-rawseqorcc/fastq/2024_Both03_Both04_O41_gut_S166_R1_001.fastq.gz -I /scratch4/workspace/jade_fiorilla_student_uml_edu-rawseqorcc/fastq/2024_Both03_Both04_O41_gut_S166_R2_001.fastq.gz -o /scratch4/workspace/jade_fiorilla_student_uml_edu-rawseqorcc/trimmed-fastp/2024_Both03_Both04_O41_gut_S166_R1_trim.fastq.gz -O /scratch4/workspace/jade_fiorilla_student_uml_edu-rawseqorcc/trimmed-fastp/2024_Both03_Both04_O41_gut_S166_R2_trim.fastq.gz --detect_adapter_for_pe 
fastp v1.3.7, time used: 12 seconds
Running fastp on: 2024_Both03_Cont03_O30_gill_S138
Detecting adapter sequence for read1...
>I7_Nextera_Transposase_1 | >Trans2_rc | >I7_Nextera_Transposase_1 | >Trans2_rc
CTGTCTCTTATACACATCTCCGAGCCCACGAGAC

Detecting adapter sequence for read2...
>I5_Nextera_Transposase_1 | >Trans1_rc | >I5_Nextera_Transposase_1 | >Trans1_rc
CTGTCTCTTATACACATCTGACGCTGCCGACGA

Read1 before filtering:
total reads: 1527114
total bases: 459661314
Q20 bases: 445051284(96.8216%)
Q30 bases: 422111928(91.8311%)
Q40 bases: 422111928(91.8311%)

Read2 before filtering:
total reads: 1527114
total bases: 459661314
Q20 bases: 453077877(98.5678%)
Q30 bases: 434799410(94.5913%)
Q40 bases: 434799410(94.5913%)

Read1 after filtering:
total reads: 1516506
total bases: 308245515
Q20 bases: 305832675(99.2172%)
Q30 bases: 298267160(96.7629%)
Q40 bases: 298267160(96.7629%)

Read2 after filtering:
total reads: 1516506
total bases: 308106230
Q20 bases: 303774473(98.5941%)
Q30 bases: 289759731(94.0454%)
Q40 bases: 289759731(94.0454%)

Filtering result:
reads passed filter: 3033012
reads failed due to low quality: 19550
reads failed due to too many N: 90
reads failed due to too short: 1576
reads failed due to adapter dimer: 0
reads with adapter trimmed: 2980146
bases trimmed due to adapters: 92778113

Duplication rate: 29.9897%

Insert size peak (evaluated by paired-end reads): 294

JSON report: fastp.json
HTML report: fastp.html

fastp -w 6 -i /scratch4/workspace/jade_fiorilla_student_uml_edu-rawseqorcc/fastq/2024_Both03_Cont03_O30_gill_S138_R1_001.fastq.gz -I /scratch4/workspace/jade_fiorilla_student_uml_edu-rawseqorcc/fastq/2024_Both03_Cont03_O30_gill_S138_R2_001.fastq.gz -o /scratch4/workspace/jade_fiorilla_student_uml_edu-rawseqorcc/trimmed-fastp/2024_Both03_Cont03_O30_gill_S138_R1_trim.fastq.gz -O /scratch4/workspace/jade_fiorilla_student_uml_edu-rawseqorcc/trimmed-fastp/2024_Both03_Cont03_O30_gill_S138_R2_trim.fastq.gz --detect_adapter_for_pe 
fastp v1.3.7, time used: 13 seconds
Running fastp on: 2024_Both03_Cont03_O30_gut_S34
Detecting adapter sequence for read1...
>I7_Nextera_Transposase_1 | >Trans2_rc | >I7_Nextera_Transposase_1 | >Trans2_rc
CTGTCTCTTATACACATCTCCGAGCCCACGAGAC

Detecting adapter sequence for read2...
>I5_Nextera_Transposase_1 | >Trans1_rc | >I5_Nextera_Transposase_1 | >Trans1_rc
CTGTCTCTTATACACATCTGACGCTGCCGACGA

Read1 before filtering:
total reads: 1285203
total bases: 386846103
Q20 bases: 370453004(95.7624%)
Q30 bases: 345161637(89.2245%)
Q40 bases: 345161637(89.2245%)

Read2 before filtering:
total reads: 1285203
total bases: 386846103
Q20 bases: 383216107(99.0616%)
Q30 bases: 372789509(96.3664%)
Q40 bases: 372789509(96.3664%)

Read1 after filtering:
total reads: 1277277
total bases: 134406745
Q20 bases: 133322302(99.1932%)
Q30 bases: 130188574(96.8616%)
Q40 bases: 130188574(96.8616%)

Read2 after filtering:
total reads: 1277277
total bases: 134026520
Q20 bases: 132423689(98.8041%)
Q30 bases: 127083583(94.8197%)
Q40 bases: 127083583(94.8197%)

Filtering result:
reads passed filter: 2554554
reads failed due to low quality: 14646
reads failed due to too many N: 32
reads failed due to too short: 1174
reads failed due to adapter dimer: 0
reads with adapter trimmed: 2543785
bases trimmed due to adapters: 140666097

Duplication rate: 52.7314%

Insert size peak (evaluated by paired-end reads): 292

JSON report: fastp.json
HTML report: fastp.html

fastp -w 6 -i /scratch4/workspace/jade_fiorilla_student_uml_edu-rawseqorcc/fastq/2024_Both03_Cont03_O30_gut_S34_R1_001.fastq.gz -I /scratch4/workspace/jade_fiorilla_student_uml_edu-rawseqorcc/fastq/2024_Both03_Cont03_O30_gut_S34_R2_001.fastq.gz -o /scratch4/workspace/jade_fiorilla_student_uml_edu-rawseqorcc/trimmed-fastp/2024_Both03_Cont03_O30_gut_S34_R1_trim.fastq.gz -O /scratch4/workspace/jade_fiorilla_student_uml_edu-rawseqorcc/trimmed-fastp/2024_Both03_Cont03_O30_gut_S34_R2_trim.fastq.gz --detect_adapter_for_pe 
fastp v1.3.7, time used: 9 seconds
Running fastp on: 2024_Both03_Cont06_O66_gill_S230
Detecting adapter sequence for read1...
>I7_Nextera_Transposase_1 | >Trans2_rc | >I7_Nextera_Transposase_1 | >Trans2_rc
CTGTCTCTTATACACATCTCCGAGCCCACGAGAC

Detecting adapter sequence for read2...
>I5_Nextera_Transposase_1 | >Trans1_rc | >I5_Nextera_Transposase_1 | >Trans1_rc
CTGTCTCTTATACACATCTGACGCTGCCGACGA

Read1 before filtering:
total reads: 917781
total bases: 276252081
Q20 bases: 269878277(97.6928%)
Q30 bases: 258652634(93.6292%)
Q40 bases: 258652634(93.6292%)

Read2 before filtering:
total reads: 917781
total bases: 276252081
Q20 bases: 271387052(98.2389%)
Q30 bases: 258445486(93.5542%)
Q40 bases: 258445486(93.5542%)

Read1 after filtering:
total reads: 911824
total bases: 196256974
Q20 bases: 194796998(99.2561%)
Q30 bases: 189936832(96.7797%)
Q40 bases: 189936832(96.7797%)

Read2 after filtering:
total reads: 911824
total bases: 196235452
Q20 bases: 192828617(98.2639%)
Q30 bases: 182674593(93.0895%)
Q40 bases: 182674593(93.0895%)

Filtering result:
reads passed filter: 1823648
reads failed due to low quality: 11218
reads failed due to too many N: 58
reads failed due to too short: 638
reads failed due to adapter dimer: 0
reads with adapter trimmed: 1734761
bases trimmed due to adapters: 53881947

Duplication rate: 28.7066%

Insert size peak (evaluated by paired-end reads): 294

JSON report: fastp.json
HTML report: fastp.html

fastp -w 6 -i /scratch4/workspace/jade_fiorilla_student_uml_edu-rawseqorcc/fastq/2024_Both03_Cont06_O66_gill_S230_R1_001.fastq.gz -I /scratch4/workspace/jade_fiorilla_student_uml_edu-rawseqorcc/fastq/2024_Both03_Cont06_O66_gill_S230_R2_001.fastq.gz -o /scratch4/workspace/jade_fiorilla_student_uml_edu-rawseqorcc/trimmed-fastp/2024_Both03_Cont06_O66_gill_S230_R1_trim.fastq.gz -O /scratch4/workspace/jade_fiorilla_student_uml_edu-rawseqorcc/trimmed-fastp/2024_Both03_Cont06_O66_gill_S230_R2_trim.fastq.gz --detect_adapter_for_pe 
fastp v1.3.7, time used: 9 seconds
Running fastp on: 2024_Both03_Cont06_O66_gut_S54
Detecting adapter sequence for read1...
>I7_Nextera_Transposase_1 | >Trans2_rc | >I7_Nextera_Transposase_1 | >Trans2_rc
CTGTCTCTTATACACATCTCCGAGCCCACGAGAC

Detecting adapter sequence for read2...
>I5_Nextera_Transposase_1 | >Trans1_rc | >I5_Nextera_Transposase_1 | >Trans1_rc
CTGTCTCTTATACACATCTGACGCTGCCGACGA

Read1 before filtering:
total reads: 611275
total bases: 183993775
Q20 bases: 176724315(96.0491%)
Q30 bases: 166489304(90.4864%)
Q40 bases: 166489304(90.4864%)

Read2 before filtering:
total reads: 611275
total bases: 183993775
Q20 bases: 182222511(99.0373%)
Q30 bases: 177246614(96.3329%)
Q40 bases: 177246614(96.3329%)

Read1 after filtering:
total reads: 607352
total bases: 63396344
Q20 bases: 62900939(99.2186%)
Q30 bases: 61441152(96.9159%)
Q40 bases: 61441152(96.9159%)

Read2 after filtering:
total reads: 607352
total bases: 63303983
Q20 bases: 62565955(98.8342%)
Q30 bases: 60072851(94.8958%)
Q40 bases: 60072851(94.8958%)

Filtering result:
reads passed filter: 1214704
reads failed due to low quality: 7154
reads failed due to too many N: 20
reads failed due to too short: 672
reads failed due to adapter dimer: 0
reads with adapter trimmed: 1210362
bases trimmed due to adapters: 66212419

Duplication rate: 47.6319%

Insert size peak (evaluated by paired-end reads): 292

JSON report: fastp.json
HTML report: fastp.html

fastp -w 6 -i /scratch4/workspace/jade_fiorilla_student_uml_edu-rawseqorcc/fastq/2024_Both03_Cont06_O66_gut_S54_R1_001.fastq.gz -I /scratch4/workspace/jade_fiorilla_student_uml_edu-rawseqorcc/fastq/2024_Both03_Cont06_O66_gut_S54_R2_001.fastq.gz -o /scratch4/workspace/jade_fiorilla_student_uml_edu-rawseqorcc/trimmed-fastp/2024_Both03_Cont06_O66_gut_S54_R1_trim.fastq.gz -O /scratch4/workspace/jade_fiorilla_student_uml_edu-rawseqorcc/trimmed-fastp/2024_Both03_Cont06_O66_gut_S54_R2_trim.fastq.gz --detect_adapter_for_pe 
fastp v1.3.7, time used: 5 seconds
Running fastp on: 2024_Both03_Hyp04_O41_gill_S220
Detecting adapter sequence for read1...
>I7_Nextera_Transposase_1 | >Trans2_rc | >I7_Nextera_Transposase_1 | >Trans2_rc
CTGTCTCTTATACACATCTCCGAGCCCACGAGAC

Detecting adapter sequence for read2...
>I5_Nextera_Transposase_1 | >Trans1_rc | >I5_Nextera_Transposase_1 | >Trans1_rc
CTGTCTCTTATACACATCTGACGCTGCCGACGA

Read1 before filtering:
total reads: 847972
total bases: 255239572
Q20 bases: 251892856(98.6888%)
Q30 bases: 244158709(95.6586%)
Q40 bases: 244158709(95.6586%)

Read2 before filtering:
total reads: 847972
total bases: 255239572
Q20 bases: 250304345(98.0664%)
Q30 bases: 237311080(92.9758%)
Q40 bases: 237311080(92.9758%)

Read1 after filtering:
total reads: 842058
total bases: 235666546
Q20 bases: 233915910(99.2572%)
Q30 bases: 228143837(96.8079%)
Q40 bases: 228143837(96.8079%)

Read2 after filtering:
total reads: 842058
total bases: 235671918
Q20 bases: 231765043(98.3422%)
Q30 bases: 220204421(93.4369%)
Q40 bases: 220204421(93.4369%)

Filtering result:
reads passed filter: 1684116
reads failed due to low quality: 10360
reads failed due to too many N: 62
reads failed due to too short: 1404
reads failed due to adapter dimer: 2
reads with adapter trimmed: 1669675
bases trimmed due to adapters: 16904483

Duplication rate: 26.9781%

Insert size peak (evaluated by paired-end reads): 296

JSON report: fastp.json
HTML report: fastp.html

fastp -w 6 -i /scratch4/workspace/jade_fiorilla_student_uml_edu-rawseqorcc/fastq/2024_Both03_Hyp04_O41_gill_S220_R1_001.fastq.gz -I /scratch4/workspace/jade_fiorilla_student_uml_edu-rawseqorcc/fastq/2024_Both03_Hyp04_O41_gill_S220_R2_001.fastq.gz -o /scratch4/workspace/jade_fiorilla_student_uml_edu-rawseqorcc/trimmed-fastp/2024_Both03_Hyp04_O41_gill_S220_R1_trim.fastq.gz -O /scratch4/workspace/jade_fiorilla_student_uml_edu-rawseqorcc/trimmed-fastp/2024_Both03_Hyp04_O41_gill_S220_R2_trim.fastq.gz --detect_adapter_for_pe 
fastp v1.3.7, time used: 10 seconds
Running fastp on: 2024_Both03_Hyp04_O41_gut_S221
Detecting adapter sequence for read1...
>I7_Nextera_Transposase_1 | >Trans2_rc | >I7_Nextera_Transposase_1 | >Trans2_rc
CTGTCTCTTATACACATCTCCGAGCCCACGAGAC

Detecting adapter sequence for read2...
>I5_Nextera_Transposase_1 | >Trans1_rc | >I5_Nextera_Transposase_1 | >Trans1_rc
CTGTCTCTTATACACATCTGACGCTGCCGACGA

Read1 before filtering:
total reads: 802502
total bases: 241553102
Q20 bases: 237850869(98.4673%)
Q30 bases: 230263199(95.3261%)
Q40 bases: 230263199(95.3261%)

Read2 before filtering:
total reads: 802502
total bases: 241553102
Q20 bases: 238119538(98.5785%)
Q30 bases: 228245140(94.4907%)
Q40 bases: 228245140(94.4907%)

Read1 after filtering:
total reads: 796402
total bases: 213686230
Q20 bases: 212130575(99.272%)
Q30 bases: 207080439(96.9086%)
Q40 bases: 207080439(96.9086%)

Read2 after filtering:
total reads: 796402
total bases: 213662878
Q20 bases: 211156351(98.8269%)
Q30 bases: 202638994(94.8405%)
Q40 bases: 202638994(94.8405%)

Filtering result:
reads passed filter: 1592804
reads failed due to low quality: 10788
reads failed due to too many N: 66
reads failed due to too short: 1342
reads failed due to adapter dimer: 4
reads with adapter trimmed: 1580489
bases trimmed due to adapters: 20425527

Duplication rate: 26.1021%

Insert size peak (evaluated by paired-end reads): 296

JSON report: fastp.json
HTML report: fastp.html

fastp -w 6 -i /scratch4/workspace/jade_fiorilla_student_uml_edu-rawseqorcc/fastq/2024_Both03_Hyp04_O41_gut_S221_R1_001.fastq.gz -I /scratch4/workspace/jade_fiorilla_student_uml_edu-rawseqorcc/fastq/2024_Both03_Hyp04_O41_gut_S221_R2_001.fastq.gz -o /scratch4/workspace/jade_fiorilla_student_uml_edu-rawseqorcc/trimmed-fastp/2024_Both03_Hyp04_O41_gut_S221_R1_trim.fastq.gz -O /scratch4/workspace/jade_fiorilla_student_uml_edu-rawseqorcc/trimmed-fastp/2024_Both03_Hyp04_O41_gut_S221_R2_trim.fastq.gz --detect_adapter_for_pe 
fastp v1.3.7, time used: 8 seconds
Running fastp on: 2024_Both03_Null_O24_gill_S269
Detecting adapter sequence for read1...
>I7_Nextera_Transposase_1 | >Trans2_rc | >I7_Nextera_Transposase_1 | >Trans2_rc
CTGTCTCTTATACACATCTCCGAGCCCACGAGAC

Detecting adapter sequence for read2...
>I5_Nextera_Transposase_1 | >Trans1_rc | >I5_Nextera_Transposase_1 | >Trans1_rc
CTGTCTCTTATACACATCTGACGCTGCCGACGA

Read1 before filtering:
total reads: 739597
total bases: 222618697
Q20 bases: 220052701(98.8474%)
Q30 bases: 213807282(96.0419%)
Q40 bases: 213807282(96.0419%)

Read2 before filtering:
total reads: 739597
total bases: 222618697
Q20 bases: 219634093(98.6593%)
Q30 bases: 210550616(94.579%)
Q40 bases: 210550616(94.579%)

Read1 after filtering:
total reads: 735101
total bases: 208707147
Q20 bases: 207238213(99.2962%)
Q30 bases: 202421430(96.9883%)
Q40 bases: 202421430(96.9883%)

Read2 after filtering:
total reads: 735101
total bases: 208708012
Q20 bases: 206368244(98.8789%)
Q30 bases: 198279317(95.0032%)
Q40 bases: 198279317(95.0032%)

Filtering result:
reads passed filter: 1470202
reads failed due to low quality: 8282
reads failed due to too many N: 56
reads failed due to too short: 654
reads failed due to adapter dimer: 0
reads with adapter trimmed: 1467804
bases trimmed due to adapters: 14783048

Duplication rate: 50.8258%

Insert size peak (evaluated by paired-end reads): 294

JSON report: fastp.json
HTML report: fastp.html

fastp -w 6 -i /scratch4/workspace/jade_fiorilla_student_uml_edu-rawseqorcc/fastq/2024_Both03_Null_O24_gill_S269_R1_001.fastq.gz -I /scratch4/workspace/jade_fiorilla_student_uml_edu-rawseqorcc/fastq/2024_Both03_Null_O24_gill_S269_R2_001.fastq.gz -o /scratch4/workspace/jade_fiorilla_student_uml_edu-rawseqorcc/trimmed-fastp/2024_Both03_Null_O24_gill_S269_R1_trim.fastq.gz -O /scratch4/workspace/jade_fiorilla_student_uml_edu-rawseqorcc/trimmed-fastp/2024_Both03_Null_O24_gill_S269_R2_trim.fastq.gz --detect_adapter_for_pe 
fastp v1.3.7, time used: 9 seconds
Running fastp on: 2024_Both03_Null_O24_gut_S181
Detecting adapter sequence for read1...
>I7_Nextera_Transposase_1 | >Trans2_rc | >I7_Nextera_Transposase_1 | >Trans2_rc
CTGTCTCTTATACACATCTCCGAGCCCACGAGAC

Detecting adapter sequence for read2...
>I5_Nextera_Transposase_1 | >Trans1_rc | >I5_Nextera_Transposase_1 | >Trans1_rc
CTGTCTCTTATACACATCTGACGCTGCCGACGA

Read1 before filtering:
total reads: 1648189
total bases: 496104889
Q20 bases: 474509827(95.6471%)
Q30 bases: 439980004(88.6869%)
Q40 bases: 439980004(88.6869%)

Read2 before filtering:
total reads: 1648189
total bases: 496104889
Q20 bases: 491189621(99.0092%)
Q30 bases: 476516003(96.0515%)
Q40 bases: 476516003(96.0515%)

Read1 after filtering:
total reads: 1638871
total bases: 211526255
Q20 bases: 209502780(99.0434%)
Q30 bases: 202935254(95.9386%)
Q40 bases: 202935254(95.9386%)

Read2 after filtering:
total reads: 1638871
total bases: 211266029
Q20 bases: 209045660(98.949%)
Q30 bases: 201064180(95.1711%)
Q40 bases: 201064180(95.1711%)

Filtering result:
reads passed filter: 3277742
reads failed due to low quality: 16878
reads failed due to too many N: 64
reads failed due to too short: 1694
reads failed due to adapter dimer: 0
reads with adapter trimmed: 3268107
bases trimmed due to adapters: 172026090

Duplication rate: 45.1895%

Insert size peak (evaluated by paired-end reads): 292

JSON report: fastp.json
HTML report: fastp.html

fastp -w 6 -i /scratch4/workspace/jade_fiorilla_student_uml_edu-rawseqorcc/fastq/2024_Both03_Null_O24_gut_S181_R1_001.fastq.gz -I /scratch4/workspace/jade_fiorilla_student_uml_edu-rawseqorcc/fastq/2024_Both03_Null_O24_gut_S181_R2_001.fastq.gz -o /scratch4/workspace/jade_fiorilla_student_uml_edu-rawseqorcc/trimmed-fastp/2024_Both03_Null_O24_gut_S181_R1_trim.fastq.gz -O /scratch4/workspace/jade_fiorilla_student_uml_edu-rawseqorcc/trimmed-fastp/2024_Both03_Null_O24_gut_S181_R2_trim.fastq.gz --detect_adapter_for_pe 
fastp v1.3.7, time used: 12 seconds
Running fastp on: 2024_Both03_Warm01_O6_gill_S197
Detecting adapter sequence for read1...
>I7_Nextera_Transposase_1 | >Trans2_rc | >I7_Nextera_Transposase_1 | >Trans2_rc
CTGTCTCTTATACACATCTCCGAGCCCACGAGAC

Detecting adapter sequence for read2...
>I5_Nextera_Transposase_1 | >Trans1_rc | >I5_Nextera_Transposase_1 | >Trans1_rc
CTGTCTCTTATACACATCTGACGCTGCCGACGA

Read1 before filtering:
total reads: 1658469
total bases: 499199169
Q20 bases: 493347980(98.8279%)
Q30 bases: 478446486(95.8428%)
Q40 bases: 478446486(95.8428%)

Read2 before filtering:
total reads: 1658469
total bases: 499199169
Q20 bases: 487101572(97.5766%)
Q30 bases: 456574002(91.4613%)
Q40 bases: 456574002(91.4613%)

Read1 after filtering:
total reads: 1642388
total bases: 481695535
Q20 bases: 477985951(99.2299%)
Q30 bases: 465598591(96.6583%)
Q40 bases: 465598591(96.6583%)

Read2 after filtering:
total reads: 1642388
total bases: 481681247
Q20 bases: 471734270(97.9349%)
Q30 bases: 443741766(92.1235%)
Q40 bases: 443741766(92.1235%)

Filtering result:
reads passed filter: 3284776
reads failed due to low quality: 28032
reads failed due to too many N: 156
reads failed due to too short: 3964
reads failed due to adapter dimer: 10
reads with adapter trimmed: 3061487
bases trimmed due to adapters: 14304820

Duplication rate: 15.3059%

Insert size peak (evaluated by paired-end reads): 298

JSON report: fastp.json
HTML report: fastp.html

fastp -w 6 -i /scratch4/workspace/jade_fiorilla_student_uml_edu-rawseqorcc/fastq/2024_Both03_Warm01_O6_gill_S197_R1_001.fastq.gz -I /scratch4/workspace/jade_fiorilla_student_uml_edu-rawseqorcc/fastq/2024_Both03_Warm01_O6_gill_S197_R2_001.fastq.gz -o /scratch4/workspace/jade_fiorilla_student_uml_edu-rawseqorcc/trimmed-fastp/2024_Both03_Warm01_O6_gill_S197_R1_trim.fastq.gz -O /scratch4/workspace/jade_fiorilla_student_uml_edu-rawseqorcc/trimmed-fastp/2024_Both03_Warm01_O6_gill_S197_R2_trim.fastq.gz --detect_adapter_for_pe 
fastp v1.3.7, time used: 19 seconds
Running fastp on: 2024_Both03_Warm01_O6_gut_S4
Detecting adapter sequence for read1...
>I7_Nextera_Transposase_1 | >Trans2_rc | >I7_Nextera_Transposase_1 | >Trans2_rc
CTGTCTCTTATACACATCTCCGAGCCCACGAGAC

Detecting adapter sequence for read2...
>I5_Nextera_Transposase_1 | >Trans1_rc | >I5_Nextera_Transposase_1 | >Trans1_rc
CTGTCTCTTATACACATCTGACGCTGCCGACGA

Read1 before filtering:
total reads: 871444
total bases: 262304644
Q20 bases: 257258330(98.0762%)
Q30 bases: 247149046(94.2221%)
Q40 bases: 247149046(94.2221%)

Read2 before filtering:
total reads: 871444
total bases: 262304644
Q20 bases: 258332963(98.4859%)
Q30 bases: 246719515(94.0584%)
Q40 bases: 246719515(94.0584%)

Read1 after filtering:
total reads: 865202
total bases: 228649668
Q20 bases: 226811147(99.1959%)
Q30 bases: 220844148(96.5863%)
Q40 bases: 220844148(96.5863%)

Read2 after filtering:
total reads: 865202
total bases: 228581735
Q20 bases: 225569087(98.682%)
Q30 bases: 215468897(94.2634%)
Q40 bases: 215468897(94.2634%)

Filtering result:
reads passed filter: 1730404
reads failed due to low quality: 10610
reads failed due to too many N: 50
reads failed due to too short: 1808
reads failed due to adapter dimer: 16
reads with adapter trimmed: 1688228
bases trimmed due to adapters: 21490977

Duplication rate: 13.6647%

Insert size peak (evaluated by paired-end reads): 298

JSON report: fastp.json
HTML report: fastp.html

fastp -w 6 -i /scratch4/workspace/jade_fiorilla_student_uml_edu-rawseqorcc/fastq/2024_Both03_Warm01_O6_gut_S4_R1_001.fastq.gz -I /scratch4/workspace/jade_fiorilla_student_uml_edu-rawseqorcc/fastq/2024_Both03_Warm01_O6_gut_S4_R2_001.fastq.gz -o /scratch4/workspace/jade_fiorilla_student_uml_edu-rawseqorcc/trimmed-fastp/2024_Both03_Warm01_O6_gut_S4_R1_trim.fastq.gz -O /scratch4/workspace/jade_fiorilla_student_uml_edu-rawseqorcc/trimmed-fastp/2024_Both03_Warm01_O6_gut_S4_R2_trim.fastq.gz --detect_adapter_for_pe 
fastp v1.3.7, time used: 9 seconds
Running fastp on: 2024_Both03_Warm04_O41_gill_S198
Detecting adapter sequence for read1...
>I7_Nextera_Transposase_1 | >Trans2_rc | >I7_Nextera_Transposase_1 | >Trans2_rc
CTGTCTCTTATACACATCTCCGAGCCCACGAGAC

Detecting adapter sequence for read2...
>I5_Nextera_Transposase_1 | >Trans1_rc | >I5_Nextera_Transposase_1 | >Trans1_rc
CTGTCTCTTATACACATCTGACGCTGCCGACGA

Read1 before filtering:
total reads: 1331602
total bases: 400812202
Q20 bases: 394630431(98.4577%)
Q30 bases: 381209735(95.1093%)
Q40 bases: 381209735(95.1093%)

Read2 before filtering:
total reads: 1331602
total bases: 400812202
Q20 bases: 393320065(98.1308%)
Q30 bases: 372479432(92.9312%)
Q40 bases: 372479432(92.9312%)

Read1 after filtering:
total reads: 1320663
total bases: 356880232
Q20 bases: 354422692(99.3114%)
Q30 bases: 346021901(96.9574%)
Q40 bases: 346021901(96.9574%)

Read2 after filtering:
total reads: 1320663
total bases: 356871538
Q20 bases: 351336682(98.4491%)
Q30 bases: 333515438(93.4553%)
Q40 bases: 333515438(93.4553%)

Filtering result:
reads passed filter: 2641326
reads failed due to low quality: 18860
reads failed due to too many N: 104
reads failed due to too short: 2892
reads failed due to adapter dimer: 22
reads with adapter trimmed: 2598800
bases trimmed due to adapters: 38822169

Duplication rate: 16.7046%

Insert size peak (evaluated by paired-end reads): 298

JSON report: fastp.json
HTML report: fastp.html

fastp -w 6 -i /scratch4/workspace/jade_fiorilla_student_uml_edu-rawseqorcc/fastq/2024_Both03_Warm04_O41_gill_S198_R1_001.fastq.gz -I /scratch4/workspace/jade_fiorilla_student_uml_edu-rawseqorcc/fastq/2024_Both03_Warm04_O41_gill_S198_R2_001.fastq.gz -o /scratch4/workspace/jade_fiorilla_student_uml_edu-rawseqorcc/trimmed-fastp/2024_Both03_Warm04_O41_gill_S198_R1_trim.fastq.gz -O /scratch4/workspace/jade_fiorilla_student_uml_edu-rawseqorcc/trimmed-fastp/2024_Both03_Warm04_O41_gill_S198_R2_trim.fastq.gz --detect_adapter_for_pe 
fastp v1.3.7, time used: 13 seconds
Running fastp on: 2024_Both03_Warm04_O41_gut_S5
Detecting adapter sequence for read1...
>I7_Nextera_Transposase_1 | >Trans2_rc | >I7_Nextera_Transposase_1 | >Trans2_rc
CTGTCTCTTATACACATCTCCGAGCCCACGAGAC

Detecting adapter sequence for read2...
>I5_Nextera_Transposase_1 | >Trans1_rc | >I5_Nextera_Transposase_1 | >Trans1_rc
CTGTCTCTTATACACATCTGACGCTGCCGACGA

Read1 before filtering:
total reads: 914117
total bases: 275149217
Q20 bases: 271420749(98.6449%)
Q30 bases: 262708519(95.4786%)
Q40 bases: 262708519(95.4786%)

Read2 before filtering:
total reads: 914117
total bases: 275149217
Q20 bases: 271364681(98.6246%)
Q30 bases: 259663036(94.3717%)
Q40 bases: 259663036(94.3717%)

Read1 after filtering:
total reads: 907704
total bases: 254295019
Q20 bases: 252517983(99.3012%)
Q30 bases: 246391996(96.8922%)
Q40 bases: 246391996(96.8922%)

Read2 after filtering:
total reads: 907704
total bases: 254271211
Q20 bases: 251352985(98.8523%)
Q30 bases: 240899230(94.7411%)
Q40 bases: 240899230(94.7411%)

Filtering result:
reads passed filter: 1815408
reads failed due to low quality: 10522
reads failed due to too many N: 52
reads failed due to too short: 2238
reads failed due to adapter dimer: 14
reads with adapter trimmed: 1806653
bases trimmed due to adapters: 14419622

Duplication rate: 17.5706%

Insert size peak (evaluated by paired-end reads): 298

JSON report: fastp.json
HTML report: fastp.html

fastp -w 6 -i /scratch4/workspace/jade_fiorilla_student_uml_edu-rawseqorcc/fastq/2024_Both03_Warm04_O41_gut_S5_R1_001.fastq.gz -I /scratch4/workspace/jade_fiorilla_student_uml_edu-rawseqorcc/fastq/2024_Both03_Warm04_O41_gut_S5_R2_001.fastq.gz -o /scratch4/workspace/jade_fiorilla_student_uml_edu-rawseqorcc/trimmed-fastp/2024_Both03_Warm04_O41_gut_S5_R1_trim.fastq.gz -O /scratch4/workspace/jade_fiorilla_student_uml_edu-rawseqorcc/trimmed-fastp/2024_Both03_Warm04_O41_gut_S5_R2_trim.fastq.gz --detect_adapter_for_pe 
fastp v1.3.7, time used: 10 seconds
Running fastp on: 2024_Both04_Both02_O19_gill_S139
Detecting adapter sequence for read1...
>I7_Nextera_Transposase_1 | >Trans2_rc | >I7_Nextera_Transposase_1 | >Trans2_rc
CTGTCTCTTATACACATCTCCGAGCCCACGAGAC

Detecting adapter sequence for read2...
>I5_Nextera_Transposase_1 | >Trans1_rc | >I5_Nextera_Transposase_1 | >Trans1_rc
CTGTCTCTTATACACATCTGACGCTGCCGACGA

Read1 before filtering:
total reads: 1574921
total bases: 474051221
Q20 bases: 460261459(97.0911%)
Q30 bases: 438214356(92.4403%)
Q40 bases: 438214356(92.4403%)

Read2 before filtering:
total reads: 1574921
total bases: 474051221
Q20 bases: 465401737(98.1754%)
Q30 bases: 442679105(93.3821%)
Q40 bases: 442679105(93.3821%)

Read1 after filtering:
total reads: 1564304
total bases: 332014702
Q20 bases: 329701827(99.3034%)
Q30 bases: 322416462(97.1091%)
Q40 bases: 322416462(97.1091%)

Read2 after filtering:
total reads: 1564304
total bases: 331912977
Q20 bases: 325589537(98.0949%)
Q30 bases: 307212482(92.5581%)
Q40 bases: 307212482(92.5581%)

Filtering result:
reads passed filter: 3128608
reads failed due to low quality: 19594
reads failed due to too many N: 74
reads failed due to too short: 1558
reads failed due to adapter dimer: 8
reads with adapter trimmed: 3098617
bases trimmed due to adapters: 87657990

Duplication rate: 38.5374%

Insert size peak (evaluated by paired-end reads): 294

JSON report: fastp.json
HTML report: fastp.html

fastp -w 6 -i /scratch4/workspace/jade_fiorilla_student_uml_edu-rawseqorcc/fastq/2024_Both04_Both02_O19_gill_S139_R1_001.fastq.gz -I /scratch4/workspace/jade_fiorilla_student_uml_edu-rawseqorcc/fastq/2024_Both04_Both02_O19_gill_S139_R2_001.fastq.gz -o /scratch4/workspace/jade_fiorilla_student_uml_edu-rawseqorcc/trimmed-fastp/2024_Both04_Both02_O19_gill_S139_R1_trim.fastq.gz -O /scratch4/workspace/jade_fiorilla_student_uml_edu-rawseqorcc/trimmed-fastp/2024_Both04_Both02_O19_gill_S139_R2_trim.fastq.gz --detect_adapter_for_pe 
fastp v1.3.7, time used: 13 seconds
Running fastp on: 2024_Both04_Both02_O19_gut_S35
Detecting adapter sequence for read1...
>I7_Nextera_Transposase_1 | >Trans2_rc | >I7_Nextera_Transposase_1 | >Trans2_rc
CTGTCTCTTATACACATCTCCGAGCCCACGAGAC

Detecting adapter sequence for read2...
>I5_Nextera_Transposase_1 | >Trans1_rc | >I5_Nextera_Transposase_1 | >Trans1_rc
CTGTCTCTTATACACATCTGACGCTGCCGACGA

Read1 before filtering:
total reads: 685555
total bases: 206352055
Q20 bases: 196271609(95.1149%)
Q30 bases: 180501079(87.4724%)
Q40 bases: 180501079(87.4724%)

Read2 before filtering:
total reads: 685555
total bases: 206352055
Q20 bases: 203900316(98.8119%)
Q30 bases: 196872960(95.4063%)
Q40 bases: 196872960(95.4063%)

Read1 after filtering:
total reads: 680951
total bases: 57306650
Q20 bases: 56667690(98.885%)
Q30 bases: 54740906(95.5228%)
Q40 bases: 54740906(95.5228%)

Read2 after filtering:
total reads: 680951
total bases: 57037233
Q20 bases: 56119529(98.391%)
Q30 bases: 53149018(93.183%)
Q40 bases: 53149018(93.183%)

Filtering result:
reads passed filter: 1361902
reads failed due to low quality: 8362
reads failed due to too many N: 30
reads failed due to too short: 816
reads failed due to adapter dimer: 0
reads with adapter trimmed: 1354363
bases trimmed due to adapters: 82296318

Duplication rate: 38.864%

Insert size peak (evaluated by paired-end reads): 292

JSON report: fastp.json
HTML report: fastp.html

fastp -w 6 -i /scratch4/workspace/jade_fiorilla_student_uml_edu-rawseqorcc/fastq/2024_Both04_Both02_O19_gut_S35_R1_001.fastq.gz -I /scratch4/workspace/jade_fiorilla_student_uml_edu-rawseqorcc/fastq/2024_Both04_Both02_O19_gut_S35_R2_001.fastq.gz -o /scratch4/workspace/jade_fiorilla_student_uml_edu-rawseqorcc/trimmed-fastp/2024_Both04_Both02_O19_gut_S35_R1_trim.fastq.gz -O /scratch4/workspace/jade_fiorilla_student_uml_edu-rawseqorcc/trimmed-fastp/2024_Both04_Both02_O19_gut_S35_R2_trim.fastq.gz --detect_adapter_for_pe 
fastp v1.3.7, time used: 5 seconds
Running fastp on: 2024_Both04_Both03_O32_gill_S140
Detecting adapter sequence for read1...
>I7_Nextera_Transposase_1 | >Trans2_rc | >I7_Nextera_Transposase_1 | >Trans2_rc
CTGTCTCTTATACACATCTCCGAGCCCACGAGAC

Detecting adapter sequence for read2...
>I5_Nextera_Transposase_1 | >Trans1_rc | >I5_Nextera_Transposase_1 | >Trans1_rc
CTGTCTCTTATACACATCTGACGCTGCCGACGA

Read1 before filtering:
total reads: 1930002
total bases: 580930602
Q20 bases: 557603931(95.9846%)
Q30 bases: 524461280(90.2795%)
Q40 bases: 524461280(90.2795%)

Read2 before filtering:
total reads: 1930002
total bases: 580930602
Q20 bases: 570819195(98.2594%)
Q30 bases: 545981956(93.984%)
Q40 bases: 545981956(93.984%)

Read1 after filtering:
total reads: 1917874
total bases: 313399066
Q20 bases: 310963038(99.2227%)
Q30 bases: 303502200(96.8421%)
Q40 bases: 303502200(96.8421%)

Read2 after filtering:
total reads: 1917874
total bases: 313126757
Q20 bases: 306399558(97.8516%)
Q30 bases: 288388386(92.0996%)
Q40 bases: 288388386(92.0996%)

Filtering result:
reads passed filter: 3835748
reads failed due to low quality: 22426
reads failed due to too many N: 74
reads failed due to too short: 1756
reads failed due to adapter dimer: 0
reads with adapter trimmed: 3800158
bases trimmed due to adapters: 154673415

Duplication rate: 26.0676%

Insert size peak (evaluated by paired-end reads): 294

JSON report: fastp.json
HTML report: fastp.html

fastp -w 6 -i /scratch4/workspace/jade_fiorilla_student_uml_edu-rawseqorcc/fastq/2024_Both04_Both03_O32_gill_S140_R1_001.fastq.gz -I /scratch4/workspace/jade_fiorilla_student_uml_edu-rawseqorcc/fastq/2024_Both04_Both03_O32_gill_S140_R2_001.fastq.gz -o /scratch4/workspace/jade_fiorilla_student_uml_edu-rawseqorcc/trimmed-fastp/2024_Both04_Both03_O32_gill_S140_R1_trim.fastq.gz -O /scratch4/workspace/jade_fiorilla_student_uml_edu-rawseqorcc/trimmed-fastp/2024_Both04_Both03_O32_gill_S140_R2_trim.fastq.gz --detect_adapter_for_pe 
fastp v1.3.7, time used: 14 seconds
Running fastp on: 2024_Both04_Both03_O32_gut_S141
Detecting adapter sequence for read1...
>I7_Nextera_Transposase_1 | >Trans2_rc | >I7_Nextera_Transposase_1 | >Trans2_rc
CTGTCTCTTATACACATCTCCGAGCCCACGAGAC

Detecting adapter sequence for read2...
>I5_Nextera_Transposase_1 | >Trans1_rc | >I5_Nextera_Transposase_1 | >Trans1_rc
CTGTCTCTTATACACATCTGACGCTGCCGACGA

Read1 before filtering:
total reads: 1163391
total bases: 350180691
Q20 bases: 342453182(97.7933%)
Q30 bases: 327932227(93.6466%)
Q40 bases: 327932227(93.6466%)

Read2 before filtering:
total reads: 1163391
total bases: 350180691
Q20 bases: 345188500(98.5744%)
Q30 bases: 330589519(94.4054%)
Q40 bases: 330589519(94.4054%)

Read1 after filtering:
total reads: 1155368
total bases: 285496935
Q20 bases: 283099187(99.1601%)
Q30 bases: 275391717(96.4605%)
Q40 bases: 275391717(96.4605%)

Read2 after filtering:
total reads: 1155368
total bases: 285441824
Q20 bases: 281842095(98.7389%)
Q30 bases: 269639231(94.4638%)
Q40 bases: 269639231(94.4638%)

Filtering result:
reads passed filter: 2310736
reads failed due to low quality: 14732
reads failed due to too many N: 48
reads failed due to too short: 1266
reads failed due to adapter dimer: 0
reads with adapter trimmed: 2308746
bases trimmed due to adapters: 44243138

Duplication rate: 32.1036%

Insert size peak (evaluated by paired-end reads): 294

JSON report: fastp.json
HTML report: fastp.html

fastp -w 6 -i /scratch4/workspace/jade_fiorilla_student_uml_edu-rawseqorcc/fastq/2024_Both04_Both03_O32_gut_S141_R1_001.fastq.gz -I /scratch4/workspace/jade_fiorilla_student_uml_edu-rawseqorcc/fastq/2024_Both04_Both03_O32_gut_S141_R2_001.fastq.gz -o /scratch4/workspace/jade_fiorilla_student_uml_edu-rawseqorcc/trimmed-fastp/2024_Both04_Both03_O32_gut_S141_R1_trim.fastq.gz -O /scratch4/workspace/jade_fiorilla_student_uml_edu-rawseqorcc/trimmed-fastp/2024_Both04_Both03_O32_gut_S141_R2_trim.fastq.gz --detect_adapter_for_pe 
fastp v1.3.7, time used: 11 seconds
Running fastp on: 2024_Both04_Cont05_O56_gill_S245
Detecting adapter sequence for read1...
>I7_Nextera_Transposase_1 | >Trans2_rc | >I7_Nextera_Transposase_1 | >Trans2_rc
CTGTCTCTTATACACATCTCCGAGCCCACGAGAC

Detecting adapter sequence for read2...
>I5_Nextera_Transposase_1 | >Trans1_rc | >I5_Nextera_Transposase_1 | >Trans1_rc
CTGTCTCTTATACACATCTGACGCTGCCGACGA

Read1 before filtering:
total reads: 595703
total bases: 179306603
Q20 bases: 176549701(98.4625%)
Q30 bases: 170049607(94.8373%)
Q40 bases: 170049607(94.8373%)

Read2 before filtering:
total reads: 595703
total bases: 179306603
Q20 bases: 176230469(98.2844%)
Q30 bases: 167383269(93.3503%)
Q40 bases: 167383269(93.3503%)

Read1 after filtering:
total reads: 590359
total bases: 167789148
Q20 bases: 166429197(99.1895%)
Q30 bases: 161921369(96.5029%)
Q40 bases: 161921369(96.5029%)

Read2 after filtering:
total reads: 590359
total bases: 167790869
Q20 bases: 165366063(98.5549%)
Q30 bases: 157445370(93.8343%)
Q40 bases: 157445370(93.8343%)

Filtering result:
reads passed filter: 1180718
reads failed due to low quality: 9036
reads failed due to too many N: 50
reads failed due to too short: 1602
reads failed due to adapter dimer: 0
reads with adapter trimmed: 1141837
bases trimmed due to adapters: 9151441

Duplication rate: 15.7275%

Insert size peak (evaluated by paired-end reads): 298

JSON report: fastp.json
HTML report: fastp.html

fastp -w 6 -i /scratch4/workspace/jade_fiorilla_student_uml_edu-rawseqorcc/fastq/2024_Both04_Cont05_O56_gill_S245_R1_001.fastq.gz -I /scratch4/workspace/jade_fiorilla_student_uml_edu-rawseqorcc/fastq/2024_Both04_Cont05_O56_gill_S245_R2_001.fastq.gz -o /scratch4/workspace/jade_fiorilla_student_uml_edu-rawseqorcc/trimmed-fastp/2024_Both04_Cont05_O56_gill_S245_R1_trim.fastq.gz -O /scratch4/workspace/jade_fiorilla_student_uml_edu-rawseqorcc/trimmed-fastp/2024_Both04_Cont05_O56_gill_S245_R2_trim.fastq.gz --detect_adapter_for_pe 
fastp v1.3.7, time used: 8 seconds
Running fastp on: 2024_Both04_Cont05_O56_gut_S76
Detecting adapter sequence for read1...
>I7_Nextera_Transposase_1 | >Trans2_rc | >I7_Nextera_Transposase_1 | >Trans2_rc
CTGTCTCTTATACACATCTCCGAGCCCACGAGAC

Detecting adapter sequence for read2...
>I5_Nextera_Transposase_1 | >Trans1_rc | >I5_Nextera_Transposase_1 | >Trans1_rc
CTGTCTCTTATACACATCTGACGCTGCCGACGA

Read1 before filtering:
total reads: 1021916
total bases: 307596716
Q20 bases: 302294447(98.2762%)
Q30 bases: 290525659(94.4502%)
Q40 bases: 290525659(94.4502%)

Read2 before filtering:
total reads: 1021916
total bases: 307596716
Q20 bases: 302786559(98.4362%)
Q30 bases: 288602782(93.8251%)
Q40 bases: 288602782(93.8251%)

Read1 after filtering:
total reads: 1013625
total bases: 278719977
Q20 bases: 276592912(99.2368%)
Q30 bases: 269529359(96.7026%)
Q40 bases: 269529359(96.7026%)

Read2 after filtering:
total reads: 1013625
total bases: 278723157
Q20 bases: 275220072(98.7432%)
Q30 bases: 263061372(94.3809%)
Q40 bases: 263061372(94.3809%)

Filtering result:
reads passed filter: 2027250
reads failed due to low quality: 14400
reads failed due to too many N: 64
reads failed due to too short: 2106
reads failed due to adapter dimer: 12
reads with adapter trimmed: 2013727
bases trimmed due to adapters: 19809314

Duplication rate: 16.7092%

Insert size peak (evaluated by paired-end reads): 298

JSON report: fastp.json
HTML report: fastp.html

fastp -w 6 -i /scratch4/workspace/jade_fiorilla_student_uml_edu-rawseqorcc/fastq/2024_Both04_Cont05_O56_gut_S76_R1_001.fastq.gz -I /scratch4/workspace/jade_fiorilla_student_uml_edu-rawseqorcc/fastq/2024_Both04_Cont05_O56_gut_S76_R2_001.fastq.gz -o /scratch4/workspace/jade_fiorilla_student_uml_edu-rawseqorcc/trimmed-fastp/2024_Both04_Cont05_O56_gut_S76_R1_trim.fastq.gz -O /scratch4/workspace/jade_fiorilla_student_uml_edu-rawseqorcc/trimmed-fastp/2024_Both04_Cont05_O56_gut_S76_R2_trim.fastq.gz --detect_adapter_for_pe 
fastp v1.3.7, time used: 10 seconds
Running fastp on: 2024_Both04_Hyp01_O7_gill_S213
Detecting adapter sequence for read1...
>I7_Nextera_Transposase_1 | >Trans2_rc | >I7_Nextera_Transposase_1 | >Trans2_rc
CTGTCTCTTATACACATCTCCGAGCCCACGAGAC

Detecting adapter sequence for read2...
>I7_Nextera_Transposase_1 | >Trans2_rc | >I7_Nextera_Transposase_1 | >Trans2_rc
CTGTCTCTTATACACATCTCCGAGCCCACGAGAC

Read1 before filtering:
total reads: 1918775
total bases: 577551275
Q20 bases: 572292310(99.0894%)
Q30 bases: 558088434(96.6301%)
Q40 bases: 558088434(96.6301%)

Read2 before filtering:
total reads: 1918775
total bases: 577551275
Q20 bases: 568856773(98.4946%)
Q30 bases: 543252797(94.0614%)
Q40 bases: 543252797(94.0614%)

Read1 after filtering:
total reads: 1906468
total bases: 555863644
Q20 bases: 551981426(99.3016%)
Q30 bases: 539725916(97.0968%)
Q40 bases: 539725916(97.0968%)

Read2 after filtering:
total reads: 1906468
total bases: 556102578
Q20 bases: 549277690(98.7727%)
Q30 bases: 526436689(94.6654%)
Q40 bases: 526436689(94.6654%)

Filtering result:
reads passed filter: 3812936
reads failed due to low quality: 23318
reads failed due to too many N: 186
reads failed due to too short: 1110
reads failed due to adapter dimer: 0
reads with adapter trimmed: 3819914
bases trimmed due to adapters: 34594120

Duplication rate: 73.0222%

Insert size peak (evaluated by paired-end reads): 292

JSON report: fastp.json
HTML report: fastp.html

fastp -w 6 -i /scratch4/workspace/jade_fiorilla_student_uml_edu-rawseqorcc/fastq/2024_Both04_Hyp01_O7_gill_S213_R1_001.fastq.gz -I /scratch4/workspace/jade_fiorilla_student_uml_edu-rawseqorcc/fastq/2024_Both04_Hyp01_O7_gill_S213_R2_001.fastq.gz -o /scratch4/workspace/jade_fiorilla_student_uml_edu-rawseqorcc/trimmed-fastp/2024_Both04_Hyp01_O7_gill_S213_R1_trim.fastq.gz -O /scratch4/workspace/jade_fiorilla_student_uml_edu-rawseqorcc/trimmed-fastp/2024_Both04_Hyp01_O7_gill_S213_R2_trim.fastq.gz --detect_adapter_for_pe 
fastp v1.3.7, time used: 15 seconds
Running fastp on: 2024_Both04_Hyp01_O7_gut_S30
Detecting adapter sequence for read1...
>I7_Nextera_Transposase_1 | >Trans2_rc | >I7_Nextera_Transposase_1 | >Trans2_rc
CTGTCTCTTATACACATCTCCGAGCCCACGAGAC

Detecting adapter sequence for read2...
>I5_Nextera_Transposase_1 | >Trans1_rc | >I5_Nextera_Transposase_1 | >Trans1_rc
CTGTCTCTTATACACATCTGACGCTGCCGACGA

Read1 before filtering:
total reads: 913657
total bases: 275010757
Q20 bases: 265376025(96.4966%)
Q30 bases: 251025368(91.2784%)
Q40 bases: 251025368(91.2784%)

Read2 before filtering:
total reads: 913657
total bases: 275010757
Q20 bases: 271306187(98.6529%)
Q30 bases: 261154412(94.9615%)
Q40 bases: 261154412(94.9615%)

Read1 after filtering:
total reads: 907904
total bases: 137669125
Q20 bases: 136499360(99.1503%)
Q30 bases: 132936490(96.5623%)
Q40 bases: 132936490(96.5623%)

Read2 after filtering:
total reads: 907904
total bases: 137444904
Q20 bases: 135725856(98.7493%)
Q30 bases: 130098570(94.6551%)
Q40 bases: 130098570(94.6551%)

Filtering result:
reads passed filter: 1815808
reads failed due to low quality: 10532
reads failed due to too many N: 26
reads failed due to too short: 944
reads failed due to adapter dimer: 4
reads with adapter trimmed: 1806486
bases trimmed due to adapters: 78553476

Duplication rate: 26.951%

Insert size peak (evaluated by paired-end reads): 294

JSON report: fastp.json
HTML report: fastp.html

fastp -w 6 -i /scratch4/workspace/jade_fiorilla_student_uml_edu-rawseqorcc/fastq/2024_Both04_Hyp01_O7_gut_S30_R1_001.fastq.gz -I /scratch4/workspace/jade_fiorilla_student_uml_edu-rawseqorcc/fastq/2024_Both04_Hyp01_O7_gut_S30_R2_001.fastq.gz -o /scratch4/workspace/jade_fiorilla_student_uml_edu-rawseqorcc/trimmed-fastp/2024_Both04_Hyp01_O7_gut_S30_R1_trim.fastq.gz -O /scratch4/workspace/jade_fiorilla_student_uml_edu-rawseqorcc/trimmed-fastp/2024_Both04_Hyp01_O7_gut_S30_R2_trim.fastq.gz --detect_adapter_for_pe 
fastp v1.3.7, time used: 8 seconds
Running fastp on: 2024_Both04_Hyp05_O55_gill_S222
Detecting adapter sequence for read1...
>I7_Nextera_Transposase_1 | >Trans2_rc | >I7_Nextera_Transposase_1 | >Trans2_rc
CTGTCTCTTATACACATCTCCGAGCCCACGAGAC

Detecting adapter sequence for read2...
>I5_Nextera_Transposase_1 | >Trans1_rc | >I5_Nextera_Transposase_1 | >Trans1_rc
CTGTCTCTTATACACATCTGACGCTGCCGACGA

Read1 before filtering:
total reads: 958513
total bases: 288512413
Q20 bases: 283867109(98.3899%)
Q30 bases: 274437965(95.1217%)
Q40 bases: 274437965(95.1217%)

Read2 before filtering:
total reads: 958513
total bases: 288512413
Q20 bases: 283965881(98.4241%)
Q30 bases: 271159587(93.9854%)
Q40 bases: 271159587(93.9854%)

Read1 after filtering:
total reads: 951916
total bases: 253366909
Q20 bases: 251482358(99.2562%)
Q30 bases: 245379920(96.8477%)
Q40 bases: 245379920(96.8477%)

Read2 after filtering:
total reads: 951916
total bases: 253340894
Q20 bases: 249849432(98.6218%)
Q30 bases: 238669449(94.2088%)
Q40 bases: 238669449(94.2088%)

Filtering result:
reads passed filter: 1903832
reads failed due to low quality: 11634
reads failed due to too many N: 78
reads failed due to too short: 1470
reads failed due to adapter dimer: 12
reads with adapter trimmed: 1835143
bases trimmed due to adapters: 24713025

Duplication rate: 25.024%

Insert size peak (evaluated by paired-end reads): 296

JSON report: fastp.json
HTML report: fastp.html

fastp -w 6 -i /scratch4/workspace/jade_fiorilla_student_uml_edu-rawseqorcc/fastq/2024_Both04_Hyp05_O55_gill_S222_R1_001.fastq.gz -I /scratch4/workspace/jade_fiorilla_student_uml_edu-rawseqorcc/fastq/2024_Both04_Hyp05_O55_gill_S222_R2_001.fastq.gz -o /scratch4/workspace/jade_fiorilla_student_uml_edu-rawseqorcc/trimmed-fastp/2024_Both04_Hyp05_O55_gill_S222_R1_trim.fastq.gz -O /scratch4/workspace/jade_fiorilla_student_uml_edu-rawseqorcc/trimmed-fastp/2024_Both04_Hyp05_O55_gill_S222_R2_trim.fastq.gz --detect_adapter_for_pe 
fastp v1.3.7, time used: 10 seconds
Running fastp on: 2024_Both04_Hyp05_O55_gut_S223
Detecting adapter sequence for read1...
>I7_Nextera_Transposase_1 | >Trans2_rc | >I7_Nextera_Transposase_1 | >Trans2_rc
CTGTCTCTTATACACATCTCCGAGCCCACGAGAC

Detecting adapter sequence for read2...
>I5_Nextera_Transposase_1 | >Trans1_rc | >I5_Nextera_Transposase_1 | >Trans1_rc
CTGTCTCTTATACACATCTGACGCTGCCGACGA

Read1 before filtering:
total reads: 815369
total bases: 245426069
Q20 bases: 242285077(98.7202%)
Q30 bases: 233891751(95.3003%)
Q40 bases: 233891751(95.3003%)

Read2 before filtering:
total reads: 815369
total bases: 245426069
Q20 bases: 242094718(98.6426%)
Q30 bases: 231869914(94.4765%)
Q40 bases: 231869914(94.4765%)

Read1 after filtering:
total reads: 809543
total bases: 234026853
Q20 bases: 231845526(99.0679%)
Q30 bases: 224719297(96.0229%)
Q40 bases: 224719297(96.0229%)

Read2 after filtering:
total reads: 809543
total bases: 234028633
Q20 bases: 231431784(98.8904%)
Q30 bases: 222227633(94.9575%)
Q40 bases: 222227633(94.9575%)

Filtering result:
reads passed filter: 1619086
reads failed due to low quality: 10028
reads failed due to too many N: 86
reads failed due to too short: 1536
reads failed due to adapter dimer: 2
reads with adapter trimmed: 1618606
bases trimmed due to adapters: 11214153

Duplication rate: 22.1137%

Insert size peak (evaluated by paired-end reads): 296

JSON report: fastp.json
HTML report: fastp.html

fastp -w 6 -i /scratch4/workspace/jade_fiorilla_student_uml_edu-rawseqorcc/fastq/2024_Both04_Hyp05_O55_gut_S223_R1_001.fastq.gz -I /scratch4/workspace/jade_fiorilla_student_uml_edu-rawseqorcc/fastq/2024_Both04_Hyp05_O55_gut_S223_R2_001.fastq.gz -o /scratch4/workspace/jade_fiorilla_student_uml_edu-rawseqorcc/trimmed-fastp/2024_Both04_Hyp05_O55_gut_S223_R1_trim.fastq.gz -O /scratch4/workspace/jade_fiorilla_student_uml_edu-rawseqorcc/trimmed-fastp/2024_Both04_Hyp05_O55_gut_S223_R2_trim.fastq.gz --detect_adapter_for_pe 
fastp v1.3.7, time used: 10 seconds
Running fastp on: 2024_Both04_Null_O32_gill_S237
Detecting adapter sequence for read1...
No adapter detected for read1

Detecting adapter sequence for read2...
No adapter detected for read2

Read1 before filtering:
total reads: 2478
total bases: 745878
Q20 bases: 721506(96.7324%)
Q30 bases: 676455(90.6924%)
Q40 bases: 676455(90.6924%)

Read2 before filtering:
total reads: 2478
total bases: 745878
Q20 bases: 719751(96.4971%)
Q30 bases: 667687(89.5169%)
Q40 bases: 667687(89.5169%)

Read1 after filtering:
total reads: 2422
total bases: 605612
Q20 bases: 588111(97.1102%)
Q30 bases: 555891(91.79%)
Q40 bases: 555891(91.79%)

Read2 after filtering:
total reads: 2422
total bases: 607498
Q20 bases: 589968(97.1144%)
Q30 bases: 547517(90.1266%)
Q40 bases: 547517(90.1266%)

Filtering result:
reads passed filter: 4844
reads failed due to low quality: 112
reads failed due to too many N: 0
reads failed due to too short: 0
reads failed due to adapter dimer: 0
reads with adapter trimmed: 3746
bases trimmed due to adapters: 36111

Duplication rate: 4.03551%

Insert size peak (evaluated by paired-end reads): 292

JSON report: fastp.json
HTML report: fastp.html

fastp -w 6 -i /scratch4/workspace/jade_fiorilla_student_uml_edu-rawseqorcc/fastq/2024_Both04_Null_O32_gill_S237_R1_001.fastq.gz -I /scratch4/workspace/jade_fiorilla_student_uml_edu-rawseqorcc/fastq/2024_Both04_Null_O32_gill_S237_R2_001.fastq.gz -o /scratch4/workspace/jade_fiorilla_student_uml_edu-rawseqorcc/trimmed-fastp/2024_Both04_Null_O32_gill_S237_R1_trim.fastq.gz -O /scratch4/workspace/jade_fiorilla_student_uml_edu-rawseqorcc/trimmed-fastp/2024_Both04_Null_O32_gill_S237_R2_trim.fastq.gz --detect_adapter_for_pe 
fastp v1.3.7, time used: 2 seconds
Running fastp on: 2024_Both04_Null_O32_gut_S72
Detecting adapter sequence for read1...
>I7_Nextera_Transposase_1 | >Trans2_rc | >I7_Nextera_Transposase_1 | >Trans2_rc
CTGTCTCTTATACACATCTCCGAGCCCACGAGAC

Detecting adapter sequence for read2...
>I5_Nextera_Transposase_1 | >Trans1_rc | >I5_Nextera_Transposase_1 | >Trans1_rc
CTGTCTCTTATACACATCTGACGCTGCCGACGA

Read1 before filtering:
total reads: 911298
total bases: 274300698
Q20 bases: 269463239(98.2364%)
Q30 bases: 259944589(94.7663%)
Q40 bases: 259944589(94.7663%)

Read2 before filtering:
total reads: 911298
total bases: 274300698
Q20 bases: 270672458(98.6773%)
Q30 bases: 259961532(94.7725%)
Q40 bases: 259961532(94.7725%)

Read1 after filtering:
total reads: 905385
total bases: 228283057
Q20 bases: 226621968(99.2724%)
Q30 bases: 221285012(96.9345%)
Q40 bases: 221285012(96.9345%)

Read2 after filtering:
total reads: 905385
total bases: 228217832
Q20 bases: 225550299(98.8311%)
Q30 bases: 216494759(94.8632%)
Q40 bases: 216494759(94.8632%)

Filtering result:
reads passed filter: 1810770
reads failed due to low quality: 10758
reads failed due to too many N: 38
reads failed due to too short: 1030
reads failed due to adapter dimer: 0
reads with adapter trimmed: 1808813
bases trimmed due to adapters: 31988432

Duplication rate: 33.8039%

Insert size peak (evaluated by paired-end reads): 294

JSON report: fastp.json
HTML report: fastp.html

fastp -w 6 -i /scratch4/workspace/jade_fiorilla_student_uml_edu-rawseqorcc/fastq/2024_Both04_Null_O32_gut_S72_R1_001.fastq.gz -I /scratch4/workspace/jade_fiorilla_student_uml_edu-rawseqorcc/fastq/2024_Both04_Null_O32_gut_S72_R2_001.fastq.gz -o /scratch4/workspace/jade_fiorilla_student_uml_edu-rawseqorcc/trimmed-fastp/2024_Both04_Null_O32_gut_S72_R1_trim.fastq.gz -O /scratch4/workspace/jade_fiorilla_student_uml_edu-rawseqorcc/trimmed-fastp/2024_Both04_Null_O32_gut_S72_R2_trim.fastq.gz --detect_adapter_for_pe 
fastp v1.3.7, time used: 8 seconds
Running fastp on: 2024_Both04_Warm02_O19_gill_S199
Detecting adapter sequence for read1...
>I7_Nextera_Transposase_1 | >Trans2_rc | >I7_Nextera_Transposase_1 | >Trans2_rc
CTGTCTCTTATACACATCTCCGAGCCCACGAGAC

Detecting adapter sequence for read2...
>I5_Nextera_Transposase_1 | >Trans1_rc | >I5_Nextera_Transposase_1 | >Trans1_rc
CTGTCTCTTATACACATCTGACGCTGCCGACGA

Read1 before filtering:
total reads: 255260
total bases: 76833260
Q20 bases: 74637796(97.1426%)
Q30 bases: 70531254(91.7978%)
Q40 bases: 70531254(91.7978%)

Read2 before filtering:
total reads: 255260
total bases: 76833260
Q20 bases: 75450293(98.2%)
Q30 bases: 71788888(93.4347%)
Q40 bases: 71788888(93.4347%)

Read1 after filtering:
total reads: 252918
total bases: 61762182
Q20 bases: 61183908(99.0637%)
Q30 bases: 59279735(95.9806%)
Q40 bases: 59279735(95.9806%)

Read2 after filtering:
total reads: 252918
total bases: 61750072
Q20 bases: 60761459(98.399%)
Q30 bases: 57728625(93.4875%)
Q40 bases: 57728625(93.4875%)

Filtering result:
reads passed filter: 505836
reads failed due to low quality: 3644
reads failed due to too many N: 10
reads failed due to too short: 1030
reads failed due to adapter dimer: 0
reads with adapter trimmed: 495374
bases trimmed due to adapters: 10431673

Duplication rate: 10.2484%

Insert size peak (evaluated by paired-end reads): 298

JSON report: fastp.json
HTML report: fastp.html

fastp -w 6 -i /scratch4/workspace/jade_fiorilla_student_uml_edu-rawseqorcc/fastq/2024_Both04_Warm02_O19_gill_S199_R1_001.fastq.gz -I /scratch4/workspace/jade_fiorilla_student_uml_edu-rawseqorcc/fastq/2024_Both04_Warm02_O19_gill_S199_R2_001.fastq.gz -o /scratch4/workspace/jade_fiorilla_student_uml_edu-rawseqorcc/trimmed-fastp/2024_Both04_Warm02_O19_gill_S199_R1_trim.fastq.gz -O /scratch4/workspace/jade_fiorilla_student_uml_edu-rawseqorcc/trimmed-fastp/2024_Both04_Warm02_O19_gill_S199_R2_trim.fastq.gz --detect_adapter_for_pe 
fastp v1.3.7, time used: 4 seconds
Running fastp on: 2024_Both04_Warm02_O19_gut_S6
Detecting adapter sequence for read1...
>I7_Nextera_Transposase_1 | >Trans2_rc | >I7_Nextera_Transposase_1 | >Trans2_rc
CTGTCTCTTATACACATCTCCGAGCCCACGAGAC

Detecting adapter sequence for read2...
>I5_Nextera_Transposase_1 | >Trans1_rc | >I5_Nextera_Transposase_1 | >Trans1_rc
CTGTCTCTTATACACATCTGACGCTGCCGACGA

Read1 before filtering:
total reads: 1363963
total bases: 410552863
Q20 bases: 402753888(98.1004%)
Q30 bases: 387402590(94.3612%)
Q40 bases: 387402590(94.3612%)

Read2 before filtering:
total reads: 1363963
total bases: 410552863
Q20 bases: 404737450(98.5835%)
Q30 bases: 387444807(94.3715%)
Q40 bases: 387444807(94.3715%)

Read1 after filtering:
total reads: 1353783
total bases: 358507067
Q20 bases: 355659170(99.2056%)
Q30 bases: 346674954(96.6996%)
Q40 bases: 346674954(96.6996%)

Read2 after filtering:
total reads: 1353783
total bases: 358427423
Q20 bases: 354408068(98.8786%)
Q30 bases: 340025188(94.8658%)
Q40 bases: 340025188(94.8658%)

Filtering result:
reads passed filter: 2707566
reads failed due to low quality: 17272
reads failed due to too many N: 70
reads failed due to too short: 2998
reads failed due to adapter dimer: 20
reads with adapter trimmed: 2684427
bases trimmed due to adapters: 33457367

Duplication rate: 17.8877%

Insert size peak (evaluated by paired-end reads): 298

JSON report: fastp.json
HTML report: fastp.html

fastp -w 6 -i /scratch4/workspace/jade_fiorilla_student_uml_edu-rawseqorcc/fastq/2024_Both04_Warm02_O19_gut_S6_R1_001.fastq.gz -I /scratch4/workspace/jade_fiorilla_student_uml_edu-rawseqorcc/fastq/2024_Both04_Warm02_O19_gut_S6_R2_001.fastq.gz -o /scratch4/workspace/jade_fiorilla_student_uml_edu-rawseqorcc/trimmed-fastp/2024_Both04_Warm02_O19_gut_S6_R1_trim.fastq.gz -O /scratch4/workspace/jade_fiorilla_student_uml_edu-rawseqorcc/trimmed-fastp/2024_Both04_Warm02_O19_gut_S6_R2_trim.fastq.gz --detect_adapter_for_pe 
fastp v1.3.7, time used: 13 seconds
Running fastp on: 2024_Both04_Warm06_O67_gill_S200
Detecting adapter sequence for read1...
>I7_Nextera_Transposase_1 | >Trans2_rc | >I7_Nextera_Transposase_1 | >Trans2_rc
CTGTCTCTTATACACATCTCCGAGCCCACGAGAC

Detecting adapter sequence for read2...
>I5_Nextera_Transposase_1 | >Trans1_rc | >I5_Nextera_Transposase_1 | >Trans1_rc
CTGTCTCTTATACACATCTGACGCTGCCGACGA

Read1 before filtering:
total reads: 512818
total bases: 154358218
Q20 bases: 149381922(96.7761%)
Q30 bases: 141114414(91.4201%)
Q40 bases: 141114414(91.4201%)

Read2 before filtering:
total reads: 512818
total bases: 154358218
Q20 bases: 152058979(98.5105%)
Q30 bases: 145692369(94.3859%)
Q40 bases: 145692369(94.3859%)

Read1 after filtering:
total reads: 508909
total bases: 110860073
Q20 bases: 109898868(99.133%)
Q30 bases: 106804753(96.3419%)
Q40 bases: 106804753(96.3419%)

Read2 after filtering:
total reads: 508909
total bases: 110811488
Q20 bases: 109266532(98.6058%)
Q30 bases: 104213978(94.0462%)
Q40 bases: 104213978(94.0462%)

Filtering result:
reads passed filter: 1017818
reads failed due to low quality: 6564
reads failed due to too many N: 36
reads failed due to too short: 1214
reads failed due to adapter dimer: 4
reads with adapter trimmed: 960189
bases trimmed due to adapters: 26354385

Duplication rate: 11.0774%

Insert size peak (evaluated by paired-end reads): 298

JSON report: fastp.json
HTML report: fastp.html

fastp -w 6 -i /scratch4/workspace/jade_fiorilla_student_uml_edu-rawseqorcc/fastq/2024_Both04_Warm06_O67_gill_S200_R1_001.fastq.gz -I /scratch4/workspace/jade_fiorilla_student_uml_edu-rawseqorcc/fastq/2024_Both04_Warm06_O67_gill_S200_R2_001.fastq.gz -o /scratch4/workspace/jade_fiorilla_student_uml_edu-rawseqorcc/trimmed-fastp/2024_Both04_Warm06_O67_gill_S200_R1_trim.fastq.gz -O /scratch4/workspace/jade_fiorilla_student_uml_edu-rawseqorcc/trimmed-fastp/2024_Both04_Warm06_O67_gill_S200_R2_trim.fastq.gz --detect_adapter_for_pe 
fastp v1.3.7, time used: 6 seconds
Running fastp on: 2024_Both04_Warm06_O67_gut_S7
Detecting adapter sequence for read1...
>I7_Nextera_Transposase_1 | >Trans2_rc | >I7_Nextera_Transposase_1 | >Trans2_rc
CTGTCTCTTATACACATCTCCGAGCCCACGAGAC

Detecting adapter sequence for read2...
>I5_Nextera_Transposase_1 | >Trans1_rc | >I5_Nextera_Transposase_1 | >Trans1_rc
CTGTCTCTTATACACATCTGACGCTGCCGACGA

Read1 before filtering:
total reads: 739941
total bases: 222722241
Q20 bases: 217639379(97.7178%)
Q30 bases: 208122082(93.4447%)
Q40 bases: 208122082(93.4447%)

Read2 before filtering:
total reads: 739941
total bases: 222722241
Q20 bases: 219453106(98.5322%)
Q30 bases: 209929999(94.2564%)
Q40 bases: 209929999(94.2564%)

Read1 after filtering:
total reads: 734564
total bases: 183886525
Q20 bases: 182389588(99.1859%)
Q30 bases: 177586895(96.5742%)
Q40 bases: 177586895(96.5742%)

Read2 after filtering:
total reads: 734564
total bases: 183828451
Q20 bases: 181425535(98.6928%)
Q30 bases: 173323158(94.2853%)
Q40 bases: 173323158(94.2853%)

Filtering result:
reads passed filter: 1469128
reads failed due to low quality: 9098
reads failed due to too many N: 18
reads failed due to too short: 1626
reads failed due to adapter dimer: 12
reads with adapter trimmed: 1429995
bases trimmed due to adapters: 23459953

Duplication rate: 14.6474%

Insert size peak (evaluated by paired-end reads): 298

JSON report: fastp.json
HTML report: fastp.html

fastp -w 6 -i /scratch4/workspace/jade_fiorilla_student_uml_edu-rawseqorcc/fastq/2024_Both04_Warm06_O67_gut_S7_R1_001.fastq.gz -I /scratch4/workspace/jade_fiorilla_student_uml_edu-rawseqorcc/fastq/2024_Both04_Warm06_O67_gut_S7_R2_001.fastq.gz -o /scratch4/workspace/jade_fiorilla_student_uml_edu-rawseqorcc/trimmed-fastp/2024_Both04_Warm06_O67_gut_S7_R1_trim.fastq.gz -O /scratch4/workspace/jade_fiorilla_student_uml_edu-rawseqorcc/trimmed-fastp/2024_Both04_Warm06_O67_gut_S7_R2_trim.fastq.gz --detect_adapter_for_pe 
fastp v1.3.7, time used: 7 seconds
Running fastp on: 2024_Both05_Both06_O69_gill_S231
Detecting adapter sequence for read1...
No adapter detected for read1

Detecting adapter sequence for read2...
No adapter detected for read2

Read1 before filtering:
total reads: 4664
total bases: 1403864
Q20 bases: 1360431(96.9062%)
Q30 bases: 1285991(91.6037%)
Q40 bases: 1285991(91.6037%)

Read2 before filtering:
total reads: 4664
total bases: 1403864
Q20 bases: 1367783(97.4299%)
Q30 bases: 1291607(92.0037%)
Q40 bases: 1291607(92.0037%)

Read1 after filtering:
total reads: 4575
total bases: 1087864
Q20 bases: 1059153(97.3608%)
Q30 bases: 1010685(92.9055%)
Q40 bases: 1010685(92.9055%)

Read2 after filtering:
total reads: 4575
total bases: 1090414
Q20 bases: 1067879(97.9334%)
Q30 bases: 1007263(92.3744%)
Q40 bases: 1007263(92.3744%)

Filtering result:
reads passed filter: 9150
reads failed due to low quality: 168
reads failed due to too many N: 2
reads failed due to too short: 8
reads failed due to adapter dimer: 0
reads with adapter trimmed: 6674
bases trimmed due to adapters: 78205

Duplication rate: 8.27616%

Insert size peak (evaluated by paired-end reads): 294

JSON report: fastp.json
HTML report: fastp.html

fastp -w 6 -i /scratch4/workspace/jade_fiorilla_student_uml_edu-rawseqorcc/fastq/2024_Both05_Both06_O69_gill_S231_R1_001.fastq.gz -I /scratch4/workspace/jade_fiorilla_student_uml_edu-rawseqorcc/fastq/2024_Both05_Both06_O69_gill_S231_R2_001.fastq.gz -o /scratch4/workspace/jade_fiorilla_student_uml_edu-rawseqorcc/trimmed-fastp/2024_Both05_Both06_O69_gill_S231_R1_trim.fastq.gz -O /scratch4/workspace/jade_fiorilla_student_uml_edu-rawseqorcc/trimmed-fastp/2024_Both05_Both06_O69_gill_S231_R2_trim.fastq.gz --detect_adapter_for_pe 
fastp v1.3.7, time used: 1 seconds
Running fastp on: 2024_Both05_Both06_O69_gut_S55
Detecting adapter sequence for read1...
>I7_Nextera_Transposase_1 | >Trans2_rc | >I7_Nextera_Transposase_1 | >Trans2_rc
CTGTCTCTTATACACATCTCCGAGCCCACGAGAC

Detecting adapter sequence for read2...
>I5_Nextera_Transposase_1 | >Trans1_rc | >I5_Nextera_Transposase_1 | >Trans1_rc
CTGTCTCTTATACACATCTGACGCTGCCGACGA

Read1 before filtering:
total reads: 948112
total bases: 285381712
Q20 bases: 272876449(95.6181%)
Q30 bases: 254429436(89.1541%)
Q40 bases: 254429436(89.1541%)

Read2 before filtering:
total reads: 948112
total bases: 285381712
Q20 bases: 282092357(98.8474%)
Q30 bases: 272919073(95.633%)
Q40 bases: 272919073(95.633%)

Read1 after filtering:
total reads: 941486
total bases: 159090990
Q20 bases: 157704935(99.1288%)
Q30 bases: 153618219(96.56%)
Q40 bases: 153618219(96.56%)

Read2 after filtering:
total reads: 941486
total bases: 158785830
Q20 bases: 156982547(98.8643%)
Q30 bases: 150796267(94.9683%)
Q40 bases: 150796267(94.9683%)

Filtering result:
reads passed filter: 1882972
reads failed due to low quality: 11326
reads failed due to too many N: 48
reads failed due to too short: 1870
reads failed due to adapter dimer: 8
reads with adapter trimmed: 1872999
bases trimmed due to adapters: 71718351

Duplication rate: 14.6896%

Insert size peak (evaluated by paired-end reads): 296

JSON report: fastp.json
HTML report: fastp.html

fastp -w 6 -i /scratch4/workspace/jade_fiorilla_student_uml_edu-rawseqorcc/fastq/2024_Both05_Both06_O69_gut_S55_R1_001.fastq.gz -I /scratch4/workspace/jade_fiorilla_student_uml_edu-rawseqorcc/fastq/2024_Both05_Both06_O69_gut_S55_R2_001.fastq.gz -o /scratch4/workspace/jade_fiorilla_student_uml_edu-rawseqorcc/trimmed-fastp/2024_Both05_Both06_O69_gut_S55_R1_trim.fastq.gz -O /scratch4/workspace/jade_fiorilla_student_uml_edu-rawseqorcc/trimmed-fastp/2024_Both05_Both06_O69_gut_S55_R2_trim.fastq.gz --detect_adapter_for_pe 
fastp v1.3.7, time used: 8 seconds
Running fastp on: 2024_Both05_Cont01_O9_gill_S142
Detecting adapter sequence for read1...
>I7_Nextera_Transposase_1 | >Trans2_rc | >I7_Nextera_Transposase_1 | >Trans2_rc
CTGTCTCTTATACACATCTCCGAGCCCACGAGAC

Detecting adapter sequence for read2...
>I5_Nextera_Transposase_1 | >Trans1_rc | >I5_Nextera_Transposase_1 | >Trans1_rc
CTGTCTCTTATACACATCTGACGCTGCCGACGA

Read1 before filtering:
total reads: 931699
total bases: 280441399
Q20 bases: 270841886(96.577%)
Q30 bases: 256303965(91.3931%)
Q40 bases: 256303965(91.3931%)

Read2 before filtering:
total reads: 931699
total bases: 280441399
Q20 bases: 276263245(98.5102%)
Q30 bases: 264808192(94.4255%)
Q40 bases: 264808192(94.4255%)

Read1 after filtering:
total reads: 925361
total bases: 175079542
Q20 bases: 173754793(99.2433%)
Q30 bases: 169692749(96.9232%)
Q40 bases: 169692749(96.9232%)

Read2 after filtering:
total reads: 925361
total bases: 174979222
Q20 bases: 172288036(98.462%)
Q30 bases: 163722436(93.5668%)
Q40 bases: 163722436(93.5668%)

Filtering result:
reads passed filter: 1850722
reads failed due to low quality: 11598
reads failed due to too many N: 46
reads failed due to too short: 1032
reads failed due to adapter dimer: 0
reads with adapter trimmed: 1843814
bases trimmed due to adapters: 65047174

Duplication rate: 29.7118%

Insert size peak (evaluated by paired-end reads): 294

JSON report: fastp.json
HTML report: fastp.html

fastp -w 6 -i /scratch4/workspace/jade_fiorilla_student_uml_edu-rawseqorcc/fastq/2024_Both05_Cont01_O9_gill_S142_R1_001.fastq.gz -I /scratch4/workspace/jade_fiorilla_student_uml_edu-rawseqorcc/fastq/2024_Both05_Cont01_O9_gill_S142_R2_001.fastq.gz -o /scratch4/workspace/jade_fiorilla_student_uml_edu-rawseqorcc/trimmed-fastp/2024_Both05_Cont01_O9_gill_S142_R1_trim.fastq.gz -O /scratch4/workspace/jade_fiorilla_student_uml_edu-rawseqorcc/trimmed-fastp/2024_Both05_Cont01_O9_gill_S142_R2_trim.fastq.gz --detect_adapter_for_pe 
fastp v1.3.7, time used: 8 seconds
Running fastp on: 2024_Both05_Cont01_O9_gut_S36
Detecting adapter sequence for read1...
>I7_Nextera_Transposase_1 | >Trans2_rc | >I7_Nextera_Transposase_1 | >Trans2_rc
CTGTCTCTTATACACATCTCCGAGCCCACGAGAC

Detecting adapter sequence for read2...
>I5_Nextera_Transposase_1 | >Trans1_rc | >I5_Nextera_Transposase_1 | >Trans1_rc
CTGTCTCTTATACACATCTGACGCTGCCGACGA

Read1 before filtering:
total reads: 839990
total bases: 252836990
Q20 bases: 241878259(95.6657%)
Q30 bases: 225274055(89.0985%)
Q40 bases: 225274055(89.0985%)

Read2 before filtering:
total reads: 839990
total bases: 252836990
Q20 bases: 250597678(99.1143%)
Q30 bases: 244176851(96.5748%)
Q40 bases: 244176851(96.5748%)

Read1 after filtering:
total reads: 834844
total bases: 78009317
Q20 bases: 77373647(99.1851%)
Q30 bases: 75566996(96.8692%)
Q40 bases: 75566996(96.8692%)

Read2 after filtering:
total reads: 834844
total bases: 77799186
Q20 bases: 76950900(98.9096%)
Q30 bases: 74008273(95.1273%)
Q40 bases: 74008273(95.1273%)

Filtering result:
reads passed filter: 1669688
reads failed due to low quality: 9456
reads failed due to too many N: 30
reads failed due to too short: 806
reads failed due to adapter dimer: 0
reads with adapter trimmed: 1662656
bases trimmed due to adapters: 96737661

Duplication rate: 51.7372%

Insert size peak (evaluated by paired-end reads): 292

JSON report: fastp.json
HTML report: fastp.html

fastp -w 6 -i /scratch4/workspace/jade_fiorilla_student_uml_edu-rawseqorcc/fastq/2024_Both05_Cont01_O9_gut_S36_R1_001.fastq.gz -I /scratch4/workspace/jade_fiorilla_student_uml_edu-rawseqorcc/fastq/2024_Both05_Cont01_O9_gut_S36_R2_001.fastq.gz -o /scratch4/workspace/jade_fiorilla_student_uml_edu-rawseqorcc/trimmed-fastp/2024_Both05_Cont01_O9_gut_S36_R1_trim.fastq.gz -O /scratch4/workspace/jade_fiorilla_student_uml_edu-rawseqorcc/trimmed-fastp/2024_Both05_Cont01_O9_gut_S36_R2_trim.fastq.gz --detect_adapter_for_pe 
fastp v1.3.7, time used: 6 seconds
Running fastp on: 2024_Both05_Hyp02_O21_gill_S240
Detecting adapter sequence for read1...
>I7_Nextera_Transposase_1 | >Trans2_rc | >I7_Nextera_Transposase_1 | >Trans2_rc
CTGTCTCTTATACACATCTCCGAGCCCACGAGAC

Detecting adapter sequence for read2...
>I5_Nextera_Transposase_1 | >Trans1_rc | >I5_Nextera_Transposase_1 | >Trans1_rc
CTGTCTCTTATACACATCTGACGCTGCCGACGA

Read1 before filtering:
total reads: 690526
total bases: 207848326
Q20 bases: 204275292(98.2809%)
Q30 bases: 195902563(94.2527%)
Q40 bases: 195902563(94.2527%)

Read2 before filtering:
total reads: 690526
total bases: 207848326
Q20 bases: 204437699(98.3591%)
Q30 bases: 194558075(93.6058%)
Q40 bases: 194558075(93.6058%)

Read1 after filtering:
total reads: 684954
total bases: 182816465
Q20 bases: 181186756(99.1086%)
Q30 bases: 175831360(96.1792%)
Q40 bases: 175831360(96.1792%)

Read2 after filtering:
total reads: 684954
total bases: 182827146
Q20 bases: 180512684(98.7341%)
Q30 bases: 172520620(94.3627%)
Q40 bases: 172520620(94.3627%)

Filtering result:
reads passed filter: 1369908
reads failed due to low quality: 10096
reads failed due to too many N: 82
reads failed due to too short: 966
reads failed due to adapter dimer: 0
reads with adapter trimmed: 1370407
bases trimmed due to adapters: 32242177

Duplication rate: 57.0824%

Insert size peak (evaluated by paired-end reads): 292

JSON report: fastp.json
HTML report: fastp.html

fastp -w 6 -i /scratch4/workspace/jade_fiorilla_student_uml_edu-rawseqorcc/fastq/2024_Both05_Hyp02_O21_gill_S240_R1_001.fastq.gz -I /scratch4/workspace/jade_fiorilla_student_uml_edu-rawseqorcc/fastq/2024_Both05_Hyp02_O21_gill_S240_R2_001.fastq.gz -o /scratch4/workspace/jade_fiorilla_student_uml_edu-rawseqorcc/trimmed-fastp/2024_Both05_Hyp02_O21_gill_S240_R1_trim.fastq.gz -O /scratch4/workspace/jade_fiorilla_student_uml_edu-rawseqorcc/trimmed-fastp/2024_Both05_Hyp02_O21_gill_S240_R2_trim.fastq.gz --detect_adapter_for_pe 
fastp v1.3.7, time used: 6 seconds
Running fastp on: 2024_Both05_Hyp02_O21_gut_S37
Detecting adapter sequence for read1...
>I7_Nextera_Transposase_1 | >Trans2_rc | >I7_Nextera_Transposase_1 | >Trans2_rc
CTGTCTCTTATACACATCTCCGAGCCCACGAGAC

Detecting adapter sequence for read2...
>I5_Nextera_Transposase_1 | >Trans1_rc | >I5_Nextera_Transposase_1 | >Trans1_rc
CTGTCTCTTATACACATCTGACGCTGCCGACGA

Read1 before filtering:
total reads: 716630
total bases: 215705630
Q20 bases: 206494169(95.7296%)
Q30 bases: 192359017(89.1766%)
Q40 bases: 192359017(89.1766%)

Read2 before filtering:
total reads: 716630
total bases: 215705630
Q20 bases: 213116613(98.7997%)
Q30 bases: 205864490(95.4377%)
Q40 bases: 205864490(95.4377%)

Read1 after filtering:
total reads: 711542
total bases: 73408683
Q20 bases: 72744339(99.095%)
Q30 bases: 70873439(96.5464%)
Q40 bases: 70873439(96.5464%)

Read2 after filtering:
total reads: 711542
total bases: 73213432
Q20 bases: 72397960(98.8862%)
Q30 bases: 69619236(95.0908%)
Q40 bases: 69619236(95.0908%)

Filtering result:
reads passed filter: 1423084
reads failed due to low quality: 9366
reads failed due to too many N: 16
reads failed due to too short: 794
reads failed due to adapter dimer: 0
reads with adapter trimmed: 1417866
bases trimmed due to adapters: 79109862

Duplication rate: 48.4389%

Insert size peak (evaluated by paired-end reads): 292

JSON report: fastp.json
HTML report: fastp.html

fastp -w 6 -i /scratch4/workspace/jade_fiorilla_student_uml_edu-rawseqorcc/fastq/2024_Both05_Hyp02_O21_gut_S37_R1_001.fastq.gz -I /scratch4/workspace/jade_fiorilla_student_uml_edu-rawseqorcc/fastq/2024_Both05_Hyp02_O21_gut_S37_R2_001.fastq.gz -o /scratch4/workspace/jade_fiorilla_student_uml_edu-rawseqorcc/trimmed-fastp/2024_Both05_Hyp02_O21_gut_S37_R1_trim.fastq.gz -O /scratch4/workspace/jade_fiorilla_student_uml_edu-rawseqorcc/trimmed-fastp/2024_Both05_Hyp02_O21_gut_S37_R2_trim.fastq.gz --detect_adapter_for_pe 
fastp v1.3.7, time used: 6 seconds
Running fastp on: 2024_Both05_Null_O36_gill_S270
Detecting adapter sequence for read1...
>I7_Nextera_Transposase_1 | >Trans2_rc | >I7_Nextera_Transposase_1 | >Trans2_rc
CTGTCTCTTATACACATCTCCGAGCCCACGAGAC

Detecting adapter sequence for read2...
>I5_Nextera_Transposase_1 | >Trans1_rc | >I5_Nextera_Transposase_1 | >Trans1_rc
CTGTCTCTTATACACATCTGACGCTGCCGACGA

Read1 before filtering:
total reads: 675108
total bases: 203207508
Q20 bases: 200944789(98.8865%)
Q30 bases: 195370898(96.1435%)
Q40 bases: 195370898(96.1435%)

Read2 before filtering:
total reads: 675108
total bases: 203207508
Q20 bases: 197250347(97.0684%)
Q30 bases: 183242823(90.1752%)
Q40 bases: 183242823(90.1752%)

Read1 after filtering:
total reads: 670458
total bases: 191299334
Q20 bases: 189906218(99.2718%)
Q30 bases: 185489760(96.9631%)
Q40 bases: 185489760(96.9631%)

Read2 after filtering:
total reads: 670458
total bases: 191347416
Q20 bases: 186521971(97.4782%)
Q30 bases: 174165399(91.0205%)
Q40 bases: 174165399(91.0205%)

Filtering result:
reads passed filter: 1340916
reads failed due to low quality: 8702
reads failed due to too many N: 36
reads failed due to too short: 562
reads failed due to adapter dimer: 0
reads with adapter trimmed: 1332418
bases trimmed due to adapters: 12947885

Duplication rate: 39.2665%

Insert size peak (evaluated by paired-end reads): 293

JSON report: fastp.json
HTML report: fastp.html

fastp -w 6 -i /scratch4/workspace/jade_fiorilla_student_uml_edu-rawseqorcc/fastq/2024_Both05_Null_O36_gill_S270_R1_001.fastq.gz -I /scratch4/workspace/jade_fiorilla_student_uml_edu-rawseqorcc/fastq/2024_Both05_Null_O36_gill_S270_R2_001.fastq.gz -o /scratch4/workspace/jade_fiorilla_student_uml_edu-rawseqorcc/trimmed-fastp/2024_Both05_Null_O36_gill_S270_R1_trim.fastq.gz -O /scratch4/workspace/jade_fiorilla_student_uml_edu-rawseqorcc/trimmed-fastp/2024_Both05_Null_O36_gill_S270_R2_trim.fastq.gz --detect_adapter_for_pe 
fastp v1.3.7, time used: 9 seconds
Running fastp on: 2024_Both05_Null_O36_gut_S73
Detecting adapter sequence for read1...
>I7_Nextera_Transposase_1 | >Trans2_rc | >I7_Nextera_Transposase_1 | >Trans2_rc
CTGTCTCTTATACACATCTCCGAGCCCACGAGAC

Detecting adapter sequence for read2...
>I5_Nextera_Transposase_1 | >Trans1_rc | >I5_Nextera_Transposase_1 | >Trans1_rc
CTGTCTCTTATACACATCTGACGCTGCCGACGA

Read1 before filtering:
total reads: 893274
total bases: 268875474
Q20 bases: 260742932(96.9754%)
Q30 bases: 247238577(91.9528%)
Q40 bases: 247238577(91.9528%)

Read2 before filtering:
total reads: 893274
total bases: 268875474
Q20 bases: 265545951(98.7617%)
Q30 bases: 256026949(95.2214%)
Q40 bases: 256026949(95.2214%)

Read1 after filtering:
total reads: 887643
total bases: 172559689
Q20 bases: 170890028(99.0324%)
Q30 bases: 165894537(96.1375%)
Q40 bases: 165894537(96.1375%)

Read2 after filtering:
total reads: 887643
total bases: 172391990
Q20 bases: 170223021(98.7418%)
Q30 bases: 163081054(94.599%)
Q40 bases: 163081054(94.599%)

Filtering result:
reads passed filter: 1775286
reads failed due to low quality: 10236
reads failed due to too many N: 30
reads failed due to too short: 994
reads failed due to adapter dimer: 2
reads with adapter trimmed: 1769532
bases trimmed due to adapters: 57413019

Duplication rate: 23.763%

Insert size peak (evaluated by paired-end reads): 294

JSON report: fastp.json
HTML report: fastp.html

fastp -w 6 -i /scratch4/workspace/jade_fiorilla_student_uml_edu-rawseqorcc/fastq/2024_Both05_Null_O36_gut_S73_R1_001.fastq.gz -I /scratch4/workspace/jade_fiorilla_student_uml_edu-rawseqorcc/fastq/2024_Both05_Null_O36_gut_S73_R2_001.fastq.gz -o /scratch4/workspace/jade_fiorilla_student_uml_edu-rawseqorcc/trimmed-fastp/2024_Both05_Null_O36_gut_S73_R1_trim.fastq.gz -O /scratch4/workspace/jade_fiorilla_student_uml_edu-rawseqorcc/trimmed-fastp/2024_Both05_Null_O36_gut_S73_R2_trim.fastq.gz --detect_adapter_for_pe 
fastp v1.3.7, time used: 9 seconds
Running fastp on: 2024_Both05_Warm03_O33_gill_S272
Detecting adapter sequence for read1...
>I7_Nextera_Transposase_1 | >Trans2_rc | >I7_Nextera_Transposase_1 | >Trans2_rc
CTGTCTCTTATACACATCTCCGAGCCCACGAGAC

Detecting adapter sequence for read2...
>I5_Nextera_Transposase_1 | >Trans1_rc | >I5_Nextera_Transposase_1 | >Trans1_rc
CTGTCTCTTATACACATCTGACGCTGCCGACGA

Read1 before filtering:
total reads: 753768
total bases: 226884168
Q20 bases: 223577062(98.5424%)
Q30 bases: 216189736(95.2864%)
Q40 bases: 216189736(95.2864%)

Read2 before filtering:
total reads: 753768
total bases: 226884168
Q20 bases: 224022240(98.7386%)
Q30 bases: 215297621(94.8932%)
Q40 bases: 215297621(94.8932%)

Read1 after filtering:
total reads: 749284
total bases: 202633163
Q20 bases: 201173194(99.2795%)
Q30 bases: 196265436(96.8575%)
Q40 bases: 196265436(96.8575%)

Read2 after filtering:
total reads: 749284
total bases: 202621273
Q20 bases: 200458941(98.9328%)
Q30 bases: 192873857(95.1893%)
Q40 bases: 192873857(95.1893%)

Filtering result:
reads passed filter: 1498568
reads failed due to low quality: 8298
reads failed due to too many N: 56
reads failed due to too short: 608
reads failed due to adapter dimer: 6
reads with adapter trimmed: 1490316
bases trimmed due to adapters: 20132097

Duplication rate: 48.1462%

Insert size peak (evaluated by paired-end reads): 294

JSON report: fastp.json
HTML report: fastp.html

fastp -w 6 -i /scratch4/workspace/jade_fiorilla_student_uml_edu-rawseqorcc/fastq/2024_Both05_Warm03_O33_gill_S272_R1_001.fastq.gz -I /scratch4/workspace/jade_fiorilla_student_uml_edu-rawseqorcc/fastq/2024_Both05_Warm03_O33_gill_S272_R2_001.fastq.gz -o /scratch4/workspace/jade_fiorilla_student_uml_edu-rawseqorcc/trimmed-fastp/2024_Both05_Warm03_O33_gill_S272_R1_trim.fastq.gz -O /scratch4/workspace/jade_fiorilla_student_uml_edu-rawseqorcc/trimmed-fastp/2024_Both05_Warm03_O33_gill_S272_R2_trim.fastq.gz --detect_adapter_for_pe 
fastp v1.3.7, time used: 7 seconds
Running fastp on: 2024_Both05_Warm03_O33_gut_S1
Detecting adapter sequence for read1...
>I7_Nextera_Transposase_1 | >Trans2_rc | >I7_Nextera_Transposase_1 | >Trans2_rc
CTGTCTCTTATACACATCTCCGAGCCCACGAGAC

Detecting adapter sequence for read2...
>I5_Nextera_Transposase_1 | >Trans1_rc | >I5_Nextera_Transposase_1 | >Trans1_rc
CTGTCTCTTATACACATCTGACGCTGCCGACGA

Read1 before filtering:
total reads: 839725
total bases: 252757225
Q20 bases: 247145597(97.7798%)
Q30 bases: 236314335(93.4946%)
Q40 bases: 236314335(93.4946%)

Read2 before filtering:
total reads: 839725
total bases: 252757225
Q20 bases: 249270303(98.6204%)
Q30 bases: 238824806(94.4878%)
Q40 bases: 238824806(94.4878%)

Read1 after filtering:
total reads: 833551
total bases: 213377661
Q20 bases: 211787688(99.2549%)
Q30 bases: 206494715(96.7743%)
Q40 bases: 206494715(96.7743%)

Read2 after filtering:
total reads: 833551
total bases: 213321194
Q20 bases: 210829104(98.8318%)
Q30 bases: 202046737(94.7148%)
Q40 bases: 202046737(94.7148%)

Filtering result:
reads passed filter: 1667102
reads failed due to low quality: 10292
reads failed due to too many N: 50
reads failed due to too short: 1992
reads failed due to adapter dimer: 14
reads with adapter trimmed: 1645903
bases trimmed due to adapters: 26189189

Duplication rate: 14.928%

Insert size peak (evaluated by paired-end reads): 298

JSON report: fastp.json
HTML report: fastp.html

fastp -w 6 -i /scratch4/workspace/jade_fiorilla_student_uml_edu-rawseqorcc/fastq/2024_Both05_Warm03_O33_gut_S1_R1_001.fastq.gz -I /scratch4/workspace/jade_fiorilla_student_uml_edu-rawseqorcc/fastq/2024_Both05_Warm03_O33_gut_S1_R2_001.fastq.gz -o /scratch4/workspace/jade_fiorilla_student_uml_edu-rawseqorcc/trimmed-fastp/2024_Both05_Warm03_O33_gut_S1_R1_trim.fastq.gz -O /scratch4/workspace/jade_fiorilla_student_uml_edu-rawseqorcc/trimmed-fastp/2024_Both05_Warm03_O33_gut_S1_R2_trim.fastq.gz --detect_adapter_for_pe 
fastp v1.3.7, time used: 9 seconds
Running fastp on: 2024_Both06_Cont02_O24_gill_S216
Detecting adapter sequence for read1...
>I7_Nextera_Transposase_1 | >Trans2_rc | >I7_Nextera_Transposase_1 | >Trans2_rc
CTGTCTCTTATACACATCTCCGAGCCCACGAGAC

Detecting adapter sequence for read2...
>I5_Nextera_Transposase_1 | >Trans1_rc | >I5_Nextera_Transposase_1 | >Trans1_rc
CTGTCTCTTATACACATCTGACGCTGCCGACGA

Read1 before filtering:
total reads: 451731
total bases: 135971031
Q20 bases: 132226738(97.2463%)
Q30 bases: 122605355(90.1702%)
Q40 bases: 122605355(90.1702%)

Read2 before filtering:
total reads: 451731
total bases: 135971031
Q20 bases: 134260100(98.7417%)
Q30 bases: 128738561(94.6809%)
Q40 bases: 128738561(94.6809%)

Read1 after filtering:
total reads: 448492
total bases: 125798559
Q20 bases: 123218835(97.9493%)
Q30 bases: 115271377(91.6317%)
Q40 bases: 115271377(91.6317%)

Read2 after filtering:
total reads: 448492
total bases: 125798183
Q20 bases: 124425916(98.9092%)
Q30 bases: 119465799(94.9662%)
Q40 bases: 119465799(94.9662%)

Filtering result:
reads passed filter: 896984
reads failed due to low quality: 5988
reads failed due to too many N: 18
reads failed due to too short: 470
reads failed due to adapter dimer: 2
reads with adapter trimmed: 783553
bases trimmed due to adapters: 9278050

Duplication rate: 29.3214%

Insert size peak (evaluated by paired-end reads): 294

JSON report: fastp.json
HTML report: fastp.html

fastp -w 6 -i /scratch4/workspace/jade_fiorilla_student_uml_edu-rawseqorcc/fastq/2024_Both06_Cont02_O24_gill_S216_R1_001.fastq.gz -I /scratch4/workspace/jade_fiorilla_student_uml_edu-rawseqorcc/fastq/2024_Both06_Cont02_O24_gill_S216_R2_001.fastq.gz -o /scratch4/workspace/jade_fiorilla_student_uml_edu-rawseqorcc/trimmed-fastp/2024_Both06_Cont02_O24_gill_S216_R1_trim.fastq.gz -O /scratch4/workspace/jade_fiorilla_student_uml_edu-rawseqorcc/trimmed-fastp/2024_Both06_Cont02_O24_gill_S216_R2_trim.fastq.gz --detect_adapter_for_pe 
fastp v1.3.7, time used: 7 seconds
Running fastp on: 2024_Both06_Cont02_O24_gut_S38
Detecting adapter sequence for read1...
>I7_Nextera_Transposase_1 | >Trans2_rc | >I7_Nextera_Transposase_1 | >Trans2_rc
CTGTCTCTTATACACATCTCCGAGCCCACGAGAC

Detecting adapter sequence for read2...
>I5_Nextera_Transposase_1 | >Trans1_rc | >I5_Nextera_Transposase_1 | >Trans1_rc
CTGTCTCTTATACACATCTGACGCTGCCGACGA

Read1 before filtering:
total reads: 807539
total bases: 243069239
Q20 bases: 235463306(96.8709%)
Q30 bases: 222840486(91.6778%)
Q40 bases: 222840486(91.6778%)

Read2 before filtering:
total reads: 807539
total bases: 243069239
Q20 bases: 240275916(98.8508%)
Q30 bases: 232382225(95.6033%)
Q40 bases: 232382225(95.6033%)

Read1 after filtering:
total reads: 801687
total bases: 134361932
Q20 bases: 133304991(99.2134%)
Q30 bases: 130100146(96.8281%)
Q40 bases: 130100146(96.8281%)

Read2 after filtering:
total reads: 801687
total bases: 134210478
Q20 bases: 132620798(98.8155%)
Q30 bases: 127309164(94.8578%)
Q40 bases: 127309164(94.8578%)

Filtering result:
reads passed filter: 1603374
reads failed due to low quality: 10846
reads failed due to too many N: 36
reads failed due to too short: 822
reads failed due to adapter dimer: 0
reads with adapter trimmed: 1600773
bases trimmed due to adapters: 63581784

Duplication rate: 51.7421%

Insert size peak (evaluated by paired-end reads): 292

JSON report: fastp.json
HTML report: fastp.html

fastp -w 6 -i /scratch4/workspace/jade_fiorilla_student_uml_edu-rawseqorcc/fastq/2024_Both06_Cont02_O24_gut_S38_R1_001.fastq.gz -I /scratch4/workspace/jade_fiorilla_student_uml_edu-rawseqorcc/fastq/2024_Both06_Cont02_O24_gut_S38_R2_001.fastq.gz -o /scratch4/workspace/jade_fiorilla_student_uml_edu-rawseqorcc/trimmed-fastp/2024_Both06_Cont02_O24_gut_S38_R1_trim.fastq.gz -O /scratch4/workspace/jade_fiorilla_student_uml_edu-rawseqorcc/trimmed-fastp/2024_Both06_Cont02_O24_gut_S38_R2_trim.fastq.gz --detect_adapter_for_pe 
fastp v1.3.7, time used: 6 seconds
Running fastp on: 2024_Both06_Hyp03_O35_gill_S258
Detecting adapter sequence for read1...
>I7_Nextera_Transposase_1 | >Trans2_rc | >I7_Nextera_Transposase_1 | >Trans2_rc
CTGTCTCTTATACACATCTCCGAGCCCACGAGAC

Detecting adapter sequence for read2...
>I5_Nextera_Transposase_1 | >Trans1_rc | >I5_Nextera_Transposase_1 | >Trans1_rc
CTGTCTCTTATACACATCTGACGCTGCCGACGA

Read1 before filtering:
total reads: 637523
total bases: 191894423
Q20 bases: 189688363(98.8504%)
Q30 bases: 184052661(95.9135%)
Q40 bases: 184052661(95.9135%)

Read2 before filtering:
total reads: 637523
total bases: 191894423
Q20 bases: 188753205(98.363%)
Q30 bases: 179848157(93.7225%)
Q40 bases: 179848157(93.7225%)

Read1 after filtering:
total reads: 632799
total bases: 183048054
Q20 bases: 181624451(99.2223%)
Q30 bases: 176978356(96.6841%)
Q40 bases: 176978356(96.6841%)

Read2 after filtering:
total reads: 632799
total bases: 183047249
Q20 bases: 180576735(98.6503%)
Q30 bases: 172573362(94.278%)
Q40 bases: 172573362(94.278%)

Filtering result:
reads passed filter: 1265598
reads failed due to low quality: 8168
reads failed due to too many N: 52
reads failed due to too short: 1216
reads failed due to adapter dimer: 12
reads with adapter trimmed: 1254174
bases trimmed due to adapters: 8988742

Duplication rate: 19.8506%

Insert size peak (evaluated by paired-end reads): 296

JSON report: fastp.json
HTML report: fastp.html

fastp -w 6 -i /scratch4/workspace/jade_fiorilla_student_uml_edu-rawseqorcc/fastq/2024_Both06_Hyp03_O35_gill_S258_R1_001.fastq.gz -I /scratch4/workspace/jade_fiorilla_student_uml_edu-rawseqorcc/fastq/2024_Both06_Hyp03_O35_gill_S258_R2_001.fastq.gz -o /scratch4/workspace/jade_fiorilla_student_uml_edu-rawseqorcc/trimmed-fastp/2024_Both06_Hyp03_O35_gill_S258_R1_trim.fastq.gz -O /scratch4/workspace/jade_fiorilla_student_uml_edu-rawseqorcc/trimmed-fastp/2024_Both06_Hyp03_O35_gill_S258_R2_trim.fastq.gz --detect_adapter_for_pe 
fastp v1.3.7, time used: 9 seconds
Running fastp on: 2024_Both06_Hyp03_O35_gut_S266
Detecting adapter sequence for read1...
>I7_Nextera_Transposase_1 | >Trans2_rc | >I7_Nextera_Transposase_1 | >Trans2_rc
CTGTCTCTTATACACATCTCCGAGCCCACGAGAC

Detecting adapter sequence for read2...
>I5_Nextera_Transposase_1 | >Trans1_rc | >I5_Nextera_Transposase_1 | >Trans1_rc
CTGTCTCTTATACACATCTGACGCTGCCGACGA

Read1 before filtering:
total reads: 801425
total bases: 241228925
Q20 bases: 238340776(98.8027%)
Q30 bases: 231438643(95.9415%)
Q40 bases: 231438643(95.9415%)

Read2 before filtering:
total reads: 801425
total bases: 241228925
Q20 bases: 237509781(98.4583%)
Q30 bases: 226810915(94.0231%)
Q40 bases: 226810915(94.0231%)

Read1 after filtering:
total reads: 796267
total bases: 222416744
Q20 bases: 220835860(99.2892%)
Q30 bases: 215667108(96.9653%)
Q40 bases: 215667108(96.9653%)

Read2 after filtering:
total reads: 796267
total bases: 222418395
Q20 bases: 219531578(98.7021%)
Q30 bases: 210115635(94.4686%)
Q40 bases: 210115635(94.4686%)

Filtering result:
reads passed filter: 1592534
reads failed due to low quality: 9626
reads failed due to too many N: 38
reads failed due to too short: 652
reads failed due to adapter dimer: 0
reads with adapter trimmed: 1582218
bases trimmed due to adapters: 17439492

Duplication rate: 41.9127%

Insert size peak (evaluated by paired-end reads): 294

JSON report: fastp.json
HTML report: fastp.html

fastp -w 6 -i /scratch4/workspace/jade_fiorilla_student_uml_edu-rawseqorcc/fastq/2024_Both06_Hyp03_O35_gut_S266_R1_001.fastq.gz -I /scratch4/workspace/jade_fiorilla_student_uml_edu-rawseqorcc/fastq/2024_Both06_Hyp03_O35_gut_S266_R2_001.fastq.gz -o /scratch4/workspace/jade_fiorilla_student_uml_edu-rawseqorcc/trimmed-fastp/2024_Both06_Hyp03_O35_gut_S266_R1_trim.fastq.gz -O /scratch4/workspace/jade_fiorilla_student_uml_edu-rawseqorcc/trimmed-fastp/2024_Both06_Hyp03_O35_gut_S266_R2_trim.fastq.gz --detect_adapter_for_pe 
fastp v1.3.7, time used: 9 seconds
Running fastp on: 2024_Both06_Hyp06_O72_gill_S193
Detecting adapter sequence for read1...
>I7_Nextera_Transposase_1 | >Trans2_rc | >I7_Nextera_Transposase_1 | >Trans2_rc
CTGTCTCTTATACACATCTCCGAGCCCACGAGAC

Detecting adapter sequence for read2...
>I5_Nextera_Transposase_1 | >Trans1_rc | >I5_Nextera_Transposase_1 | >Trans1_rc
CTGTCTCTTATACACATCTGACGCTGCCGACGA

Read1 before filtering:
total reads: 917630
total bases: 276206630
Q20 bases: 272293360(98.5832%)
Q30 bases: 262578455(95.0659%)
Q40 bases: 262578455(95.0659%)

Read2 before filtering:
total reads: 917630
total bases: 276206630
Q20 bases: 270157597(97.81%)
Q30 bases: 254305599(92.0708%)
Q40 bases: 254305599(92.0708%)

Read1 after filtering:
total reads: 910279
total bases: 257583885
Q20 bases: 255478908(99.1828%)
Q30 bases: 248103133(96.3194%)
Q40 bases: 248103133(96.3194%)

Read2 after filtering:
total reads: 910279
total bases: 257559812
Q20 bases: 252601280(98.0748%)
Q30 bases: 238190578(92.4797%)
Q40 bases: 238190578(92.4797%)

Filtering result:
reads passed filter: 1820558
reads failed due to low quality: 12158
reads failed due to too many N: 82
reads failed due to too short: 2460
reads failed due to adapter dimer: 2
reads with adapter trimmed: 1782028
bases trimmed due to adapters: 13452358

Duplication rate: 12.4707%

Insert size peak (evaluated by paired-end reads): 298

JSON report: fastp.json
HTML report: fastp.html

fastp -w 6 -i /scratch4/workspace/jade_fiorilla_student_uml_edu-rawseqorcc/fastq/2024_Both06_Hyp06_O72_gill_S193_R1_001.fastq.gz -I /scratch4/workspace/jade_fiorilla_student_uml_edu-rawseqorcc/fastq/2024_Both06_Hyp06_O72_gill_S193_R2_001.fastq.gz -o /scratch4/workspace/jade_fiorilla_student_uml_edu-rawseqorcc/trimmed-fastp/2024_Both06_Hyp06_O72_gill_S193_R1_trim.fastq.gz -O /scratch4/workspace/jade_fiorilla_student_uml_edu-rawseqorcc/trimmed-fastp/2024_Both06_Hyp06_O72_gill_S193_R2_trim.fastq.gz --detect_adapter_for_pe 
fastp v1.3.7, time used: 10 seconds
Running fastp on: 2024_Both06_Hyp06_O72_gut_S2
Detecting adapter sequence for read1...
>I7_Nextera_Transposase_1 | >Trans2_rc | >I7_Nextera_Transposase_1 | >Trans2_rc
CTGTCTCTTATACACATCTCCGAGCCCACGAGAC

Detecting adapter sequence for read2...
>I5_Nextera_Transposase_1 | >Trans1_rc | >I5_Nextera_Transposase_1 | >Trans1_rc
CTGTCTCTTATACACATCTGACGCTGCCGACGA

Read1 before filtering:
total reads: 1319425
total bases: 397146925
Q20 bases: 391264520(98.5188%)
Q30 bases: 378785192(95.3766%)
Q40 bases: 378785192(95.3766%)

Read2 before filtering:
total reads: 1319425
total bases: 397146925
Q20 bases: 391396626(98.5521%)
Q30 bases: 374061282(94.1871%)
Q40 bases: 374061282(94.1871%)

Read1 after filtering:
total reads: 1310054
total bases: 359328820
Q20 bases: 356902198(99.3247%)
Q30 bases: 348844893(97.0824%)
Q40 bases: 348844893(97.0824%)

Read2 after filtering:
total reads: 1310054
total bases: 359267415
Q20 bases: 354820426(98.7622%)
Q30 bases: 339432092(94.479%)
Q40 bases: 339432092(94.479%)

Filtering result:
reads passed filter: 2620108
reads failed due to low quality: 15738
reads failed due to too many N: 72
reads failed due to too short: 2922
reads failed due to adapter dimer: 10
reads with adapter trimmed: 2597152
bases trimmed due to adapters: 24590790

Duplication rate: 18.3748%

Insert size peak (evaluated by paired-end reads): 298

JSON report: fastp.json
HTML report: fastp.html

fastp -w 6 -i /scratch4/workspace/jade_fiorilla_student_uml_edu-rawseqorcc/fastq/2024_Both06_Hyp06_O72_gut_S2_R1_001.fastq.gz -I /scratch4/workspace/jade_fiorilla_student_uml_edu-rawseqorcc/fastq/2024_Both06_Hyp06_O72_gut_S2_R2_001.fastq.gz -o /scratch4/workspace/jade_fiorilla_student_uml_edu-rawseqorcc/trimmed-fastp/2024_Both06_Hyp06_O72_gut_S2_R1_trim.fastq.gz -O /scratch4/workspace/jade_fiorilla_student_uml_edu-rawseqorcc/trimmed-fastp/2024_Both06_Hyp06_O72_gut_S2_R2_trim.fastq.gz --detect_adapter_for_pe 
fastp v1.3.7, time used: 12 seconds
Running fastp on: 2024_Both06_Null_O47_gill_S74
Detecting adapter sequence for read1...
>I7_Nextera_Transposase_1 | >Trans2_rc | >I7_Nextera_Transposase_1 | >Trans2_rc
CTGTCTCTTATACACATCTCCGAGCCCACGAGAC

Detecting adapter sequence for read2...
>I5_Nextera_Transposase_1 | >Trans1_rc | >I5_Nextera_Transposase_1 | >Trans1_rc
CTGTCTCTTATACACATCTGACGCTGCCGACGA

Read1 before filtering:
total reads: 789410
total bases: 237612410
Q20 bases: 229863402(96.7388%)
Q30 bases: 217594414(91.5754%)
Q40 bases: 217594414(91.5754%)

Read2 before filtering:
total reads: 789410
total bases: 237612410
Q20 bases: 234845641(98.8356%)
Q30 bases: 226829079(95.4618%)
Q40 bases: 226829079(95.4618%)

Read1 after filtering:
total reads: 784622
total bases: 138553792
Q20 bases: 137446778(99.201%)
Q30 bases: 133931471(96.6639%)
Q40 bases: 133931471(96.6639%)

Read2 after filtering:
total reads: 784622
total bases: 138368433
Q20 bases: 136739594(98.8228%)
Q30 bases: 131123089(94.7637%)
Q40 bases: 131123089(94.7637%)

Filtering result:
reads passed filter: 1569244
reads failed due to low quality: 8652
reads failed due to too many N: 22
reads failed due to too short: 902
reads failed due to adapter dimer: 0
reads with adapter trimmed: 1523468
bases trimmed due to adapters: 60269752

Duplication rate: 27.5453%

Insert size peak (evaluated by paired-end reads): 294

JSON report: fastp.json
HTML report: fastp.html

fastp -w 6 -i /scratch4/workspace/jade_fiorilla_student_uml_edu-rawseqorcc/fastq/2024_Both06_Null_O47_gill_S74_R1_001.fastq.gz -I /scratch4/workspace/jade_fiorilla_student_uml_edu-rawseqorcc/fastq/2024_Both06_Null_O47_gill_S74_R2_001.fastq.gz -o /scratch4/workspace/jade_fiorilla_student_uml_edu-rawseqorcc/trimmed-fastp/2024_Both06_Null_O47_gill_S74_R1_trim.fastq.gz -O /scratch4/workspace/jade_fiorilla_student_uml_edu-rawseqorcc/trimmed-fastp/2024_Both06_Null_O47_gill_S74_R2_trim.fastq.gz --detect_adapter_for_pe 
fastp v1.3.7, time used: 7 seconds
Running fastp on: 2024_Both06_Null_O47_gut_S75
Detecting adapter sequence for read1...
>I7_Nextera_Transposase_1 | >Trans2_rc | >I7_Nextera_Transposase_1 | >Trans2_rc
CTGTCTCTTATACACATCTCCGAGCCCACGAGAC

Detecting adapter sequence for read2...
>I5_Nextera_Transposase_1 | >Trans1_rc | >I5_Nextera_Transposase_1 | >Trans1_rc
CTGTCTCTTATACACATCTGACGCTGCCGACGA

Read1 before filtering:
total reads: 664508
total bases: 200016908
Q20 bases: 196096707(98.0401%)
Q30 bases: 188722524(94.3533%)
Q40 bases: 188722524(94.3533%)

Read2 before filtering:
total reads: 664508
total bases: 200016908
Q20 bases: 197661104(98.8222%)
Q30 bases: 190527504(95.2557%)
Q40 bases: 190527504(95.2557%)

Read1 after filtering:
total reads: 660574
total bases: 157610694
Q20 bases: 156497794(99.2939%)
Q30 bases: 152832606(96.9684%)
Q40 bases: 152832606(96.9684%)

Read2 after filtering:
total reads: 660574
total bases: 157552429
Q20 bases: 155896978(98.9493%)
Q30 bases: 150050052(95.2382%)
Q40 bases: 150050052(95.2382%)

Filtering result:
reads passed filter: 1321148
reads failed due to low quality: 7046
reads failed due to too many N: 48
reads failed due to too short: 772
reads failed due to adapter dimer: 2
reads with adapter trimmed: 1318590
bases trimmed due to adapters: 28194848

Duplication rate: 33.7504%

Insert size peak (evaluated by paired-end reads): 294

JSON report: fastp.json
HTML report: fastp.html

fastp -w 6 -i /scratch4/workspace/jade_fiorilla_student_uml_edu-rawseqorcc/fastq/2024_Both06_Null_O47_gut_S75_R1_001.fastq.gz -I /scratch4/workspace/jade_fiorilla_student_uml_edu-rawseqorcc/fastq/2024_Both06_Null_O47_gut_S75_R2_001.fastq.gz -o /scratch4/workspace/jade_fiorilla_student_uml_edu-rawseqorcc/trimmed-fastp/2024_Both06_Null_O47_gut_S75_R1_trim.fastq.gz -O /scratch4/workspace/jade_fiorilla_student_uml_edu-rawseqorcc/trimmed-fastp/2024_Both06_Null_O47_gut_S75_R2_trim.fastq.gz --detect_adapter_for_pe 
fastp v1.3.7, time used: 7 seconds
Running fastp on: 2024_Cont01_Cont04_W37_gill_S151
Detecting adapter sequence for read1...
>I7_Nextera_Transposase_1 | >Trans2_rc | >I7_Nextera_Transposase_1 | >Trans2_rc
CTGTCTCTTATACACATCTCCGAGCCCACGAGAC

Detecting adapter sequence for read2...
>I5_Nextera_Transposase_1 | >Trans1_rc | >I5_Nextera_Transposase_1 | >Trans1_rc
CTGTCTCTTATACACATCTGACGCTGCCGACGA

Read1 before filtering:
total reads: 1076437
total bases: 324007537
Q20 bases: 316959710(97.8248%)
Q30 bases: 304595459(94.0088%)
Q40 bases: 304595459(94.0088%)

Read2 before filtering:
total reads: 1076437
total bases: 324007537
Q20 bases: 319570570(98.6306%)
Q30 bases: 307077760(94.7749%)
Q40 bases: 307077760(94.7749%)

Read1 after filtering:
total reads: 1069479
total bases: 244158920
Q20 bases: 242274822(99.2283%)
Q30 bases: 236225493(96.7507%)
Q40 bases: 236225493(96.7507%)

Read2 after filtering:
total reads: 1069479
total bases: 244059722
Q20 bases: 241084149(98.7808%)
Q30 bases: 231188933(94.7264%)
Q40 bases: 231188933(94.7264%)

Filtering result:
reads passed filter: 2138958
reads failed due to low quality: 11966
reads failed due to too many N: 50
reads failed due to too short: 1890
reads failed due to adapter dimer: 10
reads with adapter trimmed: 2116549
bases trimmed due to adapters: 49168476

Duplication rate: 20.6944%

Insert size peak (evaluated by paired-end reads): 296

JSON report: fastp.json
HTML report: fastp.html

fastp -w 6 -i /scratch4/workspace/jade_fiorilla_student_uml_edu-rawseqorcc/fastq/2024_Cont01_Cont04_W37_gill_S151_R1_001.fastq.gz -I /scratch4/workspace/jade_fiorilla_student_uml_edu-rawseqorcc/fastq/2024_Cont01_Cont04_W37_gill_S151_R2_001.fastq.gz -o /scratch4/workspace/jade_fiorilla_student_uml_edu-rawseqorcc/trimmed-fastp/2024_Cont01_Cont04_W37_gill_S151_R1_trim.fastq.gz -O /scratch4/workspace/jade_fiorilla_student_uml_edu-rawseqorcc/trimmed-fastp/2024_Cont01_Cont04_W37_gill_S151_R2_trim.fastq.gz --detect_adapter_for_pe 
fastp v1.3.7, time used: 10 seconds
Running fastp on: 2024_Cont01_Cont04_W37_gut_S224
Detecting adapter sequence for read1...
>I7_Nextera_Transposase_1 | >Trans2_rc | >I7_Nextera_Transposase_1 | >Trans2_rc
CTGTCTCTTATACACATCTCCGAGCCCACGAGAC

Detecting adapter sequence for read2...
>I5_Nextera_Transposase_1 | >Trans1_rc | >I5_Nextera_Transposase_1 | >Trans1_rc
CTGTCTCTTATACACATCTGACGCTGCCGACGA

Read1 before filtering:
total reads: 835926
total bases: 251613726
Q20 bases: 248476217(98.753%)
Q30 bases: 240454289(95.5649%)
Q40 bases: 240454289(95.5649%)

Read2 before filtering:
total reads: 835926
total bases: 251613726
Q20 bases: 247973343(98.5532%)
Q30 bases: 237093133(94.229%)
Q40 bases: 237093133(94.229%)

Read1 after filtering:
total reads: 829851
total bases: 237164828
Q20 bases: 235114641(99.1355%)
Q30 bases: 228440804(96.3215%)
Q40 bases: 228440804(96.3215%)

Read2 after filtering:
total reads: 829851
total bases: 237159082
Q20 bases: 234306775(98.7973%)
Q30 bases: 224513359(94.6678%)
Q40 bases: 224513359(94.6678%)

Filtering result:
reads passed filter: 1659702
reads failed due to low quality: 10514
reads failed due to too many N: 68
reads failed due to too short: 1568
reads failed due to adapter dimer: 0
reads with adapter trimmed: 1659095
bases trimmed due to adapters: 12684403

Duplication rate: 22.85%

Insert size peak (evaluated by paired-end reads): 296

JSON report: fastp.json
HTML report: fastp.html

fastp -w 6 -i /scratch4/workspace/jade_fiorilla_student_uml_edu-rawseqorcc/fastq/2024_Cont01_Cont04_W37_gut_S224_R1_001.fastq.gz -I /scratch4/workspace/jade_fiorilla_student_uml_edu-rawseqorcc/fastq/2024_Cont01_Cont04_W37_gut_S224_R2_001.fastq.gz -o /scratch4/workspace/jade_fiorilla_student_uml_edu-rawseqorcc/trimmed-fastp/2024_Cont01_Cont04_W37_gut_S224_R1_trim.fastq.gz -O /scratch4/workspace/jade_fiorilla_student_uml_edu-rawseqorcc/trimmed-fastp/2024_Cont01_Cont04_W37_gut_S224_R2_trim.fastq.gz --detect_adapter_for_pe 
fastp v1.3.7, time used: 10 seconds
Running fastp on: 2024_Cont01_Hyp02_W13_gill_S255
Detecting adapter sequence for read1...
>I7_Nextera_Transposase_1 | >Trans2_rc | >I7_Nextera_Transposase_1 | >Trans2_rc
CTGTCTCTTATACACATCTCCGAGCCCACGAGAC

Detecting adapter sequence for read2...
>I5_Nextera_Transposase_1 | >Trans1_rc | >I5_Nextera_Transposase_1 | >Trans1_rc
CTGTCTCTTATACACATCTGACGCTGCCGACGA

Read1 before filtering:
total reads: 668174
total bases: 201120374
Q20 bases: 198149246(98.5227%)
Q30 bases: 189986343(94.464%)
Q40 bases: 189986343(94.464%)

Read2 before filtering:
total reads: 668174
total bases: 201120374
Q20 bases: 198380644(98.6378%)
Q30 bases: 189732981(94.338%)
Q40 bases: 189732981(94.338%)

Read1 after filtering:
total reads: 662580
total bases: 196667065
Q20 bases: 194369050(98.8315%)
Q30 bases: 186995084(95.0821%)
Q40 bases: 186995084(95.0821%)

Read2 after filtering:
total reads: 662580
total bases: 196665553
Q20 bases: 194522320(98.9102%)
Q30 bases: 186656967(94.9109%)
Q40 bases: 186656967(94.9109%)

Filtering result:
reads passed filter: 1325160
reads failed due to low quality: 9422
reads failed due to too many N: 60
reads failed due to too short: 1702
reads failed due to adapter dimer: 4
reads with adapter trimmed: 1311020
bases trimmed due to adapters: 4784356

Duplication rate: 16.113%

Insert size peak (evaluated by paired-end reads): 298

JSON report: fastp.json
HTML report: fastp.html

fastp -w 6 -i /scratch4/workspace/jade_fiorilla_student_uml_edu-rawseqorcc/fastq/2024_Cont01_Hyp02_W13_gill_S255_R1_001.fastq.gz -I /scratch4/workspace/jade_fiorilla_student_uml_edu-rawseqorcc/fastq/2024_Cont01_Hyp02_W13_gill_S255_R2_001.fastq.gz -o /scratch4/workspace/jade_fiorilla_student_uml_edu-rawseqorcc/trimmed-fastp/2024_Cont01_Hyp02_W13_gill_S255_R1_trim.fastq.gz -O /scratch4/workspace/jade_fiorilla_student_uml_edu-rawseqorcc/trimmed-fastp/2024_Cont01_Hyp02_W13_gill_S255_R2_trim.fastq.gz --detect_adapter_for_pe 
fastp v1.3.7, time used: 16 seconds
Running fastp on: 2024_Cont01_Hyp02_W13_gut_S60
Detecting adapter sequence for read1...
>I7_Nextera_Transposase_1 | >Trans2_rc | >I7_Nextera_Transposase_1 | >Trans2_rc
CTGTCTCTTATACACATCTCCGAGCCCACGAGAC

Detecting adapter sequence for read2...
>I5_Nextera_Transposase_1 | >Trans1_rc | >I5_Nextera_Transposase_1 | >Trans1_rc
CTGTCTCTTATACACATCTGACGCTGCCGACGA

Read1 before filtering:
total reads: 967328
total bases: 291165728
Q20 bases: 281175142(96.5688%)
Q30 bases: 265096224(91.0465%)
Q40 bases: 265096224(91.0465%)

Read2 before filtering:
total reads: 967328
total bases: 291165728
Q20 bases: 287068845(98.5929%)
Q30 bases: 275802215(94.7234%)
Q40 bases: 275802215(94.7234%)

Read1 after filtering:
total reads: 960103
total bases: 198213403
Q20 bases: 196515095(99.1432%)
Q30 bases: 191299166(96.5117%)
Q40 bases: 191299166(96.5117%)

Read2 after filtering:
total reads: 960103
total bases: 198013831
Q20 bases: 195712088(98.8376%)
Q30 bases: 187919011(94.902%)
Q40 bases: 187919011(94.902%)

Filtering result:
reads passed filter: 1920206
reads failed due to low quality: 12398
reads failed due to too many N: 70
reads failed due to too short: 1970
reads failed due to adapter dimer: 12
reads with adapter trimmed: 1909645
bases trimmed due to adapters: 54980494

Duplication rate: 18.3083%

Insert size peak (evaluated by paired-end reads): 296

JSON report: fastp.json
HTML report: fastp.html

fastp -w 6 -i /scratch4/workspace/jade_fiorilla_student_uml_edu-rawseqorcc/fastq/2024_Cont01_Hyp02_W13_gut_S60_R1_001.fastq.gz -I /scratch4/workspace/jade_fiorilla_student_uml_edu-rawseqorcc/fastq/2024_Cont01_Hyp02_W13_gut_S60_R2_001.fastq.gz -o /scratch4/workspace/jade_fiorilla_student_uml_edu-rawseqorcc/trimmed-fastp/2024_Cont01_Hyp02_W13_gut_S60_R1_trim.fastq.gz -O /scratch4/workspace/jade_fiorilla_student_uml_edu-rawseqorcc/trimmed-fastp/2024_Cont01_Hyp02_W13_gut_S60_R2_trim.fastq.gz --detect_adapter_for_pe 
fastp v1.3.7, time used: 9 seconds
Running fastp on: 2024_Cont01_Hyp06_W62_gill_S194
Detecting adapter sequence for read1...
>I7_Nextera_Transposase_1 | >Trans2_rc | >I7_Nextera_Transposase_1 | >Trans2_rc
CTGTCTCTTATACACATCTCCGAGCCCACGAGAC

Detecting adapter sequence for read2...
>I5_Nextera_Transposase_1 | >Trans1_rc | >I5_Nextera_Transposase_1 | >Trans1_rc
CTGTCTCTTATACACATCTGACGCTGCCGACGA

Read1 before filtering:
total reads: 102139
total bases: 30743839
Q20 bases: 29886891(97.2126%)
Q30 bases: 28191248(91.6972%)
Q40 bases: 28191248(91.6972%)

Read2 before filtering:
total reads: 102139
total bases: 30743839
Q20 bases: 30127584(97.9955%)
Q30 bases: 28514516(92.7487%)
Q40 bases: 28514516(92.7487%)

Read1 after filtering:
total reads: 101051
total bases: 24646766
Q20 bases: 24360508(98.8386%)
Q30 bases: 23415351(95.0037%)
Q40 bases: 23415351(95.0037%)

Read2 after filtering:
total reads: 101051
total bases: 24633117
Q20 bases: 24194494(98.2194%)
Q30 bases: 22838258(92.7136%)
Q40 bases: 22838258(92.7136%)

Filtering result:
reads passed filter: 202102
reads failed due to low quality: 1808
reads failed due to too many N: 10
reads failed due to too short: 358
reads failed due to adapter dimer: 0
reads with adapter trimmed: 199869
bases trimmed due to adapters: 3758966

Duplication rate: 9.18258%

Insert size peak (evaluated by paired-end reads): 298

JSON report: fastp.json
HTML report: fastp.html

fastp -w 6 -i /scratch4/workspace/jade_fiorilla_student_uml_edu-rawseqorcc/fastq/2024_Cont01_Hyp06_W62_gill_S194_R1_001.fastq.gz -I /scratch4/workspace/jade_fiorilla_student_uml_edu-rawseqorcc/fastq/2024_Cont01_Hyp06_W62_gill_S194_R2_001.fastq.gz -o /scratch4/workspace/jade_fiorilla_student_uml_edu-rawseqorcc/trimmed-fastp/2024_Cont01_Hyp06_W62_gill_S194_R1_trim.fastq.gz -O /scratch4/workspace/jade_fiorilla_student_uml_edu-rawseqorcc/trimmed-fastp/2024_Cont01_Hyp06_W62_gill_S194_R2_trim.fastq.gz --detect_adapter_for_pe 
fastp v1.3.7, time used: 2 seconds
Running fastp on: 2024_Cont01_Hyp06_W62_gut_S195
Detecting adapter sequence for read1...
>I7_Nextera_Transposase_1 | >Trans2_rc | >I7_Nextera_Transposase_1 | >Trans2_rc
CTGTCTCTTATACACATCTCCGAGCCCACGAGAC

Detecting adapter sequence for read2...
>I5_Nextera_Transposase_1 | >Trans1_rc | >I5_Nextera_Transposase_1 | >Trans1_rc
CTGTCTCTTATACACATCTGACGCTGCCGACGA

Read1 before filtering:
total reads: 910889
total bases: 274177589
Q20 bases: 271370400(98.9761%)
Q30 bases: 264237357(96.3745%)
Q40 bases: 264237357(96.3745%)

Read2 before filtering:
total reads: 910889
total bases: 274177589
Q20 bases: 269628145(98.3407%)
Q30 bases: 256148334(93.4242%)
Q40 bases: 256148334(93.4242%)

Read1 after filtering:
total reads: 904450
total bases: 260859514
Q20 bases: 259262591(99.3878%)
Q30 bases: 253662671(97.2411%)
Q40 bases: 253662671(97.2411%)

Read2 after filtering:
total reads: 904450
total bases: 260845144
Q20 bases: 257168577(98.5905%)
Q30 bases: 244832365(93.8612%)
Q40 bases: 244832365(93.8612%)

Filtering result:
reads passed filter: 1808900
reads failed due to low quality: 10612
reads failed due to too many N: 72
reads failed due to too short: 2172
reads failed due to adapter dimer: 22
reads with adapter trimmed: 1797743
bases trimmed due to adapters: 9992178

Duplication rate: 19.6958%

Insert size peak (evaluated by paired-end reads): 298

JSON report: fastp.json
HTML report: fastp.html

fastp -w 6 -i /scratch4/workspace/jade_fiorilla_student_uml_edu-rawseqorcc/fastq/2024_Cont01_Hyp06_W62_gut_S195_R1_001.fastq.gz -I /scratch4/workspace/jade_fiorilla_student_uml_edu-rawseqorcc/fastq/2024_Cont01_Hyp06_W62_gut_S195_R2_001.fastq.gz -o /scratch4/workspace/jade_fiorilla_student_uml_edu-rawseqorcc/trimmed-fastp/2024_Cont01_Hyp06_W62_gut_S195_R1_trim.fastq.gz -O /scratch4/workspace/jade_fiorilla_student_uml_edu-rawseqorcc/trimmed-fastp/2024_Cont01_Hyp06_W62_gut_S195_R2_trim.fastq.gz --detect_adapter_for_pe 
fastp v1.3.7, time used: 11 seconds
Running fastp on: 2024_Cont01_Null_W01_gill_S191
Detecting adapter sequence for read1...
>I7_Nextera_Transposase_1 | >Trans2_rc | >I7_Nextera_Transposase_1 | >Trans2_rc
CTGTCTCTTATACACATCTCCGAGCCCACGAGAC

Detecting adapter sequence for read2...
>I5_Nextera_Transposase_1 | >Trans1_rc | >I5_Nextera_Transposase_1 | >Trans1_rc
CTGTCTCTTATACACATCTGACGCTGCCGACGA

Read1 before filtering:
total reads: 1146298
total bases: 345035698
Q20 bases: 334063150(96.8199%)
Q30 bases: 314387046(91.1173%)
Q40 bases: 314387046(91.1173%)

Read2 before filtering:
total reads: 1146298
total bases: 345035698
Q20 bases: 339255052(98.3246%)
Q30 bases: 323237992(93.6825%)
Q40 bases: 323237992(93.6825%)

Read1 after filtering:
total reads: 1136884
total bases: 247148389
Q20 bases: 244966868(99.1173%)
Q30 bases: 237687175(96.1718%)
Q40 bases: 237687175(96.1718%)

Read2 after filtering:
total reads: 1136884
total bases: 247085934
Q20 bases: 243696142(98.6281%)
Q30 bases: 232131665(93.9477%)
Q40 bases: 232131665(93.9477%)

Filtering result:
reads passed filter: 2273768
reads failed due to low quality: 15950
reads failed due to too many N: 100
reads failed due to too short: 2746
reads failed due to adapter dimer: 32
reads with adapter trimmed: 2259209
bases trimmed due to adapters: 79358485

Duplication rate: 11.3616%

Insert size peak (evaluated by paired-end reads): 298

JSON report: fastp.json
HTML report: fastp.html

fastp -w 6 -i /scratch4/workspace/jade_fiorilla_student_uml_edu-rawseqorcc/fastq/2024_Cont01_Null_W01_gill_S191_R1_001.fastq.gz -I /scratch4/workspace/jade_fiorilla_student_uml_edu-rawseqorcc/fastq/2024_Cont01_Null_W01_gill_S191_R2_001.fastq.gz -o /scratch4/workspace/jade_fiorilla_student_uml_edu-rawseqorcc/trimmed-fastp/2024_Cont01_Null_W01_gill_S191_R1_trim.fastq.gz -O /scratch4/workspace/jade_fiorilla_student_uml_edu-rawseqorcc/trimmed-fastp/2024_Cont01_Null_W01_gill_S191_R2_trim.fastq.gz --detect_adapter_for_pe 
fastp v1.3.7, time used: 10 seconds
Running fastp on: 2024_Cont01_Null_W01_gut_S81
Detecting adapter sequence for read1...
>I7_Nextera_Transposase_1 | >Trans2_rc | >I7_Nextera_Transposase_1 | >Trans2_rc
CTGTCTCTTATACACATCTCCGAGCCCACGAGAC

Detecting adapter sequence for read2...
>I5_Nextera_Transposase_1 | >Trans1_rc | >I5_Nextera_Transposase_1 | >Trans1_rc
CTGTCTCTTATACACATCTGACGCTGCCGACGA

Read1 before filtering:
total reads: 1276316
total bases: 384171116
Q20 bases: 367792566(95.7367%)
Q30 bases: 346896879(90.2975%)
Q40 bases: 346896879(90.2975%)

Read2 before filtering:
total reads: 1276316
total bases: 384171116
Q20 bases: 380018145(98.919%)
Q30 bases: 368785660(95.9952%)
Q40 bases: 368785660(95.9952%)

Read1 after filtering:
total reads: 1269281
total bases: 147362066
Q20 bases: 146028485(99.095%)
Q30 bases: 142116671(96.4405%)
Q40 bases: 142116671(96.4405%)

Read2 after filtering:
total reads: 1269281
total bases: 146817731
Q20 bases: 144826647(98.6438%)
Q30 bases: 138491509(94.3289%)
Q40 bases: 138491509(94.3289%)

Filtering result:
reads passed filter: 2538562
reads failed due to low quality: 11918
reads failed due to too many N: 74
reads failed due to too short: 2068
reads failed due to adapter dimer: 10
reads with adapter trimmed: 2520418
bases trimmed due to adapters: 129683163

Duplication rate: 11.9385%

Insert size peak (evaluated by paired-end reads): 296

JSON report: fastp.json
HTML report: fastp.html

fastp -w 6 -i /scratch4/workspace/jade_fiorilla_student_uml_edu-rawseqorcc/fastq/2024_Cont01_Null_W01_gut_S81_R1_001.fastq.gz -I /scratch4/workspace/jade_fiorilla_student_uml_edu-rawseqorcc/fastq/2024_Cont01_Null_W01_gut_S81_R2_001.fastq.gz -o /scratch4/workspace/jade_fiorilla_student_uml_edu-rawseqorcc/trimmed-fastp/2024_Cont01_Null_W01_gut_S81_R1_trim.fastq.gz -O /scratch4/workspace/jade_fiorilla_student_uml_edu-rawseqorcc/trimmed-fastp/2024_Cont01_Null_W01_gut_S81_R2_trim.fastq.gz --detect_adapter_for_pe 
fastp v1.3.7, time used: 9 seconds
Running fastp on: 2024_Cont01_Null_W05_gill_S264
Detecting adapter sequence for read1...
>I7_Nextera_Transposase_1 | >Trans2_rc | >I7_Nextera_Transposase_1 | >Trans2_rc
CTGTCTCTTATACACATCTCCGAGCCCACGAGAC

Detecting adapter sequence for read2...
>I5_Nextera_Transposase_1 | >Trans1_rc | >I5_Nextera_Transposase_1 | >Trans1_rc
CTGTCTCTTATACACATCTGACGCTGCCGACGA

Read1 before filtering:
total reads: 713868
total bases: 214874268
Q20 bases: 212245286(98.7765%)
Q30 bases: 205805544(95.7795%)
Q40 bases: 205805544(95.7795%)

Read2 before filtering:
total reads: 713868
total bases: 214874268
Q20 bases: 211820452(98.5788%)
Q30 bases: 202802204(94.3818%)
Q40 bases: 202802204(94.3818%)

Read1 after filtering:
total reads: 709459
total bases: 199875375
Q20 bases: 198441638(99.2827%)
Q30 bases: 193645238(96.883%)
Q40 bases: 193645238(96.883%)

Read2 after filtering:
total reads: 709459
total bases: 199879528
Q20 bases: 197511170(98.8151%)
Q30 bases: 189538465(94.8264%)
Q40 bases: 189538465(94.8264%)

Filtering result:
reads passed filter: 1418918
reads failed due to low quality: 8250
reads failed due to too many N: 20
reads failed due to too short: 548
reads failed due to adapter dimer: 0
reads with adapter trimmed: 1407102
bases trimmed due to adapters: 15030002

Duplication rate: 43.9733%

Insert size peak (evaluated by paired-end reads): 294

JSON report: fastp.json
HTML report: fastp.html

fastp -w 6 -i /scratch4/workspace/jade_fiorilla_student_uml_edu-rawseqorcc/fastq/2024_Cont01_Null_W05_gill_S264_R1_001.fastq.gz -I /scratch4/workspace/jade_fiorilla_student_uml_edu-rawseqorcc/fastq/2024_Cont01_Null_W05_gill_S264_R2_001.fastq.gz -o /scratch4/workspace/jade_fiorilla_student_uml_edu-rawseqorcc/trimmed-fastp/2024_Cont01_Null_W05_gill_S264_R1_trim.fastq.gz -O /scratch4/workspace/jade_fiorilla_student_uml_edu-rawseqorcc/trimmed-fastp/2024_Cont01_Null_W05_gill_S264_R2_trim.fastq.gz --detect_adapter_for_pe 
fastp v1.3.7, time used: 9 seconds
Running fastp on: 2024_Cont01_Null_W05_gut_S82
Detecting adapter sequence for read1...
>I7_Nextera_Transposase_1 | >Trans2_rc | >I7_Nextera_Transposase_1 | >Trans2_rc
CTGTCTCTTATACACATCTCCGAGCCCACGAGAC

Detecting adapter sequence for read2...
>I5_Nextera_Transposase_1 | >Trans1_rc | >I5_Nextera_Transposase_1 | >Trans1_rc
CTGTCTCTTATACACATCTGACGCTGCCGACGA

Read1 before filtering:
total reads: 828282
total bases: 249312882
Q20 bases: 241094703(96.7037%)
Q30 bases: 229558731(92.0766%)
Q40 bases: 229558731(92.0766%)

Read2 before filtering:
total reads: 828282
total bases: 249312882
Q20 bases: 246175761(98.7417%)
Q30 bases: 237681271(95.3345%)
Q40 bases: 237681271(95.3345%)

Read1 after filtering:
total reads: 822835
total bases: 140164309
Q20 bases: 139063500(99.2146%)
Q30 bases: 135626937(96.7628%)
Q40 bases: 135626937(96.7628%)

Read2 after filtering:
total reads: 822835
total bases: 139916760
Q20 bases: 138084670(98.6906%)
Q30 bases: 132199536(94.4844%)
Q40 bases: 132199536(94.4844%)

Filtering result:
reads passed filter: 1645670
reads failed due to low quality: 9398
reads failed due to too many N: 56
reads failed due to too short: 1436
reads failed due to adapter dimer: 4
reads with adapter trimmed: 1638603
bases trimmed due to adapters: 61632633

Duplication rate: 12.5456%

Insert size peak (evaluated by paired-end reads): 296

JSON report: fastp.json
HTML report: fastp.html

fastp -w 6 -i /scratch4/workspace/jade_fiorilla_student_uml_edu-rawseqorcc/fastq/2024_Cont01_Null_W05_gut_S82_R1_001.fastq.gz -I /scratch4/workspace/jade_fiorilla_student_uml_edu-rawseqorcc/fastq/2024_Cont01_Null_W05_gut_S82_R2_001.fastq.gz -o /scratch4/workspace/jade_fiorilla_student_uml_edu-rawseqorcc/trimmed-fastp/2024_Cont01_Null_W05_gut_S82_R1_trim.fastq.gz -O /scratch4/workspace/jade_fiorilla_student_uml_edu-rawseqorcc/trimmed-fastp/2024_Cont01_Null_W05_gut_S82_R2_trim.fastq.gz --detect_adapter_for_pe 
fastp v1.3.7, time used: 7 seconds
Running fastp on: 2024_Cont02_Both02_W16_gill_S246
Detecting adapter sequence for read1...
>I7_Nextera_Transposase_1 | >Trans2_rc | >I7_Nextera_Transposase_1 | >Trans2_rc
CTGTCTCTTATACACATCTCCGAGCCCACGAGAC

Detecting adapter sequence for read2...
>I5_Nextera_Transposase_1 | >Trans1_rc | >I5_Nextera_Transposase_1 | >Trans1_rc
CTGTCTCTTATACACATCTGACGCTGCCGACGA

Read1 before filtering:
total reads: 723750
total bases: 217848750
Q20 bases: 211033270(96.8715%)
Q30 bases: 197668192(90.7364%)
Q40 bases: 197668192(90.7364%)

Read2 before filtering:
total reads: 723750
total bases: 217848750
Q20 bases: 213847223(98.1632%)
Q30 bases: 202834624(93.108%)
Q40 bases: 202834624(93.108%)

Read1 after filtering:
total reads: 717234
total bases: 182012898
Q20 bases: 180280584(99.0482%)
Q30 bases: 174679030(95.9707%)
Q40 bases: 174679030(95.9707%)

Read2 after filtering:
total reads: 717234
total bases: 182037542
Q20 bases: 179293722(98.4927%)
Q30 bases: 170470185(93.6456%)
Q40 bases: 170470185(93.6456%)

Filtering result:
reads passed filter: 1434468
reads failed due to low quality: 11274
reads failed due to too many N: 44
reads failed due to too short: 1708
reads failed due to adapter dimer: 6
reads with adapter trimmed: 1224423
bases trimmed due to adapters: 34096021

Duplication rate: 11.0168%

Insert size peak (evaluated by paired-end reads): 298

JSON report: fastp.json
HTML report: fastp.html

fastp -w 6 -i /scratch4/workspace/jade_fiorilla_student_uml_edu-rawseqorcc/fastq/2024_Cont02_Both02_W16_gill_S246_R1_001.fastq.gz -I /scratch4/workspace/jade_fiorilla_student_uml_edu-rawseqorcc/fastq/2024_Cont02_Both02_W16_gill_S246_R2_001.fastq.gz -o /scratch4/workspace/jade_fiorilla_student_uml_edu-rawseqorcc/trimmed-fastp/2024_Cont02_Both02_W16_gill_S246_R1_trim.fastq.gz -O /scratch4/workspace/jade_fiorilla_student_uml_edu-rawseqorcc/trimmed-fastp/2024_Cont02_Both02_W16_gill_S246_R2_trim.fastq.gz --detect_adapter_for_pe 
fastp v1.3.7, time used: 8 seconds
Running fastp on: 2024_Cont02_Both02_W16_gut_S39
Detecting adapter sequence for read1...
>I7_Nextera_Transposase_1 | >Trans2_rc | >I7_Nextera_Transposase_1 | >Trans2_rc
CTGTCTCTTATACACATCTCCGAGCCCACGAGAC

Detecting adapter sequence for read2...
>I5_Nextera_Transposase_1 | >Trans1_rc | >I5_Nextera_Transposase_1 | >Trans1_rc
CTGTCTCTTATACACATCTGACGCTGCCGACGA

Read1 before filtering:
total reads: 1019168
total bases: 306769568
Q20 bases: 291768548(95.11%)
Q30 bases: 269616080(87.8888%)
Q40 bases: 269616080(87.8888%)

Read2 before filtering:
total reads: 1019168
total bases: 306769568
Q20 bases: 304355819(99.2132%)
Q30 bases: 297458570(96.9648%)
Q40 bases: 297458570(96.9648%)

Read1 after filtering:
total reads: 1013462
total bases: 64311355
Q20 bases: 63717158(99.0761%)
Q30 bases: 62158551(96.6525%)
Q40 bases: 62158551(96.6525%)

Read2 after filtering:
total reads: 1013462
total bases: 63995286
Q20 bases: 63337289(98.9718%)
Q30 bases: 61050629(95.3986%)
Q40 bases: 61050629(95.3986%)

Filtering result:
reads passed filter: 2026924
reads failed due to low quality: 10390
reads failed due to too many N: 16
reads failed due to too short: 1006
reads failed due to adapter dimer: 0
reads with adapter trimmed: 2016183
bases trimmed due to adapters: 132191758

Duplication rate: 51.2326%

Insert size peak (evaluated by paired-end reads): 292

JSON report: fastp.json
HTML report: fastp.html

fastp -w 6 -i /scratch4/workspace/jade_fiorilla_student_uml_edu-rawseqorcc/fastq/2024_Cont02_Both02_W16_gut_S39_R1_001.fastq.gz -I /scratch4/workspace/jade_fiorilla_student_uml_edu-rawseqorcc/fastq/2024_Cont02_Both02_W16_gut_S39_R2_001.fastq.gz -o /scratch4/workspace/jade_fiorilla_student_uml_edu-rawseqorcc/trimmed-fastp/2024_Cont02_Both02_W16_gut_S39_R1_trim.fastq.gz -O /scratch4/workspace/jade_fiorilla_student_uml_edu-rawseqorcc/trimmed-fastp/2024_Cont02_Both02_W16_gut_S39_R2_trim.fastq.gz --detect_adapter_for_pe 
fastp v1.3.7, time used: 7 seconds
Running fastp on: 2024_Cont02_Cont01_W3_gill_S214
Detecting adapter sequence for read1...
>I7_Nextera_Transposase_1 | >Trans2_rc | >I7_Nextera_Transposase_1 | >Trans2_rc
CTGTCTCTTATACACATCTCCGAGCCCACGAGAC

Detecting adapter sequence for read2...
>I5_Nextera_Transposase_1 | >Trans1_rc | >I5_Nextera_Transposase_1 | >Trans1_rc
CTGTCTCTTATACACATCTGACGCTGCCGACGA

Read1 before filtering:
total reads: 863875
total bases: 260026375
Q20 bases: 254967423(98.0544%)
Q30 bases: 245719189(94.4978%)
Q40 bases: 245719189(94.4978%)

Read2 before filtering:
total reads: 863875
total bases: 260026375
Q20 bases: 256062596(98.4756%)
Q30 bases: 244841556(94.1603%)
Q40 bases: 244841556(94.1603%)

Read1 after filtering:
total reads: 858885
total bases: 206974147
Q20 bases: 205554910(99.3143%)
Q30 bases: 200872554(97.052%)
Q40 bases: 200872554(97.052%)

Read2 after filtering:
total reads: 858885
total bases: 206964348
Q20 bases: 204028114(98.5813%)
Q30 bases: 194759758(94.103%)
Q40 bases: 194759758(94.103%)

Filtering result:
reads passed filter: 1717770
reads failed due to low quality: 9202
reads failed due to too many N: 48
reads failed due to too short: 728
reads failed due to adapter dimer: 2
reads with adapter trimmed: 1708772
bases trimmed due to adapters: 37988949

Duplication rate: 36.8196%

Insert size peak (evaluated by paired-end reads): 294

JSON report: fastp.json
HTML report: fastp.html

fastp -w 6 -i /scratch4/workspace/jade_fiorilla_student_uml_edu-rawseqorcc/fastq/2024_Cont02_Cont01_W3_gill_S214_R1_001.fastq.gz -I /scratch4/workspace/jade_fiorilla_student_uml_edu-rawseqorcc/fastq/2024_Cont02_Cont01_W3_gill_S214_R2_001.fastq.gz -o /scratch4/workspace/jade_fiorilla_student_uml_edu-rawseqorcc/trimmed-fastp/2024_Cont02_Cont01_W3_gill_S214_R1_trim.fastq.gz -O /scratch4/workspace/jade_fiorilla_student_uml_edu-rawseqorcc/trimmed-fastp/2024_Cont02_Cont01_W3_gill_S214_R2_trim.fastq.gz --detect_adapter_for_pe 
fastp v1.3.7, time used: 9 seconds
Running fastp on: 2024_Cont02_Cont01_W3_gut_S31
Detecting adapter sequence for read1...
>I7_Nextera_Transposase_1 | >Trans2_rc | >I7_Nextera_Transposase_1 | >Trans2_rc
CTGTCTCTTATACACATCTCCGAGCCCACGAGAC

Detecting adapter sequence for read2...
>I5_Nextera_Transposase_1 | >Trans1_rc | >I5_Nextera_Transposase_1 | >Trans1_rc
CTGTCTCTTATACACATCTGACGCTGCCGACGA

Read1 before filtering:
total reads: 1052434
total bases: 316782634
Q20 bases: 309672092(97.7554%)
Q30 bases: 297589979(93.9414%)
Q40 bases: 297589979(93.9414%)

Read2 before filtering:
total reads: 1052434
total bases: 316782634
Q20 bases: 312992607(98.8036%)
Q30 bases: 301647289(95.2222%)
Q40 bases: 301647289(95.2222%)

Read1 after filtering:
total reads: 1046240
total bases: 228444966
Q20 bases: 226772727(99.268%)
Q30 bases: 221630770(97.0171%)
Q40 bases: 221630770(97.0171%)

Read2 after filtering:
total reads: 1046240
total bases: 228280137
Q20 bases: 225701143(98.8703%)
Q30 bases: 216736978(94.9434%)
Q40 bases: 216736978(94.9434%)

Filtering result:
reads passed filter: 2092480
reads failed due to low quality: 11090
reads failed due to too many N: 56
reads failed due to too short: 1242
reads failed due to adapter dimer: 0
reads with adapter trimmed: 2086624
bases trimmed due to adapters: 54836490

Duplication rate: 42.7386%

Insert size peak (evaluated by paired-end reads): 294

JSON report: fastp.json
HTML report: fastp.html

fastp -w 6 -i /scratch4/workspace/jade_fiorilla_student_uml_edu-rawseqorcc/fastq/2024_Cont02_Cont01_W3_gut_S31_R1_001.fastq.gz -I /scratch4/workspace/jade_fiorilla_student_uml_edu-rawseqorcc/fastq/2024_Cont02_Cont01_W3_gut_S31_R2_001.fastq.gz -o /scratch4/workspace/jade_fiorilla_student_uml_edu-rawseqorcc/trimmed-fastp/2024_Cont02_Cont01_W3_gut_S31_R1_trim.fastq.gz -O /scratch4/workspace/jade_fiorilla_student_uml_edu-rawseqorcc/trimmed-fastp/2024_Cont02_Cont01_W3_gut_S31_R2_trim.fastq.gz --detect_adapter_for_pe 
fastp v1.3.7, time used: 9 seconds
Running fastp on: 2024_Cont02_Hyp01_W4_gill_S136
Detecting adapter sequence for read1...
>I7_Nextera_Transposase_1 | >Trans2_rc | >I7_Nextera_Transposase_1 | >Trans2_rc
CTGTCTCTTATACACATCTCCGAGCCCACGAGAC

Detecting adapter sequence for read2...
>I5_Nextera_Transposase_1 | >Trans1_rc | >I5_Nextera_Transposase_1 | >Trans1_rc
CTGTCTCTTATACACATCTGACGCTGCCGACGA

Read1 before filtering:
total reads: 2077617
total bases: 625362717
Q20 bases: 595127980(95.1652%)
Q30 bases: 548636529(87.7309%)
Q40 bases: 548636529(87.7309%)

Read2 before filtering:
total reads: 2077617
total bases: 625362717
Q20 bases: 617771369(98.7861%)
Q30 bases: 596529333(95.3893%)
Q40 bases: 596529333(95.3893%)

Read1 after filtering:
total reads: 2065952
total bases: 317429892
Q20 bases: 314741606(99.1531%)
Q30 bases: 306415640(96.5302%)
Q40 bases: 306415640(96.5302%)

Read2 after filtering:
total reads: 2065952
total bases: 317233803
Q20 bases: 313500186(98.8231%)
Q30 bases: 300861368(94.839%)
Q40 bases: 300861368(94.839%)

Filtering result:
reads passed filter: 4131904
reads failed due to low quality: 21324
reads failed due to too many N: 70
reads failed due to too short: 1936
reads failed due to adapter dimer: 0
reads with adapter trimmed: 4073926
bases trimmed due to adapters: 200597928

Duplication rate: 23.0514%

Insert size peak (evaluated by paired-end reads): 294

JSON report: fastp.json
HTML report: fastp.html

fastp -w 6 -i /scratch4/workspace/jade_fiorilla_student_uml_edu-rawseqorcc/fastq/2024_Cont02_Hyp01_W4_gill_S136_R1_001.fastq.gz -I /scratch4/workspace/jade_fiorilla_student_uml_edu-rawseqorcc/fastq/2024_Cont02_Hyp01_W4_gill_S136_R2_001.fastq.gz -o /scratch4/workspace/jade_fiorilla_student_uml_edu-rawseqorcc/trimmed-fastp/2024_Cont02_Hyp01_W4_gill_S136_R1_trim.fastq.gz -O /scratch4/workspace/jade_fiorilla_student_uml_edu-rawseqorcc/trimmed-fastp/2024_Cont02_Hyp01_W4_gill_S136_R2_trim.fastq.gz --detect_adapter_for_pe 
fastp v1.3.7, time used: 16 seconds
Running fastp on: 2024_Cont02_Hyp01_W4_gut_S137
Detecting adapter sequence for read1...
>I7_Nextera_Transposase_1 | >Trans2_rc | >I7_Nextera_Transposase_1 | >Trans2_rc
CTGTCTCTTATACACATCTCCGAGCCCACGAGAC

Detecting adapter sequence for read2...
>I5_Nextera_Transposase_1 | >Trans1_rc | >I5_Nextera_Transposase_1 | >Trans1_rc
CTGTCTCTTATACACATCTGACGCTGCCGACGA

Read1 before filtering:
total reads: 1177209
total bases: 354339909
Q20 bases: 347338867(98.0242%)
Q30 bases: 334121750(94.2941%)
Q40 bases: 334121750(94.2941%)

Read2 before filtering:
total reads: 1177209
total bases: 354339909
Q20 bases: 348933574(98.4743%)
Q30 bases: 333578929(94.1409%)
Q40 bases: 333578929(94.1409%)

Read1 after filtering:
total reads: 1168979
total bases: 299615517
Q20 bases: 297100247(99.1605%)
Q30 bases: 289720602(96.6975%)
Q40 bases: 289720602(96.6975%)

Read2 after filtering:
total reads: 1168979
total bases: 299573584
Q20 bases: 295615475(98.6788%)
Q30 bases: 282604333(94.3355%)
Q40 bases: 282604333(94.3355%)

Filtering result:
reads passed filter: 2337958
reads failed due to low quality: 15138
reads failed due to too many N: 76
reads failed due to too short: 1242
reads failed due to adapter dimer: 4
reads with adapter trimmed: 2336606
bases trimmed due to adapters: 39742091

Duplication rate: 37.1101%

Insert size peak (evaluated by paired-end reads): 294

JSON report: fastp.json
HTML report: fastp.html

fastp -w 6 -i /scratch4/workspace/jade_fiorilla_student_uml_edu-rawseqorcc/fastq/2024_Cont02_Hyp01_W4_gut_S137_R1_001.fastq.gz -I /scratch4/workspace/jade_fiorilla_student_uml_edu-rawseqorcc/fastq/2024_Cont02_Hyp01_W4_gut_S137_R2_001.fastq.gz -o /scratch4/workspace/jade_fiorilla_student_uml_edu-rawseqorcc/trimmed-fastp/2024_Cont02_Hyp01_W4_gut_S137_R1_trim.fastq.gz -O /scratch4/workspace/jade_fiorilla_student_uml_edu-rawseqorcc/trimmed-fastp/2024_Cont02_Hyp01_W4_gut_S137_R2_trim.fastq.gz --detect_adapter_for_pe 
fastp v1.3.7, time used: 11 seconds
Running fastp on: 2024_Cont02_Null_W15_gill_S83
Detecting adapter sequence for read1...
>I7_Nextera_Transposase_1 | >Trans2_rc | >I7_Nextera_Transposase_1 | >Trans2_rc
CTGTCTCTTATACACATCTCCGAGCCCACGAGAC

Detecting adapter sequence for read2...
>I5_Nextera_Transposase_1 | >Trans1_rc | >I5_Nextera_Transposase_1 | >Trans1_rc
CTGTCTCTTATACACATCTGACGCTGCCGACGA

Read1 before filtering:
total reads: 1029704
total bases: 309940904
Q20 bases: 296180205(95.5602%)
Q30 bases: 279000055(90.0172%)
Q40 bases: 279000055(90.0172%)

Read2 before filtering:
total reads: 1029704
total bases: 309940904
Q20 bases: 307079710(99.0769%)
Q30 bases: 299207756(96.537%)
Q40 bases: 299207756(96.537%)

Read1 after filtering:
total reads: 1024352
total bases: 106283218
Q20 bases: 105367205(99.1381%)
Q30 bases: 102675338(96.6054%)
Q40 bases: 102675338(96.6054%)

Read2 after filtering:
total reads: 1024352
total bases: 105892794
Q20 bases: 104780323(98.9494%)
Q30 bases: 100883491(95.2695%)
Q40 bases: 100883491(95.2695%)

Filtering result:
reads passed filter: 2048704
reads failed due to low quality: 8862
reads failed due to too many N: 72
reads failed due to too short: 1760
reads failed due to adapter dimer: 10
reads with adapter trimmed: 2031206
bases trimmed due to adapters: 110747550

Duplication rate: 8.32929%

Insert size peak (evaluated by paired-end reads): 296

JSON report: fastp.json
HTML report: fastp.html

fastp -w 6 -i /scratch4/workspace/jade_fiorilla_student_uml_edu-rawseqorcc/fastq/2024_Cont02_Null_W15_gill_S83_R1_001.fastq.gz -I /scratch4/workspace/jade_fiorilla_student_uml_edu-rawseqorcc/fastq/2024_Cont02_Null_W15_gill_S83_R2_001.fastq.gz -o /scratch4/workspace/jade_fiorilla_student_uml_edu-rawseqorcc/trimmed-fastp/2024_Cont02_Null_W15_gill_S83_R1_trim.fastq.gz -O /scratch4/workspace/jade_fiorilla_student_uml_edu-rawseqorcc/trimmed-fastp/2024_Cont02_Null_W15_gill_S83_R2_trim.fastq.gz --detect_adapter_for_pe 
fastp v1.3.7, time used: 7 seconds
Running fastp on: 2024_Cont02_Null_W15_gut_S84
Detecting adapter sequence for read1...
>I7_Nextera_Transposase_1 | >Trans2_rc | >I7_Nextera_Transposase_1 | >Trans2_rc
CTGTCTCTTATACACATCTCCGAGCCCACGAGAC

Detecting adapter sequence for read2...
>I5_Nextera_Transposase_1 | >Trans1_rc | >I5_Nextera_Transposase_1 | >Trans1_rc
CTGTCTCTTATACACATCTGACGCTGCCGACGA

Read1 before filtering:
total reads: 883866
total bases: 266043666
Q20 bases: 256161310(96.2854%)
Q30 bases: 242934548(91.3138%)
Q40 bases: 242934548(91.3138%)

Read2 before filtering:
total reads: 883866
total bases: 266043666
Q20 bases: 262395022(98.6286%)
Q30 bases: 252863295(95.0458%)
Q40 bases: 252863295(95.0458%)

Read1 after filtering:
total reads: 877843
total bases: 128126728
Q20 bases: 127038072(99.1503%)
Q30 bases: 123745038(96.5802%)
Q40 bases: 123745038(96.5802%)

Read2 after filtering:
total reads: 877843
total bases: 127850451
Q20 bases: 126268373(98.7626%)
Q30 bases: 121099273(94.7195%)
Q40 bases: 121099273(94.7195%)

Filtering result:
reads passed filter: 1755686
reads failed due to low quality: 10276
reads failed due to too many N: 66
reads failed due to too short: 1694
reads failed due to adapter dimer: 10
reads with adapter trimmed: 1746004
bases trimmed due to adapters: 76155251

Duplication rate: 9.60293%

Insert size peak (evaluated by paired-end reads): 296

JSON report: fastp.json
HTML report: fastp.html

fastp -w 6 -i /scratch4/workspace/jade_fiorilla_student_uml_edu-rawseqorcc/fastq/2024_Cont02_Null_W15_gut_S84_R1_001.fastq.gz -I /scratch4/workspace/jade_fiorilla_student_uml_edu-rawseqorcc/fastq/2024_Cont02_Null_W15_gut_S84_R2_001.fastq.gz -o /scratch4/workspace/jade_fiorilla_student_uml_edu-rawseqorcc/trimmed-fastp/2024_Cont02_Null_W15_gut_S84_R1_trim.fastq.gz -O /scratch4/workspace/jade_fiorilla_student_uml_edu-rawseqorcc/trimmed-fastp/2024_Cont02_Null_W15_gut_S84_R2_trim.fastq.gz --detect_adapter_for_pe 
fastp v1.3.7, time used: 8 seconds
Running fastp on: 2024_Cont02_Warm02_W15_gill_S196
Detecting adapter sequence for read1...
>I7_Nextera_Transposase_1 | >Trans2_rc | >I7_Nextera_Transposase_1 | >Trans2_rc
CTGTCTCTTATACACATCTCCGAGCCCACGAGAC

Detecting adapter sequence for read2...
>I5_Nextera_Transposase_1 | >Trans1_rc | >I5_Nextera_Transposase_1 | >Trans1_rc
CTGTCTCTTATACACATCTGACGCTGCCGACGA

Read1 before filtering:
total reads: 1159104
total bases: 348890304
Q20 bases: 335167389(96.0667%)
Q30 bases: 315430572(90.4097%)
Q40 bases: 315430572(90.4097%)

Read2 before filtering:
total reads: 1159104
total bases: 348890304
Q20 bases: 344305808(98.686%)
Q30 bases: 331493781(95.0138%)
Q40 bases: 331493781(95.0138%)

Read1 after filtering:
total reads: 1150814
total bases: 195767112
Q20 bases: 194187413(99.1931%)
Q30 bases: 189176989(96.6337%)
Q40 bases: 189176989(96.6337%)

Read2 after filtering:
total reads: 1150814
total bases: 195555982
Q20 bases: 192936531(98.6605%)
Q30 bases: 184099424(94.1415%)
Q40 bases: 184099424(94.1415%)

Filtering result:
reads passed filter: 2301628
reads failed due to low quality: 13880
reads failed due to too many N: 62
reads failed due to too short: 2626
reads failed due to adapter dimer: 12
reads with adapter trimmed: 2116820
bases trimmed due to adapters: 85658256

Duplication rate: 8.86133%

Insert size peak (evaluated by paired-end reads): 298

JSON report: fastp.json
HTML report: fastp.html

fastp -w 6 -i /scratch4/workspace/jade_fiorilla_student_uml_edu-rawseqorcc/fastq/2024_Cont02_Warm02_W15_gill_S196_R1_001.fastq.gz -I /scratch4/workspace/jade_fiorilla_student_uml_edu-rawseqorcc/fastq/2024_Cont02_Warm02_W15_gill_S196_R2_001.fastq.gz -o /scratch4/workspace/jade_fiorilla_student_uml_edu-rawseqorcc/trimmed-fastp/2024_Cont02_Warm02_W15_gill_S196_R1_trim.fastq.gz -O /scratch4/workspace/jade_fiorilla_student_uml_edu-rawseqorcc/trimmed-fastp/2024_Cont02_Warm02_W15_gill_S196_R2_trim.fastq.gz --detect_adapter_for_pe 
fastp v1.3.7, time used: 10 seconds
Running fastp on: 2024_Cont02_Warm02_W15_gut_S3
Detecting adapter sequence for read1...
>I7_Nextera_Transposase_1 | >Trans2_rc | >I7_Nextera_Transposase_1 | >Trans2_rc
CTGTCTCTTATACACATCTCCGAGCCCACGAGAC

Detecting adapter sequence for read2...
>I5_Nextera_Transposase_1 | >Trans1_rc | >I5_Nextera_Transposase_1 | >Trans1_rc
CTGTCTCTTATACACATCTGACGCTGCCGACGA

Read1 before filtering:
total reads: 546673
total bases: 164548573
Q20 bases: 160914330(97.7914%)
Q30 bases: 152986827(92.9737%)
Q40 bases: 152986827(92.9737%)

Read2 before filtering:
total reads: 546673
total bases: 164548573
Q20 bases: 162473803(98.7391%)
Q30 bases: 155971372(94.7874%)
Q40 bases: 155971372(94.7874%)

Read1 after filtering:
total reads: 542550
total bases: 143940320
Q20 bases: 142348233(98.8939%)
Q30 bases: 137024466(95.1953%)
Q40 bases: 137024466(95.1953%)

Read2 after filtering:
total reads: 542550
total bases: 143888771
Q20 bases: 142328737(98.9158%)
Q30 bases: 136598581(94.9335%)
Q40 bases: 136598581(94.9335%)

Filtering result:
reads passed filter: 1085100
reads failed due to low quality: 6948
reads failed due to too many N: 20
reads failed due to too short: 1276
reads failed due to adapter dimer: 2
reads with adapter trimmed: 1028260
bases trimmed due to adapters: 12569167

Duplication rate: 13.4514%

Insert size peak (evaluated by paired-end reads): 298

JSON report: fastp.json
HTML report: fastp.html

fastp -w 6 -i /scratch4/workspace/jade_fiorilla_student_uml_edu-rawseqorcc/fastq/2024_Cont02_Warm02_W15_gut_S3_R1_001.fastq.gz -I /scratch4/workspace/jade_fiorilla_student_uml_edu-rawseqorcc/fastq/2024_Cont02_Warm02_W15_gut_S3_R2_001.fastq.gz -o /scratch4/workspace/jade_fiorilla_student_uml_edu-rawseqorcc/trimmed-fastp/2024_Cont02_Warm02_W15_gut_S3_R1_trim.fastq.gz -O /scratch4/workspace/jade_fiorilla_student_uml_edu-rawseqorcc/trimmed-fastp/2024_Cont02_Warm02_W15_gut_S3_R2_trim.fastq.gz --detect_adapter_for_pe 
fastp v1.3.7, time used: 7 seconds
Running fastp on: 2024_Cont03_Both03_W30_gill_S217
Detecting adapter sequence for read1...
>I7_Nextera_Transposase_1 | >Trans2_rc | >I7_Nextera_Transposase_1 | >Trans2_rc
CTGTCTCTTATACACATCTCCGAGCCCACGAGAC

Detecting adapter sequence for read2...
>I5_Nextera_Transposase_1 | >Trans1_rc | >I5_Nextera_Transposase_1 | >Trans1_rc
CTGTCTCTTATACACATCTGACGCTGCCGACGA

Read1 before filtering:
total reads: 568383
total bases: 171083283
Q20 bases: 167047880(97.6413%)
Q30 bases: 159172738(93.0382%)
Q40 bases: 159172738(93.0382%)

Read2 before filtering:
total reads: 568383
total bases: 171083283
Q20 bases: 168892759(98.7196%)
Q30 bases: 162431850(94.9431%)
Q40 bases: 162431850(94.9431%)

Read1 after filtering:
total reads: 565000
total bases: 126925471
Q20 bases: 125768080(99.0881%)
Q30 bases: 121847568(95.9993%)
Q40 bases: 121847568(95.9993%)

Read2 after filtering:
total reads: 565000
total bases: 126876629
Q20 bases: 125298551(98.7562%)
Q30 bases: 119972649(94.5585%)
Q40 bases: 119972649(94.5585%)

Filtering result:
reads passed filter: 1130000
reads failed due to low quality: 6280
reads failed due to too many N: 38
reads failed due to too short: 448
reads failed due to adapter dimer: 0
reads with adapter trimmed: 1080019
bases trimmed due to adapters: 27817804

Duplication rate: 30.9775%

Insert size peak (evaluated by paired-end reads): 294

JSON report: fastp.json
HTML report: fastp.html

fastp -w 6 -i /scratch4/workspace/jade_fiorilla_student_uml_edu-rawseqorcc/fastq/2024_Cont03_Both03_W30_gill_S217_R1_001.fastq.gz -I /scratch4/workspace/jade_fiorilla_student_uml_edu-rawseqorcc/fastq/2024_Cont03_Both03_W30_gill_S217_R2_001.fastq.gz -o /scratch4/workspace/jade_fiorilla_student_uml_edu-rawseqorcc/trimmed-fastp/2024_Cont03_Both03_W30_gill_S217_R1_trim.fastq.gz -O /scratch4/workspace/jade_fiorilla_student_uml_edu-rawseqorcc/trimmed-fastp/2024_Cont03_Both03_W30_gill_S217_R2_trim.fastq.gz --detect_adapter_for_pe 
fastp v1.3.7, time used: 6 seconds
Running fastp on: 2024_Cont03_Both03_W30_gut_S40
Detecting adapter sequence for read1...
>I7_Nextera_Transposase_1 | >Trans2_rc | >I7_Nextera_Transposase_1 | >Trans2_rc
CTGTCTCTTATACACATCTCCGAGCCCACGAGAC

Detecting adapter sequence for read2...
>I5_Nextera_Transposase_1 | >Trans1_rc | >I5_Nextera_Transposase_1 | >Trans1_rc
CTGTCTCTTATACACATCTGACGCTGCCGACGA

Read1 before filtering:
total reads: 906243
total bases: 272779143
Q20 bases: 258906823(94.9144%)
Q30 bases: 238421160(87.4045%)
Q40 bases: 238421160(87.4045%)

Read2 before filtering:
total reads: 906243
total bases: 272779143
Q20 bases: 270474216(99.155%)
Q30 bases: 263962973(96.768%)
Q40 bases: 263962973(96.768%)

Read1 after filtering:
total reads: 900524
total bases: 69192894
Q20 bases: 68557884(99.0823%)
Q30 bases: 66851465(96.6161%)
Q40 bases: 66851465(96.6161%)

Read2 after filtering:
total reads: 900524
total bases: 68960913
Q20 bases: 68210836(98.9123%)
Q30 bases: 65638459(95.1821%)
Q40 bases: 65638459(95.1821%)

Filtering result:
reads passed filter: 1801048
reads failed due to low quality: 10448
reads failed due to too many N: 54
reads failed due to too short: 936
reads failed due to adapter dimer: 0
reads with adapter trimmed: 1792663
bases trimmed due to adapters: 112169687

Duplication rate: 46.621%

Insert size peak (evaluated by paired-end reads): 292

JSON report: fastp.json
HTML report: fastp.html

fastp -w 6 -i /scratch4/workspace/jade_fiorilla_student_uml_edu-rawseqorcc/fastq/2024_Cont03_Both03_W30_gut_S40_R1_001.fastq.gz -I /scratch4/workspace/jade_fiorilla_student_uml_edu-rawseqorcc/fastq/2024_Cont03_Both03_W30_gut_S40_R2_001.fastq.gz -o /scratch4/workspace/jade_fiorilla_student_uml_edu-rawseqorcc/trimmed-fastp/2024_Cont03_Both03_W30_gut_S40_R1_trim.fastq.gz -O /scratch4/workspace/jade_fiorilla_student_uml_edu-rawseqorcc/trimmed-fastp/2024_Cont03_Both03_W30_gut_S40_R2_trim.fastq.gz --detect_adapter_for_pe 
fastp v1.3.7, time used: 6 seconds
Running fastp on: 2024_Cont03_Cont02_W17_gill_S218
Detecting adapter sequence for read1...
>I7_Nextera_Transposase_1 | >Trans2_rc | >I7_Nextera_Transposase_1 | >Trans2_rc
CTGTCTCTTATACACATCTCCGAGCCCACGAGAC

Detecting adapter sequence for read2...
>I5_Nextera_Transposase_1 | >Trans1_rc | >I5_Nextera_Transposase_1 | >Trans1_rc
CTGTCTCTTATACACATCTGACGCTGCCGACGA

Read1 before filtering:
total reads: 715767
total bases: 215445867
Q20 bases: 211664859(98.245%)
Q30 bases: 204056933(94.7138%)
Q40 bases: 204056933(94.7138%)

Read2 before filtering:
total reads: 715767
total bases: 215445867
Q20 bases: 211490978(98.1643%)
Q30 bases: 200978868(93.2851%)
Q40 bases: 200978868(93.2851%)

Read1 after filtering:
total reads: 710790
total bases: 178693605
Q20 bases: 177329043(99.2364%)
Q30 bases: 172928388(96.7737%)
Q40 bases: 172928388(96.7737%)

Read2 after filtering:
total reads: 710790
total bases: 178676730
Q20 bases: 175641263(98.3011%)
Q30 bases: 166697893(93.2958%)
Q40 bases: 166697893(93.2958%)

Filtering result:
reads passed filter: 1421580
reads failed due to low quality: 9282
reads failed due to too many N: 56
reads failed due to too short: 616
reads failed due to adapter dimer: 0
reads with adapter trimmed: 1381446
bases trimmed due to adapters: 25574876

Duplication rate: 41.4301%

Insert size peak (evaluated by paired-end reads): 294

JSON report: fastp.json
HTML report: fastp.html

fastp -w 6 -i /scratch4/workspace/jade_fiorilla_student_uml_edu-rawseqorcc/fastq/2024_Cont03_Cont02_W17_gill_S218_R1_001.fastq.gz -I /scratch4/workspace/jade_fiorilla_student_uml_edu-rawseqorcc/fastq/2024_Cont03_Cont02_W17_gill_S218_R2_001.fastq.gz -o /scratch4/workspace/jade_fiorilla_student_uml_edu-rawseqorcc/trimmed-fastp/2024_Cont03_Cont02_W17_gill_S218_R1_trim.fastq.gz -O /scratch4/workspace/jade_fiorilla_student_uml_edu-rawseqorcc/trimmed-fastp/2024_Cont03_Cont02_W17_gill_S218_R2_trim.fastq.gz --detect_adapter_for_pe 
fastp v1.3.7, time used: 8 seconds
Running fastp on: 2024_Cont03_Cont02_W17_gut_S41
Detecting adapter sequence for read1...
>I7_Nextera_Transposase_1 | >Trans2_rc | >I7_Nextera_Transposase_1 | >Trans2_rc
CTGTCTCTTATACACATCTCCGAGCCCACGAGAC

Detecting adapter sequence for read2...
>I5_Nextera_Transposase_1 | >Trans1_rc | >I5_Nextera_Transposase_1 | >Trans1_rc
CTGTCTCTTATACACATCTGACGCTGCCGACGA

Read1 before filtering:
total reads: 825849
total bases: 248580549
Q20 bases: 239827973(96.479%)
Q30 bases: 225747884(90.8148%)
Q40 bases: 225747884(90.8148%)

Read2 before filtering:
total reads: 825849
total bases: 248580549
Q20 bases: 245980837(98.9542%)
Q30 bases: 238468154(95.9319%)
Q40 bases: 238468154(95.9319%)

Read1 after filtering:
total reads: 820530
total bases: 125892130
Q20 bases: 124922952(99.2302%)
Q30 bases: 122005225(96.9125%)
Q40 bases: 122005225(96.9125%)

Read2 after filtering:
total reads: 820530
total bases: 125742234
Q20 bases: 124330341(98.8772%)
Q30 bases: 119509895(95.0436%)
Q40 bases: 119509895(95.0436%)

Filtering result:
reads passed filter: 1641060
reads failed due to low quality: 9638
reads failed due to too many N: 34
reads failed due to too short: 966
reads failed due to adapter dimer: 0
reads with adapter trimmed: 1637784
bases trimmed due to adapters: 70810034

Duplication rate: 49.459%

Insert size peak (evaluated by paired-end reads): 292

JSON report: fastp.json
HTML report: fastp.html

fastp -w 6 -i /scratch4/workspace/jade_fiorilla_student_uml_edu-rawseqorcc/fastq/2024_Cont03_Cont02_W17_gut_S41_R1_001.fastq.gz -I /scratch4/workspace/jade_fiorilla_student_uml_edu-rawseqorcc/fastq/2024_Cont03_Cont02_W17_gut_S41_R2_001.fastq.gz -o /scratch4/workspace/jade_fiorilla_student_uml_edu-rawseqorcc/trimmed-fastp/2024_Cont03_Cont02_W17_gut_S41_R1_trim.fastq.gz -O /scratch4/workspace/jade_fiorilla_student_uml_edu-rawseqorcc/trimmed-fastp/2024_Cont03_Cont02_W17_gut_S41_R2_trim.fastq.gz --detect_adapter_for_pe 
fastp v1.3.7, time used: 7 seconds
Running fastp on: 2024_Cont03_Null_W21_gill_S238
Detecting adapter sequence for read1...
No adapter detected for read1

Detecting adapter sequence for read2...
No adapter detected for read2

Read1 before filtering:
total reads: 3657
total bases: 1100757
Q20 bases: 1048815(95.2812%)
Q30 bases: 969814(88.1043%)
Q40 bases: 969814(88.1043%)

Read2 before filtering:
total reads: 3657
total bases: 1100757
Q20 bases: 1076565(97.8022%)
Q30 bases: 1027280(93.3249%)
Q40 bases: 1027280(93.3249%)

Read1 after filtering:
total reads: 3579
total bases: 573114
Q20 bases: 535589(93.4524%)
Q30 bases: 491777(85.8079%)
Q40 bases: 491777(85.8079%)

Read2 after filtering:
total reads: 3579
total bases: 582587
Q20 bases: 568723(97.6203%)
Q30 bases: 533269(91.5347%)
Q40 bases: 533269(91.5347%)

Filtering result:
reads passed filter: 7158
reads failed due to low quality: 136
reads failed due to too many N: 0
reads failed due to too short: 20
reads failed due to adapter dimer: 0
reads with adapter trimmed: 2420
bases trimmed due to adapters: 31915

Duplication rate: 10.3637%

Insert size peak (evaluated by paired-end reads): 292

JSON report: fastp.json
HTML report: fastp.html

fastp -w 6 -i /scratch4/workspace/jade_fiorilla_student_uml_edu-rawseqorcc/fastq/2024_Cont03_Null_W21_gill_S238_R1_001.fastq.gz -I /scratch4/workspace/jade_fiorilla_student_uml_edu-rawseqorcc/fastq/2024_Cont03_Null_W21_gill_S238_R2_001.fastq.gz -o /scratch4/workspace/jade_fiorilla_student_uml_edu-rawseqorcc/trimmed-fastp/2024_Cont03_Null_W21_gill_S238_R1_trim.fastq.gz -O /scratch4/workspace/jade_fiorilla_student_uml_edu-rawseqorcc/trimmed-fastp/2024_Cont03_Null_W21_gill_S238_R2_trim.fastq.gz --detect_adapter_for_pe 
fastp v1.3.7, time used: 1 seconds
Running fastp on: 2024_Cont03_Null_W21_gut_S85
Detecting adapter sequence for read1...
>I7_Nextera_Transposase_1 | >Trans2_rc | >I7_Nextera_Transposase_1 | >Trans2_rc
CTGTCTCTTATACACATCTCCGAGCCCACGAGAC

Detecting adapter sequence for read2...
>I5_Nextera_Transposase_1 | >Trans1_rc | >I5_Nextera_Transposase_1 | >Trans1_rc
CTGTCTCTTATACACATCTGACGCTGCCGACGA

Read1 before filtering:
total reads: 959278
total bases: 288742678
Q20 bases: 278835164(96.5687%)
Q30 bases: 265065749(91.8%)
Q40 bases: 265065749(91.8%)

Read2 before filtering:
total reads: 959278
total bases: 288742678
Q20 bases: 285231500(98.784%)
Q30 bases: 275824677(95.5261%)
Q40 bases: 275824677(95.5261%)

Read1 after filtering:
total reads: 952839
total bases: 155773783
Q20 bases: 154395994(99.1155%)
Q30 bases: 150309565(96.4922%)
Q40 bases: 150309565(96.4922%)

Read2 after filtering:
total reads: 952839
total bases: 155508449
Q20 bases: 153510698(98.7153%)
Q30 bases: 147108001(94.5981%)
Q40 bases: 147108001(94.5981%)

Filtering result:
reads passed filter: 1905678
reads failed due to low quality: 11060
reads failed due to too many N: 96
reads failed due to too short: 1712
reads failed due to adapter dimer: 10
reads with adapter trimmed: 1897955
bases trimmed due to adapters: 74687901

Duplication rate: 18.7263%

Insert size peak (evaluated by paired-end reads): 296

JSON report: fastp.json
HTML report: fastp.html

fastp -w 6 -i /scratch4/workspace/jade_fiorilla_student_uml_edu-rawseqorcc/fastq/2024_Cont03_Null_W21_gut_S85_R1_001.fastq.gz -I /scratch4/workspace/jade_fiorilla_student_uml_edu-rawseqorcc/fastq/2024_Cont03_Null_W21_gut_S85_R2_001.fastq.gz -o /scratch4/workspace/jade_fiorilla_student_uml_edu-rawseqorcc/trimmed-fastp/2024_Cont03_Null_W21_gut_S85_R1_trim.fastq.gz -O /scratch4/workspace/jade_fiorilla_student_uml_edu-rawseqorcc/trimmed-fastp/2024_Cont03_Null_W21_gut_S85_R2_trim.fastq.gz --detect_adapter_for_pe 
fastp v1.3.7, time used: 8 seconds
Running fastp on: 2024_Cont03_Warm03_W29_gill_S8
Detecting adapter sequence for read1...
>I7_Nextera_Transposase_1 | >Trans2_rc | >I7_Nextera_Transposase_1 | >Trans2_rc
CTGTCTCTTATACACATCTCCGAGCCCACGAGAC

Detecting adapter sequence for read2...
>I5_Nextera_Transposase_1 | >Trans1_rc | >I5_Nextera_Transposase_1 | >Trans1_rc
CTGTCTCTTATACACATCTGACGCTGCCGACGA

Read1 before filtering:
total reads: 837642
total bases: 252130242
Q20 bases: 247891380(98.3188%)
Q30 bases: 238750689(94.6934%)
Q40 bases: 238750689(94.6934%)

Read2 before filtering:
total reads: 837642
total bases: 252130242
Q20 bases: 248487246(98.5551%)
Q30 bases: 237602681(94.2381%)
Q40 bases: 237602681(94.2381%)

Read1 after filtering:
total reads: 831407
total bases: 227686677
Q20 bases: 226013728(99.2652%)
Q30 bases: 220462726(96.8272%)
Q40 bases: 220462726(96.8272%)

Read2 after filtering:
total reads: 831407
total bases: 227662965
Q20 bases: 224923984(98.7969%)
Q30 bases: 215389067(94.6087%)
Q40 bases: 215389067(94.6087%)

Filtering result:
reads passed filter: 1662814
reads failed due to low quality: 10752
reads failed due to too many N: 48
reads failed due to too short: 1664
reads failed due to adapter dimer: 6
reads with adapter trimmed: 1600690
bases trimmed due to adapters: 17215701

Duplication rate: 16.5308%

Insert size peak (evaluated by paired-end reads): 298

JSON report: fastp.json
HTML report: fastp.html

fastp -w 6 -i /scratch4/workspace/jade_fiorilla_student_uml_edu-rawseqorcc/fastq/2024_Cont03_Warm03_W29_gill_S8_R1_001.fastq.gz -I /scratch4/workspace/jade_fiorilla_student_uml_edu-rawseqorcc/fastq/2024_Cont03_Warm03_W29_gill_S8_R2_001.fastq.gz -o /scratch4/workspace/jade_fiorilla_student_uml_edu-rawseqorcc/trimmed-fastp/2024_Cont03_Warm03_W29_gill_S8_R1_trim.fastq.gz -O /scratch4/workspace/jade_fiorilla_student_uml_edu-rawseqorcc/trimmed-fastp/2024_Cont03_Warm03_W29_gill_S8_R2_trim.fastq.gz --detect_adapter_for_pe 
fastp v1.3.7, time used: 9 seconds
Running fastp on: 2024_Cont03_Warm03_W29_gut_S9
Detecting adapter sequence for read1...
>I7_Nextera_Transposase_1 | >Trans2_rc | >I7_Nextera_Transposase_1 | >Trans2_rc
CTGTCTCTTATACACATCTCCGAGCCCACGAGAC

Detecting adapter sequence for read2...
>I5_Nextera_Transposase_1 | >Trans1_rc | >I5_Nextera_Transposase_1 | >Trans1_rc
CTGTCTCTTATACACATCTGACGCTGCCGACGA

Read1 before filtering:
total reads: 716136
total bases: 215556936
Q20 bases: 211136645(97.9494%)
Q30 bases: 202477141(93.9321%)
Q40 bases: 202477141(93.9321%)

Read2 before filtering:
total reads: 716136
total bases: 215556936
Q20 bases: 212267681(98.4741%)
Q30 bases: 202697023(94.0341%)
Q40 bases: 202697023(94.0341%)

Read1 after filtering:
total reads: 710328
total bases: 185570525
Q20 bases: 184044897(99.1779%)
Q30 bases: 179250263(96.5941%)
Q40 bases: 179250263(96.5941%)

Read2 after filtering:
total reads: 710328
total bases: 185528882
Q20 bases: 183119577(98.7014%)
Q30 bases: 174861401(94.2502%)
Q40 bases: 174861401(94.2502%)

Filtering result:
reads passed filter: 1420656
reads failed due to low quality: 9946
reads failed due to too many N: 20
reads failed due to too short: 1640
reads failed due to adapter dimer: 10
reads with adapter trimmed: 1410368
bases trimmed due to adapters: 18571648

Duplication rate: 13.4469%

Insert size peak (evaluated by paired-end reads): 298

JSON report: fastp.json
HTML report: fastp.html

fastp -w 6 -i /scratch4/workspace/jade_fiorilla_student_uml_edu-rawseqorcc/fastq/2024_Cont03_Warm03_W29_gut_S9_R1_001.fastq.gz -I /scratch4/workspace/jade_fiorilla_student_uml_edu-rawseqorcc/fastq/2024_Cont03_Warm03_W29_gut_S9_R2_001.fastq.gz -o /scratch4/workspace/jade_fiorilla_student_uml_edu-rawseqorcc/trimmed-fastp/2024_Cont03_Warm03_W29_gut_S9_R1_trim.fastq.gz -O /scratch4/workspace/jade_fiorilla_student_uml_edu-rawseqorcc/trimmed-fastp/2024_Cont03_Warm03_W29_gut_S9_R2_trim.fastq.gz --detect_adapter_for_pe 
fastp v1.3.7, time used: 8 seconds
Running fastp on: 2024_Cont04_Both01_W7_gill_S143
Detecting adapter sequence for read1...
>I7_Nextera_Transposase_1 | >Trans2_rc | >I7_Nextera_Transposase_1 | >Trans2_rc
CTGTCTCTTATACACATCTCCGAGCCCACGAGAC

Detecting adapter sequence for read2...
>I5_Nextera_Transposase_1 | >Trans1_rc | >I5_Nextera_Transposase_1 | >Trans1_rc
CTGTCTCTTATACACATCTGACGCTGCCGACGA

Read1 before filtering:
total reads: 1159871
total bases: 349121171
Q20 bases: 342450776(98.0894%)
Q30 bases: 330067030(94.5423%)
Q40 bases: 330067030(94.5423%)

Read2 before filtering:
total reads: 1159871
total bases: 349121171
Q20 bases: 344532369(98.6856%)
Q30 bases: 331300430(94.8955%)
Q40 bases: 331300430(94.8955%)

Read1 after filtering:
total reads: 1152677
total bases: 275993087
Q20 bases: 274045245(99.2942%)
Q30 bases: 267658261(96.9801%)
Q40 bases: 267658261(96.9801%)

Read2 after filtering:
total reads: 1152677
total bases: 275946706
Q20 bases: 272772906(98.8499%)
Q30 bases: 262077082(94.9738%)
Q40 bases: 262077082(94.9738%)

Filtering result:
reads passed filter: 2305354
reads failed due to low quality: 13104
reads failed due to too many N: 76
reads failed due to too short: 1208
reads failed due to adapter dimer: 0
reads with adapter trimmed: 2287245
bases trimmed due to adapters: 48556518

Duplication rate: 36.8399%

Insert size peak (evaluated by paired-end reads): 294

JSON report: fastp.json
HTML report: fastp.html

fastp -w 6 -i /scratch4/workspace/jade_fiorilla_student_uml_edu-rawseqorcc/fastq/2024_Cont04_Both01_W7_gill_S143_R1_001.fastq.gz -I /scratch4/workspace/jade_fiorilla_student_uml_edu-rawseqorcc/fastq/2024_Cont04_Both01_W7_gill_S143_R2_001.fastq.gz -o /scratch4/workspace/jade_fiorilla_student_uml_edu-rawseqorcc/trimmed-fastp/2024_Cont04_Both01_W7_gill_S143_R1_trim.fastq.gz -O /scratch4/workspace/jade_fiorilla_student_uml_edu-rawseqorcc/trimmed-fastp/2024_Cont04_Both01_W7_gill_S143_R2_trim.fastq.gz --detect_adapter_for_pe 
fastp v1.3.7, time used: 10 seconds
Running fastp on: 2024_Cont04_Both01_W7_gut_S144
Detecting adapter sequence for read1...
>I7_Nextera_Transposase_1 | >Trans2_rc | >I7_Nextera_Transposase_1 | >Trans2_rc
CTGTCTCTTATACACATCTCCGAGCCCACGAGAC

Detecting adapter sequence for read2...
>I5_Nextera_Transposase_1 | >Trans1_rc | >I5_Nextera_Transposase_1 | >Trans1_rc
CTGTCTCTTATACACATCTGACGCTGCCGACGA

Read1 before filtering:
total reads: 1382629
total bases: 416171329
Q20 bases: 405143286(97.3501%)
Q30 bases: 387229321(93.0457%)
Q40 bases: 387229321(93.0457%)

Read2 before filtering:
total reads: 1382629
total bases: 416171329
Q20 bases: 410804381(98.7104%)
Q30 bases: 395760084(95.0955%)
Q40 bases: 395760084(95.0955%)

Read1 after filtering:
total reads: 1374715
total bases: 273052860
Q20 bases: 270905826(99.2137%)
Q30 bases: 264190764(96.7544%)
Q40 bases: 264190764(96.7544%)

Read2 after filtering:
total reads: 1374715
total bases: 272893899
Q20 bases: 269384293(98.7139%)
Q30 bases: 258123083(94.5873%)
Q40 bases: 258123083(94.5873%)

Filtering result:
reads passed filter: 2749430
reads failed due to low quality: 14366
reads failed due to too many N: 90
reads failed due to too short: 1366
reads failed due to adapter dimer: 6
reads with adapter trimmed: 2731678
bases trimmed due to adapters: 86388889

Duplication rate: 41.1767%

Insert size peak (evaluated by paired-end reads): 294

JSON report: fastp.json
HTML report: fastp.html

fastp -w 6 -i /scratch4/workspace/jade_fiorilla_student_uml_edu-rawseqorcc/fastq/2024_Cont04_Both01_W7_gut_S144_R1_001.fastq.gz -I /scratch4/workspace/jade_fiorilla_student_uml_edu-rawseqorcc/fastq/2024_Cont04_Both01_W7_gut_S144_R2_001.fastq.gz -o /scratch4/workspace/jade_fiorilla_student_uml_edu-rawseqorcc/trimmed-fastp/2024_Cont04_Both01_W7_gut_S144_R1_trim.fastq.gz -O /scratch4/workspace/jade_fiorilla_student_uml_edu-rawseqorcc/trimmed-fastp/2024_Cont04_Both01_W7_gut_S144_R2_trim.fastq.gz --detect_adapter_for_pe 
fastp v1.3.7, time used: 12 seconds
Running fastp on: 2024_Cont04_Both05_W56_gill_S252
Detecting adapter sequence for read1...
>I7_Nextera_Transposase_1 | >Trans2_rc | >I7_Nextera_Transposase_1 | >Trans2_rc
CTGTCTCTTATACACATCTCCGAGCCCACGAGAC

Detecting adapter sequence for read2...
>I5_Nextera_Transposase_1 | >Trans1_rc | >I5_Nextera_Transposase_1 | >Trans1_rc
CTGTCTCTTATACACATCTGACGCTGCCGACGA

Read1 before filtering:
total reads: 799711
total bases: 240713011
Q20 bases: 237598932(98.7063%)
Q30 bases: 229673166(95.4137%)
Q40 bases: 229673166(95.4137%)

Read2 before filtering:
total reads: 799711
total bases: 240713011
Q20 bases: 236012283(98.0472%)
Q30 bases: 223074240(92.6723%)
Q40 bases: 223074240(92.6723%)

Read1 after filtering:
total reads: 792072
total bases: 226973680
Q20 bases: 225215607(99.2254%)
Q30 bases: 219276547(96.6088%)
Q40 bases: 219276547(96.6088%)

Read2 after filtering:
total reads: 792072
total bases: 226993447
Q20 bases: 223659080(98.5311%)
Q30 bases: 212649430(93.6809%)
Q40 bases: 212649430(93.6809%)

Filtering result:
reads passed filter: 1584144
reads failed due to low quality: 13500
reads failed due to too many N: 40
reads failed due to too short: 1736
reads failed due to adapter dimer: 2
reads with adapter trimmed: 1556073
bases trimmed due to adapters: 21083951

Duplication rate: 15.8684%

Insert size peak (evaluated by paired-end reads): 298

JSON report: fastp.json
HTML report: fastp.html

fastp -w 6 -i /scratch4/workspace/jade_fiorilla_student_uml_edu-rawseqorcc/fastq/2024_Cont04_Both05_W56_gill_S252_R1_001.fastq.gz -I /scratch4/workspace/jade_fiorilla_student_uml_edu-rawseqorcc/fastq/2024_Cont04_Both05_W56_gill_S252_R2_001.fastq.gz -o /scratch4/workspace/jade_fiorilla_student_uml_edu-rawseqorcc/trimmed-fastp/2024_Cont04_Both05_W56_gill_S252_R1_trim.fastq.gz -O /scratch4/workspace/jade_fiorilla_student_uml_edu-rawseqorcc/trimmed-fastp/2024_Cont04_Both05_W56_gill_S252_R2_trim.fastq.gz --detect_adapter_for_pe 
fastp v1.3.7, time used: 8 seconds
Running fastp on: 2024_Cont04_Both05_W56_gut_S167
Detecting adapter sequence for read1...
>I7_Nextera_Transposase_1 | >Trans2_rc | >I7_Nextera_Transposase_1 | >Trans2_rc
CTGTCTCTTATACACATCTCCGAGCCCACGAGAC

Detecting adapter sequence for read2...
>I5_Nextera_Transposase_1 | >Trans1_rc | >I5_Nextera_Transposase_1 | >Trans1_rc
CTGTCTCTTATACACATCTGACGCTGCCGACGA

Read1 before filtering:
total reads: 2401824
total bases: 722949024
Q20 bases: 694513727(96.0668%)
Q30 bases: 652781635(90.2943%)
Q40 bases: 652781635(90.2943%)

Read2 before filtering:
total reads: 2401824
total bases: 722949024
Q20 bases: 715005774(98.9013%)
Q30 bases: 692954346(95.8511%)
Q40 bases: 692954346(95.8511%)

Read1 after filtering:
total reads: 2388847
total bases: 340184948
Q20 bases: 337486640(99.2068%)
Q30 bases: 329127751(96.7497%)
Q40 bases: 329127751(96.7497%)

Read2 after filtering:
total reads: 2388847
total bases: 339753902
Q20 bases: 335945571(98.8791%)
Q30 bases: 322793875(95.0081%)
Q40 bases: 322793875(95.0081%)

Filtering result:
reads passed filter: 4777694
reads failed due to low quality: 23918
reads failed due to too many N: 86
reads failed due to too short: 1942
reads failed due to adapter dimer: 8
reads with adapter trimmed: 4753049
bases trimmed due to adapters: 219509080

Duplication rate: 30.4964%

Insert size peak (evaluated by paired-end reads): 294

JSON report: fastp.json
HTML report: fastp.html

fastp -w 6 -i /scratch4/workspace/jade_fiorilla_student_uml_edu-rawseqorcc/fastq/2024_Cont04_Both05_W56_gut_S167_R1_001.fastq.gz -I /scratch4/workspace/jade_fiorilla_student_uml_edu-rawseqorcc/fastq/2024_Cont04_Both05_W56_gut_S167_R2_001.fastq.gz -o /scratch4/workspace/jade_fiorilla_student_uml_edu-rawseqorcc/trimmed-fastp/2024_Cont04_Both05_W56_gut_S167_R1_trim.fastq.gz -O /scratch4/workspace/jade_fiorilla_student_uml_edu-rawseqorcc/trimmed-fastp/2024_Cont04_Both05_W56_gut_S167_R2_trim.fastq.gz --detect_adapter_for_pe 
fastp v1.3.7, time used: 17 seconds
Running fastp on: 2024_Cont04_Cont06_W67_gill_S232
Detecting adapter sequence for read1...
>I7_Nextera_Transposase_1 | >Trans2_rc | >I7_Nextera_Transposase_1 | >Trans2_rc
CTGTCTCTTATACACATCTCCGAGCCCACGAGAC

Detecting adapter sequence for read2...
>I5_Nextera_Transposase_1 | >Trans1_rc | >I5_Nextera_Transposase_1 | >Trans1_rc
CTGTCTCTTATACACATCTGACGCTGCCGACGA

Read1 before filtering:
total reads: 13180
total bases: 3967180
Q20 bases: 3860841(97.3195%)
Q30 bases: 3665334(92.3914%)
Q40 bases: 3665334(92.3914%)

Read2 before filtering:
total reads: 13180
total bases: 3967180
Q20 bases: 3887131(97.9822%)
Q30 bases: 3692592(93.0785%)
Q40 bases: 3692592(93.0785%)

Read1 after filtering:
total reads: 13078
total bases: 2842707
Q20 bases: 2809881(98.8453%)
Q30 bases: 2710877(95.3625%)
Q40 bases: 2710877(95.3625%)

Read2 after filtering:
total reads: 13078
total bases: 2840207
Q20 bases: 2781841(97.945%)
Q30 bases: 2620646(92.2695%)
Q40 bases: 2620646(92.2695%)

Filtering result:
reads passed filter: 26156
reads failed due to low quality: 194
reads failed due to too many N: 0
reads failed due to too short: 10
reads failed due to adapter dimer: 0
reads with adapter trimmed: 25022
bases trimmed due to adapters: 694506

Duplication rate: 8.76328%

Insert size peak (evaluated by paired-end reads): 294

JSON report: fastp.json
HTML report: fastp.html

fastp -w 6 -i /scratch4/workspace/jade_fiorilla_student_uml_edu-rawseqorcc/fastq/2024_Cont04_Cont06_W67_gill_S232_R1_001.fastq.gz -I /scratch4/workspace/jade_fiorilla_student_uml_edu-rawseqorcc/fastq/2024_Cont04_Cont06_W67_gill_S232_R2_001.fastq.gz -o /scratch4/workspace/jade_fiorilla_student_uml_edu-rawseqorcc/trimmed-fastp/2024_Cont04_Cont06_W67_gill_S232_R1_trim.fastq.gz -O /scratch4/workspace/jade_fiorilla_student_uml_edu-rawseqorcc/trimmed-fastp/2024_Cont04_Cont06_W67_gill_S232_R2_trim.fastq.gz --detect_adapter_for_pe 
fastp v1.3.7, time used: 2 seconds
Running fastp on: 2024_Cont04_Cont06_W67_gut_S168
Detecting adapter sequence for read1...
>I7_Nextera_Transposase_1 | >Trans2_rc | >I7_Nextera_Transposase_1 | >Trans2_rc
CTGTCTCTTATACACATCTCCGAGCCCACGAGAC

Detecting adapter sequence for read2...
>I5_Nextera_Transposase_1 | >Trans1_rc | >I5_Nextera_Transposase_1 | >Trans1_rc
CTGTCTCTTATACACATCTGACGCTGCCGACGA

Read1 before filtering:
total reads: 2512695
total bases: 756321195
Q20 bases: 721952846(95.4559%)
Q30 bases: 673520835(89.0522%)
Q40 bases: 673520835(89.0522%)

Read2 before filtering:
total reads: 2512695
total bases: 756321195
Q20 bases: 749107912(99.0463%)
Q30 bases: 728865552(96.3698%)
Q40 bases: 728865552(96.3698%)

Read1 after filtering:
total reads: 2501174
total bases: 264871058
Q20 bases: 262601207(99.143%)
Q30 bases: 255837019(96.5893%)
Q40 bases: 255837019(96.5893%)

Read2 after filtering:
total reads: 2501174
total bases: 264331364
Q20 bases: 261114452(98.783%)
Q30 bases: 250440406(94.7449%)
Q40 bases: 250440406(94.7449%)

Filtering result:
reads passed filter: 5002348
reads failed due to low quality: 20908
reads failed due to too many N: 54
reads failed due to too short: 2072
reads failed due to adapter dimer: 8
reads with adapter trimmed: 4956019
bases trimmed due to adapters: 273750581

Duplication rate: 26.9768%

Insert size peak (evaluated by paired-end reads): 294

JSON report: fastp.json
HTML report: fastp.html

fastp -w 6 -i /scratch4/workspace/jade_fiorilla_student_uml_edu-rawseqorcc/fastq/2024_Cont04_Cont06_W67_gut_S168_R1_001.fastq.gz -I /scratch4/workspace/jade_fiorilla_student_uml_edu-rawseqorcc/fastq/2024_Cont04_Cont06_W67_gut_S168_R2_001.fastq.gz -o /scratch4/workspace/jade_fiorilla_student_uml_edu-rawseqorcc/trimmed-fastp/2024_Cont04_Cont06_W67_gut_S168_R1_trim.fastq.gz -O /scratch4/workspace/jade_fiorilla_student_uml_edu-rawseqorcc/trimmed-fastp/2024_Cont04_Cont06_W67_gut_S168_R2_trim.fastq.gz --detect_adapter_for_pe 
fastp v1.3.7, time used: 16 seconds
Running fastp on: 2024_Cont04_Hyp05_W56_gill_S225
Detecting adapter sequence for read1...
>I7_Nextera_Transposase_1 | >Trans2_rc | >I7_Nextera_Transposase_1 | >Trans2_rc
CTGTCTCTTATACACATCTCCGAGCCCACGAGAC

Detecting adapter sequence for read2...
>I5_Nextera_Transposase_1 | >Trans1_rc | >I5_Nextera_Transposase_1 | >Trans1_rc
CTGTCTCTTATACACATCTGACGCTGCCGACGA

Read1 before filtering:
total reads: 590347
total bases: 177694447
Q20 bases: 173980949(97.9102%)
Q30 bases: 165155983(92.9438%)
Q40 bases: 165155983(92.9438%)

Read2 before filtering:
total reads: 590347
total bases: 177694447
Q20 bases: 175566815(98.8026%)
Q30 bases: 168860118(95.0284%)
Q40 bases: 168860118(95.0284%)

Read1 after filtering:
total reads: 586508
total bases: 153666089
Q20 bases: 151750564(98.7534%)
Q30 bases: 145350232(94.5884%)
Q40 bases: 145350232(94.5884%)

Read2 after filtering:
total reads: 586508
total bases: 153634309
Q20 bases: 152050785(98.9693%)
Q30 bases: 146209285(95.1671%)
Q40 bases: 146209285(95.1671%)

Filtering result:
reads passed filter: 1173016
reads failed due to low quality: 6764
reads failed due to too many N: 26
reads failed due to too short: 886
reads failed due to adapter dimer: 2
reads with adapter trimmed: 1116266
bases trimmed due to adapters: 16280578

Duplication rate: 19.9283%

Insert size peak (evaluated by paired-end reads): 296

JSON report: fastp.json
HTML report: fastp.html

fastp -w 6 -i /scratch4/workspace/jade_fiorilla_student_uml_edu-rawseqorcc/fastq/2024_Cont04_Hyp05_W56_gill_S225_R1_001.fastq.gz -I /scratch4/workspace/jade_fiorilla_student_uml_edu-rawseqorcc/fastq/2024_Cont04_Hyp05_W56_gill_S225_R2_001.fastq.gz -o /scratch4/workspace/jade_fiorilla_student_uml_edu-rawseqorcc/trimmed-fastp/2024_Cont04_Hyp05_W56_gill_S225_R1_trim.fastq.gz -O /scratch4/workspace/jade_fiorilla_student_uml_edu-rawseqorcc/trimmed-fastp/2024_Cont04_Hyp05_W56_gill_S225_R2_trim.fastq.gz --detect_adapter_for_pe 
fastp v1.3.7, time used: 7 seconds
Running fastp on: 2024_Cont04_Hyp05_W56_gut_S46
Detecting adapter sequence for read1...
>I7_Nextera_Transposase_1 | >Trans2_rc | >I7_Nextera_Transposase_1 | >Trans2_rc
CTGTCTCTTATACACATCTCCGAGCCCACGAGAC

Detecting adapter sequence for read2...
>I5_Nextera_Transposase_1 | >Trans1_rc | >I5_Nextera_Transposase_1 | >Trans1_rc
CTGTCTCTTATACACATCTGACGCTGCCGACGA

Read1 before filtering:
total reads: 970195
total bases: 292028695
Q20 bases: 281508449(96.3975%)
Q30 bases: 266674863(91.318%)
Q40 bases: 266674863(91.318%)

Read2 before filtering:
total reads: 970195
total bases: 292028695
Q20 bases: 288813226(98.8989%)
Q30 bases: 279653695(95.7624%)
Q40 bases: 279653695(95.7624%)

Read1 after filtering:
total reads: 964035
total bases: 175164873
Q20 bases: 173691934(99.1591%)
Q30 bases: 169240586(96.6179%)
Q40 bases: 169240586(96.6179%)

Read2 after filtering:
total reads: 964035
total bases: 174937671
Q20 bases: 173074517(98.935%)
Q30 bases: 166566321(95.2147%)
Q40 bases: 166566321(95.2147%)

Filtering result:
reads passed filter: 1928070
reads failed due to low quality: 10388
reads failed due to too many N: 66
reads failed due to too short: 1864
reads failed due to adapter dimer: 2
reads with adapter trimmed: 1919265
bases trimmed due to adapters: 66610765

Duplication rate: 16.1499%

Insert size peak (evaluated by paired-end reads): 296

JSON report: fastp.json
HTML report: fastp.html

fastp -w 6 -i /scratch4/workspace/jade_fiorilla_student_uml_edu-rawseqorcc/fastq/2024_Cont04_Hyp05_W56_gut_S46_R1_001.fastq.gz -I /scratch4/workspace/jade_fiorilla_student_uml_edu-rawseqorcc/fastq/2024_Cont04_Hyp05_W56_gut_S46_R2_001.fastq.gz -o /scratch4/workspace/jade_fiorilla_student_uml_edu-rawseqorcc/trimmed-fastp/2024_Cont04_Hyp05_W56_gut_S46_R1_trim.fastq.gz -O /scratch4/workspace/jade_fiorilla_student_uml_edu-rawseqorcc/trimmed-fastp/2024_Cont04_Hyp05_W56_gut_S46_R2_trim.fastq.gz --detect_adapter_for_pe 
fastp v1.3.7, time used: 8 seconds
Running fastp on: 2024_Cont04_Null_W29_gill_S265
Detecting adapter sequence for read1...
>I7_Nextera_Transposase_1 | >Trans2_rc | >I7_Nextera_Transposase_1 | >Trans2_rc
CTGTCTCTTATACACATCTCCGAGCCCACGAGAC

Detecting adapter sequence for read2...
>I5_Nextera_Transposase_1 | >Trans1_rc | >I5_Nextera_Transposase_1 | >Trans1_rc
CTGTCTCTTATACACATCTGACGCTGCCGACGA

Read1 before filtering:
total reads: 557941
total bases: 167940241
Q20 bases: 163770044(97.5169%)
Q30 bases: 153439474(91.3655%)
Q40 bases: 153439474(91.3655%)

Read2 before filtering:
total reads: 557941
total bases: 167940241
Q20 bases: 166389604(99.0767%)
Q30 bases: 160971648(95.8506%)
Q40 bases: 160971648(95.8506%)

Read1 after filtering:
total reads: 554765
total bases: 144472319
Q20 bases: 142275460(98.4794%)
Q30 bases: 134725737(93.2537%)
Q40 bases: 134725737(93.2537%)

Read2 after filtering:
total reads: 554765
total bases: 144443296
Q20 bases: 143309684(99.2152%)
Q30 bases: 138622635(95.9703%)
Q40 bases: 138622635(95.9703%)

Filtering result:
reads passed filter: 1109530
reads failed due to low quality: 5822
reads failed due to too many N: 36
reads failed due to too short: 494
reads failed due to adapter dimer: 0
reads with adapter trimmed: 1074378
bases trimmed due to adapters: 17868967

Duplication rate: 28.0786%

Insert size peak (evaluated by paired-end reads): 294

JSON report: fastp.json
HTML report: fastp.html

fastp -w 6 -i /scratch4/workspace/jade_fiorilla_student_uml_edu-rawseqorcc/fastq/2024_Cont04_Null_W29_gill_S265_R1_001.fastq.gz -I /scratch4/workspace/jade_fiorilla_student_uml_edu-rawseqorcc/fastq/2024_Cont04_Null_W29_gill_S265_R2_001.fastq.gz -o /scratch4/workspace/jade_fiorilla_student_uml_edu-rawseqorcc/trimmed-fastp/2024_Cont04_Null_W29_gill_S265_R1_trim.fastq.gz -O /scratch4/workspace/jade_fiorilla_student_uml_edu-rawseqorcc/trimmed-fastp/2024_Cont04_Null_W29_gill_S265_R2_trim.fastq.gz --detect_adapter_for_pe 
fastp v1.3.7, time used: 7 seconds
Running fastp on: 2024_Cont04_Null_W29_gut_S77
Detecting adapter sequence for read1...
>I7_Nextera_Transposase_1 | >Trans2_rc | >I7_Nextera_Transposase_1 | >Trans2_rc
CTGTCTCTTATACACATCTCCGAGCCCACGAGAC

Detecting adapter sequence for read2...
>I5_Nextera_Transposase_1 | >Trans1_rc | >I5_Nextera_Transposase_1 | >Trans1_rc
CTGTCTCTTATACACATCTGACGCTGCCGACGA

Read1 before filtering:
total reads: 770812
total bases: 232014412
Q20 bases: 227133340(97.8962%)
Q30 bases: 218145567(94.0224%)
Q40 bases: 218145567(94.0224%)

Read2 before filtering:
total reads: 770812
total bases: 232014412
Q20 bases: 229029829(98.7136%)
Q30 bases: 220283025(94.9437%)
Q40 bases: 220283025(94.9437%)

Read1 after filtering:
total reads: 765623
total bases: 181026322
Q20 bases: 179630308(99.2288%)
Q30 bases: 175203152(96.7832%)
Q40 bases: 175203152(96.7832%)

Read2 after filtering:
total reads: 765623
total bases: 180955685
Q20 bases: 178844864(98.8335%)
Q30 bases: 171664865(94.8657%)
Q40 bases: 171664865(94.8657%)

Filtering result:
reads passed filter: 1531246
reads failed due to low quality: 9430
reads failed due to too many N: 38
reads failed due to too short: 910
reads failed due to adapter dimer: 0
reads with adapter trimmed: 1529183
bases trimmed due to adapters: 33261504

Duplication rate: 29.0512%

Insert size peak (evaluated by paired-end reads): 294

JSON report: fastp.json
HTML report: fastp.html

fastp -w 6 -i /scratch4/workspace/jade_fiorilla_student_uml_edu-rawseqorcc/fastq/2024_Cont04_Null_W29_gut_S77_R1_001.fastq.gz -I /scratch4/workspace/jade_fiorilla_student_uml_edu-rawseqorcc/fastq/2024_Cont04_Null_W29_gut_S77_R2_001.fastq.gz -o /scratch4/workspace/jade_fiorilla_student_uml_edu-rawseqorcc/trimmed-fastp/2024_Cont04_Null_W29_gut_S77_R1_trim.fastq.gz -O /scratch4/workspace/jade_fiorilla_student_uml_edu-rawseqorcc/trimmed-fastp/2024_Cont04_Null_W29_gut_S77_R2_trim.fastq.gz --detect_adapter_for_pe 
fastp v1.3.7, time used: 7 seconds
Running fastp on: 2024_Cont05_Both04_W46_gill_S226
Detecting adapter sequence for read1...
>I7_Nextera_Transposase_1 | >Trans2_rc | >I7_Nextera_Transposase_1 | >Trans2_rc
CTGTCTCTTATACACATCTCCGAGCCCACGAGAC

Detecting adapter sequence for read2...
>I5_Nextera_Transposase_1 | >Trans1_rc | >I5_Nextera_Transposase_1 | >Trans1_rc
CTGTCTCTTATACACATCTGACGCTGCCGACGA

Read1 before filtering:
total reads: 930537
total bases: 280091637
Q20 bases: 274119722(97.8679%)
Q30 bases: 263413240(94.0454%)
Q40 bases: 263413240(94.0454%)

Read2 before filtering:
total reads: 930537
total bases: 280091637
Q20 bases: 275264638(98.2766%)
Q30 bases: 262084284(93.5709%)
Q40 bases: 262084284(93.5709%)

Read1 after filtering:
total reads: 923851
total bases: 214796566
Q20 bases: 213022847(99.1742%)
Q30 bases: 207144540(96.4375%)
Q40 bases: 207144540(96.4375%)

Read2 after filtering:
total reads: 923851
total bases: 214723745
Q20 bases: 211194784(98.3565%)
Q30 bases: 200313198(93.2888%)
Q40 bases: 200313198(93.2888%)

Filtering result:
reads passed filter: 1847702
reads failed due to low quality: 11944
reads failed due to too many N: 66
reads failed due to too short: 1356
reads failed due to adapter dimer: 6
reads with adapter trimmed: 1674705
bases trimmed due to adapters: 41097787

Duplication rate: 18.4985%

Insert size peak (evaluated by paired-end reads): 296

JSON report: fastp.json
HTML report: fastp.html

fastp -w 6 -i /scratch4/workspace/jade_fiorilla_student_uml_edu-rawseqorcc/fastq/2024_Cont05_Both04_W46_gill_S226_R1_001.fastq.gz -I /scratch4/workspace/jade_fiorilla_student_uml_edu-rawseqorcc/fastq/2024_Cont05_Both04_W46_gill_S226_R2_001.fastq.gz -o /scratch4/workspace/jade_fiorilla_student_uml_edu-rawseqorcc/trimmed-fastp/2024_Cont05_Both04_W46_gill_S226_R1_trim.fastq.gz -O /scratch4/workspace/jade_fiorilla_student_uml_edu-rawseqorcc/trimmed-fastp/2024_Cont05_Both04_W46_gill_S226_R2_trim.fastq.gz --detect_adapter_for_pe 
fastp v1.3.7, time used: 10 seconds
Running fastp on: 2024_Cont05_Both04_W46_gut_S47
Detecting adapter sequence for read1...
>I7_Nextera_Transposase_1 | >Trans2_rc | >I7_Nextera_Transposase_1 | >Trans2_rc
CTGTCTCTTATACACATCTCCGAGCCCACGAGAC

Detecting adapter sequence for read2...
>I5_Nextera_Transposase_1 | >Trans1_rc | >I5_Nextera_Transposase_1 | >Trans1_rc
CTGTCTCTTATACACATCTGACGCTGCCGACGA

Read1 before filtering:
total reads: 796138
total bases: 239637538
Q20 bases: 233429452(97.4094%)
Q30 bases: 223806659(93.3938%)
Q40 bases: 223806659(93.3938%)

Read2 before filtering:
total reads: 796138
total bases: 239637538
Q20 bases: 236178758(98.5567%)
Q30 bases: 226331212(94.4473%)
Q40 bases: 226331212(94.4473%)

Read1 after filtering:
total reads: 789999
total bases: 170271118
Q20 bases: 169048465(99.2819%)
Q30 bases: 164967509(96.8852%)
Q40 bases: 164967509(96.8852%)

Read2 after filtering:
total reads: 789999
total bases: 170139324
Q20 bases: 167885423(98.6753%)
Q30 bases: 160172890(94.1422%)
Q40 bases: 160172890(94.1422%)

Filtering result:
reads passed filter: 1579998
reads failed due to low quality: 10594
reads failed due to too many N: 44
reads failed due to too short: 1632
reads failed due to adapter dimer: 8
reads with adapter trimmed: 1566113
bases trimmed due to adapters: 39072005

Duplication rate: 11.7423%

Insert size peak (evaluated by paired-end reads): 298

JSON report: fastp.json
HTML report: fastp.html

fastp -w 6 -i /scratch4/workspace/jade_fiorilla_student_uml_edu-rawseqorcc/fastq/2024_Cont05_Both04_W46_gut_S47_R1_001.fastq.gz -I /scratch4/workspace/jade_fiorilla_student_uml_edu-rawseqorcc/fastq/2024_Cont05_Both04_W46_gut_S47_R2_001.fastq.gz -o /scratch4/workspace/jade_fiorilla_student_uml_edu-rawseqorcc/trimmed-fastp/2024_Cont05_Both04_W46_gut_S47_R1_trim.fastq.gz -O /scratch4/workspace/jade_fiorilla_student_uml_edu-rawseqorcc/trimmed-fastp/2024_Cont05_Both04_W46_gut_S47_R2_trim.fastq.gz --detect_adapter_for_pe 
fastp v1.3.7, time used: 7 seconds
Running fastp on: 2024_Cont05_Cont03_W33_gill_S61
Detecting adapter sequence for read1...
>I7_Nextera_Transposase_1 | >Trans2_rc | >I7_Nextera_Transposase_1 | >Trans2_rc
CTGTCTCTTATACACATCTCCGAGCCCACGAGAC

Detecting adapter sequence for read2...
>I5_Nextera_Transposase_1 | >Trans1_rc | >I5_Nextera_Transposase_1 | >Trans1_rc
CTGTCTCTTATACACATCTGACGCTGCCGACGA

Read1 before filtering:
total reads: 826250
total bases: 248701250
Q20 bases: 242864358(97.6531%)
Q30 bases: 231954049(93.2661%)
Q40 bases: 231954049(93.2661%)

Read2 before filtering:
total reads: 826250
total bases: 248701250
Q20 bases: 244896684(98.4702%)
Q30 bases: 234107603(94.1321%)
Q40 bases: 234107603(94.1321%)

Read1 after filtering:
total reads: 819054
total bases: 204757882
Q20 bases: 203072744(99.177%)
Q30 bases: 197834332(96.6187%)
Q40 bases: 197834332(96.6187%)

Read2 after filtering:
total reads: 819054
total bases: 204672163
Q20 bases: 202023270(98.7058%)
Q30 bases: 193023432(94.3086%)
Q40 bases: 193023432(94.3086%)

Filtering result:
reads passed filter: 1638108
reads failed due to low quality: 12336
reads failed due to too many N: 44
reads failed due to too short: 2000
reads failed due to adapter dimer: 12
reads with adapter trimmed: 1628108
bases trimmed due to adapters: 26837745

Duplication rate: 14.8994%

Insert size peak (evaluated by paired-end reads): 298

JSON report: fastp.json
HTML report: fastp.html

fastp -w 6 -i /scratch4/workspace/jade_fiorilla_student_uml_edu-rawseqorcc/fastq/2024_Cont05_Cont03_W33_gill_S61_R1_001.fastq.gz -I /scratch4/workspace/jade_fiorilla_student_uml_edu-rawseqorcc/fastq/2024_Cont05_Cont03_W33_gill_S61_R2_001.fastq.gz -o /scratch4/workspace/jade_fiorilla_student_uml_edu-rawseqorcc/trimmed-fastp/2024_Cont05_Cont03_W33_gill_S61_R1_trim.fastq.gz -O /scratch4/workspace/jade_fiorilla_student_uml_edu-rawseqorcc/trimmed-fastp/2024_Cont05_Cont03_W33_gill_S61_R2_trim.fastq.gz --detect_adapter_for_pe 
fastp v1.3.7, time used: 8 seconds
Running fastp on: 2024_Cont05_Cont03_W33_gut_S62
Detecting adapter sequence for read1...
>I7_Nextera_Transposase_1 | >Trans2_rc | >I7_Nextera_Transposase_1 | >Trans2_rc
CTGTCTCTTATACACATCTCCGAGCCCACGAGAC

Detecting adapter sequence for read2...
>I5_Nextera_Transposase_1 | >Trans1_rc | >I5_Nextera_Transposase_1 | >Trans1_rc
CTGTCTCTTATACACATCTGACGCTGCCGACGA

Read1 before filtering:
total reads: 708370
total bases: 213219370
Q20 bases: 207599857(97.3644%)
Q30 bases: 197685960(92.7148%)
Q40 bases: 197685960(92.7148%)

Read2 before filtering:
total reads: 708370
total bases: 213219370
Q20 bases: 210158256(98.5643%)
Q30 bases: 201490030(94.4989%)
Q40 bases: 201490030(94.4989%)

Read1 after filtering:
total reads: 702740
total bases: 164209583
Q20 bases: 162958081(99.2379%)
Q30 bases: 158894618(96.7633%)
Q40 bases: 158894618(96.7633%)

Read2 after filtering:
total reads: 702740
total bases: 164112716
Q20 bases: 162044332(98.7397%)
Q30 bases: 155021651(94.4605%)
Q40 bases: 155021651(94.4605%)

Filtering result:
reads passed filter: 1405480
reads failed due to low quality: 9644
reads failed due to too many N: 46
reads failed due to too short: 1566
reads failed due to adapter dimer: 4
reads with adapter trimmed: 1395345
bases trimmed due to adapters: 28321985

Duplication rate: 13.0149%

Insert size peak (evaluated by paired-end reads): 298

JSON report: fastp.json
HTML report: fastp.html

fastp -w 6 -i /scratch4/workspace/jade_fiorilla_student_uml_edu-rawseqorcc/fastq/2024_Cont05_Cont03_W33_gut_S62_R1_001.fastq.gz -I /scratch4/workspace/jade_fiorilla_student_uml_edu-rawseqorcc/fastq/2024_Cont05_Cont03_W33_gut_S62_R2_001.fastq.gz -o /scratch4/workspace/jade_fiorilla_student_uml_edu-rawseqorcc/trimmed-fastp/2024_Cont05_Cont03_W33_gut_S62_R1_trim.fastq.gz -O /scratch4/workspace/jade_fiorilla_student_uml_edu-rawseqorcc/trimmed-fastp/2024_Cont05_Cont03_W33_gut_S62_R2_trim.fastq.gz --detect_adapter_for_pe 
fastp v1.3.7, time used: 7 seconds
Running fastp on: 2024_Cont05_Warm01_W9_gill_S201
Detecting adapter sequence for read1...
>I7_Nextera_Transposase_1 | >Trans2_rc | >I7_Nextera_Transposase_1 | >Trans2_rc
CTGTCTCTTATACACATCTCCGAGCCCACGAGAC

Detecting adapter sequence for read2...
>I5_Nextera_Transposase_1 | >Trans1_rc | >I5_Nextera_Transposase_1 | >Trans1_rc
CTGTCTCTTATACACATCTGACGCTGCCGACGA

Read1 before filtering:
total reads: 653075
total bases: 196575575
Q20 bases: 188176352(95.7272%)
Q30 bases: 173284563(88.1516%)
Q40 bases: 173284563(88.1516%)

Read2 before filtering:
total reads: 653075
total bases: 196575575
Q20 bases: 193801219(98.5887%)
Q30 bases: 185921985(94.5804%)
Q40 bases: 185921985(94.5804%)

Read1 after filtering:
total reads: 648091
total bases: 136186798
Q20 bases: 134788578(98.9733%)
Q30 bases: 130212575(95.6132%)
Q40 bases: 130212575(95.6132%)

Read2 after filtering:
total reads: 648091
total bases: 136176158
Q20 bases: 134571057(98.8213%)
Q30 bases: 128977156(94.7135%)
Q40 bases: 128977156(94.7135%)

Filtering result:
reads passed filter: 1296182
reads failed due to low quality: 8020
reads failed due to too many N: 54
reads failed due to too short: 1894
reads failed due to adapter dimer: 0
reads with adapter trimmed: 1217497
bases trimmed due to adapters: 44426857

Duplication rate: 8.32263%

Insert size peak (evaluated by paired-end reads): 298

JSON report: fastp.json
HTML report: fastp.html

fastp -w 6 -i /scratch4/workspace/jade_fiorilla_student_uml_edu-rawseqorcc/fastq/2024_Cont05_Warm01_W9_gill_S201_R1_001.fastq.gz -I /scratch4/workspace/jade_fiorilla_student_uml_edu-rawseqorcc/fastq/2024_Cont05_Warm01_W9_gill_S201_R2_001.fastq.gz -o /scratch4/workspace/jade_fiorilla_student_uml_edu-rawseqorcc/trimmed-fastp/2024_Cont05_Warm01_W9_gill_S201_R1_trim.fastq.gz -O /scratch4/workspace/jade_fiorilla_student_uml_edu-rawseqorcc/trimmed-fastp/2024_Cont05_Warm01_W9_gill_S201_R2_trim.fastq.gz --detect_adapter_for_pe 
fastp v1.3.7, time used: 7 seconds
Running fastp on: 2024_Cont05_Warm01_W9_gut_S10
Detecting adapter sequence for read1...
>I7_Nextera_Transposase_1 | >Trans2_rc | >I7_Nextera_Transposase_1 | >Trans2_rc
CTGTCTCTTATACACATCTCCGAGCCCACGAGAC

Detecting adapter sequence for read2...
>I5_Nextera_Transposase_1 | >Trans1_rc | >I5_Nextera_Transposase_1 | >Trans1_rc
CTGTCTCTTATACACATCTGACGCTGCCGACGA

Read1 before filtering:
total reads: 870966
total bases: 262160766
Q20 bases: 256520101(97.8484%)
Q30 bases: 245777668(93.7507%)
Q40 bases: 245777668(93.7507%)

Read2 before filtering:
total reads: 870966
total bases: 262160766
Q20 bases: 258255949(98.5105%)
Q30 bases: 246843216(94.1572%)
Q40 bases: 246843216(94.1572%)

Read1 after filtering:
total reads: 863978
total bases: 218910689
Q20 bases: 217247914(99.2404%)
Q30 bases: 211710522(96.7109%)
Q40 bases: 211710522(96.7109%)

Read2 after filtering:
total reads: 863978
total bases: 218835147
Q20 bases: 215990831(98.7002%)
Q30 bases: 206202124(94.2272%)
Q40 bases: 206202124(94.2272%)

Filtering result:
reads passed filter: 1727956
reads failed due to low quality: 11996
reads failed due to too many N: 30
reads failed due to too short: 1950
reads failed due to adapter dimer: 0
reads with adapter trimmed: 1717035
bases trimmed due to adapters: 25646948

Duplication rate: 13.7878%

Insert size peak (evaluated by paired-end reads): 298

JSON report: fastp.json
HTML report: fastp.html

fastp -w 6 -i /scratch4/workspace/jade_fiorilla_student_uml_edu-rawseqorcc/fastq/2024_Cont05_Warm01_W9_gut_S10_R1_001.fastq.gz -I /scratch4/workspace/jade_fiorilla_student_uml_edu-rawseqorcc/fastq/2024_Cont05_Warm01_W9_gut_S10_R2_001.fastq.gz -o /scratch4/workspace/jade_fiorilla_student_uml_edu-rawseqorcc/trimmed-fastp/2024_Cont05_Warm01_W9_gut_S10_R1_trim.fastq.gz -O /scratch4/workspace/jade_fiorilla_student_uml_edu-rawseqorcc/trimmed-fastp/2024_Cont05_Warm01_W9_gut_S10_R2_trim.fastq.gz --detect_adapter_for_pe 
fastp v1.3.7, time used: 10 seconds
Running fastp on: 2024_Cont05_Warm04_W45_gill_S202
Detecting adapter sequence for read1...
>I7_Nextera_Transposase_1 | >Trans2_rc | >I7_Nextera_Transposase_1 | >Trans2_rc
CTGTCTCTTATACACATCTCCGAGCCCACGAGAC

Detecting adapter sequence for read2...
>I5_Nextera_Transposase_1 | >Trans1_rc | >I5_Nextera_Transposase_1 | >Trans1_rc
CTGTCTCTTATACACATCTGACGCTGCCGACGA

Read1 before filtering:
total reads: 2007437
total bases: 604238537
Q20 bases: 598376776(99.0299%)
Q30 bases: 582487587(96.4003%)
Q40 bases: 582487587(96.4003%)

Read2 before filtering:
total reads: 2007437
total bases: 604238537
Q20 bases: 594085597(98.3197%)
Q30 bases: 565543354(93.596%)
Q40 bases: 565543354(93.596%)

Read1 after filtering:
total reads: 1993657
total bases: 580098956
Q20 bases: 575854677(99.2684%)
Q30 bases: 562348122(96.94%)
Q40 bases: 562348122(96.94%)

Read2 after filtering:
total reads: 1993657
total bases: 580117717
Q20 bases: 572211098(98.6371%)
Q30 bases: 546934208(94.2799%)
Q40 bases: 546934208(94.2799%)

Filtering result:
reads passed filter: 3987314
reads failed due to low quality: 25988
reads failed due to too many N: 116
reads failed due to too short: 1454
reads failed due to adapter dimer: 2
reads with adapter trimmed: 3996301
bases trimmed due to adapters: 36984621

Duplication rate: 64.3625%

Insert size peak (evaluated by paired-end reads): 292

JSON report: fastp.json
HTML report: fastp.html

fastp -w 6 -i /scratch4/workspace/jade_fiorilla_student_uml_edu-rawseqorcc/fastq/2024_Cont05_Warm04_W45_gill_S202_R1_001.fastq.gz -I /scratch4/workspace/jade_fiorilla_student_uml_edu-rawseqorcc/fastq/2024_Cont05_Warm04_W45_gill_S202_R2_001.fastq.gz -o /scratch4/workspace/jade_fiorilla_student_uml_edu-rawseqorcc/trimmed-fastp/2024_Cont05_Warm04_W45_gill_S202_R1_trim.fastq.gz -O /scratch4/workspace/jade_fiorilla_student_uml_edu-rawseqorcc/trimmed-fastp/2024_Cont05_Warm04_W45_gill_S202_R2_trim.fastq.gz --detect_adapter_for_pe 
fastp v1.3.7, time used: 17 seconds
Running fastp on: 2024_Cont05_Warm04_W45_gut_S134
Detecting adapter sequence for read1...
>I7_Nextera_Transposase_1 | >Trans2_rc | >I7_Nextera_Transposase_1 | >Trans2_rc
CTGTCTCTTATACACATCTCCGAGCCCACGAGAC

Detecting adapter sequence for read2...
>I5_Nextera_Transposase_1 | >Trans1_rc | >I5_Nextera_Transposase_1 | >Trans1_rc
CTGTCTCTTATACACATCTGACGCTGCCGACGA

Read1 before filtering:
total reads: 1337897
total bases: 402706997
Q20 bases: 393518172(97.7182%)
Q30 bases: 376642888(93.5278%)
Q40 bases: 376642888(93.5278%)

Read2 before filtering:
total reads: 1337897
total bases: 402706997
Q20 bases: 396434120(98.4423%)
Q30 bases: 378589729(94.0112%)
Q40 bases: 378589729(94.0112%)

Read1 after filtering:
total reads: 1327205
total bases: 326406217
Q20 bases: 323927794(99.2407%)
Q30 bases: 315804373(96.7519%)
Q40 bases: 315804373(96.7519%)

Read2 after filtering:
total reads: 1327205
total bases: 326287645
Q20 bases: 321813983(98.6289%)
Q30 bases: 306835611(94.0384%)
Q40 bases: 306835611(94.0384%)

Filtering result:
reads passed filter: 2654410
reads failed due to low quality: 18008
reads failed due to too many N: 100
reads failed due to too short: 3270
reads failed due to adapter dimer: 6
reads with adapter trimmed: 2605775
bases trimmed due to adapters: 46937991

Duplication rate: 13.6482%

Insert size peak (evaluated by paired-end reads): 298

JSON report: fastp.json
HTML report: fastp.html

fastp -w 6 -i /scratch4/workspace/jade_fiorilla_student_uml_edu-rawseqorcc/fastq/2024_Cont05_Warm04_W45_gut_S134_R1_001.fastq.gz -I /scratch4/workspace/jade_fiorilla_student_uml_edu-rawseqorcc/fastq/2024_Cont05_Warm04_W45_gut_S134_R2_001.fastq.gz -o /scratch4/workspace/jade_fiorilla_student_uml_edu-rawseqorcc/trimmed-fastp/2024_Cont05_Warm04_W45_gut_S134_R1_trim.fastq.gz -O /scratch4/workspace/jade_fiorilla_student_uml_edu-rawseqorcc/trimmed-fastp/2024_Cont05_Warm04_W45_gut_S134_R2_trim.fastq.gz --detect_adapter_for_pe 
fastp v1.3.7, time used: 12 seconds
Running fastp on: 2024_Cont06_Both06_W71_gill_S169
Detecting adapter sequence for read1...
>I7_Nextera_Transposase_1 | >Trans2_rc | >I7_Nextera_Transposase_1 | >Trans2_rc
CTGTCTCTTATACACATCTCCGAGCCCACGAGAC

Detecting adapter sequence for read2...
>I5_Nextera_Transposase_1 | >Trans1_rc | >I5_Nextera_Transposase_1 | >Trans1_rc
CTGTCTCTTATACACATCTGACGCTGCCGACGA

Read1 before filtering:
total reads: 2119016
total bases: 637823816
Q20 bases: 612686364(96.0589%)
Q30 bases: 574959176(90.1439%)
Q40 bases: 574959176(90.1439%)

Read2 before filtering:
total reads: 2119016
total bases: 637823816
Q20 bases: 628350847(98.5148%)
Q30 bases: 604343784(94.7509%)
Q40 bases: 604343784(94.7509%)

Read1 after filtering:
total reads: 2107323
total bases: 305379721
Q20 bases: 302779144(99.1484%)
Q30 bases: 294754524(96.5207%)
Q40 bases: 294754524(96.5207%)

Read2 after filtering:
total reads: 2107323
total bases: 305053707
Q20 bases: 299113395(98.0527%)
Q30 bases: 282607782(92.642%)
Q40 bases: 282607782(92.642%)

Filtering result:
reads passed filter: 4214646
reads failed due to low quality: 21566
reads failed due to too many N: 60
reads failed due to too short: 1758
reads failed due to adapter dimer: 2
reads with adapter trimmed: 4126733
bases trimmed due to adapters: 191897468

Duplication rate: 25.7606%

Insert size peak (evaluated by paired-end reads): 294

JSON report: fastp.json
HTML report: fastp.html

fastp -w 6 -i /scratch4/workspace/jade_fiorilla_student_uml_edu-rawseqorcc/fastq/2024_Cont06_Both06_W71_gill_S169_R1_001.fastq.gz -I /scratch4/workspace/jade_fiorilla_student_uml_edu-rawseqorcc/fastq/2024_Cont06_Both06_W71_gill_S169_R2_001.fastq.gz -o /scratch4/workspace/jade_fiorilla_student_uml_edu-rawseqorcc/trimmed-fastp/2024_Cont06_Both06_W71_gill_S169_R1_trim.fastq.gz -O /scratch4/workspace/jade_fiorilla_student_uml_edu-rawseqorcc/trimmed-fastp/2024_Cont06_Both06_W71_gill_S169_R2_trim.fastq.gz --detect_adapter_for_pe 
fastp v1.3.7, time used: 15 seconds
Running fastp on: 2024_Cont06_Both06_W71_gut_S170
Detecting adapter sequence for read1...
>I7_Nextera_Transposase_1 | >Trans2_rc | >I7_Nextera_Transposase_1 | >Trans2_rc
CTGTCTCTTATACACATCTCCGAGCCCACGAGAC

Detecting adapter sequence for read2...
>I5_Nextera_Transposase_1 | >Trans1_rc | >I5_Nextera_Transposase_1 | >Trans1_rc
CTGTCTCTTATACACATCTGACGCTGCCGACGA

Read1 before filtering:
total reads: 2008029
total bases: 604416729
Q20 bases: 580603395(96.0601%)
Q30 bases: 545606415(90.2699%)
Q40 bases: 545606415(90.2699%)

Read2 before filtering:
total reads: 2008029
total bases: 604416729
Q20 bases: 597843443(98.9125%)
Q30 bases: 579602984(95.8946%)
Q40 bases: 579602984(95.8946%)

Read1 after filtering:
total reads: 1997602
total bases: 280835978
Q20 bases: 278370602(99.1221%)
Q30 bases: 271092468(96.5305%)
Q40 bases: 271092468(96.5305%)

Read2 after filtering:
total reads: 1997602
total bases: 280506428
Q20 bases: 276939246(98.7283%)
Q30 bases: 265330087(94.5897%)
Q40 bases: 265330087(94.5897%)

Filtering result:
reads passed filter: 3995204
reads failed due to low quality: 18952
reads failed due to too many N: 92
reads failed due to too short: 1808
reads failed due to adapter dimer: 2
reads with adapter trimmed: 3973677
bases trimmed due to adapters: 184092684

Duplication rate: 27.6112%

Insert size peak (evaluated by paired-end reads): 294

JSON report: fastp.json
HTML report: fastp.html

fastp -w 6 -i /scratch4/workspace/jade_fiorilla_student_uml_edu-rawseqorcc/fastq/2024_Cont06_Both06_W71_gut_S170_R1_001.fastq.gz -I /scratch4/workspace/jade_fiorilla_student_uml_edu-rawseqorcc/fastq/2024_Cont06_Both06_W71_gut_S170_R2_001.fastq.gz -o /scratch4/workspace/jade_fiorilla_student_uml_edu-rawseqorcc/trimmed-fastp/2024_Cont06_Both06_W71_gut_S170_R1_trim.fastq.gz -O /scratch4/workspace/jade_fiorilla_student_uml_edu-rawseqorcc/trimmed-fastp/2024_Cont06_Both06_W71_gut_S170_R2_trim.fastq.gz --detect_adapter_for_pe 
fastp v1.3.7, time used: 14 seconds
Running fastp on: 2024_Cont06_Cont05_W59_gill_S48
Detecting adapter sequence for read1...
>I7_Nextera_Transposase_1 | >Trans2_rc | >I7_Nextera_Transposase_1 | >Trans2_rc
CTGTCTCTTATACACATCTCCGAGCCCACGAGAC

Detecting adapter sequence for read2...
>I5_Nextera_Transposase_1 | >Trans1_rc | >I5_Nextera_Transposase_1 | >Trans1_rc
CTGTCTCTTATACACATCTGACGCTGCCGACGA

Read1 before filtering:
total reads: 1313422
total bases: 395340022
Q20 bases: 376641886(95.2704%)
Q30 bases: 351417965(88.8901%)
Q40 bases: 351417965(88.8901%)

Read2 before filtering:
total reads: 1313422
total bases: 395340022
Q20 bases: 392245478(99.2172%)
Q30 bases: 383298016(96.954%)
Q40 bases: 383298016(96.954%)

Read1 after filtering:
total reads: 1306083
total bases: 71011290
Q20 bases: 70379204(99.1099%)
Q30 bases: 68697191(96.7412%)
Q40 bases: 68697191(96.7412%)

Read2 after filtering:
total reads: 1306083
total bases: 70679442
Q20 bases: 69877008(98.8647%)
Q30 bases: 67112575(94.9535%)
Q40 bases: 67112575(94.9535%)

Filtering result:
reads passed filter: 2612166
reads failed due to low quality: 13388
reads failed due to too many N: 38
reads failed due to too short: 1252
reads failed due to adapter dimer: 0
reads with adapter trimmed: 2596834
bases trimmed due to adapters: 174058393

Duplication rate: 52.7615%

Insert size peak (evaluated by paired-end reads): 292

JSON report: fastp.json
HTML report: fastp.html

fastp -w 6 -i /scratch4/workspace/jade_fiorilla_student_uml_edu-rawseqorcc/fastq/2024_Cont06_Cont05_W59_gill_S48_R1_001.fastq.gz -I /scratch4/workspace/jade_fiorilla_student_uml_edu-rawseqorcc/fastq/2024_Cont06_Cont05_W59_gill_S48_R2_001.fastq.gz -o /scratch4/workspace/jade_fiorilla_student_uml_edu-rawseqorcc/trimmed-fastp/2024_Cont06_Cont05_W59_gill_S48_R1_trim.fastq.gz -O /scratch4/workspace/jade_fiorilla_student_uml_edu-rawseqorcc/trimmed-fastp/2024_Cont06_Cont05_W59_gill_S48_R2_trim.fastq.gz --detect_adapter_for_pe 
fastp v1.3.7, time used: 8 seconds
Running fastp on: 2024_Cont06_Cont05_W59_gut_S49
Detecting adapter sequence for read1...
>I7_Nextera_Transposase_1 | >Trans2_rc | >I7_Nextera_Transposase_1 | >Trans2_rc
CTGTCTCTTATACACATCTCCGAGCCCACGAGAC

Detecting adapter sequence for read2...
>I5_Nextera_Transposase_1 | >Trans1_rc | >I5_Nextera_Transposase_1 | >Trans1_rc
CTGTCTCTTATACACATCTGACGCTGCCGACGA

Read1 before filtering:
total reads: 963996
total bases: 290162796
Q20 bases: 278527610(95.9901%)
Q30 bases: 261938494(90.2729%)
Q40 bases: 261938494(90.2729%)

Read2 before filtering:
total reads: 963996
total bases: 290162796
Q20 bases: 287231162(98.9897%)
Q30 bases: 278952146(96.1364%)
Q40 bases: 278952146(96.1364%)

Read1 after filtering:
total reads: 957749
total bases: 99124881
Q20 bases: 98364241(99.2326%)
Q30 bases: 96061442(96.9095%)
Q40 bases: 96061442(96.9095%)

Read2 after filtering:
total reads: 957749
total bases: 98961344
Q20 bases: 97648428(98.6733%)
Q30 bases: 93393861(94.3741%)
Q40 bases: 93393861(94.3741%)

Filtering result:
reads passed filter: 1915498
reads failed due to low quality: 11442
reads failed due to too many N: 40
reads failed due to too short: 1012
reads failed due to adapter dimer: 0
reads with adapter trimmed: 1908912
bases trimmed due to adapters: 105298065

Duplication rate: 46.6014%

Insert size peak (evaluated by paired-end reads): 292

JSON report: fastp.json
HTML report: fastp.html

fastp -w 6 -i /scratch4/workspace/jade_fiorilla_student_uml_edu-rawseqorcc/fastq/2024_Cont06_Cont05_W59_gut_S49_R1_001.fastq.gz -I /scratch4/workspace/jade_fiorilla_student_uml_edu-rawseqorcc/fastq/2024_Cont06_Cont05_W59_gut_S49_R2_001.fastq.gz -o /scratch4/workspace/jade_fiorilla_student_uml_edu-rawseqorcc/trimmed-fastp/2024_Cont06_Cont05_W59_gut_S49_R1_trim.fastq.gz -O /scratch4/workspace/jade_fiorilla_student_uml_edu-rawseqorcc/trimmed-fastp/2024_Cont06_Cont05_W59_gut_S49_R2_trim.fastq.gz --detect_adapter_for_pe 
fastp v1.3.7, time used: 7 seconds
Running fastp on: 2024_Cont06_Hyp03_W36_gill_S63
Detecting adapter sequence for read1...
>I7_Nextera_Transposase_1 | >Trans2_rc | >I7_Nextera_Transposase_1 | >Trans2_rc
CTGTCTCTTATACACATCTCCGAGCCCACGAGAC

Detecting adapter sequence for read2...
>I5_Nextera_Transposase_1 | >Trans1_rc | >I5_Nextera_Transposase_1 | >Trans1_rc
CTGTCTCTTATACACATCTGACGCTGCCGACGA

Read1 before filtering:
total reads: 1459763
total bases: 439388663
Q20 bases: 416387026(94.7651%)
Q30 bases: 383666160(87.3182%)
Q40 bases: 383666160(87.3182%)

Read2 before filtering:
total reads: 1459763
total bases: 439388663
Q20 bases: 435824738(99.1889%)
Q30 bases: 425720867(96.8894%)
Q40 bases: 425720867(96.8894%)

Read1 after filtering:
total reads: 1450877
total bases: 76040410
Q20 bases: 75268357(98.9847%)
Q30 bases: 73284019(96.3751%)
Q40 bases: 73284019(96.3751%)

Read2 after filtering:
total reads: 1450877
total bases: 75610662
Q20 bases: 74787165(98.9109%)
Q30 bases: 71906609(95.1011%)
Q40 bases: 71906609(95.1011%)

Filtering result:
reads passed filter: 2901754
reads failed due to low quality: 16356
reads failed due to too many N: 46
reads failed due to too short: 1370
reads failed due to adapter dimer: 0
reads with adapter trimmed: 2886716
bases trimmed due to adapters: 198256328

Duplication rate: 53.4623%

Insert size peak (evaluated by paired-end reads): 292

JSON report: fastp.json
HTML report: fastp.html

fastp -w 6 -i /scratch4/workspace/jade_fiorilla_student_uml_edu-rawseqorcc/fastq/2024_Cont06_Hyp03_W36_gill_S63_R1_001.fastq.gz -I /scratch4/workspace/jade_fiorilla_student_uml_edu-rawseqorcc/fastq/2024_Cont06_Hyp03_W36_gill_S63_R2_001.fastq.gz -o /scratch4/workspace/jade_fiorilla_student_uml_edu-rawseqorcc/trimmed-fastp/2024_Cont06_Hyp03_W36_gill_S63_R1_trim.fastq.gz -O /scratch4/workspace/jade_fiorilla_student_uml_edu-rawseqorcc/trimmed-fastp/2024_Cont06_Hyp03_W36_gill_S63_R2_trim.fastq.gz --detect_adapter_for_pe 
fastp v1.3.7, time used: 9 seconds
Running fastp on: 2024_Cont06_Hyp03_W36_gut_S64
Detecting adapter sequence for read1...
>I7_Nextera_Transposase_1 | >Trans2_rc | >I7_Nextera_Transposase_1 | >Trans2_rc
CTGTCTCTTATACACATCTCCGAGCCCACGAGAC

Detecting adapter sequence for read2...
>I5_Nextera_Transposase_1 | >Trans1_rc | >I5_Nextera_Transposase_1 | >Trans1_rc
CTGTCTCTTATACACATCTGACGCTGCCGACGA

Read1 before filtering:
total reads: 1235922
total bases: 372012522
Q20 bases: 357085931(95.9876%)
Q30 bases: 334566969(89.9343%)
Q40 bases: 334566969(89.9343%)

Read2 before filtering:
total reads: 1235922
total bases: 372012522
Q20 bases: 368317605(99.0068%)
Q30 bases: 357648956(96.139%)
Q40 bases: 357648956(96.139%)

Read1 after filtering:
total reads: 1228424
total bases: 141805477
Q20 bases: 140634765(99.1744%)
Q30 bases: 137281287(96.8096%)
Q40 bases: 137281287(96.8096%)

Read2 after filtering:
total reads: 1228424
total bases: 141501520
Q20 bases: 139793128(98.7927%)
Q30 bases: 134009383(94.7053%)
Q40 bases: 134009383(94.7053%)

Filtering result:
reads passed filter: 2456848
reads failed due to low quality: 13798
reads failed due to too many N: 64
reads failed due to too short: 1134
reads failed due to adapter dimer: 0
reads with adapter trimmed: 2447958
bases trimmed due to adapters: 128901743

Duplication rate: 56.2838%

Insert size peak (evaluated by paired-end reads): 292

JSON report: fastp.json
HTML report: fastp.html

fastp -w 6 -i /scratch4/workspace/jade_fiorilla_student_uml_edu-rawseqorcc/fastq/2024_Cont06_Hyp03_W36_gut_S64_R1_001.fastq.gz -I /scratch4/workspace/jade_fiorilla_student_uml_edu-rawseqorcc/fastq/2024_Cont06_Hyp03_W36_gut_S64_R2_001.fastq.gz -o /scratch4/workspace/jade_fiorilla_student_uml_edu-rawseqorcc/trimmed-fastp/2024_Cont06_Hyp03_W36_gut_S64_R1_trim.fastq.gz -O /scratch4/workspace/jade_fiorilla_student_uml_edu-rawseqorcc/trimmed-fastp/2024_Cont06_Hyp03_W36_gut_S64_R2_trim.fastq.gz --detect_adapter_for_pe 
fastp v1.3.7, time used: 8 seconds
Running fastp on: 2024_Cont06_Hyp04_W48_gill_S227
Detecting adapter sequence for read1...
>I7_Nextera_Transposase_1 | >Trans2_rc | >I7_Nextera_Transposase_1 | >Trans2_rc
CTGTCTCTTATACACATCTCCGAGCCCACGAGAC

Detecting adapter sequence for read2...
>I5_Nextera_Transposase_1 | >Trans1_rc | >I5_Nextera_Transposase_1 | >Trans1_rc
CTGTCTCTTATACACATCTGACGCTGCCGACGA

Read1 before filtering:
total reads: 820625
total bases: 247008125
Q20 bases: 242071740(98.0015%)
Q30 bases: 233185939(94.4042%)
Q40 bases: 233185939(94.4042%)

Read2 before filtering:
total reads: 820625
total bases: 247008125
Q20 bases: 242106461(98.0156%)
Q30 bases: 229412871(92.8766%)
Q40 bases: 229412871(92.8766%)

Read1 after filtering:
total reads: 815299
total bases: 189793011
Q20 bases: 188418924(99.276%)
Q30 bases: 183630742(96.7532%)
Q40 bases: 183630742(96.7532%)

Read2 after filtering:
total reads: 815299
total bases: 189734376
Q20 bases: 186022897(98.0439%)
Q30 bases: 175370062(92.4293%)
Q40 bases: 175370062(92.4293%)

Filtering result:
reads passed filter: 1630598
reads failed due to low quality: 9304
reads failed due to too many N: 66
reads failed due to too short: 1270
reads failed due to adapter dimer: 12
reads with adapter trimmed: 1445451
bases trimmed due to adapters: 36258293

Duplication rate: 15.9991%

Insert size peak (evaluated by paired-end reads): 296

JSON report: fastp.json
HTML report: fastp.html

fastp -w 6 -i /scratch4/workspace/jade_fiorilla_student_uml_edu-rawseqorcc/fastq/2024_Cont06_Hyp04_W48_gill_S227_R1_001.fastq.gz -I /scratch4/workspace/jade_fiorilla_student_uml_edu-rawseqorcc/fastq/2024_Cont06_Hyp04_W48_gill_S227_R2_001.fastq.gz -o /scratch4/workspace/jade_fiorilla_student_uml_edu-rawseqorcc/trimmed-fastp/2024_Cont06_Hyp04_W48_gill_S227_R1_trim.fastq.gz -O /scratch4/workspace/jade_fiorilla_student_uml_edu-rawseqorcc/trimmed-fastp/2024_Cont06_Hyp04_W48_gill_S227_R2_trim.fastq.gz --detect_adapter_for_pe 
fastp v1.3.7, time used: 10 seconds
Running fastp on: 2024_Cont06_Hyp04_W48_gut_S152
Detecting adapter sequence for read1...
>I7_Nextera_Transposase_1 | >Trans2_rc | >I7_Nextera_Transposase_1 | >Trans2_rc
CTGTCTCTTATACACATCTCCGAGCCCACGAGAC

Detecting adapter sequence for read2...
>I5_Nextera_Transposase_1 | >Trans1_rc | >I5_Nextera_Transposase_1 | >Trans1_rc
CTGTCTCTTATACACATCTGACGCTGCCGACGA

Read1 before filtering:
total reads: 1280230
total bases: 385349230
Q20 bases: 379826867(98.5669%)
Q30 bases: 367666285(95.4112%)
Q40 bases: 367666285(95.4112%)

Read2 before filtering:
total reads: 1280230
total bases: 385349230
Q20 bases: 379804965(98.5612%)
Q30 bases: 363608251(94.3581%)
Q40 bases: 363608251(94.3581%)

Read1 after filtering:
total reads: 1271436
total bases: 343357321
Q20 bases: 340724154(99.2331%)
Q30 bases: 332208348(96.753%)
Q40 bases: 332208348(96.753%)

Read2 after filtering:
total reads: 1271436
total bases: 343311398
Q20 bases: 339078315(98.767%)
Q30 bases: 324899127(94.6369%)
Q40 bases: 324899127(94.6369%)

Filtering result:
reads passed filter: 2542872
reads failed due to low quality: 15198
reads failed due to too many N: 70
reads failed due to too short: 2306
reads failed due to adapter dimer: 14
reads with adapter trimmed: 2536432
bases trimmed due to adapters: 29631598

Duplication rate: 27.6039%

Insert size peak (evaluated by paired-end reads): 296

JSON report: fastp.json
HTML report: fastp.html

fastp -w 6 -i /scratch4/workspace/jade_fiorilla_student_uml_edu-rawseqorcc/fastq/2024_Cont06_Hyp04_W48_gut_S152_R1_001.fastq.gz -I /scratch4/workspace/jade_fiorilla_student_uml_edu-rawseqorcc/fastq/2024_Cont06_Hyp04_W48_gut_S152_R2_001.fastq.gz -o /scratch4/workspace/jade_fiorilla_student_uml_edu-rawseqorcc/trimmed-fastp/2024_Cont06_Hyp04_W48_gut_S152_R1_trim.fastq.gz -O /scratch4/workspace/jade_fiorilla_student_uml_edu-rawseqorcc/trimmed-fastp/2024_Cont06_Hyp04_W48_gut_S152_R2_trim.fastq.gz --detect_adapter_for_pe 
fastp v1.3.7, time used: 12 seconds
Running fastp on: 2024_Cont06_Null_W42_gill_S260
Detecting adapter sequence for read1...
>I7_Nextera_Transposase_1 | >Trans2_rc | >I7_Nextera_Transposase_1 | >Trans2_rc
CTGTCTCTTATACACATCTCCGAGCCCACGAGAC

Detecting adapter sequence for read2...
>I5_Nextera_Transposase_1 | >Trans1_rc | >I5_Nextera_Transposase_1 | >Trans1_rc
CTGTCTCTTATACACATCTGACGCTGCCGACGA

Read1 before filtering:
total reads: 2295041
total bases: 690807341
Q20 bases: 682876053(98.8519%)
Q30 bases: 663138941(95.9948%)
Q40 bases: 663138941(95.9948%)

Read2 before filtering:
total reads: 2295041
total bases: 690807341
Q20 bases: 677290562(98.0433%)
Q30 bases: 641859663(92.9144%)
Q40 bases: 641859663(92.9144%)

Read1 after filtering:
total reads: 2278299
total bases: 649569000
Q20 bases: 644507482(99.2208%)
Q30 bases: 628792488(96.8015%)
Q40 bases: 628792488(96.8015%)

Read2 after filtering:
total reads: 2278299
total bases: 649600374
Q20 bases: 638903569(98.3533%)
Q30 bases: 607615728(93.5369%)
Q40 bases: 607615728(93.5369%)

Filtering result:
reads passed filter: 4556598
reads failed due to low quality: 31658
reads failed due to too many N: 202
reads failed due to too short: 1624
reads failed due to adapter dimer: 0
reads with adapter trimmed: 4521332
bases trimmed due to adapters: 49166831

Duplication rate: 65.577%

Insert size peak (evaluated by paired-end reads): 292

JSON report: fastp.json
HTML report: fastp.html

fastp -w 6 -i /scratch4/workspace/jade_fiorilla_student_uml_edu-rawseqorcc/fastq/2024_Cont06_Null_W42_gill_S260_R1_001.fastq.gz -I /scratch4/workspace/jade_fiorilla_student_uml_edu-rawseqorcc/fastq/2024_Cont06_Null_W42_gill_S260_R2_001.fastq.gz -o /scratch4/workspace/jade_fiorilla_student_uml_edu-rawseqorcc/trimmed-fastp/2024_Cont06_Null_W42_gill_S260_R1_trim.fastq.gz -O /scratch4/workspace/jade_fiorilla_student_uml_edu-rawseqorcc/trimmed-fastp/2024_Cont06_Null_W42_gill_S260_R2_trim.fastq.gz --detect_adapter_for_pe 
fastp v1.3.7, time used: 19 seconds
Running fastp on: 2024_Cont06_Null_W42_gut_S78
Detecting adapter sequence for read1...
>I7_Nextera_Transposase_1 | >Trans2_rc | >I7_Nextera_Transposase_1 | >Trans2_rc
CTGTCTCTTATACACATCTCCGAGCCCACGAGAC

Detecting adapter sequence for read2...
>I5_Nextera_Transposase_1 | >Trans1_rc | >I5_Nextera_Transposase_1 | >Trans1_rc
CTGTCTCTTATACACATCTGACGCTGCCGACGA

Read1 before filtering:
total reads: 705351
total bases: 212310651
Q20 bases: 206271118(97.1553%)
Q30 bases: 196148535(92.3875%)
Q40 bases: 196148535(92.3875%)

Read2 before filtering:
total reads: 705351
total bases: 212310651
Q20 bases: 209866663(98.8489%)
Q30 bases: 202809424(95.5248%)
Q40 bases: 202809424(95.5248%)

Read1 after filtering:
total reads: 701041
total bases: 139788513
Q20 bases: 138620139(99.1642%)
Q30 bases: 134937699(96.5299%)
Q40 bases: 134937699(96.5299%)

Read2 after filtering:
total reads: 701041
total bases: 139664008
Q20 bases: 138104438(98.8833%)
Q30 bases: 132784448(95.0742%)
Q40 bases: 132784448(95.0742%)

Filtering result:
reads passed filter: 1402082
reads failed due to low quality: 7792
reads failed due to too many N: 38
reads failed due to too short: 786
reads failed due to adapter dimer: 4
reads with adapter trimmed: 1396542
bases trimmed due to adapters: 43632680

Duplication rate: 30.1698%

Insert size peak (evaluated by paired-end reads): 294

JSON report: fastp.json
HTML report: fastp.html

fastp -w 6 -i /scratch4/workspace/jade_fiorilla_student_uml_edu-rawseqorcc/fastq/2024_Cont06_Null_W42_gut_S78_R1_001.fastq.gz -I /scratch4/workspace/jade_fiorilla_student_uml_edu-rawseqorcc/fastq/2024_Cont06_Null_W42_gut_S78_R2_001.fastq.gz -o /scratch4/workspace/jade_fiorilla_student_uml_edu-rawseqorcc/trimmed-fastp/2024_Cont06_Null_W42_gut_S78_R1_trim.fastq.gz -O /scratch4/workspace/jade_fiorilla_student_uml_edu-rawseqorcc/trimmed-fastp/2024_Cont06_Null_W42_gut_S78_R2_trim.fastq.gz --detect_adapter_for_pe 
fastp v1.3.7, time used: 7 seconds
Running fastp on: 2024_Cont06_Warm06_W72_gill_S203
Detecting adapter sequence for read1...
>I7_Nextera_Transposase_1 | >Trans2_rc | >I7_Nextera_Transposase_1 | >Trans2_rc
CTGTCTCTTATACACATCTCCGAGCCCACGAGAC

Detecting adapter sequence for read2...
>I5_Nextera_Transposase_1 | >Trans1_rc | >I5_Nextera_Transposase_1 | >Trans1_rc
CTGTCTCTTATACACATCTGACGCTGCCGACGA

Read1 before filtering:
total reads: 1987852
total bases: 598343452
Q20 bases: 592867908(99.0849%)
Q30 bases: 577199904(96.4663%)
Q40 bases: 577199904(96.4663%)

Read2 before filtering:
total reads: 1987852
total bases: 598343452
Q20 bases: 589334410(98.4943%)
Q30 bases: 562758775(94.0528%)
Q40 bases: 562758775(94.0528%)

Read1 after filtering:
total reads: 1975432
total bases: 575487639
Q20 bases: 571432380(99.2953%)
Q30 bases: 557926571(96.9485%)
Q40 bases: 557926571(96.9485%)

Read2 after filtering:
total reads: 1975432
total bases: 575506772
Q20 bases: 568440432(98.7722%)
Q30 bases: 544758947(94.6573%)
Q40 bases: 544758947(94.6573%)

Filtering result:
reads passed filter: 3950864
reads failed due to low quality: 23332
reads failed due to too many N: 182
reads failed due to too short: 1324
reads failed due to adapter dimer: 2
reads with adapter trimmed: 3957209
bases trimmed due to adapters: 36012114

Duplication rate: 66.8758%

Insert size peak (evaluated by paired-end reads): 292

JSON report: fastp.json
HTML report: fastp.html

fastp -w 6 -i /scratch4/workspace/jade_fiorilla_student_uml_edu-rawseqorcc/fastq/2024_Cont06_Warm06_W72_gill_S203_R1_001.fastq.gz -I /scratch4/workspace/jade_fiorilla_student_uml_edu-rawseqorcc/fastq/2024_Cont06_Warm06_W72_gill_S203_R2_001.fastq.gz -o /scratch4/workspace/jade_fiorilla_student_uml_edu-rawseqorcc/trimmed-fastp/2024_Cont06_Warm06_W72_gill_S203_R1_trim.fastq.gz -O /scratch4/workspace/jade_fiorilla_student_uml_edu-rawseqorcc/trimmed-fastp/2024_Cont06_Warm06_W72_gill_S203_R2_trim.fastq.gz --detect_adapter_for_pe 
fastp v1.3.7, time used: 17 seconds
Running fastp on: 2024_Cont06_Warm06_W72_gut_S11
Detecting adapter sequence for read1...
>I7_Nextera_Transposase_1 | >Trans2_rc | >I7_Nextera_Transposase_1 | >Trans2_rc
CTGTCTCTTATACACATCTCCGAGCCCACGAGAC

Detecting adapter sequence for read2...
>I5_Nextera_Transposase_1 | >Trans1_rc | >I5_Nextera_Transposase_1 | >Trans1_rc
CTGTCTCTTATACACATCTGACGCTGCCGACGA

Read1 before filtering:
total reads: 482545
total bases: 145246045
Q20 bases: 140656048(96.8398%)
Q30 bases: 132431932(91.1777%)
Q40 bases: 132431932(91.1777%)

Read2 before filtering:
total reads: 482545
total bases: 145246045
Q20 bases: 142786907(98.3069%)
Q30 bases: 136095881(93.7002%)
Q40 bases: 136095881(93.7002%)

Read1 after filtering:
total reads: 478483
total bases: 106086630
Q20 bases: 105129311(99.0976%)
Q30 bases: 101803298(95.9624%)
Q40 bases: 101803298(95.9624%)

Read2 after filtering:
total reads: 478483
total bases: 106021826
Q20 bases: 104284669(98.3615%)
Q30 bases: 98787016(93.1761%)
Q40 bases: 98787016(93.1761%)

Filtering result:
reads passed filter: 956966
reads failed due to low quality: 7028
reads failed due to too many N: 26
reads failed due to too short: 1062
reads failed due to adapter dimer: 8
reads with adapter trimmed: 810417
bases trimmed due to adapters: 22871463

Duplication rate: 8.64583%

Insert size peak (evaluated by paired-end reads): 298

JSON report: fastp.json
HTML report: fastp.html

fastp -w 6 -i /scratch4/workspace/jade_fiorilla_student_uml_edu-rawseqorcc/fastq/2024_Cont06_Warm06_W72_gut_S11_R1_001.fastq.gz -I /scratch4/workspace/jade_fiorilla_student_uml_edu-rawseqorcc/fastq/2024_Cont06_Warm06_W72_gut_S11_R2_001.fastq.gz -o /scratch4/workspace/jade_fiorilla_student_uml_edu-rawseqorcc/trimmed-fastp/2024_Cont06_Warm06_W72_gut_S11_R1_trim.fastq.gz -O /scratch4/workspace/jade_fiorilla_student_uml_edu-rawseqorcc/trimmed-fastp/2024_Cont06_Warm06_W72_gut_S11_R2_trim.fastq.gz --detect_adapter_for_pe 
fastp v1.3.7, time used: 6 seconds
Running fastp on: 2024_ContNA_Warm05_W52_gill_S153
Detecting adapter sequence for read1...
>I7_Nextera_Transposase_1 | >Trans2_rc | >I7_Nextera_Transposase_1 | >Trans2_rc
CTGTCTCTTATACACATCTCCGAGCCCACGAGAC

Detecting adapter sequence for read2...
>I5_Nextera_Transposase_1 | >Trans1_rc | >I5_Nextera_Transposase_1 | >Trans1_rc
CTGTCTCTTATACACATCTGACGCTGCCGACGA

Read1 before filtering:
total reads: 1446888
total bases: 435513288
Q20 bases: 427855750(98.2417%)
Q30 bases: 413332105(94.9069%)
Q40 bases: 413332105(94.9069%)

Read2 before filtering:
total reads: 1446888
total bases: 435513288
Q20 bases: 428673779(98.4296%)
Q30 bases: 409518774(94.0313%)
Q40 bases: 409518774(94.0313%)

Read1 after filtering:
total reads: 1437579
total bases: 359201666
Q20 bases: 356491517(99.2455%)
Q30 bases: 348144671(96.9218%)
Q40 bases: 348144671(96.9218%)

Read2 after filtering:
total reads: 1437579
total bases: 359102005
Q20 bases: 353911724(98.5546%)
Q30 bases: 337499694(93.9844%)
Q40 bases: 337499694(93.9844%)

Filtering result:
reads passed filter: 2875158
reads failed due to low quality: 15744
reads failed due to too many N: 92
reads failed due to too short: 2766
reads failed due to adapter dimer: 16
reads with adapter trimmed: 2868061
bases trimmed due to adapters: 49440692

Duplication rate: 31.3869%

Insert size peak (evaluated by paired-end reads): 296

JSON report: fastp.json
HTML report: fastp.html

fastp -w 6 -i /scratch4/workspace/jade_fiorilla_student_uml_edu-rawseqorcc/fastq/2024_ContNA_Warm05_W52_gill_S153_R1_001.fastq.gz -I /scratch4/workspace/jade_fiorilla_student_uml_edu-rawseqorcc/fastq/2024_ContNA_Warm05_W52_gill_S153_R2_001.fastq.gz -o /scratch4/workspace/jade_fiorilla_student_uml_edu-rawseqorcc/trimmed-fastp/2024_ContNA_Warm05_W52_gill_S153_R1_trim.fastq.gz -O /scratch4/workspace/jade_fiorilla_student_uml_edu-rawseqorcc/trimmed-fastp/2024_ContNA_Warm05_W52_gill_S153_R2_trim.fastq.gz --detect_adapter_for_pe 
fastp v1.3.7, time used: 13 seconds
Running fastp on: 2024_ContNA_Warm05_W52_gut_S154
Detecting adapter sequence for read1...
>I7_Nextera_Transposase_1 | >Trans2_rc | >I7_Nextera_Transposase_1 | >Trans2_rc
CTGTCTCTTATACACATCTCCGAGCCCACGAGAC

Detecting adapter sequence for read2...
>I5_Nextera_Transposase_1 | >Trans1_rc | >I5_Nextera_Transposase_1 | >Trans1_rc
CTGTCTCTTATACACATCTGACGCTGCCGACGA

Read1 before filtering:
total reads: 1313593
total bases: 395391493
Q20 bases: 388844933(98.3443%)
Q30 bases: 375230273(94.9009%)
Q40 bases: 375230273(94.9009%)

Read2 before filtering:
total reads: 1313593
total bases: 395391493
Q20 bases: 389943729(98.6222%)
Q30 bases: 374160020(94.6303%)
Q40 bases: 374160020(94.6303%)

Read1 after filtering:
total reads: 1304768
total bases: 338730792
Q20 bases: 335996928(99.1929%)
Q30 bases: 327202910(96.5967%)
Q40 bases: 327202910(96.5967%)

Read2 after filtering:
total reads: 1304768
total bases: 338671588
Q20 bases: 334611536(98.8012%)
Q30 bases: 321027230(94.7901%)
Q40 bases: 321027230(94.7901%)

Filtering result:
reads passed filter: 2609536
reads failed due to low quality: 15228
reads failed due to too many N: 52
reads failed due to too short: 2356
reads failed due to adapter dimer: 14
reads with adapter trimmed: 2602899
bases trimmed due to adapters: 37844190

Duplication rate: 24.9476%

Insert size peak (evaluated by paired-end reads): 296

JSON report: fastp.json
HTML report: fastp.html

fastp -w 6 -i /scratch4/workspace/jade_fiorilla_student_uml_edu-rawseqorcc/fastq/2024_ContNA_Warm05_W52_gut_S154_R1_001.fastq.gz -I /scratch4/workspace/jade_fiorilla_student_uml_edu-rawseqorcc/fastq/2024_ContNA_Warm05_W52_gut_S154_R2_001.fastq.gz -o /scratch4/workspace/jade_fiorilla_student_uml_edu-rawseqorcc/trimmed-fastp/2024_ContNA_Warm05_W52_gut_S154_R1_trim.fastq.gz -O /scratch4/workspace/jade_fiorilla_student_uml_edu-rawseqorcc/trimmed-fastp/2024_ContNA_Warm05_W52_gut_S154_R2_trim.fastq.gz --detect_adapter_for_pe 
fastp v1.3.7, time used: 12 seconds
Running fastp on: 2024_Hyp01_Both02_B13_gill_S32
Detecting adapter sequence for read1...
>I7_Nextera_Transposase_1 | >Trans2_rc | >I7_Nextera_Transposase_1 | >Trans2_rc
CTGTCTCTTATACACATCTCCGAGCCCACGAGAC

Detecting adapter sequence for read2...
>I5_Nextera_Transposase_1 | >Trans1_rc | >I5_Nextera_Transposase_1 | >Trans1_rc
CTGTCTCTTATACACATCTGACGCTGCCGACGA

Read1 before filtering:
total reads: 1010054
total bases: 304026254
Q20 bases: 294159163(96.7545%)
Q30 bases: 279325898(91.8756%)
Q40 bases: 279325898(91.8756%)

Read2 before filtering:
total reads: 1010054
total bases: 304026254
Q20 bases: 300501890(98.8408%)
Q30 bases: 290576983(95.5763%)
Q40 bases: 290576983(95.5763%)

Read1 after filtering:
total reads: 1004315
total bases: 162954400
Q20 bases: 161731726(99.2497%)
Q30 bases: 157872907(96.8816%)
Q40 bases: 157872907(96.8816%)

Read2 after filtering:
total reads: 1004315
total bases: 162718855
Q20 bases: 160727490(98.7762%)
Q30 bases: 154093210(94.6991%)
Q40 bases: 154093210(94.6991%)

Filtering result:
reads passed filter: 2008630
reads failed due to low quality: 10282
reads failed due to too many N: 24
reads failed due to too short: 1172
reads failed due to adapter dimer: 0
reads with adapter trimmed: 1995454
bases trimmed due to adapters: 83904992

Duplication rate: 27.791%

Insert size peak (evaluated by paired-end reads): 294

JSON report: fastp.json
HTML report: fastp.html

fastp -w 6 -i /scratch4/workspace/jade_fiorilla_student_uml_edu-rawseqorcc/fastq/2024_Hyp01_Both02_B13_gill_S32_R1_001.fastq.gz -I /scratch4/workspace/jade_fiorilla_student_uml_edu-rawseqorcc/fastq/2024_Hyp01_Both02_B13_gill_S32_R2_001.fastq.gz -o /scratch4/workspace/jade_fiorilla_student_uml_edu-rawseqorcc/trimmed-fastp/2024_Hyp01_Both02_B13_gill_S32_R1_trim.fastq.gz -O /scratch4/workspace/jade_fiorilla_student_uml_edu-rawseqorcc/trimmed-fastp/2024_Hyp01_Both02_B13_gill_S32_R2_trim.fastq.gz --detect_adapter_for_pe 
fastp v1.3.7, time used: 8 seconds
Running fastp on: 2024_Hyp01_Both02_B13_gut_S276
Detecting adapter sequence for read1...
>I7_Nextera_Transposase_1 | >Trans2_rc | >I7_Nextera_Transposase_1 | >Trans2_rc
CTGTCTCTTATACACATCTCCGAGCCCACGAGAC

Detecting adapter sequence for read2...
>I5_Nextera_Transposase_1 | >Trans1_rc | >I5_Nextera_Transposase_1 | >Trans1_rc
CTGTCTCTTATACACATCTGACGCTGCCGACGA

Read1 before filtering:
total reads: 849270
total bases: 255630270
Q20 bases: 249320609(97.5317%)
Q30 bases: 239031653(93.5068%)
Q40 bases: 239031653(93.5068%)

Read2 before filtering:
total reads: 849270
total bases: 255630270
Q20 bases: 252518681(98.7828%)
Q30 bases: 243337698(95.1913%)
Q40 bases: 243337698(95.1913%)

Read1 after filtering:
total reads: 844129
total bases: 179934337
Q20 bases: 178636569(99.2788%)
Q30 bases: 174496579(96.9779%)
Q40 bases: 174496579(96.9779%)

Read2 after filtering:
total reads: 844129
total bases: 179838437
Q20 bases: 177795417(98.864%)
Q30 bases: 170754473(94.9488%)
Q40 bases: 170754473(94.9488%)

Filtering result:
reads passed filter: 1688258
reads failed due to low quality: 9288
reads failed due to too many N: 52
reads failed due to too short: 942
reads failed due to adapter dimer: 0
reads with adapter trimmed: 1684971
bases trimmed due to adapters: 46687519

Duplication rate: 28.0349%

Insert size peak (evaluated by paired-end reads): 294

JSON report: fastp.json
HTML report: fastp.html

fastp -w 6 -i /scratch4/workspace/jade_fiorilla_student_uml_edu-rawseqorcc/fastq/2024_Hyp01_Both02_B13_gut_S276_R1_001.fastq.gz -I /scratch4/workspace/jade_fiorilla_student_uml_edu-rawseqorcc/fastq/2024_Hyp01_Both02_B13_gut_S276_R2_001.fastq.gz -o /scratch4/workspace/jade_fiorilla_student_uml_edu-rawseqorcc/trimmed-fastp/2024_Hyp01_Both02_B13_gut_S276_R1_trim.fastq.gz -O /scratch4/workspace/jade_fiorilla_student_uml_edu-rawseqorcc/trimmed-fastp/2024_Hyp01_Both02_B13_gut_S276_R2_trim.fastq.gz --detect_adapter_for_pe 
fastp v1.3.7, time used: 8 seconds
Running fastp on: 2024_Hyp01_Both06_B61_gill_S204
Detecting adapter sequence for read1...
>I7_Nextera_Transposase_1 | >Trans2_rc | >I7_Nextera_Transposase_1 | >Trans2_rc
CTGTCTCTTATACACATCTCCGAGCCCACGAGAC

Detecting adapter sequence for read2...
>I5_Nextera_Transposase_1 | >Trans1_rc | >I5_Nextera_Transposase_1 | >Trans1_rc
CTGTCTCTTATACACATCTGACGCTGCCGACGA

Read1 before filtering:
total reads: 1958578
total bases: 589531978
Q20 bases: 580701975(98.5022%)
Q30 bases: 561996171(95.3292%)
Q40 bases: 561996171(95.3292%)

Read2 before filtering:
total reads: 1958578
total bases: 589531978
Q20 bases: 573127709(97.2174%)
Q30 bases: 534454390(90.6574%)
Q40 bases: 534454390(90.6574%)

Read1 after filtering:
total reads: 1944210
total bases: 510686460
Q20 bases: 507475208(99.3712%)
Q30 bases: 496892818(97.299%)
Q40 bases: 496892818(97.299%)

Read2 after filtering:
total reads: 1944210
total bases: 510726433
Q20 bases: 497769468(97.463%)
Q30 bases: 464820436(91.0116%)
Q40 bases: 464820436(91.0116%)

Filtering result:
reads passed filter: 3888420
reads failed due to low quality: 27256
reads failed due to too many N: 152
reads failed due to too short: 1328
reads failed due to adapter dimer: 0
reads with adapter trimmed: 3878611
bases trimmed due to adapters: 63543408

Duplication rate: 60.5577%

Insert size peak (evaluated by paired-end reads): 292

JSON report: fastp.json
HTML report: fastp.html

fastp -w 6 -i /scratch4/workspace/jade_fiorilla_student_uml_edu-rawseqorcc/fastq/2024_Hyp01_Both06_B61_gill_S204_R1_001.fastq.gz -I /scratch4/workspace/jade_fiorilla_student_uml_edu-rawseqorcc/fastq/2024_Hyp01_Both06_B61_gill_S204_R2_001.fastq.gz -o /scratch4/workspace/jade_fiorilla_student_uml_edu-rawseqorcc/trimmed-fastp/2024_Hyp01_Both06_B61_gill_S204_R1_trim.fastq.gz -O /scratch4/workspace/jade_fiorilla_student_uml_edu-rawseqorcc/trimmed-fastp/2024_Hyp01_Both06_B61_gill_S204_R2_trim.fastq.gz --detect_adapter_for_pe 
fastp v1.3.7, time used: 15 seconds
Running fastp on: 2024_Hyp01_Both06_B61_gut_S12
Detecting adapter sequence for read1...
>I7_Nextera_Transposase_1 | >Trans2_rc | >I7_Nextera_Transposase_1 | >Trans2_rc
CTGTCTCTTATACACATCTCCGAGCCCACGAGAC

Detecting adapter sequence for read2...
>I5_Nextera_Transposase_1 | >Trans1_rc | >I5_Nextera_Transposase_1 | >Trans1_rc
CTGTCTCTTATACACATCTGACGCTGCCGACGA

Read1 before filtering:
total reads: 615615
total bases: 185300115
Q20 bases: 180155824(97.2238%)
Q30 bases: 171444582(92.5227%)
Q40 bases: 171444582(92.5227%)

Read2 before filtering:
total reads: 615615
total bases: 185300115
Q20 bases: 182804976(98.6535%)
Q30 bases: 175693677(94.8157%)
Q40 bases: 175693677(94.8157%)

Read1 after filtering:
total reads: 611217
total bases: 138399197
Q20 bases: 137233085(99.1574%)
Q30 bases: 133522951(96.4767%)
Q40 bases: 133522951(96.4767%)

Read2 after filtering:
total reads: 611217
total bases: 138325735
Q20 bases: 136609620(98.7594%)
Q30 bases: 130862132(94.6043%)
Q40 bases: 130862132(94.6043%)

Filtering result:
reads passed filter: 1222434
reads failed due to low quality: 7498
reads failed due to too many N: 54
reads failed due to too short: 1238
reads failed due to adapter dimer: 6
reads with adapter trimmed: 1217216
bases trimmed due to adapters: 28273839

Duplication rate: 15.4142%

Insert size peak (evaluated by paired-end reads): 296

JSON report: fastp.json
HTML report: fastp.html

fastp -w 6 -i /scratch4/workspace/jade_fiorilla_student_uml_edu-rawseqorcc/fastq/2024_Hyp01_Both06_B61_gut_S12_R1_001.fastq.gz -I /scratch4/workspace/jade_fiorilla_student_uml_edu-rawseqorcc/fastq/2024_Hyp01_Both06_B61_gut_S12_R2_001.fastq.gz -o /scratch4/workspace/jade_fiorilla_student_uml_edu-rawseqorcc/trimmed-fastp/2024_Hyp01_Both06_B61_gut_S12_R1_trim.fastq.gz -O /scratch4/workspace/jade_fiorilla_student_uml_edu-rawseqorcc/trimmed-fastp/2024_Hyp01_Both06_B61_gut_S12_R2_trim.fastq.gz --detect_adapter_for_pe 
fastp v1.3.7, time used: 6 seconds
Running fastp on: 2024_Hyp01_Cont06_B62_gill_S171
Detecting adapter sequence for read1...
>I7_Nextera_Transposase_1 | >Trans2_rc | >I7_Nextera_Transposase_1 | >Trans2_rc
CTGTCTCTTATACACATCTCCGAGCCCACGAGAC

Detecting adapter sequence for read2...
>I5_Nextera_Transposase_1 | >Trans1_rc | >I5_Nextera_Transposase_1 | >Trans1_rc
CTGTCTCTTATACACATCTGACGCTGCCGACGA

Read1 before filtering:
total reads: 1449494
total bases: 436297694
Q20 bases: 422357525(96.8049%)
Q30 bases: 399904147(91.6586%)
Q40 bases: 399904147(91.6586%)

Read2 before filtering:
total reads: 1449494
total bases: 436297694
Q20 bases: 430500550(98.6713%)
Q30 bases: 414473939(94.998%)
Q40 bases: 414473939(94.998%)

Read1 after filtering:
total reads: 1440378
total bases: 265262950
Q20 bases: 262983301(99.1406%)
Q30 bases: 255868451(96.4584%)
Q40 bases: 255868451(96.4584%)

Read2 after filtering:
total reads: 1440378
total bases: 265102994
Q20 bases: 261389054(98.5991%)
Q30 bases: 249510955(94.1185%)
Q40 bases: 249510955(94.1185%)

Filtering result:
reads passed filter: 2880756
reads failed due to low quality: 17102
reads failed due to too many N: 46
reads failed due to too short: 1084
reads failed due to adapter dimer: 0
reads with adapter trimmed: 2824107
bases trimmed due to adapters: 101644467

Duplication rate: 24.5627%

Insert size peak (evaluated by paired-end reads): 294

JSON report: fastp.json
HTML report: fastp.html

fastp -w 6 -i /scratch4/workspace/jade_fiorilla_student_uml_edu-rawseqorcc/fastq/2024_Hyp01_Cont06_B62_gill_S171_R1_001.fastq.gz -I /scratch4/workspace/jade_fiorilla_student_uml_edu-rawseqorcc/fastq/2024_Hyp01_Cont06_B62_gill_S171_R2_001.fastq.gz -o /scratch4/workspace/jade_fiorilla_student_uml_edu-rawseqorcc/trimmed-fastp/2024_Hyp01_Cont06_B62_gill_S171_R1_trim.fastq.gz -O /scratch4/workspace/jade_fiorilla_student_uml_edu-rawseqorcc/trimmed-fastp/2024_Hyp01_Cont06_B62_gill_S171_R2_trim.fastq.gz --detect_adapter_for_pe 
fastp v1.3.7, time used: 12 seconds
Running fastp on: 2024_Hyp01_Cont06_B62_gut_S172
Detecting adapter sequence for read1...
>I7_Nextera_Transposase_1 | >Trans2_rc | >I7_Nextera_Transposase_1 | >Trans2_rc
CTGTCTCTTATACACATCTCCGAGCCCACGAGAC

Detecting adapter sequence for read2...
>I5_Nextera_Transposase_1 | >Trans1_rc | >I5_Nextera_Transposase_1 | >Trans1_rc
CTGTCTCTTATACACATCTGACGCTGCCGACGA

Read1 before filtering:
total reads: 1407875
total bases: 423770375
Q20 bases: 417319005(98.4776%)
Q30 bases: 403114152(95.1256%)
Q40 bases: 403114152(95.1256%)

Read2 before filtering:
total reads: 1407875
total bases: 423770375
Q20 bases: 417107919(98.4278%)
Q30 bases: 397997800(93.9183%)
Q40 bases: 397997800(93.9183%)

Read1 after filtering:
total reads: 1397931
total bases: 377294359
Q20 bases: 374361408(99.2226%)
Q30 bases: 364935547(96.7244%)
Q40 bases: 364935547(96.7244%)

Read2 after filtering:
total reads: 1397931
total bases: 377269304
Q20 bases: 372149085(98.6428%)
Q30 bases: 355462155(94.2197%)
Q40 bases: 355462155(94.2197%)

Filtering result:
reads passed filter: 2795862
reads failed due to low quality: 18372
reads failed due to too many N: 96
reads failed due to too short: 1420
reads failed due to adapter dimer: 0
reads with adapter trimmed: 2795016
bases trimmed due to adapters: 37032639

Duplication rate: 32.5846%

Insert size peak (evaluated by paired-end reads): 294

JSON report: fastp.json
HTML report: fastp.html

fastp -w 6 -i /scratch4/workspace/jade_fiorilla_student_uml_edu-rawseqorcc/fastq/2024_Hyp01_Cont06_B62_gut_S172_R1_001.fastq.gz -I /scratch4/workspace/jade_fiorilla_student_uml_edu-rawseqorcc/fastq/2024_Hyp01_Cont06_B62_gut_S172_R2_001.fastq.gz -o /scratch4/workspace/jade_fiorilla_student_uml_edu-rawseqorcc/trimmed-fastp/2024_Hyp01_Cont06_B62_gut_S172_R1_trim.fastq.gz -O /scratch4/workspace/jade_fiorilla_student_uml_edu-rawseqorcc/trimmed-fastp/2024_Hyp01_Cont06_B62_gut_S172_R2_trim.fastq.gz --detect_adapter_for_pe 
fastp v1.3.7, time used: 12 seconds
Running fastp on: 2024_Hyp01_Null_B08_gill_S261
Detecting adapter sequence for read1...
>I7_Nextera_Transposase_1 | >Trans2_rc | >I7_Nextera_Transposase_1 | >Trans2_rc
CTGTCTCTTATACACATCTCCGAGCCCACGAGAC

Detecting adapter sequence for read2...
>I5_Nextera_Transposase_1 | >Trans1_rc | >I5_Nextera_Transposase_1 | >Trans1_rc
CTGTCTCTTATACACATCTGACGCTGCCGACGA

Read1 before filtering:
total reads: 862841
total bases: 259715141
Q20 bases: 254323866(97.9242%)
Q30 bases: 243632575(93.8076%)
Q40 bases: 243632575(93.8076%)

Read2 before filtering:
total reads: 862841
total bases: 259715141
Q20 bases: 255663463(98.44%)
Q30 bases: 244217293(94.0328%)
Q40 bases: 244217293(94.0328%)

Read1 after filtering:
total reads: 856811
total bases: 218944312
Q20 bases: 217274150(99.2372%)
Q30 bases: 211760935(96.7191%)
Q40 bases: 211760935(96.7191%)

Read2 after filtering:
total reads: 856811
total bases: 218942296
Q20 bases: 216005827(98.6588%)
Q30 bases: 206408958(94.2755%)
Q40 bases: 206408958(94.2755%)

Filtering result:
reads passed filter: 1713622
reads failed due to low quality: 10690
reads failed due to too many N: 58
reads failed due to too short: 1308
reads failed due to adapter dimer: 4
reads with adapter trimmed: 1644099
bases trimmed due to adapters: 29746205

Duplication rate: 18.5667%

Insert size peak (evaluated by paired-end reads): 296

JSON report: fastp.json
HTML report: fastp.html

fastp -w 6 -i /scratch4/workspace/jade_fiorilla_student_uml_edu-rawseqorcc/fastq/2024_Hyp01_Null_B08_gill_S261_R1_001.fastq.gz -I /scratch4/workspace/jade_fiorilla_student_uml_edu-rawseqorcc/fastq/2024_Hyp01_Null_B08_gill_S261_R2_001.fastq.gz -o /scratch4/workspace/jade_fiorilla_student_uml_edu-rawseqorcc/trimmed-fastp/2024_Hyp01_Null_B08_gill_S261_R1_trim.fastq.gz -O /scratch4/workspace/jade_fiorilla_student_uml_edu-rawseqorcc/trimmed-fastp/2024_Hyp01_Null_B08_gill_S261_R2_trim.fastq.gz --detect_adapter_for_pe 
fastp v1.3.7, time used: 8 seconds
Running fastp on: 2024_Hyp01_Null_B08_gut_S79
Detecting adapter sequence for read1...
>I7_Nextera_Transposase_1 | >Trans2_rc | >I7_Nextera_Transposase_1 | >Trans2_rc
CTGTCTCTTATACACATCTCCGAGCCCACGAGAC

Detecting adapter sequence for read2...
>I5_Nextera_Transposase_1 | >Trans1_rc | >I5_Nextera_Transposase_1 | >Trans1_rc
CTGTCTCTTATACACATCTGACGCTGCCGACGA

Read1 before filtering:
total reads: 517265
total bases: 155696765
Q20 bases: 152854950(98.1748%)
Q30 bases: 147621447(94.8134%)
Q40 bases: 147621447(94.8134%)

Read2 before filtering:
total reads: 517265
total bases: 155696765
Q20 bases: 153502778(98.5909%)
Q30 bases: 147265289(94.5847%)
Q40 bases: 147265289(94.5847%)

Read1 after filtering:
total reads: 513284
total bases: 121792054
Q20 bases: 120947457(99.3065%)
Q30 bases: 118138120(96.9999%)
Q40 bases: 118138120(96.9999%)

Read2 after filtering:
total reads: 513284
total bases: 121753344
Q20 bases: 120247344(98.7631%)
Q30 bases: 115168196(94.5914%)
Q40 bases: 115168196(94.5914%)

Filtering result:
reads passed filter: 1026568
reads failed due to low quality: 7234
reads failed due to too many N: 54
reads failed due to too short: 674
reads failed due to adapter dimer: 0
reads with adapter trimmed: 1025663
bases trimmed due to adapters: 21801008

Duplication rate: 27.6904%

Insert size peak (evaluated by paired-end reads): 294

JSON report: fastp.json
HTML report: fastp.html

fastp -w 6 -i /scratch4/workspace/jade_fiorilla_student_uml_edu-rawseqorcc/fastq/2024_Hyp01_Null_B08_gut_S79_R1_001.fastq.gz -I /scratch4/workspace/jade_fiorilla_student_uml_edu-rawseqorcc/fastq/2024_Hyp01_Null_B08_gut_S79_R2_001.fastq.gz -o /scratch4/workspace/jade_fiorilla_student_uml_edu-rawseqorcc/trimmed-fastp/2024_Hyp01_Null_B08_gut_S79_R1_trim.fastq.gz -O /scratch4/workspace/jade_fiorilla_student_uml_edu-rawseqorcc/trimmed-fastp/2024_Hyp01_Null_B08_gut_S79_R2_trim.fastq.gz --detect_adapter_for_pe 
fastp v1.3.7, time used: 6 seconds
Running fastp on: 2024_Hyp01_Warm04_B38_gill_S205
Detecting adapter sequence for read1...
>I7_Nextera_Transposase_1 | >Trans2_rc | >I7_Nextera_Transposase_1 | >Trans2_rc
CTGTCTCTTATACACATCTCCGAGCCCACGAGAC

Detecting adapter sequence for read2...
>I5_Nextera_Transposase_1 | >Trans1_rc | >I5_Nextera_Transposase_1 | >Trans1_rc
CTGTCTCTTATACACATCTGACGCTGCCGACGA

Read1 before filtering:
total reads: 2053290
total bases: 618040290
Q20 bases: 611997861(99.0223%)
Q30 bases: 595784787(96.399%)
Q40 bases: 595784787(96.399%)

Read2 before filtering:
total reads: 2053290
total bases: 618040290
Q20 bases: 603830537(97.7008%)
Q30 bases: 567659254(91.8483%)
Q40 bases: 567659254(91.8483%)

Read1 after filtering:
total reads: 2037607
total bases: 593127732
Q20 bases: 588862093(99.2808%)
Q30 bases: 575254302(96.9866%)
Q40 bases: 575254302(96.9866%)

Read2 after filtering:
total reads: 2037607
total bases: 593178177
Q20 bases: 581590734(98.0465%)
Q30 bases: 549149751(92.5775%)
Q40 bases: 549149751(92.5775%)

Filtering result:
reads passed filter: 4075214
reads failed due to low quality: 29792
reads failed due to too many N: 166
reads failed due to too short: 1408
reads failed due to adapter dimer: 0
reads with adapter trimmed: 4084427
bases trimmed due to adapters: 37906700

Duplication rate: 62.9935%

Insert size peak (evaluated by paired-end reads): 292

JSON report: fastp.json
HTML report: fastp.html

fastp -w 6 -i /scratch4/workspace/jade_fiorilla_student_uml_edu-rawseqorcc/fastq/2024_Hyp01_Warm04_B38_gill_S205_R1_001.fastq.gz -I /scratch4/workspace/jade_fiorilla_student_uml_edu-rawseqorcc/fastq/2024_Hyp01_Warm04_B38_gill_S205_R2_001.fastq.gz -o /scratch4/workspace/jade_fiorilla_student_uml_edu-rawseqorcc/trimmed-fastp/2024_Hyp01_Warm04_B38_gill_S205_R1_trim.fastq.gz -O /scratch4/workspace/jade_fiorilla_student_uml_edu-rawseqorcc/trimmed-fastp/2024_Hyp01_Warm04_B38_gill_S205_R2_trim.fastq.gz --detect_adapter_for_pe 
fastp v1.3.7, time used: 17 seconds
Running fastp on: 2024_Hyp01_Warm04_B38_gut_S13
Detecting adapter sequence for read1...
>I7_Nextera_Transposase_1 | >Trans2_rc | >I7_Nextera_Transposase_1 | >Trans2_rc
CTGTCTCTTATACACATCTCCGAGCCCACGAGAC

Detecting adapter sequence for read2...
>I5_Nextera_Transposase_1 | >Trans1_rc | >I5_Nextera_Transposase_1 | >Trans1_rc
CTGTCTCTTATACACATCTGACGCTGCCGACGA

Read1 before filtering:
total reads: 486219
total bases: 146351919
Q20 bases: 143429516(98.0032%)
Q30 bases: 137424909(93.9003%)
Q40 bases: 137424909(93.9003%)

Read2 before filtering:
total reads: 486219
total bases: 146351919
Q20 bases: 144285364(98.588%)
Q30 bases: 138313092(94.5072%)
Q40 bases: 138313092(94.5072%)

Read1 after filtering:
total reads: 482487
total bases: 125636984
Q20 bases: 124518933(99.1101%)
Q30 bases: 120878625(96.2126%)
Q40 bases: 120878625(96.2126%)

Read2 after filtering:
total reads: 482487
total bases: 125615259
Q20 bases: 124123602(98.8125%)
Q30 bases: 119014601(94.7453%)
Q40 bases: 119014601(94.7453%)

Filtering result:
reads passed filter: 964974
reads failed due to low quality: 6312
reads failed due to too many N: 30
reads failed due to too short: 1112
reads failed due to adapter dimer: 10
reads with adapter trimmed: 963865
bases trimmed due to adapters: 13967999

Duplication rate: 21.6413%

Insert size peak (evaluated by paired-end reads): 296

JSON report: fastp.json
HTML report: fastp.html

fastp -w 6 -i /scratch4/workspace/jade_fiorilla_student_uml_edu-rawseqorcc/fastq/2024_Hyp01_Warm04_B38_gut_S13_R1_001.fastq.gz -I /scratch4/workspace/jade_fiorilla_student_uml_edu-rawseqorcc/fastq/2024_Hyp01_Warm04_B38_gut_S13_R2_001.fastq.gz -o /scratch4/workspace/jade_fiorilla_student_uml_edu-rawseqorcc/trimmed-fastp/2024_Hyp01_Warm04_B38_gut_S13_R1_trim.fastq.gz -O /scratch4/workspace/jade_fiorilla_student_uml_edu-rawseqorcc/trimmed-fastp/2024_Hyp01_Warm04_B38_gut_S13_R2_trim.fastq.gz --detect_adapter_for_pe 
fastp v1.3.7, time used: 5 seconds
Running fastp on: 2024_Hyp01_Warm05_B49_gill_S206
Detecting adapter sequence for read1...
>I7_Nextera_Transposase_1 | >Trans2_rc | >I7_Nextera_Transposase_1 | >Trans2_rc
CTGTCTCTTATACACATCTCCGAGCCCACGAGAC

Detecting adapter sequence for read2...
>I5_Nextera_Transposase_1 | >Trans1_rc | >I5_Nextera_Transposase_1 | >Trans1_rc
CTGTCTCTTATACACATCTGACGCTGCCGACGA

Read1 before filtering:
total reads: 2068558
total bases: 622635958
Q20 bases: 613603403(98.5493%)
Q30 bases: 592949007(95.2321%)
Q40 bases: 592949007(95.2321%)

Read2 before filtering:
total reads: 2068558
total bases: 622635958
Q20 bases: 611639027(98.2338%)
Q30 bases: 581573655(93.4051%)
Q40 bases: 581573655(93.4051%)

Read1 after filtering:
total reads: 2052372
total bases: 563558942
Q20 bases: 558924427(99.1776%)
Q30 bases: 544477559(96.6141%)
Q40 bases: 544477559(96.6141%)

Read2 after filtering:
total reads: 2052372
total bases: 563551787
Q20 bases: 555180670(98.5146%)
Q30 bases: 529188740(93.9024%)
Q40 bases: 529188740(93.9024%)

Filtering result:
reads passed filter: 4104744
reads failed due to low quality: 30888
reads failed due to too many N: 150
reads failed due to too short: 1334
reads failed due to adapter dimer: 0
reads with adapter trimmed: 4094722
bases trimmed due to adapters: 54554720

Duplication rate: 64.3379%

Insert size peak (evaluated by paired-end reads): 292

JSON report: fastp.json
HTML report: fastp.html

fastp -w 6 -i /scratch4/workspace/jade_fiorilla_student_uml_edu-rawseqorcc/fastq/2024_Hyp01_Warm05_B49_gill_S206_R1_001.fastq.gz -I /scratch4/workspace/jade_fiorilla_student_uml_edu-rawseqorcc/fastq/2024_Hyp01_Warm05_B49_gill_S206_R2_001.fastq.gz -o /scratch4/workspace/jade_fiorilla_student_uml_edu-rawseqorcc/trimmed-fastp/2024_Hyp01_Warm05_B49_gill_S206_R1_trim.fastq.gz -O /scratch4/workspace/jade_fiorilla_student_uml_edu-rawseqorcc/trimmed-fastp/2024_Hyp01_Warm05_B49_gill_S206_R2_trim.fastq.gz --detect_adapter_for_pe 
fastp v1.3.7, time used: 17 seconds
Running fastp on: 2024_Hyp01_Warm05_B49_gut_S14
Detecting adapter sequence for read1...
>I7_Nextera_Transposase_1 | >Trans2_rc | >I7_Nextera_Transposase_1 | >Trans2_rc
CTGTCTCTTATACACATCTCCGAGCCCACGAGAC

Detecting adapter sequence for read2...
>I5_Nextera_Transposase_1 | >Trans1_rc | >I5_Nextera_Transposase_1 | >Trans1_rc
CTGTCTCTTATACACATCTGACGCTGCCGACGA

Read1 before filtering:
total reads: 741747
total bases: 223265847
Q20 bases: 218696141(97.9532%)
Q30 bases: 209508301(93.838%)
Q40 bases: 209508301(93.838%)

Read2 before filtering:
total reads: 741747
total bases: 223265847
Q20 bases: 219711278(98.4079%)
Q30 bases: 209717653(93.9318%)
Q40 bases: 209717653(93.9318%)

Read1 after filtering:
total reads: 735942
total bases: 190180281
Q20 bases: 188510412(99.122%)
Q30 bases: 183107482(96.281%)
Q40 bases: 183107482(96.281%)

Read2 after filtering:
total reads: 735942
total bases: 190142576
Q20 bases: 187611519(98.6689%)
Q30 bases: 179280622(94.2875%)
Q40 bases: 179280622(94.2875%)

Filtering result:
reads passed filter: 1471884
reads failed due to low quality: 9868
reads failed due to too many N: 44
reads failed due to too short: 1696
reads failed due to adapter dimer: 2
reads with adapter trimmed: 1463611
bases trimmed due to adapters: 22382024

Duplication rate: 15.7074%

Insert size peak (evaluated by paired-end reads): 296

JSON report: fastp.json
HTML report: fastp.html

fastp -w 6 -i /scratch4/workspace/jade_fiorilla_student_uml_edu-rawseqorcc/fastq/2024_Hyp01_Warm05_B49_gut_S14_R1_001.fastq.gz -I /scratch4/workspace/jade_fiorilla_student_uml_edu-rawseqorcc/fastq/2024_Hyp01_Warm05_B49_gut_S14_R2_001.fastq.gz -o /scratch4/workspace/jade_fiorilla_student_uml_edu-rawseqorcc/trimmed-fastp/2024_Hyp01_Warm05_B49_gut_S14_R1_trim.fastq.gz -O /scratch4/workspace/jade_fiorilla_student_uml_edu-rawseqorcc/trimmed-fastp/2024_Hyp01_Warm05_B49_gut_S14_R2_trim.fastq.gz --detect_adapter_for_pe 
fastp v1.3.7, time used: 8 seconds
Running fastp on: 2024_Hyp02_Both05_B51_gill_S173
Detecting adapter sequence for read1...
>I7_Nextera_Transposase_1 | >Trans2_rc | >I7_Nextera_Transposase_1 | >Trans2_rc
CTGTCTCTTATACACATCTCCGAGCCCACGAGAC

Detecting adapter sequence for read2...
>I5_Nextera_Transposase_1 | >Trans1_rc | >I5_Nextera_Transposase_1 | >Trans1_rc
CTGTCTCTTATACACATCTGACGCTGCCGACGA

Read1 before filtering:
total reads: 1500579
total bases: 451674279
Q20 bases: 434203344(96.132%)
Q30 bases: 405139972(89.6974%)
Q40 bases: 405139972(89.6974%)

Read2 before filtering:
total reads: 1500579
total bases: 451674279
Q20 bases: 446194318(98.7867%)
Q30 bases: 431025054(95.4283%)
Q40 bases: 431025054(95.4283%)

Read1 after filtering:
total reads: 1492117
total bases: 237552277
Q20 bases: 235102742(98.9688%)
Q30 bases: 226892827(95.5128%)
Q40 bases: 226892827(95.5128%)

Read2 after filtering:
total reads: 1492117
total bases: 237299123
Q20 bases: 233989242(98.6052%)
Q30 bases: 223347617(94.1207%)
Q40 bases: 223347617(94.1207%)

Filtering result:
reads passed filter: 2984234
reads failed due to low quality: 15460
reads failed due to too many N: 90
reads failed due to too short: 1374
reads failed due to adapter dimer: 0
reads with adapter trimmed: 2915815
bases trimmed due to adapters: 128310056

Duplication rate: 23.4665%

Insert size peak (evaluated by paired-end reads): 294

JSON report: fastp.json
HTML report: fastp.html

fastp -w 6 -i /scratch4/workspace/jade_fiorilla_student_uml_edu-rawseqorcc/fastq/2024_Hyp02_Both05_B51_gill_S173_R1_001.fastq.gz -I /scratch4/workspace/jade_fiorilla_student_uml_edu-rawseqorcc/fastq/2024_Hyp02_Both05_B51_gill_S173_R2_001.fastq.gz -o /scratch4/workspace/jade_fiorilla_student_uml_edu-rawseqorcc/trimmed-fastp/2024_Hyp02_Both05_B51_gill_S173_R1_trim.fastq.gz -O /scratch4/workspace/jade_fiorilla_student_uml_edu-rawseqorcc/trimmed-fastp/2024_Hyp02_Both05_B51_gill_S173_R2_trim.fastq.gz --detect_adapter_for_pe 
fastp v1.3.7, time used: 11 seconds
Running fastp on: 2024_Hyp02_Both05_B51_gut_S174
Detecting adapter sequence for read1...
>I7_Nextera_Transposase_1 | >Trans2_rc | >I7_Nextera_Transposase_1 | >Trans2_rc
CTGTCTCTTATACACATCTCCGAGCCCACGAGAC

Detecting adapter sequence for read2...
>I5_Nextera_Transposase_1 | >Trans1_rc | >I5_Nextera_Transposase_1 | >Trans1_rc
CTGTCTCTTATACACATCTGACGCTGCCGACGA

Read1 before filtering:
total reads: 1442669
total bases: 434243369
Q20 bases: 425023078(97.8767%)
Q30 bases: 407651966(93.8764%)
Q40 bases: 407651966(93.8764%)

Read2 before filtering:
total reads: 1442669
total bases: 434243369
Q20 bases: 428003647(98.5631%)
Q30 bases: 410490693(94.5301%)
Q40 bases: 410490693(94.5301%)

Read1 after filtering:
total reads: 1433321
total bases: 343441265
Q20 bases: 340605096(99.1742%)
Q30 bases: 331804420(96.6117%)
Q40 bases: 331804420(96.6117%)

Read2 after filtering:
total reads: 1433321
total bases: 343373378
Q20 bases: 338977173(98.7197%)
Q30 bases: 324677468(94.5552%)
Q40 bases: 324677468(94.5552%)

Filtering result:
reads passed filter: 2866642
reads failed due to low quality: 17308
reads failed due to too many N: 66
reads failed due to too short: 1322
reads failed due to adapter dimer: 0
reads with adapter trimmed: 2853540
bases trimmed due to adapters: 61963140

Duplication rate: 39.9392%

Insert size peak (evaluated by paired-end reads): 294

JSON report: fastp.json
HTML report: fastp.html

fastp -w 6 -i /scratch4/workspace/jade_fiorilla_student_uml_edu-rawseqorcc/fastq/2024_Hyp02_Both05_B51_gut_S174_R1_001.fastq.gz -I /scratch4/workspace/jade_fiorilla_student_uml_edu-rawseqorcc/fastq/2024_Hyp02_Both05_B51_gut_S174_R2_001.fastq.gz -o /scratch4/workspace/jade_fiorilla_student_uml_edu-rawseqorcc/trimmed-fastp/2024_Hyp02_Both05_B51_gut_S174_R1_trim.fastq.gz -O /scratch4/workspace/jade_fiorilla_student_uml_edu-rawseqorcc/trimmed-fastp/2024_Hyp02_Both05_B51_gut_S174_R2_trim.fastq.gz --detect_adapter_for_pe 
fastp v1.3.7, time used: 13 seconds
Running fastp on: 2024_Hyp02_Cont01_B4_gill_S215
Detecting adapter sequence for read1...
>I7_Nextera_Transposase_1 | >Trans2_rc | >I7_Nextera_Transposase_1 | >Trans2_rc
CTGTCTCTTATACACATCTCCGAGCCCACGAGAC

Detecting adapter sequence for read2...
>I5_Nextera_Transposase_1 | >Trans1_rc | >I5_Nextera_Transposase_1 | >Trans1_rc
CTGTCTCTTATACACATCTGACGCTGCCGACGA

Read1 before filtering:
total reads: 839894
total bases: 252808094
Q20 bases: 245190148(96.9867%)
Q30 bases: 231477276(91.5624%)
Q40 bases: 231477276(91.5624%)

Read2 before filtering:
total reads: 839894
total bases: 252808094
Q20 bases: 249559181(98.7149%)
Q30 bases: 240316020(95.0587%)
Q40 bases: 240316020(95.0587%)

Read1 after filtering:
total reads: 834652
total bases: 162757704
Q20 bases: 161150419(99.0125%)
Q30 bases: 155938110(95.81%)
Q40 bases: 155938110(95.81%)

Read2 after filtering:
total reads: 834652
total bases: 162689393
Q20 bases: 160644624(98.7431%)
Q30 bases: 153686732(94.4664%)
Q40 bases: 153686732(94.4664%)

Filtering result:
reads passed filter: 1669304
reads failed due to low quality: 9686
reads failed due to too many N: 50
reads failed due to too short: 746
reads failed due to adapter dimer: 2
reads with adapter trimmed: 1583588
bases trimmed due to adapters: 58529735

Duplication rate: 28.605%

Insert size peak (evaluated by paired-end reads): 294

JSON report: fastp.json
HTML report: fastp.html

fastp -w 6 -i /scratch4/workspace/jade_fiorilla_student_uml_edu-rawseqorcc/fastq/2024_Hyp02_Cont01_B4_gill_S215_R1_001.fastq.gz -I /scratch4/workspace/jade_fiorilla_student_uml_edu-rawseqorcc/fastq/2024_Hyp02_Cont01_B4_gill_S215_R2_001.fastq.gz -o /scratch4/workspace/jade_fiorilla_student_uml_edu-rawseqorcc/trimmed-fastp/2024_Hyp02_Cont01_B4_gill_S215_R1_trim.fastq.gz -O /scratch4/workspace/jade_fiorilla_student_uml_edu-rawseqorcc/trimmed-fastp/2024_Hyp02_Cont01_B4_gill_S215_R2_trim.fastq.gz --detect_adapter_for_pe 
fastp v1.3.7, time used: 7 seconds
Running fastp on: 2024_Hyp02_Cont01_B4_gut_S33
Detecting adapter sequence for read1...
>I7_Nextera_Transposase_1 | >Trans2_rc | >I7_Nextera_Transposase_1 | >Trans2_rc
CTGTCTCTTATACACATCTCCGAGCCCACGAGAC

Detecting adapter sequence for read2...
>I5_Nextera_Transposase_1 | >Trans1_rc | >I5_Nextera_Transposase_1 | >Trans1_rc
CTGTCTCTTATACACATCTGACGCTGCCGACGA

Read1 before filtering:
total reads: 891187
total bases: 268247287
Q20 bases: 263246952(98.1359%)
Q30 bases: 253751414(94.5961%)
Q40 bases: 253751414(94.5961%)

Read2 before filtering:
total reads: 891187
total bases: 268247287
Q20 bases: 264665535(98.6648%)
Q30 bases: 254256569(94.7844%)
Q40 bases: 254256569(94.7844%)

Read1 after filtering:
total reads: 884838
total bases: 212388825
Q20 bases: 210777916(99.2415%)
Q30 bases: 205638505(96.8217%)
Q40 bases: 205638505(96.8217%)

Read2 after filtering:
total reads: 884838
total bases: 212302372
Q20 bases: 209802524(98.8225%)
Q30 bases: 201246083(94.7922%)
Q40 bases: 201246083(94.7922%)

Filtering result:
reads passed filter: 1769676
reads failed due to low quality: 11614
reads failed due to too many N: 70
reads failed due to too short: 1014
reads failed due to adapter dimer: 0
reads with adapter trimmed: 1767896
bases trimmed due to adapters: 36638010

Duplication rate: 35.245%

Insert size peak (evaluated by paired-end reads): 294

JSON report: fastp.json
HTML report: fastp.html

fastp -w 6 -i /scratch4/workspace/jade_fiorilla_student_uml_edu-rawseqorcc/fastq/2024_Hyp02_Cont01_B4_gut_S33_R1_001.fastq.gz -I /scratch4/workspace/jade_fiorilla_student_uml_edu-rawseqorcc/fastq/2024_Hyp02_Cont01_B4_gut_S33_R2_001.fastq.gz -o /scratch4/workspace/jade_fiorilla_student_uml_edu-rawseqorcc/trimmed-fastp/2024_Hyp02_Cont01_B4_gut_S33_R1_trim.fastq.gz -O /scratch4/workspace/jade_fiorilla_student_uml_edu-rawseqorcc/trimmed-fastp/2024_Hyp02_Cont01_B4_gut_S33_R2_trim.fastq.gz --detect_adapter_for_pe 
fastp v1.3.7, time used: 9 seconds
Running fastp on: 2024_Hyp02_Hyp01_B3_gill_S145
Detecting adapter sequence for read1...
>I7_Nextera_Transposase_1 | >Trans2_rc | >I7_Nextera_Transposase_1 | >Trans2_rc
CTGTCTCTTATACACATCTCCGAGCCCACGAGAC

Detecting adapter sequence for read2...
>I5_Nextera_Transposase_1 | >Trans1_rc | >I5_Nextera_Transposase_1 | >Trans1_rc
CTGTCTCTTATACACATCTGACGCTGCCGACGA

Read1 before filtering:
total reads: 1664820
total bases: 501110820
Q20 bases: 487004329(97.185%)
Q30 bases: 464780073(92.75%)
Q40 bases: 464780073(92.75%)

Read2 before filtering:
total reads: 1664820
total bases: 501110820
Q20 bases: 494666787(98.7141%)
Q30 bases: 476407353(95.0703%)
Q40 bases: 476407353(95.0703%)

Read1 after filtering:
total reads: 1655913
total bases: 311678031
Q20 bases: 309387173(99.265%)
Q30 bases: 302159461(96.946%)
Q40 bases: 302159461(96.946%)

Read2 after filtering:
total reads: 1655913
total bases: 311487975
Q20 bases: 307250972(98.6398%)
Q30 bases: 293563894(94.2457%)
Q40 bases: 293563894(94.2457%)

Filtering result:
reads passed filter: 3311826
reads failed due to low quality: 16100
reads failed due to too many N: 76
reads failed due to too short: 1634
reads failed due to adapter dimer: 4
reads with adapter trimmed: 3269399
bases trimmed due to adapters: 112909106

Duplication rate: 32.4651%

Insert size peak (evaluated by paired-end reads): 294

JSON report: fastp.json
HTML report: fastp.html

fastp -w 6 -i /scratch4/workspace/jade_fiorilla_student_uml_edu-rawseqorcc/fastq/2024_Hyp02_Hyp01_B3_gill_S145_R1_001.fastq.gz -I /scratch4/workspace/jade_fiorilla_student_uml_edu-rawseqorcc/fastq/2024_Hyp02_Hyp01_B3_gill_S145_R2_001.fastq.gz -o /scratch4/workspace/jade_fiorilla_student_uml_edu-rawseqorcc/trimmed-fastp/2024_Hyp02_Hyp01_B3_gill_S145_R1_trim.fastq.gz -O /scratch4/workspace/jade_fiorilla_student_uml_edu-rawseqorcc/trimmed-fastp/2024_Hyp02_Hyp01_B3_gill_S145_R2_trim.fastq.gz --detect_adapter_for_pe 
fastp v1.3.7, time used: 13 seconds
Running fastp on: 2024_Hyp02_Hyp01_B3_gut_S277
Detecting adapter sequence for read1...
>I7_Nextera_Transposase_1 | >Trans2_rc | >I7_Nextera_Transposase_1 | >Trans2_rc
CTGTCTCTTATACACATCTCCGAGCCCACGAGAC

Detecting adapter sequence for read2...
>I5_Nextera_Transposase_1 | >Trans1_rc | >I5_Nextera_Transposase_1 | >Trans1_rc
CTGTCTCTTATACACATCTGACGCTGCCGACGA

Read1 before filtering:
total reads: 2284365
total bases: 687593865
Q20 bases: 681259278(99.0787%)
Q30 bases: 663984920(96.5664%)
Q40 bases: 663984920(96.5664%)

Read2 before filtering:
total reads: 2284365
total bases: 687593865
Q20 bases: 677337786(98.5084%)
Q30 bases: 647163322(94.12%)
Q40 bases: 647163322(94.12%)

Read1 after filtering:
total reads: 2269260
total bases: 662194621
Q20 bases: 657550793(99.2987%)
Q30 bases: 642701408(97.0563%)
Q40 bases: 642701408(97.0563%)

Read2 after filtering:
total reads: 2269260
total bases: 662212872
Q20 bases: 654233763(98.7951%)
Q30 bases: 627367085(94.738%)
Q40 bases: 627367085(94.738%)

Filtering result:
reads passed filter: 4538520
reads failed due to low quality: 28232
reads failed due to too many N: 162
reads failed due to too short: 1812
reads failed due to adapter dimer: 4
reads with adapter trimmed: 4550469
bases trimmed due to adapters: 41271646

Duplication rate: 73.5717%

Insert size peak (evaluated by paired-end reads): 292

JSON report: fastp.json
HTML report: fastp.html

fastp -w 6 -i /scratch4/workspace/jade_fiorilla_student_uml_edu-rawseqorcc/fastq/2024_Hyp02_Hyp01_B3_gut_S277_R1_001.fastq.gz -I /scratch4/workspace/jade_fiorilla_student_uml_edu-rawseqorcc/fastq/2024_Hyp02_Hyp01_B3_gut_S277_R2_001.fastq.gz -o /scratch4/workspace/jade_fiorilla_student_uml_edu-rawseqorcc/trimmed-fastp/2024_Hyp02_Hyp01_B3_gut_S277_R1_trim.fastq.gz -O /scratch4/workspace/jade_fiorilla_student_uml_edu-rawseqorcc/trimmed-fastp/2024_Hyp02_Hyp01_B3_gut_S277_R2_trim.fastq.gz --detect_adapter_for_pe 
fastp v1.3.7, time used: 17 seconds
Running fastp on: 2024_Hyp02_Hyp05_B51_gill_S155
Detecting adapter sequence for read1...
>I7_Nextera_Transposase_1 | >Trans2_rc | >I7_Nextera_Transposase_1 | >Trans2_rc
CTGTCTCTTATACACATCTCCGAGCCCACGAGAC

Detecting adapter sequence for read2...
>I5_Nextera_Transposase_1 | >Trans1_rc | >I5_Nextera_Transposase_1 | >Trans1_rc
CTGTCTCTTATACACATCTGACGCTGCCGACGA

Read1 before filtering:
total reads: 1039394
total bases: 312857594
Q20 bases: 306830031(98.0734%)
Q30 bases: 295148744(94.3396%)
Q40 bases: 295148744(94.3396%)

Read2 before filtering:
total reads: 1039394
total bases: 312857594
Q20 bases: 308785991(98.6986%)
Q30 bases: 296949394(94.9152%)
Q40 bases: 296949394(94.9152%)

Read1 after filtering:
total reads: 1032292
total bases: 255388319
Q20 bases: 253096245(99.1025%)
Q30 bases: 245984136(96.3177%)
Q40 bases: 245984136(96.3177%)

Read2 after filtering:
total reads: 1032292
total bases: 255303947
Q20 bases: 252405813(98.8648%)
Q30 bases: 242511652(94.9894%)
Q40 bases: 242511652(94.9894%)

Filtering result:
reads passed filter: 2064584
reads failed due to low quality: 12220
reads failed due to too many N: 68
reads failed due to too short: 1902
reads failed due to adapter dimer: 14
reads with adapter trimmed: 2057228
bases trimmed due to adapters: 36349487

Duplication rate: 26.1862%

Insert size peak (evaluated by paired-end reads): 296

JSON report: fastp.json
HTML report: fastp.html

fastp -w 6 -i /scratch4/workspace/jade_fiorilla_student_uml_edu-rawseqorcc/fastq/2024_Hyp02_Hyp05_B51_gill_S155_R1_001.fastq.gz -I /scratch4/workspace/jade_fiorilla_student_uml_edu-rawseqorcc/fastq/2024_Hyp02_Hyp05_B51_gill_S155_R2_001.fastq.gz -o /scratch4/workspace/jade_fiorilla_student_uml_edu-rawseqorcc/trimmed-fastp/2024_Hyp02_Hyp05_B51_gill_S155_R1_trim.fastq.gz -O /scratch4/workspace/jade_fiorilla_student_uml_edu-rawseqorcc/trimmed-fastp/2024_Hyp02_Hyp05_B51_gill_S155_R2_trim.fastq.gz --detect_adapter_for_pe 
fastp v1.3.7, time used: 10 seconds
Running fastp on: 2024_Hyp02_Hyp05_B51_gut_S273
Detecting adapter sequence for read1...
>I7_Nextera_Transposase_1 | >Trans2_rc | >I7_Nextera_Transposase_1 | >Trans2_rc
CTGTCTCTTATACACATCTCCGAGCCCACGAGAC

Detecting adapter sequence for read2...
>I5_Nextera_Transposase_1 | >Trans1_rc | >I5_Nextera_Transposase_1 | >Trans1_rc
CTGTCTCTTATACACATCTGACGCTGCCGACGA

Read1 before filtering:
total reads: 711575
total bases: 214184075
Q20 bases: 209004272(97.5816%)
Q30 bases: 195731227(91.3846%)
Q40 bases: 195731227(91.3846%)

Read2 before filtering:
total reads: 711575
total bases: 214184075
Q20 bases: 211762873(98.8696%)
Q30 bases: 203889959(95.1938%)
Q40 bases: 203889959(95.1938%)

Read1 after filtering:
total reads: 706706
total bases: 195407334
Q20 bases: 192271728(98.3953%)
Q30 bases: 181776450(93.0244%)
Q40 bases: 181776450(93.0244%)

Read2 after filtering:
total reads: 706706
total bases: 195394703
Q20 bases: 193560629(99.0613%)
Q30 bases: 186601107(95.4996%)
Q40 bases: 186601107(95.4996%)

Filtering result:
reads passed filter: 1413412
reads failed due to low quality: 8534
reads failed due to too many N: 60
reads failed due to too short: 1144
reads failed due to adapter dimer: 0
reads with adapter trimmed: 1390455
bases trimmed due to adapters: 14877857

Duplication rate: 14.8576%

Insert size peak (evaluated by paired-end reads): 296

JSON report: fastp.json
HTML report: fastp.html

fastp -w 6 -i /scratch4/workspace/jade_fiorilla_student_uml_edu-rawseqorcc/fastq/2024_Hyp02_Hyp05_B51_gut_S273_R1_001.fastq.gz -I /scratch4/workspace/jade_fiorilla_student_uml_edu-rawseqorcc/fastq/2024_Hyp02_Hyp05_B51_gut_S273_R2_001.fastq.gz -o /scratch4/workspace/jade_fiorilla_student_uml_edu-rawseqorcc/trimmed-fastp/2024_Hyp02_Hyp05_B51_gut_S273_R1_trim.fastq.gz -O /scratch4/workspace/jade_fiorilla_student_uml_edu-rawseqorcc/trimmed-fastp/2024_Hyp02_Hyp05_B51_gut_S273_R2_trim.fastq.gz --detect_adapter_for_pe 
fastp v1.3.7, time used: 8 seconds
Running fastp on: 2024_Hyp02_Null_B14_gill_S268
Detecting adapter sequence for read1...
>I7_Nextera_Transposase_1 | >Trans2_rc | >I7_Nextera_Transposase_1 | >Trans2_rc
CTGTCTCTTATACACATCTCCGAGCCCACGAGAC

Detecting adapter sequence for read2...
>I5_Nextera_Transposase_1 | >Trans1_rc | >I5_Nextera_Transposase_1 | >Trans1_rc
CTGTCTCTTATACACATCTGACGCTGCCGACGA

Read1 before filtering:
total reads: 776931
total bases: 233856231
Q20 bases: 231593130(99.0323%)
Q30 bases: 225610270(96.4739%)
Q40 bases: 225610270(96.4739%)

Read2 before filtering:
total reads: 776931
total bases: 233856231
Q20 bases: 230569723(98.5946%)
Q30 bases: 220664407(94.359%)
Q40 bases: 220664407(94.359%)

Read1 after filtering:
total reads: 772144
total bases: 224464269
Q20 bases: 222955741(99.3279%)
Q30 bases: 217993816(97.1174%)
Q40 bases: 217993816(97.1174%)

Read2 after filtering:
total reads: 772144
total bases: 224474237
Q20 bases: 221879011(98.8439%)
Q30 bases: 212978084(94.8786%)
Q40 bases: 212978084(94.8786%)

Filtering result:
reads passed filter: 1544288
reads failed due to low quality: 8950
reads failed due to too many N: 46
reads failed due to too short: 574
reads failed due to adapter dimer: 4
reads with adapter trimmed: 1533183
bases trimmed due to adapters: 12692228

Duplication rate: 49.2235%

Insert size peak (evaluated by paired-end reads): 294

JSON report: fastp.json
HTML report: fastp.html

fastp -w 6 -i /scratch4/workspace/jade_fiorilla_student_uml_edu-rawseqorcc/fastq/2024_Hyp02_Null_B14_gill_S268_R1_001.fastq.gz -I /scratch4/workspace/jade_fiorilla_student_uml_edu-rawseqorcc/fastq/2024_Hyp02_Null_B14_gill_S268_R2_001.fastq.gz -o /scratch4/workspace/jade_fiorilla_student_uml_edu-rawseqorcc/trimmed-fastp/2024_Hyp02_Null_B14_gill_S268_R1_trim.fastq.gz -O /scratch4/workspace/jade_fiorilla_student_uml_edu-rawseqorcc/trimmed-fastp/2024_Hyp02_Null_B14_gill_S268_R2_trim.fastq.gz --detect_adapter_for_pe 
fastp v1.3.7, time used: 11 seconds
Running fastp on: 2024_Hyp02_Null_B14_gut_S80
Detecting adapter sequence for read1...
>I7_Nextera_Transposase_1 | >Trans2_rc | >I7_Nextera_Transposase_1 | >Trans2_rc
CTGTCTCTTATACACATCTCCGAGCCCACGAGAC

Detecting adapter sequence for read2...
>I5_Nextera_Transposase_1 | >Trans1_rc | >I5_Nextera_Transposase_1 | >Trans1_rc
CTGTCTCTTATACACATCTGACGCTGCCGACGA

Read1 before filtering:
total reads: 897349
total bases: 270102049
Q20 bases: 264556256(97.9468%)
Q30 bases: 254978410(94.4008%)
Q40 bases: 254978410(94.4008%)

Read2 before filtering:
total reads: 897349
total bases: 270102049
Q20 bases: 266322797(98.6008%)
Q30 bases: 255813587(94.71%)
Q40 bases: 255813587(94.71%)

Read1 after filtering:
total reads: 891295
total bases: 195765023
Q20 bases: 194322048(99.2629%)
Q30 bases: 189681493(96.8924%)
Q40 bases: 189681493(96.8924%)

Read2 after filtering:
total reads: 891295
total bases: 195663028
Q20 bases: 193097563(98.6888%)
Q30 bases: 184789187(94.4426%)
Q40 bases: 184789187(94.4426%)

Filtering result:
reads passed filter: 1782590
reads failed due to low quality: 11022
reads failed due to too many N: 68
reads failed due to too short: 1018
reads failed due to adapter dimer: 0
reads with adapter trimmed: 1777950
bases trimmed due to adapters: 46156402

Duplication rate: 39.8639%

Insert size peak (evaluated by paired-end reads): 294

JSON report: fastp.json
HTML report: fastp.html

fastp -w 6 -i /scratch4/workspace/jade_fiorilla_student_uml_edu-rawseqorcc/fastq/2024_Hyp02_Null_B14_gut_S80_R1_001.fastq.gz -I /scratch4/workspace/jade_fiorilla_student_uml_edu-rawseqorcc/fastq/2024_Hyp02_Null_B14_gut_S80_R2_001.fastq.gz -o /scratch4/workspace/jade_fiorilla_student_uml_edu-rawseqorcc/trimmed-fastp/2024_Hyp02_Null_B14_gut_S80_R1_trim.fastq.gz -O /scratch4/workspace/jade_fiorilla_student_uml_edu-rawseqorcc/trimmed-fastp/2024_Hyp02_Null_B14_gut_S80_R2_trim.fastq.gz --detect_adapter_for_pe 
fastp v1.3.7, time used: 8 seconds
Running fastp on: 2024_Hyp02_Warm02_B16_gill_S209
Detecting adapter sequence for read1...
>I7_Nextera_Transposase_1 | >Trans2_rc | >I7_Nextera_Transposase_1 | >Trans2_rc
CTGTCTCTTATACACATCTCCGAGCCCACGAGAC

Detecting adapter sequence for read2...
>I5_Nextera_Transposase_1 | >Trans1_rc | >I5_Nextera_Transposase_1 | >Trans1_rc
CTGTCTCTTATACACATCTGACGCTGCCGACGA

Read1 before filtering:
total reads: 1719626
total bases: 517607426
Q20 bases: 512355248(98.9853%)
Q30 bases: 497703218(96.1546%)
Q40 bases: 497703218(96.1546%)

Read2 before filtering:
total reads: 1719626
total bases: 517607426
Q20 bases: 502613824(97.1033%)
Q30 bases: 466463148(90.1191%)
Q40 bases: 466463148(90.1191%)

Read1 after filtering:
total reads: 1708179
total bases: 490321168
Q20 bases: 486808192(99.2835%)
Q30 bases: 474654274(96.8048%)
Q40 bases: 474654274(96.8048%)

Read2 after filtering:
total reads: 1708179
total bases: 490402110
Q20 bases: 478161056(97.5039%)
Q30 bases: 446436068(91.0347%)
Q40 bases: 446436068(91.0347%)

Filtering result:
reads passed filter: 3416358
reads failed due to low quality: 21578
reads failed due to too many N: 128
reads failed due to too short: 1188
reads failed due to adapter dimer: 0
reads with adapter trimmed: 3394485
bases trimmed due to adapters: 34816607

Duplication rate: 63.4433%

Insert size peak (evaluated by paired-end reads): 292

JSON report: fastp.json
HTML report: fastp.html

fastp -w 6 -i /scratch4/workspace/jade_fiorilla_student_uml_edu-rawseqorcc/fastq/2024_Hyp02_Warm02_B16_gill_S209_R1_001.fastq.gz -I /scratch4/workspace/jade_fiorilla_student_uml_edu-rawseqorcc/fastq/2024_Hyp02_Warm02_B16_gill_S209_R2_001.fastq.gz -o /scratch4/workspace/jade_fiorilla_student_uml_edu-rawseqorcc/trimmed-fastp/2024_Hyp02_Warm02_B16_gill_S209_R1_trim.fastq.gz -O /scratch4/workspace/jade_fiorilla_student_uml_edu-rawseqorcc/trimmed-fastp/2024_Hyp02_Warm02_B16_gill_S209_R2_trim.fastq.gz --detect_adapter_for_pe 
fastp v1.3.7, time used: 13 seconds
Running fastp on: 2024_Hyp02_Warm02_B16_gut_S22
Detecting adapter sequence for read1...
>I7_Nextera_Transposase_1 | >Trans2_rc | >I7_Nextera_Transposase_1 | >Trans2_rc
CTGTCTCTTATACACATCTCCGAGCCCACGAGAC

Detecting adapter sequence for read2...
>I5_Nextera_Transposase_1 | >Trans1_rc | >I5_Nextera_Transposase_1 | >Trans1_rc
CTGTCTCTTATACACATCTGACGCTGCCGACGA

Read1 before filtering:
total reads: 1053316
total bases: 317048116
Q20 bases: 303220116(95.6385%)
Q30 bases: 283527777(89.4274%)
Q40 bases: 283527777(89.4274%)

Read2 before filtering:
total reads: 1053316
total bases: 317048116
Q20 bases: 313286571(98.8136%)
Q30 bases: 302935461(95.5487%)
Q40 bases: 302935461(95.5487%)

Read1 after filtering:
total reads: 1047179
total bases: 118160502
Q20 bases: 117087754(99.0921%)
Q30 bases: 114004517(96.4828%)
Q40 bases: 114004517(96.4828%)

Read2 after filtering:
total reads: 1047179
total bases: 117812795
Q20 bases: 116523477(98.9056%)
Q30 bases: 112136552(95.182%)
Q40 bases: 112136552(95.182%)

Filtering result:
reads passed filter: 2094358
reads failed due to low quality: 11108
reads failed due to too many N: 36
reads failed due to too short: 1126
reads failed due to adapter dimer: 4
reads with adapter trimmed: 2082241
bases trimmed due to adapters: 110968185

Duplication rate: 22.8196%

Insert size peak (evaluated by paired-end reads): 294

JSON report: fastp.json
HTML report: fastp.html

fastp -w 6 -i /scratch4/workspace/jade_fiorilla_student_uml_edu-rawseqorcc/fastq/2024_Hyp02_Warm02_B16_gut_S22_R1_001.fastq.gz -I /scratch4/workspace/jade_fiorilla_student_uml_edu-rawseqorcc/fastq/2024_Hyp02_Warm02_B16_gut_S22_R2_001.fastq.gz -o /scratch4/workspace/jade_fiorilla_student_uml_edu-rawseqorcc/trimmed-fastp/2024_Hyp02_Warm02_B16_gut_S22_R1_trim.fastq.gz -O /scratch4/workspace/jade_fiorilla_student_uml_edu-rawseqorcc/trimmed-fastp/2024_Hyp02_Warm02_B16_gut_S22_R2_trim.fastq.gz --detect_adapter_for_pe 
fastp v1.3.7, time used: 8 seconds
Running fastp on: 2024_Hyp03_Both04_B41_gill_S248
Detecting adapter sequence for read1...
>I7_Nextera_Transposase_1 | >Trans2_rc | >I7_Nextera_Transposase_1 | >Trans2_rc
CTGTCTCTTATACACATCTCCGAGCCCACGAGAC

Detecting adapter sequence for read2...
>I5_Nextera_Transposase_1 | >Trans1_rc | >I5_Nextera_Transposase_1 | >Trans1_rc
CTGTCTCTTATACACATCTGACGCTGCCGACGA

Read1 before filtering:
total reads: 646468
total bases: 194586868
Q20 bases: 192231427(98.7895%)
Q30 bases: 186190093(95.6848%)
Q40 bases: 186190093(95.6848%)

Read2 before filtering:
total reads: 646468
total bases: 194586868
Q20 bases: 191133107(98.2251%)
Q30 bases: 181354165(93.1996%)
Q40 bases: 181354165(93.1996%)

Read1 after filtering:
total reads: 640133
total bases: 189364234
Q20 bases: 187660845(99.1005%)
Q30 bases: 182377733(96.3105%)
Q40 bases: 182377733(96.3105%)

Read2 after filtering:
total reads: 640133
total bases: 189365633
Q20 bases: 186715215(98.6004%)
Q30 bases: 177881912(93.9357%)
Q40 bases: 177881912(93.9357%)

Filtering result:
reads passed filter: 1280266
reads failed due to low quality: 11176
reads failed due to too many N: 42
reads failed due to too short: 1450
reads failed due to adapter dimer: 2
reads with adapter trimmed: 1270864
bases trimmed due to adapters: 5409995

Duplication rate: 16.9133%

Insert size peak (evaluated by paired-end reads): 298

JSON report: fastp.json
HTML report: fastp.html

fastp -w 6 -i /scratch4/workspace/jade_fiorilla_student_uml_edu-rawseqorcc/fastq/2024_Hyp03_Both04_B41_gill_S248_R1_001.fastq.gz -I /scratch4/workspace/jade_fiorilla_student_uml_edu-rawseqorcc/fastq/2024_Hyp03_Both04_B41_gill_S248_R2_001.fastq.gz -o /scratch4/workspace/jade_fiorilla_student_uml_edu-rawseqorcc/trimmed-fastp/2024_Hyp03_Both04_B41_gill_S248_R1_trim.fastq.gz -O /scratch4/workspace/jade_fiorilla_student_uml_edu-rawseqorcc/trimmed-fastp/2024_Hyp03_Both04_B41_gill_S248_R2_trim.fastq.gz --detect_adapter_for_pe 
fastp v1.3.7, time used: 10 seconds
Running fastp on: 2024_Hyp03_Both04_B41_gut_S50
Detecting adapter sequence for read1...
>I7_Nextera_Transposase_1 | >Trans2_rc | >I7_Nextera_Transposase_1 | >Trans2_rc
CTGTCTCTTATACACATCTCCGAGCCCACGAGAC

Detecting adapter sequence for read2...
>I5_Nextera_Transposase_1 | >Trans1_rc | >I5_Nextera_Transposase_1 | >Trans1_rc
CTGTCTCTTATACACATCTGACGCTGCCGACGA

Read1 before filtering:
total reads: 1457719
total bases: 438773419
Q20 bases: 418749908(95.4365%)
Q30 bases: 391717631(89.2756%)
Q40 bases: 391717631(89.2756%)

Read2 before filtering:
total reads: 1457719
total bases: 438773419
Q20 bases: 434943644(99.1272%)
Q30 bases: 424029322(96.6397%)
Q40 bases: 424029322(96.6397%)

Read1 after filtering:
total reads: 1448307
total bases: 102169127
Q20 bases: 101343355(99.1918%)
Q30 bases: 99021042(96.9188%)
Q40 bases: 99021042(96.9188%)

Read2 after filtering:
total reads: 1448307
total bases: 101810682
Q20 bases: 100614336(98.8249%)
Q30 bases: 96516690(94.8002%)
Q40 bases: 96516690(94.8002%)

Filtering result:
reads passed filter: 2896614
reads failed due to low quality: 17406
reads failed due to too many N: 42
reads failed due to too short: 1374
reads failed due to adapter dimer: 2
reads with adapter trimmed: 2883994
bases trimmed due to adapters: 182443670

Duplication rate: 53.6653%

Insert size peak (evaluated by paired-end reads): 292

JSON report: fastp.json
HTML report: fastp.html

fastp -w 6 -i /scratch4/workspace/jade_fiorilla_student_uml_edu-rawseqorcc/fastq/2024_Hyp03_Both04_B41_gut_S50_R1_001.fastq.gz -I /scratch4/workspace/jade_fiorilla_student_uml_edu-rawseqorcc/fastq/2024_Hyp03_Both04_B41_gut_S50_R2_001.fastq.gz -o /scratch4/workspace/jade_fiorilla_student_uml_edu-rawseqorcc/trimmed-fastp/2024_Hyp03_Both04_B41_gut_S50_R1_trim.fastq.gz -O /scratch4/workspace/jade_fiorilla_student_uml_edu-rawseqorcc/trimmed-fastp/2024_Hyp03_Both04_B41_gut_S50_R2_trim.fastq.gz --detect_adapter_for_pe 
fastp v1.3.7, time used: 9 seconds
Running fastp on: 2024_Hyp03_Cont05_B54_gill_S274
Detecting adapter sequence for read1...
>I7_Nextera_Transposase_1 | >Trans2_rc | >I7_Nextera_Transposase_1 | >Trans2_rc
CTGTCTCTTATACACATCTCCGAGCCCACGAGAC

Detecting adapter sequence for read2...
>I5_Nextera_Transposase_1 | >Trans1_rc | >I5_Nextera_Transposase_1 | >Trans1_rc
CTGTCTCTTATACACATCTGACGCTGCCGACGA

Read1 before filtering:
total reads: 873713
total bases: 262987613
Q20 bases: 257992373(98.1006%)
Q30 bases: 248389811(94.4492%)
Q40 bases: 248389811(94.4492%)

Read2 before filtering:
total reads: 873713
total bases: 262987613
Q20 bases: 258328988(98.2286%)
Q30 bases: 245666514(93.4137%)
Q40 bases: 245666514(93.4137%)

Read1 after filtering:
total reads: 867582
total bases: 223950706
Q20 bases: 222226691(99.2302%)
Q30 bases: 216576556(96.7072%)
Q40 bases: 216576556(96.7072%)

Read2 after filtering:
total reads: 867582
total bases: 223903176
Q20 bases: 220321508(98.4003%)
Q30 bases: 209387974(93.5172%)
Q40 bases: 209387974(93.5172%)

Filtering result:
reads passed filter: 1735164
reads failed due to low quality: 10860
reads failed due to too many N: 50
reads failed due to too short: 1348
reads failed due to adapter dimer: 4
reads with adapter trimmed: 1618570
bases trimmed due to adapters: 25781263

Duplication rate: 18.3901%

Insert size peak (evaluated by paired-end reads): 296

JSON report: fastp.json
HTML report: fastp.html

fastp -w 6 -i /scratch4/workspace/jade_fiorilla_student_uml_edu-rawseqorcc/fastq/2024_Hyp03_Cont05_B54_gill_S274_R1_001.fastq.gz -I /scratch4/workspace/jade_fiorilla_student_uml_edu-rawseqorcc/fastq/2024_Hyp03_Cont05_B54_gill_S274_R2_001.fastq.gz -o /scratch4/workspace/jade_fiorilla_student_uml_edu-rawseqorcc/trimmed-fastp/2024_Hyp03_Cont05_B54_gill_S274_R1_trim.fastq.gz -O /scratch4/workspace/jade_fiorilla_student_uml_edu-rawseqorcc/trimmed-fastp/2024_Hyp03_Cont05_B54_gill_S274_R2_trim.fastq.gz --detect_adapter_for_pe 
fastp v1.3.7, time used: 9 seconds
Running fastp on: 2024_Hyp03_Cont05_B54_gut_S96
Detecting adapter sequence for read1...
>I7_Nextera_Transposase_1 | >Trans2_rc | >I7_Nextera_Transposase_1 | >Trans2_rc
CTGTCTCTTATACACATCTCCGAGCCCACGAGAC

Detecting adapter sequence for read2...
>I5_Nextera_Transposase_1 | >Trans1_rc | >I5_Nextera_Transposase_1 | >Trans1_rc
CTGTCTCTTATACACATCTGACGCTGCCGACGA

Read1 before filtering:
total reads: 1034630
total bases: 311423630
Q20 bases: 308135223(98.9441%)
Q30 bases: 299340442(96.12%)
Q40 bases: 299340442(96.12%)

Read2 before filtering:
total reads: 1034630
total bases: 311423630
Q20 bases: 306241351(98.3359%)
Q30 bases: 291617421(93.6401%)
Q40 bases: 291617421(93.6401%)

Read1 after filtering:
total reads: 1026705
total bases: 300007733
Q20 bases: 297719885(99.2374%)
Q30 bases: 290291568(96.7614%)
Q40 bases: 290291568(96.7614%)

Read2 after filtering:
total reads: 1026705
total bases: 300016664
Q20 bases: 295879343(98.621%)
Q30 bases: 282653322(94.2125%)
Q40 bases: 282653322(94.2125%)

Filtering result:
reads passed filter: 2053410
reads failed due to low quality: 12998
reads failed due to too many N: 68
reads failed due to too short: 2760
reads failed due to adapter dimer: 24
reads with adapter trimmed: 2052994
bases trimmed due to adapters: 12849800

Duplication rate: 27.5696%

Insert size peak (evaluated by paired-end reads): 296

JSON report: fastp.json
HTML report: fastp.html

fastp -w 6 -i /scratch4/workspace/jade_fiorilla_student_uml_edu-rawseqorcc/fastq/2024_Hyp03_Cont05_B54_gut_S96_R1_001.fastq.gz -I /scratch4/workspace/jade_fiorilla_student_uml_edu-rawseqorcc/fastq/2024_Hyp03_Cont05_B54_gut_S96_R2_001.fastq.gz -o /scratch4/workspace/jade_fiorilla_student_uml_edu-rawseqorcc/trimmed-fastp/2024_Hyp03_Cont05_B54_gut_S96_R1_trim.fastq.gz -O /scratch4/workspace/jade_fiorilla_student_uml_edu-rawseqorcc/trimmed-fastp/2024_Hyp03_Cont05_B54_gut_S96_R2_trim.fastq.gz --detect_adapter_for_pe 
fastp v1.3.7, time used: 13 seconds
Running fastp on: 2024_Hyp03_Hyp04_B41_gill_S156
Detecting adapter sequence for read1...
>I7_Nextera_Transposase_1 | >Trans2_rc | >I7_Nextera_Transposase_1 | >Trans2_rc
CTGTCTCTTATACACATCTCCGAGCCCACGAGAC

Detecting adapter sequence for read2...
>I5_Nextera_Transposase_1 | >Trans1_rc | >I5_Nextera_Transposase_1 | >Trans1_rc
CTGTCTCTTATACACATCTGACGCTGCCGACGA

Read1 before filtering:
total reads: 1530057
total bases: 460547157
Q20 bases: 452132191(98.1728%)
Q30 bases: 435812213(94.6292%)
Q40 bases: 435812213(94.6292%)

Read2 before filtering:
total reads: 1530057
total bases: 460547157
Q20 bases: 452698186(98.2957%)
Q30 bases: 430993922(93.583%)
Q40 bases: 430993922(93.583%)

Read1 after filtering:
total reads: 1519185
total bases: 380469369
Q20 bases: 377459822(99.209%)
Q30 bases: 367915924(96.7005%)
Q40 bases: 367915924(96.7005%)

Read2 after filtering:
total reads: 1519185
total bases: 380343190
Q20 bases: 374248287(98.3975%)
Q30 bases: 355412587(93.4452%)
Q40 bases: 355412587(93.4452%)

Filtering result:
reads passed filter: 3038370
reads failed due to low quality: 18900
reads failed due to too many N: 84
reads failed due to too short: 2752
reads failed due to adapter dimer: 8
reads with adapter trimmed: 2990193
bases trimmed due to adapters: 50509996

Duplication rate: 34.9716%

Insert size peak (evaluated by paired-end reads): 296

JSON report: fastp.json
HTML report: fastp.html

fastp -w 6 -i /scratch4/workspace/jade_fiorilla_student_uml_edu-rawseqorcc/fastq/2024_Hyp03_Hyp04_B41_gill_S156_R1_001.fastq.gz -I /scratch4/workspace/jade_fiorilla_student_uml_edu-rawseqorcc/fastq/2024_Hyp03_Hyp04_B41_gill_S156_R2_001.fastq.gz -o /scratch4/workspace/jade_fiorilla_student_uml_edu-rawseqorcc/trimmed-fastp/2024_Hyp03_Hyp04_B41_gill_S156_R1_trim.fastq.gz -O /scratch4/workspace/jade_fiorilla_student_uml_edu-rawseqorcc/trimmed-fastp/2024_Hyp03_Hyp04_B41_gill_S156_R2_trim.fastq.gz --detect_adapter_for_pe 
fastp v1.3.7, time used: 12 seconds
Running fastp on: 2024_Hyp03_Hyp04_B41_gut_S157
Detecting adapter sequence for read1...
>I7_Nextera_Transposase_1 | >Trans2_rc | >I7_Nextera_Transposase_1 | >Trans2_rc
CTGTCTCTTATACACATCTCCGAGCCCACGAGAC

Detecting adapter sequence for read2...
>I5_Nextera_Transposase_1 | >Trans1_rc | >I5_Nextera_Transposase_1 | >Trans1_rc
CTGTCTCTTATACACATCTGACGCTGCCGACGA

Read1 before filtering:
total reads: 1096756
total bases: 330123556
Q20 bases: 324654909(98.3435%)
Q30 bases: 312126424(94.5484%)
Q40 bases: 312126424(94.5484%)

Read2 before filtering:
total reads: 1096756
total bases: 330123556
Q20 bases: 326143773(98.7945%)
Q30 bases: 313811570(95.0588%)
Q40 bases: 313811570(95.0588%)

Read1 after filtering:
total reads: 1089614
total bases: 287762811
Q20 bases: 285213328(99.114%)
Q30 bases: 276502573(96.087%)
Q40 bases: 276502573(96.087%)

Read2 after filtering:
total reads: 1089614
total bases: 287712699
Q20 bases: 284765068(98.9755%)
Q30 bases: 274062019(95.2554%)
Q40 bases: 274062019(95.2554%)

Filtering result:
reads passed filter: 2179228
reads failed due to low quality: 12128
reads failed due to too many N: 68
reads failed due to too short: 2074
reads failed due to adapter dimer: 14
reads with adapter trimmed: 2174608
bases trimmed due to adapters: 28869650

Duplication rate: 26.6162%

Insert size peak (evaluated by paired-end reads): 296

JSON report: fastp.json
HTML report: fastp.html

fastp -w 6 -i /scratch4/workspace/jade_fiorilla_student_uml_edu-rawseqorcc/fastq/2024_Hyp03_Hyp04_B41_gut_S157_R1_001.fastq.gz -I /scratch4/workspace/jade_fiorilla_student_uml_edu-rawseqorcc/fastq/2024_Hyp03_Hyp04_B41_gut_S157_R2_001.fastq.gz -o /scratch4/workspace/jade_fiorilla_student_uml_edu-rawseqorcc/trimmed-fastp/2024_Hyp03_Hyp04_B41_gut_S157_R1_trim.fastq.gz -O /scratch4/workspace/jade_fiorilla_student_uml_edu-rawseqorcc/trimmed-fastp/2024_Hyp03_Hyp04_B41_gut_S157_R2_trim.fastq.gz --detect_adapter_for_pe 
fastp v1.3.7, time used: 10 seconds
Running fastp on: 2024_Hyp03_Hyp06_B66_gill_S253
Detecting adapter sequence for read1...
>I7_Nextera_Transposase_1 | >Trans2_rc | >I7_Nextera_Transposase_1 | >Trans2_rc
CTGTCTCTTATACACATCTCCGAGCCCACGAGAC

Detecting adapter sequence for read2...
>I5_Nextera_Transposase_1 | >Trans1_rc | >I5_Nextera_Transposase_1 | >Trans1_rc
CTGTCTCTTATACACATCTGACGCTGCCGACGA

Read1 before filtering:
total reads: 681584
total bases: 205156784
Q20 bases: 202699105(98.802%)
Q30 bases: 196301979(95.6839%)
Q40 bases: 196301979(95.6839%)

Read2 before filtering:
total reads: 681584
total bases: 205156784
Q20 bases: 200824509(97.8883%)
Q30 bases: 189344671(92.2927%)
Q40 bases: 189344671(92.2927%)

Read1 after filtering:
total reads: 675727
total bases: 198599162
Q20 bases: 196993009(99.1913%)
Q30 bases: 191692830(96.5225%)
Q40 bases: 191692830(96.5225%)

Read2 after filtering:
total reads: 675727
total bases: 198596557
Q20 bases: 195103490(98.2411%)
Q30 bases: 184647174(92.976%)
Q40 bases: 184647174(92.976%)

Filtering result:
reads passed filter: 1351454
reads failed due to low quality: 10040
reads failed due to too many N: 54
reads failed due to too short: 1610
reads failed due to adapter dimer: 10
reads with adapter trimmed: 1275527
bases trimmed due to adapters: 6782475

Duplication rate: 14.929%

Insert size peak (evaluated by paired-end reads): 298

JSON report: fastp.json
HTML report: fastp.html

fastp -w 6 -i /scratch4/workspace/jade_fiorilla_student_uml_edu-rawseqorcc/fastq/2024_Hyp03_Hyp06_B66_gill_S253_R1_001.fastq.gz -I /scratch4/workspace/jade_fiorilla_student_uml_edu-rawseqorcc/fastq/2024_Hyp03_Hyp06_B66_gill_S253_R2_001.fastq.gz -o /scratch4/workspace/jade_fiorilla_student_uml_edu-rawseqorcc/trimmed-fastp/2024_Hyp03_Hyp06_B66_gill_S253_R1_trim.fastq.gz -O /scratch4/workspace/jade_fiorilla_student_uml_edu-rawseqorcc/trimmed-fastp/2024_Hyp03_Hyp06_B66_gill_S253_R2_trim.fastq.gz --detect_adapter_for_pe 
fastp v1.3.7, time used: 9 seconds
Running fastp on: 2024_Hyp03_Hyp06_B66_gut_S56
Detecting adapter sequence for read1...
>I7_Nextera_Transposase_1 | >Trans2_rc | >I7_Nextera_Transposase_1 | >Trans2_rc
CTGTCTCTTATACACATCTCCGAGCCCACGAGAC

Detecting adapter sequence for read2...
>I5_Nextera_Transposase_1 | >Trans1_rc | >I5_Nextera_Transposase_1 | >Trans1_rc
CTGTCTCTTATACACATCTGACGCTGCCGACGA

Read1 before filtering:
total reads: 1045968
total bases: 314836368
Q20 bases: 299790479(95.221%)
Q30 bases: 278156841(88.3497%)
Q40 bases: 278156841(88.3497%)

Read2 before filtering:
total reads: 1045968
total bases: 314836368
Q20 bases: 311084169(98.8082%)
Q30 bases: 300896284(95.5723%)
Q40 bases: 300896284(95.5723%)

Read1 after filtering:
total reads: 1039065
total bases: 156028236
Q20 bases: 154674926(99.1327%)
Q30 bases: 150773901(96.6324%)
Q40 bases: 150773901(96.6324%)

Read2 after filtering:
total reads: 1039065
total bases: 155655455
Q20 bases: 153568377(98.6592%)
Q30 bases: 146845412(94.34%)
Q40 bases: 146845412(94.34%)

Filtering result:
reads passed filter: 2078130
reads failed due to low quality: 11788
reads failed due to too many N: 62
reads failed due to too short: 1950
reads failed due to adapter dimer: 6
reads with adapter trimmed: 2061597
bases trimmed due to adapters: 88344184

Duplication rate: 13.4888%

Insert size peak (evaluated by paired-end reads): 296

JSON report: fastp.json
HTML report: fastp.html

fastp -w 6 -i /scratch4/workspace/jade_fiorilla_student_uml_edu-rawseqorcc/fastq/2024_Hyp03_Hyp06_B66_gut_S56_R1_001.fastq.gz -I /scratch4/workspace/jade_fiorilla_student_uml_edu-rawseqorcc/fastq/2024_Hyp03_Hyp06_B66_gut_S56_R2_001.fastq.gz -o /scratch4/workspace/jade_fiorilla_student_uml_edu-rawseqorcc/trimmed-fastp/2024_Hyp03_Hyp06_B66_gut_S56_R1_trim.fastq.gz -O /scratch4/workspace/jade_fiorilla_student_uml_edu-rawseqorcc/trimmed-fastp/2024_Hyp03_Hyp06_B66_gut_S56_R2_trim.fastq.gz --detect_adapter_for_pe 
fastp v1.3.7, time used: 8 seconds
Running fastp on: 2024_Hyp03_Null_B18_gill_S182
Detecting adapter sequence for read1...
>I7_Nextera_Transposase_1 | >Trans2_rc | >I7_Nextera_Transposase_1 | >Trans2_rc
CTGTCTCTTATACACATCTCCGAGCCCACGAGAC

Detecting adapter sequence for read2...
>I5_Nextera_Transposase_1 | >Trans1_rc | >I5_Nextera_Transposase_1 | >Trans1_rc
CTGTCTCTTATACACATCTGACGCTGCCGACGA

Read1 before filtering:
total reads: 2339041
total bases: 704051341
Q20 bases: 673550552(95.6678%)
Q30 bases: 631297533(89.6664%)
Q40 bases: 631297533(89.6664%)

Read2 before filtering:
total reads: 2339041
total bases: 704051341
Q20 bases: 697628721(99.0878%)
Q30 bases: 679181986(96.4677%)
Q40 bases: 679181986(96.4677%)

Read1 after filtering:
total reads: 2325953
total bases: 191151089
Q20 bases: 189588817(99.1827%)
Q30 bases: 185058078(96.8125%)
Q40 bases: 185058078(96.8125%)

Read2 after filtering:
total reads: 2325953
total bases: 190716666
Q20 bases: 188409144(98.7901%)
Q30 bases: 180634215(94.7134%)
Q40 bases: 180634215(94.7134%)

Filtering result:
reads passed filter: 4651906
reads failed due to low quality: 23706
reads failed due to too many N: 82
reads failed due to too short: 2388
reads failed due to adapter dimer: 0
reads with adapter trimmed: 4619082
bases trimmed due to adapters: 279381733

Duplication rate: 55.4283%

Insert size peak (evaluated by paired-end reads): 292

JSON report: fastp.json
HTML report: fastp.html

fastp -w 6 -i /scratch4/workspace/jade_fiorilla_student_uml_edu-rawseqorcc/fastq/2024_Hyp03_Null_B18_gill_S182_R1_001.fastq.gz -I /scratch4/workspace/jade_fiorilla_student_uml_edu-rawseqorcc/fastq/2024_Hyp03_Null_B18_gill_S182_R2_001.fastq.gz -o /scratch4/workspace/jade_fiorilla_student_uml_edu-rawseqorcc/trimmed-fastp/2024_Hyp03_Null_B18_gill_S182_R1_trim.fastq.gz -O /scratch4/workspace/jade_fiorilla_student_uml_edu-rawseqorcc/trimmed-fastp/2024_Hyp03_Null_B18_gill_S182_R2_trim.fastq.gz --detect_adapter_for_pe 
fastp v1.3.7, time used: 14 seconds
Running fastp on: 2024_Hyp03_Null_B18_gut_S86
Detecting adapter sequence for read1...
>I7_Nextera_Transposase_1 | >Trans2_rc | >I7_Nextera_Transposase_1 | >Trans2_rc
CTGTCTCTTATACACATCTCCGAGCCCACGAGAC

Detecting adapter sequence for read2...
>I5_Nextera_Transposase_1 | >Trans1_rc | >I5_Nextera_Transposase_1 | >Trans1_rc
CTGTCTCTTATACACATCTGACGCTGCCGACGA

Read1 before filtering:
total reads: 833098
total bases: 250762498
Q20 bases: 241861326(96.4504%)
Q30 bases: 229835054(91.6545%)
Q40 bases: 229835054(91.6545%)

Read2 before filtering:
total reads: 833098
total bases: 250762498
Q20 bases: 248044738(98.9162%)
Q30 bases: 240471290(95.896%)
Q40 bases: 240471290(95.896%)

Read1 after filtering:
total reads: 827814
total bases: 127720878
Q20 bases: 126702580(99.2027%)
Q30 bases: 123570631(96.7505%)
Q40 bases: 123570631(96.7505%)

Read2 after filtering:
total reads: 827814
total bases: 127476256
Q20 bases: 126076694(98.9021%)
Q30 bases: 121224104(95.0954%)
Q40 bases: 121224104(95.0954%)

Filtering result:
reads passed filter: 1655628
reads failed due to low quality: 8890
reads failed due to too many N: 46
reads failed due to too short: 1630
reads failed due to adapter dimer: 2
reads with adapter trimmed: 1646051
bases trimmed due to adapters: 68446766

Duplication rate: 11.6578%

Insert size peak (evaluated by paired-end reads): 296

JSON report: fastp.json
HTML report: fastp.html

fastp -w 6 -i /scratch4/workspace/jade_fiorilla_student_uml_edu-rawseqorcc/fastq/2024_Hyp03_Null_B18_gut_S86_R1_001.fastq.gz -I /scratch4/workspace/jade_fiorilla_student_uml_edu-rawseqorcc/fastq/2024_Hyp03_Null_B18_gut_S86_R2_001.fastq.gz -o /scratch4/workspace/jade_fiorilla_student_uml_edu-rawseqorcc/trimmed-fastp/2024_Hyp03_Null_B18_gut_S86_R1_trim.fastq.gz -O /scratch4/workspace/jade_fiorilla_student_uml_edu-rawseqorcc/trimmed-fastp/2024_Hyp03_Null_B18_gut_S86_R2_trim.fastq.gz --detect_adapter_for_pe 
fastp v1.3.7, time used: 7 seconds
Running fastp on: 2024_Hyp03_Warm03_B30_gill_S210
Detecting adapter sequence for read1...
>I7_Nextera_Transposase_1 | >Trans2_rc | >I7_Nextera_Transposase_1 | >Trans2_rc
CTGTCTCTTATACACATCTCCGAGCCCACGAGAC

Detecting adapter sequence for read2...
>I5_Nextera_Transposase_1 | >Trans1_rc | >I5_Nextera_Transposase_1 | >Trans1_rc
CTGTCTCTTATACACATCTGACGCTGCCGACGA

Read1 before filtering:
total reads: 2107768
total bases: 634438168
Q20 bases: 628900578(99.1272%)
Q30 bases: 613200883(96.6526%)
Q40 bases: 613200883(96.6526%)

Read2 before filtering:
total reads: 2107768
total bases: 634438168
Q20 bases: 622354325(98.0953%)
Q30 bases: 589674171(92.9443%)
Q40 bases: 589674171(92.9443%)

Read1 after filtering:
total reads: 2094240
total bases: 611027218
Q20 bases: 606858678(99.3178%)
Q30 bases: 593231939(97.0876%)
Q40 bases: 593231939(97.0876%)

Read2 after filtering:
total reads: 2094240
total bases: 611061031
Q20 bases: 601267182(98.3972%)
Q30 bases: 572023934(93.6116%)
Q40 bases: 572023934(93.6116%)

Filtering result:
reads passed filter: 4188480
reads failed due to low quality: 25724
reads failed due to too many N: 156
reads failed due to too short: 1176
reads failed due to adapter dimer: 0
reads with adapter trimmed: 4197267
bases trimmed due to adapters: 38088355

Duplication rate: 64.9246%

Insert size peak (evaluated by paired-end reads): 292

JSON report: fastp.json
HTML report: fastp.html

fastp -w 6 -i /scratch4/workspace/jade_fiorilla_student_uml_edu-rawseqorcc/fastq/2024_Hyp03_Warm03_B30_gill_S210_R1_001.fastq.gz -I /scratch4/workspace/jade_fiorilla_student_uml_edu-rawseqorcc/fastq/2024_Hyp03_Warm03_B30_gill_S210_R2_001.fastq.gz -o /scratch4/workspace/jade_fiorilla_student_uml_edu-rawseqorcc/trimmed-fastp/2024_Hyp03_Warm03_B30_gill_S210_R1_trim.fastq.gz -O /scratch4/workspace/jade_fiorilla_student_uml_edu-rawseqorcc/trimmed-fastp/2024_Hyp03_Warm03_B30_gill_S210_R2_trim.fastq.gz --detect_adapter_for_pe 
fastp v1.3.7, time used: 17 seconds
Running fastp on: 2024_Hyp03_Warm03_B30_gut_S135
Detecting adapter sequence for read1...
>I7_Nextera_Transposase_1 | >Trans2_rc | >I7_Nextera_Transposase_1 | >Trans2_rc
CTGTCTCTTATACACATCTCCGAGCCCACGAGAC

Detecting adapter sequence for read2...
>I5_Nextera_Transposase_1 | >Trans1_rc | >I5_Nextera_Transposase_1 | >Trans1_rc
CTGTCTCTTATACACATCTGACGCTGCCGACGA

Read1 before filtering:
total reads: 1691598
total bases: 509170998
Q20 bases: 492122111(96.6516%)
Q30 bases: 461911584(90.7184%)
Q40 bases: 461911584(90.7184%)

Read2 before filtering:
total reads: 1691598
total bases: 509170998
Q20 bases: 500865117(98.3687%)
Q30 bases: 478611851(93.9983%)
Q40 bases: 478611851(93.9983%)

Read1 after filtering:
total reads: 1677819
total bases: 370345926
Q20 bases: 367470689(99.2236%)
Q30 bases: 358190947(96.7179%)
Q40 bases: 358190947(96.7179%)

Read2 after filtering:
total reads: 1677819
total bases: 370266288
Q20 bases: 365564758(98.7302%)
Q30 bases: 349367177(94.3557%)
Q40 bases: 349367177(94.3557%)

Filtering result:
reads passed filter: 3355638
reads failed due to low quality: 23540
reads failed due to too many N: 90
reads failed due to too short: 3900
reads failed due to adapter dimer: 28
reads with adapter trimmed: 3302355
bases trimmed due to adapters: 99147827

Duplication rate: 10.6528%

Insert size peak (evaluated by paired-end reads): 298

JSON report: fastp.json
HTML report: fastp.html

fastp -w 6 -i /scratch4/workspace/jade_fiorilla_student_uml_edu-rawseqorcc/fastq/2024_Hyp03_Warm03_B30_gut_S135_R1_001.fastq.gz -I /scratch4/workspace/jade_fiorilla_student_uml_edu-rawseqorcc/fastq/2024_Hyp03_Warm03_B30_gut_S135_R2_001.fastq.gz -o /scratch4/workspace/jade_fiorilla_student_uml_edu-rawseqorcc/trimmed-fastp/2024_Hyp03_Warm03_B30_gut_S135_R1_trim.fastq.gz -O /scratch4/workspace/jade_fiorilla_student_uml_edu-rawseqorcc/trimmed-fastp/2024_Hyp03_Warm03_B30_gut_S135_R2_trim.fastq.gz --detect_adapter_for_pe 
fastp v1.3.7, time used: 13 seconds
Running fastp on: 2024_Hyp03_Warm06_B66_gill_S207
Detecting adapter sequence for read1...
>I7_Nextera_Transposase_1 | >Trans2_rc | >I7_Nextera_Transposase_1 | >Trans2_rc
CTGTCTCTTATACACATCTCCGAGCCCACGAGAC

Detecting adapter sequence for read2...
>I5_Nextera_Transposase_1 | >Trans1_rc | >I5_Nextera_Transposase_1 | >Trans1_rc
CTGTCTCTTATACACATCTGACGCTGCCGACGA

Read1 before filtering:
total reads: 1803614
total bases: 542887814
Q20 bases: 536652190(98.8514%)
Q30 bases: 520340520(95.8468%)
Q40 bases: 520340520(95.8468%)

Read2 before filtering:
total reads: 1803614
total bases: 542887814
Q20 bases: 534369812(98.431%)
Q30 bases: 509634342(93.8747%)
Q40 bases: 509634342(93.8747%)

Read1 after filtering:
total reads: 1791760
total bases: 513300519
Q20 bases: 509052175(99.1723%)
Q30 bases: 495542465(96.5404%)
Q40 bases: 495542465(96.5404%)

Read2 after filtering:
total reads: 1791760
total bases: 513304237
Q20 bases: 506622377(98.6983%)
Q30 bases: 484674883(94.4225%)
Q40 bases: 484674883(94.4225%)

Filtering result:
reads passed filter: 3583520
reads failed due to low quality: 22488
reads failed due to too many N: 116
reads failed due to too short: 1104
reads failed due to adapter dimer: 0
reads with adapter trimmed: 3584954
bases trimmed due to adapters: 37133767

Duplication rate: 62.7176%

Insert size peak (evaluated by paired-end reads): 292

JSON report: fastp.json
HTML report: fastp.html

fastp -w 6 -i /scratch4/workspace/jade_fiorilla_student_uml_edu-rawseqorcc/fastq/2024_Hyp03_Warm06_B66_gill_S207_R1_001.fastq.gz -I /scratch4/workspace/jade_fiorilla_student_uml_edu-rawseqorcc/fastq/2024_Hyp03_Warm06_B66_gill_S207_R2_001.fastq.gz -o /scratch4/workspace/jade_fiorilla_student_uml_edu-rawseqorcc/trimmed-fastp/2024_Hyp03_Warm06_B66_gill_S207_R1_trim.fastq.gz -O /scratch4/workspace/jade_fiorilla_student_uml_edu-rawseqorcc/trimmed-fastp/2024_Hyp03_Warm06_B66_gill_S207_R2_trim.fastq.gz --detect_adapter_for_pe 
fastp v1.3.7, time used: 16 seconds
Running fastp on: 2024_Hyp03_Warm06_B66_gut_S15
Detecting adapter sequence for read1...
>I7_Nextera_Transposase_1 | >Trans2_rc | >I7_Nextera_Transposase_1 | >Trans2_rc
CTGTCTCTTATACACATCTCCGAGCCCACGAGAC

Detecting adapter sequence for read2...
>I5_Nextera_Transposase_1 | >Trans1_rc | >I5_Nextera_Transposase_1 | >Trans1_rc
CTGTCTCTTATACACATCTGACGCTGCCGACGA

Read1 before filtering:
total reads: 627744
total bases: 188950944
Q20 bases: 182440528(96.5544%)
Q30 bases: 170905818(90.4498%)
Q40 bases: 170905818(90.4498%)

Read2 before filtering:
total reads: 627744
total bases: 188950944
Q20 bases: 186701877(98.8097%)
Q30 bases: 180110451(95.3213%)
Q40 bases: 180110451(95.3213%)

Read1 after filtering:
total reads: 623321
total bases: 133386650
Q20 bases: 131973996(98.9409%)
Q30 bases: 127388175(95.5029%)
Q40 bases: 127388175(95.5029%)

Read2 after filtering:
total reads: 623321
total bases: 133295182
Q20 bases: 131805415(98.8824%)
Q30 bases: 126573204(94.9571%)
Q40 bases: 126573204(94.9571%)

Filtering result:
reads passed filter: 1246642
reads failed due to low quality: 7376
reads failed due to too many N: 32
reads failed due to too short: 1422
reads failed due to adapter dimer: 16
reads with adapter trimmed: 1224044
bases trimmed due to adapters: 34114077

Duplication rate: 11.9652%

Insert size peak (evaluated by paired-end reads): 296

JSON report: fastp.json
HTML report: fastp.html

fastp -w 6 -i /scratch4/workspace/jade_fiorilla_student_uml_edu-rawseqorcc/fastq/2024_Hyp03_Warm06_B66_gut_S15_R1_001.fastq.gz -I /scratch4/workspace/jade_fiorilla_student_uml_edu-rawseqorcc/fastq/2024_Hyp03_Warm06_B66_gut_S15_R2_001.fastq.gz -o /scratch4/workspace/jade_fiorilla_student_uml_edu-rawseqorcc/trimmed-fastp/2024_Hyp03_Warm06_B66_gut_S15_R1_trim.fastq.gz -O /scratch4/workspace/jade_fiorilla_student_uml_edu-rawseqorcc/trimmed-fastp/2024_Hyp03_Warm06_B66_gut_S15_R2_trim.fastq.gz --detect_adapter_for_pe 
fastp v1.3.7, time used: 6 seconds
Running fastp on: 2024_Hyp04_Hyp02_B19_gill_S186
Detecting adapter sequence for read1...
>I7_Nextera_Transposase_1 | >Trans2_rc | >I7_Nextera_Transposase_1 | >Trans2_rc
CTGTCTCTTATACACATCTCCGAGCCCACGAGAC

Detecting adapter sequence for read2...
>I5_Nextera_Transposase_1 | >Trans1_rc | >I5_Nextera_Transposase_1 | >Trans1_rc
CTGTCTCTTATACACATCTGACGCTGCCGACGA

Read1 before filtering:
total reads: 2100937
total bases: 632382037
Q20 bases: 598395885(94.6257%)
Q30 bases: 548839082(86.7892%)
Q40 bases: 548839082(86.7892%)

Read2 before filtering:
total reads: 2100937
total bases: 632382037
Q20 bases: 624495012(98.7528%)
Q30 bases: 603343868(95.4081%)
Q40 bases: 603343868(95.4081%)

Read1 after filtering:
total reads: 2088611
total bases: 283174154
Q20 bases: 280729961(99.1369%)
Q30 bases: 272977099(96.399%)
Q40 bases: 272977099(96.399%)

Read2 after filtering:
total reads: 2088611
total bases: 282900650
Q20 bases: 279456605(98.7826%)
Q30 bases: 267922782(94.7056%)
Q40 bases: 267922782(94.7056%)

Filtering result:
reads passed filter: 4177222
reads failed due to low quality: 20498
reads failed due to too many N: 86
reads failed due to too short: 4054
reads failed due to adapter dimer: 14
reads with adapter trimmed: 4107008
bases trimmed due to adapters: 218456543

Duplication rate: 5.23124%

Insert size peak (evaluated by paired-end reads): 298

JSON report: fastp.json
HTML report: fastp.html

fastp -w 6 -i /scratch4/workspace/jade_fiorilla_student_uml_edu-rawseqorcc/fastq/2024_Hyp04_Hyp02_B19_gill_S186_R1_001.fastq.gz -I /scratch4/workspace/jade_fiorilla_student_uml_edu-rawseqorcc/fastq/2024_Hyp04_Hyp02_B19_gill_S186_R2_001.fastq.gz -o /scratch4/workspace/jade_fiorilla_student_uml_edu-rawseqorcc/trimmed-fastp/2024_Hyp04_Hyp02_B19_gill_S186_R1_trim.fastq.gz -O /scratch4/workspace/jade_fiorilla_student_uml_edu-rawseqorcc/trimmed-fastp/2024_Hyp04_Hyp02_B19_gill_S186_R2_trim.fastq.gz --detect_adapter_for_pe 
fastp v1.3.7, time used: 15 seconds
Running fastp on: 2024_Hyp04_Hyp02_B19_gut_S16
Detecting adapter sequence for read1...
>I7_Nextera_Transposase_1 | >Trans2_rc | >I7_Nextera_Transposase_1 | >Trans2_rc
CTGTCTCTTATACACATCTCCGAGCCCACGAGAC

Detecting adapter sequence for read2...
>I5_Nextera_Transposase_1 | >Trans1_rc | >I5_Nextera_Transposase_1 | >Trans1_rc
CTGTCTCTTATACACATCTGACGCTGCCGACGA

Read1 before filtering:
total reads: 644153
total bases: 193890053
Q20 bases: 189952072(97.969%)
Q30 bases: 182513062(94.1322%)
Q40 bases: 182513062(94.1322%)

Read2 before filtering:
total reads: 644153
total bases: 193890053
Q20 bases: 191192569(98.6088%)
Q30 bases: 183430448(94.6054%)
Q40 bases: 183430448(94.6054%)

Read1 after filtering:
total reads: 639389
total bases: 161954215
Q20 bases: 160720589(99.2383%)
Q30 bases: 156687977(96.7483%)
Q40 bases: 156687977(96.7483%)

Read2 after filtering:
total reads: 639389
total bases: 161909879
Q20 bases: 159957759(98.7943%)
Q30 bases: 153360597(94.7197%)
Q40 bases: 153360597(94.7197%)

Filtering result:
reads passed filter: 1278778
reads failed due to low quality: 8120
reads failed due to too many N: 42
reads failed due to too short: 1364
reads failed due to adapter dimer: 2
reads with adapter trimmed: 1273484
bases trimmed due to adapters: 20735417

Duplication rate: 19.8128%

Insert size peak (evaluated by paired-end reads): 296

JSON report: fastp.json
HTML report: fastp.html

fastp -w 6 -i /scratch4/workspace/jade_fiorilla_student_uml_edu-rawseqorcc/fastq/2024_Hyp04_Hyp02_B19_gut_S16_R1_001.fastq.gz -I /scratch4/workspace/jade_fiorilla_student_uml_edu-rawseqorcc/fastq/2024_Hyp04_Hyp02_B19_gut_S16_R2_001.fastq.gz -o /scratch4/workspace/jade_fiorilla_student_uml_edu-rawseqorcc/trimmed-fastp/2024_Hyp04_Hyp02_B19_gut_S16_R1_trim.fastq.gz -O /scratch4/workspace/jade_fiorilla_student_uml_edu-rawseqorcc/trimmed-fastp/2024_Hyp04_Hyp02_B19_gut_S16_R2_trim.fastq.gz --detect_adapter_for_pe 
fastp v1.3.7, time used: 7 seconds
Running fastp on: 2024_Hyp04_Null_B28_gill_S256
Detecting adapter sequence for read1...
>I7_Nextera_Transposase_1 | >Trans2_rc | >I7_Nextera_Transposase_1 | >Trans2_rc
CTGTCTCTTATACACATCTCCGAGCCCACGAGAC

Detecting adapter sequence for read2...
>I5_Nextera_Transposase_1 | >Trans1_rc | >I5_Nextera_Transposase_1 | >Trans1_rc
CTGTCTCTTATACACATCTGACGCTGCCGACGA

Read1 before filtering:
total reads: 641993
total bases: 193239893
Q20 bases: 190464459(98.5637%)
Q30 bases: 183567506(94.9946%)
Q40 bases: 183567506(94.9946%)

Read2 before filtering:
total reads: 641993
total bases: 193239893
Q20 bases: 190181019(98.4171%)
Q30 bases: 181075108(93.7048%)
Q40 bases: 181075108(93.7048%)

Read1 after filtering:
total reads: 637015
total bases: 184107042
Q20 bases: 182555160(99.1571%)
Q30 bases: 177290260(96.2974%)
Q40 bases: 177290260(96.2974%)

Read2 after filtering:
total reads: 637015
total bases: 184105119
Q20 bases: 181744359(98.7177%)
Q30 bases: 173592531(94.2899%)
Q40 bases: 173592531(94.2899%)

Filtering result:
reads passed filter: 1274030
reads failed due to low quality: 8536
reads failed due to too many N: 34
reads failed due to too short: 1384
reads failed due to adapter dimer: 2
reads with adapter trimmed: 1095519
bases trimmed due to adapters: 8693429

Duplication rate: 16.6672%

Insert size peak (evaluated by paired-end reads): 298

JSON report: fastp.json
HTML report: fastp.html

fastp -w 6 -i /scratch4/workspace/jade_fiorilla_student_uml_edu-rawseqorcc/fastq/2024_Hyp04_Null_B28_gill_S256_R1_001.fastq.gz -I /scratch4/workspace/jade_fiorilla_student_uml_edu-rawseqorcc/fastq/2024_Hyp04_Null_B28_gill_S256_R2_001.fastq.gz -o /scratch4/workspace/jade_fiorilla_student_uml_edu-rawseqorcc/trimmed-fastp/2024_Hyp04_Null_B28_gill_S256_R1_trim.fastq.gz -O /scratch4/workspace/jade_fiorilla_student_uml_edu-rawseqorcc/trimmed-fastp/2024_Hyp04_Null_B28_gill_S256_R2_trim.fastq.gz --detect_adapter_for_pe 
fastp v1.3.7, time used: 8 seconds
Running fastp on: 2024_Hyp04_Null_B28_gut_S87
Detecting adapter sequence for read1...
>I7_Nextera_Transposase_1 | >Trans2_rc | >I7_Nextera_Transposase_1 | >Trans2_rc
CTGTCTCTTATACACATCTCCGAGCCCACGAGAC

Detecting adapter sequence for read2...
>I5_Nextera_Transposase_1 | >Trans1_rc | >I5_Nextera_Transposase_1 | >Trans1_rc
CTGTCTCTTATACACATCTGACGCTGCCGACGA

Read1 before filtering:
total reads: 905112
total bases: 272438712
Q20 bases: 262238254(96.2559%)
Q30 bases: 248468632(91.2017%)
Q40 bases: 248468632(91.2017%)

Read2 before filtering:
total reads: 905112
total bases: 272438712
Q20 bases: 269519176(98.9284%)
Q30 bases: 261210337(95.8786%)
Q40 bases: 261210337(95.8786%)

Read1 after filtering:
total reads: 899625
total bases: 137902576
Q20 bases: 136786718(99.1908%)
Q30 bases: 133238599(96.6179%)
Q40 bases: 133238599(96.6179%)

Read2 after filtering:
total reads: 899625
total bases: 137635864
Q20 bases: 136115405(98.8953%)
Q30 bases: 130809051(95.0399%)
Q40 bases: 130809051(95.0399%)

Filtering result:
reads passed filter: 1799250
reads failed due to low quality: 9108
reads failed due to too many N: 56
reads failed due to too short: 1800
reads failed due to adapter dimer: 10
reads with adapter trimmed: 1790002
bases trimmed due to adapters: 74817027

Duplication rate: 10.341%

Insert size peak (evaluated by paired-end reads): 296

JSON report: fastp.json
HTML report: fastp.html

fastp -w 6 -i /scratch4/workspace/jade_fiorilla_student_uml_edu-rawseqorcc/fastq/2024_Hyp04_Null_B28_gut_S87_R1_001.fastq.gz -I /scratch4/workspace/jade_fiorilla_student_uml_edu-rawseqorcc/fastq/2024_Hyp04_Null_B28_gut_S87_R2_001.fastq.gz -o /scratch4/workspace/jade_fiorilla_student_uml_edu-rawseqorcc/trimmed-fastp/2024_Hyp04_Null_B28_gut_S87_R1_trim.fastq.gz -O /scratch4/workspace/jade_fiorilla_student_uml_edu-rawseqorcc/trimmed-fastp/2024_Hyp04_Null_B28_gut_S87_R2_trim.fastq.gz --detect_adapter_for_pe 
fastp v1.3.7, time used: 8 seconds
Running fastp on: 2024_Hyp04_Warm01_B7_gill_S17
Detecting adapter sequence for read1...
>I7_Nextera_Transposase_1 | >Trans2_rc | >I7_Nextera_Transposase_1 | >Trans2_rc
CTGTCTCTTATACACATCTCCGAGCCCACGAGAC

Detecting adapter sequence for read2...
>I5_Nextera_Transposase_1 | >Trans1_rc | >I5_Nextera_Transposase_1 | >Trans1_rc
CTGTCTCTTATACACATCTGACGCTGCCGACGA

Read1 before filtering:
total reads: 988119
total bases: 297423819
Q20 bases: 291918321(98.1489%)
Q30 bases: 281537621(94.6587%)
Q40 bases: 281537621(94.6587%)

Read2 before filtering:
total reads: 988119
total bases: 297423819
Q20 bases: 292318615(98.2835%)
Q30 bases: 278602468(93.6719%)
Q40 bases: 278602468(93.6719%)

Read1 after filtering:
total reads: 980533
total bases: 255516379
Q20 bases: 253528247(99.2219%)
Q30 bases: 247465847(96.8493%)
Q40 bases: 247465847(96.8493%)

Read2 after filtering:
total reads: 980533
total bases: 255446250
Q20 bases: 251568745(98.4821%)
Q30 bases: 239726385(93.8461%)
Q40 bases: 239726385(93.8461%)

Filtering result:
reads passed filter: 1961066
reads failed due to low quality: 12814
reads failed due to too many N: 84
reads failed due to too short: 2268
reads failed due to adapter dimer: 6
reads with adapter trimmed: 1917573
bases trimmed due to adapters: 28294388

Duplication rate: 30.0658%

Insert size peak (evaluated by paired-end reads): 296

JSON report: fastp.json
HTML report: fastp.html

fastp -w 6 -i /scratch4/workspace/jade_fiorilla_student_uml_edu-rawseqorcc/fastq/2024_Hyp04_Warm01_B7_gill_S17_R1_001.fastq.gz -I /scratch4/workspace/jade_fiorilla_student_uml_edu-rawseqorcc/fastq/2024_Hyp04_Warm01_B7_gill_S17_R2_001.fastq.gz -o /scratch4/workspace/jade_fiorilla_student_uml_edu-rawseqorcc/trimmed-fastp/2024_Hyp04_Warm01_B7_gill_S17_R1_trim.fastq.gz -O /scratch4/workspace/jade_fiorilla_student_uml_edu-rawseqorcc/trimmed-fastp/2024_Hyp04_Warm01_B7_gill_S17_R2_trim.fastq.gz --detect_adapter_for_pe 
fastp v1.3.7, time used: 9 seconds
Running fastp on: 2024_Hyp04_Warm01_B7_gut_S18
Detecting adapter sequence for read1...
>I7_Nextera_Transposase_1 | >Trans2_rc | >I7_Nextera_Transposase_1 | >Trans2_rc
CTGTCTCTTATACACATCTCCGAGCCCACGAGAC

Detecting adapter sequence for read2...
>I5_Nextera_Transposase_1 | >Trans1_rc | >I5_Nextera_Transposase_1 | >Trans1_rc
CTGTCTCTTATACACATCTGACGCTGCCGACGA

Read1 before filtering:
total reads: 1112307
total bases: 334804407
Q20 bases: 330504460(98.7157%)
Q30 bases: 320449069(95.7123%)
Q40 bases: 320449069(95.7123%)

Read2 before filtering:
total reads: 1112307
total bases: 334804407
Q20 bases: 330057219(98.5821%)
Q30 bases: 316238060(94.4546%)
Q40 bases: 316238060(94.4546%)

Read1 after filtering:
total reads: 1103791
total bases: 311133266
Q20 bases: 308828692(99.2593%)
Q30 bases: 301288252(96.8358%)
Q40 bases: 301288252(96.8358%)

Read2 after filtering:
total reads: 1103791
total bases: 311115585
Q20 bases: 307515992(98.843%)
Q30 bases: 295285913(94.912%)
Q40 bases: 295285913(94.912%)

Filtering result:
reads passed filter: 2207582
reads failed due to low quality: 14420
reads failed due to too many N: 82
reads failed due to too short: 2516
reads failed due to adapter dimer: 14
reads with adapter trimmed: 2204130
bases trimmed due to adapters: 19230901

Duplication rate: 24.0486%

Insert size peak (evaluated by paired-end reads): 296

JSON report: fastp.json
HTML report: fastp.html

fastp -w 6 -i /scratch4/workspace/jade_fiorilla_student_uml_edu-rawseqorcc/fastq/2024_Hyp04_Warm01_B7_gut_S18_R1_001.fastq.gz -I /scratch4/workspace/jade_fiorilla_student_uml_edu-rawseqorcc/fastq/2024_Hyp04_Warm01_B7_gut_S18_R2_001.fastq.gz -o /scratch4/workspace/jade_fiorilla_student_uml_edu-rawseqorcc/trimmed-fastp/2024_Hyp04_Warm01_B7_gut_S18_R1_trim.fastq.gz -O /scratch4/workspace/jade_fiorilla_student_uml_edu-rawseqorcc/trimmed-fastp/2024_Hyp04_Warm01_B7_gut_S18_R2_trim.fastq.gz --detect_adapter_for_pe 
fastp v1.3.7, time used: 12 seconds
Running fastp on: 2024_Hyp05_Both01_B9_gill_S19
Detecting adapter sequence for read1...
>I7_Nextera_Transposase_1 | >Trans2_rc | >I7_Nextera_Transposase_1 | >Trans2_rc
CTGTCTCTTATACACATCTCCGAGCCCACGAGAC

Detecting adapter sequence for read2...
>I5_Nextera_Transposase_1 | >Trans1_rc | >I5_Nextera_Transposase_1 | >Trans1_rc
CTGTCTCTTATACACATCTGACGCTGCCGACGA

Read1 before filtering:
total reads: 1092196
total bases: 328750996
Q20 bases: 321144819(97.6863%)
Q30 bases: 307793849(93.6252%)
Q40 bases: 307793849(93.6252%)

Read2 before filtering:
total reads: 1092196
total bases: 328750996
Q20 bases: 321805483(97.8873%)
Q30 bases: 304745752(92.698%)
Q40 bases: 304745752(92.698%)

Read1 after filtering:
total reads: 1084187
total bases: 259340512
Q20 bases: 257416782(99.2582%)
Q30 bases: 251093911(96.8202%)
Q40 bases: 251093911(96.8202%)

Read2 after filtering:
total reads: 1084187
total bases: 259231269
Q20 bases: 253914489(97.949%)
Q30 bases: 239482529(92.3818%)
Q40 bases: 239482529(92.3818%)

Filtering result:
reads passed filter: 2168374
reads failed due to low quality: 13570
reads failed due to too many N: 86
reads failed due to too short: 2348
reads failed due to adapter dimer: 14
reads with adapter trimmed: 2105076
bases trimmed due to adapters: 43313909

Duplication rate: 22.8553%

Insert size peak (evaluated by paired-end reads): 296

JSON report: fastp.json
HTML report: fastp.html

fastp -w 6 -i /scratch4/workspace/jade_fiorilla_student_uml_edu-rawseqorcc/fastq/2024_Hyp05_Both01_B9_gill_S19_R1_001.fastq.gz -I /scratch4/workspace/jade_fiorilla_student_uml_edu-rawseqorcc/fastq/2024_Hyp05_Both01_B9_gill_S19_R2_001.fastq.gz -o /scratch4/workspace/jade_fiorilla_student_uml_edu-rawseqorcc/trimmed-fastp/2024_Hyp05_Both01_B9_gill_S19_R1_trim.fastq.gz -O /scratch4/workspace/jade_fiorilla_student_uml_edu-rawseqorcc/trimmed-fastp/2024_Hyp05_Both01_B9_gill_S19_R2_trim.fastq.gz --detect_adapter_for_pe 
fastp v1.3.7, time used: 10 seconds
Running fastp on: 2024_Hyp05_Both01_B9_gut_S20
Detecting adapter sequence for read1...
>I7_Nextera_Transposase_1 | >Trans2_rc | >I7_Nextera_Transposase_1 | >Trans2_rc
CTGTCTCTTATACACATCTCCGAGCCCACGAGAC

Detecting adapter sequence for read2...
>I5_Nextera_Transposase_1 | >Trans1_rc | >I5_Nextera_Transposase_1 | >Trans1_rc
CTGTCTCTTATACACATCTGACGCTGCCGACGA

Read1 before filtering:
total reads: 748779
total bases: 225382479
Q20 bases: 221620356(98.3308%)
Q30 bases: 214156328(95.0191%)
Q40 bases: 214156328(95.0191%)

Read2 before filtering:
total reads: 748779
total bases: 225382479
Q20 bases: 222132098(98.5578%)
Q30 bases: 212938000(94.4785%)
Q40 bases: 212938000(94.4785%)

Read1 after filtering:
total reads: 743255
total bases: 197806864
Q20 bases: 196351515(99.2643%)
Q30 bases: 191702818(96.9141%)
Q40 bases: 191702818(96.9141%)

Read2 after filtering:
total reads: 743255
total bases: 197754454
Q20 bases: 195368834(98.7936%)
Q30 bases: 187497976(94.8135%)
Q40 bases: 187497976(94.8135%)

Filtering result:
reads passed filter: 1486510
reads failed due to low quality: 9350
reads failed due to too many N: 60
reads failed due to too short: 1632
reads failed due to adapter dimer: 6
reads with adapter trimmed: 1481560
bases trimmed due to adapters: 19385567

Duplication rate: 33.0577%

Insert size peak (evaluated by paired-end reads): 296

JSON report: fastp.json
HTML report: fastp.html

fastp -w 6 -i /scratch4/workspace/jade_fiorilla_student_uml_edu-rawseqorcc/fastq/2024_Hyp05_Both01_B9_gut_S20_R1_001.fastq.gz -I /scratch4/workspace/jade_fiorilla_student_uml_edu-rawseqorcc/fastq/2024_Hyp05_Both01_B9_gut_S20_R2_001.fastq.gz -o /scratch4/workspace/jade_fiorilla_student_uml_edu-rawseqorcc/trimmed-fastp/2024_Hyp05_Both01_B9_gut_S20_R1_trim.fastq.gz -O /scratch4/workspace/jade_fiorilla_student_uml_edu-rawseqorcc/trimmed-fastp/2024_Hyp05_Both01_B9_gut_S20_R2_trim.fastq.gz --detect_adapter_for_pe 
fastp v1.3.7, time used: 7 seconds
Running fastp on: 2024_Hyp05_Both03_B34_gill_S241
Detecting adapter sequence for read1...
>I7_Nextera_Transposase_1 | >Trans2_rc | >I7_Nextera_Transposase_1 | >Trans2_rc
CTGTCTCTTATACACATCTCCGAGCCCACGAGAC

Detecting adapter sequence for read2...
>I5_Nextera_Transposase_1 | >Trans1_rc | >I5_Nextera_Transposase_1 | >Trans1_rc
CTGTCTCTTATACACATCTGACGCTGCCGACGA

Read1 before filtering:
total reads: 735381
total bases: 221349681
Q20 bases: 217390283(98.2112%)
Q30 bases: 207151329(93.5856%)
Q40 bases: 207151329(93.5856%)

Read2 before filtering:
total reads: 735381
total bases: 221349681
Q20 bases: 215717756(97.4556%)
Q30 bases: 201539973(91.0505%)
Q40 bases: 201539973(91.0505%)

Read1 after filtering:
total reads: 729780
total bases: 202812789
Q20 bases: 200714014(98.9652%)
Q30 bases: 193178013(95.2494%)
Q40 bases: 193178013(95.2494%)

Read2 after filtering:
total reads: 729780
total bases: 202804087
Q20 bases: 198264270(97.7615%)
Q30 bases: 185684685(91.5587%)
Q40 bases: 185684685(91.5587%)

Filtering result:
reads passed filter: 1459560
reads failed due to low quality: 9514
reads failed due to too many N: 42
reads failed due to too short: 1642
reads failed due to adapter dimer: 4
reads with adapter trimmed: 1402249
bases trimmed due to adapters: 19134558

Duplication rate: 11.2935%

Insert size peak (evaluated by paired-end reads): 298

JSON report: fastp.json
HTML report: fastp.html

fastp -w 6 -i /scratch4/workspace/jade_fiorilla_student_uml_edu-rawseqorcc/fastq/2024_Hyp05_Both03_B34_gill_S241_R1_001.fastq.gz -I /scratch4/workspace/jade_fiorilla_student_uml_edu-rawseqorcc/fastq/2024_Hyp05_Both03_B34_gill_S241_R2_001.fastq.gz -o /scratch4/workspace/jade_fiorilla_student_uml_edu-rawseqorcc/trimmed-fastp/2024_Hyp05_Both03_B34_gill_S241_R1_trim.fastq.gz -O /scratch4/workspace/jade_fiorilla_student_uml_edu-rawseqorcc/trimmed-fastp/2024_Hyp05_Both03_B34_gill_S241_R2_trim.fastq.gz --detect_adapter_for_pe 
fastp v1.3.7, time used: 8 seconds
Running fastp on: 2024_Hyp05_Both03_B34_gut_S242
Detecting adapter sequence for read1...
>I7_Nextera_Transposase_1 | >Trans2_rc | >I7_Nextera_Transposase_1 | >Trans2_rc
CTGTCTCTTATACACATCTCCGAGCCCACGAGAC

Detecting adapter sequence for read2...
>I5_Nextera_Transposase_1 | >Trans1_rc | >I5_Nextera_Transposase_1 | >Trans1_rc
CTGTCTCTTATACACATCTGACGCTGCCGACGA

Read1 before filtering:
total reads: 4439431
total bases: 1336268731
Q20 bases: 1324439468(99.1148%)
Q30 bases: 1290764415(96.5947%)
Q40 bases: 1290764415(96.5947%)

Read2 before filtering:
total reads: 4439431
total bases: 1336268731
Q20 bases: 1309125155(97.9687%)
Q30 bases: 1237152066(92.5826%)
Q40 bases: 1237152066(92.5826%)

Read1 after filtering:
total reads: 4410985
total bases: 1287599245
Q20 bases: 1278720525(99.3104%)
Q30 bases: 1249456589(97.0377%)
Q40 bases: 1249456589(97.0377%)

Read2 after filtering:
total reads: 4410985
total bases: 1287707244
Q20 bases: 1265917649(98.3079%)
Q30 bases: 1202168572(93.3573%)
Q40 bases: 1202168572(93.3573%)

Filtering result:
reads passed filter: 8821970
reads failed due to low quality: 53324
reads failed due to too many N: 354
reads failed due to too short: 3212
reads failed due to adapter dimer: 2
reads with adapter trimmed: 8833256
bases trimmed due to adapters: 78575285

Duplication rate: 70.4368%

Insert size peak (evaluated by paired-end reads): 292

JSON report: fastp.json
HTML report: fastp.html

fastp -w 6 -i /scratch4/workspace/jade_fiorilla_student_uml_edu-rawseqorcc/fastq/2024_Hyp05_Both03_B34_gut_S242_R1_001.fastq.gz -I /scratch4/workspace/jade_fiorilla_student_uml_edu-rawseqorcc/fastq/2024_Hyp05_Both03_B34_gut_S242_R2_001.fastq.gz -o /scratch4/workspace/jade_fiorilla_student_uml_edu-rawseqorcc/trimmed-fastp/2024_Hyp05_Both03_B34_gut_S242_R1_trim.fastq.gz -O /scratch4/workspace/jade_fiorilla_student_uml_edu-rawseqorcc/trimmed-fastp/2024_Hyp05_Both03_B34_gut_S242_R2_trim.fastq.gz --detect_adapter_for_pe 
fastp v1.3.7, time used: 33 seconds
Running fastp on: 2024_Hyp05_Cont02_B22_gill_S243
Detecting adapter sequence for read1...
>I7_Nextera_Transposase_1 | >Trans2_rc | >I7_Nextera_Transposase_1 | >Trans2_rc
CTGTCTCTTATACACATCTCCGAGCCCACGAGAC

Detecting adapter sequence for read2...
>I5_Nextera_Transposase_1 | >Trans1_rc | >I5_Nextera_Transposase_1 | >Trans1_rc
CTGTCTCTTATACACATCTGACGCTGCCGACGA

Read1 before filtering:
total reads: 631856
total bases: 190188656
Q20 bases: 187166537(98.411%)
Q30 bases: 180199334(94.7477%)
Q40 bases: 180199334(94.7477%)

Read2 before filtering:
total reads: 631856
total bases: 190188656
Q20 bases: 186967794(98.3065%)
Q30 bases: 177608932(93.3857%)
Q40 bases: 177608932(93.3857%)

Read1 after filtering:
total reads: 627609
total bases: 175907173
Q20 bases: 174527763(99.2158%)
Q30 bases: 169920868(96.5969%)
Q40 bases: 169920868(96.5969%)

Read2 after filtering:
total reads: 627609
total bases: 175902402
Q20 bases: 173339536(98.543%)
Q30 bases: 165007027(93.806%)
Q40 bases: 165007027(93.806%)

Filtering result:
reads passed filter: 1255218
reads failed due to low quality: 6788
reads failed due to too many N: 54
reads failed due to too short: 1642
reads failed due to adapter dimer: 10
reads with adapter trimmed: 1184709
bases trimmed due to adapters: 12568627

Duplication rate: 15.2047%

Insert size peak (evaluated by paired-end reads): 298

JSON report: fastp.json
HTML report: fastp.html

fastp -w 6 -i /scratch4/workspace/jade_fiorilla_student_uml_edu-rawseqorcc/fastq/2024_Hyp05_Cont02_B22_gill_S243_R1_001.fastq.gz -I /scratch4/workspace/jade_fiorilla_student_uml_edu-rawseqorcc/fastq/2024_Hyp05_Cont02_B22_gill_S243_R2_001.fastq.gz -o /scratch4/workspace/jade_fiorilla_student_uml_edu-rawseqorcc/trimmed-fastp/2024_Hyp05_Cont02_B22_gill_S243_R1_trim.fastq.gz -O /scratch4/workspace/jade_fiorilla_student_uml_edu-rawseqorcc/trimmed-fastp/2024_Hyp05_Cont02_B22_gill_S243_R2_trim.fastq.gz --detect_adapter_for_pe 
fastp v1.3.7, time used: 7 seconds
Running fastp on: 2024_Hyp05_Cont02_B22_gut_S187
Detecting adapter sequence for read1...
>I7_Nextera_Transposase_1 | >Trans2_rc | >I7_Nextera_Transposase_1 | >Trans2_rc
CTGTCTCTTATACACATCTCCGAGCCCACGAGAC

Detecting adapter sequence for read2...
>I5_Nextera_Transposase_1 | >Trans1_rc | >I5_Nextera_Transposase_1 | >Trans1_rc
CTGTCTCTTATACACATCTGACGCTGCCGACGA

Read1 before filtering:
total reads: 1340986
total bases: 403636786
Q20 bases: 398789472(98.7991%)
Q30 bases: 386473144(95.7478%)
Q40 bases: 386473144(95.7478%)

Read2 before filtering:
total reads: 1340986
total bases: 403636786
Q20 bases: 396468262(98.224%)
Q30 bases: 376259321(93.2173%)
Q40 bases: 376259321(93.2173%)

Read1 after filtering:
total reads: 1329555
total bases: 387671465
Q20 bases: 384627630(99.2148%)
Q30 bases: 374733049(96.6625%)
Q40 bases: 374733049(96.6625%)

Read2 after filtering:
total reads: 1329555
total bases: 387666066
Q20 bases: 382023908(98.5446%)
Q30 bases: 363725612(93.8245%)
Q40 bases: 363725612(93.8245%)

Filtering result:
reads passed filter: 2659110
reads failed due to low quality: 19890
reads failed due to too many N: 96
reads failed due to too short: 2866
reads failed due to adapter dimer: 10
reads with adapter trimmed: 2649193
bases trimmed due to adapters: 13394162

Duplication rate: 17.9113%

Insert size peak (evaluated by paired-end reads): 298

JSON report: fastp.json
HTML report: fastp.html

fastp -w 6 -i /scratch4/workspace/jade_fiorilla_student_uml_edu-rawseqorcc/fastq/2024_Hyp05_Cont02_B22_gut_S187_R1_001.fastq.gz -I /scratch4/workspace/jade_fiorilla_student_uml_edu-rawseqorcc/fastq/2024_Hyp05_Cont02_B22_gut_S187_R2_001.fastq.gz -o /scratch4/workspace/jade_fiorilla_student_uml_edu-rawseqorcc/trimmed-fastp/2024_Hyp05_Cont02_B22_gut_S187_R1_trim.fastq.gz -O /scratch4/workspace/jade_fiorilla_student_uml_edu-rawseqorcc/trimmed-fastp/2024_Hyp05_Cont02_B22_gut_S187_R2_trim.fastq.gz --detect_adapter_for_pe 
fastp v1.3.7, time used: 14 seconds
Running fastp on: 2024_Hyp05_Cont04_B46_gill_S275
Detecting adapter sequence for read1...
>I7_Nextera_Transposase_1 | >Trans2_rc | >I7_Nextera_Transposase_1 | >Trans2_rc
CTGTCTCTTATACACATCTCCGAGCCCACGAGAC

Detecting adapter sequence for read2...
>I5_Nextera_Transposase_1 | >Trans1_rc | >I5_Nextera_Transposase_1 | >Trans1_rc
CTGTCTCTTATACACATCTGACGCTGCCGACGA

Read1 before filtering:
total reads: 826968
total bases: 248917368
Q20 bases: 244759945(98.3298%)
Q30 bases: 236339714(94.9471%)
Q40 bases: 236339714(94.9471%)

Read2 before filtering:
total reads: 826968
total bases: 248917368
Q20 bases: 245055035(98.4483%)
Q30 bases: 234020185(94.0152%)
Q40 bases: 234020185(94.0152%)

Read1 after filtering:
total reads: 821838
total bases: 216943887
Q20 bases: 215456823(99.3145%)
Q30 bases: 210391023(96.9795%)
Q40 bases: 210391023(96.9795%)

Read2 after filtering:
total reads: 821838
total bases: 216918076
Q20 bases: 213940788(98.6275%)
Q30 bases: 204340656(94.2018%)
Q40 bases: 204340656(94.2018%)

Filtering result:
reads passed filter: 1643676
reads failed due to low quality: 8956
reads failed due to too many N: 40
reads failed due to too short: 1260
reads failed due to adapter dimer: 4
reads with adapter trimmed: 1575786
bases trimmed due to adapters: 22204745

Duplication rate: 18.6486%

Insert size peak (evaluated by paired-end reads): 296

JSON report: fastp.json
HTML report: fastp.html

fastp -w 6 -i /scratch4/workspace/jade_fiorilla_student_uml_edu-rawseqorcc/fastq/2024_Hyp05_Cont04_B46_gill_S275_R1_001.fastq.gz -I /scratch4/workspace/jade_fiorilla_student_uml_edu-rawseqorcc/fastq/2024_Hyp05_Cont04_B46_gill_S275_R2_001.fastq.gz -o /scratch4/workspace/jade_fiorilla_student_uml_edu-rawseqorcc/trimmed-fastp/2024_Hyp05_Cont04_B46_gill_S275_R1_trim.fastq.gz -O /scratch4/workspace/jade_fiorilla_student_uml_edu-rawseqorcc/trimmed-fastp/2024_Hyp05_Cont04_B46_gill_S275_R2_trim.fastq.gz --detect_adapter_for_pe 
fastp v1.3.7, time used: 9 seconds
Running fastp on: 2024_Hyp05_Cont04_B46_gut_S158
Detecting adapter sequence for read1...
>I7_Nextera_Transposase_1 | >Trans2_rc | >I7_Nextera_Transposase_1 | >Trans2_rc
CTGTCTCTTATACACATCTCCGAGCCCACGAGAC

Detecting adapter sequence for read2...
>I5_Nextera_Transposase_1 | >Trans1_rc | >I5_Nextera_Transposase_1 | >Trans1_rc
CTGTCTCTTATACACATCTGACGCTGCCGACGA

Read1 before filtering:
total reads: 699169
total bases: 210449869
Q20 bases: 207079388(98.3984%)
Q30 bases: 200041209(95.0541%)
Q40 bases: 200041209(95.0541%)

Read2 before filtering:
total reads: 699169
total bases: 210449869
Q20 bases: 207324374(98.5149%)
Q30 bases: 198555473(94.3481%)
Q40 bases: 198555473(94.3481%)

Read1 after filtering:
total reads: 693976
total bases: 181896412
Q20 bases: 180444497(99.2018%)
Q30 bases: 175852223(96.6771%)
Q40 bases: 175852223(96.6771%)

Read2 after filtering:
total reads: 693976
total bases: 181869091
Q20 bases: 179563515(98.7323%)
Q30 bases: 172043741(94.5976%)
Q40 bases: 172043741(94.5976%)

Filtering result:
reads passed filter: 1387952
reads failed due to low quality: 8986
reads failed due to too many N: 50
reads failed due to too short: 1348
reads failed due to adapter dimer: 2
reads with adapter trimmed: 1384920
bases trimmed due to adapters: 19155720

Duplication rate: 20.2708%

Insert size peak (evaluated by paired-end reads): 296

JSON report: fastp.json
HTML report: fastp.html

fastp -w 6 -i /scratch4/workspace/jade_fiorilla_student_uml_edu-rawseqorcc/fastq/2024_Hyp05_Cont04_B46_gut_S158_R1_001.fastq.gz -I /scratch4/workspace/jade_fiorilla_student_uml_edu-rawseqorcc/fastq/2024_Hyp05_Cont04_B46_gut_S158_R2_001.fastq.gz -o /scratch4/workspace/jade_fiorilla_student_uml_edu-rawseqorcc/trimmed-fastp/2024_Hyp05_Cont04_B46_gut_S158_R1_trim.fastq.gz -O /scratch4/workspace/jade_fiorilla_student_uml_edu-rawseqorcc/trimmed-fastp/2024_Hyp05_Cont04_B46_gut_S158_R2_trim.fastq.gz --detect_adapter_for_pe 
fastp v1.3.7, time used: 7 seconds
Running fastp on: 2024_Hyp05_Null_B35_gill_S262
Detecting adapter sequence for read1...
>I7_Nextera_Transposase_1 | >Trans2_rc | >I7_Nextera_Transposase_1 | >Trans2_rc
CTGTCTCTTATACACATCTCCGAGCCCACGAGAC

Detecting adapter sequence for read2...
>I5_Nextera_Transposase_1 | >Trans1_rc | >I5_Nextera_Transposase_1 | >Trans1_rc
CTGTCTCTTATACACATCTGACGCTGCCGACGA

Read1 before filtering:
total reads: 793563
total bases: 238862463
Q20 bases: 231003037(96.7096%)
Q30 bases: 218636001(91.5322%)
Q40 bases: 218636001(91.5322%)

Read2 before filtering:
total reads: 793563
total bases: 238862463
Q20 bases: 234048390(97.9846%)
Q30 bases: 222014341(92.9465%)
Q40 bases: 222014341(92.9465%)

Read1 after filtering:
total reads: 788212
total bases: 164051517
Q20 bases: 162782017(99.2262%)
Q30 bases: 158666982(96.7178%)
Q40 bases: 158666982(96.7178%)

Read2 after filtering:
total reads: 788212
total bases: 163994385
Q20 bases: 160634432(97.9512%)
Q30 bases: 151322280(92.2728%)
Q40 bases: 151322280(92.2728%)

Filtering result:
reads passed filter: 1576424
reads failed due to low quality: 9316
reads failed due to too many N: 42
reads failed due to too short: 1334
reads failed due to adapter dimer: 10
reads with adapter trimmed: 1460303
bases trimmed due to adapters: 50136913

Duplication rate: 13.5682%

Insert size peak (evaluated by paired-end reads): 296

JSON report: fastp.json
HTML report: fastp.html

fastp -w 6 -i /scratch4/workspace/jade_fiorilla_student_uml_edu-rawseqorcc/fastq/2024_Hyp05_Null_B35_gill_S262_R1_001.fastq.gz -I /scratch4/workspace/jade_fiorilla_student_uml_edu-rawseqorcc/fastq/2024_Hyp05_Null_B35_gill_S262_R2_001.fastq.gz -o /scratch4/workspace/jade_fiorilla_student_uml_edu-rawseqorcc/trimmed-fastp/2024_Hyp05_Null_B35_gill_S262_R1_trim.fastq.gz -O /scratch4/workspace/jade_fiorilla_student_uml_edu-rawseqorcc/trimmed-fastp/2024_Hyp05_Null_B35_gill_S262_R2_trim.fastq.gz --detect_adapter_for_pe 
fastp v1.3.7, time used: 8 seconds
Running fastp on: 2024_Hyp05_Null_B35_gut_S88
Detecting adapter sequence for read1...
>I7_Nextera_Transposase_1 | >Trans2_rc | >I7_Nextera_Transposase_1 | >Trans2_rc
CTGTCTCTTATACACATCTCCGAGCCCACGAGAC

Detecting adapter sequence for read2...
>I5_Nextera_Transposase_1 | >Trans1_rc | >I5_Nextera_Transposase_1 | >Trans1_rc
CTGTCTCTTATACACATCTGACGCTGCCGACGA

Read1 before filtering:
total reads: 1007965
total bases: 303397465
Q20 bases: 296229629(97.6375%)
Q30 bases: 284296486(93.7043%)
Q40 bases: 284296486(93.7043%)

Read2 before filtering:
total reads: 1007965
total bases: 303397465
Q20 bases: 299558794(98.7348%)
Q30 bases: 288248607(95.0069%)
Q40 bases: 288248607(95.0069%)

Read1 after filtering:
total reads: 1001491
total bases: 223275306
Q20 bases: 221551731(99.228%)
Q30 bases: 215939686(96.7145%)
Q40 bases: 215939686(96.7145%)

Read2 after filtering:
total reads: 1001491
total bases: 223128096
Q20 bases: 220500989(98.8226%)
Q30 bases: 211466983(94.7738%)
Q40 bases: 211466983(94.7738%)

Filtering result:
reads passed filter: 2002982
reads failed due to low quality: 10792
reads failed due to too many N: 62
reads failed due to too short: 2074
reads failed due to adapter dimer: 20
reads with adapter trimmed: 1993412
bases trimmed due to adapters: 47603155

Duplication rate: 17.0021%

Insert size peak (evaluated by paired-end reads): 296

JSON report: fastp.json
HTML report: fastp.html

fastp -w 6 -i /scratch4/workspace/jade_fiorilla_student_uml_edu-rawseqorcc/fastq/2024_Hyp05_Null_B35_gut_S88_R1_001.fastq.gz -I /scratch4/workspace/jade_fiorilla_student_uml_edu-rawseqorcc/fastq/2024_Hyp05_Null_B35_gut_S88_R2_001.fastq.gz -o /scratch4/workspace/jade_fiorilla_student_uml_edu-rawseqorcc/trimmed-fastp/2024_Hyp05_Null_B35_gut_S88_R1_trim.fastq.gz -O /scratch4/workspace/jade_fiorilla_student_uml_edu-rawseqorcc/trimmed-fastp/2024_Hyp05_Null_B35_gut_S88_R2_trim.fastq.gz --detect_adapter_for_pe 
fastp v1.3.7, time used: 9 seconds
Running fastp on: 2024_Hyp06_Cont03_B36_gill_S159
Detecting adapter sequence for read1...
>I7_Nextera_Transposase_1 | >Trans2_rc | >I7_Nextera_Transposase_1 | >Trans2_rc
CTGTCTCTTATACACATCTCCGAGCCCACGAGAC

Detecting adapter sequence for read2...
>I5_Nextera_Transposase_1 | >Trans1_rc | >I5_Nextera_Transposase_1 | >Trans1_rc
CTGTCTCTTATACACATCTGACGCTGCCGACGA

Read1 before filtering:
total reads: 1299177
total bases: 391052277
Q20 bases: 382044285(97.6965%)
Q30 bases: 366015109(93.5975%)
Q40 bases: 366015109(93.5975%)

Read2 before filtering:
total reads: 1299177
total bases: 391052277
Q20 bases: 385341470(98.5396%)
Q30 bases: 369404769(94.4643%)
Q40 bases: 369404769(94.4643%)

Read1 after filtering:
total reads: 1289224
total bases: 316589495
Q20 bases: 314097207(99.2128%)
Q30 bases: 306111388(96.6903%)
Q40 bases: 306111388(96.6903%)

Read2 after filtering:
total reads: 1289224
total bases: 316489231
Q20 bases: 312577217(98.7639%)
Q30 bases: 299488420(94.6283%)
Q40 bases: 299488420(94.6283%)

Filtering result:
reads passed filter: 2578448
reads failed due to low quality: 17656
reads failed due to too many N: 92
reads failed due to too short: 2150
reads failed due to adapter dimer: 8
reads with adapter trimmed: 2505078
bases trimmed due to adapters: 46799593

Duplication rate: 23.0163%

Insert size peak (evaluated by paired-end reads): 296

JSON report: fastp.json
HTML report: fastp.html

fastp -w 6 -i /scratch4/workspace/jade_fiorilla_student_uml_edu-rawseqorcc/fastq/2024_Hyp06_Cont03_B36_gill_S159_R1_001.fastq.gz -I /scratch4/workspace/jade_fiorilla_student_uml_edu-rawseqorcc/fastq/2024_Hyp06_Cont03_B36_gill_S159_R2_001.fastq.gz -o /scratch4/workspace/jade_fiorilla_student_uml_edu-rawseqorcc/trimmed-fastp/2024_Hyp06_Cont03_B36_gill_S159_R1_trim.fastq.gz -O /scratch4/workspace/jade_fiorilla_student_uml_edu-rawseqorcc/trimmed-fastp/2024_Hyp06_Cont03_B36_gill_S159_R2_trim.fastq.gz --detect_adapter_for_pe 
fastp v1.3.7, time used: 11 seconds
Running fastp on: 2024_Hyp06_Cont03_B36_gut_S51
Detecting adapter sequence for read1...
>I7_Nextera_Transposase_1 | >Trans2_rc | >I7_Nextera_Transposase_1 | >Trans2_rc
CTGTCTCTTATACACATCTCCGAGCCCACGAGAC

Detecting adapter sequence for read2...
>I5_Nextera_Transposase_1 | >Trans1_rc | >I5_Nextera_Transposase_1 | >Trans1_rc
CTGTCTCTTATACACATCTGACGCTGCCGACGA

Read1 before filtering:
total reads: 363522
total bases: 109420122
Q20 bases: 104660673(95.6503%)
Q30 bases: 98045867(89.605%)
Q40 bases: 98045867(89.605%)

Read2 before filtering:
total reads: 363522
total bases: 109420122
Q20 bases: 108356244(99.0277%)
Q30 bases: 105445947(96.368%)
Q40 bases: 105445947(96.368%)

Read1 after filtering:
total reads: 360971
total bases: 30483721
Q20 bases: 30240959(99.2036%)
Q30 bases: 29527757(96.864%)
Q40 bases: 29527757(96.864%)

Read2 after filtering:
total reads: 360971
total bases: 30429955
Q20 bases: 30052155(98.7585%)
Q30 bases: 28798231(94.6378%)
Q40 bases: 28798231(94.6378%)

Filtering result:
reads passed filter: 721942
reads failed due to low quality: 4624
reads failed due to too many N: 8
reads failed due to too short: 470
reads failed due to adapter dimer: 0
reads with adapter trimmed: 719325
bases trimmed due to adapters: 43259308

Duplication rate: 41.069%

Insert size peak (evaluated by paired-end reads): 292

JSON report: fastp.json
HTML report: fastp.html

fastp -w 6 -i /scratch4/workspace/jade_fiorilla_student_uml_edu-rawseqorcc/fastq/2024_Hyp06_Cont03_B36_gut_S51_R1_001.fastq.gz -I /scratch4/workspace/jade_fiorilla_student_uml_edu-rawseqorcc/fastq/2024_Hyp06_Cont03_B36_gut_S51_R2_001.fastq.gz -o /scratch4/workspace/jade_fiorilla_student_uml_edu-rawseqorcc/trimmed-fastp/2024_Hyp06_Cont03_B36_gut_S51_R1_trim.fastq.gz -O /scratch4/workspace/jade_fiorilla_student_uml_edu-rawseqorcc/trimmed-fastp/2024_Hyp06_Cont03_B36_gut_S51_R2_trim.fastq.gz --detect_adapter_for_pe 
fastp v1.3.7, time used: 3 seconds
Running fastp on: 2024_Hyp06_Hyp03_B35_gill_S259
Detecting adapter sequence for read1...
>I7_Nextera_Transposase_1 | >Trans2_rc | >I7_Nextera_Transposase_1 | >Trans2_rc
CTGTCTCTTATACACATCTCCGAGCCCACGAGAC

Detecting adapter sequence for read2...
>I5_Nextera_Transposase_1 | >Trans1_rc | >I5_Nextera_Transposase_1 | >Trans1_rc
CTGTCTCTTATACACATCTGACGCTGCCGACGA

Read1 before filtering:
total reads: 472817
total bases: 142317917
Q20 bases: 140781935(98.9207%)
Q30 bases: 136863481(96.1674%)
Q40 bases: 136863481(96.1674%)

Read2 before filtering:
total reads: 472817
total bases: 142317917
Q20 bases: 140209251(98.5183%)
Q30 bases: 133916604(94.0968%)
Q40 bases: 133916604(94.0968%)

Read1 after filtering:
total reads: 469768
total bases: 135921580
Q20 bases: 134964653(99.296%)
Q30 bases: 131746605(96.9284%)
Q40 bases: 131746605(96.9284%)

Read2 after filtering:
total reads: 469768
total bases: 135924752
Q20 bases: 134261872(98.7766%)
Q30 bases: 128603321(94.6136%)
Q40 bases: 128603321(94.6136%)

Filtering result:
reads passed filter: 939536
reads failed due to low quality: 5120
reads failed due to too many N: 40
reads failed due to too short: 928
reads failed due to adapter dimer: 10
reads with adapter trimmed: 937213
bases trimmed due to adapters: 7182800

Duplication rate: 20.9656%

Insert size peak (evaluated by paired-end reads): 296

JSON report: fastp.json
HTML report: fastp.html

fastp -w 6 -i /scratch4/workspace/jade_fiorilla_student_uml_edu-rawseqorcc/fastq/2024_Hyp06_Hyp03_B35_gill_S259_R1_001.fastq.gz -I /scratch4/workspace/jade_fiorilla_student_uml_edu-rawseqorcc/fastq/2024_Hyp06_Hyp03_B35_gill_S259_R2_001.fastq.gz -o /scratch4/workspace/jade_fiorilla_student_uml_edu-rawseqorcc/trimmed-fastp/2024_Hyp06_Hyp03_B35_gill_S259_R1_trim.fastq.gz -O /scratch4/workspace/jade_fiorilla_student_uml_edu-rawseqorcc/trimmed-fastp/2024_Hyp06_Hyp03_B35_gill_S259_R2_trim.fastq.gz --detect_adapter_for_pe 
fastp v1.3.7, time used: 7 seconds
Running fastp on: 2024_Hyp06_Hyp03_B35_gut_S65
Detecting adapter sequence for read1...
>I7_Nextera_Transposase_1 | >Trans2_rc | >I7_Nextera_Transposase_1 | >Trans2_rc
CTGTCTCTTATACACATCTCCGAGCCCACGAGAC

Detecting adapter sequence for read2...
>I5_Nextera_Transposase_1 | >Trans1_rc | >I5_Nextera_Transposase_1 | >Trans1_rc
CTGTCTCTTATACACATCTGACGCTGCCGACGA

Read1 before filtering:
total reads: 1511126
total bases: 454848926
Q20 bases: 432033591(94.984%)
Q30 bases: 399122038(87.7483%)
Q40 bases: 399122038(87.7483%)

Read2 before filtering:
total reads: 1511126
total bases: 454848926
Q20 bases: 451261745(99.2113%)
Q30 bases: 440871592(96.927%)
Q40 bases: 440871592(96.927%)

Read1 after filtering:
total reads: 1502193
total bases: 88599302
Q20 bases: 87785032(99.081%)
Q30 bases: 85587986(96.6012%)
Q40 bases: 85587986(96.6012%)

Read2 after filtering:
total reads: 1502193
total bases: 88208180
Q20 bases: 87257989(98.9228%)
Q30 bases: 83942215(95.1638%)
Q40 bases: 83942215(95.1638%)

Filtering result:
reads passed filter: 3004386
reads failed due to low quality: 16230
reads failed due to too many N: 44
reads failed due to too short: 1592
reads failed due to adapter dimer: 0
reads with adapter trimmed: 2988419
bases trimmed due to adapters: 199639581

Duplication rate: 53.0986%

Insert size peak (evaluated by paired-end reads): 292

JSON report: fastp.json
HTML report: fastp.html

fastp -w 6 -i /scratch4/workspace/jade_fiorilla_student_uml_edu-rawseqorcc/fastq/2024_Hyp06_Hyp03_B35_gut_S65_R1_001.fastq.gz -I /scratch4/workspace/jade_fiorilla_student_uml_edu-rawseqorcc/fastq/2024_Hyp06_Hyp03_B35_gut_S65_R2_001.fastq.gz -o /scratch4/workspace/jade_fiorilla_student_uml_edu-rawseqorcc/trimmed-fastp/2024_Hyp06_Hyp03_B35_gut_S65_R1_trim.fastq.gz -O /scratch4/workspace/jade_fiorilla_student_uml_edu-rawseqorcc/trimmed-fastp/2024_Hyp06_Hyp03_B35_gut_S65_R2_trim.fastq.gz --detect_adapter_for_pe 
fastp v1.3.7, time used: 9 seconds
Running fastp on: 2024_Hyp06_Null_B45_gill_S89
Detecting adapter sequence for read1...
>I7_Nextera_Transposase_1 | >Trans2_rc | >I7_Nextera_Transposase_1 | >Trans2_rc
CTGTCTCTTATACACATCTCCGAGCCCACGAGAC

Detecting adapter sequence for read2...
>I5_Nextera_Transposase_1 | >Trans1_rc | >I5_Nextera_Transposase_1 | >Trans1_rc
CTGTCTCTTATACACATCTGACGCTGCCGACGA

Read1 before filtering:
total reads: 1116254
total bases: 335992454
Q20 bases: 323192152(96.1903%)
Q30 bases: 305684545(90.9796%)
Q40 bases: 305684545(90.9796%)

Read2 before filtering:
total reads: 1116254
total bases: 335992454
Q20 bases: 332425118(98.9383%)
Q30 bases: 322207461(95.8972%)
Q40 bases: 322207461(95.8972%)

Read1 after filtering:
total reads: 1109872
total bases: 165825889
Q20 bases: 164376547(99.126%)
Q30 bases: 159893874(96.4227%)
Q40 bases: 159893874(96.4227%)

Read2 after filtering:
total reads: 1109872
total bases: 165452519
Q20 bases: 163526830(98.8361%)
Q30 bases: 156964596(94.8699%)
Q40 bases: 156964596(94.8699%)

Filtering result:
reads passed filter: 2219744
reads failed due to low quality: 10366
reads failed due to too many N: 52
reads failed due to too short: 2336
reads failed due to adapter dimer: 10
reads with adapter trimmed: 2196482
bases trimmed due to adapters: 94352252

Duplication rate: 16.27%

Insert size peak (evaluated by paired-end reads): 296

JSON report: fastp.json
HTML report: fastp.html

fastp -w 6 -i /scratch4/workspace/jade_fiorilla_student_uml_edu-rawseqorcc/fastq/2024_Hyp06_Null_B45_gill_S89_R1_001.fastq.gz -I /scratch4/workspace/jade_fiorilla_student_uml_edu-rawseqorcc/fastq/2024_Hyp06_Null_B45_gill_S89_R2_001.fastq.gz -o /scratch4/workspace/jade_fiorilla_student_uml_edu-rawseqorcc/trimmed-fastp/2024_Hyp06_Null_B45_gill_S89_R1_trim.fastq.gz -O /scratch4/workspace/jade_fiorilla_student_uml_edu-rawseqorcc/trimmed-fastp/2024_Hyp06_Null_B45_gill_S89_R2_trim.fastq.gz --detect_adapter_for_pe 
fastp v1.3.7, time used: 8 seconds
Running fastp on: 2024_Hyp06_Null_B45_gut_S183
Detecting adapter sequence for read1...
>I7_Nextera_Transposase_1 | >Trans2_rc | >I7_Nextera_Transposase_1 | >Trans2_rc
CTGTCTCTTATACACATCTCCGAGCCCACGAGAC

Detecting adapter sequence for read2...
>I5_Nextera_Transposase_1 | >Trans1_rc | >I5_Nextera_Transposase_1 | >Trans1_rc
CTGTCTCTTATACACATCTGACGCTGCCGACGA

Read1 before filtering:
total reads: 1810483
total bases: 544955383
Q20 bases: 524532292(96.2523%)
Q30 bases: 492580814(90.3892%)
Q40 bases: 492580814(90.3892%)

Read2 before filtering:
total reads: 1810483
total bases: 544955383
Q20 bases: 538417580(98.8003%)
Q30 bases: 520999819(95.6041%)
Q40 bases: 520999819(95.6041%)

Read1 after filtering:
total reads: 1797694
total bases: 236527833
Q20 bases: 234614380(99.191%)
Q30 bases: 228788067(96.7278%)
Q40 bases: 228788067(96.7278%)

Read2 after filtering:
total reads: 1797694
total bases: 236322530
Q20 bases: 233227422(98.6903%)
Q30 bases: 223290794(94.4856%)
Q40 bases: 223290794(94.4856%)

Filtering result:
reads passed filter: 3595388
reads failed due to low quality: 23762
reads failed due to too many N: 60
reads failed due to too short: 1756
reads failed due to adapter dimer: 0
reads with adapter trimmed: 3585181
bases trimmed due to adapters: 175765670

Duplication rate: 58.0767%

Insert size peak (evaluated by paired-end reads): 292

JSON report: fastp.json
HTML report: fastp.html

fastp -w 6 -i /scratch4/workspace/jade_fiorilla_student_uml_edu-rawseqorcc/fastq/2024_Hyp06_Null_B45_gut_S183_R1_001.fastq.gz -I /scratch4/workspace/jade_fiorilla_student_uml_edu-rawseqorcc/fastq/2024_Hyp06_Null_B45_gut_S183_R2_001.fastq.gz -o /scratch4/workspace/jade_fiorilla_student_uml_edu-rawseqorcc/trimmed-fastp/2024_Hyp06_Null_B45_gut_S183_R1_trim.fastq.gz -O /scratch4/workspace/jade_fiorilla_student_uml_edu-rawseqorcc/trimmed-fastp/2024_Hyp06_Null_B45_gut_S183_R2_trim.fastq.gz --detect_adapter_for_pe 
fastp v1.3.7, time used: 12 seconds
Running fastp on: 2024_phase1_both01_hyp_filter_S107
Detecting adapter sequence for read1...
>I7_Nextera_Transposase_1 | >Trans2_rc | >I7_Nextera_Transposase_1 | >Trans2_rc
CTGTCTCTTATACACATCTCCGAGCCCACGAGAC

Detecting adapter sequence for read2...
>I5_Nextera_Transposase_1 | >Trans1_rc | >I5_Nextera_Transposase_1 | >Trans1_rc
CTGTCTCTTATACACATCTGACGCTGCCGACGA

Read1 before filtering:
total reads: 532638
total bases: 160324038
Q20 bases: 158499437(98.8619%)
Q30 bases: 153947550(96.0227%)
Q40 bases: 153947550(96.0227%)

Read2 before filtering:
total reads: 532638
total bases: 160324038
Q20 bases: 157616274(98.3111%)
Q30 bases: 150209590(93.6912%)
Q40 bases: 150209590(93.6912%)

Read1 after filtering:
total reads: 527932
total bases: 151387502
Q20 bases: 150210844(99.2228%)
Q30 bases: 146574091(96.8205%)
Q40 bases: 146574091(96.8205%)

Read2 after filtering:
total reads: 527932
total bases: 151388240
Q20 bases: 149372370(98.6684%)
Q30 bases: 142891588(94.3875%)
Q40 bases: 142891588(94.3875%)

Filtering result:
reads passed filter: 1055864
reads failed due to low quality: 8444
reads failed due to too many N: 38
reads failed due to too short: 930
reads failed due to adapter dimer: 0
reads with adapter trimmed: 1058837
bases trimmed due to adapters: 10928729

Duplication rate: 32.7371%

Insert size peak (evaluated by paired-end reads): 292

JSON report: fastp.json
HTML report: fastp.html

fastp -w 6 -i /scratch4/workspace/jade_fiorilla_student_uml_edu-rawseqorcc/fastq/2024_phase1_both01_hyp_filter_S107_R1_001.fastq.gz -I /scratch4/workspace/jade_fiorilla_student_uml_edu-rawseqorcc/fastq/2024_phase1_both01_hyp_filter_S107_R2_001.fastq.gz -o /scratch4/workspace/jade_fiorilla_student_uml_edu-rawseqorcc/trimmed-fastp/2024_phase1_both01_hyp_filter_S107_R1_trim.fastq.gz -O /scratch4/workspace/jade_fiorilla_student_uml_edu-rawseqorcc/trimmed-fastp/2024_phase1_both01_hyp_filter_S107_R2_trim.fastq.gz --detect_adapter_for_pe 
fastp v1.3.7, time used: 6 seconds
Running fastp on: 2024_phase1_both03_hyp_filter_S108
Detecting adapter sequence for read1...
>I7_Nextera_Transposase_1 | >Trans2_rc | >I7_Nextera_Transposase_1 | >Trans2_rc
CTGTCTCTTATACACATCTCCGAGCCCACGAGAC

Detecting adapter sequence for read2...
>I5_Nextera_Transposase_1 | >Trans1_rc | >I5_Nextera_Transposase_1 | >Trans1_rc
CTGTCTCTTATACACATCTGACGCTGCCGACGA

Read1 before filtering:
total reads: 602262
total bases: 181280862
Q20 bases: 179173077(98.8373%)
Q30 bases: 173911838(95.935%)
Q40 bases: 173911838(95.935%)

Read2 before filtering:
total reads: 602262
total bases: 181280862
Q20 bases: 178176198(98.2874%)
Q30 bases: 169681847(93.6016%)
Q40 bases: 169681847(93.6016%)

Read1 after filtering:
total reads: 596771
total bases: 171445512
Q20 bases: 170069984(99.1977%)
Q30 bases: 165827082(96.7229%)
Q40 bases: 165827082(96.7229%)

Read2 after filtering:
total reads: 596771
total bases: 171445305
Q20 bases: 169150821(98.6617%)
Q30 bases: 161756403(94.3487%)
Q40 bases: 161756403(94.3487%)

Filtering result:
reads passed filter: 1193542
reads failed due to low quality: 9854
reads failed due to too many N: 50
reads failed due to too short: 1078
reads failed due to adapter dimer: 0
reads with adapter trimmed: 1196888
bases trimmed due to adapters: 12168532

Duplication rate: 32.3205%

Insert size peak (evaluated by paired-end reads): 292

JSON report: fastp.json
HTML report: fastp.html

fastp -w 6 -i /scratch4/workspace/jade_fiorilla_student_uml_edu-rawseqorcc/fastq/2024_phase1_both03_hyp_filter_S108_R1_001.fastq.gz -I /scratch4/workspace/jade_fiorilla_student_uml_edu-rawseqorcc/fastq/2024_phase1_both03_hyp_filter_S108_R2_001.fastq.gz -o /scratch4/workspace/jade_fiorilla_student_uml_edu-rawseqorcc/trimmed-fastp/2024_phase1_both03_hyp_filter_S108_R1_trim.fastq.gz -O /scratch4/workspace/jade_fiorilla_student_uml_edu-rawseqorcc/trimmed-fastp/2024_phase1_both03_hyp_filter_S108_R2_trim.fastq.gz --detect_adapter_for_pe 
fastp v1.3.7, time used: 6 seconds
Running fastp on: 2024_phase1_both06_hyp_filter_S109
Detecting adapter sequence for read1...
>I7_Nextera_Transposase_1 | >Trans2_rc | >I7_Nextera_Transposase_1 | >Trans2_rc
CTGTCTCTTATACACATCTCCGAGCCCACGAGAC

Detecting adapter sequence for read2...
>I5_Nextera_Transposase_1 | >Trans1_rc | >I5_Nextera_Transposase_1 | >Trans1_rc
CTGTCTCTTATACACATCTGACGCTGCCGACGA

Read1 before filtering:
total reads: 726979
total bases: 218820679
Q20 bases: 216257928(98.8288%)
Q30 bases: 209318422(95.6575%)
Q40 bases: 209318422(95.6575%)

Read2 before filtering:
total reads: 726979
total bases: 218820679
Q20 bases: 215578450(98.5183%)
Q30 bases: 206051560(94.1646%)
Q40 bases: 206051560(94.1646%)

Read1 after filtering:
total reads: 721521
total bases: 207400065
Q20 bases: 205644786(99.1537%)
Q30 bases: 199878100(96.3732%)
Q40 bases: 199878100(96.3732%)

Read2 after filtering:
total reads: 721521
total bases: 207400365
Q20 bases: 204963267(98.8249%)
Q30 bases: 196606415(94.7956%)
Q40 bases: 196606415(94.7956%)

Filtering result:
reads passed filter: 1443042
reads failed due to low quality: 9820
reads failed due to too many N: 44
reads failed due to too short: 1052
reads failed due to adapter dimer: 0
reads with adapter trimmed: 1446633
bases trimmed due to adapters: 14651537

Duplication rate: 34.6414%

Insert size peak (evaluated by paired-end reads): 292

JSON report: fastp.json
HTML report: fastp.html

fastp -w 6 -i /scratch4/workspace/jade_fiorilla_student_uml_edu-rawseqorcc/fastq/2024_phase1_both06_hyp_filter_S109_R1_001.fastq.gz -I /scratch4/workspace/jade_fiorilla_student_uml_edu-rawseqorcc/fastq/2024_phase1_both06_hyp_filter_S109_R2_001.fastq.gz -o /scratch4/workspace/jade_fiorilla_student_uml_edu-rawseqorcc/trimmed-fastp/2024_phase1_both06_hyp_filter_S109_R1_trim.fastq.gz -O /scratch4/workspace/jade_fiorilla_student_uml_edu-rawseqorcc/trimmed-fastp/2024_phase1_both06_hyp_filter_S109_R2_trim.fastq.gz --detect_adapter_for_pe 
fastp v1.3.7, time used: 7 seconds
Running fastp on: 2024_phase1_Cont01_hyp_filter_S98
Detecting adapter sequence for read1...
>I7_Nextera_Transposase_1 | >Trans2_rc | >I7_Nextera_Transposase_1 | >Trans2_rc
CTGTCTCTTATACACATCTCCGAGCCCACGAGAC

Detecting adapter sequence for read2...
>I5_Nextera_Transposase_1 | >Trans1_rc | >I5_Nextera_Transposase_1 | >Trans1_rc
CTGTCTCTTATACACATCTGACGCTGCCGACGA

Read1 before filtering:
total reads: 770208
total bases: 231832608
Q20 bases: 228317233(98.4837%)
Q30 bases: 218910441(94.4261%)
Q40 bases: 218910441(94.4261%)

Read2 before filtering:
total reads: 770208
total bases: 231832608
Q20 bases: 228895298(98.733%)
Q30 bases: 219727086(94.7783%)
Q40 bases: 219727086(94.7783%)

Read1 after filtering:
total reads: 764480
total bases: 216290574
Q20 bases: 213990596(98.9366%)
Q30 bases: 206337130(95.3981%)
Q40 bases: 206337130(95.3981%)

Read2 after filtering:
total reads: 764480
total bases: 216286873
Q20 bases: 214112602(98.9947%)
Q30 bases: 206109770(95.2946%)
Q40 bases: 206109770(95.2946%)

Filtering result:
reads passed filter: 1528960
reads failed due to low quality: 10128
reads failed due to too many N: 78
reads failed due to too short: 1250
reads failed due to adapter dimer: 0
reads with adapter trimmed: 1532446
bases trimmed due to adapters: 17181780

Duplication rate: 34.6635%

Insert size peak (evaluated by paired-end reads): 292

JSON report: fastp.json
HTML report: fastp.html

fastp -w 6 -i /scratch4/workspace/jade_fiorilla_student_uml_edu-rawseqorcc/fastq/2024_phase1_Cont01_hyp_filter_S98_R1_001.fastq.gz -I /scratch4/workspace/jade_fiorilla_student_uml_edu-rawseqorcc/fastq/2024_phase1_Cont01_hyp_filter_S98_R2_001.fastq.gz -o /scratch4/workspace/jade_fiorilla_student_uml_edu-rawseqorcc/trimmed-fastp/2024_phase1_Cont01_hyp_filter_S98_R1_trim.fastq.gz -O /scratch4/workspace/jade_fiorilla_student_uml_edu-rawseqorcc/trimmed-fastp/2024_phase1_Cont01_hyp_filter_S98_R2_trim.fastq.gz --detect_adapter_for_pe 
fastp v1.3.7, time used: 7 seconds
Running fastp on: 2024_phase1_cont03_hyp_filter_S99
Detecting adapter sequence for read1...
>I7_Nextera_Transposase_1 | >Trans2_rc | >I7_Nextera_Transposase_1 | >Trans2_rc
CTGTCTCTTATACACATCTCCGAGCCCACGAGAC

Detecting adapter sequence for read2...
>I5_Nextera_Transposase_1 | >Trans1_rc | >I5_Nextera_Transposase_1 | >Trans1_rc
CTGTCTCTTATACACATCTGACGCTGCCGACGA

Read1 before filtering:
total reads: 656309
total bases: 197549009
Q20 bases: 195303845(98.8635%)
Q30 bases: 189670879(96.0121%)
Q40 bases: 189670879(96.0121%)

Read2 before filtering:
total reads: 656309
total bases: 197549009
Q20 bases: 194427030(98.4196%)
Q30 bases: 185563978(93.9331%)
Q40 bases: 185563978(93.9331%)

Read1 after filtering:
total reads: 650984
total bases: 184997413
Q20 bases: 183638751(99.2656%)
Q30 bases: 179286673(96.9131%)
Q40 bases: 179286673(96.9131%)

Read2 after filtering:
total reads: 650984
total bases: 184996306
Q20 bases: 182665073(98.7398%)
Q30 bases: 174912344(94.5491%)
Q40 bases: 174912344(94.5491%)

Filtering result:
reads passed filter: 1301968
reads failed due to low quality: 9590
reads failed due to too many N: 36
reads failed due to too short: 1024
reads failed due to adapter dimer: 0
reads with adapter trimmed: 1304916
bases trimmed due to adapters: 14243280

Duplication rate: 35.4455%

Insert size peak (evaluated by paired-end reads): 292

JSON report: fastp.json
HTML report: fastp.html

fastp -w 6 -i /scratch4/workspace/jade_fiorilla_student_uml_edu-rawseqorcc/fastq/2024_phase1_cont03_hyp_filter_S99_R1_001.fastq.gz -I /scratch4/workspace/jade_fiorilla_student_uml_edu-rawseqorcc/fastq/2024_phase1_cont03_hyp_filter_S99_R2_001.fastq.gz -o /scratch4/workspace/jade_fiorilla_student_uml_edu-rawseqorcc/trimmed-fastp/2024_phase1_cont03_hyp_filter_S99_R1_trim.fastq.gz -O /scratch4/workspace/jade_fiorilla_student_uml_edu-rawseqorcc/trimmed-fastp/2024_phase1_cont03_hyp_filter_S99_R2_trim.fastq.gz --detect_adapter_for_pe 
fastp v1.3.7, time used: 7 seconds
Running fastp on: 2024_phase1_cont06_hyp_filter_S100
Detecting adapter sequence for read1...
>I7_Nextera_Transposase_1 | >Trans2_rc | >I7_Nextera_Transposase_1 | >Trans2_rc
CTGTCTCTTATACACATCTCCGAGCCCACGAGAC

Detecting adapter sequence for read2...
>I5_Nextera_Transposase_1 | >Trans1_rc | >I5_Nextera_Transposase_1 | >Trans1_rc
CTGTCTCTTATACACATCTGACGCTGCCGACGA

Read1 before filtering:
total reads: 460817
total bases: 138705917
Q20 bases: 136994666(98.7663%)
Q30 bases: 132741479(95.6999%)
Q40 bases: 132741479(95.6999%)

Read2 before filtering:
total reads: 460817
total bases: 138705917
Q20 bases: 136412178(98.3463%)
Q30 bases: 130024445(93.7411%)
Q40 bases: 130024445(93.7411%)

Read1 after filtering:
total reads: 456668
total bases: 130037914
Q20 bases: 128992163(99.1958%)
Q30 bases: 125678475(96.6476%)
Q40 bases: 125678475(96.6476%)

Read2 after filtering:
total reads: 456668
total bases: 130034881
Q20 bases: 128356884(98.7096%)
Q30 bases: 122820350(94.4518%)
Q40 bases: 122820350(94.4518%)

Filtering result:
reads passed filter: 913336
reads failed due to low quality: 7484
reads failed due to too many N: 44
reads failed due to too short: 770
reads failed due to adapter dimer: 0
reads with adapter trimmed: 915446
bases trimmed due to adapters: 9847422

Duplication rate: 30.8682%

Insert size peak (evaluated by paired-end reads): 292

JSON report: fastp.json
HTML report: fastp.html

fastp -w 6 -i /scratch4/workspace/jade_fiorilla_student_uml_edu-rawseqorcc/fastq/2024_phase1_cont06_hyp_filter_S100_R1_001.fastq.gz -I /scratch4/workspace/jade_fiorilla_student_uml_edu-rawseqorcc/fastq/2024_phase1_cont06_hyp_filter_S100_R2_001.fastq.gz -o /scratch4/workspace/jade_fiorilla_student_uml_edu-rawseqorcc/trimmed-fastp/2024_phase1_cont06_hyp_filter_S100_R1_trim.fastq.gz -O /scratch4/workspace/jade_fiorilla_student_uml_edu-rawseqorcc/trimmed-fastp/2024_phase1_cont06_hyp_filter_S100_R2_trim.fastq.gz --detect_adapter_for_pe 
fastp v1.3.7, time used: 5 seconds
Running fastp on: 2024_phase1_hyp01_hyp_filter_S104
Detecting adapter sequence for read1...
>I7_Nextera_Transposase_1 | >Trans2_rc | >I7_Nextera_Transposase_1 | >Trans2_rc
CTGTCTCTTATACACATCTCCGAGCCCACGAGAC

Detecting adapter sequence for read2...
>I5_Nextera_Transposase_1 | >Trans1_rc | >I5_Nextera_Transposase_1 | >Trans1_rc
CTGTCTCTTATACACATCTGACGCTGCCGACGA

Read1 before filtering:
total reads: 850091
total bases: 255877391
Q20 bases: 253092187(98.9115%)
Q30 bases: 245957580(96.1232%)
Q40 bases: 245957580(96.1232%)

Read2 before filtering:
total reads: 850091
total bases: 255877391
Q20 bases: 251835325(98.4203%)
Q30 bases: 240348469(93.9311%)
Q40 bases: 240348469(93.9311%)

Read1 after filtering:
total reads: 843388
total bases: 241239662
Q20 bases: 239452141(99.259%)
Q30 bases: 233762055(96.9003%)
Q40 bases: 233762055(96.9003%)

Read2 after filtering:
total reads: 843388
total bases: 241242909
Q20 bases: 238204189(98.7404%)
Q30 bases: 228137484(94.5675%)
Q40 bases: 228137484(94.5675%)

Filtering result:
reads passed filter: 1686776
reads failed due to low quality: 12004
reads failed due to too many N: 58
reads failed due to too short: 1344
reads failed due to adapter dimer: 0
reads with adapter trimmed: 1690892
bases trimmed due to adapters: 17743975

Duplication rate: 36.5083%

Insert size peak (evaluated by paired-end reads): 292

JSON report: fastp.json
HTML report: fastp.html

fastp -w 6 -i /scratch4/workspace/jade_fiorilla_student_uml_edu-rawseqorcc/fastq/2024_phase1_hyp01_hyp_filter_S104_R1_001.fastq.gz -I /scratch4/workspace/jade_fiorilla_student_uml_edu-rawseqorcc/fastq/2024_phase1_hyp01_hyp_filter_S104_R2_001.fastq.gz -o /scratch4/workspace/jade_fiorilla_student_uml_edu-rawseqorcc/trimmed-fastp/2024_phase1_hyp01_hyp_filter_S104_R1_trim.fastq.gz -O /scratch4/workspace/jade_fiorilla_student_uml_edu-rawseqorcc/trimmed-fastp/2024_phase1_hyp01_hyp_filter_S104_R2_trim.fastq.gz --detect_adapter_for_pe 
fastp v1.3.7, time used: 7 seconds
Running fastp on: 2024_phase1_hyp03_hyp_filter_S105
Detecting adapter sequence for read1...
>I7_Nextera_Transposase_1 | >Trans2_rc | >I7_Nextera_Transposase_1 | >Trans2_rc
CTGTCTCTTATACACATCTCCGAGCCCACGAGAC

Detecting adapter sequence for read2...
>I5_Nextera_Transposase_1 | >Trans1_rc | >I5_Nextera_Transposase_1 | >Trans1_rc
CTGTCTCTTATACACATCTGACGCTGCCGACGA

Read1 before filtering:
total reads: 496486
total bases: 149442286
Q20 bases: 147803299(98.9033%)
Q30 bases: 143582736(96.0791%)
Q40 bases: 143582736(96.0791%)

Read2 before filtering:
total reads: 496486
total bases: 149442286
Q20 bases: 146920356(98.3124%)
Q30 bases: 139980367(93.6685%)
Q40 bases: 139980367(93.6685%)

Read1 after filtering:
total reads: 492344
total bases: 141606041
Q20 bases: 140507407(99.2242%)
Q30 bases: 137077134(96.8018%)
Q40 bases: 137077134(96.8018%)

Read2 after filtering:
total reads: 492344
total bases: 141608548
Q20 bases: 139730454(98.6737%)
Q30 bases: 133649413(94.3795%)
Q40 bases: 133649413(94.3795%)

Filtering result:
reads passed filter: 984688
reads failed due to low quality: 7508
reads failed due to too many N: 38
reads failed due to too short: 738
reads failed due to adapter dimer: 0
reads with adapter trimmed: 987156
bases trimmed due to adapters: 9955476

Duplication rate: 34.0719%

Insert size peak (evaluated by paired-end reads): 292

JSON report: fastp.json
HTML report: fastp.html

fastp -w 6 -i /scratch4/workspace/jade_fiorilla_student_uml_edu-rawseqorcc/fastq/2024_phase1_hyp03_hyp_filter_S105_R1_001.fastq.gz -I /scratch4/workspace/jade_fiorilla_student_uml_edu-rawseqorcc/fastq/2024_phase1_hyp03_hyp_filter_S105_R2_001.fastq.gz -o /scratch4/workspace/jade_fiorilla_student_uml_edu-rawseqorcc/trimmed-fastp/2024_phase1_hyp03_hyp_filter_S105_R1_trim.fastq.gz -O /scratch4/workspace/jade_fiorilla_student_uml_edu-rawseqorcc/trimmed-fastp/2024_phase1_hyp03_hyp_filter_S105_R2_trim.fastq.gz --detect_adapter_for_pe 
fastp v1.3.7, time used: 5 seconds
Running fastp on: 2024_phase1_hyp06_hyp_filter_S106
Detecting adapter sequence for read1...
>I7_Nextera_Transposase_1 | >Trans2_rc | >I7_Nextera_Transposase_1 | >Trans2_rc
CTGTCTCTTATACACATCTCCGAGCCCACGAGAC

Detecting adapter sequence for read2...
>I5_Nextera_Transposase_1 | >Trans1_rc | >I5_Nextera_Transposase_1 | >Trans1_rc
CTGTCTCTTATACACATCTGACGCTGCCGACGA

Read1 before filtering:
total reads: 884452
total bases: 266220052
Q20 bases: 263457578(98.9623%)
Q30 bases: 256238334(96.2506%)
Q40 bases: 256238334(96.2506%)

Read2 before filtering:
total reads: 884452
total bases: 266220052
Q20 bases: 261950085(98.3961%)
Q30 bases: 249870689(93.8587%)
Q40 bases: 249870689(93.8587%)

Read1 after filtering:
total reads: 877470
total bases: 253449304
Q20 bases: 251563836(99.2561%)
Q30 bases: 245598432(96.9024%)
Q40 bases: 245598432(96.9024%)

Read2 after filtering:
total reads: 877470
total bases: 253451043
Q20 bases: 250228281(98.7284%)
Q30 bases: 239606398(94.5375%)
Q40 bases: 239606398(94.5375%)

Filtering result:
reads passed filter: 1754940
reads failed due to low quality: 12674
reads failed due to too many N: 48
reads failed due to too short: 1242
reads failed due to adapter dimer: 0
reads with adapter trimmed: 1759396
bases trimmed due to adapters: 17202591

Duplication rate: 37.7526%

Insert size peak (evaluated by paired-end reads): 292

JSON report: fastp.json
HTML report: fastp.html

fastp -w 6 -i /scratch4/workspace/jade_fiorilla_student_uml_edu-rawseqorcc/fastq/2024_phase1_hyp06_hyp_filter_S106_R1_001.fastq.gz -I /scratch4/workspace/jade_fiorilla_student_uml_edu-rawseqorcc/fastq/2024_phase1_hyp06_hyp_filter_S106_R2_001.fastq.gz -o /scratch4/workspace/jade_fiorilla_student_uml_edu-rawseqorcc/trimmed-fastp/2024_phase1_hyp06_hyp_filter_S106_R1_trim.fastq.gz -O /scratch4/workspace/jade_fiorilla_student_uml_edu-rawseqorcc/trimmed-fastp/2024_phase1_hyp06_hyp_filter_S106_R2_trim.fastq.gz --detect_adapter_for_pe 
fastp v1.3.7, time used: 8 seconds
Running fastp on: 2024_phase1_warm01_hyp_filter_S101
Detecting adapter sequence for read1...
>I7_Nextera_Transposase_1 | >Trans2_rc | >I7_Nextera_Transposase_1 | >Trans2_rc
CTGTCTCTTATACACATCTCCGAGCCCACGAGAC

Detecting adapter sequence for read2...
>I5_Nextera_Transposase_1 | >Trans1_rc | >I5_Nextera_Transposase_1 | >Trans1_rc
CTGTCTCTTATACACATCTGACGCTGCCGACGA

Read1 before filtering:
total reads: 672878
total bases: 202536278
Q20 bases: 198616733(98.0648%)
Q30 bases: 187069130(92.3633%)
Q40 bases: 187069130(92.3633%)

Read2 before filtering:
total reads: 672878
total bases: 202536278
Q20 bases: 200350424(98.9208%)
Q30 bases: 192950172(95.267%)
Q40 bases: 192950172(95.267%)

Read1 after filtering:
total reads: 668138
total bases: 192611362
Q20 bases: 189587680(98.4302%)
Q30 bases: 179361440(93.1209%)
Q40 bases: 179361440(93.1209%)

Read2 after filtering:
total reads: 668138
total bases: 192605978
Q20 bases: 191000647(99.1665%)
Q30 bases: 184513362(95.7984%)
Q40 bases: 184513362(95.7984%)

Filtering result:
reads passed filter: 1336276
reads failed due to low quality: 8274
reads failed due to too many N: 44
reads failed due to too short: 1162
reads failed due to adapter dimer: 0
reads with adapter trimmed: 1339371
bases trimmed due to adapters: 13236882

Duplication rate: 29.3465%

Insert size peak (evaluated by paired-end reads): 292

JSON report: fastp.json
HTML report: fastp.html

fastp -w 6 -i /scratch4/workspace/jade_fiorilla_student_uml_edu-rawseqorcc/fastq/2024_phase1_warm01_hyp_filter_S101_R1_001.fastq.gz -I /scratch4/workspace/jade_fiorilla_student_uml_edu-rawseqorcc/fastq/2024_phase1_warm01_hyp_filter_S101_R2_001.fastq.gz -o /scratch4/workspace/jade_fiorilla_student_uml_edu-rawseqorcc/trimmed-fastp/2024_phase1_warm01_hyp_filter_S101_R1_trim.fastq.gz -O /scratch4/workspace/jade_fiorilla_student_uml_edu-rawseqorcc/trimmed-fastp/2024_phase1_warm01_hyp_filter_S101_R2_trim.fastq.gz --detect_adapter_for_pe 
fastp v1.3.7, time used: 7 seconds
Running fastp on: 2024_phase1_warm03_hyp_filter_S102
Detecting adapter sequence for read1...
>I7_Nextera_Transposase_1 | >Trans2_rc | >I7_Nextera_Transposase_1 | >Trans2_rc
CTGTCTCTTATACACATCTCCGAGCCCACGAGAC

Detecting adapter sequence for read2...
>I5_Nextera_Transposase_1 | >Trans1_rc | >I5_Nextera_Transposase_1 | >Trans1_rc
CTGTCTCTTATACACATCTGACGCTGCCGACGA

Read1 before filtering:
total reads: 543657
total bases: 163640757
Q20 bases: 161760762(98.8511%)
Q30 bases: 157044537(95.9691%)
Q40 bases: 157044537(95.9691%)

Read2 before filtering:
total reads: 543657
total bases: 163640757
Q20 bases: 160921279(98.3381%)
Q30 bases: 153344120(93.7078%)
Q40 bases: 153344120(93.7078%)

Read1 after filtering:
total reads: 539225
total bases: 154026193
Q20 bases: 152847702(99.2349%)
Q30 bases: 149142657(96.8294%)
Q40 bases: 149142657(96.8294%)

Read2 after filtering:
total reads: 539225
total bases: 154024646
Q20 bases: 152000976(98.6861%)
Q30 bases: 145397795(94.399%)
Q40 bases: 145397795(94.399%)

Filtering result:
reads passed filter: 1078450
reads failed due to low quality: 7936
reads failed due to too many N: 42
reads failed due to too short: 886
reads failed due to adapter dimer: 0
reads with adapter trimmed: 1080828
bases trimmed due to adapters: 11417545

Duplication rate: 31.9183%

Insert size peak (evaluated by paired-end reads): 292

JSON report: fastp.json
HTML report: fastp.html

fastp -w 6 -i /scratch4/workspace/jade_fiorilla_student_uml_edu-rawseqorcc/fastq/2024_phase1_warm03_hyp_filter_S102_R1_001.fastq.gz -I /scratch4/workspace/jade_fiorilla_student_uml_edu-rawseqorcc/fastq/2024_phase1_warm03_hyp_filter_S102_R2_001.fastq.gz -o /scratch4/workspace/jade_fiorilla_student_uml_edu-rawseqorcc/trimmed-fastp/2024_phase1_warm03_hyp_filter_S102_R1_trim.fastq.gz -O /scratch4/workspace/jade_fiorilla_student_uml_edu-rawseqorcc/trimmed-fastp/2024_phase1_warm03_hyp_filter_S102_R2_trim.fastq.gz --detect_adapter_for_pe 
fastp v1.3.7, time used: 6 seconds
Running fastp on: 2024_phase1_warm06_hyp_filter_S103
Detecting adapter sequence for read1...
>I7_Nextera_Transposase_1 | >Trans2_rc | >I7_Nextera_Transposase_1 | >Trans2_rc
CTGTCTCTTATACACATCTCCGAGCCCACGAGAC

Detecting adapter sequence for read2...
>I5_Nextera_Transposase_1 | >Trans1_rc | >I5_Nextera_Transposase_1 | >Trans1_rc
CTGTCTCTTATACACATCTGACGCTGCCGACGA

Read1 before filtering:
total reads: 737748
total bases: 222062148
Q20 bases: 219447163(98.8224%)
Q30 bases: 213056736(95.9446%)
Q40 bases: 213056736(95.9446%)

Read2 before filtering:
total reads: 737748
total bases: 222062148
Q20 bases: 218600506(98.4411%)
Q30 bases: 208810912(94.0326%)
Q40 bases: 208810912(94.0326%)

Read1 after filtering:
total reads: 732038
total bases: 205442194
Q20 bases: 203948947(99.2732%)
Q30 bases: 199165596(96.9448%)
Q40 bases: 199165596(96.9448%)

Read2 after filtering:
total reads: 732038
total bases: 205435361
Q20 bases: 202895111(98.7635%)
Q30 bases: 194425396(94.6407%)
Q40 bases: 194425396(94.6407%)

Filtering result:
reads passed filter: 1464076
reads failed due to low quality: 10362
reads failed due to too many N: 44
reads failed due to too short: 1014
reads failed due to adapter dimer: 0
reads with adapter trimmed: 1467488
bases trimmed due to adapters: 17360530

Duplication rate: 38.1262%

Insert size peak (evaluated by paired-end reads): 292

JSON report: fastp.json
HTML report: fastp.html

fastp -w 6 -i /scratch4/workspace/jade_fiorilla_student_uml_edu-rawseqorcc/fastq/2024_phase1_warm06_hyp_filter_S103_R1_001.fastq.gz -I /scratch4/workspace/jade_fiorilla_student_uml_edu-rawseqorcc/fastq/2024_phase1_warm06_hyp_filter_S103_R2_001.fastq.gz -o /scratch4/workspace/jade_fiorilla_student_uml_edu-rawseqorcc/trimmed-fastp/2024_phase1_warm06_hyp_filter_S103_R1_trim.fastq.gz -O /scratch4/workspace/jade_fiorilla_student_uml_edu-rawseqorcc/trimmed-fastp/2024_phase1_warm06_hyp_filter_S103_R2_trim.fastq.gz --detect_adapter_for_pe 
fastp v1.3.7, time used: 6 seconds
Running fastp on: 2024_phase2_Both01_Hyp_filter_S119
Detecting adapter sequence for read1...
>I7_Nextera_Transposase_1 | >Trans2_rc | >I7_Nextera_Transposase_1 | >Trans2_rc
CTGTCTCTTATACACATCTCCGAGCCCACGAGAC

Detecting adapter sequence for read2...
>I5_Nextera_Transposase_1 | >Trans1_rc | >I5_Nextera_Transposase_1 | >Trans1_rc
CTGTCTCTTATACACATCTGACGCTGCCGACGA

Read1 before filtering:
total reads: 526199
total bases: 158385899
Q20 bases: 156689849(98.9292%)
Q30 bases: 152278170(96.1438%)
Q40 bases: 152278170(96.1438%)

Read2 before filtering:
total reads: 526199
total bases: 158385899
Q20 bases: 155888180(98.423%)
Q30 bases: 148799817(93.9476%)
Q40 bases: 148799817(93.9476%)

Read1 after filtering:
total reads: 522017
total bases: 149659361
Q20 bases: 148579509(99.2785%)
Q30 bases: 145065276(96.9303%)
Q40 bases: 145065276(96.9303%)

Read2 after filtering:
total reads: 522017
total bases: 149657498
Q20 bases: 147786034(98.7495%)
Q30 bases: 141568262(94.5948%)
Q40 bases: 141568262(94.5948%)

Filtering result:
reads passed filter: 1044034
reads failed due to low quality: 7476
reads failed due to too many N: 52
reads failed due to too short: 836
reads failed due to adapter dimer: 0
reads with adapter trimmed: 1046189
bases trimmed due to adapters: 10698242

Duplication rate: 37.2638%

Insert size peak (evaluated by paired-end reads): 292

JSON report: fastp.json
HTML report: fastp.html

fastp -w 6 -i /scratch4/workspace/jade_fiorilla_student_uml_edu-rawseqorcc/fastq/2024_phase2_Both01_Hyp_filter_S119_R1_001.fastq.gz -I /scratch4/workspace/jade_fiorilla_student_uml_edu-rawseqorcc/fastq/2024_phase2_Both01_Hyp_filter_S119_R2_001.fastq.gz -o /scratch4/workspace/jade_fiorilla_student_uml_edu-rawseqorcc/trimmed-fastp/2024_phase2_Both01_Hyp_filter_S119_R1_trim.fastq.gz -O /scratch4/workspace/jade_fiorilla_student_uml_edu-rawseqorcc/trimmed-fastp/2024_phase2_Both01_Hyp_filter_S119_R2_trim.fastq.gz --detect_adapter_for_pe 
fastp v1.3.7, time used: 5 seconds
Running fastp on: 2024_phase2_Both01_Norm_filter_S131
Detecting adapter sequence for read1...
>I7_Nextera_Transposase_1 | >Trans2_rc | >I7_Nextera_Transposase_1 | >Trans2_rc
CTGTCTCTTATACACATCTCCGAGCCCACGAGAC

Detecting adapter sequence for read2...
>I5_Nextera_Transposase_1 | >Trans1_rc | >I5_Nextera_Transposase_1 | >Trans1_rc
CTGTCTCTTATACACATCTGACGCTGCCGACGA

Read1 before filtering:
total reads: 867032
total bases: 260976632
Q20 bases: 258374764(99.003%)
Q30 bases: 251213632(96.2591%)
Q40 bases: 251213632(96.2591%)

Read2 before filtering:
total reads: 867032
total bases: 260976632
Q20 bases: 256825926(98.4095%)
Q30 bases: 244957522(93.8619%)
Q40 bases: 244957522(93.8619%)

Read1 after filtering:
total reads: 859660
total bases: 253368786
Q20 bases: 251444753(99.2406%)
Q30 bases: 245138646(96.7517%)
Q40 bases: 245138646(96.7517%)

Read2 after filtering:
total reads: 859660
total bases: 253373573
Q20 bases: 250099636(98.7079%)
Q30 bases: 239312851(94.4506%)
Q40 bases: 239312851(94.4506%)

Filtering result:
reads passed filter: 1719320
reads failed due to low quality: 11998
reads failed due to too many N: 48
reads failed due to too short: 2684
reads failed due to adapter dimer: 14
reads with adapter trimmed: 1718269
bases trimmed due to adapters: 9226348

Duplication rate: 20.7267%

Insert size peak (evaluated by paired-end reads): 296

JSON report: fastp.json
HTML report: fastp.html

fastp -w 6 -i /scratch4/workspace/jade_fiorilla_student_uml_edu-rawseqorcc/fastq/2024_phase2_Both01_Norm_filter_S131_R1_001.fastq.gz -I /scratch4/workspace/jade_fiorilla_student_uml_edu-rawseqorcc/fastq/2024_phase2_Both01_Norm_filter_S131_R2_001.fastq.gz -o /scratch4/workspace/jade_fiorilla_student_uml_edu-rawseqorcc/trimmed-fastp/2024_phase2_Both01_Norm_filter_S131_R1_trim.fastq.gz -O /scratch4/workspace/jade_fiorilla_student_uml_edu-rawseqorcc/trimmed-fastp/2024_phase2_Both01_Norm_filter_S131_R2_trim.fastq.gz --detect_adapter_for_pe 
fastp v1.3.7, time used: 18 seconds
Running fastp on: 2024_phase2_Both03_Hyp_filter_S120
Detecting adapter sequence for read1...
>I7_Nextera_Transposase_1 | >Trans2_rc | >I7_Nextera_Transposase_1 | >Trans2_rc
CTGTCTCTTATACACATCTCCGAGCCCACGAGAC

Detecting adapter sequence for read2...
>I5_Nextera_Transposase_1 | >Trans1_rc | >I5_Nextera_Transposase_1 | >Trans1_rc
CTGTCTCTTATACACATCTGACGCTGCCGACGA

Read1 before filtering:
total reads: 755255
total bases: 227331755
Q20 bases: 224860767(98.913%)
Q30 bases: 218405623(96.0735%)
Q40 bases: 218405623(96.0735%)

Read2 before filtering:
total reads: 755255
total bases: 227331755
Q20 bases: 223716920(98.4099%)
Q30 bases: 213445038(93.8914%)
Q40 bases: 213445038(93.8914%)

Read1 after filtering:
total reads: 749289
total bases: 215191250
Q20 bases: 213582549(99.2524%)
Q30 bases: 208393160(96.8409%)
Q40 bases: 208393160(96.8409%)

Read2 after filtering:
total reads: 749289
total bases: 215191216
Q20 bases: 212469206(98.7351%)
Q30 bases: 203442495(94.5403%)
Q40 bases: 203442495(94.5403%)

Filtering result:
reads passed filter: 1498578
reads failed due to low quality: 10794
reads failed due to too many N: 42
reads failed due to too short: 1096
reads failed due to adapter dimer: 0
reads with adapter trimmed: 1501895
bases trimmed due to adapters: 15221496

Duplication rate: 38.7782%

Insert size peak (evaluated by paired-end reads): 292

JSON report: fastp.json
HTML report: fastp.html

fastp -w 6 -i /scratch4/workspace/jade_fiorilla_student_uml_edu-rawseqorcc/fastq/2024_phase2_Both03_Hyp_filter_S120_R1_001.fastq.gz -I /scratch4/workspace/jade_fiorilla_student_uml_edu-rawseqorcc/fastq/2024_phase2_Both03_Hyp_filter_S120_R2_001.fastq.gz -o /scratch4/workspace/jade_fiorilla_student_uml_edu-rawseqorcc/trimmed-fastp/2024_phase2_Both03_Hyp_filter_S120_R1_trim.fastq.gz -O /scratch4/workspace/jade_fiorilla_student_uml_edu-rawseqorcc/trimmed-fastp/2024_phase2_Both03_Hyp_filter_S120_R2_trim.fastq.gz --detect_adapter_for_pe 
fastp v1.3.7, time used: 7 seconds
Running fastp on: 2024_phase2_Both03_Norm_filter_S132
Detecting adapter sequence for read1...
>I7_Nextera_Transposase_1 | >Trans2_rc | >I7_Nextera_Transposase_1 | >Trans2_rc
CTGTCTCTTATACACATCTCCGAGCCCACGAGAC

Detecting adapter sequence for read2...
>I5_Nextera_Transposase_1 | >Trans1_rc | >I5_Nextera_Transposase_1 | >Trans1_rc
CTGTCTCTTATACACATCTGACGCTGCCGACGA

Read1 before filtering:
total reads: 1151092
total bases: 346478692
Q20 bases: 342925773(98.9746%)
Q30 bases: 333262997(96.1857%)
Q40 bases: 333262997(96.1857%)

Read2 before filtering:
total reads: 1151092
total bases: 346478692
Q20 bases: 340970791(98.4103%)
Q30 bases: 325285127(93.8832%)
Q40 bases: 325285127(93.8832%)

Read1 after filtering:
total reads: 1140938
total bases: 336774168
Q20 bases: 334141732(99.2183%)
Q30 bases: 325593096(96.6799%)
Q40 bases: 325593096(96.6799%)

Read2 after filtering:
total reads: 1140938
total bases: 336782052
Q20 bases: 332470289(98.7197%)
Q30 bases: 318250673(94.4975%)
Q40 bases: 318250673(94.4975%)

Filtering result:
reads passed filter: 2281876
reads failed due to low quality: 16680
reads failed due to too many N: 60
reads failed due to too short: 3556
reads failed due to adapter dimer: 12
reads with adapter trimmed: 2280318
bases trimmed due to adapters: 11928827

Duplication rate: 20.6513%

Insert size peak (evaluated by paired-end reads): 296

JSON report: fastp.json
HTML report: fastp.html

fastp -w 6 -i /scratch4/workspace/jade_fiorilla_student_uml_edu-rawseqorcc/fastq/2024_phase2_Both03_Norm_filter_S132_R1_001.fastq.gz -I /scratch4/workspace/jade_fiorilla_student_uml_edu-rawseqorcc/fastq/2024_phase2_Both03_Norm_filter_S132_R2_001.fastq.gz -o /scratch4/workspace/jade_fiorilla_student_uml_edu-rawseqorcc/trimmed-fastp/2024_phase2_Both03_Norm_filter_S132_R1_trim.fastq.gz -O /scratch4/workspace/jade_fiorilla_student_uml_edu-rawseqorcc/trimmed-fastp/2024_phase2_Both03_Norm_filter_S132_R2_trim.fastq.gz --detect_adapter_for_pe 
fastp v1.3.7, time used: 22 seconds
Running fastp on: 2024_phase2_Both06_Hyp_filter_S121
Detecting adapter sequence for read1...
>I7_Nextera_Transposase_1 | >Trans2_rc | >I7_Nextera_Transposase_1 | >Trans2_rc
CTGTCTCTTATACACATCTCCGAGCCCACGAGAC

Detecting adapter sequence for read2...
>I5_Nextera_Transposase_1 | >Trans1_rc | >I5_Nextera_Transposase_1 | >Trans1_rc
CTGTCTCTTATACACATCTGACGCTGCCGACGA

Read1 before filtering:
total reads: 571788
total bases: 172108188
Q20 bases: 170055175(98.8071%)
Q30 bases: 164883788(95.8024%)
Q40 bases: 164883788(95.8024%)

Read2 before filtering:
total reads: 571788
total bases: 172108188
Q20 bases: 169316901(98.3782%)
Q30 bases: 161504198(93.8388%)
Q40 bases: 161504198(93.8388%)

Read1 after filtering:
total reads: 567096
total bases: 160003624
Q20 bases: 158786538(99.2393%)
Q30 bases: 154837646(96.7713%)
Q40 bases: 154837646(96.7713%)

Read2 after filtering:
total reads: 567096
total bases: 160002546
Q20 bases: 157928734(98.7039%)
Q30 bases: 151109852(94.4422%)
Q40 bases: 151109852(94.4422%)

Filtering result:
reads passed filter: 1134192
reads failed due to low quality: 8440
reads failed due to too many N: 60
reads failed due to too short: 884
reads failed due to adapter dimer: 0
reads with adapter trimmed: 1136640
bases trimmed due to adapters: 12894221

Duplication rate: 39.4561%

Insert size peak (evaluated by paired-end reads): 292

JSON report: fastp.json
HTML report: fastp.html

fastp -w 6 -i /scratch4/workspace/jade_fiorilla_student_uml_edu-rawseqorcc/fastq/2024_phase2_Both06_Hyp_filter_S121_R1_001.fastq.gz -I /scratch4/workspace/jade_fiorilla_student_uml_edu-rawseqorcc/fastq/2024_phase2_Both06_Hyp_filter_S121_R2_001.fastq.gz -o /scratch4/workspace/jade_fiorilla_student_uml_edu-rawseqorcc/trimmed-fastp/2024_phase2_Both06_Hyp_filter_S121_R1_trim.fastq.gz -O /scratch4/workspace/jade_fiorilla_student_uml_edu-rawseqorcc/trimmed-fastp/2024_phase2_Both06_Hyp_filter_S121_R2_trim.fastq.gz --detect_adapter_for_pe 
fastp v1.3.7, time used: 6 seconds
Running fastp on: 2024_phase2_Both06_Norm_filter_S133
Detecting adapter sequence for read1...
>I7_Nextera_Transposase_1 | >Trans2_rc | >I7_Nextera_Transposase_1 | >Trans2_rc
CTGTCTCTTATACACATCTCCGAGCCCACGAGAC

Detecting adapter sequence for read2...
>I5_Nextera_Transposase_1 | >Trans1_rc | >I5_Nextera_Transposase_1 | >Trans1_rc
CTGTCTCTTATACACATCTGACGCTGCCGACGA

Read1 before filtering:
total reads: 823820
total bases: 247969820
Q20 bases: 245042756(98.8196%)
Q30 bases: 236591943(95.4116%)
Q40 bases: 236591943(95.4116%)

Read2 before filtering:
total reads: 823820
total bases: 247969820
Q20 bases: 244516322(98.6073%)
Q30 bases: 234139497(94.4226%)
Q40 bases: 234139497(94.4226%)

Read1 after filtering:
total reads: 816841
total bases: 240789302
Q20 bases: 238566017(99.0767%)
Q30 bases: 230988596(95.9298%)
Q40 bases: 230988596(95.9298%)

Read2 after filtering:
total reads: 816841
total bases: 240796079
Q20 bases: 238136938(98.8957%)
Q30 bases: 228752887(94.9986%)
Q40 bases: 228752887(94.9986%)

Filtering result:
reads passed filter: 1633682
reads failed due to low quality: 11384
reads failed due to too many N: 66
reads failed due to too short: 2496
reads failed due to adapter dimer: 12
reads with adapter trimmed: 1633463
bases trimmed due to adapters: 8745252

Duplication rate: 19.0526%

Insert size peak (evaluated by paired-end reads): 296

JSON report: fastp.json
HTML report: fastp.html

fastp -w 6 -i /scratch4/workspace/jade_fiorilla_student_uml_edu-rawseqorcc/fastq/2024_phase2_Both06_Norm_filter_S133_R1_001.fastq.gz -I /scratch4/workspace/jade_fiorilla_student_uml_edu-rawseqorcc/fastq/2024_phase2_Both06_Norm_filter_S133_R2_001.fastq.gz -o /scratch4/workspace/jade_fiorilla_student_uml_edu-rawseqorcc/trimmed-fastp/2024_phase2_Both06_Norm_filter_S133_R1_trim.fastq.gz -O /scratch4/workspace/jade_fiorilla_student_uml_edu-rawseqorcc/trimmed-fastp/2024_phase2_Both06_Norm_filter_S133_R2_trim.fastq.gz --detect_adapter_for_pe 
fastp v1.3.7, time used: 17 seconds
Running fastp on: 2024_phase2_Cont01_Hyp_filter_S110
Detecting adapter sequence for read1...
>I7_Nextera_Transposase_1 | >Trans2_rc | >I7_Nextera_Transposase_1 | >Trans2_rc
CTGTCTCTTATACACATCTCCGAGCCCACGAGAC

Detecting adapter sequence for read2...
>I5_Nextera_Transposase_1 | >Trans1_rc | >I5_Nextera_Transposase_1 | >Trans1_rc
CTGTCTCTTATACACATCTGACGCTGCCGACGA

Read1 before filtering:
total reads: 672889
total bases: 202539589
Q20 bases: 199971345(98.732%)
Q30 bases: 193893399(95.7311%)
Q40 bases: 193893399(95.7311%)

Read2 before filtering:
total reads: 672889
total bases: 202539589
Q20 bases: 199186647(98.3445%)
Q30 bases: 189957095(93.7876%)
Q40 bases: 189957095(93.7876%)

Read1 after filtering:
total reads: 667354
total bases: 186340415
Q20 bases: 184881540(99.2171%)
Q30 bases: 180371781(96.7969%)
Q40 bases: 180371781(96.7969%)

Read2 after filtering:
total reads: 667354
total bases: 186330367
Q20 bases: 183839844(98.6634%)
Q30 bases: 175862680(94.3822%)
Q40 bases: 175862680(94.3822%)

Filtering result:
reads passed filter: 1334708
reads failed due to low quality: 9920
reads failed due to too many N: 60
reads failed due to too short: 1090
reads failed due to adapter dimer: 0
reads with adapter trimmed: 1337416
bases trimmed due to adapters: 16230954

Duplication rate: 38.3227%

Insert size peak (evaluated by paired-end reads): 292

JSON report: fastp.json
HTML report: fastp.html

fastp -w 6 -i /scratch4/workspace/jade_fiorilla_student_uml_edu-rawseqorcc/fastq/2024_phase2_Cont01_Hyp_filter_S110_R1_001.fastq.gz -I /scratch4/workspace/jade_fiorilla_student_uml_edu-rawseqorcc/fastq/2024_phase2_Cont01_Hyp_filter_S110_R2_001.fastq.gz -o /scratch4/workspace/jade_fiorilla_student_uml_edu-rawseqorcc/trimmed-fastp/2024_phase2_Cont01_Hyp_filter_S110_R1_trim.fastq.gz -O /scratch4/workspace/jade_fiorilla_student_uml_edu-rawseqorcc/trimmed-fastp/2024_phase2_Cont01_Hyp_filter_S110_R2_trim.fastq.gz --detect_adapter_for_pe 
fastp v1.3.7, time used: 7 seconds
Running fastp on: 2024_phase2_Cont01_Norm_filter_S122
Detecting adapter sequence for read1...
>I7_Nextera_Transposase_1 | >Trans2_rc | >I7_Nextera_Transposase_1 | >Trans2_rc
CTGTCTCTTATACACATCTCCGAGCCCACGAGAC

Detecting adapter sequence for read2...
>I5_Nextera_Transposase_1 | >Trans1_rc | >I5_Nextera_Transposase_1 | >Trans1_rc
CTGTCTCTTATACACATCTGACGCTGCCGACGA

Read1 before filtering:
total reads: 1266825
total bases: 381314325
Q20 bases: 375306300(98.4244%)
Q30 bases: 362645935(95.1042%)
Q40 bases: 362645935(95.1042%)

Read2 before filtering:
total reads: 1266825
total bases: 381314325
Q20 bases: 375423153(98.455%)
Q30 bases: 358680224(94.0642%)
Q40 bases: 358680224(94.0642%)

Read1 after filtering:
total reads: 1256487
total bases: 340930185
Q20 bases: 338350332(99.2433%)
Q30 bases: 330038651(96.8053%)
Q40 bases: 330038651(96.8053%)

Read2 after filtering:
total reads: 1256487
total bases: 340892440
Q20 bases: 336463880(98.7009%)
Q30 bases: 321756563(94.3865%)
Q40 bases: 321756563(94.3865%)

Filtering result:
reads passed filter: 2512974
reads failed due to low quality: 17700
reads failed due to too many N: 82
reads failed due to too short: 2876
reads failed due to adapter dimer: 18
reads with adapter trimmed: 2496128
bases trimmed due to adapters: 28524154

Duplication rate: 28.9178%

Insert size peak (evaluated by paired-end reads): 296

JSON report: fastp.json
HTML report: fastp.html

fastp -w 6 -i /scratch4/workspace/jade_fiorilla_student_uml_edu-rawseqorcc/fastq/2024_phase2_Cont01_Norm_filter_S122_R1_001.fastq.gz -I /scratch4/workspace/jade_fiorilla_student_uml_edu-rawseqorcc/fastq/2024_phase2_Cont01_Norm_filter_S122_R2_001.fastq.gz -o /scratch4/workspace/jade_fiorilla_student_uml_edu-rawseqorcc/trimmed-fastp/2024_phase2_Cont01_Norm_filter_S122_R1_trim.fastq.gz -O /scratch4/workspace/jade_fiorilla_student_uml_edu-rawseqorcc/trimmed-fastp/2024_phase2_Cont01_Norm_filter_S122_R2_trim.fastq.gz --detect_adapter_for_pe 
fastp v1.3.7, time used: 11 seconds
Running fastp on: 2024_phase2_Cont03_Hyp_filter_S111
Detecting adapter sequence for read1...
>I7_Nextera_Transposase_1 | >Trans2_rc | >I7_Nextera_Transposase_1 | >Trans2_rc
CTGTCTCTTATACACATCTCCGAGCCCACGAGAC

Detecting adapter sequence for read2...
>I5_Nextera_Transposase_1 | >Trans1_rc | >I5_Nextera_Transposase_1 | >Trans1_rc
CTGTCTCTTATACACATCTGACGCTGCCGACGA

Read1 before filtering:
total reads: 550521
total bases: 165706821
Q20 bases: 163876086(98.8952%)
Q30 bases: 159116289(96.0228%)
Q40 bases: 159116289(96.0228%)

Read2 before filtering:
total reads: 550521
total bases: 165706821
Q20 bases: 162969724(98.3482%)
Q30 bases: 155317659(93.7304%)
Q40 bases: 155317659(93.7304%)

Read1 after filtering:
total reads: 546159
total bases: 156251252
Q20 bases: 155067344(99.2423%)
Q30 bases: 151258475(96.8046%)
Q40 bases: 151258475(96.8046%)

Read2 after filtering:
total reads: 546159
total bases: 156251098
Q20 bases: 154199636(98.6871%)
Q30 bases: 147503443(94.4015%)
Q40 bases: 147503443(94.4015%)

Filtering result:
reads passed filter: 1092318
reads failed due to low quality: 7886
reads failed due to too many N: 40
reads failed due to too short: 798
reads failed due to adapter dimer: 0
reads with adapter trimmed: 1094614
bases trimmed due to adapters: 11453242

Duplication rate: 40.2542%

Insert size peak (evaluated by paired-end reads): 292

JSON report: fastp.json
HTML report: fastp.html

fastp -w 6 -i /scratch4/workspace/jade_fiorilla_student_uml_edu-rawseqorcc/fastq/2024_phase2_Cont03_Hyp_filter_S111_R1_001.fastq.gz -I /scratch4/workspace/jade_fiorilla_student_uml_edu-rawseqorcc/fastq/2024_phase2_Cont03_Hyp_filter_S111_R2_001.fastq.gz -o /scratch4/workspace/jade_fiorilla_student_uml_edu-rawseqorcc/trimmed-fastp/2024_phase2_Cont03_Hyp_filter_S111_R1_trim.fastq.gz -O /scratch4/workspace/jade_fiorilla_student_uml_edu-rawseqorcc/trimmed-fastp/2024_phase2_Cont03_Hyp_filter_S111_R2_trim.fastq.gz --detect_adapter_for_pe 
fastp v1.3.7, time used: 6 seconds
Running fastp on: 2024_phase2_Cont03_Norm_filter_S123
Detecting adapter sequence for read1...
>I7_Nextera_Transposase_1 | >Trans2_rc | >I7_Nextera_Transposase_1 | >Trans2_rc
CTGTCTCTTATACACATCTCCGAGCCCACGAGAC

Detecting adapter sequence for read2...
>I5_Nextera_Transposase_1 | >Trans1_rc | >I5_Nextera_Transposase_1 | >Trans1_rc
CTGTCTCTTATACACATCTGACGCTGCCGACGA

Read1 before filtering:
total reads: 906766
total bases: 272936566
Q20 bases: 270183031(98.9911%)
Q30 bases: 262782042(96.2795%)
Q40 bases: 262782042(96.2795%)

Read2 before filtering:
total reads: 906766
total bases: 272936566
Q20 bases: 268796869(98.4833%)
Q30 bases: 256798677(94.0873%)
Q40 bases: 256798677(94.0873%)

Read1 after filtering:
total reads: 899038
total bases: 263767530
Q20 bases: 261832661(99.2664%)
Q30 bases: 255463237(96.8517%)
Q40 bases: 255463237(96.8517%)

Read2 after filtering:
total reads: 899038
total bases: 263770631
Q20 bases: 260546446(98.7777%)
Q30 bases: 249689128(94.6615%)
Q40 bases: 249689128(94.6615%)

Filtering result:
reads passed filter: 1798076
reads failed due to low quality: 12716
reads failed due to too many N: 70
reads failed due to too short: 2648
reads failed due to adapter dimer: 22
reads with adapter trimmed: 1797616
bases trimmed due to adapters: 10372297

Duplication rate: 22.0961%

Insert size peak (evaluated by paired-end reads): 296

JSON report: fastp.json
HTML report: fastp.html

fastp -w 6 -i /scratch4/workspace/jade_fiorilla_student_uml_edu-rawseqorcc/fastq/2024_phase2_Cont03_Norm_filter_S123_R1_001.fastq.gz -I /scratch4/workspace/jade_fiorilla_student_uml_edu-rawseqorcc/fastq/2024_phase2_Cont03_Norm_filter_S123_R2_001.fastq.gz -o /scratch4/workspace/jade_fiorilla_student_uml_edu-rawseqorcc/trimmed-fastp/2024_phase2_Cont03_Norm_filter_S123_R1_trim.fastq.gz -O /scratch4/workspace/jade_fiorilla_student_uml_edu-rawseqorcc/trimmed-fastp/2024_phase2_Cont03_Norm_filter_S123_R2_trim.fastq.gz --detect_adapter_for_pe 
fastp v1.3.7, time used: 12 seconds
Running fastp on: 2024_phase2_Cont06_Hyp_filter_S112
Detecting adapter sequence for read1...
>I7_Nextera_Transposase_1 | >Trans2_rc | >I7_Nextera_Transposase_1 | >Trans2_rc
CTGTCTCTTATACACATCTCCGAGCCCACGAGAC

Detecting adapter sequence for read2...
>I5_Nextera_Transposase_1 | >Trans1_rc | >I5_Nextera_Transposase_1 | >Trans1_rc
CTGTCTCTTATACACATCTGACGCTGCCGACGA

Read1 before filtering:
total reads: 728046
total bases: 219141846
Q20 bases: 215852886(98.4992%)
Q30 bases: 208285000(95.0457%)
Q40 bases: 208285000(95.0457%)

Read2 before filtering:
total reads: 728046
total bases: 219141846
Q20 bases: 215696950(98.428%)
Q30 bases: 205925981(93.9693%)
Q40 bases: 205925981(93.9693%)

Read1 after filtering:
total reads: 722471
total bases: 193538189
Q20 bases: 191917959(99.1628%)
Q30 bases: 186768784(96.5023%)
Q40 bases: 186768784(96.5023%)

Read2 after filtering:
total reads: 722471
total bases: 193527146
Q20 bases: 190970480(98.6789%)
Q30 bases: 182608068(94.3579%)
Q40 bases: 182608068(94.3579%)

Filtering result:
reads passed filter: 1444942
reads failed due to low quality: 10030
reads failed due to too many N: 48
reads failed due to too short: 1072
reads failed due to adapter dimer: 0
reads with adapter trimmed: 1447658
bases trimmed due to adapters: 21585877

Duplication rate: 42.8757%

Insert size peak (evaluated by paired-end reads): 292

JSON report: fastp.json
HTML report: fastp.html

fastp -w 6 -i /scratch4/workspace/jade_fiorilla_student_uml_edu-rawseqorcc/fastq/2024_phase2_Cont06_Hyp_filter_S112_R1_001.fastq.gz -I /scratch4/workspace/jade_fiorilla_student_uml_edu-rawseqorcc/fastq/2024_phase2_Cont06_Hyp_filter_S112_R2_001.fastq.gz -o /scratch4/workspace/jade_fiorilla_student_uml_edu-rawseqorcc/trimmed-fastp/2024_phase2_Cont06_Hyp_filter_S112_R1_trim.fastq.gz -O /scratch4/workspace/jade_fiorilla_student_uml_edu-rawseqorcc/trimmed-fastp/2024_phase2_Cont06_Hyp_filter_S112_R2_trim.fastq.gz --detect_adapter_for_pe 
fastp v1.3.7, time used: 7 seconds
Running fastp on: 2024_phase2_Cont06_Norm_filter_S124
Detecting adapter sequence for read1...
>I7_Nextera_Transposase_1 | >Trans2_rc | >I7_Nextera_Transposase_1 | >Trans2_rc
CTGTCTCTTATACACATCTCCGAGCCCACGAGAC

Detecting adapter sequence for read2...
>I5_Nextera_Transposase_1 | >Trans1_rc | >I5_Nextera_Transposase_1 | >Trans1_rc
CTGTCTCTTATACACATCTGACGCTGCCGACGA

Read1 before filtering:
total reads: 1132717
total bases: 340947817
Q20 bases: 337293727(98.9283%)
Q30 bases: 327432676(96.036%)
Q40 bases: 327432676(96.036%)

Read2 before filtering:
total reads: 1132717
total bases: 340947817
Q20 bases: 335621474(98.4378%)
Q30 bases: 320427072(93.9813%)
Q40 bases: 320427072(93.9813%)

Read1 after filtering:
total reads: 1122943
total bases: 330620783
Q20 bases: 327972736(99.1991%)
Q30 bases: 319368321(96.5966%)
Q40 bases: 319368321(96.5966%)

Read2 after filtering:
total reads: 1122943
total bases: 330629004
Q20 bases: 326467316(98.7413%)
Q30 bases: 312713048(94.5813%)
Q40 bases: 312713048(94.5813%)

Filtering result:
reads passed filter: 2245886
reads failed due to low quality: 16376
reads failed due to too many N: 70
reads failed due to too short: 3100
reads failed due to adapter dimer: 2
reads with adapter trimmed: 2244070
bases trimmed due to adapters: 12354624

Duplication rate: 20.6118%

Insert size peak (evaluated by paired-end reads): 296

JSON report: fastp.json
HTML report: fastp.html

fastp -w 6 -i /scratch4/workspace/jade_fiorilla_student_uml_edu-rawseqorcc/fastq/2024_phase2_Cont06_Norm_filter_S124_R1_001.fastq.gz -I /scratch4/workspace/jade_fiorilla_student_uml_edu-rawseqorcc/fastq/2024_phase2_Cont06_Norm_filter_S124_R2_001.fastq.gz -o /scratch4/workspace/jade_fiorilla_student_uml_edu-rawseqorcc/trimmed-fastp/2024_phase2_Cont06_Norm_filter_S124_R1_trim.fastq.gz -O /scratch4/workspace/jade_fiorilla_student_uml_edu-rawseqorcc/trimmed-fastp/2024_phase2_Cont06_Norm_filter_S124_R2_trim.fastq.gz --detect_adapter_for_pe 
fastp v1.3.7, time used: 15 seconds
Running fastp on: 2024_phase2_Hyp01_Hyp_filter_S116
Detecting adapter sequence for read1...
>I7_Nextera_Transposase_1 | >Trans2_rc | >I7_Nextera_Transposase_1 | >Trans2_rc
CTGTCTCTTATACACATCTCCGAGCCCACGAGAC

Detecting adapter sequence for read2...
>I5_Nextera_Transposase_1 | >Trans1_rc | >I5_Nextera_Transposase_1 | >Trans1_rc
CTGTCTCTTATACACATCTGACGCTGCCGACGA

Read1 before filtering:
total reads: 1077042
total bases: 324189642
Q20 bases: 320367704(98.8211%)
Q30 bases: 310664825(95.8281%)
Q40 bases: 310664825(95.8281%)

Read2 before filtering:
total reads: 1077042
total bases: 324189642
Q20 bases: 318851669(98.3534%)
Q30 bases: 303859880(93.7291%)
Q40 bases: 303859880(93.7291%)

Read1 after filtering:
total reads: 1068626
total bases: 303583951
Q20 bases: 301169453(99.2047%)
Q30 bases: 293482611(96.6726%)
Q40 bases: 293482611(96.6726%)

Read2 after filtering:
total reads: 1068626
total bases: 303583089
Q20 bases: 299530228(98.665%)
Q30 bases: 286410343(94.3433%)
Q40 bases: 286410343(94.3433%)

Filtering result:
reads passed filter: 2137252
reads failed due to low quality: 15620
reads failed due to too many N: 68
reads failed due to too short: 1144
reads failed due to adapter dimer: 0
reads with adapter trimmed: 2142631
bases trimmed due to adapters: 23388461

Duplication rate: 43.9603%

Insert size peak (evaluated by paired-end reads): 292

JSON report: fastp.json
HTML report: fastp.html

fastp -w 6 -i /scratch4/workspace/jade_fiorilla_student_uml_edu-rawseqorcc/fastq/2024_phase2_Hyp01_Hyp_filter_S116_R1_001.fastq.gz -I /scratch4/workspace/jade_fiorilla_student_uml_edu-rawseqorcc/fastq/2024_phase2_Hyp01_Hyp_filter_S116_R2_001.fastq.gz -o /scratch4/workspace/jade_fiorilla_student_uml_edu-rawseqorcc/trimmed-fastp/2024_phase2_Hyp01_Hyp_filter_S116_R1_trim.fastq.gz -O /scratch4/workspace/jade_fiorilla_student_uml_edu-rawseqorcc/trimmed-fastp/2024_phase2_Hyp01_Hyp_filter_S116_R2_trim.fastq.gz --detect_adapter_for_pe 
fastp v1.3.7, time used: 10 seconds
Running fastp on: 2024_phase2_Hyp01_Norm_filter_S128
Detecting adapter sequence for read1...
>I7_Nextera_Transposase_1 | >Trans2_rc | >I7_Nextera_Transposase_1 | >Trans2_rc
CTGTCTCTTATACACATCTCCGAGCCCACGAGAC

Detecting adapter sequence for read2...
>I5_Nextera_Transposase_1 | >Trans1_rc | >I5_Nextera_Transposase_1 | >Trans1_rc
CTGTCTCTTATACACATCTGACGCTGCCGACGA

Read1 before filtering:
total reads: 940343
total bases: 283043243
Q20 bases: 280083381(98.9543%)
Q30 bases: 271831302(96.0388%)
Q40 bases: 271831302(96.0388%)

Read2 before filtering:
total reads: 940343
total bases: 283043243
Q20 bases: 278653793(98.4492%)
Q30 bases: 265984385(93.9731%)
Q40 bases: 265984385(93.9731%)

Read1 after filtering:
total reads: 932274
total bases: 274537639
Q20 bases: 272348134(99.2025%)
Q30 bases: 265076734(96.5539%)
Q40 bases: 265076734(96.5539%)

Read2 after filtering:
total reads: 932274
total bases: 274541827
Q20 bases: 271089009(98.7423%)
Q30 bases: 259598689(94.5571%)
Q40 bases: 259598689(94.5571%)

Filtering result:
reads passed filter: 1864548
reads failed due to low quality: 13036
reads failed due to too many N: 80
reads failed due to too short: 3014
reads failed due to adapter dimer: 8
reads with adapter trimmed: 1863621
bases trimmed due to adapters: 10141593

Duplication rate: 20.4771%

Insert size peak (evaluated by paired-end reads): 296

JSON report: fastp.json
HTML report: fastp.html

fastp -w 6 -i /scratch4/workspace/jade_fiorilla_student_uml_edu-rawseqorcc/fastq/2024_phase2_Hyp01_Norm_filter_S128_R1_001.fastq.gz -I /scratch4/workspace/jade_fiorilla_student_uml_edu-rawseqorcc/fastq/2024_phase2_Hyp01_Norm_filter_S128_R2_001.fastq.gz -o /scratch4/workspace/jade_fiorilla_student_uml_edu-rawseqorcc/trimmed-fastp/2024_phase2_Hyp01_Norm_filter_S128_R1_trim.fastq.gz -O /scratch4/workspace/jade_fiorilla_student_uml_edu-rawseqorcc/trimmed-fastp/2024_phase2_Hyp01_Norm_filter_S128_R2_trim.fastq.gz --detect_adapter_for_pe 
fastp v1.3.7, time used: 16 seconds
Running fastp on: 2024_phase2_Hyp03_Hyp_filter_S117
Detecting adapter sequence for read1...
>I7_Nextera_Transposase_1 | >Trans2_rc | >I7_Nextera_Transposase_1 | >Trans2_rc
CTGTCTCTTATACACATCTCCGAGCCCACGAGAC

Detecting adapter sequence for read2...
>I5_Nextera_Transposase_1 | >Trans1_rc | >I5_Nextera_Transposase_1 | >Trans1_rc
CTGTCTCTTATACACATCTGACGCTGCCGACGA

Read1 before filtering:
total reads: 838257
total bases: 252315357
Q20 bases: 249509048(98.8878%)
Q30 bases: 241753251(95.8139%)
Q40 bases: 241753251(95.8139%)

Read2 before filtering:
total reads: 838257
total bases: 252315357
Q20 bases: 248381590(98.4409%)
Q30 bases: 236923949(93.8999%)
Q40 bases: 236923949(93.8999%)

Read1 after filtering:
total reads: 832289
total bases: 239757579
Q20 bases: 237794916(99.1814%)
Q30 bases: 231298865(96.472%)
Q40 bases: 231298865(96.472%)

Read2 after filtering:
total reads: 832289
total bases: 239759662
Q20 bases: 236741044(98.741%)
Q30 bases: 226626515(94.5224%)
Q40 bases: 226626515(94.5224%)

Filtering result:
reads passed filter: 1664578
reads failed due to low quality: 10728
reads failed due to too many N: 78
reads failed due to too short: 1130
reads failed due to adapter dimer: 0
reads with adapter trimmed: 1667968
bases trimmed due to adapters: 16587482

Duplication rate: 39.8794%

Insert size peak (evaluated by paired-end reads): 292

JSON report: fastp.json
HTML report: fastp.html

fastp -w 6 -i /scratch4/workspace/jade_fiorilla_student_uml_edu-rawseqorcc/fastq/2024_phase2_Hyp03_Hyp_filter_S117_R1_001.fastq.gz -I /scratch4/workspace/jade_fiorilla_student_uml_edu-rawseqorcc/fastq/2024_phase2_Hyp03_Hyp_filter_S117_R2_001.fastq.gz -o /scratch4/workspace/jade_fiorilla_student_uml_edu-rawseqorcc/trimmed-fastp/2024_phase2_Hyp03_Hyp_filter_S117_R1_trim.fastq.gz -O /scratch4/workspace/jade_fiorilla_student_uml_edu-rawseqorcc/trimmed-fastp/2024_phase2_Hyp03_Hyp_filter_S117_R2_trim.fastq.gz --detect_adapter_for_pe 
fastp v1.3.7, time used: 8 seconds
Running fastp on: 2024_phase2_Hyp03_Norm_filter_S129
Detecting adapter sequence for read1...
>I7_Nextera_Transposase_1 | >Trans2_rc | >I7_Nextera_Transposase_1 | >Trans2_rc
CTGTCTCTTATACACATCTCCGAGCCCACGAGAC

Detecting adapter sequence for read2...
>I5_Nextera_Transposase_1 | >Trans1_rc | >I5_Nextera_Transposase_1 | >Trans1_rc
CTGTCTCTTATACACATCTGACGCTGCCGACGA

Read1 before filtering:
total reads: 889571
total bases: 267760871
Q20 bases: 265157825(99.0278%)
Q30 bases: 257833372(96.2924%)
Q40 bases: 257833372(96.2924%)

Read2 before filtering:
total reads: 889571
total bases: 267760871
Q20 bases: 263467306(98.3965%)
Q30 bases: 251283777(93.8463%)
Q40 bases: 251283777(93.8463%)

Read1 after filtering:
total reads: 882081
total bases: 259892782
Q20 bases: 257947190(99.2514%)
Q30 bases: 251491792(96.7675%)
Q40 bases: 251491792(96.7675%)

Read2 after filtering:
total reads: 882081
total bases: 259900312
Q20 bases: 256539939(98.7071%)
Q30 bases: 245492421(94.4564%)
Q40 bases: 245492421(94.4564%)

Filtering result:
reads passed filter: 1764162
reads failed due to low quality: 12070
reads failed due to too many N: 70
reads failed due to too short: 2824
reads failed due to adapter dimer: 16
reads with adapter trimmed: 1762619
bases trimmed due to adapters: 9520558

Duplication rate: 20.8928%

Insert size peak (evaluated by paired-end reads): 296

JSON report: fastp.json
HTML report: fastp.html

fastp -w 6 -i /scratch4/workspace/jade_fiorilla_student_uml_edu-rawseqorcc/fastq/2024_phase2_Hyp03_Norm_filter_S129_R1_001.fastq.gz -I /scratch4/workspace/jade_fiorilla_student_uml_edu-rawseqorcc/fastq/2024_phase2_Hyp03_Norm_filter_S129_R2_001.fastq.gz -o /scratch4/workspace/jade_fiorilla_student_uml_edu-rawseqorcc/trimmed-fastp/2024_phase2_Hyp03_Norm_filter_S129_R1_trim.fastq.gz -O /scratch4/workspace/jade_fiorilla_student_uml_edu-rawseqorcc/trimmed-fastp/2024_phase2_Hyp03_Norm_filter_S129_R2_trim.fastq.gz --detect_adapter_for_pe 
fastp v1.3.7, time used: 18 seconds
Running fastp on: 2024_phase2_Hyp06_Hyp_filter_S118
Detecting adapter sequence for read1...
>I7_Nextera_Transposase_1 | >Trans2_rc | >I7_Nextera_Transposase_1 | >Trans2_rc
CTGTCTCTTATACACATCTCCGAGCCCACGAGAC

Detecting adapter sequence for read2...
>I5_Nextera_Transposase_1 | >Trans1_rc | >I5_Nextera_Transposase_1 | >Trans1_rc
CTGTCTCTTATACACATCTGACGCTGCCGACGA

Read1 before filtering:
total reads: 1370691
total bases: 412577991
Q20 bases: 408101144(98.9149%)
Q30 bases: 396504098(96.104%)
Q40 bases: 396504098(96.104%)

Read2 before filtering:
total reads: 1370691
total bases: 412577991
Q20 bases: 405817475(98.3614%)
Q30 bases: 386748579(93.7395%)
Q40 bases: 386748579(93.7395%)

Read1 after filtering:
total reads: 1360381
total bases: 389431833
Q20 bases: 386498215(99.2467%)
Q30 bases: 377154083(96.8473%)
Q40 bases: 377154083(96.8473%)

Read2 after filtering:
total reads: 1360381
total bases: 389431607
Q20 bases: 384259978(98.672%)
Q30 bases: 367502439(94.3689%)
Q40 bases: 367502439(94.3689%)

Filtering result:
reads passed filter: 2720762
reads failed due to low quality: 18766
reads failed due to too many N: 82
reads failed due to too short: 1772
reads failed due to adapter dimer: 0
reads with adapter trimmed: 2727197
bases trimmed due to adapters: 28389833

Duplication rate: 45.3632%

Insert size peak (evaluated by paired-end reads): 292

JSON report: fastp.json
HTML report: fastp.html

fastp -w 6 -i /scratch4/workspace/jade_fiorilla_student_uml_edu-rawseqorcc/fastq/2024_phase2_Hyp06_Hyp_filter_S118_R1_001.fastq.gz -I /scratch4/workspace/jade_fiorilla_student_uml_edu-rawseqorcc/fastq/2024_phase2_Hyp06_Hyp_filter_S118_R2_001.fastq.gz -o /scratch4/workspace/jade_fiorilla_student_uml_edu-rawseqorcc/trimmed-fastp/2024_phase2_Hyp06_Hyp_filter_S118_R1_trim.fastq.gz -O /scratch4/workspace/jade_fiorilla_student_uml_edu-rawseqorcc/trimmed-fastp/2024_phase2_Hyp06_Hyp_filter_S118_R2_trim.fastq.gz --detect_adapter_for_pe 
fastp v1.3.7, time used: 12 seconds
Running fastp on: 2024_phase2_Hyp06_Norm_filter_S130
Detecting adapter sequence for read1...
>I7_Nextera_Transposase_1 | >Trans2_rc | >I7_Nextera_Transposase_1 | >Trans2_rc
CTGTCTCTTATACACATCTCCGAGCCCACGAGAC

Detecting adapter sequence for read2...
>I5_Nextera_Transposase_1 | >Trans1_rc | >I5_Nextera_Transposase_1 | >Trans1_rc
CTGTCTCTTATACACATCTGACGCTGCCGACGA

Read1 before filtering:
total reads: 847150
total bases: 254992150
Q20 bases: 252428304(98.9945%)
Q30 bases: 245418645(96.2456%)
Q40 bases: 245418645(96.2456%)

Read2 before filtering:
total reads: 847150
total bases: 254992150
Q20 bases: 250958276(98.418%)
Q30 bases: 239482538(93.9176%)
Q40 bases: 239482538(93.9176%)

Read1 after filtering:
total reads: 839732
total bases: 247414028
Q20 bases: 245542482(99.2436%)
Q30 bases: 239392021(96.7577%)
Q40 bases: 239392021(96.7577%)

Read2 after filtering:
total reads: 839732
total bases: 247421400
Q20 bases: 244272274(98.7272%)
Q30 bases: 233877309(94.5259%)
Q40 bases: 233877309(94.5259%)

Filtering result:
reads passed filter: 1679464
reads failed due to low quality: 12094
reads failed due to too many N: 60
reads failed due to too short: 2670
reads failed due to adapter dimer: 12
reads with adapter trimmed: 1678451
bases trimmed due to adapters: 9057440

Duplication rate: 20.2689%

Insert size peak (evaluated by paired-end reads): 296

JSON report: fastp.json
HTML report: fastp.html

fastp -w 6 -i /scratch4/workspace/jade_fiorilla_student_uml_edu-rawseqorcc/fastq/2024_phase2_Hyp06_Norm_filter_S130_R1_001.fastq.gz -I /scratch4/workspace/jade_fiorilla_student_uml_edu-rawseqorcc/fastq/2024_phase2_Hyp06_Norm_filter_S130_R2_001.fastq.gz -o /scratch4/workspace/jade_fiorilla_student_uml_edu-rawseqorcc/trimmed-fastp/2024_phase2_Hyp06_Norm_filter_S130_R1_trim.fastq.gz -O /scratch4/workspace/jade_fiorilla_student_uml_edu-rawseqorcc/trimmed-fastp/2024_phase2_Hyp06_Norm_filter_S130_R2_trim.fastq.gz --detect_adapter_for_pe 
fastp v1.3.7, time used: 17 seconds
Running fastp on: 2024_phase2_Warm01_Hyp_filter_S113
Detecting adapter sequence for read1...
>I7_Nextera_Transposase_1 | >Trans2_rc | >I7_Nextera_Transposase_1 | >Trans2_rc
CTGTCTCTTATACACATCTCCGAGCCCACGAGAC

Detecting adapter sequence for read2...
>I5_Nextera_Transposase_1 | >Trans1_rc | >I5_Nextera_Transposase_1 | >Trans1_rc
CTGTCTCTTATACACATCTGACGCTGCCGACGA

Read1 before filtering:
total reads: 719773
total bases: 216651673
Q20 bases: 213937535(98.7472%)
Q30 bases: 207191144(95.6333%)
Q40 bases: 207191144(95.6333%)

Read2 before filtering:
total reads: 719773
total bases: 216651673
Q20 bases: 213123862(98.3717%)
Q30 bases: 203204997(93.7934%)
Q40 bases: 203204997(93.7934%)

Read1 after filtering:
total reads: 714208
total bases: 199365519
Q20 bases: 197777194(99.2033%)
Q30 bases: 192673756(96.6435%)
Q40 bases: 192673756(96.6435%)

Read2 after filtering:
total reads: 714208
total bases: 199360245
Q20 bases: 196685194(98.6582%)
Q30 bases: 188020800(94.3121%)
Q40 bases: 188020800(94.3121%)

Filtering result:
reads passed filter: 1428416
reads failed due to low quality: 10064
reads failed due to too many N: 38
reads failed due to too short: 1028
reads failed due to adapter dimer: 0
reads with adapter trimmed: 1431498
bases trimmed due to adapters: 17338123

Duplication rate: 42.5498%

Insert size peak (evaluated by paired-end reads): 292

JSON report: fastp.json
HTML report: fastp.html

fastp -w 6 -i /scratch4/workspace/jade_fiorilla_student_uml_edu-rawseqorcc/fastq/2024_phase2_Warm01_Hyp_filter_S113_R1_001.fastq.gz -I /scratch4/workspace/jade_fiorilla_student_uml_edu-rawseqorcc/fastq/2024_phase2_Warm01_Hyp_filter_S113_R2_001.fastq.gz -o /scratch4/workspace/jade_fiorilla_student_uml_edu-rawseqorcc/trimmed-fastp/2024_phase2_Warm01_Hyp_filter_S113_R1_trim.fastq.gz -O /scratch4/workspace/jade_fiorilla_student_uml_edu-rawseqorcc/trimmed-fastp/2024_phase2_Warm01_Hyp_filter_S113_R2_trim.fastq.gz --detect_adapter_for_pe 
fastp v1.3.7, time used: 7 seconds
Running fastp on: 2024_phase2_Warm01_Norm_filter_S125
Detecting adapter sequence for read1...
>I7_Nextera_Transposase_1 | >Trans2_rc | >I7_Nextera_Transposase_1 | >Trans2_rc
CTGTCTCTTATACACATCTCCGAGCCCACGAGAC

Detecting adapter sequence for read2...
>I5_Nextera_Transposase_1 | >Trans1_rc | >I5_Nextera_Transposase_1 | >Trans1_rc
CTGTCTCTTATACACATCTGACGCTGCCGACGA

Read1 before filtering:
total reads: 830507
total bases: 249982607
Q20 bases: 247226787(98.8976%)
Q30 bases: 239466479(95.7933%)
Q40 bases: 239466479(95.7933%)

Read2 before filtering:
total reads: 830507
total bases: 249982607
Q20 bases: 246275717(98.5171%)
Q30 bases: 235447040(94.1854%)
Q40 bases: 235447040(94.1854%)

Read1 after filtering:
total reads: 823738
total bases: 242287973
Q20 bases: 240257584(99.162%)
Q30 bases: 233426516(96.3426%)
Q40 bases: 233426516(96.3426%)

Read2 after filtering:
total reads: 823738
total bases: 242290646
Q20 bases: 239389017(98.8024%)
Q30 bases: 229581747(94.7547%)
Q40 bases: 229581747(94.7547%)

Filtering result:
reads passed filter: 1647476
reads failed due to low quality: 11032
reads failed due to too many N: 60
reads failed due to too short: 2442
reads failed due to adapter dimer: 4
reads with adapter trimmed: 1645582
bases trimmed due to adapters: 9127588

Duplication rate: 20.326%

Insert size peak (evaluated by paired-end reads): 296

JSON report: fastp.json
HTML report: fastp.html

fastp -w 6 -i /scratch4/workspace/jade_fiorilla_student_uml_edu-rawseqorcc/fastq/2024_phase2_Warm01_Norm_filter_S125_R1_001.fastq.gz -I /scratch4/workspace/jade_fiorilla_student_uml_edu-rawseqorcc/fastq/2024_phase2_Warm01_Norm_filter_S125_R2_001.fastq.gz -o /scratch4/workspace/jade_fiorilla_student_uml_edu-rawseqorcc/trimmed-fastp/2024_phase2_Warm01_Norm_filter_S125_R1_trim.fastq.gz -O /scratch4/workspace/jade_fiorilla_student_uml_edu-rawseqorcc/trimmed-fastp/2024_phase2_Warm01_Norm_filter_S125_R2_trim.fastq.gz --detect_adapter_for_pe 
fastp v1.3.7, time used: 13 seconds
Running fastp on: 2024_phase2_Warm03_Hyp_filter_S114
Detecting adapter sequence for read1...
>I7_Nextera_Transposase_1 | >Trans2_rc | >I7_Nextera_Transposase_1 | >Trans2_rc
CTGTCTCTTATACACATCTCCGAGCCCACGAGAC

Detecting adapter sequence for read2...
>I5_Nextera_Transposase_1 | >Trans1_rc | >I5_Nextera_Transposase_1 | >Trans1_rc
CTGTCTCTTATACACATCTGACGCTGCCGACGA

Read1 before filtering:
total reads: 916613
total bases: 275900513
Q20 bases: 272969499(98.9377%)
Q30 bases: 265207868(96.1245%)
Q40 bases: 265207868(96.1245%)

Read2 before filtering:
total reads: 916613
total bases: 275900513
Q20 bases: 271384074(98.363%)
Q30 bases: 258593518(93.7271%)
Q40 bases: 258593518(93.7271%)

Read1 after filtering:
total reads: 909480
total bases: 261655308
Q20 bases: 259690187(99.249%)
Q30 bases: 253331560(96.8188%)
Q40 bases: 253331560(96.8188%)

Read2 after filtering:
total reads: 909480
total bases: 261660717
Q20 bases: 258212131(98.682%)
Q30 bases: 246945362(94.3762%)
Q40 bases: 246945362(94.3762%)

Filtering result:
reads passed filter: 1818960
reads failed due to low quality: 12896
reads failed due to too many N: 72
reads failed due to too short: 1298
reads failed due to adapter dimer: 0
reads with adapter trimmed: 1823326
bases trimmed due to adapters: 18260968

Duplication rate: 41.0824%

Insert size peak (evaluated by paired-end reads): 292

JSON report: fastp.json
HTML report: fastp.html

fastp -w 6 -i /scratch4/workspace/jade_fiorilla_student_uml_edu-rawseqorcc/fastq/2024_phase2_Warm03_Hyp_filter_S114_R1_001.fastq.gz -I /scratch4/workspace/jade_fiorilla_student_uml_edu-rawseqorcc/fastq/2024_phase2_Warm03_Hyp_filter_S114_R2_001.fastq.gz -o /scratch4/workspace/jade_fiorilla_student_uml_edu-rawseqorcc/trimmed-fastp/2024_phase2_Warm03_Hyp_filter_S114_R1_trim.fastq.gz -O /scratch4/workspace/jade_fiorilla_student_uml_edu-rawseqorcc/trimmed-fastp/2024_phase2_Warm03_Hyp_filter_S114_R2_trim.fastq.gz --detect_adapter_for_pe 
fastp v1.3.7, time used: 8 seconds
Running fastp on: 2024_phase2_Warm03_Norm_filter_S126
Detecting adapter sequence for read1...
>I7_Nextera_Transposase_1 | >Trans2_rc | >I7_Nextera_Transposase_1 | >Trans2_rc
CTGTCTCTTATACACATCTCCGAGCCCACGAGAC

Detecting adapter sequence for read2...
>I5_Nextera_Transposase_1 | >Trans1_rc | >I5_Nextera_Transposase_1 | >Trans1_rc
CTGTCTCTTATACACATCTGACGCTGCCGACGA

Read1 before filtering:
total reads: 964834
total bases: 290415034
Q20 bases: 287313255(98.9319%)
Q30 bases: 279062624(96.091%)
Q40 bases: 279062624(96.091%)

Read2 before filtering:
total reads: 964834
total bases: 290415034
Q20 bases: 285861363(98.432%)
Q30 bases: 272855194(93.9535%)
Q40 bases: 272855194(93.9535%)

Read1 after filtering:
total reads: 956923
total bases: 279915519
Q20 bases: 277778245(99.2365%)
Q30 bases: 270772464(96.7336%)
Q40 bases: 270772464(96.7336%)

Read2 after filtering:
total reads: 956923
total bases: 279922740
Q20 bases: 276326931(98.7154%)
Q30 bases: 264555566(94.5102%)
Q40 bases: 264555566(94.5102%)

Filtering result:
reads passed filter: 1913846
reads failed due to low quality: 13092
reads failed due to too many N: 64
reads failed due to too short: 2656
reads failed due to adapter dimer: 10
reads with adapter trimmed: 1911953
bases trimmed due to adapters: 11417483

Duplication rate: 22.6223%

Insert size peak (evaluated by paired-end reads): 296

JSON report: fastp.json
HTML report: fastp.html

fastp -w 6 -i /scratch4/workspace/jade_fiorilla_student_uml_edu-rawseqorcc/fastq/2024_phase2_Warm03_Norm_filter_S126_R1_001.fastq.gz -I /scratch4/workspace/jade_fiorilla_student_uml_edu-rawseqorcc/fastq/2024_phase2_Warm03_Norm_filter_S126_R2_001.fastq.gz -o /scratch4/workspace/jade_fiorilla_student_uml_edu-rawseqorcc/trimmed-fastp/2024_phase2_Warm03_Norm_filter_S126_R1_trim.fastq.gz -O /scratch4/workspace/jade_fiorilla_student_uml_edu-rawseqorcc/trimmed-fastp/2024_phase2_Warm03_Norm_filter_S126_R2_trim.fastq.gz --detect_adapter_for_pe 
fastp v1.3.7, time used: 13 seconds
Running fastp on: 2024_phase2_Warm06_Hyp_filter_S115
Detecting adapter sequence for read1...
>I7_Nextera_Transposase_1 | >Trans2_rc | >I7_Nextera_Transposase_1 | >Trans2_rc
CTGTCTCTTATACACATCTCCGAGCCCACGAGAC

Detecting adapter sequence for read2...
>I5_Nextera_Transposase_1 | >Trans1_rc | >I5_Nextera_Transposase_1 | >Trans1_rc
CTGTCTCTTATACACATCTGACGCTGCCGACGA

Read1 before filtering:
total reads: 524085
total bases: 157749585
Q20 bases: 155091413(98.3149%)
Q30 bases: 149485989(94.7616%)
Q40 bases: 149485989(94.7616%)

Read2 before filtering:
total reads: 524085
total bases: 157749585
Q20 bases: 155181029(98.3718%)
Q30 bases: 148117700(93.8942%)
Q40 bases: 148117700(93.8942%)

Read1 after filtering:
total reads: 519755
total bases: 133357145
Q20 bases: 132269448(99.1844%)
Q30 bases: 128908742(96.6643%)
Q40 bases: 128908742(96.6643%)

Read2 after filtering:
total reads: 519755
total bases: 133349862
Q20 bases: 131485040(98.6016%)
Q30 bases: 125546667(94.1483%)
Q40 bases: 125546667(94.1483%)

Filtering result:
reads passed filter: 1039510
reads failed due to low quality: 7748
reads failed due to too many N: 18
reads failed due to too short: 894
reads failed due to adapter dimer: 0
reads with adapter trimmed: 1041215
bases trimmed due to adapters: 18433311

Duplication rate: 40.486%

Insert size peak (evaluated by paired-end reads): 292

JSON report: fastp.json
HTML report: fastp.html

fastp -w 6 -i /scratch4/workspace/jade_fiorilla_student_uml_edu-rawseqorcc/fastq/2024_phase2_Warm06_Hyp_filter_S115_R1_001.fastq.gz -I /scratch4/workspace/jade_fiorilla_student_uml_edu-rawseqorcc/fastq/2024_phase2_Warm06_Hyp_filter_S115_R2_001.fastq.gz -o /scratch4/workspace/jade_fiorilla_student_uml_edu-rawseqorcc/trimmed-fastp/2024_phase2_Warm06_Hyp_filter_S115_R1_trim.fastq.gz -O /scratch4/workspace/jade_fiorilla_student_uml_edu-rawseqorcc/trimmed-fastp/2024_phase2_Warm06_Hyp_filter_S115_R2_trim.fastq.gz --detect_adapter_for_pe 
fastp v1.3.7, time used: 5 seconds
Running fastp on: 2024_phase2_Warm06_Norm_filter_S127
Detecting adapter sequence for read1...
>I7_Nextera_Transposase_1 | >Trans2_rc | >I7_Nextera_Transposase_1 | >Trans2_rc
CTGTCTCTTATACACATCTCCGAGCCCACGAGAC

Detecting adapter sequence for read2...
>I5_Nextera_Transposase_1 | >Trans1_rc | >I5_Nextera_Transposase_1 | >Trans1_rc
CTGTCTCTTATACACATCTGACGCTGCCGACGA

Read1 before filtering:
total reads: 913342
total bases: 274915942
Q20 bases: 272266378(99.0362%)
Q30 bases: 264816079(96.3262%)
Q40 bases: 264816079(96.3262%)

Read2 before filtering:
total reads: 913342
total bases: 274915942
Q20 bases: 270688812(98.4624%)
Q30 bases: 258572541(94.0551%)
Q40 bases: 258572541(94.0551%)

Read1 after filtering:
total reads: 905956
total bases: 267171723
Q20 bases: 265189027(99.2579%)
Q30 bases: 258602233(96.7925%)
Q40 bases: 258602233(96.7925%)

Read2 after filtering:
total reads: 905956
total bases: 267174206
Q20 bases: 263870239(98.7634%)
Q30 bases: 252882767(94.6509%)
Q40 bases: 252882767(94.6509%)

Filtering result:
reads passed filter: 1811912
reads failed due to low quality: 11664
reads failed due to too many N: 60
reads failed due to too short: 3044
reads failed due to adapter dimer: 4
reads with adapter trimmed: 1809386
bases trimmed due to adapters: 9557056

Duplication rate: 20.4879%

Insert size peak (evaluated by paired-end reads): 296

JSON report: fastp.json
HTML report: fastp.html

fastp -w 6 -i /scratch4/workspace/jade_fiorilla_student_uml_edu-rawseqorcc/fastq/2024_phase2_Warm06_Norm_filter_S127_R1_001.fastq.gz -I /scratch4/workspace/jade_fiorilla_student_uml_edu-rawseqorcc/fastq/2024_phase2_Warm06_Norm_filter_S127_R2_001.fastq.gz -o /scratch4/workspace/jade_fiorilla_student_uml_edu-rawseqorcc/trimmed-fastp/2024_phase2_Warm06_Norm_filter_S127_R1_trim.fastq.gz -O /scratch4/workspace/jade_fiorilla_student_uml_edu-rawseqorcc/trimmed-fastp/2024_phase2_Warm06_Norm_filter_S127_R2_trim.fastq.gz --detect_adapter_for_pe 
fastp v1.3.7, time used: 18 seconds
Running fastp on: 2024_Warm01_Cont01_G2_gill_S188
Detecting adapter sequence for read1...
>I7_Nextera_Transposase_1 | >Trans2_rc | >I7_Nextera_Transposase_1 | >Trans2_rc
CTGTCTCTTATACACATCTCCGAGCCCACGAGAC

Detecting adapter sequence for read2...
>I5_Nextera_Transposase_1 | >Trans1_rc | >I5_Nextera_Transposase_1 | >Trans1_rc
CTGTCTCTTATACACATCTGACGCTGCCGACGA

Read1 before filtering:
total reads: 1793873
total bases: 539955773
Q20 bases: 527594914(97.7108%)
Q30 bases: 502943234(93.1453%)
Q40 bases: 502943234(93.1453%)

Read2 before filtering:
total reads: 1793873
total bases: 539955773
Q20 bases: 529460646(98.0563%)
Q30 bases: 501292736(92.8396%)
Q40 bases: 501292736(92.8396%)

Read1 after filtering:
total reads: 1778345
total bases: 457029404
Q20 bases: 453586645(99.2467%)
Q30 bases: 441961150(96.703%)
Q40 bases: 441961150(96.703%)

Read2 after filtering:
total reads: 1778345
total bases: 457008131
Q20 bases: 449315509(98.3167%)
Q30 bases: 425464963(93.0979%)
Q40 bases: 425464963(93.0979%)

Filtering result:
reads passed filter: 3556690
reads failed due to low quality: 27826
reads failed due to too many N: 148
reads failed due to too short: 3070
reads failed due to adapter dimer: 12
reads with adapter trimmed: 3368509
bases trimmed due to adapters: 58741807

Duplication rate: 14.0633%

Insert size peak (evaluated by paired-end reads): 298

JSON report: fastp.json
HTML report: fastp.html

fastp -w 6 -i /scratch4/workspace/jade_fiorilla_student_uml_edu-rawseqorcc/fastq/2024_Warm01_Cont01_G2_gill_S188_R1_001.fastq.gz -I /scratch4/workspace/jade_fiorilla_student_uml_edu-rawseqorcc/fastq/2024_Warm01_Cont01_G2_gill_S188_R2_001.fastq.gz -o /scratch4/workspace/jade_fiorilla_student_uml_edu-rawseqorcc/trimmed-fastp/2024_Warm01_Cont01_G2_gill_S188_R1_trim.fastq.gz -O /scratch4/workspace/jade_fiorilla_student_uml_edu-rawseqorcc/trimmed-fastp/2024_Warm01_Cont01_G2_gill_S188_R2_trim.fastq.gz --detect_adapter_for_pe 
fastp v1.3.7, time used: 16 seconds
Running fastp on: 2024_Warm01_Cont01_G2_gut_S42
Detecting adapter sequence for read1...
>I7_Nextera_Transposase_1 | >Trans2_rc | >I7_Nextera_Transposase_1 | >Trans2_rc
CTGTCTCTTATACACATCTCCGAGCCCACGAGAC

Detecting adapter sequence for read2...
>I5_Nextera_Transposase_1 | >Trans1_rc | >I5_Nextera_Transposase_1 | >Trans1_rc
CTGTCTCTTATACACATCTGACGCTGCCGACGA

Read1 before filtering:
total reads: 697108
total bases: 209829508
Q20 bases: 204781482(97.5942%)
Q30 bases: 196119119(93.4659%)
Q40 bases: 196119119(93.4659%)

Read2 before filtering:
total reads: 697108
total bases: 209829508
Q20 bases: 207002610(98.6528%)
Q30 bases: 198994141(94.8361%)
Q40 bases: 198994141(94.8361%)

Read1 after filtering:
total reads: 692355
total bases: 148332693
Q20 bases: 147215761(99.247%)
Q30 bases: 143758028(96.9159%)
Q40 bases: 143758028(96.9159%)

Read2 after filtering:
total reads: 692355
total bases: 148248005
Q20 bases: 146340343(98.7132%)
Q30 bases: 140017292(94.448%)
Q40 bases: 140017292(94.448%)

Filtering result:
reads passed filter: 1384710
reads failed due to low quality: 8740
reads failed due to too many N: 46
reads failed due to too short: 720
reads failed due to adapter dimer: 0
reads with adapter trimmed: 1382402
bases trimmed due to adapters: 37692966

Duplication rate: 33.8302%

Insert size peak (evaluated by paired-end reads): 294

JSON report: fastp.json
HTML report: fastp.html

fastp -w 6 -i /scratch4/workspace/jade_fiorilla_student_uml_edu-rawseqorcc/fastq/2024_Warm01_Cont01_G2_gut_S42_R1_001.fastq.gz -I /scratch4/workspace/jade_fiorilla_student_uml_edu-rawseqorcc/fastq/2024_Warm01_Cont01_G2_gut_S42_R2_001.fastq.gz -o /scratch4/workspace/jade_fiorilla_student_uml_edu-rawseqorcc/trimmed-fastp/2024_Warm01_Cont01_G2_gut_S42_R1_trim.fastq.gz -O /scratch4/workspace/jade_fiorilla_student_uml_edu-rawseqorcc/trimmed-fastp/2024_Warm01_Cont01_G2_gut_S42_R2_trim.fastq.gz --detect_adapter_for_pe 
fastp v1.3.7, time used: 7 seconds
Running fastp on: 2024_Warm01_Cont06_G61_gill_S175
Detecting adapter sequence for read1...
>I7_Nextera_Transposase_1 | >Trans2_rc | >I7_Nextera_Transposase_1 | >Trans2_rc
CTGTCTCTTATACACATCTCCGAGCCCACGAGAC

Detecting adapter sequence for read2...
>I5_Nextera_Transposase_1 | >Trans1_rc | >I5_Nextera_Transposase_1 | >Trans1_rc
CTGTCTCTTATACACATCTGACGCTGCCGACGA

Read1 before filtering:
total reads: 1033654
total bases: 311129854
Q20 bases: 305005653(98.0316%)
Q30 bases: 293843273(94.4439%)
Q40 bases: 293843273(94.4439%)

Read2 before filtering:
total reads: 1033654
total bases: 311129854
Q20 bases: 306302639(98.4485%)
Q30 bases: 292678201(94.0695%)
Q40 bases: 292678201(94.0695%)

Read1 after filtering:
total reads: 1027121
total bases: 240870180
Q20 bases: 239229967(99.319%)
Q30 bases: 233819074(97.0727%)
Q40 bases: 233819074(97.0727%)

Read2 after filtering:
total reads: 1027121
total bases: 240831824
Q20 bases: 237484257(98.61%)
Q30 bases: 226498673(94.0485%)
Q40 bases: 226498673(94.0485%)

Filtering result:
reads passed filter: 2054242
reads failed due to low quality: 12106
reads failed due to too many N: 88
reads failed due to too short: 870
reads failed due to adapter dimer: 2
reads with adapter trimmed: 2003444
bases trimmed due to adapters: 46694241

Duplication rate: 35.2433%

Insert size peak (evaluated by paired-end reads): 294

JSON report: fastp.json
HTML report: fastp.html

fastp -w 6 -i /scratch4/workspace/jade_fiorilla_student_uml_edu-rawseqorcc/fastq/2024_Warm01_Cont06_G61_gill_S175_R1_001.fastq.gz -I /scratch4/workspace/jade_fiorilla_student_uml_edu-rawseqorcc/fastq/2024_Warm01_Cont06_G61_gill_S175_R2_001.fastq.gz -o /scratch4/workspace/jade_fiorilla_student_uml_edu-rawseqorcc/trimmed-fastp/2024_Warm01_Cont06_G61_gill_S175_R1_trim.fastq.gz -O /scratch4/workspace/jade_fiorilla_student_uml_edu-rawseqorcc/trimmed-fastp/2024_Warm01_Cont06_G61_gill_S175_R2_trim.fastq.gz --detect_adapter_for_pe 
fastp v1.3.7, time used: 9 seconds
Running fastp on: 2024_Warm01_Cont06_G61_gut_S57
Detecting adapter sequence for read1...
>I7_Nextera_Transposase_1 | >Trans2_rc | >I7_Nextera_Transposase_1 | >Trans2_rc
CTGTCTCTTATACACATCTCCGAGCCCACGAGAC

Detecting adapter sequence for read2...
>I5_Nextera_Transposase_1 | >Trans1_rc | >I5_Nextera_Transposase_1 | >Trans1_rc
CTGTCTCTTATACACATCTGACGCTGCCGACGA

Read1 before filtering:
total reads: 1149318
total bases: 345944718
Q20 bases: 332151358(96.0128%)
Q30 bases: 311242036(89.9687%)
Q40 bases: 311242036(89.9687%)

Read2 before filtering:
total reads: 1149318
total bases: 345944718
Q20 bases: 341926900(98.8386%)
Q30 bases: 330423211(95.5133%)
Q40 bases: 330423211(95.5133%)

Read1 after filtering:
total reads: 1141835
total bases: 206896026
Q20 bases: 205165230(99.1634%)
Q30 bases: 199847478(96.5932%)
Q40 bases: 199847478(96.5932%)

Read2 after filtering:
total reads: 1141835
total bases: 206587380
Q20 bases: 204176761(98.8331%)
Q30 bases: 195944191(94.8481%)
Q40 bases: 195944191(94.8481%)

Filtering result:
reads passed filter: 2283670
reads failed due to low quality: 12500
reads failed due to too many N: 66
reads failed due to too short: 2390
reads failed due to adapter dimer: 10
reads with adapter trimmed: 2272355
bases trimmed due to adapters: 78812401

Duplication rate: 14.229%

Insert size peak (evaluated by paired-end reads): 296

JSON report: fastp.json
HTML report: fastp.html

fastp -w 6 -i /scratch4/workspace/jade_fiorilla_student_uml_edu-rawseqorcc/fastq/2024_Warm01_Cont06_G61_gut_S57_R1_001.fastq.gz -I /scratch4/workspace/jade_fiorilla_student_uml_edu-rawseqorcc/fastq/2024_Warm01_Cont06_G61_gut_S57_R2_001.fastq.gz -o /scratch4/workspace/jade_fiorilla_student_uml_edu-rawseqorcc/trimmed-fastp/2024_Warm01_Cont06_G61_gut_S57_R1_trim.fastq.gz -O /scratch4/workspace/jade_fiorilla_student_uml_edu-rawseqorcc/trimmed-fastp/2024_Warm01_Cont06_G61_gut_S57_R2_trim.fastq.gz --detect_adapter_for_pe 
fastp v1.3.7, time used: 10 seconds
Running fastp on: 2024_Warm01_Hyp05_G49_gill_S233
Detecting adapter sequence for read1...
No adapter detected for read1

Detecting adapter sequence for read2...
No adapter detected for read2

Read1 before filtering:
total reads: 2012
total bases: 605612
Q20 bases: 584209(96.4659%)
Q30 bases: 544134(89.8486%)
Q40 bases: 544134(89.8486%)

Read2 before filtering:
total reads: 2012
total bases: 605612
Q20 bases: 584387(96.4953%)
Q30 bases: 542044(89.5035%)
Q40 bases: 542044(89.5035%)

Read1 after filtering:
total reads: 1963
total bases: 450649
Q20 bases: 436072(96.7653%)
Q30 bases: 410411(91.0711%)
Q40 bases: 410411(91.0711%)

Read2 after filtering:
total reads: 1963
total bases: 452176
Q20 bases: 439066(97.1007%)
Q30 bases: 405463(89.6693%)
Q40 bases: 405463(89.6693%)

Filtering result:
reads passed filter: 3926
reads failed due to low quality: 98
reads failed due to too many N: 0
reads failed due to too short: 0
reads failed due to adapter dimer: 0
reads with adapter trimmed: 2616
bases trimmed due to adapters: 26088

Duplication rate: 3.72763%

Insert size peak (evaluated by paired-end reads): 292

JSON report: fastp.json
HTML report: fastp.html

fastp -w 6 -i /scratch4/workspace/jade_fiorilla_student_uml_edu-rawseqorcc/fastq/2024_Warm01_Hyp05_G49_gill_S233_R1_001.fastq.gz -I /scratch4/workspace/jade_fiorilla_student_uml_edu-rawseqorcc/fastq/2024_Warm01_Hyp05_G49_gill_S233_R2_001.fastq.gz -o /scratch4/workspace/jade_fiorilla_student_uml_edu-rawseqorcc/trimmed-fastp/2024_Warm01_Hyp05_G49_gill_S233_R1_trim.fastq.gz -O /scratch4/workspace/jade_fiorilla_student_uml_edu-rawseqorcc/trimmed-fastp/2024_Warm01_Hyp05_G49_gill_S233_R2_trim.fastq.gz --detect_adapter_for_pe 
fastp v1.3.7, time used: 1 seconds
Running fastp on: 2024_Warm01_Hyp05_G49_gut_S66
Detecting adapter sequence for read1...
>I7_Nextera_Transposase_1 | >Trans2_rc | >I7_Nextera_Transposase_1 | >Trans2_rc
CTGTCTCTTATACACATCTCCGAGCCCACGAGAC

Detecting adapter sequence for read2...
>I5_Nextera_Transposase_1 | >Trans1_rc | >I5_Nextera_Transposase_1 | >Trans1_rc
CTGTCTCTTATACACATCTGACGCTGCCGACGA

Read1 before filtering:
total reads: 721306
total bases: 217113106
Q20 bases: 214157637(98.6387%)
Q30 bases: 207626803(95.6307%)
Q40 bases: 207626803(95.6307%)

Read2 before filtering:
total reads: 721306
total bases: 217113106
Q20 bases: 214047852(98.5882%)
Q30 bases: 204980808(94.412%)
Q40 bases: 204980808(94.412%)

Read1 after filtering:
total reads: 716084
total bases: 195497447
Q20 bases: 194047868(99.2585%)
Q30 bases: 189458417(96.9109%)
Q40 bases: 189458417(96.9109%)

Read2 after filtering:
total reads: 716084
total bases: 195474671
Q20 bases: 193166505(98.8192%)
Q30 bases: 185298513(94.7941%)
Q40 bases: 185298513(94.7941%)

Filtering result:
reads passed filter: 1432168
reads failed due to low quality: 9482
reads failed due to too many N: 64
reads failed due to too short: 896
reads failed due to adapter dimer: 2
reads with adapter trimmed: 1432522
bases trimmed due to adapters: 17831965

Duplication rate: 37.2176%

Insert size peak (evaluated by paired-end reads): 294

JSON report: fastp.json
HTML report: fastp.html

fastp -w 6 -i /scratch4/workspace/jade_fiorilla_student_uml_edu-rawseqorcc/fastq/2024_Warm01_Hyp05_G49_gut_S66_R1_001.fastq.gz -I /scratch4/workspace/jade_fiorilla_student_uml_edu-rawseqorcc/fastq/2024_Warm01_Hyp05_G49_gut_S66_R2_001.fastq.gz -o /scratch4/workspace/jade_fiorilla_student_uml_edu-rawseqorcc/trimmed-fastp/2024_Warm01_Hyp05_G49_gut_S66_R1_trim.fastq.gz -O /scratch4/workspace/jade_fiorilla_student_uml_edu-rawseqorcc/trimmed-fastp/2024_Warm01_Hyp05_G49_gut_S66_R2_trim.fastq.gz --detect_adapter_for_pe 
fastp v1.3.7, time used: 8 seconds
Running fastp on: 2024_Warm01_Null_G02_gill_S239
Detecting adapter sequence for read1...
>I7_Nextera_Transposase_1 | >Trans2_rc | >I7_Nextera_Transposase_1 | >Trans2_rc
CTGTCTCTTATACACATCTCCGAGCCCACGAGAC

Detecting adapter sequence for read2...
>I5_Nextera_Transposase_1 | >Trans1_rc | >I5_Nextera_Transposase_1 | >Trans1_rc
CTGTCTCTTATACACATCTGACGCTGCCGACGA

Read1 before filtering:
total reads: 438648
total bases: 132033048
Q20 bases: 129799983(98.3087%)
Q30 bases: 124130607(94.0148%)
Q40 bases: 124130607(94.0148%)

Read2 before filtering:
total reads: 438648
total bases: 132033048
Q20 bases: 127857081(96.8372%)
Q30 bases: 118177541(89.506%)
Q40 bases: 118177541(89.506%)

Read1 after filtering:
total reads: 435022
total bases: 122721753
Q20 bases: 121350218(98.8824%)
Q30 bases: 116862702(95.2257%)
Q40 bases: 116862702(95.2257%)

Read2 after filtering:
total reads: 435022
total bases: 122759737
Q20 bases: 119540610(97.3777%)
Q30 bases: 111195243(90.5796%)
Q40 bases: 111195243(90.5796%)

Filtering result:
reads passed filter: 870044
reads failed due to low quality: 6678
reads failed due to too many N: 38
reads failed due to too short: 536
reads failed due to adapter dimer: 0
reads with adapter trimmed: 860650
bases trimmed due to adapters: 10480427

Duplication rate: 46.9575%

Insert size peak (evaluated by paired-end reads): 291

JSON report: fastp.json
HTML report: fastp.html

fastp -w 6 -i /scratch4/workspace/jade_fiorilla_student_uml_edu-rawseqorcc/fastq/2024_Warm01_Null_G02_gill_S239_R1_001.fastq.gz -I /scratch4/workspace/jade_fiorilla_student_uml_edu-rawseqorcc/fastq/2024_Warm01_Null_G02_gill_S239_R2_001.fastq.gz -o /scratch4/workspace/jade_fiorilla_student_uml_edu-rawseqorcc/trimmed-fastp/2024_Warm01_Null_G02_gill_S239_R1_trim.fastq.gz -O /scratch4/workspace/jade_fiorilla_student_uml_edu-rawseqorcc/trimmed-fastp/2024_Warm01_Null_G02_gill_S239_R2_trim.fastq.gz --detect_adapter_for_pe 
fastp v1.3.7, time used: 5 seconds
Running fastp on: 2024_Warm01_Null_G02_gut_S184
Detecting adapter sequence for read1...
>I7_Nextera_Transposase_1 | >Trans2_rc | >I7_Nextera_Transposase_1 | >Trans2_rc
CTGTCTCTTATACACATCTCCGAGCCCACGAGAC

Detecting adapter sequence for read2...
>I5_Nextera_Transposase_1 | >Trans1_rc | >I5_Nextera_Transposase_1 | >Trans1_rc
CTGTCTCTTATACACATCTGACGCTGCCGACGA

Read1 before filtering:
total reads: 1317519
total bases: 396573219
Q20 bases: 382861252(96.5424%)
Q30 bases: 360358742(90.8681%)
Q40 bases: 360358742(90.8681%)

Read2 before filtering:
total reads: 1317519
total bases: 396573219
Q20 bases: 392259946(98.9124%)
Q30 bases: 379859891(95.7856%)
Q40 bases: 379859891(95.7856%)

Read1 after filtering:
total reads: 1308896
total bases: 195541982
Q20 bases: 193893863(99.1572%)
Q30 bases: 188786550(96.5453%)
Q40 bases: 188786550(96.5453%)

Read2 after filtering:
total reads: 1308896
total bases: 195359406
Q20 bases: 192993302(98.7888%)
Q30 bases: 185065010(94.7305%)
Q40 bases: 185065010(94.7305%)

Filtering result:
reads passed filter: 2617792
reads failed due to low quality: 15910
reads failed due to too many N: 60
reads failed due to too short: 1274
reads failed due to adapter dimer: 2
reads with adapter trimmed: 2612584
bases trimmed due to adapters: 115682502

Duplication rate: 53.2036%

Insert size peak (evaluated by paired-end reads): 292

JSON report: fastp.json
HTML report: fastp.html

fastp -w 6 -i /scratch4/workspace/jade_fiorilla_student_uml_edu-rawseqorcc/fastq/2024_Warm01_Null_G02_gut_S184_R1_001.fastq.gz -I /scratch4/workspace/jade_fiorilla_student_uml_edu-rawseqorcc/fastq/2024_Warm01_Null_G02_gut_S184_R2_001.fastq.gz -o /scratch4/workspace/jade_fiorilla_student_uml_edu-rawseqorcc/trimmed-fastp/2024_Warm01_Null_G02_gut_S184_R1_trim.fastq.gz -O /scratch4/workspace/jade_fiorilla_student_uml_edu-rawseqorcc/trimmed-fastp/2024_Warm01_Null_G02_gut_S184_R2_trim.fastq.gz --detect_adapter_for_pe 
fastp v1.3.7, time used: 9 seconds
Running fastp on: 2024_Warm01_Warm01_G1_gill_S211
Detecting adapter sequence for read1...
>I7_Nextera_Transposase_1 | >Trans2_rc | >I7_Nextera_Transposase_1 | >Trans2_rc
CTGTCTCTTATACACATCTCCGAGCCCACGAGAC

Detecting adapter sequence for read2...
>I5_Nextera_Transposase_1 | >Trans1_rc | >I5_Nextera_Transposase_1 | >Trans1_rc
CTGTCTCTTATACACATCTGACGCTGCCGACGA

Read1 before filtering:
total reads: 1775944
total bases: 534559144
Q20 bases: 529596956(99.0717%)
Q30 bases: 515955891(96.5199%)
Q40 bases: 515955891(96.5199%)

Read2 before filtering:
total reads: 1775944
total bases: 534559144
Q20 bases: 526451790(98.4834%)
Q30 bases: 502387148(93.9816%)
Q40 bases: 502387148(93.9816%)

Read1 after filtering:
total reads: 1763579
total bases: 514491434
Q20 bases: 510973164(99.3162%)
Q30 bases: 499270240(97.0415%)
Q40 bases: 499270240(97.0415%)

Read2 after filtering:
total reads: 1763579
total bases: 514504483
Q20 bases: 508112028(98.7576%)
Q30 bases: 486696006(94.5951%)
Q40 bases: 486696006(94.5951%)

Filtering result:
reads passed filter: 3527158
reads failed due to low quality: 23488
reads failed due to too many N: 156
reads failed due to too short: 1086
reads failed due to adapter dimer: 0
reads with adapter trimmed: 3537015
bases trimmed due to adapters: 32109910

Duplication rate: 67.979%

Insert size peak (evaluated by paired-end reads): 292

JSON report: fastp.json
HTML report: fastp.html

fastp -w 6 -i /scratch4/workspace/jade_fiorilla_student_uml_edu-rawseqorcc/fastq/2024_Warm01_Warm01_G1_gill_S211_R1_001.fastq.gz -I /scratch4/workspace/jade_fiorilla_student_uml_edu-rawseqorcc/fastq/2024_Warm01_Warm01_G1_gill_S211_R2_001.fastq.gz -o /scratch4/workspace/jade_fiorilla_student_uml_edu-rawseqorcc/trimmed-fastp/2024_Warm01_Warm01_G1_gill_S211_R1_trim.fastq.gz -O /scratch4/workspace/jade_fiorilla_student_uml_edu-rawseqorcc/trimmed-fastp/2024_Warm01_Warm01_G1_gill_S211_R2_trim.fastq.gz --detect_adapter_for_pe 
fastp v1.3.7, time used: 15 seconds
Running fastp on: 2024_Warm01_Warm01_G1_gut_S23
Detecting adapter sequence for read1...
>I7_Nextera_Transposase_1 | >Trans2_rc | >I7_Nextera_Transposase_1 | >Trans2_rc
CTGTCTCTTATACACATCTCCGAGCCCACGAGAC

Detecting adapter sequence for read2...
>I5_Nextera_Transposase_1 | >Trans1_rc | >I5_Nextera_Transposase_1 | >Trans1_rc
CTGTCTCTTATACACATCTGACGCTGCCGACGA

Read1 before filtering:
total reads: 1287196
total bases: 387445996
Q20 bases: 371005968(95.7568%)
Q30 bases: 347243810(89.6238%)
Q40 bases: 347243810(89.6238%)

Read2 before filtering:
total reads: 1287196
total bases: 387445996
Q20 bases: 383481886(98.9769%)
Q30 bases: 372786365(96.2163%)
Q40 bases: 372786365(96.2163%)

Read1 after filtering:
total reads: 1279303
total bases: 155592400
Q20 bases: 154226582(99.1222%)
Q30 bases: 150312028(96.6063%)
Q40 bases: 150312028(96.6063%)

Read2 after filtering:
total reads: 1279303
total bases: 155205219
Q20 bases: 153420373(98.85%)
Q30 bases: 147434345(94.9932%)
Q40 bases: 147434345(94.9932%)

Filtering result:
reads passed filter: 2558606
reads failed due to low quality: 14336
reads failed due to too many N: 48
reads failed due to too short: 1402
reads failed due to adapter dimer: 0
reads with adapter trimmed: 2546010
bases trimmed due to adapters: 131373305

Duplication rate: 23.5802%

Insert size peak (evaluated by paired-end reads): 294

JSON report: fastp.json
HTML report: fastp.html

fastp -w 6 -i /scratch4/workspace/jade_fiorilla_student_uml_edu-rawseqorcc/fastq/2024_Warm01_Warm01_G1_gut_S23_R1_001.fastq.gz -I /scratch4/workspace/jade_fiorilla_student_uml_edu-rawseqorcc/fastq/2024_Warm01_Warm01_G1_gut_S23_R2_001.fastq.gz -o /scratch4/workspace/jade_fiorilla_student_uml_edu-rawseqorcc/trimmed-fastp/2024_Warm01_Warm01_G1_gut_S23_R1_trim.fastq.gz -O /scratch4/workspace/jade_fiorilla_student_uml_edu-rawseqorcc/trimmed-fastp/2024_Warm01_Warm01_G1_gut_S23_R2_trim.fastq.gz --detect_adapter_for_pe 
fastp v1.3.7, time used: 10 seconds
Running fastp on: 2024_Warm01_Warm06_G62_gill_S176
Detecting adapter sequence for read1...
>I7_Nextera_Transposase_1 | >Trans2_rc | >I7_Nextera_Transposase_1 | >Trans2_rc
CTGTCTCTTATACACATCTCCGAGCCCACGAGAC

Detecting adapter sequence for read2...
>I5_Nextera_Transposase_1 | >Trans1_rc | >I5_Nextera_Transposase_1 | >Trans1_rc
CTGTCTCTTATACACATCTGACGCTGCCGACGA

Read1 before filtering:
total reads: 1535926
total bases: 462313726
Q20 bases: 447670403(96.8326%)
Q30 bases: 426867108(92.3328%)
Q40 bases: 426867108(92.3328%)

Read2 before filtering:
total reads: 1535926
total bases: 462313726
Q20 bases: 456698915(98.7855%)
Q30 bases: 441000406(95.3899%)
Q40 bases: 441000406(95.3899%)

Read1 after filtering:
total reads: 1527038
total bases: 230282884
Q20 bases: 228510646(99.2304%)
Q30 bases: 223067666(96.8668%)
Q40 bases: 223067666(96.8668%)

Read2 after filtering:
total reads: 1527038
total bases: 230091829
Q20 bases: 226972735(98.6444%)
Q30 bases: 216796403(94.2217%)
Q40 bases: 216796403(94.2217%)

Filtering result:
reads passed filter: 3054076
reads failed due to low quality: 16372
reads failed due to too many N: 84
reads failed due to too short: 1318
reads failed due to adapter dimer: 2
reads with adapter trimmed: 3014264
bases trimmed due to adapters: 131872219

Duplication rate: 32.0488%

Insert size peak (evaluated by paired-end reads): 294

JSON report: fastp.json
HTML report: fastp.html

fastp -w 6 -i /scratch4/workspace/jade_fiorilla_student_uml_edu-rawseqorcc/fastq/2024_Warm01_Warm06_G62_gill_S176_R1_001.fastq.gz -I /scratch4/workspace/jade_fiorilla_student_uml_edu-rawseqorcc/fastq/2024_Warm01_Warm06_G62_gill_S176_R2_001.fastq.gz -o /scratch4/workspace/jade_fiorilla_student_uml_edu-rawseqorcc/trimmed-fastp/2024_Warm01_Warm06_G62_gill_S176_R1_trim.fastq.gz -O /scratch4/workspace/jade_fiorilla_student_uml_edu-rawseqorcc/trimmed-fastp/2024_Warm01_Warm06_G62_gill_S176_R2_trim.fastq.gz --detect_adapter_for_pe 
fastp v1.3.7, time used: 11 seconds
Running fastp on: 2024_Warm01_Warm06_G62_gut_S58
Detecting adapter sequence for read1...
>I7_Nextera_Transposase_1 | >Trans2_rc | >I7_Nextera_Transposase_1 | >Trans2_rc
CTGTCTCTTATACACATCTCCGAGCCCACGAGAC

Detecting adapter sequence for read2...
>I5_Nextera_Transposase_1 | >Trans1_rc | >I5_Nextera_Transposase_1 | >Trans1_rc
CTGTCTCTTATACACATCTGACGCTGCCGACGA

Read1 before filtering:
total reads: 768962
total bases: 231457562
Q20 bases: 219162507(94.688%)
Q30 bases: 201719604(87.1519%)
Q40 bases: 201719604(87.1519%)

Read2 before filtering:
total reads: 768962
total bases: 231457562
Q20 bases: 229046583(98.9583%)
Q30 bases: 222396684(96.0853%)
Q40 bases: 222396684(96.0853%)

Read1 after filtering:
total reads: 763897
total bases: 102829381
Q20 bases: 101876773(99.0736%)
Q30 bases: 99092793(96.3662%)
Q40 bases: 99092793(96.3662%)

Read2 after filtering:
total reads: 763897
total bases: 102516830
Q20 bases: 101377123(98.8883%)
Q30 bases: 97452221(95.0597%)
Q40 bases: 97452221(95.0597%)

Filtering result:
reads passed filter: 1527794
reads failed due to low quality: 8508
reads failed due to too many N: 34
reads failed due to too short: 1576
reads failed due to adapter dimer: 12
reads with adapter trimmed: 1518971
bases trimmed due to adapters: 71282460

Duplication rate: 9.08393%

Insert size peak (evaluated by paired-end reads): 296

JSON report: fastp.json
HTML report: fastp.html

fastp -w 6 -i /scratch4/workspace/jade_fiorilla_student_uml_edu-rawseqorcc/fastq/2024_Warm01_Warm06_G62_gut_S58_R1_001.fastq.gz -I /scratch4/workspace/jade_fiorilla_student_uml_edu-rawseqorcc/fastq/2024_Warm01_Warm06_G62_gut_S58_R2_001.fastq.gz -o /scratch4/workspace/jade_fiorilla_student_uml_edu-rawseqorcc/trimmed-fastp/2024_Warm01_Warm06_G62_gut_S58_R1_trim.fastq.gz -O /scratch4/workspace/jade_fiorilla_student_uml_edu-rawseqorcc/trimmed-fastp/2024_Warm01_Warm06_G62_gut_S58_R2_trim.fastq.gz --detect_adapter_for_pe 
fastp v1.3.7, time used: 6 seconds
Running fastp on: 2024_Warm02_Both01_G4_gill_S146
Detecting adapter sequence for read1...
>I7_Nextera_Transposase_1 | >Trans2_rc | >I7_Nextera_Transposase_1 | >Trans2_rc
CTGTCTCTTATACACATCTCCGAGCCCACGAGAC

Detecting adapter sequence for read2...
>I5_Nextera_Transposase_1 | >Trans1_rc | >I5_Nextera_Transposase_1 | >Trans1_rc
CTGTCTCTTATACACATCTGACGCTGCCGACGA

Read1 before filtering:
total reads: 1003426
total bases: 302031226
Q20 bases: 293074901(97.0346%)
Q30 bases: 279380036(92.5004%)
Q40 bases: 279380036(92.5004%)

Read2 before filtering:
total reads: 1003426
total bases: 302031226
Q20 bases: 298409248(98.8008%)
Q30 bases: 288252145(95.4379%)
Q40 bases: 288252145(95.4379%)

Read1 after filtering:
total reads: 997288
total bases: 178196037
Q20 bases: 176805933(99.2199%)
Q30 bases: 172539832(96.8259%)
Q40 bases: 172539832(96.8259%)

Read2 after filtering:
total reads: 997288
total bases: 178076534
Q20 bases: 175887598(98.7708%)
Q30 bases: 168660548(94.7124%)
Q40 bases: 168660548(94.7124%)

Filtering result:
reads passed filter: 1994576
reads failed due to low quality: 11218
reads failed due to too many N: 52
reads failed due to too short: 1006
reads failed due to adapter dimer: 0
reads with adapter trimmed: 1981476
bases trimmed due to adapters: 72255422

Duplication rate: 31.1276%

Insert size peak (evaluated by paired-end reads): 294

JSON report: fastp.json
HTML report: fastp.html

fastp -w 6 -i /scratch4/workspace/jade_fiorilla_student_uml_edu-rawseqorcc/fastq/2024_Warm02_Both01_G4_gill_S146_R1_001.fastq.gz -I /scratch4/workspace/jade_fiorilla_student_uml_edu-rawseqorcc/fastq/2024_Warm02_Both01_G4_gill_S146_R2_001.fastq.gz -o /scratch4/workspace/jade_fiorilla_student_uml_edu-rawseqorcc/trimmed-fastp/2024_Warm02_Both01_G4_gill_S146_R1_trim.fastq.gz -O /scratch4/workspace/jade_fiorilla_student_uml_edu-rawseqorcc/trimmed-fastp/2024_Warm02_Both01_G4_gill_S146_R2_trim.fastq.gz --detect_adapter_for_pe 
fastp v1.3.7, time used: 8 seconds
Running fastp on: 2024_Warm02_Both01_G4_gut_S147
Detecting adapter sequence for read1...
>I7_Nextera_Transposase_1 | >Trans2_rc | >I7_Nextera_Transposase_1 | >Trans2_rc
CTGTCTCTTATACACATCTCCGAGCCCACGAGAC

Detecting adapter sequence for read2...
>I5_Nextera_Transposase_1 | >Trans1_rc | >I5_Nextera_Transposase_1 | >Trans1_rc
CTGTCTCTTATACACATCTGACGCTGCCGACGA

Read1 before filtering:
total reads: 1201702
total bases: 361712302
Q20 bases: 350438535(96.8832%)
Q30 bases: 333614915(92.2321%)
Q40 bases: 333614915(92.2321%)

Read2 before filtering:
total reads: 1201702
total bases: 361712302
Q20 bases: 357538824(98.8462%)
Q30 bases: 345775402(95.594%)
Q40 bases: 345775402(95.594%)

Read1 after filtering:
total reads: 1194802
total bases: 201040031
Q20 bases: 199502541(99.2352%)
Q30 bases: 194719113(96.8559%)
Q40 bases: 194719113(96.8559%)

Read2 after filtering:
total reads: 1194802
total bases: 200855194
Q20 bases: 198378518(98.7669%)
Q30 bases: 190194418(94.6923%)
Q40 bases: 190194418(94.6923%)

Filtering result:
reads passed filter: 2389604
reads failed due to low quality: 12668
reads failed due to too many N: 62
reads failed due to too short: 1066
reads failed due to adapter dimer: 4
reads with adapter trimmed: 2381837
bases trimmed due to adapters: 92777576

Duplication rate: 31.2262%

Insert size peak (evaluated by paired-end reads): 294

JSON report: fastp.json
HTML report: fastp.html

fastp -w 6 -i /scratch4/workspace/jade_fiorilla_student_uml_edu-rawseqorcc/fastq/2024_Warm02_Both01_G4_gut_S147_R1_001.fastq.gz -I /scratch4/workspace/jade_fiorilla_student_uml_edu-rawseqorcc/fastq/2024_Warm02_Both01_G4_gut_S147_R2_001.fastq.gz -o /scratch4/workspace/jade_fiorilla_student_uml_edu-rawseqorcc/trimmed-fastp/2024_Warm02_Both01_G4_gut_S147_R1_trim.fastq.gz -O /scratch4/workspace/jade_fiorilla_student_uml_edu-rawseqorcc/trimmed-fastp/2024_Warm02_Both01_G4_gut_S147_R2_trim.fastq.gz --detect_adapter_for_pe 
fastp v1.3.7, time used: 10 seconds
Running fastp on: 2024_Warm02_Both02_G15_gill_S148
Detecting adapter sequence for read1...
>I7_Nextera_Transposase_1 | >Trans2_rc | >I7_Nextera_Transposase_1 | >Trans2_rc
CTGTCTCTTATACACATCTCCGAGCCCACGAGAC

Detecting adapter sequence for read2...
>I5_Nextera_Transposase_1 | >Trans1_rc | >I5_Nextera_Transposase_1 | >Trans1_rc
CTGTCTCTTATACACATCTGACGCTGCCGACGA

Read1 before filtering:
total reads: 1526935
total bases: 459607435
Q20 bases: 446182035(97.0789%)
Q30 bases: 424280764(92.3137%)
Q40 bases: 424280764(92.3137%)

Read2 before filtering:
total reads: 1526935
total bases: 459607435
Q20 bases: 453974754(98.7745%)
Q30 bases: 437997452(95.2982%)
Q40 bases: 437997452(95.2982%)

Read1 after filtering:
total reads: 1516809
total bases: 287988625
Q20 bases: 285429238(99.1113%)
Q30 bases: 277447438(96.3397%)
Q40 bases: 277447438(96.3397%)

Read2 after filtering:
total reads: 1516809
total bases: 287768527
Q20 bases: 284301901(98.7953%)
Q30 bases: 272611293(94.7328%)
Q40 bases: 272611293(94.7328%)

Filtering result:
reads passed filter: 3033618
reads failed due to low quality: 18732
reads failed due to too many N: 104
reads failed due to too short: 1414
reads failed due to adapter dimer: 2
reads with adapter trimmed: 2978668
bases trimmed due to adapters: 104754579

Duplication rate: 31.3942%

Insert size peak (evaluated by paired-end reads): 294

JSON report: fastp.json
HTML report: fastp.html

fastp -w 6 -i /scratch4/workspace/jade_fiorilla_student_uml_edu-rawseqorcc/fastq/2024_Warm02_Both02_G15_gill_S148_R1_001.fastq.gz -I /scratch4/workspace/jade_fiorilla_student_uml_edu-rawseqorcc/fastq/2024_Warm02_Both02_G15_gill_S148_R2_001.fastq.gz -o /scratch4/workspace/jade_fiorilla_student_uml_edu-rawseqorcc/trimmed-fastp/2024_Warm02_Both02_G15_gill_S148_R1_trim.fastq.gz -O /scratch4/workspace/jade_fiorilla_student_uml_edu-rawseqorcc/trimmed-fastp/2024_Warm02_Both02_G15_gill_S148_R2_trim.fastq.gz --detect_adapter_for_pe 
fastp v1.3.7, time used: 12 seconds
Running fastp on: 2024_Warm02_Both02_G15_gut_S43
Detecting adapter sequence for read1...
>I7_Nextera_Transposase_1 | >Trans2_rc | >I7_Nextera_Transposase_1 | >Trans2_rc
CTGTCTCTTATACACATCTCCGAGCCCACGAGAC

Detecting adapter sequence for read2...
>I5_Nextera_Transposase_1 | >Trans1_rc | >I5_Nextera_Transposase_1 | >Trans1_rc
CTGTCTCTTATACACATCTGACGCTGCCGACGA

Read1 before filtering:
total reads: 573872
total bases: 172735472
Q20 bases: 167961009(97.236%)
Q30 bases: 160008704(92.6322%)
Q40 bases: 160008704(92.6322%)

Read2 before filtering:
total reads: 573872
total bases: 172735472
Q20 bases: 170840674(98.9031%)
Q30 bases: 165287278(95.6881%)
Q40 bases: 165287278(95.6881%)

Read1 after filtering:
total reads: 570575
total bases: 109772787
Q20 bases: 108945204(99.2461%)
Q30 bases: 106300194(96.8366%)
Q40 bases: 106300194(96.8366%)

Read2 after filtering:
total reads: 570575
total bases: 109690611
Q20 bases: 108509776(98.9235%)
Q30 bases: 104374159(95.1532%)
Q40 bases: 104374159(95.1532%)

Filtering result:
reads passed filter: 1141150
reads failed due to low quality: 5968
reads failed due to too many N: 22
reads failed due to too short: 604
reads failed due to adapter dimer: 0
reads with adapter trimmed: 1138406
bases trimmed due to adapters: 37343372

Duplication rate: 26.8614%

Insert size peak (evaluated by paired-end reads): 294

JSON report: fastp.json
HTML report: fastp.html

fastp -w 6 -i /scratch4/workspace/jade_fiorilla_student_uml_edu-rawseqorcc/fastq/2024_Warm02_Both02_G15_gut_S43_R1_001.fastq.gz -I /scratch4/workspace/jade_fiorilla_student_uml_edu-rawseqorcc/fastq/2024_Warm02_Both02_G15_gut_S43_R2_001.fastq.gz -o /scratch4/workspace/jade_fiorilla_student_uml_edu-rawseqorcc/trimmed-fastp/2024_Warm02_Both02_G15_gut_S43_R1_trim.fastq.gz -O /scratch4/workspace/jade_fiorilla_student_uml_edu-rawseqorcc/trimmed-fastp/2024_Warm02_Both02_G15_gut_S43_R2_trim.fastq.gz --detect_adapter_for_pe 
fastp v1.3.7, time used: 6 seconds
Running fastp on: 2024_Warm02_Both06_G64_gill_S177
Detecting adapter sequence for read1...
>I7_Nextera_Transposase_1 | >Trans2_rc | >I7_Nextera_Transposase_1 | >Trans2_rc
CTGTCTCTTATACACATCTCCGAGCCCACGAGAC

Detecting adapter sequence for read2...
>I5_Nextera_Transposase_1 | >Trans1_rc | >I5_Nextera_Transposase_1 | >Trans1_rc
CTGTCTCTTATACACATCTGACGCTGCCGACGA

Read1 before filtering:
total reads: 1724957
total bases: 519212057
Q20 bases: 504890188(97.2416%)
Q30 bases: 483713522(93.163%)
Q40 bases: 483713522(93.163%)

Read2 before filtering:
total reads: 1724957
total bases: 519212057
Q20 bases: 511823780(98.577%)
Q30 bases: 491981286(94.7554%)
Q40 bases: 491981286(94.7554%)

Read1 after filtering:
total reads: 1715105
total bases: 293238605
Q20 bases: 291158438(99.2906%)
Q30 bases: 284455912(97.0049%)
Q40 bases: 284455912(97.0049%)

Read2 after filtering:
total reads: 1715105
total bases: 293064187
Q20 bases: 288312333(98.3786%)
Q30 bases: 273947290(93.4769%)
Q40 bases: 273947290(93.4769%)

Filtering result:
reads passed filter: 3430210
reads failed due to low quality: 18164
reads failed due to too many N: 104
reads failed due to too short: 1432
reads failed due to adapter dimer: 4
reads with adapter trimmed: 3396851
bases trimmed due to adapters: 129357007

Duplication rate: 32.8922%

Insert size peak (evaluated by paired-end reads): 294

JSON report: fastp.json
HTML report: fastp.html

fastp -w 6 -i /scratch4/workspace/jade_fiorilla_student_uml_edu-rawseqorcc/fastq/2024_Warm02_Both06_G64_gill_S177_R1_001.fastq.gz -I /scratch4/workspace/jade_fiorilla_student_uml_edu-rawseqorcc/fastq/2024_Warm02_Both06_G64_gill_S177_R2_001.fastq.gz -o /scratch4/workspace/jade_fiorilla_student_uml_edu-rawseqorcc/trimmed-fastp/2024_Warm02_Both06_G64_gill_S177_R1_trim.fastq.gz -O /scratch4/workspace/jade_fiorilla_student_uml_edu-rawseqorcc/trimmed-fastp/2024_Warm02_Both06_G64_gill_S177_R2_trim.fastq.gz --detect_adapter_for_pe 
fastp v1.3.7, time used: 13 seconds
Running fastp on: 2024_Warm02_Both06_G64_gut_S178
Detecting adapter sequence for read1...
>I7_Nextera_Transposase_1 | >Trans2_rc | >I7_Nextera_Transposase_1 | >Trans2_rc
CTGTCTCTTATACACATCTCCGAGCCCACGAGAC

Detecting adapter sequence for read2...
>I5_Nextera_Transposase_1 | >Trans1_rc | >I5_Nextera_Transposase_1 | >Trans1_rc
CTGTCTCTTATACACATCTGACGCTGCCGACGA

Read1 before filtering:
total reads: 985686
total bases: 296691486
Q20 bases: 290567203(97.9358%)
Q30 bases: 279980819(94.3677%)
Q40 bases: 279980819(94.3677%)

Read2 before filtering:
total reads: 985686
total bases: 296691486
Q20 bases: 292105872(98.4544%)
Q30 bases: 279471368(94.196%)
Q40 bases: 279471368(94.196%)

Read1 after filtering:
total reads: 978983
total bases: 220451884
Q20 bases: 218782375(99.2427%)
Q30 bases: 213625602(96.9035%)
Q40 bases: 213625602(96.9035%)

Read2 after filtering:
total reads: 978983
total bases: 220398551
Q20 bases: 217181175(98.5402%)
Q30 bases: 207027264(93.9331%)
Q40 bases: 207027264(93.9331%)

Filtering result:
reads passed filter: 1957966
reads failed due to low quality: 12338
reads failed due to too many N: 70
reads failed due to too short: 998
reads failed due to adapter dimer: 0
reads with adapter trimmed: 1945942
bases trimmed due to adapters: 47684726

Duplication rate: 33.9836%

Insert size peak (evaluated by paired-end reads): 294

JSON report: fastp.json
HTML report: fastp.html

fastp -w 6 -i /scratch4/workspace/jade_fiorilla_student_uml_edu-rawseqorcc/fastq/2024_Warm02_Both06_G64_gut_S178_R1_001.fastq.gz -I /scratch4/workspace/jade_fiorilla_student_uml_edu-rawseqorcc/fastq/2024_Warm02_Both06_G64_gut_S178_R2_001.fastq.gz -o /scratch4/workspace/jade_fiorilla_student_uml_edu-rawseqorcc/trimmed-fastp/2024_Warm02_Both06_G64_gut_S178_R1_trim.fastq.gz -O /scratch4/workspace/jade_fiorilla_student_uml_edu-rawseqorcc/trimmed-fastp/2024_Warm02_Both06_G64_gut_S178_R2_trim.fastq.gz --detect_adapter_for_pe 
fastp v1.3.7, time used: 9 seconds
Running fastp on: 2024_Warm02_Null_G15_gill_S263
Detecting adapter sequence for read1...
>I7_Nextera_Transposase_1 | >Trans2_rc | >I7_Nextera_Transposase_1 | >Trans2_rc
CTGTCTCTTATACACATCTCCGAGCCCACGAGAC

Detecting adapter sequence for read2...
>I5_Nextera_Transposase_1 | >Trans1_rc | >I5_Nextera_Transposase_1 | >Trans1_rc
CTGTCTCTTATACACATCTGACGCTGCCGACGA

Read1 before filtering:
total reads: 723907
total bases: 217896007
Q20 bases: 214196064(98.302%)
Q30 bases: 205445244(94.2859%)
Q40 bases: 205445244(94.2859%)

Read2 before filtering:
total reads: 723907
total bases: 217896007
Q20 bases: 215244790(98.7833%)
Q30 bases: 207005995(95.0022%)
Q40 bases: 207005995(95.0022%)

Read1 after filtering:
total reads: 719432
total bases: 195320389
Q20 bases: 193537653(99.0873%)
Q30 bases: 187417755(95.954%)
Q40 bases: 187417755(95.954%)

Read2 after filtering:
total reads: 719432
total bases: 195305895
Q20 bases: 193326546(98.9865%)
Q30 bases: 186184602(95.3297%)
Q40 bases: 186184602(95.3297%)

Filtering result:
reads passed filter: 1438864
reads failed due to low quality: 8260
reads failed due to too many N: 40
reads failed due to too short: 650
reads failed due to adapter dimer: 0
reads with adapter trimmed: 1423019
bases trimmed due to adapters: 19159919

Duplication rate: 37.5221%

Insert size peak (evaluated by paired-end reads): 294

JSON report: fastp.json
HTML report: fastp.html

fastp -w 6 -i /scratch4/workspace/jade_fiorilla_student_uml_edu-rawseqorcc/fastq/2024_Warm02_Null_G15_gill_S263_R1_001.fastq.gz -I /scratch4/workspace/jade_fiorilla_student_uml_edu-rawseqorcc/fastq/2024_Warm02_Null_G15_gill_S263_R2_001.fastq.gz -o /scratch4/workspace/jade_fiorilla_student_uml_edu-rawseqorcc/trimmed-fastp/2024_Warm02_Null_G15_gill_S263_R1_trim.fastq.gz -O /scratch4/workspace/jade_fiorilla_student_uml_edu-rawseqorcc/trimmed-fastp/2024_Warm02_Null_G15_gill_S263_R2_trim.fastq.gz --detect_adapter_for_pe 
fastp v1.3.7, time used: 7 seconds
Running fastp on: 2024_Warm02_Null_G15_gut_S185
Detecting adapter sequence for read1...
>I7_Nextera_Transposase_1 | >Trans2_rc | >I7_Nextera_Transposase_1 | >Trans2_rc
CTGTCTCTTATACACATCTCCGAGCCCACGAGAC

Detecting adapter sequence for read2...
>I5_Nextera_Transposase_1 | >Trans1_rc | >I5_Nextera_Transposase_1 | >Trans1_rc
CTGTCTCTTATACACATCTGACGCTGCCGACGA

Read1 before filtering:
total reads: 1737238
total bases: 522908638
Q20 bases: 508136735(97.1751%)
Q30 bases: 482955523(92.3594%)
Q40 bases: 482955523(92.3594%)

Read2 before filtering:
total reads: 1737238
total bases: 522908638
Q20 bases: 516562624(98.7864%)
Q30 bases: 498547897(95.3413%)
Q40 bases: 498547897(95.3413%)

Read1 after filtering:
total reads: 1725930
total bases: 312817531
Q20 bases: 310447116(99.2422%)
Q30 bases: 302938468(96.8419%)
Q40 bases: 302938468(96.8419%)

Read2 after filtering:
total reads: 1725930
total bases: 312645165
Q20 bases: 308768989(98.7602%)
Q30 bases: 295890880(94.6411%)
Q40 bases: 295890880(94.6411%)

Filtering result:
reads passed filter: 3451860
reads failed due to low quality: 21036
reads failed due to too many N: 76
reads failed due to too short: 1504
reads failed due to adapter dimer: 0
reads with adapter trimmed: 3448714
bases trimmed due to adapters: 125566512

Duplication rate: 55.6921%

Insert size peak (evaluated by paired-end reads): 292

JSON report: fastp.json
HTML report: fastp.html

fastp -w 6 -i /scratch4/workspace/jade_fiorilla_student_uml_edu-rawseqorcc/fastq/2024_Warm02_Null_G15_gut_S185_R1_001.fastq.gz -I /scratch4/workspace/jade_fiorilla_student_uml_edu-rawseqorcc/fastq/2024_Warm02_Null_G15_gut_S185_R2_001.fastq.gz -o /scratch4/workspace/jade_fiorilla_student_uml_edu-rawseqorcc/trimmed-fastp/2024_Warm02_Null_G15_gut_S185_R1_trim.fastq.gz -O /scratch4/workspace/jade_fiorilla_student_uml_edu-rawseqorcc/trimmed-fastp/2024_Warm02_Null_G15_gut_S185_R2_trim.fastq.gz --detect_adapter_for_pe 
fastp v1.3.7, time used: 13 seconds
Running fastp on: 2024_Warm03_Both05_G54_gill_S179
Detecting adapter sequence for read1...
>I7_Nextera_Transposase_1 | >Trans2_rc | >I7_Nextera_Transposase_1 | >Trans2_rc
CTGTCTCTTATACACATCTCCGAGCCCACGAGAC

Detecting adapter sequence for read2...
>I5_Nextera_Transposase_1 | >Trans1_rc | >I5_Nextera_Transposase_1 | >Trans1_rc
CTGTCTCTTATACACATCTGACGCTGCCGACGA

Read1 before filtering:
total reads: 2056609
total bases: 619039309
Q20 bases: 589254167(95.1885%)
Q30 bases: 543993082(87.877%)
Q40 bases: 543993082(87.877%)

Read2 before filtering:
total reads: 2056609
total bases: 619039309
Q20 bases: 610574574(98.6326%)
Q30 bases: 587939464(94.9761%)
Q40 bases: 587939464(94.9761%)

Read1 after filtering:
total reads: 2044172
total bases: 253212564
Q20 bases: 251338929(99.2601%)
Q30 bases: 245405291(96.9167%)
Q40 bases: 245405291(96.9167%)

Read2 after filtering:
total reads: 2044172
total bases: 253058714
Q20 bases: 249219323(98.4828%)
Q30 bases: 237412666(93.8172%)
Q40 bases: 237412666(93.8172%)

Filtering result:
reads passed filter: 4088344
reads failed due to low quality: 22764
reads failed due to too many N: 98
reads failed due to too short: 2010
reads failed due to adapter dimer: 2
reads with adapter trimmed: 4065506
bases trimmed due to adapters: 245963092

Duplication rate: 41.5983%

Insert size peak (evaluated by paired-end reads): 176

JSON report: fastp.json
HTML report: fastp.html

fastp -w 6 -i /scratch4/workspace/jade_fiorilla_student_uml_edu-rawseqorcc/fastq/2024_Warm03_Both05_G54_gill_S179_R1_001.fastq.gz -I /scratch4/workspace/jade_fiorilla_student_uml_edu-rawseqorcc/fastq/2024_Warm03_Both05_G54_gill_S179_R2_001.fastq.gz -o /scratch4/workspace/jade_fiorilla_student_uml_edu-rawseqorcc/trimmed-fastp/2024_Warm03_Both05_G54_gill_S179_R1_trim.fastq.gz -O /scratch4/workspace/jade_fiorilla_student_uml_edu-rawseqorcc/trimmed-fastp/2024_Warm03_Both05_G54_gill_S179_R2_trim.fastq.gz --detect_adapter_for_pe 
fastp v1.3.7, time used: 14 seconds
Running fastp on: 2024_Warm03_Both05_G54_gut_S59
Detecting adapter sequence for read1...
>I7_Nextera_Transposase_1 | >Trans2_rc | >I7_Nextera_Transposase_1 | >Trans2_rc
CTGTCTCTTATACACATCTCCGAGCCCACGAGAC

Detecting adapter sequence for read2...
>I5_Nextera_Transposase_1 | >Trans1_rc | >I5_Nextera_Transposase_1 | >Trans1_rc
CTGTCTCTTATACACATCTGACGCTGCCGACGA

Read1 before filtering:
total reads: 687744
total bases: 207010944
Q20 bases: 201077465(97.1337%)
Q30 bases: 191126172(92.3266%)
Q40 bases: 191126172(92.3266%)

Read2 before filtering:
total reads: 687744
total bases: 207010944
Q20 bases: 204485215(98.7799%)
Q30 bases: 197140097(95.2317%)
Q40 bases: 197140097(95.2317%)

Read1 after filtering:
total reads: 683132
total bases: 151941820
Q20 bases: 150766523(99.2265%)
Q30 bases: 146987881(96.7396%)
Q40 bases: 146987881(96.7396%)

Read2 after filtering:
total reads: 683132
total bases: 151830189
Q20 bases: 150168288(98.9054%)
Q30 bases: 144355308(95.0768%)
Q40 bases: 144355308(95.0768%)

Filtering result:
reads passed filter: 1366264
reads failed due to low quality: 7770
reads failed due to too many N: 56
reads failed due to too short: 1392
reads failed due to adapter dimer: 6
reads with adapter trimmed: 1362462
bases trimmed due to adapters: 32674920

Duplication rate: 18.0621%

Insert size peak (evaluated by paired-end reads): 296

JSON report: fastp.json
HTML report: fastp.html

fastp -w 6 -i /scratch4/workspace/jade_fiorilla_student_uml_edu-rawseqorcc/fastq/2024_Warm03_Both05_G54_gut_S59_R1_001.fastq.gz -I /scratch4/workspace/jade_fiorilla_student_uml_edu-rawseqorcc/fastq/2024_Warm03_Both05_G54_gut_S59_R2_001.fastq.gz -o /scratch4/workspace/jade_fiorilla_student_uml_edu-rawseqorcc/trimmed-fastp/2024_Warm03_Both05_G54_gut_S59_R1_trim.fastq.gz -O /scratch4/workspace/jade_fiorilla_student_uml_edu-rawseqorcc/trimmed-fastp/2024_Warm03_Both05_G54_gut_S59_R2_trim.fastq.gz --detect_adapter_for_pe 
fastp v1.3.7, time used: 7 seconds
Running fastp on: 2024_Warm03_Cont03_G29_gill_S160
Detecting adapter sequence for read1...
>I7_Nextera_Transposase_1 | >Trans2_rc | >I7_Nextera_Transposase_1 | >Trans2_rc
CTGTCTCTTATACACATCTCCGAGCCCACGAGAC

Detecting adapter sequence for read2...
>I5_Nextera_Transposase_1 | >Trans1_rc | >I5_Nextera_Transposase_1 | >Trans1_rc
CTGTCTCTTATACACATCTGACGCTGCCGACGA

Read1 before filtering:
total reads: 1547156
total bases: 465693956
Q20 bases: 443608026(95.2574%)
Q30 bases: 406462344(87.281%)
Q40 bases: 406462344(87.281%)

Read2 before filtering:
total reads: 1547156
total bases: 465693956
Q20 bases: 459755342(98.7248%)
Q30 bases: 443033883(95.1341%)
Q40 bases: 443033883(95.1341%)

Read1 after filtering:
total reads: 1537962
total bases: 276936283
Q20 bases: 274635806(99.1693%)
Q30 bases: 267295712(96.5188%)
Q40 bases: 267295712(96.5188%)

Read2 after filtering:
total reads: 1537962
total bases: 276895456
Q20 bases: 273953814(98.9376%)
Q30 bases: 263772598(95.2607%)
Q40 bases: 263772598(95.2607%)

Filtering result:
reads passed filter: 3075924
reads failed due to low quality: 16830
reads failed due to too many N: 112
reads failed due to too short: 1444
reads failed due to adapter dimer: 2
reads with adapter trimmed: 3061707
bases trimmed due to adapters: 142278767

Duplication rate: 21.474%

Insert size peak (evaluated by paired-end reads): 294

JSON report: fastp.json
HTML report: fastp.html

fastp -w 6 -i /scratch4/workspace/jade_fiorilla_student_uml_edu-rawseqorcc/fastq/2024_Warm03_Cont03_G29_gill_S160_R1_001.fastq.gz -I /scratch4/workspace/jade_fiorilla_student_uml_edu-rawseqorcc/fastq/2024_Warm03_Cont03_G29_gill_S160_R2_001.fastq.gz -o /scratch4/workspace/jade_fiorilla_student_uml_edu-rawseqorcc/trimmed-fastp/2024_Warm03_Cont03_G29_gill_S160_R1_trim.fastq.gz -O /scratch4/workspace/jade_fiorilla_student_uml_edu-rawseqorcc/trimmed-fastp/2024_Warm03_Cont03_G29_gill_S160_R2_trim.fastq.gz --detect_adapter_for_pe 
fastp v1.3.7, time used: 12 seconds
Running fastp on: 2024_Warm03_Cont03_G29_gut_S52
Detecting adapter sequence for read1...
>I7_Nextera_Transposase_1 | >Trans2_rc | >I7_Nextera_Transposase_1 | >Trans2_rc
CTGTCTCTTATACACATCTCCGAGCCCACGAGAC

Detecting adapter sequence for read2...
>I5_Nextera_Transposase_1 | >Trans1_rc | >I5_Nextera_Transposase_1 | >Trans1_rc
CTGTCTCTTATACACATCTGACGCTGCCGACGA

Read1 before filtering:
total reads: 713911
total bases: 214887211
Q20 bases: 205218696(95.5007%)
Q30 bases: 191936511(89.3197%)
Q40 bases: 191936511(89.3197%)

Read2 before filtering:
total reads: 713911
total bases: 214887211
Q20 bases: 212357977(98.823%)
Q30 bases: 205300328(95.5386%)
Q40 bases: 205300328(95.5386%)

Read1 after filtering:
total reads: 709281
total bases: 52048974
Q20 bases: 51588574(99.1154%)
Q30 bases: 50305167(96.6497%)
Q40 bases: 50305167(96.6497%)

Read2 after filtering:
total reads: 709281
total bases: 51943468
Q20 bases: 51332151(98.8231%)
Q30 bases: 49278902(94.8703%)
Q40 bases: 49278902(94.8703%)

Filtering result:
reads passed filter: 1418562
reads failed due to low quality: 8474
reads failed due to too many N: 24
reads failed due to too short: 762
reads failed due to adapter dimer: 0
reads with adapter trimmed: 1412552
bases trimmed due to adapters: 88118507

Duplication rate: 47.0229%

Insert size peak (evaluated by paired-end reads): 292

JSON report: fastp.json
HTML report: fastp.html

fastp -w 6 -i /scratch4/workspace/jade_fiorilla_student_uml_edu-rawseqorcc/fastq/2024_Warm03_Cont03_G29_gut_S52_R1_001.fastq.gz -I /scratch4/workspace/jade_fiorilla_student_uml_edu-rawseqorcc/fastq/2024_Warm03_Cont03_G29_gut_S52_R2_001.fastq.gz -o /scratch4/workspace/jade_fiorilla_student_uml_edu-rawseqorcc/trimmed-fastp/2024_Warm03_Cont03_G29_gut_S52_R1_trim.fastq.gz -O /scratch4/workspace/jade_fiorilla_student_uml_edu-rawseqorcc/trimmed-fastp/2024_Warm03_Cont03_G29_gut_S52_R2_trim.fastq.gz --detect_adapter_for_pe 
fastp v1.3.7, time used: 5 seconds
Running fastp on: 2024_Warm03_Hyp02_G18_gill_S228
Detecting adapter sequence for read1...
>I7_Nextera_Transposase_1 | >Trans2_rc | >I7_Nextera_Transposase_1 | >Trans2_rc
CTGTCTCTTATACACATCTCCGAGCCCACGAGAC

Detecting adapter sequence for read2...
>I5_Nextera_Transposase_1 | >Trans1_rc | >I5_Nextera_Transposase_1 | >Trans1_rc
CTGTCTCTTATACACATCTGACGCTGCCGACGA

Read1 before filtering:
total reads: 1192286
total bases: 358878086
Q20 bases: 346786147(96.6306%)
Q30 bases: 326713362(91.0374%)
Q40 bases: 326713362(91.0374%)

Read2 before filtering:
total reads: 1192286
total bases: 358878086
Q20 bases: 353877758(98.6067%)
Q30 bases: 340084821(94.7633%)
Q40 bases: 340084821(94.7633%)

Read1 after filtering:
total reads: 1185479
total bases: 210548362
Q20 bases: 208708728(99.1263%)
Q30 bases: 202855164(96.3461%)
Q40 bases: 202855164(96.3461%)

Read2 after filtering:
total reads: 1185479
total bases: 210473046
Q20 bases: 207607621(98.6386%)
Q30 bases: 198335291(94.2331%)
Q40 bases: 198335291(94.2331%)

Filtering result:
reads passed filter: 2370958
reads failed due to low quality: 12648
reads failed due to too many N: 70
reads failed due to too short: 892
reads failed due to adapter dimer: 4
reads with adapter trimmed: 2261272
bases trimmed due to adapters: 97003490

Duplication rate: 27.7881%

Insert size peak (evaluated by paired-end reads): 294

JSON report: fastp.json
HTML report: fastp.html

fastp -w 6 -i /scratch4/workspace/jade_fiorilla_student_uml_edu-rawseqorcc/fastq/2024_Warm03_Hyp02_G18_gill_S228_R1_001.fastq.gz -I /scratch4/workspace/jade_fiorilla_student_uml_edu-rawseqorcc/fastq/2024_Warm03_Hyp02_G18_gill_S228_R2_001.fastq.gz -o /scratch4/workspace/jade_fiorilla_student_uml_edu-rawseqorcc/trimmed-fastp/2024_Warm03_Hyp02_G18_gill_S228_R1_trim.fastq.gz -O /scratch4/workspace/jade_fiorilla_student_uml_edu-rawseqorcc/trimmed-fastp/2024_Warm03_Hyp02_G18_gill_S228_R2_trim.fastq.gz --detect_adapter_for_pe 
fastp v1.3.7, time used: 10 seconds
Running fastp on: 2024_Warm03_Hyp02_G18_gut_S249
Detecting adapter sequence for read1...
>I7_Nextera_Transposase_1 | >Trans2_rc | >I7_Nextera_Transposase_1 | >Trans2_rc
CTGTCTCTTATACACATCTCCGAGCCCACGAGAC

Detecting adapter sequence for read2...
>I5_Nextera_Transposase_1 | >Trans1_rc | >I5_Nextera_Transposase_1 | >Trans1_rc
CTGTCTCTTATACACATCTGACGCTGCCGACGA

Read1 before filtering:
total reads: 673090
total bases: 202600090
Q20 bases: 200411094(98.9195%)
Q30 bases: 193982785(95.7466%)
Q40 bases: 193982785(95.7466%)

Read2 before filtering:
total reads: 673090
total bases: 202600090
Q20 bases: 199568020(98.5034%)
Q30 bases: 190344773(93.951%)
Q40 bases: 190344773(93.951%)

Read1 after filtering:
total reads: 667839
total bases: 198403259
Q20 bases: 196753598(99.1685%)
Q30 bases: 190986997(96.262%)
Q40 bases: 190986997(96.262%)

Read2 after filtering:
total reads: 667839
total bases: 198401730
Q20 bases: 196017302(98.7982%)
Q30 bases: 187574396(94.5427%)
Q40 bases: 187574396(94.5427%)

Filtering result:
reads passed filter: 1335678
reads failed due to low quality: 9174
reads failed due to too many N: 46
reads failed due to too short: 1278
reads failed due to adapter dimer: 4
reads with adapter trimmed: 1318656
bases trimmed due to adapters: 4566523

Duplication rate: 16.6452%

Insert size peak (evaluated by paired-end reads): 298

JSON report: fastp.json
HTML report: fastp.html

fastp -w 6 -i /scratch4/workspace/jade_fiorilla_student_uml_edu-rawseqorcc/fastq/2024_Warm03_Hyp02_G18_gut_S249_R1_001.fastq.gz -I /scratch4/workspace/jade_fiorilla_student_uml_edu-rawseqorcc/fastq/2024_Warm03_Hyp02_G18_gut_S249_R2_001.fastq.gz -o /scratch4/workspace/jade_fiorilla_student_uml_edu-rawseqorcc/trimmed-fastp/2024_Warm03_Hyp02_G18_gut_S249_R1_trim.fastq.gz -O /scratch4/workspace/jade_fiorilla_student_uml_edu-rawseqorcc/trimmed-fastp/2024_Warm03_Hyp02_G18_gut_S249_R2_trim.fastq.gz --detect_adapter_for_pe 
fastp v1.3.7, time used: 16 seconds
Running fastp on: 2024_Warm03_Hyp03_G30_gill_S67
Detecting adapter sequence for read1...
>I7_Nextera_Transposase_1 | >Trans2_rc | >I7_Nextera_Transposase_1 | >Trans2_rc
CTGTCTCTTATACACATCTCCGAGCCCACGAGAC

Detecting adapter sequence for read2...
>I5_Nextera_Transposase_1 | >Trans1_rc | >I5_Nextera_Transposase_1 | >Trans1_rc
CTGTCTCTTATACACATCTGACGCTGCCGACGA

Read1 before filtering:
total reads: 302517
total bases: 91057617
Q20 bases: 87272638(95.8433%)
Q30 bases: 81676777(89.6979%)
Q40 bases: 81676777(89.6979%)

Read2 before filtering:
total reads: 302517
total bases: 91057617
Q20 bases: 90018835(98.8592%)
Q30 bases: 87300633(95.8741%)
Q40 bases: 87300633(95.8741%)

Read1 after filtering:
total reads: 300505
total bases: 35868764
Q20 bases: 35522511(99.0347%)
Q30 bases: 34478637(96.1244%)
Q40 bases: 34478637(96.1244%)

Read2 after filtering:
total reads: 300505
total bases: 35791662
Q20 bases: 35283889(98.5813%)
Q30 bases: 33690404(94.1292%)
Q40 bases: 33690404(94.1292%)

Filtering result:
reads passed filter: 601010
reads failed due to low quality: 3598
reads failed due to too many N: 20
reads failed due to too short: 404
reads failed due to adapter dimer: 2
reads with adapter trimmed: 597533
bases trimmed due to adapters: 31169361

Duplication rate: 17.2324%

Insert size peak (evaluated by paired-end reads): 294

JSON report: fastp.json
HTML report: fastp.html

fastp -w 6 -i /scratch4/workspace/jade_fiorilla_student_uml_edu-rawseqorcc/fastq/2024_Warm03_Hyp03_G30_gill_S67_R1_001.fastq.gz -I /scratch4/workspace/jade_fiorilla_student_uml_edu-rawseqorcc/fastq/2024_Warm03_Hyp03_G30_gill_S67_R2_001.fastq.gz -o /scratch4/workspace/jade_fiorilla_student_uml_edu-rawseqorcc/trimmed-fastp/2024_Warm03_Hyp03_G30_gill_S67_R1_trim.fastq.gz -O /scratch4/workspace/jade_fiorilla_student_uml_edu-rawseqorcc/trimmed-fastp/2024_Warm03_Hyp03_G30_gill_S67_R2_trim.fastq.gz --detect_adapter_for_pe 
fastp v1.3.7, time used: 4 seconds
Running fastp on: 2024_Warm03_Hyp03_G30_gut_S68
Detecting adapter sequence for read1...
>I7_Nextera_Transposase_1 | >Trans2_rc | >I7_Nextera_Transposase_1 | >Trans2_rc
CTGTCTCTTATACACATCTCCGAGCCCACGAGAC

Detecting adapter sequence for read2...
>I5_Nextera_Transposase_1 | >Trans1_rc | >I5_Nextera_Transposase_1 | >Trans1_rc
CTGTCTCTTATACACATCTGACGCTGCCGACGA

Read1 before filtering:
total reads: 732940
total bases: 220614940
Q20 bases: 214636164(97.2899%)
Q30 bases: 205021769(92.932%)
Q40 bases: 205021769(92.932%)

Read2 before filtering:
total reads: 732940
total bases: 220614940
Q20 bases: 217555892(98.6134%)
Q30 bases: 208936867(94.7066%)
Q40 bases: 208936867(94.7066%)

Read1 after filtering:
total reads: 728115
total bases: 141930231
Q20 bases: 140738027(99.16%)
Q30 bases: 137227460(96.6866%)
Q40 bases: 137227460(96.6866%)

Read2 after filtering:
total reads: 728115
total bases: 141826220
Q20 bases: 140065660(98.7586%)
Q30 bases: 134234094(94.6469%)
Q40 bases: 134234094(94.6469%)

Filtering result:
reads passed filter: 1456230
reads failed due to low quality: 8772
reads failed due to too many N: 52
reads failed due to too short: 826
reads failed due to adapter dimer: 0
reads with adapter trimmed: 1452854
bases trimmed due to adapters: 46863977

Duplication rate: 36.636%

Insert size peak (evaluated by paired-end reads): 294

JSON report: fastp.json
HTML report: fastp.html

fastp -w 6 -i /scratch4/workspace/jade_fiorilla_student_uml_edu-rawseqorcc/fastq/2024_Warm03_Hyp03_G30_gut_S68_R1_001.fastq.gz -I /scratch4/workspace/jade_fiorilla_student_uml_edu-rawseqorcc/fastq/2024_Warm03_Hyp03_G30_gut_S68_R2_001.fastq.gz -o /scratch4/workspace/jade_fiorilla_student_uml_edu-rawseqorcc/trimmed-fastp/2024_Warm03_Hyp03_G30_gut_S68_R1_trim.fastq.gz -O /scratch4/workspace/jade_fiorilla_student_uml_edu-rawseqorcc/trimmed-fastp/2024_Warm03_Hyp03_G30_gut_S68_R2_trim.fastq.gz --detect_adapter_for_pe 
fastp v1.3.7, time used: 6 seconds
Running fastp on: 2024_Warm03_Null_G21_gill_S257
Detecting adapter sequence for read1...
>I7_Nextera_Transposase_1 | >Trans2_rc | >I7_Nextera_Transposase_1 | >Trans2_rc
CTGTCTCTTATACACATCTCCGAGCCCACGAGAC

Detecting adapter sequence for read2...
>I5_Nextera_Transposase_1 | >Trans1_rc | >I5_Nextera_Transposase_1 | >Trans1_rc
CTGTCTCTTATACACATCTGACGCTGCCGACGA

Read1 before filtering:
total reads: 568994
total bases: 171267194
Q20 bases: 165400908(96.5748%)
Q30 bases: 152543228(89.0674%)
Q40 bases: 152543228(89.0674%)

Read2 before filtering:
total reads: 568994
total bases: 171267194
Q20 bases: 168642750(98.4676%)
Q30 bases: 160543808(93.7388%)
Q40 bases: 160543808(93.7388%)

Read1 after filtering:
total reads: 564543
total bases: 140244732
Q20 bases: 138012031(98.408%)
Q30 bases: 130435723(93.0058%)
Q40 bases: 130435723(93.0058%)

Read2 after filtering:
total reads: 564543
total bases: 140253679
Q20 bases: 138771140(98.943%)
Q30 bases: 132826909(94.7048%)
Q40 bases: 132826909(94.7048%)

Filtering result:
reads passed filter: 1129086
reads failed due to low quality: 7664
reads failed due to too many N: 38
reads failed due to too short: 1196
reads failed due to adapter dimer: 4
reads with adapter trimmed: 1102811
bases trimmed due to adapters: 39231259

Duplication rate: 13.4488%

Insert size peak (evaluated by paired-end reads): 256

JSON report: fastp.json
HTML report: fastp.html

fastp -w 6 -i /scratch4/workspace/jade_fiorilla_student_uml_edu-rawseqorcc/fastq/2024_Warm03_Null_G21_gill_S257_R1_001.fastq.gz -I /scratch4/workspace/jade_fiorilla_student_uml_edu-rawseqorcc/fastq/2024_Warm03_Null_G21_gill_S257_R2_001.fastq.gz -o /scratch4/workspace/jade_fiorilla_student_uml_edu-rawseqorcc/trimmed-fastp/2024_Warm03_Null_G21_gill_S257_R1_trim.fastq.gz -O /scratch4/workspace/jade_fiorilla_student_uml_edu-rawseqorcc/trimmed-fastp/2024_Warm03_Null_G21_gill_S257_R2_trim.fastq.gz --detect_adapter_for_pe 
fastp v1.3.7, time used: 6 seconds
Running fastp on: 2024_Warm03_Null_G21_gut_S90
Detecting adapter sequence for read1...
>I7_Nextera_Transposase_1 | >Trans2_rc | >I7_Nextera_Transposase_1 | >Trans2_rc
CTGTCTCTTATACACATCTCCGAGCCCACGAGAC

Detecting adapter sequence for read2...
>I5_Nextera_Transposase_1 | >Trans1_rc | >I5_Nextera_Transposase_1 | >Trans1_rc
CTGTCTCTTATACACATCTGACGCTGCCGACGA

Read1 before filtering:
total reads: 708449
total bases: 213243149
Q20 bases: 205358046(96.3023%)
Q30 bases: 194000393(90.9761%)
Q40 bases: 194000393(90.9761%)

Read2 before filtering:
total reads: 708449
total bases: 213243149
Q20 bases: 210846910(98.8763%)
Q30 bases: 204072604(95.6995%)
Q40 bases: 204072604(95.6995%)

Read1 after filtering:
total reads: 703966
total bases: 115173713
Q20 bases: 113942134(98.9307%)
Q30 bases: 110142612(95.6317%)
Q40 bases: 110142612(95.6317%)

Read2 after filtering:
total reads: 703966
total bases: 114959520
Q20 bases: 113666344(98.8751%)
Q30 bases: 109193662(94.9844%)
Q40 bases: 109193662(94.9844%)

Filtering result:
reads passed filter: 1407932
reads failed due to low quality: 7650
reads failed due to too many N: 40
reads failed due to too short: 1262
reads failed due to adapter dimer: 14
reads with adapter trimmed: 1401542
bases trimmed due to adapters: 54861308

Duplication rate: 23.5787%

Insert size peak (evaluated by paired-end reads): 296

JSON report: fastp.json
HTML report: fastp.html

fastp -w 6 -i /scratch4/workspace/jade_fiorilla_student_uml_edu-rawseqorcc/fastq/2024_Warm03_Null_G21_gut_S90_R1_001.fastq.gz -I /scratch4/workspace/jade_fiorilla_student_uml_edu-rawseqorcc/fastq/2024_Warm03_Null_G21_gut_S90_R2_001.fastq.gz -o /scratch4/workspace/jade_fiorilla_student_uml_edu-rawseqorcc/trimmed-fastp/2024_Warm03_Null_G21_gut_S90_R1_trim.fastq.gz -O /scratch4/workspace/jade_fiorilla_student_uml_edu-rawseqorcc/trimmed-fastp/2024_Warm03_Null_G21_gut_S90_R2_trim.fastq.gz --detect_adapter_for_pe 
fastp v1.3.7, time used: 7 seconds
Running fastp on: 2024_Warm04_Cont05_G55_gill_S254
Detecting adapter sequence for read1...
>I7_Nextera_Transposase_1 | >Trans2_rc | >I7_Nextera_Transposase_1 | >Trans2_rc
CTGTCTCTTATACACATCTCCGAGCCCACGAGAC

Detecting adapter sequence for read2...
>I5_Nextera_Transposase_1 | >Trans1_rc | >I5_Nextera_Transposase_1 | >Trans1_rc
CTGTCTCTTATACACATCTGACGCTGCCGACGA

Read1 before filtering:
total reads: 732450
total bases: 220467450
Q20 bases: 217662800(98.7279%)
Q30 bases: 210639973(95.5424%)
Q40 bases: 210639973(95.5424%)

Read2 before filtering:
total reads: 732450
total bases: 220467450
Q20 bases: 216591829(98.2421%)
Q30 bases: 205425161(93.1771%)
Q40 bases: 205425161(93.1771%)

Read1 after filtering:
total reads: 726674
total bases: 209652084
Q20 bases: 208088974(99.2544%)
Q30 bases: 202798674(96.7311%)
Q40 bases: 202798674(96.7311%)

Read2 after filtering:
total reads: 726674
total bases: 209654705
Q20 bases: 206570271(98.5288%)
Q30 bases: 196449160(93.7013%)
Q40 bases: 196449160(93.7013%)

Filtering result:
reads passed filter: 1453348
reads failed due to low quality: 9842
reads failed due to too many N: 76
reads failed due to too short: 1628
reads failed due to adapter dimer: 6
reads with adapter trimmed: 1329645
bases trimmed due to adapters: 9486398

Duplication rate: 15.7896%

Insert size peak (evaluated by paired-end reads): 298

JSON report: fastp.json
HTML report: fastp.html

fastp -w 6 -i /scratch4/workspace/jade_fiorilla_student_uml_edu-rawseqorcc/fastq/2024_Warm04_Cont05_G55_gill_S254_R1_001.fastq.gz -I /scratch4/workspace/jade_fiorilla_student_uml_edu-rawseqorcc/fastq/2024_Warm04_Cont05_G55_gill_S254_R2_001.fastq.gz -o /scratch4/workspace/jade_fiorilla_student_uml_edu-rawseqorcc/trimmed-fastp/2024_Warm04_Cont05_G55_gill_S254_R1_trim.fastq.gz -O /scratch4/workspace/jade_fiorilla_student_uml_edu-rawseqorcc/trimmed-fastp/2024_Warm04_Cont05_G55_gill_S254_R2_trim.fastq.gz --detect_adapter_for_pe 
fastp v1.3.7, time used: 9 seconds
Running fastp on: 2024_Warm04_Cont05_G55_gut_S180
Detecting adapter sequence for read1...
>I7_Nextera_Transposase_1 | >Trans2_rc | >I7_Nextera_Transposase_1 | >Trans2_rc
CTGTCTCTTATACACATCTCCGAGCCCACGAGAC

Detecting adapter sequence for read2...
>I5_Nextera_Transposase_1 | >Trans1_rc | >I5_Nextera_Transposase_1 | >Trans1_rc
CTGTCTCTTATACACATCTGACGCTGCCGACGA

Read1 before filtering:
total reads: 1888990
total bases: 568585990
Q20 bases: 546362878(96.0915%)
Q30 bases: 513197830(90.2586%)
Q40 bases: 513197830(90.2586%)

Read2 before filtering:
total reads: 1888990
total bases: 568585990
Q20 bases: 561827116(98.8113%)
Q30 bases: 543133282(95.5235%)
Q40 bases: 543133282(95.5235%)

Read1 after filtering:
total reads: 1877533
total bases: 233470472
Q20 bases: 231640575(99.2162%)
Q30 bases: 226051979(96.8225%)
Q40 bases: 226051979(96.8225%)

Read2 after filtering:
total reads: 1877533
total bases: 233179367
Q20 bases: 229806773(98.5536%)
Q30 bases: 219238724(94.0215%)
Q40 bases: 219238724(94.0215%)

Filtering result:
reads passed filter: 3755066
reads failed due to low quality: 21050
reads failed due to too many N: 94
reads failed due to too short: 1770
reads failed due to adapter dimer: 0
reads with adapter trimmed: 3709859
bases trimmed due to adapters: 192916362

Duplication rate: 52.9056%

Insert size peak (evaluated by paired-end reads): 292

JSON report: fastp.json
HTML report: fastp.html

fastp -w 6 -i /scratch4/workspace/jade_fiorilla_student_uml_edu-rawseqorcc/fastq/2024_Warm04_Cont05_G55_gut_S180_R1_001.fastq.gz -I /scratch4/workspace/jade_fiorilla_student_uml_edu-rawseqorcc/fastq/2024_Warm04_Cont05_G55_gut_S180_R2_001.fastq.gz -o /scratch4/workspace/jade_fiorilla_student_uml_edu-rawseqorcc/trimmed-fastp/2024_Warm04_Cont05_G55_gut_S180_R1_trim.fastq.gz -O /scratch4/workspace/jade_fiorilla_student_uml_edu-rawseqorcc/trimmed-fastp/2024_Warm04_Cont05_G55_gut_S180_R2_trim.fastq.gz --detect_adapter_for_pe 
fastp v1.3.7, time used: 12 seconds
Running fastp on: 2024_Warm04_Hyp01_G8_gill_S244
Detecting adapter sequence for read1...
>I7_Nextera_Transposase_1 | >Trans2_rc | >I7_Nextera_Transposase_1 | >Trans2_rc
CTGTCTCTTATACACATCTCCGAGCCCACGAGAC

Detecting adapter sequence for read2...
>I5_Nextera_Transposase_1 | >Trans1_rc | >I5_Nextera_Transposase_1 | >Trans1_rc
CTGTCTCTTATACACATCTGACGCTGCCGACGA

Read1 before filtering:
total reads: 640951
total bases: 192926251
Q20 bases: 190839836(98.9185%)
Q30 bases: 185427307(96.1131%)
Q40 bases: 185427307(96.1131%)

Read2 before filtering:
total reads: 640951
total bases: 192926251
Q20 bases: 189921169(98.4424%)
Q30 bases: 180926580(93.7802%)
Q40 bases: 180926580(93.7802%)

Read1 after filtering:
total reads: 636192
total bases: 186228044
Q20 bases: 184928460(99.3022%)
Q30 bases: 180574900(96.9644%)
Q40 bases: 180574900(96.9644%)

Read2 after filtering:
total reads: 636192
total bases: 186228193
Q20 bases: 183832118(98.7134%)
Q30 bases: 175637505(94.3131%)
Q40 bases: 175637505(94.3131%)

Filtering result:
reads passed filter: 1272384
reads failed due to low quality: 8164
reads failed due to too many N: 52
reads failed due to too short: 1294
reads failed due to adapter dimer: 8
reads with adapter trimmed: 1261900
bases trimmed due to adapters: 6231146

Duplication rate: 18.529%

Insert size peak (evaluated by paired-end reads): 298

JSON report: fastp.json
HTML report: fastp.html

fastp -w 6 -i /scratch4/workspace/jade_fiorilla_student_uml_edu-rawseqorcc/fastq/2024_Warm04_Hyp01_G8_gill_S244_R1_001.fastq.gz -I /scratch4/workspace/jade_fiorilla_student_uml_edu-rawseqorcc/fastq/2024_Warm04_Hyp01_G8_gill_S244_R2_001.fastq.gz -o /scratch4/workspace/jade_fiorilla_student_uml_edu-rawseqorcc/trimmed-fastp/2024_Warm04_Hyp01_G8_gill_S244_R1_trim.fastq.gz -O /scratch4/workspace/jade_fiorilla_student_uml_edu-rawseqorcc/trimmed-fastp/2024_Warm04_Hyp01_G8_gill_S244_R2_trim.fastq.gz --detect_adapter_for_pe 
fastp v1.3.7, time used: 9 seconds
Running fastp on: 2024_Warm04_Hyp01_G8_gut_S44
Detecting adapter sequence for read1...
>I7_Nextera_Transposase_1 | >Trans2_rc | >I7_Nextera_Transposase_1 | >Trans2_rc
CTGTCTCTTATACACATCTCCGAGCCCACGAGAC

Detecting adapter sequence for read2...
>I5_Nextera_Transposase_1 | >Trans1_rc | >I5_Nextera_Transposase_1 | >Trans1_rc
CTGTCTCTTATACACATCTGACGCTGCCGACGA

Read1 before filtering:
total reads: 746035
total bases: 224556535
Q20 bases: 215753595(96.0799%)
Q30 bases: 202637741(90.2391%)
Q40 bases: 202637741(90.2391%)

Read2 before filtering:
total reads: 746035
total bases: 224556535
Q20 bases: 221931536(98.831%)
Q30 bases: 214582462(95.5583%)
Q40 bases: 214582462(95.5583%)

Read1 after filtering:
total reads: 741633
total bases: 98463553
Q20 bases: 97572498(99.095%)
Q30 bases: 95010169(96.4927%)
Q40 bases: 95010169(96.4927%)

Read2 after filtering:
total reads: 741633
total bases: 98277363
Q20 bases: 97221553(98.9257%)
Q30 bases: 93582881(95.2232%)
Q40 bases: 93582881(95.2232%)

Filtering result:
reads passed filter: 1483266
reads failed due to low quality: 7958
reads failed due to too many N: 26
reads failed due to too short: 816
reads failed due to adapter dimer: 4
reads with adapter trimmed: 1475894
bases trimmed due to adapters: 70868922

Duplication rate: 24.8791%

Insert size peak (evaluated by paired-end reads): 294

JSON report: fastp.json
HTML report: fastp.html

fastp -w 6 -i /scratch4/workspace/jade_fiorilla_student_uml_edu-rawseqorcc/fastq/2024_Warm04_Hyp01_G8_gut_S44_R1_001.fastq.gz -I /scratch4/workspace/jade_fiorilla_student_uml_edu-rawseqorcc/fastq/2024_Warm04_Hyp01_G8_gut_S44_R2_001.fastq.gz -o /scratch4/workspace/jade_fiorilla_student_uml_edu-rawseqorcc/trimmed-fastp/2024_Warm04_Hyp01_G8_gut_S44_R1_trim.fastq.gz -O /scratch4/workspace/jade_fiorilla_student_uml_edu-rawseqorcc/trimmed-fastp/2024_Warm04_Hyp01_G8_gut_S44_R2_trim.fastq.gz --detect_adapter_for_pe 
fastp v1.3.7, time used: 6 seconds
Running fastp on: 2024_Warm04_Null_G27_gill_S192
Detecting adapter sequence for read1...
>I7_Nextera_Transposase_1 | >Trans2_rc | >I7_Nextera_Transposase_1 | >Trans2_rc
CTGTCTCTTATACACATCTCCGAGCCCACGAGAC

Detecting adapter sequence for read2...
>I5_Nextera_Transposase_1 | >Trans1_rc | >I5_Nextera_Transposase_1 | >Trans1_rc
CTGTCTCTTATACACATCTGACGCTGCCGACGA

Read1 before filtering:
total reads: 2428871
total bases: 731090171
Q20 bases: 721266608(98.6563%)
Q30 bases: 697263232(95.3731%)
Q40 bases: 697263232(95.3731%)

Read2 before filtering:
total reads: 2428871
total bases: 731090171
Q20 bases: 716061517(97.9444%)
Q30 bases: 677318820(92.645%)
Q40 bases: 677318820(92.645%)

Read1 after filtering:
total reads: 2411191
total bases: 672945547
Q20 bases: 667686928(99.2186%)
Q30 bases: 650648670(96.6867%)
Q40 bases: 650648670(96.6867%)

Read2 after filtering:
total reads: 2411191
total bases: 673051565
Q20 bases: 661449992(98.2763%)
Q30 bases: 627748020(93.2689%)
Q40 bases: 627748020(93.2689%)

Filtering result:
reads passed filter: 4822382
reads failed due to low quality: 33374
reads failed due to too many N: 168
reads failed due to too short: 1818
reads failed due to adapter dimer: 0
reads with adapter trimmed: 4762965
bases trimmed due to adapters: 60334865

Duplication rate: 56.9593%

Insert size peak (evaluated by paired-end reads): 292

JSON report: fastp.json
HTML report: fastp.html

fastp -w 6 -i /scratch4/workspace/jade_fiorilla_student_uml_edu-rawseqorcc/fastq/2024_Warm04_Null_G27_gill_S192_R1_001.fastq.gz -I /scratch4/workspace/jade_fiorilla_student_uml_edu-rawseqorcc/fastq/2024_Warm04_Null_G27_gill_S192_R2_001.fastq.gz -o /scratch4/workspace/jade_fiorilla_student_uml_edu-rawseqorcc/trimmed-fastp/2024_Warm04_Null_G27_gill_S192_R1_trim.fastq.gz -O /scratch4/workspace/jade_fiorilla_student_uml_edu-rawseqorcc/trimmed-fastp/2024_Warm04_Null_G27_gill_S192_R2_trim.fastq.gz --detect_adapter_for_pe 
fastp v1.3.7, time used: 20 seconds
Running fastp on: 2024_Warm04_Null_G27_gut_S91
Detecting adapter sequence for read1...
>I7_Nextera_Transposase_1 | >Trans2_rc | >I7_Nextera_Transposase_1 | >Trans2_rc
CTGTCTCTTATACACATCTCCGAGCCCACGAGAC

Detecting adapter sequence for read2...
>I5_Nextera_Transposase_1 | >Trans1_rc | >I5_Nextera_Transposase_1 | >Trans1_rc
CTGTCTCTTATACACATCTGACGCTGCCGACGA

Read1 before filtering:
total reads: 1136069
total bases: 341956769
Q20 bases: 324606602(94.9262%)
Q30 bases: 303769086(88.8326%)
Q40 bases: 303769086(88.8326%)

Read2 before filtering:
total reads: 1136069
total bases: 341956769
Q20 bases: 339046547(99.149%)
Q30 bases: 331043384(96.8085%)
Q40 bases: 331043384(96.8085%)

Read1 after filtering:
total reads: 1130261
total bases: 88824189
Q20 bases: 87967534(99.0356%)
Q30 bases: 85572560(96.3393%)
Q40 bases: 85572560(96.3393%)

Read2 after filtering:
total reads: 1130261
total bases: 88342300
Q20 bases: 87474189(99.0173%)
Q30 bases: 84358764(95.4908%)
Q40 bases: 84358764(95.4908%)

Filtering result:
reads passed filter: 2260522
reads failed due to low quality: 9272
reads failed due to too many N: 38
reads failed due to too short: 2296
reads failed due to adapter dimer: 10
reads with adapter trimmed: 2240868
bases trimmed due to adapters: 136704675

Duplication rate: 4.53062%

Insert size peak (evaluated by paired-end reads): 296

JSON report: fastp.json
HTML report: fastp.html

fastp -w 6 -i /scratch4/workspace/jade_fiorilla_student_uml_edu-rawseqorcc/fastq/2024_Warm04_Null_G27_gut_S91_R1_001.fastq.gz -I /scratch4/workspace/jade_fiorilla_student_uml_edu-rawseqorcc/fastq/2024_Warm04_Null_G27_gut_S91_R2_001.fastq.gz -o /scratch4/workspace/jade_fiorilla_student_uml_edu-rawseqorcc/trimmed-fastp/2024_Warm04_Null_G27_gut_S91_R1_trim.fastq.gz -O /scratch4/workspace/jade_fiorilla_student_uml_edu-rawseqorcc/trimmed-fastp/2024_Warm04_Null_G27_gut_S91_R2_trim.fastq.gz --detect_adapter_for_pe 
fastp v1.3.7, time used: 8 seconds
Running fastp on: 2024_Warm05_Both02_G21_gill_S234
Detecting adapter sequence for read1...
>I7_Nextera_Transposase_1 | >Trans2_rc | >I7_Nextera_Transposase_1 | >Trans2_rc
CTGTCTCTTATACACATCTCCGAGCCCACGAGAC

Detecting adapter sequence for read2...
>I5_Nextera_Transposase_1 | >Trans1_rc | >I5_Nextera_Transposase_1 | >Trans1_rc
CTGTCTCTTATACACATCTGACGCTGCCGACGA

Read1 before filtering:
total reads: 2390706
total bases: 719602506
Q20 bases: 713574524(99.1623%)
Q30 bases: 696297469(96.7614%)
Q40 bases: 696297469(96.7614%)

Read2 before filtering:
total reads: 2390706
total bases: 719602506
Q20 bases: 702168325(97.5772%)
Q30 bases: 658555262(91.5165%)
Q40 bases: 658555262(91.5165%)

Read1 after filtering:
total reads: 2376304
total bases: 690394929
Q20 bases: 686084779(99.3757%)
Q30 bases: 671339408(97.2399%)
Q40 bases: 671339408(97.2399%)

Read2 after filtering:
total reads: 2376304
total bases: 690504613
Q20 bases: 676430315(97.9617%)
Q30 bases: 638110340(92.4122%)
Q40 bases: 638110340(92.4122%)

Filtering result:
reads passed filter: 4752608
reads failed due to low quality: 27212
reads failed due to too many N: 172
reads failed due to too short: 1420
reads failed due to adapter dimer: 0
reads with adapter trimmed: 4749552
bases trimmed due to adapters: 45153712

Duplication rate: 64.9363%

Insert size peak (evaluated by paired-end reads): 292

JSON report: fastp.json
HTML report: fastp.html

fastp -w 6 -i /scratch4/workspace/jade_fiorilla_student_uml_edu-rawseqorcc/fastq/2024_Warm05_Both02_G21_gill_S234_R1_001.fastq.gz -I /scratch4/workspace/jade_fiorilla_student_uml_edu-rawseqorcc/fastq/2024_Warm05_Both02_G21_gill_S234_R2_001.fastq.gz -o /scratch4/workspace/jade_fiorilla_student_uml_edu-rawseqorcc/trimmed-fastp/2024_Warm05_Both02_G21_gill_S234_R1_trim.fastq.gz -O /scratch4/workspace/jade_fiorilla_student_uml_edu-rawseqorcc/trimmed-fastp/2024_Warm05_Both02_G21_gill_S234_R2_trim.fastq.gz --detect_adapter_for_pe 
fastp v1.3.7, time used: 19 seconds
Running fastp on: 2024_Warm05_Both02_G21_gut_S69
Detecting adapter sequence for read1...
>I7_Nextera_Transposase_1 | >Trans2_rc | >I7_Nextera_Transposase_1 | >Trans2_rc
CTGTCTCTTATACACATCTCCGAGCCCACGAGAC

Detecting adapter sequence for read2...
>I5_Nextera_Transposase_1 | >Trans1_rc | >I5_Nextera_Transposase_1 | >Trans1_rc
CTGTCTCTTATACACATCTGACGCTGCCGACGA

Read1 before filtering:
total reads: 570623
total bases: 171757523
Q20 bases: 167192059(97.3419%)
Q30 bases: 159796039(93.0358%)
Q40 bases: 159796039(93.0358%)

Read2 before filtering:
total reads: 570623
total bases: 171757523
Q20 bases: 169450633(98.6569%)
Q30 bases: 163086439(94.9516%)
Q40 bases: 163086439(94.9516%)

Read1 after filtering:
total reads: 566640
total bases: 110893592
Q20 bases: 110042530(99.2325%)
Q30 bases: 107413027(96.8613%)
Q40 bases: 107413027(96.8613%)

Read2 after filtering:
total reads: 566640
total bases: 110815282
Q20 bases: 109318471(98.6493%)
Q30 bases: 104514130(94.3138%)
Q40 bases: 104514130(94.3138%)

Filtering result:
reads passed filter: 1133280
reads failed due to low quality: 7242
reads failed due to too many N: 50
reads failed due to too short: 674
reads failed due to adapter dimer: 0
reads with adapter trimmed: 1130195
bases trimmed due to adapters: 36210867

Duplication rate: 30.1563%

Insert size peak (evaluated by paired-end reads): 294

JSON report: fastp.json
HTML report: fastp.html

fastp -w 6 -i /scratch4/workspace/jade_fiorilla_student_uml_edu-rawseqorcc/fastq/2024_Warm05_Both02_G21_gut_S69_R1_001.fastq.gz -I /scratch4/workspace/jade_fiorilla_student_uml_edu-rawseqorcc/fastq/2024_Warm05_Both02_G21_gut_S69_R2_001.fastq.gz -o /scratch4/workspace/jade_fiorilla_student_uml_edu-rawseqorcc/trimmed-fastp/2024_Warm05_Both02_G21_gut_S69_R1_trim.fastq.gz -O /scratch4/workspace/jade_fiorilla_student_uml_edu-rawseqorcc/trimmed-fastp/2024_Warm05_Both02_G21_gut_S69_R2_trim.fastq.gz --detect_adapter_for_pe 
fastp v1.3.7, time used: 6 seconds
Running fastp on: 2024_Warm05_Cont04_G45_gill_S250
Detecting adapter sequence for read1...
>I7_Nextera_Transposase_1 | >Trans2_rc | >I7_Nextera_Transposase_1 | >Trans2_rc
CTGTCTCTTATACACATCTCCGAGCCCACGAGAC

Detecting adapter sequence for read2...
>I5_Nextera_Transposase_1 | >Trans1_rc | >I5_Nextera_Transposase_1 | >Trans1_rc
CTGTCTCTTATACACATCTGACGCTGCCGACGA

Read1 before filtering:
total reads: 327803
total bases: 98668703
Q20 bases: 97811458(99.1312%)
Q30 bases: 95435128(96.7228%)
Q40 bases: 95435128(96.7228%)

Read2 before filtering:
total reads: 327803
total bases: 98668703
Q20 bases: 96686567(97.9911%)
Q30 bases: 91454980(92.6889%)
Q40 bases: 91454980(92.6889%)

Read1 after filtering:
total reads: 325625
total bases: 94850099
Q20 bases: 94222955(99.3388%)
Q30 bases: 92195689(97.2015%)
Q40 bases: 92195689(97.2015%)

Read2 after filtering:
total reads: 325625
total bases: 94858193
Q20 bases: 93293467(98.3505%)
Q30 bases: 88675697(93.4824%)
Q40 bases: 88675697(93.4824%)

Filtering result:
reads passed filter: 651250
reads failed due to low quality: 4150
reads failed due to too many N: 16
reads failed due to too short: 190
reads failed due to adapter dimer: 0
reads with adapter trimmed: 652114
bases trimmed due to adapters: 6022322

Duplication rate: 55.4739%

Insert size peak (evaluated by paired-end reads): 292

JSON report: fastp.json
HTML report: fastp.html

fastp -w 6 -i /scratch4/workspace/jade_fiorilla_student_uml_edu-rawseqorcc/fastq/2024_Warm05_Cont04_G45_gill_S250_R1_001.fastq.gz -I /scratch4/workspace/jade_fiorilla_student_uml_edu-rawseqorcc/fastq/2024_Warm05_Cont04_G45_gill_S250_R2_001.fastq.gz -o /scratch4/workspace/jade_fiorilla_student_uml_edu-rawseqorcc/trimmed-fastp/2024_Warm05_Cont04_G45_gill_S250_R1_trim.fastq.gz -O /scratch4/workspace/jade_fiorilla_student_uml_edu-rawseqorcc/trimmed-fastp/2024_Warm05_Cont04_G45_gill_S250_R2_trim.fastq.gz --detect_adapter_for_pe 
fastp v1.3.7, time used: 4 seconds
Running fastp on: 2024_Warm05_Cont04_G45_gut_S161
Detecting adapter sequence for read1...
>I7_Nextera_Transposase_1 | >Trans2_rc | >I7_Nextera_Transposase_1 | >Trans2_rc
CTGTCTCTTATACACATCTCCGAGCCCACGAGAC

Detecting adapter sequence for read2...
>I5_Nextera_Transposase_1 | >Trans1_rc | >I5_Nextera_Transposase_1 | >Trans1_rc
CTGTCTCTTATACACATCTGACGCTGCCGACGA

Read1 before filtering:
total reads: 1358279
total bases: 408841979
Q20 bases: 399955439(97.8264%)
Q30 bases: 383487219(93.7984%)
Q40 bases: 383487219(93.7984%)

Read2 before filtering:
total reads: 1358279
total bases: 408841979
Q20 bases: 403238920(98.6295%)
Q30 bases: 386972250(94.6508%)
Q40 bases: 386972250(94.6508%)

Read1 after filtering:
total reads: 1349820
total bases: 327479559
Q20 bases: 325062783(99.262%)
Q30 bases: 317374837(96.9144%)
Q40 bases: 317374837(96.9144%)

Read2 after filtering:
total reads: 1349820
total bases: 327428599
Q20 bases: 323434485(98.7802%)
Q30 bases: 310003855(94.6783%)
Q40 bases: 310003855(94.6783%)

Filtering result:
reads passed filter: 2699640
reads failed due to low quality: 15548
reads failed due to too many N: 90
reads failed due to too short: 1276
reads failed due to adapter dimer: 4
reads with adapter trimmed: 2697778
bases trimmed due to adapters: 56821395

Duplication rate: 33.9488%

Insert size peak (evaluated by paired-end reads): 294

JSON report: fastp.json
HTML report: fastp.html

fastp -w 6 -i /scratch4/workspace/jade_fiorilla_student_uml_edu-rawseqorcc/fastq/2024_Warm05_Cont04_G45_gut_S161_R1_001.fastq.gz -I /scratch4/workspace/jade_fiorilla_student_uml_edu-rawseqorcc/fastq/2024_Warm05_Cont04_G45_gut_S161_R2_001.fastq.gz -o /scratch4/workspace/jade_fiorilla_student_uml_edu-rawseqorcc/trimmed-fastp/2024_Warm05_Cont04_G45_gut_S161_R1_trim.fastq.gz -O /scratch4/workspace/jade_fiorilla_student_uml_edu-rawseqorcc/trimmed-fastp/2024_Warm05_Cont04_G45_gut_S161_R2_trim.fastq.gz --detect_adapter_for_pe 
fastp v1.3.7, time used: 11 seconds
Running fastp on: 2024_Warm05_Hyp04_G46_gill_S162
Detecting adapter sequence for read1...
>I7_Nextera_Transposase_1 | >Trans2_rc | >I7_Nextera_Transposase_1 | >Trans2_rc
CTGTCTCTTATACACATCTCCGAGCCCACGAGAC

Detecting adapter sequence for read2...
>I5_Nextera_Transposase_1 | >Trans1_rc | >I5_Nextera_Transposase_1 | >Trans1_rc
CTGTCTCTTATACACATCTGACGCTGCCGACGA

Read1 before filtering:
total reads: 1704862
total bases: 513163462
Q20 bases: 490952634(95.6718%)
Q30 bases: 457545583(89.1618%)
Q40 bases: 457545583(89.1618%)

Read2 before filtering:
total reads: 1704862
total bases: 513163462
Q20 bases: 506497592(98.701%)
Q30 bases: 488803827(95.253%)
Q40 bases: 488803827(95.253%)

Read1 after filtering:
total reads: 1694817
total bases: 250279753
Q20 bases: 248301532(99.2096%)
Q30 bases: 242099835(96.7317%)
Q40 bases: 242099835(96.7317%)

Read2 after filtering:
total reads: 1694817
total bases: 250116770
Q20 bases: 246512802(98.5591%)
Q30 bases: 235259793(94.06%)
Q40 bases: 235259793(94.06%)

Filtering result:
reads passed filter: 3389634
reads failed due to low quality: 18620
reads failed due to too many N: 70
reads failed due to too short: 1398
reads failed due to adapter dimer: 2
reads with adapter trimmed: 3358679
bases trimmed due to adapters: 159731629

Duplication rate: 25.2023%

Insert size peak (evaluated by paired-end reads): 294

JSON report: fastp.json
HTML report: fastp.html

fastp -w 6 -i /scratch4/workspace/jade_fiorilla_student_uml_edu-rawseqorcc/fastq/2024_Warm05_Hyp04_G46_gill_S162_R1_001.fastq.gz -I /scratch4/workspace/jade_fiorilla_student_uml_edu-rawseqorcc/fastq/2024_Warm05_Hyp04_G46_gill_S162_R2_001.fastq.gz -o /scratch4/workspace/jade_fiorilla_student_uml_edu-rawseqorcc/trimmed-fastp/2024_Warm05_Hyp04_G46_gill_S162_R1_trim.fastq.gz -O /scratch4/workspace/jade_fiorilla_student_uml_edu-rawseqorcc/trimmed-fastp/2024_Warm05_Hyp04_G46_gill_S162_R2_trim.fastq.gz --detect_adapter_for_pe 
fastp v1.3.7, time used: 12 seconds
Running fastp on: 2024_Warm05_Hyp04_G46_gut_S163
Detecting adapter sequence for read1...
>I7_Nextera_Transposase_1 | >Trans2_rc | >I7_Nextera_Transposase_1 | >Trans2_rc
CTGTCTCTTATACACATCTCCGAGCCCACGAGAC

Detecting adapter sequence for read2...
>I5_Nextera_Transposase_1 | >Trans1_rc | >I5_Nextera_Transposase_1 | >Trans1_rc
CTGTCTCTTATACACATCTGACGCTGCCGACGA

Read1 before filtering:
total reads: 1372772
total bases: 413204372
Q20 bases: 397458883(96.1894%)
Q30 bases: 373085390(90.2908%)
Q40 bases: 373085390(90.2908%)

Read2 before filtering:
total reads: 1372772
total bases: 413204372
Q20 bases: 405960865(98.247%)
Q30 bases: 388140758(93.9343%)
Q40 bases: 388140758(93.9343%)

Read1 after filtering:
total reads: 1363623
total bases: 231959402
Q20 bases: 230154548(99.2219%)
Q30 bases: 224580326(96.8188%)
Q40 bases: 224580326(96.8188%)

Read2 after filtering:
total reads: 1363623
total bases: 231824636
Q20 bases: 227024468(97.9294%)
Q30 bases: 214012716(92.3166%)
Q40 bases: 214012716(92.3166%)

Filtering result:
reads passed filter: 2727246
reads failed due to low quality: 17064
reads failed due to too many N: 78
reads failed due to too short: 1154
reads failed due to adapter dimer: 2
reads with adapter trimmed: 2707047
bases trimmed due to adapters: 111007130

Duplication rate: 24.2343%

Insert size peak (evaluated by paired-end reads): 294

JSON report: fastp.json
HTML report: fastp.html

fastp -w 6 -i /scratch4/workspace/jade_fiorilla_student_uml_edu-rawseqorcc/fastq/2024_Warm05_Hyp04_G46_gut_S163_R1_001.fastq.gz -I /scratch4/workspace/jade_fiorilla_student_uml_edu-rawseqorcc/fastq/2024_Warm05_Hyp04_G46_gut_S163_R2_001.fastq.gz -o /scratch4/workspace/jade_fiorilla_student_uml_edu-rawseqorcc/trimmed-fastp/2024_Warm05_Hyp04_G46_gut_S163_R1_trim.fastq.gz -O /scratch4/workspace/jade_fiorilla_student_uml_edu-rawseqorcc/trimmed-fastp/2024_Warm05_Hyp04_G46_gut_S163_R2_trim.fastq.gz --detect_adapter_for_pe 
fastp v1.3.7, time used: 11 seconds
Running fastp on: 2024_Warm05_Warm02_G22_gill_S212
Detecting adapter sequence for read1...
>I7_Nextera_Transposase_1 | >Trans2_rc | >I7_Nextera_Transposase_1 | >Trans2_rc
CTGTCTCTTATACACATCTCCGAGCCCACGAGAC

Detecting adapter sequence for read2...
>I5_Nextera_Transposase_1 | >Trans1_rc | >I5_Nextera_Transposase_1 | >Trans1_rc
CTGTCTCTTATACACATCTGACGCTGCCGACGA

Read1 before filtering:
total reads: 569437
total bases: 171400537
Q20 bases: 167658670(97.8169%)
Q30 bases: 161117750(94.0007%)
Q40 bases: 161117750(94.0007%)

Read2 before filtering:
total reads: 569437
total bases: 171400537
Q20 bases: 168555139(98.3399%)
Q30 bases: 160707017(93.7611%)
Q40 bases: 160707017(93.7611%)

Read1 after filtering:
total reads: 564889
total bases: 138453354
Q20 bases: 137463459(99.285%)
Q30 bases: 134157172(96.897%)
Q40 bases: 134157172(96.897%)

Read2 after filtering:
total reads: 564889
total bases: 138412389
Q20 bases: 136360115(98.5173%)
Q30 bases: 129818181(93.7909%)
Q40 bases: 129818181(93.7909%)

Filtering result:
reads passed filter: 1129778
reads failed due to low quality: 7572
reads failed due to too many N: 56
reads failed due to too short: 1464
reads failed due to adapter dimer: 4
reads with adapter trimmed: 1089606
bases trimmed due to adapters: 20761734

Duplication rate: 12.7113%

Insert size peak (evaluated by paired-end reads): 298

JSON report: fastp.json
HTML report: fastp.html

fastp -w 6 -i /scratch4/workspace/jade_fiorilla_student_uml_edu-rawseqorcc/fastq/2024_Warm05_Warm02_G22_gill_S212_R1_001.fastq.gz -I /scratch4/workspace/jade_fiorilla_student_uml_edu-rawseqorcc/fastq/2024_Warm05_Warm02_G22_gill_S212_R2_001.fastq.gz -o /scratch4/workspace/jade_fiorilla_student_uml_edu-rawseqorcc/trimmed-fastp/2024_Warm05_Warm02_G22_gill_S212_R1_trim.fastq.gz -O /scratch4/workspace/jade_fiorilla_student_uml_edu-rawseqorcc/trimmed-fastp/2024_Warm05_Warm02_G22_gill_S212_R2_trim.fastq.gz --detect_adapter_for_pe 
fastp v1.3.7, time used: 6 seconds
Running fastp on: 2024_Warm05_Warm02_G22_gut_S24
Detecting adapter sequence for read1...
>I7_Nextera_Transposase_1 | >Trans2_rc | >I7_Nextera_Transposase_1 | >Trans2_rc
CTGTCTCTTATACACATCTCCGAGCCCACGAGAC

Detecting adapter sequence for read2...
>I5_Nextera_Transposase_1 | >Trans1_rc | >I5_Nextera_Transposase_1 | >Trans1_rc
CTGTCTCTTATACACATCTGACGCTGCCGACGA

Read1 before filtering:
total reads: 886766
total bases: 266916566
Q20 bases: 255111572(95.5773%)
Q30 bases: 238331903(89.2908%)
Q40 bases: 238331903(89.2908%)

Read2 before filtering:
total reads: 886766
total bases: 266916566
Q20 bases: 264349735(99.0383%)
Q30 bases: 257391579(96.4315%)
Q40 bases: 257391579(96.4315%)

Read1 after filtering:
total reads: 881897
total bases: 97159638
Q20 bases: 96307615(99.1231%)
Q30 bases: 93802452(96.5447%)
Q40 bases: 93802452(96.5447%)

Read2 after filtering:
total reads: 881897
total bases: 96883448
Q20 bases: 95778415(98.8594%)
Q30 bases: 92132218(95.0959%)
Q40 bases: 92132218(95.0959%)

Filtering result:
reads passed filter: 1763794
reads failed due to low quality: 8680
reads failed due to too many N: 20
reads failed due to too short: 1038
reads failed due to adapter dimer: 0
reads with adapter trimmed: 1750697
bases trimmed due to adapters: 94802560

Duplication rate: 21.4254%

Insert size peak (evaluated by paired-end reads): 294

JSON report: fastp.json
HTML report: fastp.html

fastp -w 6 -i /scratch4/workspace/jade_fiorilla_student_uml_edu-rawseqorcc/fastq/2024_Warm05_Warm02_G22_gut_S24_R1_001.fastq.gz -I /scratch4/workspace/jade_fiorilla_student_uml_edu-rawseqorcc/fastq/2024_Warm05_Warm02_G22_gut_S24_R2_001.fastq.gz -o /scratch4/workspace/jade_fiorilla_student_uml_edu-rawseqorcc/trimmed-fastp/2024_Warm05_Warm02_G22_gut_S24_R1_trim.fastq.gz -O /scratch4/workspace/jade_fiorilla_student_uml_edu-rawseqorcc/trimmed-fastp/2024_Warm05_Warm02_G22_gut_S24_R2_trim.fastq.gz --detect_adapter_for_pe 
fastp v1.3.7, time used: 7 seconds
Running fastp on: 2024_Warm06_Both03_G35_gill_S189
Detecting adapter sequence for read1...
>I7_Nextera_Transposase_1 | >Trans2_rc | >I7_Nextera_Transposase_1 | >Trans2_rc
CTGTCTCTTATACACATCTCCGAGCCCACGAGAC

Detecting adapter sequence for read2...
>I5_Nextera_Transposase_1 | >Trans1_rc | >I5_Nextera_Transposase_1 | >Trans1_rc
CTGTCTCTTATACACATCTGACGCTGCCGACGA

Read1 before filtering:
total reads: 1565552
total bases: 471231152
Q20 bases: 451018963(95.7108%)
Q30 bases: 412931355(87.6282%)
Q40 bases: 412931355(87.6282%)

Read2 before filtering:
total reads: 1565552
total bases: 471231152
Q20 bases: 462181209(98.0795%)
Q30 bases: 439263771(93.2162%)
Q40 bases: 439263771(93.2162%)

Read1 after filtering:
total reads: 1554940
total bases: 311264013
Q20 bases: 308539734(99.1248%)
Q30 bases: 298992991(96.0577%)
Q40 bases: 298992991(96.0577%)

Read2 after filtering:
total reads: 1554940
total bases: 311367786
Q20 bases: 305571756(98.1385%)
Q30 bases: 288963604(92.8046%)
Q40 bases: 288963604(92.8046%)

Filtering result:
reads passed filter: 3109880
reads failed due to low quality: 18166
reads failed due to too many N: 84
reads failed due to too short: 2950
reads failed due to adapter dimer: 24
reads with adapter trimmed: 3041231
bases trimmed due to adapters: 115539110

Duplication rate: 7.27762%

Insert size peak (evaluated by paired-end reads): 298

JSON report: fastp.json
HTML report: fastp.html

fastp -w 6 -i /scratch4/workspace/jade_fiorilla_student_uml_edu-rawseqorcc/fastq/2024_Warm06_Both03_G35_gill_S189_R1_001.fastq.gz -I /scratch4/workspace/jade_fiorilla_student_uml_edu-rawseqorcc/fastq/2024_Warm06_Both03_G35_gill_S189_R2_001.fastq.gz -o /scratch4/workspace/jade_fiorilla_student_uml_edu-rawseqorcc/trimmed-fastp/2024_Warm06_Both03_G35_gill_S189_R1_trim.fastq.gz -O /scratch4/workspace/jade_fiorilla_student_uml_edu-rawseqorcc/trimmed-fastp/2024_Warm06_Both03_G35_gill_S189_R2_trim.fastq.gz --detect_adapter_for_pe 
fastp v1.3.7, time used: 13 seconds
Running fastp on: 2024_Warm06_Both03_G35_gut_S149
Detecting adapter sequence for read1...
>I7_Nextera_Transposase_1 | >Trans2_rc | >I7_Nextera_Transposase_1 | >Trans2_rc
CTGTCTCTTATACACATCTCCGAGCCCACGAGAC

Detecting adapter sequence for read2...
>I5_Nextera_Transposase_1 | >Trans1_rc | >I5_Nextera_Transposase_1 | >Trans1_rc
CTGTCTCTTATACACATCTGACGCTGCCGACGA

Read1 before filtering:
total reads: 455282
total bases: 137039882
Q20 bases: 132296497(96.5387%)
Q30 bases: 120003428(87.5683%)
Q40 bases: 120003428(87.5683%)

Read2 before filtering:
total reads: 455282
total bases: 137039882
Q20 bases: 135672737(99.0024%)
Q30 bases: 131199795(95.7384%)
Q40 bases: 131199795(95.7384%)

Read1 after filtering:
total reads: 451877
total bases: 123428743
Q20 bases: 120258999(97.4319%)
Q30 bases: 110204854(89.2862%)
Q40 bases: 110204854(89.2862%)

Read2 after filtering:
total reads: 451877
total bases: 123423246
Q20 bases: 122449162(99.2108%)
Q30 bases: 118596531(96.0893%)
Q40 bases: 118596531(96.0893%)

Filtering result:
reads passed filter: 903754
reads failed due to low quality: 5534
reads failed due to too many N: 22
reads failed due to too short: 1250
reads failed due to adapter dimer: 4
reads with adapter trimmed: 895764
bases trimmed due to adapters: 11105731

Duplication rate: 13.8277%

Insert size peak (evaluated by paired-end reads): 296

JSON report: fastp.json
HTML report: fastp.html

fastp -w 6 -i /scratch4/workspace/jade_fiorilla_student_uml_edu-rawseqorcc/fastq/2024_Warm06_Both03_G35_gut_S149_R1_001.fastq.gz -I /scratch4/workspace/jade_fiorilla_student_uml_edu-rawseqorcc/fastq/2024_Warm06_Both03_G35_gut_S149_R2_001.fastq.gz -o /scratch4/workspace/jade_fiorilla_student_uml_edu-rawseqorcc/trimmed-fastp/2024_Warm06_Both03_G35_gut_S149_R1_trim.fastq.gz -O /scratch4/workspace/jade_fiorilla_student_uml_edu-rawseqorcc/trimmed-fastp/2024_Warm06_Both03_G35_gut_S149_R2_trim.fastq.gz --detect_adapter_for_pe 
fastp v1.3.7, time used: 6 seconds
Running fastp on: 2024_Warm06_Both04_G48_gill_S164
Detecting adapter sequence for read1...
>I7_Nextera_Transposase_1 | >Trans2_rc | >I7_Nextera_Transposase_1 | >Trans2_rc
CTGTCTCTTATACACATCTCCGAGCCCACGAGAC

Detecting adapter sequence for read2...
>I5_Nextera_Transposase_1 | >Trans1_rc | >I5_Nextera_Transposase_1 | >Trans1_rc
CTGTCTCTTATACACATCTGACGCTGCCGACGA

Read1 before filtering:
total reads: 2261214
total bases: 680625414
Q20 bases: 647408726(95.1197%)
Q30 bases: 597600613(87.8017%)
Q40 bases: 597600613(87.8017%)

Read2 before filtering:
total reads: 2261214
total bases: 680625414
Q20 bases: 672756767(98.8439%)
Q30 bases: 651386323(95.7041%)
Q40 bases: 651386323(95.7041%)

Read1 after filtering:
total reads: 2248216
total bases: 303892449
Q20 bases: 301054872(99.0663%)
Q30 bases: 292601006(96.2844%)
Q40 bases: 292601006(96.2844%)

Read2 after filtering:
total reads: 2248216
total bases: 303485595
Q20 bases: 299643031(98.7339%)
Q30 bases: 287061285(94.5881%)
Q40 bases: 287061285(94.5881%)

Filtering result:
reads passed filter: 4496432
reads failed due to low quality: 23960
reads failed due to too many N: 116
reads failed due to too short: 1916
reads failed due to adapter dimer: 4
reads with adapter trimmed: 4475989
bases trimmed due to adapters: 230476817

Duplication rate: 22.4496%

Insert size peak (evaluated by paired-end reads): 294

JSON report: fastp.json
HTML report: fastp.html

fastp -w 6 -i /scratch4/workspace/jade_fiorilla_student_uml_edu-rawseqorcc/fastq/2024_Warm06_Both04_G48_gill_S164_R1_001.fastq.gz -I /scratch4/workspace/jade_fiorilla_student_uml_edu-rawseqorcc/fastq/2024_Warm06_Both04_G48_gill_S164_R2_001.fastq.gz -o /scratch4/workspace/jade_fiorilla_student_uml_edu-rawseqorcc/trimmed-fastp/2024_Warm06_Both04_G48_gill_S164_R1_trim.fastq.gz -O /scratch4/workspace/jade_fiorilla_student_uml_edu-rawseqorcc/trimmed-fastp/2024_Warm06_Both04_G48_gill_S164_R2_trim.fastq.gz --detect_adapter_for_pe 
fastp v1.3.7, time used: 15 seconds
Running fastp on: 2024_Warm06_Both04_G48_gut_S53
Detecting adapter sequence for read1...
>I7_Nextera_Transposase_1 | >Trans2_rc | >I7_Nextera_Transposase_1 | >Trans2_rc
CTGTCTCTTATACACATCTCCGAGCCCACGAGAC

Detecting adapter sequence for read2...
>I5_Nextera_Transposase_1 | >Trans1_rc | >I5_Nextera_Transposase_1 | >Trans1_rc
CTGTCTCTTATACACATCTGACGCTGCCGACGA

Read1 before filtering:
total reads: 1108732
total bases: 333728332
Q20 bases: 320675202(96.0887%)
Q30 bases: 301945237(90.4764%)
Q40 bases: 301945237(90.4764%)

Read2 before filtering:
total reads: 1108732
total bases: 333728332
Q20 bases: 330117361(98.918%)
Q30 bases: 320155845(95.9331%)
Q40 bases: 320155845(95.9331%)

Read1 after filtering:
total reads: 1101774
total bases: 119474830
Q20 bases: 118526732(99.2064%)
Q30 bases: 115729716(96.8654%)
Q40 bases: 115729716(96.8654%)

Read2 after filtering:
total reads: 1101774
total bases: 119234578
Q20 bases: 117419788(98.478%)
Q30 bases: 111860035(93.8151%)
Q40 bases: 111860035(93.8151%)

Filtering result:
reads passed filter: 2203548
reads failed due to low quality: 12802
reads failed due to too many N: 46
reads failed due to too short: 1068
reads failed due to adapter dimer: 0
reads with adapter trimmed: 2190658
bases trimmed due to adapters: 118186991

Duplication rate: 52.7341%

Insert size peak (evaluated by paired-end reads): 292

JSON report: fastp.json
HTML report: fastp.html

fastp -w 6 -i /scratch4/workspace/jade_fiorilla_student_uml_edu-rawseqorcc/fastq/2024_Warm06_Both04_G48_gut_S53_R1_001.fastq.gz -I /scratch4/workspace/jade_fiorilla_student_uml_edu-rawseqorcc/fastq/2024_Warm06_Both04_G48_gut_S53_R2_001.fastq.gz -o /scratch4/workspace/jade_fiorilla_student_uml_edu-rawseqorcc/trimmed-fastp/2024_Warm06_Both04_G48_gut_S53_R1_trim.fastq.gz -O /scratch4/workspace/jade_fiorilla_student_uml_edu-rawseqorcc/trimmed-fastp/2024_Warm06_Both04_G48_gut_S53_R2_trim.fastq.gz --detect_adapter_for_pe 
fastp v1.3.7, time used: 8 seconds
Running fastp on: 2024_Warm06_Hyp06_G71_gill_S208
Detecting adapter sequence for read1...
>I7_Nextera_Transposase_1 | >Trans2_rc | >I7_Nextera_Transposase_1 | >Trans2_rc
CTGTCTCTTATACACATCTCCGAGCCCACGAGAC

Detecting adapter sequence for read2...
>I5_Nextera_Transposase_1 | >Trans1_rc | >I5_Nextera_Transposase_1 | >Trans1_rc
CTGTCTCTTATACACATCTGACGCTGCCGACGA

Read1 before filtering:
total reads: 1689161
total bases: 508437461
Q20 bases: 502003679(98.7346%)
Q30 bases: 486395824(95.6648%)
Q40 bases: 486395824(95.6648%)

Read2 before filtering:
total reads: 1689161
total bases: 508437461
Q20 bases: 497222976(97.7943%)
Q30 bases: 468898174(92.2234%)
Q40 bases: 468898174(92.2234%)

Read1 after filtering:
total reads: 1677647
total bases: 466521418
Q20 bases: 462916032(99.2272%)
Q30 bases: 451341452(96.7461%)
Q40 bases: 451341452(96.7461%)

Read2 after filtering:
total reads: 1677647
total bases: 466584930
Q20 bases: 457769000(98.1105%)
Q30 bases: 433119511(92.8276%)
Q40 bases: 433119511(92.8276%)

Filtering result:
reads passed filter: 3355294
reads failed due to low quality: 21784
reads failed due to too many N: 120
reads failed due to too short: 1124
reads failed due to adapter dimer: 0
reads with adapter trimmed: 3349245
bases trimmed due to adapters: 42046401

Duplication rate: 61.4059%

Insert size peak (evaluated by paired-end reads): 292

JSON report: fastp.json
HTML report: fastp.html

fastp -w 6 -i /scratch4/workspace/jade_fiorilla_student_uml_edu-rawseqorcc/fastq/2024_Warm06_Hyp06_G71_gill_S208_R1_001.fastq.gz -I /scratch4/workspace/jade_fiorilla_student_uml_edu-rawseqorcc/fastq/2024_Warm06_Hyp06_G71_gill_S208_R2_001.fastq.gz -o /scratch4/workspace/jade_fiorilla_student_uml_edu-rawseqorcc/trimmed-fastp/2024_Warm06_Hyp06_G71_gill_S208_R1_trim.fastq.gz -O /scratch4/workspace/jade_fiorilla_student_uml_edu-rawseqorcc/trimmed-fastp/2024_Warm06_Hyp06_G71_gill_S208_R2_trim.fastq.gz --detect_adapter_for_pe 
fastp v1.3.7, time used: 13 seconds
Running fastp on: 2024_Warm06_Hyp06_G71_gut_S21
Detecting adapter sequence for read1...
>I7_Nextera_Transposase_1 | >Trans2_rc | >I7_Nextera_Transposase_1 | >Trans2_rc
CTGTCTCTTATACACATCTCCGAGCCCACGAGAC

Detecting adapter sequence for read2...
>I5_Nextera_Transposase_1 | >Trans1_rc | >I5_Nextera_Transposase_1 | >Trans1_rc
CTGTCTCTTATACACATCTGACGCTGCCGACGA

Read1 before filtering:
total reads: 646396
total bases: 194565196
Q20 bases: 190705452(98.0162%)
Q30 bases: 183111265(94.1131%)
Q40 bases: 183111265(94.1131%)

Read2 before filtering:
total reads: 646396
total bases: 194565196
Q20 bases: 191820414(98.5893%)
Q30 bases: 184065696(94.6036%)
Q40 bases: 184065696(94.6036%)

Read1 after filtering:
total reads: 641322
total bases: 164867614
Q20 bases: 163452558(99.1417%)
Q30 bases: 158968729(96.422%)
Q40 bases: 158968729(96.422%)

Read2 after filtering:
total reads: 641322
total bases: 164827205
Q20 bases: 162891372(98.8255%)
Q30 bases: 156361538(94.8639%)
Q40 bases: 156361538(94.8639%)

Filtering result:
reads passed filter: 1282644
reads failed due to low quality: 8702
reads failed due to too many N: 42
reads failed due to too short: 1388
reads failed due to adapter dimer: 16
reads with adapter trimmed: 1269561
bases trimmed due to adapters: 19740523

Duplication rate: 18.1585%

Insert size peak (evaluated by paired-end reads): 296

JSON report: fastp.json
HTML report: fastp.html

fastp -w 6 -i /scratch4/workspace/jade_fiorilla_student_uml_edu-rawseqorcc/fastq/2024_Warm06_Hyp06_G71_gut_S21_R1_001.fastq.gz -I /scratch4/workspace/jade_fiorilla_student_uml_edu-rawseqorcc/fastq/2024_Warm06_Hyp06_G71_gut_S21_R2_001.fastq.gz -o /scratch4/workspace/jade_fiorilla_student_uml_edu-rawseqorcc/trimmed-fastp/2024_Warm06_Hyp06_G71_gut_S21_R1_trim.fastq.gz -O /scratch4/workspace/jade_fiorilla_student_uml_edu-rawseqorcc/trimmed-fastp/2024_Warm06_Hyp06_G71_gut_S21_R2_trim.fastq.gz --detect_adapter_for_pe 
fastp v1.3.7, time used: 7 seconds
Running fastp on: 2024_Warm06_Null_G41_gill_S97
Detecting adapter sequence for read1...
>I7_Nextera_Transposase_1 | >Trans2_rc | >I7_Nextera_Transposase_1 | >Trans2_rc
CTGTCTCTTATACACATCTCCGAGCCCACGAGAC

Detecting adapter sequence for read2...
>I5_Nextera_Transposase_1 | >Trans1_rc | >I5_Nextera_Transposase_1 | >Trans1_rc
CTGTCTCTTATACACATCTGACGCTGCCGACGA

Read1 before filtering:
total reads: 895277
total bases: 269478377
Q20 bases: 264779337(98.2562%)
Q30 bases: 255160602(94.6869%)
Q40 bases: 255160602(94.6869%)

Read2 before filtering:
total reads: 895277
total bases: 269478377
Q20 bases: 265781356(98.6281%)
Q30 bases: 254983910(94.6213%)
Q40 bases: 254983910(94.6213%)

Read1 after filtering:
total reads: 889340
total bases: 228965673
Q20 bases: 227288612(99.2675%)
Q30 bases: 221906513(96.9169%)
Q40 bases: 221906513(96.9169%)

Read2 after filtering:
total reads: 889340
total bases: 228941464
Q20 bases: 226240248(98.8201%)
Q30 bases: 217094445(94.8253%)
Q40 bases: 217094445(94.8253%)

Filtering result:
reads passed filter: 1778680
reads failed due to low quality: 10746
reads failed due to too many N: 52
reads failed due to too short: 1076
reads failed due to adapter dimer: 0
reads with adapter trimmed: 1760145
bases trimmed due to adapters: 29918675

Duplication rate: 41.6088%

Insert size peak (evaluated by paired-end reads): 294

JSON report: fastp.json
HTML report: fastp.html

fastp -w 6 -i /scratch4/workspace/jade_fiorilla_student_uml_edu-rawseqorcc/fastq/2024_Warm06_Null_G41_gill_S97_R1_001.fastq.gz -I /scratch4/workspace/jade_fiorilla_student_uml_edu-rawseqorcc/fastq/2024_Warm06_Null_G41_gill_S97_R2_001.fastq.gz -o /scratch4/workspace/jade_fiorilla_student_uml_edu-rawseqorcc/trimmed-fastp/2024_Warm06_Null_G41_gill_S97_R1_trim.fastq.gz -O /scratch4/workspace/jade_fiorilla_student_uml_edu-rawseqorcc/trimmed-fastp/2024_Warm06_Null_G41_gill_S97_R2_trim.fastq.gz --detect_adapter_for_pe 
fastp v1.3.7, time used: 8 seconds
Running fastp on: 2024_Warm06_Null_G41_gut_S93
Detecting adapter sequence for read1...
>I7_Nextera_Transposase_1 | >Trans2_rc | >I7_Nextera_Transposase_1 | >Trans2_rc
CTGTCTCTTATACACATCTCCGAGCCCACGAGAC

Detecting adapter sequence for read2...
>I5_Nextera_Transposase_1 | >Trans1_rc | >I5_Nextera_Transposase_1 | >Trans1_rc
CTGTCTCTTATACACATCTGACGCTGCCGACGA

Read1 before filtering:
total reads: 1149327
total bases: 345947427
Q20 bases: 330984305(95.6747%)
Q30 bases: 311656176(90.0877%)
Q40 bases: 311656176(90.0877%)

Read2 before filtering:
total reads: 1149327
total bases: 345947427
Q20 bases: 342532824(99.013%)
Q30 bases: 333027223(96.2653%)
Q40 bases: 333027223(96.2653%)

Read1 after filtering:
total reads: 1142705
total bases: 140445235
Q20 bases: 139242230(99.1434%)
Q30 bases: 135655035(96.5893%)
Q40 bases: 135655035(96.5893%)

Read2 after filtering:
total reads: 1142705
total bases: 140039752
Q20 bases: 138509313(98.9071%)
Q30 bases: 133238502(95.1433%)
Q40 bases: 133238502(95.1433%)

Filtering result:
reads passed filter: 2285410
reads failed due to low quality: 10764
reads failed due to too many N: 54
reads failed due to too short: 2410
reads failed due to adapter dimer: 16
reads with adapter trimmed: 2266623
bases trimmed due to adapters: 113465555

Duplication rate: 8.52899%

Insert size peak (evaluated by paired-end reads): 296

JSON report: fastp.json
HTML report: fastp.html

fastp -w 6 -i /scratch4/workspace/jade_fiorilla_student_uml_edu-rawseqorcc/fastq/2024_Warm06_Null_G41_gut_S93_R1_001.fastq.gz -I /scratch4/workspace/jade_fiorilla_student_uml_edu-rawseqorcc/fastq/2024_Warm06_Null_G41_gut_S93_R2_001.fastq.gz -o /scratch4/workspace/jade_fiorilla_student_uml_edu-rawseqorcc/trimmed-fastp/2024_Warm06_Null_G41_gut_S93_R1_trim.fastq.gz -O /scratch4/workspace/jade_fiorilla_student_uml_edu-rawseqorcc/trimmed-fastp/2024_Warm06_Null_G41_gut_S93_R2_trim.fastq.gz --detect_adapter_for_pe 
fastp v1.3.7, time used: 9 seconds
Running fastp on: 2024_Warm06_Null_G45_gill_S271
Detecting adapter sequence for read1...
>I7_Nextera_Transposase_1 | >Trans2_rc | >I7_Nextera_Transposase_1 | >Trans2_rc
CTGTCTCTTATACACATCTCCGAGCCCACGAGAC

Detecting adapter sequence for read2...
>I5_Nextera_Transposase_1 | >Trans1_rc | >I5_Nextera_Transposase_1 | >Trans1_rc
CTGTCTCTTATACACATCTGACGCTGCCGACGA

Read1 before filtering:
total reads: 791575
total bases: 238264075
Q20 bases: 232590653(97.6189%)
Q30 bases: 221179323(92.8295%)
Q40 bases: 221179323(92.8295%)

Read2 before filtering:
total reads: 791575
total bases: 238264075
Q20 bases: 235694081(98.9214%)
Q30 bases: 227691273(95.5626%)
Q40 bases: 227691273(95.5626%)

Read1 after filtering:
total reads: 786615
total bases: 187127512
Q20 bases: 185159367(98.9482%)
Q30 bases: 178649743(95.4695%)
Q40 bases: 178649743(95.4695%)

Read2 after filtering:
total reads: 786615
total bases: 187053130
Q20 bases: 185235659(99.0284%)
Q30 bases: 178561105(95.4601%)
Q40 bases: 178561105(95.4601%)

Filtering result:
reads passed filter: 1573230
reads failed due to low quality: 9120
reads failed due to too many N: 44
reads failed due to too short: 756
reads failed due to adapter dimer: 0
reads with adapter trimmed: 1540731
bases trimmed due to adapters: 33475643

Duplication rate: 29.6318%

Insert size peak (evaluated by paired-end reads): 294

JSON report: fastp.json
HTML report: fastp.html

fastp -w 6 -i /scratch4/workspace/jade_fiorilla_student_uml_edu-rawseqorcc/fastq/2024_Warm06_Null_G45_gill_S271_R1_001.fastq.gz -I /scratch4/workspace/jade_fiorilla_student_uml_edu-rawseqorcc/fastq/2024_Warm06_Null_G45_gill_S271_R2_001.fastq.gz -o /scratch4/workspace/jade_fiorilla_student_uml_edu-rawseqorcc/trimmed-fastp/2024_Warm06_Null_G45_gill_S271_R1_trim.fastq.gz -O /scratch4/workspace/jade_fiorilla_student_uml_edu-rawseqorcc/trimmed-fastp/2024_Warm06_Null_G45_gill_S271_R2_trim.fastq.gz --detect_adapter_for_pe 
fastp v1.3.7, time used: 7 seconds
Running fastp on: 2024_Warm06_Null_G45_gut_S92
Detecting adapter sequence for read1...
>I7_Nextera_Transposase_1 | >Trans2_rc | >I7_Nextera_Transposase_1 | >Trans2_rc
CTGTCTCTTATACACATCTCCGAGCCCACGAGAC

Detecting adapter sequence for read2...
>I5_Nextera_Transposase_1 | >Trans1_rc | >I5_Nextera_Transposase_1 | >Trans1_rc
CTGTCTCTTATACACATCTGACGCTGCCGACGA

Read1 before filtering:
total reads: 1197987
total bases: 360594087
Q20 bases: 356224712(98.7883%)
Q30 bases: 345535825(95.824%)
Q40 bases: 345535825(95.824%)

Read2 before filtering:
total reads: 1197987
total bases: 360594087
Q20 bases: 355222198(98.5103%)
Q30 bases: 339497050(94.1494%)
Q40 bases: 339497050(94.1494%)

Read1 after filtering:
total reads: 1189290
total bases: 339085883
Q20 bases: 336533085(99.2472%)
Q30 bases: 328107142(96.7623%)
Q40 bases: 328107142(96.7623%)

Read2 after filtering:
total reads: 1189290
total bases: 339067621
Q20 bases: 334977878(98.7938%)
Q30 bases: 321125194(94.7083%)
Q40 bases: 321125194(94.7083%)

Filtering result:
reads passed filter: 2378580
reads failed due to low quality: 14980
reads failed due to too many N: 80
reads failed due to too short: 2334
reads failed due to adapter dimer: 0
reads with adapter trimmed: 2357390
bases trimmed due to adapters: 19414967

Duplication rate: 25.8695%

Insert size peak (evaluated by paired-end reads): 296

JSON report: fastp.json
HTML report: fastp.html

fastp -w 6 -i /scratch4/workspace/jade_fiorilla_student_uml_edu-rawseqorcc/fastq/2024_Warm06_Null_G45_gut_S92_R1_001.fastq.gz -I /scratch4/workspace/jade_fiorilla_student_uml_edu-rawseqorcc/fastq/2024_Warm06_Null_G45_gut_S92_R2_001.fastq.gz -o /scratch4/workspace/jade_fiorilla_student_uml_edu-rawseqorcc/trimmed-fastp/2024_Warm06_Null_G45_gut_S92_R1_trim.fastq.gz -O /scratch4/workspace/jade_fiorilla_student_uml_edu-rawseqorcc/trimmed-fastp/2024_Warm06_Null_G45_gut_S92_R2_trim.fastq.gz --detect_adapter_for_pe 
fastp v1.3.7, time used: 13 seconds
Running fastp on: 2024_Warm06_Warm03_G36_gill_S95
Detecting adapter sequence for read1...
>I7_Nextera_Transposase_1 | >Trans2_rc | >I7_Nextera_Transposase_1 | >Trans2_rc
CTGTCTCTTATACACATCTCCGAGCCCACGAGAC

Detecting adapter sequence for read2...
>I5_Nextera_Transposase_1 | >Trans1_rc | >I5_Nextera_Transposase_1 | >Trans1_rc
CTGTCTCTTATACACATCTGACGCTGCCGACGA

Read1 before filtering:
total reads: 1947194
total bases: 586105394
Q20 bases: 561444015(95.7923%)
Q30 bases: 526446051(89.8211%)
Q40 bases: 526446051(89.8211%)

Read2 before filtering:
total reads: 1947194
total bases: 586105394
Q20 bases: 578989728(98.7859%)
Q30 bases: 559159849(95.4026%)
Q40 bases: 559159849(95.4026%)

Read1 after filtering:
total reads: 1934707
total bases: 336934140
Q20 bases: 334042798(99.1419%)
Q30 bases: 325554416(96.6226%)
Q40 bases: 325554416(96.6226%)

Read2 after filtering:
total reads: 1934707
total bases: 336539198
Q20 bases: 332746368(98.873%)
Q30 bases: 319661573(94.9849%)
Q40 bases: 319661573(94.9849%)

Filtering result:
reads passed filter: 3869414
reads failed due to low quality: 20896
reads failed due to too many N: 92
reads failed due to too short: 3966
reads failed due to adapter dimer: 20
reads with adapter trimmed: 3815666
bases trimmed due to adapters: 147594371

Duplication rate: 14.9764%

Insert size peak (evaluated by paired-end reads): 296

JSON report: fastp.json
HTML report: fastp.html

fastp -w 6 -i /scratch4/workspace/jade_fiorilla_student_uml_edu-rawseqorcc/fastq/2024_Warm06_Warm03_G36_gill_S95_R1_001.fastq.gz -I /scratch4/workspace/jade_fiorilla_student_uml_edu-rawseqorcc/fastq/2024_Warm06_Warm03_G36_gill_S95_R2_001.fastq.gz -o /scratch4/workspace/jade_fiorilla_student_uml_edu-rawseqorcc/trimmed-fastp/2024_Warm06_Warm03_G36_gill_S95_R1_trim.fastq.gz -O /scratch4/workspace/jade_fiorilla_student_uml_edu-rawseqorcc/trimmed-fastp/2024_Warm06_Warm03_G36_gill_S95_R2_trim.fastq.gz --detect_adapter_for_pe 
fastp v1.3.7, time used: 14 seconds
Running fastp on: 2024_Warm06_Warm03_G36_gut_S25
Detecting adapter sequence for read1...
>I7_Nextera_Transposase_1 | >Trans2_rc | >I7_Nextera_Transposase_1 | >Trans2_rc
CTGTCTCTTATACACATCTCCGAGCCCACGAGAC

Detecting adapter sequence for read2...
>I5_Nextera_Transposase_1 | >Trans1_rc | >I5_Nextera_Transposase_1 | >Trans1_rc
CTGTCTCTTATACACATCTGACGCTGCCGACGA

Read1 before filtering:
total reads: 954647
total bases: 287348747
Q20 bases: 280928575(97.7657%)
Q30 bases: 269868592(93.9167%)
Q40 bases: 269868592(93.9167%)

Read2 before filtering:
total reads: 954647
total bases: 287348747
Q20 bases: 283913268(98.8044%)
Q30 bases: 273636166(95.2279%)
Q40 bases: 273636166(95.2279%)

Read1 after filtering:
total reads: 948680
total bases: 208935870
Q20 bases: 207491583(99.3087%)
Q30 bases: 202715604(97.0229%)
Q40 bases: 202715604(97.0229%)

Read2 after filtering:
total reads: 948680
total bases: 208783829
Q20 bases: 206485939(98.8994%)
Q30 bases: 198420863(95.0365%)
Q40 bases: 198420863(95.0365%)

Filtering result:
reads passed filter: 1897360
reads failed due to low quality: 10710
reads failed due to too many N: 50
reads failed due to too short: 1172
reads failed due to adapter dimer: 2
reads with adapter trimmed: 1892804
bases trimmed due to adapters: 49064063

Duplication rate: 35.6434%

Insert size peak (evaluated by paired-end reads): 294

JSON report: fastp.json
HTML report: fastp.html

fastp -w 6 -i /scratch4/workspace/jade_fiorilla_student_uml_edu-rawseqorcc/fastq/2024_Warm06_Warm03_G36_gut_S25_R1_001.fastq.gz -I /scratch4/workspace/jade_fiorilla_student_uml_edu-rawseqorcc/fastq/2024_Warm06_Warm03_G36_gut_S25_R2_001.fastq.gz -o /scratch4/workspace/jade_fiorilla_student_uml_edu-rawseqorcc/trimmed-fastp/2024_Warm06_Warm03_G36_gut_S25_R1_trim.fastq.gz -O /scratch4/workspace/jade_fiorilla_student_uml_edu-rawseqorcc/trimmed-fastp/2024_Warm06_Warm03_G36_gut_S25_R2_trim.fastq.gz --detect_adapter_for_pe 
fastp v1.3.7, time used: 8 seconds
Running fastp on: 2024_Warm06_Warm04_G48_gill_S26
Detecting adapter sequence for read1...
>I7_Nextera_Transposase_1 | >Trans2_rc | >I7_Nextera_Transposase_1 | >Trans2_rc
CTGTCTCTTATACACATCTCCGAGCCCACGAGAC

Detecting adapter sequence for read2...
>I5_Nextera_Transposase_1 | >Trans1_rc | >I5_Nextera_Transposase_1 | >Trans1_rc
CTGTCTCTTATACACATCTGACGCTGCCGACGA

Read1 before filtering:
total reads: 828301
total bases: 249318601
Q20 bases: 241078922(96.6951%)
Q30 bases: 229021198(91.8588%)
Q40 bases: 229021198(91.8588%)

Read2 before filtering:
total reads: 828301
total bases: 249318601
Q20 bases: 246211575(98.7538%)
Q30 bases: 237521006(95.2681%)
Q40 bases: 237521006(95.2681%)

Read1 after filtering:
total reads: 823613
total bases: 128588097
Q20 bases: 127651476(99.2716%)
Q30 bases: 124864714(97.1044%)
Q40 bases: 124864714(97.1044%)

Read2 after filtering:
total reads: 823613
total bases: 128385262
Q20 bases: 126496734(98.529%)
Q30 bases: 120482744(93.8447%)
Q40 bases: 120482744(93.8447%)

Filtering result:
reads passed filter: 1647226
reads failed due to low quality: 8376
reads failed due to too many N: 26
reads failed due to too short: 974
reads failed due to adapter dimer: 0
reads with adapter trimmed: 1634258
bases trimmed due to adapters: 69072257

Duplication rate: 34.1843%

Insert size peak (evaluated by paired-end reads): 294

JSON report: fastp.json
HTML report: fastp.html

fastp -w 6 -i /scratch4/workspace/jade_fiorilla_student_uml_edu-rawseqorcc/fastq/2024_Warm06_Warm04_G48_gill_S26_R1_001.fastq.gz -I /scratch4/workspace/jade_fiorilla_student_uml_edu-rawseqorcc/fastq/2024_Warm06_Warm04_G48_gill_S26_R2_001.fastq.gz -o /scratch4/workspace/jade_fiorilla_student_uml_edu-rawseqorcc/trimmed-fastp/2024_Warm06_Warm04_G48_gill_S26_R1_trim.fastq.gz -O /scratch4/workspace/jade_fiorilla_student_uml_edu-rawseqorcc/trimmed-fastp/2024_Warm06_Warm04_G48_gill_S26_R2_trim.fastq.gz --detect_adapter_for_pe 
fastp v1.3.7, time used: 7 seconds
Running fastp on: 2024_Warm06_Warm04_G48_gut_S27
Detecting adapter sequence for read1...
>I7_Nextera_Transposase_1 | >Trans2_rc | >I7_Nextera_Transposase_1 | >Trans2_rc
CTGTCTCTTATACACATCTCCGAGCCCACGAGAC

Detecting adapter sequence for read2...
>I5_Nextera_Transposase_1 | >Trans1_rc | >I5_Nextera_Transposase_1 | >Trans1_rc
CTGTCTCTTATACACATCTGACGCTGCCGACGA

Read1 before filtering:
total reads: 922526
total bases: 277680326
Q20 bases: 270910864(97.5621%)
Q30 bases: 259654779(93.5085%)
Q40 bases: 259654779(93.5085%)

Read2 before filtering:
total reads: 922526
total bases: 277680326
Q20 bases: 274216889(98.7527%)
Q30 bases: 264027127(95.0831%)
Q40 bases: 264027127(95.0831%)

Read1 after filtering:
total reads: 916839
total bases: 191073229
Q20 bases: 189691433(99.2768%)
Q30 bases: 185294222(96.9755%)
Q40 bases: 185294222(96.9755%)

Read2 after filtering:
total reads: 916839
total bases: 190922356
Q20 bases: 188582077(98.7742%)
Q30 bases: 180689168(94.6401%)
Q40 bases: 180689168(94.6401%)

Filtering result:
reads passed filter: 1833678
reads failed due to low quality: 10244
reads failed due to too many N: 62
reads failed due to too short: 1064
reads failed due to adapter dimer: 4
reads with adapter trimmed: 1827971
bases trimmed due to adapters: 52654808

Duplication rate: 30.0597%

Insert size peak (evaluated by paired-end reads): 294

JSON report: fastp.json
HTML report: fastp.html

fastp -w 6 -i /scratch4/workspace/jade_fiorilla_student_uml_edu-rawseqorcc/fastq/2024_Warm06_Warm04_G48_gut_S27_R1_001.fastq.gz -I /scratch4/workspace/jade_fiorilla_student_uml_edu-rawseqorcc/fastq/2024_Warm06_Warm04_G48_gut_S27_R2_001.fastq.gz -o /scratch4/workspace/jade_fiorilla_student_uml_edu-rawseqorcc/trimmed-fastp/2024_Warm06_Warm04_G48_gut_S27_R1_trim.fastq.gz -O /scratch4/workspace/jade_fiorilla_student_uml_edu-rawseqorcc/trimmed-fastp/2024_Warm06_Warm04_G48_gut_S27_R2_trim.fastq.gz --detect_adapter_for_pe 
fastp v1.3.7, time used: 8 seconds
Running fastp on: negative_control_NA_S267
Detecting adapter sequence for read1...
>I7_Nextera_Transposase_1 | >Trans2_rc | >I7_Nextera_Transposase_1 | >Trans2_rc
CTGTCTCTTATACACATCTCCGAGCCCACGAGAC

Detecting adapter sequence for read2...
>I5_Nextera_Transposase_1 | >Trans1_rc | >I5_Nextera_Transposase_1 | >Trans1_rc
CTGTCTCTTATACACATCTGACGCTGCCGACGA

Read1 before filtering:
total reads: 292047
total bases: 87906147
Q20 bases: 85403397(97.1529%)
Q30 bases: 81335364(92.5252%)
Q40 bases: 81335364(92.5252%)

Read2 before filtering:
total reads: 292047
total bases: 87906147
Q20 bases: 86829374(98.7751%)
Q30 bases: 83572880(95.0706%)
Q40 bases: 83572880(95.0706%)

Read1 after filtering:
total reads: 290285
total bases: 61809449
Q20 bases: 61369776(99.2887%)
Q30 bases: 59839614(96.8131%)
Q40 bases: 59839614(96.8131%)

Read2 after filtering:
total reads: 290285
total bases: 61775681
Q20 bases: 61059481(98.8406%)
Q30 bases: 58515292(94.7222%)
Q40 bases: 58515292(94.7222%)

Filtering result:
reads passed filter: 580570
reads failed due to low quality: 3082
reads failed due to too many N: 12
reads failed due to too short: 430
reads failed due to adapter dimer: 0
reads with adapter trimmed: 579639
bases trimmed due to adapters: 15503529

Duplication rate: 19.4332%

Insert size peak (evaluated by paired-end reads): 296

JSON report: fastp.json
HTML report: fastp.html

fastp -w 6 -i /scratch4/workspace/jade_fiorilla_student_uml_edu-rawseqorcc/fastq/negative_control_NA_S267_R1_001.fastq.gz -I /scratch4/workspace/jade_fiorilla_student_uml_edu-rawseqorcc/fastq/negative_control_NA_S267_R2_001.fastq.gz -o /scratch4/workspace/jade_fiorilla_student_uml_edu-rawseqorcc/trimmed-fastp/negative_control_NA_S267_R1_trim.fastq.gz -O /scratch4/workspace/jade_fiorilla_student_uml_edu-rawseqorcc/trimmed-fastp/negative_control_NA_S267_R2_trim.fastq.gz --detect_adapter_for_pe 
fastp v1.3.7, time used: 4 seconds
Running fastp on: Pooled_negative_rack1_NA_S94
Detecting adapter sequence for read1...
>I7_Nextera_Transposase_1 | >Trans2_rc | >I7_Nextera_Transposase_1 | >Trans2_rc
CTGTCTCTTATACACATCTCCGAGCCCACGAGAC

Detecting adapter sequence for read2...
>I5_Nextera_Transposase_1 | >Trans1_rc | >I5_Nextera_Transposase_1 | >Trans1_rc
CTGTCTCTTATACACATCTGACGCTGCCGACGA

Read1 before filtering:
total reads: 270575
total bases: 81443075
Q20 bases: 77057992(94.6158%)
Q30 bases: 71092112(87.2906%)
Q40 bases: 71092112(87.2906%)

Read2 before filtering:
total reads: 270575
total bases: 81443075
Q20 bases: 80759610(99.1608%)
Q30 bases: 78962754(96.9545%)
Q40 bases: 78962754(96.9545%)

Read1 after filtering:
total reads: 268825
total bases: 10502934
Q20 bases: 10364355(98.6806%)
Q30 bases: 10020005(95.402%)
Q40 bases: 10020005(95.402%)

Read2 after filtering:
total reads: 268825
total bases: 10416220
Q20 bases: 10292769(98.8148%)
Q30 bases: 9891118(94.9588%)
Q40 bases: 9891118(94.9588%)

Filtering result:
reads passed filter: 537650
reads failed due to low quality: 3236
reads failed due to too many N: 4
reads failed due to too short: 260
reads failed due to adapter dimer: 0
reads with adapter trimmed: 534296
bases trimmed due to adapters: 38033847

Duplication rate: 23.1644%

Insert size peak (evaluated by paired-end reads): 296

JSON report: fastp.json
HTML report: fastp.html

fastp -w 6 -i /scratch4/workspace/jade_fiorilla_student_uml_edu-rawseqorcc/fastq/Pooled_negative_rack1_NA_S94_R1_001.fastq.gz -I /scratch4/workspace/jade_fiorilla_student_uml_edu-rawseqorcc/fastq/Pooled_negative_rack1_NA_S94_R2_001.fastq.gz -o /scratch4/workspace/jade_fiorilla_student_uml_edu-rawseqorcc/trimmed-fastp/Pooled_negative_rack1_NA_S94_R1_trim.fastq.gz -O /scratch4/workspace/jade_fiorilla_student_uml_edu-rawseqorcc/trimmed-fastp/Pooled_negative_rack1_NA_S94_R2_trim.fastq.gz --detect_adapter_for_pe 
fastp v1.3.7, time used: 3 seconds
Running fastp on: Pooled_negative_rack2_NA_S190
Detecting adapter sequence for read1...
>I7_Nextera_Transposase_1 | >Trans2_rc | >I7_Nextera_Transposase_1 | >Trans2_rc
CTGTCTCTTATACACATCTCCGAGCCCACGAGAC

Detecting adapter sequence for read2...
>I5_Nextera_Transposase_1 | >Trans1_rc | >I5_Nextera_Transposase_1 | >Trans1_rc
CTGTCTCTTATACACATCTGACGCTGCCGACGA

Read1 before filtering:
total reads: 2869670
total bases: 863770670
Q20 bases: 804939757(93.1891%)
Q30 bases: 733156486(84.8786%)
Q40 bases: 733156486(84.8786%)

Read2 before filtering:
total reads: 2869670
total bases: 863770670
Q20 bases: 857306698(99.2517%)
Q30 bases: 840367264(97.2906%)
Q40 bases: 840367264(97.2906%)

Read1 after filtering:
total reads: 2857380
total bases: 90308912
Q20 bases: 88928887(98.4719%)
Q30 bases: 85931255(95.1526%)
Q40 bases: 85931255(95.1526%)

Read2 after filtering:
total reads: 2857380
total bases: 89168207
Q20 bases: 88560148(99.3181%)
Q30 bases: 86166417(96.6336%)
Q40 bases: 86166417(96.6336%)

Filtering result:
reads passed filter: 5714760
reads failed due to low quality: 19718
reads failed due to too many N: 56
reads failed due to too short: 4780
reads failed due to adapter dimer: 26
reads with adapter trimmed: 5655890
bases trimmed due to adapters: 415360380

Duplication rate: 0.348751%

Insert size peak (evaluated by paired-end reads): 292

JSON report: fastp.json
HTML report: fastp.html

fastp -w 6 -i /scratch4/workspace/jade_fiorilla_student_uml_edu-rawseqorcc/fastq/Pooled_negative_rack2_NA_S190_R1_001.fastq.gz -I /scratch4/workspace/jade_fiorilla_student_uml_edu-rawseqorcc/fastq/Pooled_negative_rack2_NA_S190_R2_001.fastq.gz -o /scratch4/workspace/jade_fiorilla_student_uml_edu-rawseqorcc/trimmed-fastp/Pooled_negative_rack2_NA_S190_R1_trim.fastq.gz -O /scratch4/workspace/jade_fiorilla_student_uml_edu-rawseqorcc/trimmed-fastp/Pooled_negative_rack2_NA_S190_R2_trim.fastq.gz --detect_adapter_for_pe 
fastp v1.3.7, time used: 16 seconds
Running fastp on: Pooled_negative_rack3_2_NA_S279
Detecting adapter sequence for read1...
No adapter detected for read1

Detecting adapter sequence for read2...
No adapter detected for read2

Read1 before filtering:
total reads: 1284
total bases: 386484
Q20 bases: 371171(96.0379%)
Q30 bases: 341328(88.3162%)
Q40 bases: 341328(88.3162%)

Read2 before filtering:
total reads: 1284
total bases: 386484
Q20 bases: 371832(96.2089%)
Q30 bases: 344856(89.229%)
Q40 bases: 344856(89.229%)

Read1 after filtering:
total reads: 1241
total bases: 326657
Q20 bases: 316029(96.7464%)
Q30 bases: 294367(90.115%)
Q40 bases: 294367(90.115%)

Read2 after filtering:
total reads: 1241
total bases: 327092
Q20 bases: 319258(97.605%)
Q30 bases: 298391(91.2254%)
Q40 bases: 298391(91.2254%)

Filtering result:
reads passed filter: 2482
reads failed due to low quality: 86
reads failed due to too many N: 0
reads failed due to too short: 0
reads failed due to adapter dimer: 0
reads with adapter trimmed: 2128
bases trimmed due to adapters: 20144

Duplication rate: 2.64798%

Insert size peak (evaluated by paired-end reads): 292

JSON report: fastp.json
HTML report: fastp.html

fastp -w 6 -i /scratch4/workspace/jade_fiorilla_student_uml_edu-rawseqorcc/fastq/Pooled_negative_rack3_2_NA_S279_R1_001.fastq.gz -I /scratch4/workspace/jade_fiorilla_student_uml_edu-rawseqorcc/fastq/Pooled_negative_rack3_2_NA_S279_R2_001.fastq.gz -o /scratch4/workspace/jade_fiorilla_student_uml_edu-rawseqorcc/trimmed-fastp/Pooled_negative_rack3_2_NA_S279_R1_trim.fastq.gz -O /scratch4/workspace/jade_fiorilla_student_uml_edu-rawseqorcc/trimmed-fastp/Pooled_negative_rack3_2_NA_S279_R2_trim.fastq.gz --detect_adapter_for_pe 
fastp v1.3.7, time used: 1 seconds
Running fastp on: Pooled_negative_rack3_3_NA_S281
Detecting adapter sequence for read1...
>I7_Nextera_Transposase_1 | >Trans2_rc | >I7_Nextera_Transposase_1 | >Trans2_rc
CTGTCTCTTATACACATCTCCGAGCCCACGAGAC

Detecting adapter sequence for read2...
>I5_Nextera_Transposase_1 | >Trans1_rc | >I5_Nextera_Transposase_1 | >Trans1_rc
CTGTCTCTTATACACATCTGACGCTGCCGACGA

Read1 before filtering:
total reads: 43183
total bases: 12998083
Q20 bases: 12824539(98.6648%)
Q30 bases: 12361547(95.1028%)
Q40 bases: 12361547(95.1028%)

Read2 before filtering:
total reads: 43183
total bases: 12998083
Q20 bases: 12803547(98.5033%)
Q30 bases: 12220043(94.0142%)
Q40 bases: 12220043(94.0142%)

Read1 after filtering:
total reads: 42854
total bases: 12275376
Q20 bases: 12163707(99.0903%)
Q30 bases: 11789002(96.0378%)
Q40 bases: 11789002(96.0378%)

Read2 after filtering:
total reads: 42854
total bases: 12275369
Q20 bases: 12128287(98.8018%)
Q30 bases: 11613202(94.6057%)
Q40 bases: 11613202(94.6057%)

Filtering result:
reads passed filter: 85708
reads failed due to low quality: 602
reads failed due to too many N: 2
reads failed due to too short: 54
reads failed due to adapter dimer: 0
reads with adapter trimmed: 85969
bases trimmed due to adapters: 867749

Duplication rate: 53.5697%

Insert size peak (evaluated by paired-end reads): 292

JSON report: fastp.json
HTML report: fastp.html

fastp -w 6 -i /scratch4/workspace/jade_fiorilla_student_uml_edu-rawseqorcc/fastq/Pooled_negative_rack3_3_NA_S281_R1_001.fastq.gz -I /scratch4/workspace/jade_fiorilla_student_uml_edu-rawseqorcc/fastq/Pooled_negative_rack3_3_NA_S281_R2_001.fastq.gz -o /scratch4/workspace/jade_fiorilla_student_uml_edu-rawseqorcc/trimmed-fastp/Pooled_negative_rack3_3_NA_S281_R1_trim.fastq.gz -O /scratch4/workspace/jade_fiorilla_student_uml_edu-rawseqorcc/trimmed-fastp/Pooled_negative_rack3_3_NA_S281_R2_trim.fastq.gz --detect_adapter_for_pe 
fastp v1.3.7, time used: 1 seconds
Running fastp on: Pooled_negative_rack3_NA_S278
Detecting adapter sequence for read1...
>I7_Nextera_Transposase_1 | >Trans2_rc | >I7_Nextera_Transposase_1 | >Trans2_rc
CTGTCTCTTATACACATCTCCGAGCCCACGAGAC

Detecting adapter sequence for read2...
>I5_Nextera_Transposase_1 | >Trans1_rc | >I5_Nextera_Transposase_1 | >Trans1_rc
CTGTCTCTTATACACATCTGACGCTGCCGACGA

Read1 before filtering:
total reads: 751490
total bases: 226198490
Q20 bases: 218923219(96.7837%)
Q30 bases: 207867226(91.8959%)
Q40 bases: 207867226(91.8959%)

Read2 before filtering:
total reads: 751490
total bases: 226198490
Q20 bases: 223648960(98.8729%)
Q30 bases: 216075419(95.5247%)
Q40 bases: 216075419(95.5247%)

Read1 after filtering:
total reads: 747180
total bases: 136542938
Q20 bases: 135671985(99.3621%)
Q30 bases: 132751605(97.2233%)
Q40 bases: 132751605(97.2233%)

Read2 after filtering:
total reads: 747180
total bases: 136440024
Q20 bases: 134938098(98.8992%)
Q30 bases: 129576930(94.9699%)
Q40 bases: 129576930(94.9699%)

Filtering result:
reads passed filter: 1494360
reads failed due to low quality: 7812
reads failed due to too many N: 30
reads failed due to too short: 772
reads failed due to adapter dimer: 6
reads with adapter trimmed: 1490647
bases trimmed due to adapters: 52403556

Duplication rate: 32.6329%

Insert size peak (evaluated by paired-end reads): 294

JSON report: fastp.json
HTML report: fastp.html

fastp -w 6 -i /scratch4/workspace/jade_fiorilla_student_uml_edu-rawseqorcc/fastq/Pooled_negative_rack3_NA_S278_R1_001.fastq.gz -I /scratch4/workspace/jade_fiorilla_student_uml_edu-rawseqorcc/fastq/Pooled_negative_rack3_NA_S278_R2_001.fastq.gz -o /scratch4/workspace/jade_fiorilla_student_uml_edu-rawseqorcc/trimmed-fastp/Pooled_negative_rack3_NA_S278_R1_trim.fastq.gz -O /scratch4/workspace/jade_fiorilla_student_uml_edu-rawseqorcc/trimmed-fastp/Pooled_negative_rack3_NA_S278_R2_trim.fastq.gz --detect_adapter_for_pe 
fastp v1.3.7, time used: 7 seconds
Running fastp on: Positive_control_NA_S280
Detecting adapter sequence for read1...
>I7_Nextera_Transposase_1 | >Trans2_rc | >I7_Nextera_Transposase_1 | >Trans2_rc
CTGTCTCTTATACACATCTCCGAGCCCACGAGAC

Detecting adapter sequence for read2...
>I7_Nextera_Transposase_1 | >Trans2_rc | >I7_Nextera_Transposase_1 | >Trans2_rc
CTGTCTCTTATACACATCTCCGAGCCCACGAGAC

Read1 before filtering:
total reads: 2105187
total bases: 633661287
Q20 bases: 627284632(98.9937%)
Q30 bases: 608425923(96.0175%)
Q40 bases: 608425923(96.0175%)

Read2 before filtering:
total reads: 2105187
total bases: 633661287
Q20 bases: 624882818(98.6146%)
Q30 bases: 598132224(94.3931%)
Q40 bases: 598132224(94.3931%)

Read1 after filtering:
total reads: 2091690
total bases: 610624766
Q20 bases: 605668194(99.1883%)
Q30 bases: 588914140(96.4445%)
Q40 bases: 588914140(96.4445%)

Read2 after filtering:
total reads: 2091690
total bases: 610662315
Q20 bases: 603834619(98.8819%)
Q30 bases: 579972980(94.9744%)
Q40 bases: 579972980(94.9744%)

Filtering result:
reads passed filter: 4183380
reads failed due to low quality: 24814
reads failed due to too many N: 164
reads failed due to too short: 2016
reads failed due to adapter dimer: 0
reads with adapter trimmed: 4194159
bases trimmed due to adapters: 37835152

Duplication rate: 58.8627%

Insert size peak (evaluated by paired-end reads): 292

JSON report: fastp.json
HTML report: fastp.html

fastp -w 6 -i /scratch4/workspace/jade_fiorilla_student_uml_edu-rawseqorcc/fastq/Positive_control_NA_S280_R1_001.fastq.gz -I /scratch4/workspace/jade_fiorilla_student_uml_edu-rawseqorcc/fastq/Positive_control_NA_S280_R2_001.fastq.gz -o /scratch4/workspace/jade_fiorilla_student_uml_edu-rawseqorcc/trimmed-fastp/Positive_control_NA_S280_R1_trim.fastq.gz -O /scratch4/workspace/jade_fiorilla_student_uml_edu-rawseqorcc/trimmed-fastp/Positive_control_NA_S280_R2_trim.fastq.gz --detect_adapter_for_pe 
fastp v1.3.7, time used: 15 seconds
Running fastp on: Undetermined_S0
Detecting adapter sequence for read1...
>TruSeq2_PE_r
AGATCGGAAGAGCGGTTCAGCAGGAATGCCGAG

Detecting adapter sequence for read2...
>Illumina TruSeq Adapter Read 2
AGATCGGAAGAGCGTCGTGTAGGGAAAGAGTGT

Read1 before filtering:
total reads: 177645686
total bases: 53471351486
Q20 bases: 52014696449(97.2758%)
Q30 bases: 49200206296(92.0123%)
Q40 bases: 49200206296(92.0123%)

Read2 before filtering:
total reads: 177645686
total bases: 53471351486
Q20 bases: 51671290893(96.6336%)
Q30 bases: 47675633542(89.1611%)
Q40 bases: 47675633542(89.1611%)

Read1 after filtering:
total reads: 173089590
total bases: 49133072189
Q20 bases: 48454727364(98.6194%)
Q30 bases: 46613275415(94.8715%)
Q40 bases: 46613275415(94.8715%)

Read2 after filtering:
total reads: 173089590
total bases: 49024250807
Q20 bases: 47952062872(97.8129%)
Q30 bases: 44791692530(91.3664%)
Q40 bases: 44791692530(91.3664%)

Filtering result:
reads passed filter: 346179180
reads failed due to low quality: 8777208
reads failed due to too many N: 74774
reads failed due to too short: 219820
reads failed due to adapter dimer: 40390
reads with adapter trimmed: 70166452
bases trimmed due to adapters: 2343647225

Duplication rate: 42.6203%

Insert size peak (evaluated by paired-end reads): 294

JSON report: fastp.json
HTML report: fastp.html

fastp -w 6 -i /scratch4/workspace/jade_fiorilla_student_uml_edu-rawseqorcc/fastq/Undetermined_S0_R1_001.fastq.gz -I /scratch4/workspace/jade_fiorilla_student_uml_edu-rawseqorcc/fastq/Undetermined_S0_R2_001.fastq.gz -o /scratch4/workspace/jade_fiorilla_student_uml_edu-rawseqorcc/trimmed-fastp/Undetermined_S0_R1_trim.fastq.gz -O /scratch4/workspace/jade_fiorilla_student_uml_edu-rawseqorcc/trimmed-fastp/Undetermined_S0_R2_trim.fastq.gz --detect_adapter_for_pe 
fastp v1.3.7, time used: 2402 seconds
