Removing conda version miniforge3-24.7.1
No conda package cache directories found outside your home directory. To
prevent conda from filling up your home directory, you can create a new
directory at `/work/pi_<your_pi_name>/$USER/.conda/pkgs` and reload the module. 
No conda environment directories found outside your home directory. To prevent
conda from filling up your home directory, you can create a new directory at
`/work/pi_<your_pi_name>/$USER/.conda/envs` and reload the module. 
Loading conda version miniforge3-24.7.1
Running cutadapt on: 2024_Both01_Both01_O1_gill_S28
This is cutadapt 5.2 with Python 3.13.15
Command line parameters: -j 4 -g GTGYCAGCMGCCGCGGTAA -G GGACTACNVGGGTWTCTAAT -o /scratch4/workspace/jade_fiorilla_student_uml_edu-rawseqorcc/trimmed-cutadapt/2024_Both01_Both01_O1_gill_S28_R1_trim.fastq -p /scratch4/workspace/jade_fiorilla_student_uml_edu-rawseqorcc/trimmed-cutadapt/2024_Both01_Both01_O1_gill_S28_R2_trim.fastq /scratch4/workspace/jade_fiorilla_student_uml_edu-rawseqorcc/fastq/2024_Both01_Both01_O1_gill_S28_R1_001.fastq.gz /scratch4/workspace/jade_fiorilla_student_uml_edu-rawseqorcc/fastq/2024_Both01_Both01_O1_gill_S28_R2_001.fastq.gz
Processing paired-end reads on 4 cores ...

=== Summary ===

Total read pairs processed:            589,066
  Read 1 with adapter:                 477,796 (81.1%)
  Read 2 with adapter:                 370,299 (62.9%)
Pairs written (passing filters):       589,066 (100.0%)

Total basepairs processed:   354,617,732 bp
  Read 1:   177,308,866 bp
  Read 2:   177,308,866 bp
Total written (filtered):    337,283,556 bp (95.1%)
  Read 1:   167,751,235 bp
  Read 2:   169,532,321 bp

=== First read: Adapter 1 ===

Sequence: GTGYCAGCMGCCGCGGTAA; Type: regular 5'; Length: 19; Trimmed: 477796 times

Minimum overlap: 3
No. of allowed errors:
1-9 bp: 0; 10-19 bp: 1

Overview of removed sequences
length	count	expect	max.err	error counts
9	5	2.2	0	5
10	2	0.6	1	2
11	1	0.1	1	0 1
12	36	0.0	1	33 3
13	1	0.0	1	0 1
14	6	0.0	1	3 3
15	9	0.0	1	8 1
16	10	0.0	1	10
17	4	0.0	1	1 3
18	67	0.0	1	28 39
19	3726	0.0	1	993 2733
20	468808	0.0	1	355462 113346
21	4643	0.0	1	2802 1841
22	431	0.0	1	350 81
23	6	0.0	1	2 4
24	2	0.0	1	2
25	1	0.0	1	1
26	3	0.0	1	0 3
27	1	0.0	1	0 1
28	3	0.0	1	3
29	2	0.0	1	0 2
31	3	0.0	1	0 3
32	1	0.0	1	1
34	4	0.0	1	4
35	6	0.0	1	4 2
37	3	0.0	1	1 2
38	8	0.0	1	7 1
43	3	0.0	1	2 1
45	1	0.0	1	1


=== Second read: Adapter 2 ===

Sequence: GGACTACNVGGGTWTCTAAT; Type: regular 5'; Length: 20; Trimmed: 370299 times

Minimum overlap: 3
No. of allowed errors:
1-9 bp: 0; 10-19 bp: 1

Overview of removed sequences
length	count	expect	max.err	error counts
3	5	9204.2	0	5
12	5	0.0	1	4 1
13	1	0.0	1	1
14	8	0.0	1	2 6
15	2	0.0	1	0 2
16	9	0.0	1	2 7
17	8	0.0	1	2 6
18	9	0.0	1	5 4
19	27	0.0	1	12 15
20	1976	0.0	1	493 1483
21	365966	0.0	1	354855 11111
22	2134	0.0	1	1368 766
23	128	0.0	1	111 17
24	2	0.0	1	2
25	2	0.0	1	2
26	2	0.0	1	2
27	1	0.0	1	1
28	1	0.0	1	1
32	4	0.0	1	4
33	2	0.0	1	2
34	3	0.0	1	3
35	1	0.0	1	1
39	1	0.0	1	1
43	1	0.0	1	1
44	1	0.0	1	1
Running cutadapt on: 2024_Both01_Both01_O1_gut_S29
This is cutadapt 5.2 with Python 3.13.15
Command line parameters: -j 4 -g GTGYCAGCMGCCGCGGTAA -G GGACTACNVGGGTWTCTAAT -o /scratch4/workspace/jade_fiorilla_student_uml_edu-rawseqorcc/trimmed-cutadapt/2024_Both01_Both01_O1_gut_S29_R1_trim.fastq -p /scratch4/workspace/jade_fiorilla_student_uml_edu-rawseqorcc/trimmed-cutadapt/2024_Both01_Both01_O1_gut_S29_R2_trim.fastq /scratch4/workspace/jade_fiorilla_student_uml_edu-rawseqorcc/fastq/2024_Both01_Both01_O1_gut_S29_R1_001.fastq.gz /scratch4/workspace/jade_fiorilla_student_uml_edu-rawseqorcc/fastq/2024_Both01_Both01_O1_gut_S29_R2_001.fastq.gz
Processing paired-end reads on 4 cores ...

=== Summary ===

Total read pairs processed:            755,747
  Read 1 with adapter:                 709,489 (93.9%)
  Read 2 with adapter:                 672,333 (89.0%)
Pairs written (passing filters):       755,747 (100.0%)

Total basepairs processed:   454,959,694 bp
  Read 1:   227,479,847 bp
  Read 2:   227,479,847 bp
Total written (filtered):    426,649,170 bp (93.8%)
  Read 1:   213,287,788 bp
  Read 2:   213,361,382 bp

=== First read: Adapter 1 ===

Sequence: GTGYCAGCMGCCGCGGTAA; Type: regular 5'; Length: 19; Trimmed: 709489 times

Minimum overlap: 3
No. of allowed errors:
1-9 bp: 0; 10-19 bp: 1

Overview of removed sequences
length	count	expect	max.err	error counts
3	4	11808.5	0	4
9	6	2.9	0	6
10	1	0.7	1	1
12	35	0.0	1	30 5
13	2	0.0	1	1 1
14	5	0.0	1	1 4
15	4	0.0	1	0 4
16	17	0.0	1	12 5
17	26	0.0	1	18 8
18	82	0.0	1	40 42
19	4663	0.0	1	1738 2925
20	698106	0.0	1	655261 42845
21	5816	0.0	1	3042 2774
22	678	0.0	1	591 87
23	9	0.0	1	6 3
24	1	0.0	1	1
25	2	0.0	1	2
26	2	0.0	1	2
27	1	0.0	1	1
28	3	0.0	1	3
29	3	0.0	1	2 1
30	2	0.0	1	2
33	1	0.0	1	1
34	1	0.0	1	1
36	1	0.0	1	1
37	2	0.0	1	2
38	3	0.0	1	3
40	7	0.0	1	6 1
44	3	0.0	1	3
46	1	0.0	1	1
53	1	0.0	1	1
55	1	0.0	1	1


=== Second read: Adapter 2 ===

Sequence: GGACTACNVGGGTWTCTAAT; Type: regular 5'; Length: 20; Trimmed: 672333 times

Minimum overlap: 3
No. of allowed errors:
1-9 bp: 0; 10-19 bp: 1

Overview of removed sequences
length	count	expect	max.err	error counts
3	5	11808.5	0	5
11	7	0.2	1	3 4
12	1	0.0	1	0 1
13	2	0.0	1	1 1
14	8	0.0	1	5 3
15	3	0.0	1	0 3
16	9	0.0	1	5 4
17	10	0.0	1	4 6
18	22	0.0	1	17 5
19	39	0.0	1	21 18
20	3944	0.0	1	1056 2888
21	664939	0.0	1	651240 13699
22	3045	0.0	1	1750 1295
23	261	0.0	1	246 15
24	5	0.0	1	2 3
25	8	0.0	1	8
26	5	0.0	1	5
27	1	0.0	1	1
28	3	0.0	1	3
29	1	0.0	1	1
31	3	0.0	1	3
32	3	0.0	1	0 3
34	3	0.0	1	3
38	1	0.0	1	1
41	3	0.0	1	3
42	1	0.0	1	1
51	1	0.0	1	1
Running cutadapt on: 2024_Both01_Null_O03_gill_S235
This is cutadapt 5.2 with Python 3.13.15
Command line parameters: -j 4 -g GTGYCAGCMGCCGCGGTAA -G GGACTACNVGGGTWTCTAAT -o /scratch4/workspace/jade_fiorilla_student_uml_edu-rawseqorcc/trimmed-cutadapt/2024_Both01_Null_O03_gill_S235_R1_trim.fastq -p /scratch4/workspace/jade_fiorilla_student_uml_edu-rawseqorcc/trimmed-cutadapt/2024_Both01_Null_O03_gill_S235_R2_trim.fastq /scratch4/workspace/jade_fiorilla_student_uml_edu-rawseqorcc/fastq/2024_Both01_Null_O03_gill_S235_R1_001.fastq.gz /scratch4/workspace/jade_fiorilla_student_uml_edu-rawseqorcc/fastq/2024_Both01_Null_O03_gill_S235_R2_001.fastq.gz
Processing paired-end reads on 4 cores ...

=== Summary ===

Total read pairs processed:             14,428
  Read 1 with adapter:                   8,414 (58.3%)
  Read 2 with adapter:                   5,353 (37.1%)
Pairs written (passing filters):        14,428 (100.0%)

Total basepairs processed:     8,685,656 bp
  Read 1:     4,342,828 bp
  Read 2:     4,342,828 bp
Total written (filtered):      8,416,548 bp (96.9%)
  Read 1:     4,181,484 bp
  Read 2:     4,235,064 bp

=== First read: Adapter 1 ===

Sequence: GTGYCAGCMGCCGCGGTAA; Type: regular 5'; Length: 19; Trimmed: 8414 times

Minimum overlap: 3
No. of allowed errors:
1-9 bp: 0; 10-19 bp: 1

Overview of removed sequences
length	count	expect	max.err	error counts
18	7	0.0	1	0 7
19	7799	0.0	1	2211 5588
20	14	0.0	1	5 9
21	327	0.0	1	275 52
22	265	0.0	1	253 12
23	1	0.0	1	1
37	1	0.0	1	0 1


=== Second read: Adapter 2 ===

Sequence: GGACTACNVGGGTWTCTAAT; Type: regular 5'; Length: 20; Trimmed: 5353 times

Minimum overlap: 3
No. of allowed errors:
1-9 bp: 0; 10-19 bp: 1

Overview of removed sequences
length	count	expect	max.err	error counts
19	20	0.0	1	0 20
20	5032	0.0	1	4481 551
21	22	0.0	1	7 15
22	136	0.0	1	115 21
23	142	0.0	1	134 8
24	1	0.0	1	0 1
Running cutadapt on: 2024_Both01_Null_O03_gut_S70
This is cutadapt 5.2 with Python 3.13.15
Command line parameters: -j 4 -g GTGYCAGCMGCCGCGGTAA -G GGACTACNVGGGTWTCTAAT -o /scratch4/workspace/jade_fiorilla_student_uml_edu-rawseqorcc/trimmed-cutadapt/2024_Both01_Null_O03_gut_S70_R1_trim.fastq -p /scratch4/workspace/jade_fiorilla_student_uml_edu-rawseqorcc/trimmed-cutadapt/2024_Both01_Null_O03_gut_S70_R2_trim.fastq /scratch4/workspace/jade_fiorilla_student_uml_edu-rawseqorcc/fastq/2024_Both01_Null_O03_gut_S70_R1_001.fastq.gz /scratch4/workspace/jade_fiorilla_student_uml_edu-rawseqorcc/fastq/2024_Both01_Null_O03_gut_S70_R2_001.fastq.gz
Processing paired-end reads on 4 cores ...

=== Summary ===

Total read pairs processed:            531,335
  Read 1 with adapter:                 459,991 (86.6%)
  Read 2 with adapter:                 385,090 (72.5%)
Pairs written (passing filters):       531,335 (100.0%)

Total basepairs processed:   319,863,670 bp
  Read 1:   159,931,835 bp
  Read 2:   159,931,835 bp
Total written (filtered):    302,580,501 bp (94.6%)
  Read 1:   150,733,687 bp
  Read 2:   151,846,814 bp

=== First read: Adapter 1 ===

Sequence: GTGYCAGCMGCCGCGGTAA; Type: regular 5'; Length: 19; Trimmed: 459991 times

Minimum overlap: 3
No. of allowed errors:
1-9 bp: 0; 10-19 bp: 1

Overview of removed sequences
length	count	expect	max.err	error counts
3	3	8302.1	0	3
9	1	2.0	0	1
11	2	0.1	1	1 1
12	11	0.0	1	6 5
13	2	0.0	1	2
14	1	0.0	1	0 1
15	3	0.0	1	1 2
16	7	0.0	1	2 5
17	28	0.0	1	9 19
18	56	0.0	1	13 43
19	8678	0.0	1	3333 5345
20	445802	0.0	1	369083 76719
21	3833	0.0	1	2053 1780
22	1514	0.0	1	1166 348
23	12	0.0	1	5 7
24	5	0.0	1	4 1
25	2	0.0	1	1 1
26	2	0.0	1	1 1
28	3	0.0	1	1 2
29	1	0.0	1	1
30	3	0.0	1	0 3
33	7	0.0	1	4 3
34	1	0.0	1	0 1
35	3	0.0	1	3
37	1	0.0	1	1
38	1	0.0	1	0 1
40	1	0.0	1	1
42	2	0.0	1	0 2
44	1	0.0	1	1
48	2	0.0	1	2
50	1	0.0	1	1
53	1	0.0	1	1
59	1	0.0	1	0 1


=== Second read: Adapter 2 ===

Sequence: GGACTACNVGGGTWTCTAAT; Type: regular 5'; Length: 20; Trimmed: 385090 times

Minimum overlap: 3
No. of allowed errors:
1-9 bp: 0; 10-19 bp: 1

Overview of removed sequences
length	count	expect	max.err	error counts
3	4	8302.1	0	4
10	1	0.5	1	1
11	2	0.1	1	1 1
12	3	0.0	1	3
13	1	0.0	1	0 1
14	4	0.0	1	1 3
15	6	0.0	1	3 3
16	3	0.0	1	2 1
17	3	0.0	1	1 2
18	24	0.0	1	18 6
19	44	0.0	1	14 30
20	5273	0.0	1	3272 2001
21	376765	0.0	1	369701 7064
22	2271	0.0	1	1481 790
23	662	0.0	1	621 41
24	6	0.0	1	3 3
25	4	0.0	1	4
26	1	0.0	1	0 1
27	4	0.0	1	4
28	2	0.0	1	2
30	1	0.0	1	1
33	2	0.0	1	2
41	2	0.0	1	2
45	2	0.0	1	2
Running cutadapt on: 2024_Both01_Warm05_O50_gill_S219
This is cutadapt 5.2 with Python 3.13.15
Command line parameters: -j 4 -g GTGYCAGCMGCCGCGGTAA -G GGACTACNVGGGTWTCTAAT -o /scratch4/workspace/jade_fiorilla_student_uml_edu-rawseqorcc/trimmed-cutadapt/2024_Both01_Warm05_O50_gill_S219_R1_trim.fastq -p /scratch4/workspace/jade_fiorilla_student_uml_edu-rawseqorcc/trimmed-cutadapt/2024_Both01_Warm05_O50_gill_S219_R2_trim.fastq /scratch4/workspace/jade_fiorilla_student_uml_edu-rawseqorcc/fastq/2024_Both01_Warm05_O50_gill_S219_R1_001.fastq.gz /scratch4/workspace/jade_fiorilla_student_uml_edu-rawseqorcc/fastq/2024_Both01_Warm05_O50_gill_S219_R2_001.fastq.gz
Processing paired-end reads on 4 cores ...

=== Summary ===

Total read pairs processed:            609,876
  Read 1 with adapter:                 579,543 (95.0%)
  Read 2 with adapter:                 557,022 (91.3%)
Pairs written (passing filters):       609,876 (100.0%)

Total basepairs processed:   367,145,352 bp
  Read 1:   183,572,676 bp
  Read 2:   183,572,676 bp
Total written (filtered):    342,726,268 bp (93.3%)
  Read 1:   171,404,504 bp
  Read 2:   171,321,764 bp

=== First read: Adapter 1 ===

Sequence: GTGYCAGCMGCCGCGGTAA; Type: regular 5'; Length: 19; Trimmed: 579543 times

Minimum overlap: 3
No. of allowed errors:
1-9 bp: 0; 10-19 bp: 1

Overview of removed sequences
length	count	expect	max.err	error counts
3	6	9529.3	0	6
9	1	2.3	0	1
10	1	0.6	1	1
12	37	0.0	1	35 2
13	4	0.0	1	4
14	3	0.0	1	2 1
15	9	0.0	1	4 5
16	22	0.0	1	19 3
17	12	0.0	1	9 3
18	45	0.0	1	23 22
19	467	0.0	1	403 64
20	2739	0.0	1	1194 1545
21	574517	0.0	1	535292 39225
22	1604	0.0	1	729 875
23	3	0.0	1	3
24	20	0.0	1	20
25	1	0.0	1	1
26	6	0.0	1	6
27	3	0.0	1	3
28	5	0.0	1	5
29	1	0.0	1	1
31	5	0.0	1	5
32	4	0.0	1	0 4
33	7	0.0	1	7
34	1	0.0	1	0 1
35	5	0.0	1	1 4
36	5	0.0	1	4 1
37	2	0.0	1	0 2
38	4	0.0	1	1 3
45	2	0.0	1	2
48	1	0.0	1	1
51	1	0.0	1	1


=== Second read: Adapter 2 ===

Sequence: GGACTACNVGGGTWTCTAAT; Type: regular 5'; Length: 20; Trimmed: 557022 times

Minimum overlap: 3
No. of allowed errors:
1-9 bp: 0; 10-19 bp: 1

Overview of removed sequences
length	count	expect	max.err	error counts
3	2	9529.3	0	2
11	7	0.1	1	3 4
12	3	0.0	1	1 2
13	5	0.0	1	3 2
14	7	0.0	1	5 2
15	11	0.0	1	6 5
16	16	0.0	1	8 8
17	21	0.0	1	9 12
18	20	0.0	1	18 2
19	36	0.0	1	22 14
20	160	0.0	1	118 42
21	4315	0.0	1	1451 2864
22	550827	0.0	1	496121 54706
23	1571	0.0	1	616 955
24	1	0.0	1	0 1
25	4	0.0	1	4
26	1	0.0	1	1
27	3	0.0	1	3
28	3	0.0	1	0 3
29	1	0.0	1	1
32	4	0.0	1	4
40	2	0.0	1	1 1
57	2	0.0	1	2
Running cutadapt on: 2024_Both01_Warm05_O50_gut_S150
This is cutadapt 5.2 with Python 3.13.15
Command line parameters: -j 4 -g GTGYCAGCMGCCGCGGTAA -G GGACTACNVGGGTWTCTAAT -o /scratch4/workspace/jade_fiorilla_student_uml_edu-rawseqorcc/trimmed-cutadapt/2024_Both01_Warm05_O50_gut_S150_R1_trim.fastq -p /scratch4/workspace/jade_fiorilla_student_uml_edu-rawseqorcc/trimmed-cutadapt/2024_Both01_Warm05_O50_gut_S150_R2_trim.fastq /scratch4/workspace/jade_fiorilla_student_uml_edu-rawseqorcc/fastq/2024_Both01_Warm05_O50_gut_S150_R1_001.fastq.gz /scratch4/workspace/jade_fiorilla_student_uml_edu-rawseqorcc/fastq/2024_Both01_Warm05_O50_gut_S150_R2_001.fastq.gz
Processing paired-end reads on 4 cores ...

=== Summary ===

Total read pairs processed:            895,513
  Read 1 with adapter:                 780,714 (87.2%)
  Read 2 with adapter:                 695,706 (77.7%)
Pairs written (passing filters):       895,513 (100.0%)

Total basepairs processed:   539,098,826 bp
  Read 1:   269,549,413 bp
  Read 2:   269,549,413 bp
Total written (filtered):    507,443,812 bp (94.1%)
  Read 1:   253,177,805 bp
  Read 2:   254,266,007 bp

=== First read: Adapter 1 ===

Sequence: GTGYCAGCMGCCGCGGTAA; Type: regular 5'; Length: 19; Trimmed: 780714 times

Minimum overlap: 3
No. of allowed errors:
1-9 bp: 0; 10-19 bp: 1

Overview of removed sequences
length	count	expect	max.err	error counts
3	26	13992.4	0	26
9	3	3.4	0	3
10	1	0.9	1	0 1
11	2	0.2	1	2
12	23	0.1	1	21 2
13	5	0.0	1	5
14	4	0.0	1	4
15	7	0.0	1	0 7
16	16	0.0	1	8 8
17	16	0.0	1	9 7
18	46	0.0	1	20 26
19	4951	0.0	1	3842 1109
20	15673	0.0	1	11606 4067
21	757247	0.0	1	648755 108492
22	2629	0.0	1	1160 1469
23	2	0.0	1	0 2
24	13	0.0	1	9 4
25	7	0.0	1	5 2
26	5	0.0	1	3 2
27	5	0.0	1	4 1
28	1	0.0	1	1
29	2	0.0	1	2
30	1	0.0	1	1
31	2	0.0	1	0 2
33	2	0.0	1	0 2
35	5	0.0	1	3 2
36	2	0.0	1	2
37	2	0.0	1	1 1
38	4	0.0	1	4
39	2	0.0	1	2
40	1	0.0	1	0 1
41	1	0.0	1	1
42	2	0.0	1	2
43	1	0.0	1	1
46	1	0.0	1	1
48	1	0.0	1	0 1
53	2	0.0	1	2
58	1	0.0	1	1


=== Second read: Adapter 2 ===

Sequence: GGACTACNVGGGTWTCTAAT; Type: regular 5'; Length: 20; Trimmed: 695706 times

Minimum overlap: 3
No. of allowed errors:
1-9 bp: 0; 10-19 bp: 1

Overview of removed sequences
length	count	expect	max.err	error counts
3	36	13992.4	0	36
5	1	874.5	0	1
10	1	0.9	1	1
11	6	0.2	1	3 3
12	1	0.1	1	0 1
13	5	0.0	1	4 1
14	5	0.0	1	1 4
15	10	0.0	1	2 8
16	17	0.0	1	8 9
17	23	0.0	1	19 4
18	30	0.0	1	16 14
19	55	0.0	1	30 25
20	2478	0.0	1	2252 226
21	18098	0.0	1	13640 4458
22	672885	0.0	1	638560 34325
23	2016	0.0	1	830 1186
24	7	0.0	1	6 1
25	10	0.0	1	6 4
27	1	0.0	1	1
29	1	0.0	1	1
30	7	0.0	1	3 4
32	1	0.0	1	1
33	2	0.0	1	2
34	2	0.0	1	2
36	1	0.0	1	1
37	1	0.0	1	0 1
41	1	0.0	1	1
46	3	0.0	1	3
57	2	0.0	1	2
Running cutadapt on: 2024_Both02_Both05_O51_gill_S251
This is cutadapt 5.2 with Python 3.13.15
Command line parameters: -j 4 -g GTGYCAGCMGCCGCGGTAA -G GGACTACNVGGGTWTCTAAT -o /scratch4/workspace/jade_fiorilla_student_uml_edu-rawseqorcc/trimmed-cutadapt/2024_Both02_Both05_O51_gill_S251_R1_trim.fastq -p /scratch4/workspace/jade_fiorilla_student_uml_edu-rawseqorcc/trimmed-cutadapt/2024_Both02_Both05_O51_gill_S251_R2_trim.fastq /scratch4/workspace/jade_fiorilla_student_uml_edu-rawseqorcc/fastq/2024_Both02_Both05_O51_gill_S251_R1_001.fastq.gz /scratch4/workspace/jade_fiorilla_student_uml_edu-rawseqorcc/fastq/2024_Both02_Both05_O51_gill_S251_R2_001.fastq.gz
Processing paired-end reads on 4 cores ...

=== Summary ===

Total read pairs processed:            529,722
  Read 1 with adapter:                 490,953 (92.7%)
  Read 2 with adapter:                 510,162 (96.3%)
Pairs written (passing filters):       529,722 (100.0%)

Total basepairs processed:   318,892,644 bp
  Read 1:   159,446,322 bp
  Read 2:   159,446,322 bp
Total written (filtered):    296,389,474 bp (92.9%)
  Read 1:   148,667,221 bp
  Read 2:   147,722,253 bp

=== First read: Adapter 1 ===

Sequence: GTGYCAGCMGCCGCGGTAA; Type: regular 5'; Length: 19; Trimmed: 490953 times

Minimum overlap: 3
No. of allowed errors:
1-9 bp: 0; 10-19 bp: 1

Overview of removed sequences
length	count	expect	max.err	error counts
3	844	8276.9	0	844
4	1	2069.2	0	1
9	3	2.0	0	3
10	2	0.5	1	1 1
11	6	0.1	1	5 1
12	114	0.0	1	112 2
13	12	0.0	1	5 7
14	9	0.0	1	6 3
15	24	0.0	1	15 9
16	63	0.0	1	45 18
17	53	0.0	1	26 27
18	104	0.0	1	68 36
19	542	0.0	1	485 57
20	187	0.0	1	122 65
21	3247	0.0	1	1229 2018
22	483819	0.0	1	467684 16135
23	1903	0.0	1	360 1543
24	1	0.0	1	0 1
25	1	0.0	1	1
26	2	0.0	1	1 1
27	4	0.0	1	2 2
28	2	0.0	1	2
29	1	0.0	1	1
34	1	0.0	1	1
36	1	0.0	1	1
37	1	0.0	1	1
39	2	0.0	1	2
41	1	0.0	1	1
43	3	0.0	1	3


=== Second read: Adapter 2 ===

Sequence: GGACTACNVGGGTWTCTAAT; Type: regular 5'; Length: 20; Trimmed: 510162 times

Minimum overlap: 3
No. of allowed errors:
1-9 bp: 0; 10-19 bp: 1

Overview of removed sequences
length	count	expect	max.err	error counts
3	289	8276.9	0	289
5	2	517.3	0	2
8	1	8.1	0	1
9	1	2.0	0	1
10	5	0.5	1	3 2
11	8	0.1	1	5 3
12	4	0.0	1	2 2
13	6	0.0	1	2 4
14	10	0.0	1	3 7
15	12	0.0	1	3 9
16	12	0.0	1	5 7
17	4	0.0	1	2 2
18	17	0.0	1	7 10
19	48	0.0	1	27 21
20	262	0.0	1	242 20
21	78	0.0	1	49 29
22	3923	0.0	1	795 3128
23	503753	0.0	1	467315 36438
24	1703	0.0	1	480 1223
25	7	0.0	1	5 2
26	1	0.0	1	1
28	5	0.0	1	5
31	1	0.0	1	1
33	4	0.0	1	4
36	1	0.0	1	0 1
37	1	0.0	1	1
38	1	0.0	1	1
41	3	0.0	1	3
Running cutadapt on: 2024_Both02_Both05_O51_gut_S229
This is cutadapt 5.2 with Python 3.13.15
Command line parameters: -j 4 -g GTGYCAGCMGCCGCGGTAA -G GGACTACNVGGGTWTCTAAT -o /scratch4/workspace/jade_fiorilla_student_uml_edu-rawseqorcc/trimmed-cutadapt/2024_Both02_Both05_O51_gut_S229_R1_trim.fastq -p /scratch4/workspace/jade_fiorilla_student_uml_edu-rawseqorcc/trimmed-cutadapt/2024_Both02_Both05_O51_gut_S229_R2_trim.fastq /scratch4/workspace/jade_fiorilla_student_uml_edu-rawseqorcc/fastq/2024_Both02_Both05_O51_gut_S229_R1_001.fastq.gz /scratch4/workspace/jade_fiorilla_student_uml_edu-rawseqorcc/fastq/2024_Both02_Both05_O51_gut_S229_R2_001.fastq.gz
Processing paired-end reads on 4 cores ...

=== Summary ===

Total read pairs processed:            955,581
  Read 1 with adapter:                 896,032 (93.8%)
  Read 2 with adapter:                 860,329 (90.0%)
Pairs written (passing filters):       955,581 (100.0%)

Total basepairs processed:   575,259,762 bp
  Read 1:   287,629,881 bp
  Read 2:   287,629,881 bp
Total written (filtered):    539,271,113 bp (93.7%)
  Read 1:   269,707,900 bp
  Read 2:   269,563,213 bp

=== First read: Adapter 1 ===

Sequence: GTGYCAGCMGCCGCGGTAA; Type: regular 5'; Length: 19; Trimmed: 896032 times

Minimum overlap: 3
No. of allowed errors:
1-9 bp: 0; 10-19 bp: 1

Overview of removed sequences
length	count	expect	max.err	error counts
9	6	3.6	0	6
10	4	0.9	1	2 2
11	2	0.2	1	1 1
12	42	0.1	1	39 3
13	5	0.0	1	3 2
14	5	0.0	1	4 1
15	7	0.0	1	3 4
16	36	0.0	1	29 7
17	18	0.0	1	11 7
18	73	0.0	1	38 35
19	4019	0.0	1	1290 2729
20	886701	0.0	1	826272 60429
21	4470	0.0	1	2531 1939
22	580	0.0	1	520 60
23	9	0.0	1	4 5
24	10	0.0	1	10
25	6	0.0	1	6
26	2	0.0	1	2
27	2	0.0	1	2
28	1	0.0	1	1
29	5	0.0	1	1 4
30	1	0.0	1	1
31	2	0.0	1	2
32	4	0.0	1	4
33	3	0.0	1	3
34	7	0.0	1	4 3
35	4	0.0	1	4
36	1	0.0	1	0 1
37	2	0.0	1	2
40	2	0.0	1	2
48	2	0.0	1	2
55	1	0.0	1	1


=== Second read: Adapter 2 ===

Sequence: GGACTACNVGGGTWTCTAAT; Type: regular 5'; Length: 20; Trimmed: 860329 times

Minimum overlap: 3
No. of allowed errors:
1-9 bp: 0; 10-19 bp: 1

Overview of removed sequences
length	count	expect	max.err	error counts
3	8	14931.0	0	8
9	2	3.6	0	2
10	3	0.9	1	3
11	3	0.2	1	1 2
12	1	0.1	1	1
13	4	0.0	1	3 1
14	7	0.0	1	1 6
15	6	0.0	1	1 5
16	5	0.0	1	1 4
17	10	0.0	1	8 2
18	27	0.0	1	14 13
19	55	0.0	1	30 25
20	5552	0.0	1	585 4967
21	849379	0.0	1	784214 65165
22	4951	0.0	1	3149 1802
23	280	0.0	1	253 27
24	4	0.0	1	3 1
25	5	0.0	1	3 2
26	1	0.0	1	1
27	4	0.0	1	3 1
28	2	0.0	1	2
29	3	0.0	1	3
33	2	0.0	1	1 1
34	2	0.0	1	2
36	1	0.0	1	1
37	1	0.0	1	1
38	3	0.0	1	3
39	1	0.0	1	1
42	3	0.0	1	1 2
43	3	0.0	1	3
56	1	0.0	1	1
Running cutadapt on: 2024_Both02_Cont04_O40_gill_S247
This is cutadapt 5.2 with Python 3.13.15
Command line parameters: -j 4 -g GTGYCAGCMGCCGCGGTAA -G GGACTACNVGGGTWTCTAAT -o /scratch4/workspace/jade_fiorilla_student_uml_edu-rawseqorcc/trimmed-cutadapt/2024_Both02_Cont04_O40_gill_S247_R1_trim.fastq -p /scratch4/workspace/jade_fiorilla_student_uml_edu-rawseqorcc/trimmed-cutadapt/2024_Both02_Cont04_O40_gill_S247_R2_trim.fastq /scratch4/workspace/jade_fiorilla_student_uml_edu-rawseqorcc/fastq/2024_Both02_Cont04_O40_gill_S247_R1_001.fastq.gz /scratch4/workspace/jade_fiorilla_student_uml_edu-rawseqorcc/fastq/2024_Both02_Cont04_O40_gill_S247_R2_001.fastq.gz
Processing paired-end reads on 4 cores ...

=== Summary ===

Total read pairs processed:            594,090
  Read 1 with adapter:                 498,396 (83.9%)
  Read 2 with adapter:                 576,512 (97.0%)
Pairs written (passing filters):       594,090 (100.0%)

Total basepairs processed:   357,642,180 bp
  Read 1:   178,821,090 bp
  Read 2:   178,821,090 bp
Total written (filtered):    333,474,312 bp (93.2%)
  Read 1:   167,903,771 bp
  Read 2:   165,570,541 bp

=== First read: Adapter 1 ===

Sequence: GTGYCAGCMGCCGCGGTAA; Type: regular 5'; Length: 19; Trimmed: 498396 times

Minimum overlap: 3
No. of allowed errors:
1-9 bp: 0; 10-19 bp: 1

Overview of removed sequences
length	count	expect	max.err	error counts
3	2221	9282.7	0	2221
4	2	2320.7	0	2
9	7	2.3	0	7
11	3	0.1	1	1 2
12	88	0.0	1	84 4
13	17	0.0	1	13 4
14	9	0.0	1	6 3
15	15	0.0	1	12 3
16	48	0.0	1	37 11
17	23	0.0	1	13 10
18	99	0.0	1	53 46
19	336	0.0	1	291 45
20	533	0.0	1	385 148
21	2885	0.0	1	968 1917
22	490499	0.0	1	465196 25303
23	1565	0.0	1	377 1188
24	13	0.0	1	9 4
25	5	0.0	1	4 1
26	4	0.0	1	4
27	4	0.0	1	4
28	2	0.0	1	2
30	1	0.0	1	1
31	4	0.0	1	4
32	1	0.0	1	1
34	1	0.0	1	1
35	1	0.0	1	1
37	2	0.0	1	2
38	1	0.0	1	0 1
40	1	0.0	1	1
42	3	0.0	1	2 1
43	2	0.0	1	2
57	1	0.0	1	1


=== Second read: Adapter 2 ===

Sequence: GGACTACNVGGGTWTCTAAT; Type: regular 5'; Length: 20; Trimmed: 576512 times

Minimum overlap: 3
No. of allowed errors:
1-9 bp: 0; 10-19 bp: 1

Overview of removed sequences
length	count	expect	max.err	error counts
3	231	9282.7	0	231
5	1	580.2	0	1
7	1	36.3	0	1
11	4	0.1	1	2 2
13	7	0.0	1	4 3
14	8	0.0	1	8
15	8	0.0	1	3 5
16	18	0.0	1	7 11
17	14	0.0	1	11 3
18	23	0.0	1	22 1
19	43	0.0	1	28 15
20	166	0.0	1	147 19
21	290	0.0	1	237 53
22	5496	0.0	1	837 4659
23	567612	0.0	1	530131 37481
24	2562	0.0	1	509 2053
25	8	0.0	1	3 5
27	4	0.0	1	4
28	2	0.0	1	2
29	1	0.0	1	1
30	3	0.0	1	3
31	3	0.0	1	3
32	1	0.0	1	1
33	3	0.0	1	3
39	1	0.0	1	1
43	1	0.0	1	1
45	1	0.0	1	1
Running cutadapt on: 2024_Both02_Cont04_O40_gut_S45
This is cutadapt 5.2 with Python 3.13.15
Command line parameters: -j 4 -g GTGYCAGCMGCCGCGGTAA -G GGACTACNVGGGTWTCTAAT -o /scratch4/workspace/jade_fiorilla_student_uml_edu-rawseqorcc/trimmed-cutadapt/2024_Both02_Cont04_O40_gut_S45_R1_trim.fastq -p /scratch4/workspace/jade_fiorilla_student_uml_edu-rawseqorcc/trimmed-cutadapt/2024_Both02_Cont04_O40_gut_S45_R2_trim.fastq /scratch4/workspace/jade_fiorilla_student_uml_edu-rawseqorcc/fastq/2024_Both02_Cont04_O40_gut_S45_R1_001.fastq.gz /scratch4/workspace/jade_fiorilla_student_uml_edu-rawseqorcc/fastq/2024_Both02_Cont04_O40_gut_S45_R2_001.fastq.gz
Processing paired-end reads on 4 cores ...

=== Summary ===

Total read pairs processed:            785,726
  Read 1 with adapter:                 625,210 (79.6%)
  Read 2 with adapter:                 451,202 (57.4%)
Pairs written (passing filters):       785,726 (100.0%)

Total basepairs processed:   473,007,052 bp
  Read 1:   236,503,526 bp
  Read 2:   236,503,526 bp
Total written (filtered):    451,030,147 bp (95.4%)
  Read 1:   223,999,885 bp
  Read 2:   227,030,262 bp

=== First read: Adapter 1 ===

Sequence: GTGYCAGCMGCCGCGGTAA; Type: regular 5'; Length: 19; Trimmed: 625210 times

Minimum overlap: 3
No. of allowed errors:
1-9 bp: 0; 10-19 bp: 1

Overview of removed sequences
length	count	expect	max.err	error counts
3	2	12277.0	0	2
11	1	0.2	1	1
12	35	0.0	1	28 7
14	6	0.0	1	4 2
15	5	0.0	1	0 5
16	22	0.0	1	7 15
17	14	0.0	1	4 10
18	64	0.0	1	26 38
19	7748	0.0	1	3950 3798
20	611088	0.0	1	433644 177444
21	5081	0.0	1	2848 2233
22	1097	0.0	1	906 191
23	3	0.0	1	1 2
24	7	0.0	1	6 1
25	4	0.0	1	2 2
26	4	0.0	1	1 3
27	2	0.0	1	2
31	1	0.0	1	0 1
32	4	0.0	1	1 3
33	3	0.0	1	1 2
34	4	0.0	1	4
35	1	0.0	1	1
36	2	0.0	1	2
37	1	0.0	1	0 1
40	7	0.0	1	7
44	1	0.0	1	0 1
45	1	0.0	1	1
46	1	0.0	1	0 1
48	1	0.0	1	0 1


=== Second read: Adapter 2 ===

Sequence: GGACTACNVGGGTWTCTAAT; Type: regular 5'; Length: 20; Trimmed: 451202 times

Minimum overlap: 3
No. of allowed errors:
1-9 bp: 0; 10-19 bp: 1

Overview of removed sequences
length	count	expect	max.err	error counts
3	6	12277.0	0	6
10	6	0.7	1	5 1
12	1	0.0	1	1
13	2	0.0	1	2
14	8	0.0	1	0 8
15	3	0.0	1	0 3
16	5	0.0	1	0 5
17	3	0.0	1	1 2
18	14	0.0	1	7 7
19	63	0.0	1	20 43
20	6003	0.0	1	4120 1883
21	441088	0.0	1	434203 6885
22	3528	0.0	1	2515 1013
23	464	0.0	1	435 29
24	1	0.0	1	1
25	4	0.0	1	4
28	1	0.0	1	1
31	1	0.0	1	1
32	1	0.0	1	0 1
Running cutadapt on: 2024_Both02_Null_O12_gill_S236
This is cutadapt 5.2 with Python 3.13.15
Command line parameters: -j 4 -g GTGYCAGCMGCCGCGGTAA -G GGACTACNVGGGTWTCTAAT -o /scratch4/workspace/jade_fiorilla_student_uml_edu-rawseqorcc/trimmed-cutadapt/2024_Both02_Null_O12_gill_S236_R1_trim.fastq -p /scratch4/workspace/jade_fiorilla_student_uml_edu-rawseqorcc/trimmed-cutadapt/2024_Both02_Null_O12_gill_S236_R2_trim.fastq /scratch4/workspace/jade_fiorilla_student_uml_edu-rawseqorcc/fastq/2024_Both02_Null_O12_gill_S236_R1_001.fastq.gz /scratch4/workspace/jade_fiorilla_student_uml_edu-rawseqorcc/fastq/2024_Both02_Null_O12_gill_S236_R2_001.fastq.gz
Processing paired-end reads on 4 cores ...

=== Summary ===

Total read pairs processed:          1,999,442
  Read 1 with adapter:               1,987,566 (99.4%)
  Read 2 with adapter:               1,974,184 (98.7%)
Pairs written (passing filters):     1,999,442 (100.0%)

Total basepairs processed: 1,203,664,084 bp
  Read 1:   601,832,042 bp
  Read 2:   601,832,042 bp
Total written (filtered):  1,126,418,607 bp (93.6%)
  Read 1:   564,068,121 bp
  Read 2:   562,350,486 bp

=== First read: Adapter 1 ===

Sequence: GTGYCAGCMGCCGCGGTAA; Type: regular 5'; Length: 19; Trimmed: 1987566 times

Minimum overlap: 3
No. of allowed errors:
1-9 bp: 0; 10-19 bp: 1

Overview of removed sequences
length	count	expect	max.err	error counts
8	2	30.5	0	2
9	3	7.6	0	3
12	67	0.1	1	64 3
13	10	0.0	1	9 1
14	18	0.0	1	2 16
15	19	0.0	1	10 9
16	54	0.0	1	34 20
17	111	0.0	1	74 37
18	4686	0.0	1	768 3918
19	1978244	0.0	1	1935653 42591
20	3747	0.0	1	876 2871
21	173	0.0	1	157 16
22	371	0.0	1	322 49
23	3	0.0	1	1 2
24	9	0.0	1	8 1
25	2	0.0	1	2
26	4	0.0	1	3 1
27	2	0.0	1	1 1
28	2	0.0	1	2
29	3	0.0	1	3
30	3	0.0	1	2 1
31	2	0.0	1	2
32	3	0.0	1	3
33	5	0.0	1	4 1
34	3	0.0	1	3
35	5	0.0	1	5
36	1	0.0	1	1
37	1	0.0	1	1
38	1	0.0	1	0 1
39	8	0.0	1	8
43	2	0.0	1	2
50	1	0.0	1	1
52	1	0.0	1	1


=== Second read: Adapter 2 ===

Sequence: GGACTACNVGGGTWTCTAAT; Type: regular 5'; Length: 20; Trimmed: 1974184 times

Minimum overlap: 3
No. of allowed errors:
1-9 bp: 0; 10-19 bp: 1

Overview of removed sequences
length	count	expect	max.err	error counts
3	2	31241.3	0	2
10	4	1.9	1	3 1
11	3	0.5	1	2 1
12	8	0.1	1	7 1
13	6	0.0	1	4 2
14	14	0.0	1	2 12
15	8	0.0	1	5 3
16	11	0.0	1	5 6
17	33	0.0	1	24 9
18	90	0.0	1	57 33
19	7783	0.0	1	1002 6781
20	1961190	0.0	1	1914634 46556
21	4693	0.0	1	1286 3407
22	83	0.0	1	72 11
23	180	0.0	1	171 9
24	4	0.0	1	4
25	4	0.0	1	4
26	8	0.0	1	8
27	3	0.0	1	3
28	9	0.0	1	8 1
29	3	0.0	1	3
30	1	0.0	1	1
31	6	0.0	1	6
32	3	0.0	1	3
33	1	0.0	1	1
34	6	0.0	1	6
35	7	0.0	1	7
36	8	0.0	1	6 2
37	1	0.0	1	1
38	1	0.0	1	1
39	3	0.0	1	3
40	3	0.0	1	3
42	1	0.0	1	1
43	2	0.0	1	2
44	2	0.0	1	2
Running cutadapt on: 2024_Both02_Null_O12_gut_S71
This is cutadapt 5.2 with Python 3.13.15
Command line parameters: -j 4 -g GTGYCAGCMGCCGCGGTAA -G GGACTACNVGGGTWTCTAAT -o /scratch4/workspace/jade_fiorilla_student_uml_edu-rawseqorcc/trimmed-cutadapt/2024_Both02_Null_O12_gut_S71_R1_trim.fastq -p /scratch4/workspace/jade_fiorilla_student_uml_edu-rawseqorcc/trimmed-cutadapt/2024_Both02_Null_O12_gut_S71_R2_trim.fastq /scratch4/workspace/jade_fiorilla_student_uml_edu-rawseqorcc/fastq/2024_Both02_Null_O12_gut_S71_R1_001.fastq.gz /scratch4/workspace/jade_fiorilla_student_uml_edu-rawseqorcc/fastq/2024_Both02_Null_O12_gut_S71_R2_001.fastq.gz
Processing paired-end reads on 4 cores ...

=== Summary ===

Total read pairs processed:            734,535
  Read 1 with adapter:                 594,210 (80.9%)
  Read 2 with adapter:                 461,547 (62.8%)
Pairs written (passing filters):       734,535 (100.0%)

Total basepairs processed:   442,190,070 bp
  Read 1:   221,095,035 bp
  Read 2:   221,095,035 bp
Total written (filtered):    420,606,215 bp (95.1%)
  Read 1:   209,206,676 bp
  Read 2:   211,399,539 bp

=== First read: Adapter 1 ===

Sequence: GTGYCAGCMGCCGCGGTAA; Type: regular 5'; Length: 19; Trimmed: 594210 times

Minimum overlap: 3
No. of allowed errors:
1-9 bp: 0; 10-19 bp: 1

Overview of removed sequences
length	count	expect	max.err	error counts
3	4	11477.1	0	4
9	4	2.8	0	4
10	3	0.7	1	2 1
11	1	0.2	1	0 1
12	28	0.0	1	23 5
13	4	0.0	1	2 2
14	4	0.0	1	2 2
15	6	0.0	1	3 3
16	18	0.0	1	15 3
17	11	0.0	1	4 7
18	64	0.0	1	24 40
19	4329	0.0	1	1128 3201
20	583707	0.0	1	426831 156876
21	3399	0.0	1	1824 1575
22	2566	0.0	1	2255 311
23	10	0.0	1	5 5
24	1	0.0	1	1
25	3	0.0	1	2 1
26	6	0.0	1	3 3
27	7	0.0	1	6 1
28	2	0.0	1	1 1
29	3	0.0	1	2 1
30	3	0.0	1	3
32	3	0.0	1	0 3
33	3	0.0	1	2 1
34	6	0.0	1	2 4
35	1	0.0	1	0 1
36	3	0.0	1	1 2
37	2	0.0	1	1 1
38	2	0.0	1	2
39	3	0.0	1	3
40	1	0.0	1	0 1
41	1	0.0	1	0 1
43	1	0.0	1	0 1
47	1	0.0	1	0 1


=== Second read: Adapter 2 ===

Sequence: GGACTACNVGGGTWTCTAAT; Type: regular 5'; Length: 20; Trimmed: 461547 times

Minimum overlap: 3
No. of allowed errors:
1-9 bp: 0; 10-19 bp: 1

Overview of removed sequences
length	count	expect	max.err	error counts
3	7	11477.1	0	7
9	1	2.8	0	1
12	3	0.0	1	0 3
13	2	0.0	1	2
14	3	0.0	1	0 3
15	4	0.0	1	2 2
16	3	0.0	1	1 2
17	12	0.0	1	3 9
18	10	0.0	1	7 3
19	33	0.0	1	20 13
20	2296	0.0	1	638 1658
21	455383	0.0	1	394893 60490
22	1970	0.0	1	1099 871
23	1802	0.0	1	1735 67
24	6	0.0	1	2 4
25	3	0.0	1	1 2
26	2	0.0	1	2
27	1	0.0	1	1
29	3	0.0	1	2 1
31	1	0.0	1	1
32	1	0.0	1	1
46	1	0.0	1	1
Running cutadapt on: 2024_Both03_Both04_O41_gill_S165
This is cutadapt 5.2 with Python 3.13.15
Command line parameters: -j 4 -g GTGYCAGCMGCCGCGGTAA -G GGACTACNVGGGTWTCTAAT -o /scratch4/workspace/jade_fiorilla_student_uml_edu-rawseqorcc/trimmed-cutadapt/2024_Both03_Both04_O41_gill_S165_R1_trim.fastq -p /scratch4/workspace/jade_fiorilla_student_uml_edu-rawseqorcc/trimmed-cutadapt/2024_Both03_Both04_O41_gill_S165_R2_trim.fastq /scratch4/workspace/jade_fiorilla_student_uml_edu-rawseqorcc/fastq/2024_Both03_Both04_O41_gill_S165_R1_001.fastq.gz /scratch4/workspace/jade_fiorilla_student_uml_edu-rawseqorcc/fastq/2024_Both03_Both04_O41_gill_S165_R2_001.fastq.gz
Processing paired-end reads on 4 cores ...

=== Summary ===

Total read pairs processed:          1,081,260
  Read 1 with adapter:                 775,486 (71.7%)
  Read 2 with adapter:                 730,079 (67.5%)
Pairs written (passing filters):     1,081,260 (100.0%)

Total basepairs processed:   650,918,520 bp
  Read 1:   325,459,260 bp
  Read 2:   325,459,260 bp
Total written (filtered):    620,073,109 bp (95.3%)
  Read 1:   309,948,483 bp
  Read 2:   310,124,626 bp

=== First read: Adapter 1 ===

Sequence: GTGYCAGCMGCCGCGGTAA; Type: regular 5'; Length: 19; Trimmed: 775486 times

Minimum overlap: 3
No. of allowed errors:
1-9 bp: 0; 10-19 bp: 1

Overview of removed sequences
length	count	expect	max.err	error counts
3	6	16894.7	0	6
9	3	4.1	0	3
11	7	0.3	1	5 2
12	37	0.1	1	26 11
13	5	0.0	1	5
14	10	0.0	1	4 6
15	14	0.0	1	7 7
16	38	0.0	1	26 12
17	19	0.0	1	10 9
18	88	0.0	1	41 47
19	7536	0.0	1	4443 3093
20	759520	0.0	1	579708 179812
21	7339	0.0	1	5533 1806
22	804	0.0	1	705 99
23	5	0.0	1	3 2
24	5	0.0	1	5
25	5	0.0	1	4 1
26	8	0.0	1	5 3
27	1	0.0	1	0 1
28	7	0.0	1	4 3
29	2	0.0	1	2
30	2	0.0	1	2
32	1	0.0	1	0 1
33	4	0.0	1	1 3
34	1	0.0	1	1
35	1	0.0	1	0 1
36	3	0.0	1	3
38	4	0.0	1	4
39	1	0.0	1	1
40	1	0.0	1	0 1
41	1	0.0	1	1
42	2	0.0	1	1 1
43	2	0.0	1	1 1
45	1	0.0	1	1
50	2	0.0	1	0 2
53	1	0.0	1	0 1


=== Second read: Adapter 2 ===

Sequence: GGACTACNVGGGTWTCTAAT; Type: regular 5'; Length: 20; Trimmed: 730079 times

Minimum overlap: 3
No. of allowed errors:
1-9 bp: 0; 10-19 bp: 1

Overview of removed sequences
length	count	expect	max.err	error counts
5	1	1055.9	0	1
11	5	0.3	1	1 4
12	1	0.1	1	1
13	5	0.0	1	3 2
14	1	0.0	1	0 1
15	8	0.0	1	1 7
16	3	0.0	1	0 3
17	18	0.0	1	8 10
18	15	0.0	1	12 3
19	54	0.0	1	27 27
20	6782	0.0	1	3011 3771
21	713742	0.0	1	689073 24669
22	8894	0.0	1	4488 4406
23	524	0.0	1	484 40
24	3	0.0	1	1 2
25	5	0.0	1	5
26	2	0.0	1	2
27	1	0.0	1	1
28	5	0.0	1	3 2
29	2	0.0	1	2
31	1	0.0	1	0 1
32	1	0.0	1	1
36	1	0.0	1	1
37	2	0.0	1	2
38	1	0.0	1	0 1
41	1	0.0	1	1
45	1	0.0	1	1
Running cutadapt on: 2024_Both03_Both04_O41_gut_S166
This is cutadapt 5.2 with Python 3.13.15
Command line parameters: -j 4 -g GTGYCAGCMGCCGCGGTAA -G GGACTACNVGGGTWTCTAAT -o /scratch4/workspace/jade_fiorilla_student_uml_edu-rawseqorcc/trimmed-cutadapt/2024_Both03_Both04_O41_gut_S166_R1_trim.fastq -p /scratch4/workspace/jade_fiorilla_student_uml_edu-rawseqorcc/trimmed-cutadapt/2024_Both03_Both04_O41_gut_S166_R2_trim.fastq /scratch4/workspace/jade_fiorilla_student_uml_edu-rawseqorcc/fastq/2024_Both03_Both04_O41_gut_S166_R1_001.fastq.gz /scratch4/workspace/jade_fiorilla_student_uml_edu-rawseqorcc/fastq/2024_Both03_Both04_O41_gut_S166_R2_001.fastq.gz
Processing paired-end reads on 4 cores ...

=== Summary ===

Total read pairs processed:          1,358,734
  Read 1 with adapter:               1,014,222 (74.6%)
  Read 2 with adapter:                 851,432 (62.7%)
Pairs written (passing filters):     1,358,734 (100.0%)

Total basepairs processed:   817,957,868 bp
  Read 1:   408,978,934 bp
  Read 2:   408,978,934 bp
Total written (filtered):    779,793,637 bp (95.3%)
  Read 1:   388,694,766 bp
  Read 2:   391,098,871 bp

=== First read: Adapter 1 ===

Sequence: GTGYCAGCMGCCGCGGTAA; Type: regular 5'; Length: 19; Trimmed: 1014222 times

Minimum overlap: 3
No. of allowed errors:
1-9 bp: 0; 10-19 bp: 1

Overview of removed sequences
length	count	expect	max.err	error counts
3	39	21230.2	0	39
8	1	20.7	0	1
9	6	5.2	0	6
10	1	1.3	1	0 1
12	54	0.1	1	35 19
13	3	0.0	1	3
14	8	0.0	1	5 3
15	13	0.0	1	7 6
16	32	0.0	1	25 7
17	22	0.0	1	10 12
18	115	0.0	1	39 76
19	9193	0.0	1	5495 3698
20	996579	0.0	1	748308 248271
21	6506	0.0	1	4225 2281
22	1571	0.0	1	913 658
23	7	0.0	1	5 2
24	6	0.0	1	4 2
25	6	0.0	1	4 2
26	8	0.0	1	7 1
28	7	0.0	1	7
29	3	0.0	1	3
30	1	0.0	1	0 1
31	2	0.0	1	1 1
32	3	0.0	1	1 2
33	1	0.0	1	0 1
34	7	0.0	1	4 3
35	2	0.0	1	0 2
36	4	0.0	1	3 1
37	2	0.0	1	1 1
39	1	0.0	1	1
40	4	0.0	1	1 3
43	4	0.0	1	4
44	1	0.0	1	1
45	4	0.0	1	4
47	1	0.0	1	1
48	2	0.0	1	2
52	2	0.0	1	1 1
59	1	0.0	1	0 1


=== Second read: Adapter 2 ===

Sequence: GGACTACNVGGGTWTCTAAT; Type: regular 5'; Length: 20; Trimmed: 851432 times

Minimum overlap: 3
No. of allowed errors:
1-9 bp: 0; 10-19 bp: 1

Overview of removed sequences
length	count	expect	max.err	error counts
3	37	21230.2	0	37
9	1	5.2	0	1
11	1	0.3	1	0 1
12	2	0.1	1	2
13	8	0.0	1	6 2
14	18	0.0	1	5 13
15	13	0.0	1	5 8
16	5	0.0	1	4 1
17	17	0.0	1	12 5
18	18	0.0	1	14 4
19	63	0.0	1	30 33
20	7513	0.0	1	3588 3925
21	835727	0.0	1	812974 22753
22	7534	0.0	1	3781 3753
23	446	0.0	1	405 41
24	3	0.0	1	2 1
25	3	0.0	1	3
26	3	0.0	1	3
27	2	0.0	1	2
28	1	0.0	1	1
29	2	0.0	1	2
30	1	0.0	1	1
31	3	0.0	1	3
33	1	0.0	1	0 1
35	2	0.0	1	2
36	1	0.0	1	1
40	5	0.0	1	5
50	1	0.0	1	1
57	1	0.0	1	1
Running cutadapt on: 2024_Both03_Cont03_O30_gill_S138
This is cutadapt 5.2 with Python 3.13.15
Command line parameters: -j 4 -g GTGYCAGCMGCCGCGGTAA -G GGACTACNVGGGTWTCTAAT -o /scratch4/workspace/jade_fiorilla_student_uml_edu-rawseqorcc/trimmed-cutadapt/2024_Both03_Cont03_O30_gill_S138_R1_trim.fastq -p /scratch4/workspace/jade_fiorilla_student_uml_edu-rawseqorcc/trimmed-cutadapt/2024_Both03_Cont03_O30_gill_S138_R2_trim.fastq /scratch4/workspace/jade_fiorilla_student_uml_edu-rawseqorcc/fastq/2024_Both03_Cont03_O30_gill_S138_R1_001.fastq.gz /scratch4/workspace/jade_fiorilla_student_uml_edu-rawseqorcc/fastq/2024_Both03_Cont03_O30_gill_S138_R2_001.fastq.gz
Processing paired-end reads on 4 cores ...

=== Summary ===

Total read pairs processed:          1,527,114
  Read 1 with adapter:               1,235,029 (80.9%)
  Read 2 with adapter:               1,022,821 (67.0%)
Pairs written (passing filters):     1,527,114 (100.0%)

Total basepairs processed:   919,322,628 bp
  Read 1:   459,661,314 bp
  Read 2:   459,661,314 bp
Total written (filtered):    873,138,959 bp (95.0%)
  Read 1:   434,958,076 bp
  Read 2:   438,180,883 bp

=== First read: Adapter 1 ===

Sequence: GTGYCAGCMGCCGCGGTAA; Type: regular 5'; Length: 19; Trimmed: 1235029 times

Minimum overlap: 3
No. of allowed errors:
1-9 bp: 0; 10-19 bp: 1

Overview of removed sequences
length	count	expect	max.err	error counts
3	25	23861.2	0	25
8	1	23.3	0	1
9	1	5.8	0	1
10	2	1.5	1	2
11	1	0.4	1	0 1
12	83	0.1	1	61 22
13	13	0.0	1	10 3
14	4	0.0	1	1 3
15	16	0.0	1	14 2
16	43	0.0	1	34 9
17	26	0.0	1	13 13
18	132	0.0	1	65 67
19	9027	0.0	1	5372 3655
20	1215835	0.0	1	949086 266749
21	7215	0.0	1	4704 2511
22	2511	0.0	1	1825 686
23	12	0.0	1	8 4
24	5	0.0	1	5
25	1	0.0	1	1
26	4	0.0	1	4
27	3	0.0	1	2 1
28	5	0.0	1	4 1
29	3	0.0	1	3
30	1	0.0	1	1
31	7	0.0	1	5 2
32	5	0.0	1	4 1
33	5	0.0	1	3 2
34	4	0.0	1	0 4
35	3	0.0	1	3
36	2	0.0	1	2
37	5	0.0	1	5
38	1	0.0	1	0 1
39	4	0.0	1	3 1
40	3	0.0	1	3
41	5	0.0	1	5
42	1	0.0	1	0 1
43	4	0.0	1	1 3
44	3	0.0	1	3
45	1	0.0	1	1
48	1	0.0	1	1
52	4	0.0	1	2 2
54	1	0.0	1	0 1
55	1	0.0	1	1


=== Second read: Adapter 2 ===

Sequence: GGACTACNVGGGTWTCTAAT; Type: regular 5'; Length: 20; Trimmed: 1022821 times

Minimum overlap: 3
No. of allowed errors:
1-9 bp: 0; 10-19 bp: 1

Overview of removed sequences
length	count	expect	max.err	error counts
3	31	23861.2	0	31
9	2	5.8	0	2
12	8	0.1	1	6 2
13	3	0.0	1	2 1
14	6	0.0	1	4 2
15	7	0.0	1	2 5
16	5	0.0	1	3 2
17	21	0.0	1	14 7
18	26	0.0	1	17 9
19	72	0.0	1	36 36
20	8836	0.0	1	3763 5073
21	1005839	0.0	1	949201 56638
22	5283	0.0	1	2976 2307
23	2613	0.0	1	2434 179
24	19	0.0	1	8 11
25	5	0.0	1	5
27	8	0.0	1	7 1
28	2	0.0	1	2
29	1	0.0	1	1
30	7	0.0	1	7
31	3	0.0	1	3
32	3	0.0	1	3
33	4	0.0	1	4
34	5	0.0	1	5
35	2	0.0	1	2
36	1	0.0	1	1
38	1	0.0	1	0 1
39	3	0.0	1	3
42	1	0.0	1	1
43	3	0.0	1	3
44	1	0.0	1	1
Running cutadapt on: 2024_Both03_Cont03_O30_gut_S34
This is cutadapt 5.2 with Python 3.13.15
Command line parameters: -j 4 -g GTGYCAGCMGCCGCGGTAA -G GGACTACNVGGGTWTCTAAT -o /scratch4/workspace/jade_fiorilla_student_uml_edu-rawseqorcc/trimmed-cutadapt/2024_Both03_Cont03_O30_gut_S34_R1_trim.fastq -p /scratch4/workspace/jade_fiorilla_student_uml_edu-rawseqorcc/trimmed-cutadapt/2024_Both03_Cont03_O30_gut_S34_R2_trim.fastq /scratch4/workspace/jade_fiorilla_student_uml_edu-rawseqorcc/fastq/2024_Both03_Cont03_O30_gut_S34_R1_001.fastq.gz /scratch4/workspace/jade_fiorilla_student_uml_edu-rawseqorcc/fastq/2024_Both03_Cont03_O30_gut_S34_R2_001.fastq.gz
Processing paired-end reads on 4 cores ...

=== Summary ===

Total read pairs processed:          1,285,203
  Read 1 with adapter:                 979,318 (76.2%)
  Read 2 with adapter:                 394,188 (30.7%)
Pairs written (passing filters):     1,285,203 (100.0%)

Total basepairs processed:   773,692,206 bp
  Read 1:   386,846,103 bp
  Read 2:   386,846,103 bp
Total written (filtered):    747,183,678 bp (96.6%)
  Read 1:   368,226,029 bp
  Read 2:   378,957,649 bp

=== First read: Adapter 1 ===

Sequence: GTGYCAGCMGCCGCGGTAA; Type: regular 5'; Length: 19; Trimmed: 979318 times

Minimum overlap: 3
No. of allowed errors:
1-9 bp: 0; 10-19 bp: 1

Overview of removed sequences
length	count	expect	max.err	error counts
3	2	20081.3	0	2
9	3	4.9	0	3
10	2	1.2	1	1 1
11	5	0.3	1	1 4
12	68	0.1	1	30 38
13	6	0.0	1	1 5
14	2	0.0	1	1 1
15	8	0.0	1	3 5
16	31	0.0	1	10 21
17	83	0.0	1	26 57
18	1552	0.0	1	239 1313
19	968872	0.0	1	382048 586824
20	3961	0.0	1	2294 1667
21	3888	0.0	1	2212 1676
22	744	0.0	1	543 201
23	5	0.0	1	2 3
24	1	0.0	1	0 1
26	4	0.0	1	0 4
27	5	0.0	1	0 5
28	1	0.0	1	0 1
29	5	0.0	1	1 4
31	3	0.0	1	0 3
32	4	0.0	1	3 1
33	8	0.0	1	2 6
35	4	0.0	1	1 3
36	4	0.0	1	1 3
37	4	0.0	1	1 3
38	1	0.0	1	0 1
39	22	0.0	1	0 22
40	2	0.0	1	0 2
42	9	0.0	1	0 9
46	2	0.0	1	0 2
48	1	0.0	1	0 1
50	2	0.0	1	0 2
51	2	0.0	1	0 2
53	1	0.0	1	0 1
60	1	0.0	1	0 1


=== Second read: Adapter 2 ===

Sequence: GGACTACNVGGGTWTCTAAT; Type: regular 5'; Length: 20; Trimmed: 394188 times

Minimum overlap: 3
No. of allowed errors:
1-9 bp: 0; 10-19 bp: 1

Overview of removed sequences
length	count	expect	max.err	error counts
3	2	20081.3	0	2
12	1	0.1	1	1
13	3	0.0	1	3
14	3	0.0	1	0 3
16	7	0.0	1	1 6
17	1	0.0	1	1
18	11	0.0	1	7 4
19	1888	0.0	1	290 1598
20	387561	0.0	1	372728 14833
21	3078	0.0	1	2203 875
22	1324	0.0	1	1243 81
23	299	0.0	1	245 54
26	2	0.0	1	2
28	1	0.0	1	1
29	5	0.0	1	3 2
31	1	0.0	1	1
37	1	0.0	1	1
Running cutadapt on: 2024_Both03_Cont06_O66_gill_S230
This is cutadapt 5.2 with Python 3.13.15
Command line parameters: -j 4 -g GTGYCAGCMGCCGCGGTAA -G GGACTACNVGGGTWTCTAAT -o /scratch4/workspace/jade_fiorilla_student_uml_edu-rawseqorcc/trimmed-cutadapt/2024_Both03_Cont06_O66_gill_S230_R1_trim.fastq -p /scratch4/workspace/jade_fiorilla_student_uml_edu-rawseqorcc/trimmed-cutadapt/2024_Both03_Cont06_O66_gill_S230_R2_trim.fastq /scratch4/workspace/jade_fiorilla_student_uml_edu-rawseqorcc/fastq/2024_Both03_Cont06_O66_gill_S230_R1_001.fastq.gz /scratch4/workspace/jade_fiorilla_student_uml_edu-rawseqorcc/fastq/2024_Both03_Cont06_O66_gill_S230_R2_001.fastq.gz
Processing paired-end reads on 4 cores ...

=== Summary ===

Total read pairs processed:            917,781
  Read 1 with adapter:                 726,050 (79.1%)
  Read 2 with adapter:                 663,361 (72.3%)
Pairs written (passing filters):       917,781 (100.0%)

Total basepairs processed:   552,504,162 bp
  Read 1:   276,252,081 bp
  Read 2:   276,252,081 bp
Total written (filtered):    524,051,275 bp (94.9%)
  Read 1:   261,729,811 bp
  Read 2:   262,321,464 bp

=== First read: Adapter 1 ===

Sequence: GTGYCAGCMGCCGCGGTAA; Type: regular 5'; Length: 19; Trimmed: 726050 times

Minimum overlap: 3
No. of allowed errors:
1-9 bp: 0; 10-19 bp: 1

Overview of removed sequences
length	count	expect	max.err	error counts
4	2	3585.1	0	2
10	2	0.9	1	0 2
11	1	0.2	1	1
12	43	0.1	1	33 10
13	8	0.0	1	7 1
14	2	0.0	1	2
15	4	0.0	1	0 4
16	17	0.0	1	14 3
17	16	0.0	1	5 11
18	66	0.0	1	42 24
19	2677	0.0	1	539 2138
20	719455	0.0	1	575681 143774
21	3275	0.0	1	1803 1472
22	441	0.0	1	359 82
23	5	0.0	1	2 3
24	4	0.0	1	4
26	4	0.0	1	2 2
27	1	0.0	1	1
28	1	0.0	1	1
30	3	0.0	1	3
32	1	0.0	1	1
33	1	0.0	1	1
34	2	0.0	1	0 2
35	6	0.0	1	5 1
36	2	0.0	1	0 2
39	2	0.0	1	2
40	4	0.0	1	4
42	2	0.0	1	2
44	1	0.0	1	1
49	1	0.0	1	1
61	1	0.0	1	0 1


=== Second read: Adapter 2 ===

Sequence: GGACTACNVGGGTWTCTAAT; Type: regular 5'; Length: 20; Trimmed: 663361 times

Minimum overlap: 3
No. of allowed errors:
1-9 bp: 0; 10-19 bp: 1

Overview of removed sequences
length	count	expect	max.err	error counts
3	3	14340.3	0	3
10	5	0.9	1	5
14	3	0.0	1	2 1
15	5	0.0	1	2 3
16	3	0.0	1	1 2
17	20	0.0	1	15 5
18	21	0.0	1	13 8
19	33	0.0	1	16 17
20	3820	0.0	1	358 3462
21	655698	0.0	1	593160 62538
22	3509	0.0	1	2163 1346
23	214	0.0	1	189 25
24	6	0.0	1	6
25	1	0.0	1	1
26	1	0.0	1	1
27	5	0.0	1	1 4
28	1	0.0	1	1
30	2	0.0	1	2
32	1	0.0	1	1
33	2	0.0	1	2
37	1	0.0	1	1
40	1	0.0	1	1
42	1	0.0	1	1
44	1	0.0	1	1
47	1	0.0	1	1
48	3	0.0	1	3
Running cutadapt on: 2024_Both03_Cont06_O66_gut_S54
This is cutadapt 5.2 with Python 3.13.15
Command line parameters: -j 4 -g GTGYCAGCMGCCGCGGTAA -G GGACTACNVGGGTWTCTAAT -o /scratch4/workspace/jade_fiorilla_student_uml_edu-rawseqorcc/trimmed-cutadapt/2024_Both03_Cont06_O66_gut_S54_R1_trim.fastq -p /scratch4/workspace/jade_fiorilla_student_uml_edu-rawseqorcc/trimmed-cutadapt/2024_Both03_Cont06_O66_gut_S54_R2_trim.fastq /scratch4/workspace/jade_fiorilla_student_uml_edu-rawseqorcc/fastq/2024_Both03_Cont06_O66_gut_S54_R1_001.fastq.gz /scratch4/workspace/jade_fiorilla_student_uml_edu-rawseqorcc/fastq/2024_Both03_Cont06_O66_gut_S54_R2_001.fastq.gz
Processing paired-end reads on 4 cores ...

=== Summary ===

Total read pairs processed:            611,275
  Read 1 with adapter:                 440,648 (72.1%)
  Read 2 with adapter:                 185,774 (30.4%)
Pairs written (passing filters):       611,275 (100.0%)

Total basepairs processed:   367,987,550 bp
  Read 1:   183,993,775 bp
  Read 2:   183,993,775 bp
Total written (filtered):    355,879,772 bp (96.7%)
  Read 1:   175,607,769 bp
  Read 2:   180,272,003 bp

=== First read: Adapter 1 ===

Sequence: GTGYCAGCMGCCGCGGTAA; Type: regular 5'; Length: 19; Trimmed: 440648 times

Minimum overlap: 3
No. of allowed errors:
1-9 bp: 0; 10-19 bp: 1

Overview of removed sequences
length	count	expect	max.err	error counts
3	4	9551.2	0	4
11	2	0.1	1	1 1
12	36	0.0	1	11 25
13	5	0.0	1	1 4
14	3	0.0	1	0 3
15	8	0.0	1	3 5
16	13	0.0	1	4 9
17	37	0.0	1	13 24
18	676	0.0	1	114 562
19	431910	0.0	1	179253 252657
20	3480	0.0	1	1765 1715
21	2421	0.0	1	1433 988
22	2008	0.0	1	1511 497
23	11	0.0	1	4 7
24	3	0.0	1	0 3
25	2	0.0	1	1 1
26	1	0.0	1	0 1
28	3	0.0	1	0 3
29	4	0.0	1	1 3
31	2	0.0	1	1 1
33	2	0.0	1	0 2
34	3	0.0	1	0 3
35	1	0.0	1	1
36	1	0.0	1	0 1
39	1	0.0	1	0 1
40	5	0.0	1	0 5
41	1	0.0	1	0 1
42	1	0.0	1	0 1
43	1	0.0	1	0 1
44	2	0.0	1	0 2
46	1	0.0	1	1


=== Second read: Adapter 2 ===

Sequence: GGACTACNVGGGTWTCTAAT; Type: regular 5'; Length: 20; Trimmed: 185774 times

Minimum overlap: 3
No. of allowed errors:
1-9 bp: 0; 10-19 bp: 1

Overview of removed sequences
length	count	expect	max.err	error counts
3	8	9551.2	0	8
10	2	0.6	1	1 1
13	4	0.0	1	3 1
14	1	0.0	1	0 1
15	2	0.0	1	2
16	7	0.0	1	5 2
17	4	0.0	1	3 1
18	14	0.0	1	11 3
19	833	0.0	1	123 710
20	181229	0.0	1	177267 3962
21	1448	0.0	1	1024 424
22	764	0.0	1	718 46
23	1449	0.0	1	1376 73
24	4	0.0	1	0 4
25	2	0.0	1	2
29	2	0.0	1	2
46	1	0.0	1	1
Running cutadapt on: 2024_Both03_Hyp04_O41_gill_S220
This is cutadapt 5.2 with Python 3.13.15
Command line parameters: -j 4 -g GTGYCAGCMGCCGCGGTAA -G GGACTACNVGGGTWTCTAAT -o /scratch4/workspace/jade_fiorilla_student_uml_edu-rawseqorcc/trimmed-cutadapt/2024_Both03_Hyp04_O41_gill_S220_R1_trim.fastq -p /scratch4/workspace/jade_fiorilla_student_uml_edu-rawseqorcc/trimmed-cutadapt/2024_Both03_Hyp04_O41_gill_S220_R2_trim.fastq /scratch4/workspace/jade_fiorilla_student_uml_edu-rawseqorcc/fastq/2024_Both03_Hyp04_O41_gill_S220_R1_001.fastq.gz /scratch4/workspace/jade_fiorilla_student_uml_edu-rawseqorcc/fastq/2024_Both03_Hyp04_O41_gill_S220_R2_001.fastq.gz
Processing paired-end reads on 4 cores ...

=== Summary ===

Total read pairs processed:            847,972
  Read 1 with adapter:                 801,769 (94.6%)
  Read 2 with adapter:                 796,962 (94.0%)
Pairs written (passing filters):       847,972 (100.0%)

Total basepairs processed:   510,479,144 bp
  Read 1:   255,239,572 bp
  Read 2:   255,239,572 bp
Total written (filtered):    476,118,590 bp (93.3%)
  Read 1:   238,406,528 bp
  Read 2:   237,712,062 bp

=== First read: Adapter 1 ===

Sequence: GTGYCAGCMGCCGCGGTAA; Type: regular 5'; Length: 19; Trimmed: 801769 times

Minimum overlap: 3
No. of allowed errors:
1-9 bp: 0; 10-19 bp: 1

Overview of removed sequences
length	count	expect	max.err	error counts
3	19	13249.6	0	19
9	3	3.2	0	3
11	1	0.2	1	1
12	29	0.1	1	28 1
13	7	0.0	1	5 2
14	6	0.0	1	4 2
15	13	0.0	1	5 8
16	13	0.0	1	12 1
17	11	0.0	1	7 4
18	29	0.0	1	20 9
19	666	0.0	1	578 88
20	4327	0.0	1	2173 2154
21	794388	0.0	1	756306 38082
22	2203	0.0	1	956 1247
23	9	0.0	1	6 3
24	5	0.0	1	5
25	10	0.0	1	10
26	4	0.0	1	3 1
27	6	0.0	1	6
28	2	0.0	1	2
30	6	0.0	1	5 1
31	2	0.0	1	2
35	6	0.0	1	6
36	2	0.0	1	2
38	1	0.0	1	1
45	1	0.0	1	1


=== Second read: Adapter 2 ===

Sequence: GGACTACNVGGGTWTCTAAT; Type: regular 5'; Length: 20; Trimmed: 796962 times

Minimum overlap: 3
No. of allowed errors:
1-9 bp: 0; 10-19 bp: 1

Overview of removed sequences
length	count	expect	max.err	error counts
3	4	13249.6	0	4
4	1	3312.4	0	1
10	4	0.8	1	3 1
11	2	0.2	1	1 1
12	8	0.1	1	7 1
13	7	0.0	1	7
14	20	0.0	1	4 16
15	6	0.0	1	3 3
16	13	0.0	1	4 9
17	24	0.0	1	15 9
18	33	0.0	1	25 8
19	58	0.0	1	46 12
20	242	0.0	1	193 49
21	6532	0.0	1	2486 4046
22	787824	0.0	1	769386 18438
23	2153	0.0	1	894 1259
24	3	0.0	1	2 1
25	3	0.0	1	3
26	1	0.0	1	1
27	3	0.0	1	3
28	2	0.0	1	2
29	9	0.0	1	9
30	1	0.0	1	1
31	4	0.0	1	4
32	1	0.0	1	1
33	1	0.0	1	0 1
34	1	0.0	1	1
40	2	0.0	1	2
Running cutadapt on: 2024_Both03_Hyp04_O41_gut_S221
This is cutadapt 5.2 with Python 3.13.15
Command line parameters: -j 4 -g GTGYCAGCMGCCGCGGTAA -G GGACTACNVGGGTWTCTAAT -o /scratch4/workspace/jade_fiorilla_student_uml_edu-rawseqorcc/trimmed-cutadapt/2024_Both03_Hyp04_O41_gut_S221_R1_trim.fastq -p /scratch4/workspace/jade_fiorilla_student_uml_edu-rawseqorcc/trimmed-cutadapt/2024_Both03_Hyp04_O41_gut_S221_R2_trim.fastq /scratch4/workspace/jade_fiorilla_student_uml_edu-rawseqorcc/fastq/2024_Both03_Hyp04_O41_gut_S221_R1_001.fastq.gz /scratch4/workspace/jade_fiorilla_student_uml_edu-rawseqorcc/fastq/2024_Both03_Hyp04_O41_gut_S221_R2_001.fastq.gz
Processing paired-end reads on 4 cores ...

=== Summary ===

Total read pairs processed:            802,502
  Read 1 with adapter:                 750,270 (93.5%)
  Read 2 with adapter:                 719,242 (89.6%)
Pairs written (passing filters):       802,502 (100.0%)

Total basepairs processed:   483,106,204 bp
  Read 1:   241,553,102 bp
  Read 2:   241,553,102 bp
Total written (filtered):    451,536,415 bp (93.5%)
  Read 1:   225,801,223 bp
  Read 2:   225,735,192 bp

=== First read: Adapter 1 ===

Sequence: GTGYCAGCMGCCGCGGTAA; Type: regular 5'; Length: 19; Trimmed: 750270 times

Minimum overlap: 3
No. of allowed errors:
1-9 bp: 0; 10-19 bp: 1

Overview of removed sequences
length	count	expect	max.err	error counts
3	10	12539.1	0	10
9	2	3.1	0	2
12	21	0.0	1	20 1
13	7	0.0	1	5 2
14	4	0.0	1	2 2
15	1	0.0	1	0 1
16	21	0.0	1	15 6
17	14	0.0	1	7 7
18	33	0.0	1	16 17
19	840	0.0	1	756 84
20	4021	0.0	1	2032 1989
21	743247	0.0	1	688518 54729
22	1999	0.0	1	829 1170
23	2	0.0	1	0 2
25	3	0.0	1	3
26	4	0.0	1	4
27	3	0.0	1	3
29	7	0.0	1	7
30	2	0.0	1	2
31	3	0.0	1	3
32	4	0.0	1	4
34	1	0.0	1	1
36	7	0.0	1	7
38	1	0.0	1	1
39	2	0.0	1	2
40	1	0.0	1	1
41	2	0.0	1	2
43	2	0.0	1	2
46	2	0.0	1	1 1
51	1	0.0	1	1
53	1	0.0	1	1
54	2	0.0	1	2


=== Second read: Adapter 2 ===

Sequence: GGACTACNVGGGTWTCTAAT; Type: regular 5'; Length: 20; Trimmed: 719242 times

Minimum overlap: 3
No. of allowed errors:
1-9 bp: 0; 10-19 bp: 1

Overview of removed sequences
length	count	expect	max.err	error counts
3	12	12539.1	0	12
4	1	3134.8	0	1
8	4	12.2	0	4
9	2	3.1	0	2
10	2	0.8	1	2
11	2	0.2	1	2
12	3	0.0	1	2 1
13	12	0.0	1	7 5
14	17	0.0	1	3 14
15	22	0.0	1	9 13
16	6	0.0	1	3 3
17	26	0.0	1	20 6
18	30	0.0	1	29 1
19	49	0.0	1	30 19
20	262	0.0	1	210 52
21	5956	0.0	1	2394 3562
22	710819	0.0	1	694154 16665
23	1976	0.0	1	731 1245
24	5	0.0	1	4 1
25	4	0.0	1	0 4
26	3	0.0	1	3
27	5	0.0	1	2 3
28	1	0.0	1	1
29	3	0.0	1	3
30	2	0.0	1	1 1
31	5	0.0	1	5
32	2	0.0	1	2
34	4	0.0	1	4
35	3	0.0	1	3
38	1	0.0	1	1
39	2	0.0	1	2
43	1	0.0	1	1
Running cutadapt on: 2024_Both03_Null_O24_gill_S269
This is cutadapt 5.2 with Python 3.13.15
Command line parameters: -j 4 -g GTGYCAGCMGCCGCGGTAA -G GGACTACNVGGGTWTCTAAT -o /scratch4/workspace/jade_fiorilla_student_uml_edu-rawseqorcc/trimmed-cutadapt/2024_Both03_Null_O24_gill_S269_R1_trim.fastq -p /scratch4/workspace/jade_fiorilla_student_uml_edu-rawseqorcc/trimmed-cutadapt/2024_Both03_Null_O24_gill_S269_R2_trim.fastq /scratch4/workspace/jade_fiorilla_student_uml_edu-rawseqorcc/fastq/2024_Both03_Null_O24_gill_S269_R1_001.fastq.gz /scratch4/workspace/jade_fiorilla_student_uml_edu-rawseqorcc/fastq/2024_Both03_Null_O24_gill_S269_R2_001.fastq.gz
Processing paired-end reads on 4 cores ...

=== Summary ===

Total read pairs processed:            739,597
  Read 1 with adapter:                 722,778 (97.7%)
  Read 2 with adapter:                 711,452 (96.2%)
Pairs written (passing filters):       739,597 (100.0%)

Total basepairs processed:   445,237,394 bp
  Read 1:   222,618,697 bp
  Read 2:   222,618,697 bp
Total written (filtered):    415,843,069 bp (93.4%)
  Read 1:   208,163,406 bp
  Read 2:   207,679,663 bp

=== First read: Adapter 1 ===

Sequence: GTGYCAGCMGCCGCGGTAA; Type: regular 5'; Length: 19; Trimmed: 722778 times

Minimum overlap: 3
No. of allowed errors:
1-9 bp: 0; 10-19 bp: 1

Overview of removed sequences
length	count	expect	max.err	error counts
3	1	11556.2	0	1
5	1	722.3	0	1
9	1	2.8	0	1
10	4	0.7	1	4
12	16	0.0	1	14 2
13	9	0.0	1	7 2
14	2	0.0	1	1 1
15	5	0.0	1	2 3
16	22	0.0	1	16 6
17	22	0.0	1	10 12
18	71	0.0	1	42 29
19	3061	0.0	1	1071 1990
20	717136	0.0	1	661315 55821
21	1966	0.0	1	673 1293
22	405	0.0	1	372 33
23	4	0.0	1	2 2
24	3	0.0	1	3
25	6	0.0	1	4 2
26	8	0.0	1	5 3
27	5	0.0	1	5
29	4	0.0	1	0 4
30	2	0.0	1	0 2
31	2	0.0	1	1 1
32	4	0.0	1	4
34	3	0.0	1	0 3
35	2	0.0	1	0 2
36	2	0.0	1	2
38	2	0.0	1	2
39	2	0.0	1	2
41	1	0.0	1	1
43	1	0.0	1	1
46	1	0.0	1	1
47	2	0.0	1	2
48	1	0.0	1	1
50	1	0.0	1	1


=== Second read: Adapter 2 ===

Sequence: GGACTACNVGGGTWTCTAAT; Type: regular 5'; Length: 20; Trimmed: 711452 times

Minimum overlap: 3
No. of allowed errors:
1-9 bp: 0; 10-19 bp: 1

Overview of removed sequences
length	count	expect	max.err	error counts
3	1	11556.2	0	1
9	3	2.8	0	3
10	1	0.7	1	1
11	1	0.2	1	1
12	4	0.0	1	3 1
13	5	0.0	1	2 3
14	4	0.0	1	2 2
15	15	0.0	1	4 11
16	4	0.0	1	2 2
17	16	0.0	1	13 3
18	20	0.0	1	14 6
19	39	0.0	1	18 21
20	3826	0.0	1	441 3385
21	705202	0.0	1	660434 44768
22	2136	0.0	1	781 1355
23	134	0.0	1	128 6
24	4	0.0	1	3 1
25	4	0.0	1	4
26	6	0.0	1	6
27	1	0.0	1	1
28	6	0.0	1	3 3
29	3	0.0	1	3
30	3	0.0	1	3
31	1	0.0	1	1
35	1	0.0	1	1
36	2	0.0	1	2
37	1	0.0	1	1
39	2	0.0	1	2
45	2	0.0	1	2
47	4	0.0	1	4
61	1	0.0	1	1
Running cutadapt on: 2024_Both03_Null_O24_gut_S181
This is cutadapt 5.2 with Python 3.13.15
Command line parameters: -j 4 -g GTGYCAGCMGCCGCGGTAA -G GGACTACNVGGGTWTCTAAT -o /scratch4/workspace/jade_fiorilla_student_uml_edu-rawseqorcc/trimmed-cutadapt/2024_Both03_Null_O24_gut_S181_R1_trim.fastq -p /scratch4/workspace/jade_fiorilla_student_uml_edu-rawseqorcc/trimmed-cutadapt/2024_Both03_Null_O24_gut_S181_R2_trim.fastq /scratch4/workspace/jade_fiorilla_student_uml_edu-rawseqorcc/fastq/2024_Both03_Null_O24_gut_S181_R1_001.fastq.gz /scratch4/workspace/jade_fiorilla_student_uml_edu-rawseqorcc/fastq/2024_Both03_Null_O24_gut_S181_R2_001.fastq.gz
Processing paired-end reads on 4 cores ...

=== Summary ===

Total read pairs processed:          1,648,189
  Read 1 with adapter:               1,091,618 (66.2%)
  Read 2 with adapter:                 731,158 (44.4%)
Pairs written (passing filters):     1,648,189 (100.0%)

Total basepairs processed:   992,209,778 bp
  Read 1:   496,104,889 bp
  Read 2:   496,104,889 bp
Total written (filtered):    956,824,221 bp (96.4%)
  Read 1:   475,350,251 bp
  Read 2:   481,473,970 bp

=== First read: Adapter 1 ===

Sequence: GTGYCAGCMGCCGCGGTAA; Type: regular 5'; Length: 19; Trimmed: 1091618 times

Minimum overlap: 3
No. of allowed errors:
1-9 bp: 0; 10-19 bp: 1

Overview of removed sequences
length	count	expect	max.err	error counts
3	2	25753.0	0	2
9	2	6.3	0	2
10	1	1.6	1	1
11	1	0.4	1	0 1
12	65	0.1	1	39 26
13	9	0.0	1	5 4
14	2	0.0	1	0 2
15	6	0.0	1	5 1
16	39	0.0	1	17 22
17	91	0.0	1	43 48
18	1820	0.0	1	254 1566
19	1078412	0.0	1	519738 558674
20	7259	0.0	1	4687 2572
21	3189	0.0	1	2721 468
22	648	0.0	1	547 101
23	3	0.0	1	1 2
24	2	0.0	1	2
25	3	0.0	1	1 2
26	2	0.0	1	0 2
27	1	0.0	1	0 1
28	2	0.0	1	0 2
29	4	0.0	1	0 4
30	4	0.0	1	4
31	3	0.0	1	2 1
32	4	0.0	1	0 4
33	26	0.0	1	1 25
35	1	0.0	1	1
36	1	0.0	1	1
37	3	0.0	1	0 3
38	1	0.0	1	0 1
39	5	0.0	1	4 1
42	2	0.0	1	2
53	1	0.0	1	0 1
55	4	0.0	1	2 2


=== Second read: Adapter 2 ===

Sequence: GGACTACNVGGGTWTCTAAT; Type: regular 5'; Length: 20; Trimmed: 731158 times

Minimum overlap: 3
No. of allowed errors:
1-9 bp: 0; 10-19 bp: 1

Overview of removed sequences
length	count	expect	max.err	error counts
4	3	6438.2	0	3
9	3	6.3	0	3
10	3	1.6	1	2 1
11	3	0.4	1	3
12	1	0.1	1	1
13	4	0.0	1	4
14	9	0.0	1	6 3
16	12	0.0	1	8 4
17	8	0.0	1	2 6
18	49	0.0	1	37 12
19	3444	0.0	1	466 2978
20	718566	0.0	1	693670 24896
21	7139	0.0	1	5479 1660
22	1520	0.0	1	1425 95
23	368	0.0	1	347 21
24	1	0.0	1	0 1
26	3	0.0	1	3
27	2	0.0	1	1 1
29	4	0.0	1	0 4
30	1	0.0	1	0 1
31	1	0.0	1	0 1
32	2	0.0	1	2
33	5	0.0	1	5
35	1	0.0	1	0 1
39	2	0.0	1	2
40	1	0.0	1	1
41	3	0.0	1	3
Running cutadapt on: 2024_Both03_Warm01_O6_gill_S197
This is cutadapt 5.2 with Python 3.13.15
Command line parameters: -j 4 -g GTGYCAGCMGCCGCGGTAA -G GGACTACNVGGGTWTCTAAT -o /scratch4/workspace/jade_fiorilla_student_uml_edu-rawseqorcc/trimmed-cutadapt/2024_Both03_Warm01_O6_gill_S197_R1_trim.fastq -p /scratch4/workspace/jade_fiorilla_student_uml_edu-rawseqorcc/trimmed-cutadapt/2024_Both03_Warm01_O6_gill_S197_R2_trim.fastq /scratch4/workspace/jade_fiorilla_student_uml_edu-rawseqorcc/fastq/2024_Both03_Warm01_O6_gill_S197_R1_001.fastq.gz /scratch4/workspace/jade_fiorilla_student_uml_edu-rawseqorcc/fastq/2024_Both03_Warm01_O6_gill_S197_R2_001.fastq.gz
Processing paired-end reads on 4 cores ...

=== Summary ===

Total read pairs processed:          1,658,469
  Read 1 with adapter:               1,620,644 (97.7%)
  Read 2 with adapter:               1,609,508 (97.0%)
Pairs written (passing filters):     1,658,469 (100.0%)

Total basepairs processed:   998,398,338 bp
  Read 1:   499,199,169 bp
  Read 2:   499,199,169 bp
Total written (filtered):    925,791,105 bp (92.7%)
  Read 1:   463,582,548 bp
  Read 2:   462,208,557 bp

=== First read: Adapter 1 ===

Sequence: GTGYCAGCMGCCGCGGTAA; Type: regular 5'; Length: 19; Trimmed: 1620644 times

Minimum overlap: 3
No. of allowed errors:
1-9 bp: 0; 10-19 bp: 1

Overview of removed sequences
length	count	expect	max.err	error counts
3	857	25913.6	0	857
4	3	6478.4	0	3
8	1	25.3	0	1
9	6	6.3	0	6
10	9	1.6	1	4 5
11	6	0.4	1	1 5
12	315	0.1	1	285 30
13	27	0.0	1	20 7
14	22	0.0	1	13 9
15	59	0.0	1	25 34
16	143	0.0	1	105 38
17	109	0.0	1	54 55
18	221	0.0	1	158 63
19	2501	0.0	1	2330 171
20	1552	0.0	1	1186 366
21	8970	0.0	1	3187 5783
22	1601981	0.0	1	1486275 115706
23	3737	0.0	1	1160 2577
24	14	0.0	1	12 2
25	12	0.0	1	12
26	13	0.0	1	12 1
27	5	0.0	1	4 1
28	8	0.0	1	8
29	5	0.0	1	5
30	10	0.0	1	4 6
31	12	0.0	1	12
32	1	0.0	1	1
34	4	0.0	1	0 4
35	5	0.0	1	4 1
36	4	0.0	1	4
37	5	0.0	1	5
38	7	0.0	1	6 1
39	7	0.0	1	5 2
40	4	0.0	1	4
41	3	0.0	1	3
44	3	0.0	1	3
46	2	0.0	1	2
47	1	0.0	1	1


=== Second read: Adapter 2 ===

Sequence: GGACTACNVGGGTWTCTAAT; Type: regular 5'; Length: 20; Trimmed: 1609508 times

Minimum overlap: 3
No. of allowed errors:
1-9 bp: 0; 10-19 bp: 1

Overview of removed sequences
length	count	expect	max.err	error counts
3	667	25913.6	0	667
4	2	6478.4	0	2
5	9	1619.6	0	9
9	3	6.3	0	3
10	5	1.6	1	4 1
11	14	0.4	1	8 6
12	10	0.1	1	4 6
13	15	0.0	1	14 1
14	16	0.0	1	9 7
15	32	0.0	1	12 20
16	30	0.0	1	13 17
17	41	0.0	1	25 16
18	69	0.0	1	46 23
19	108	0.0	1	74 34
20	1608	0.0	1	1499 109
21	1011	0.0	1	852 159
22	10621	0.0	1	2558 8063
23	1590792	0.0	1	1553468 37324
24	4372	0.0	1	1563 2809
25	14	0.0	1	12 2
26	8	0.0	1	8
27	11	0.0	1	11
28	8	0.0	1	8
29	3	0.0	1	3
30	8	0.0	1	7 1
31	4	0.0	1	1 3
32	1	0.0	1	1
33	3	0.0	1	3
34	1	0.0	1	1
37	4	0.0	1	4
38	2	0.0	1	2
39	1	0.0	1	1
41	4	0.0	1	4
43	3	0.0	1	3
45	4	0.0	1	4
46	1	0.0	1	1
47	1	0.0	1	1
55	1	0.0	1	1
61	1	0.0	1	1
Running cutadapt on: 2024_Both03_Warm01_O6_gut_S4
This is cutadapt 5.2 with Python 3.13.15
Command line parameters: -j 4 -g GTGYCAGCMGCCGCGGTAA -G GGACTACNVGGGTWTCTAAT -o /scratch4/workspace/jade_fiorilla_student_uml_edu-rawseqorcc/trimmed-cutadapt/2024_Both03_Warm01_O6_gut_S4_R1_trim.fastq -p /scratch4/workspace/jade_fiorilla_student_uml_edu-rawseqorcc/trimmed-cutadapt/2024_Both03_Warm01_O6_gut_S4_R2_trim.fastq /scratch4/workspace/jade_fiorilla_student_uml_edu-rawseqorcc/fastq/2024_Both03_Warm01_O6_gut_S4_R1_001.fastq.gz /scratch4/workspace/jade_fiorilla_student_uml_edu-rawseqorcc/fastq/2024_Both03_Warm01_O6_gut_S4_R2_001.fastq.gz
Processing paired-end reads on 4 cores ...

=== Summary ===

Total read pairs processed:            871,444
  Read 1 with adapter:                 799,158 (91.7%)
  Read 2 with adapter:                 767,866 (88.1%)
Pairs written (passing filters):       871,444 (100.0%)

Total basepairs processed:   524,609,288 bp
  Read 1:   262,304,644 bp
  Read 2:   262,304,644 bp
Total written (filtered):    489,457,673 bp (93.3%)
  Read 1:   244,773,927 bp
  Read 2:   244,683,746 bp

=== First read: Adapter 1 ===

Sequence: GTGYCAGCMGCCGCGGTAA; Type: regular 5'; Length: 19; Trimmed: 799158 times

Minimum overlap: 3
No. of allowed errors:
1-9 bp: 0; 10-19 bp: 1

Overview of removed sequences
length	count	expect	max.err	error counts
3	1501	13616.3	0	1501
9	10	3.3	0	10
10	1	0.8	1	0 1
11	1	0.2	1	1
12	170	0.1	1	160 10
13	21	0.0	1	7 14
14	20	0.0	1	9 11
15	20	0.0	1	7 13
16	82	0.0	1	69 13
17	53	0.0	1	29 24
18	135	0.0	1	80 55
19	2372	0.0	1	1015 1357
20	3194	0.0	1	2549 645
21	7630	0.0	1	4002 3628
22	782041	0.0	1	725350 56691
23	1843	0.0	1	594 1249
24	9	0.0	1	8 1
25	5	0.0	1	3 2
26	4	0.0	1	4
27	6	0.0	1	6
28	1	0.0	1	1
29	4	0.0	1	4
30	4	0.0	1	4
33	2	0.0	1	2
34	5	0.0	1	2 3
36	3	0.0	1	2 1
37	7	0.0	1	7
38	1	0.0	1	1
39	2	0.0	1	2
40	1	0.0	1	1
41	1	0.0	1	1
43	1	0.0	1	1
45	2	0.0	1	2
48	5	0.0	1	4 1
54	1	0.0	1	1


=== Second read: Adapter 2 ===

Sequence: GGACTACNVGGGTWTCTAAT; Type: regular 5'; Length: 20; Trimmed: 767866 times

Minimum overlap: 3
No. of allowed errors:
1-9 bp: 0; 10-19 bp: 1

Overview of removed sequences
length	count	expect	max.err	error counts
3	1587	13616.3	0	1587
4	1	3404.1	0	1
5	4	851.0	0	4
10	2	0.8	1	1 1
11	2	0.2	1	2
12	4	0.1	1	4
13	2	0.0	1	2
14	16	0.0	1	6 10
15	14	0.0	1	3 11
16	15	0.0	1	4 11
17	12	0.0	1	9 3
18	19	0.0	1	19
19	52	0.0	1	36 16
20	440	0.0	1	404 36
21	1288	0.0	1	1173 115
22	6017	0.0	1	2138 3879
23	756180	0.0	1	728701 27479
24	2164	0.0	1	836 1328
25	11	0.0	1	5 6
26	3	0.0	1	3
27	1	0.0	1	0 1
28	2	0.0	1	1 1
29	3	0.0	1	3
30	3	0.0	1	0 3
31	2	0.0	1	2
32	5	0.0	1	5
33	3	0.0	1	3
34	2	0.0	1	2
35	1	0.0	1	1
36	1	0.0	1	1
39	5	0.0	1	2 3
41	1	0.0	1	1
44	2	0.0	1	2
47	2	0.0	1	2
Running cutadapt on: 2024_Both03_Warm04_O41_gill_S198
This is cutadapt 5.2 with Python 3.13.15
Command line parameters: -j 4 -g GTGYCAGCMGCCGCGGTAA -G GGACTACNVGGGTWTCTAAT -o /scratch4/workspace/jade_fiorilla_student_uml_edu-rawseqorcc/trimmed-cutadapt/2024_Both03_Warm04_O41_gill_S198_R1_trim.fastq -p /scratch4/workspace/jade_fiorilla_student_uml_edu-rawseqorcc/trimmed-cutadapt/2024_Both03_Warm04_O41_gill_S198_R2_trim.fastq /scratch4/workspace/jade_fiorilla_student_uml_edu-rawseqorcc/fastq/2024_Both03_Warm04_O41_gill_S198_R1_001.fastq.gz /scratch4/workspace/jade_fiorilla_student_uml_edu-rawseqorcc/fastq/2024_Both03_Warm04_O41_gill_S198_R2_001.fastq.gz
Processing paired-end reads on 4 cores ...

=== Summary ===

Total read pairs processed:          1,331,602
  Read 1 with adapter:               1,095,342 (82.3%)
  Read 2 with adapter:               1,227,703 (92.2%)
Pairs written (passing filters):     1,331,602 (100.0%)

Total basepairs processed:   801,624,404 bp
  Read 1:   400,812,202 bp
  Read 2:   400,812,202 bp
Total written (filtered):    749,449,210 bp (93.5%)
  Read 1:   376,832,825 bp
  Read 2:   372,616,385 bp

=== First read: Adapter 1 ===

Sequence: GTGYCAGCMGCCGCGGTAA; Type: regular 5'; Length: 19; Trimmed: 1095342 times

Minimum overlap: 3
No. of allowed errors:
1-9 bp: 0; 10-19 bp: 1

Overview of removed sequences
length	count	expect	max.err	error counts
3	5469	20806.3	0	5469
4	8	5201.6	0	8
9	6	5.1	0	6
10	1	1.3	1	1
11	3	0.3	1	1 2
12	201	0.1	1	183 18
13	20	0.0	1	17 3
14	19	0.0	1	4 15
15	46	0.0	1	23 23
16	91	0.0	1	71 20
17	64	0.0	1	28 36
18	156	0.0	1	96 60
19	1113	0.0	1	986 127
20	1735	0.0	1	1297 438
21	6481	0.0	1	2298 4183
22	1077324	0.0	1	1014027 63297
23	2508	0.0	1	803 1705
24	8	0.0	1	8
25	5	0.0	1	4 1
26	8	0.0	1	8
27	10	0.0	1	10
28	7	0.0	1	7
29	4	0.0	1	4
30	6	0.0	1	4 2
31	2	0.0	1	2
32	2	0.0	1	2
33	7	0.0	1	7
34	4	0.0	1	4
35	8	0.0	1	6 2
36	11	0.0	1	4 7
37	2	0.0	1	2
38	1	0.0	1	0 1
39	1	0.0	1	1
40	1	0.0	1	1
42	1	0.0	1	1
43	3	0.0	1	3
44	1	0.0	1	1
45	3	0.0	1	2 1
50	1	0.0	1	1
54	1	0.0	1	1


=== Second read: Adapter 2 ===

Sequence: GGACTACNVGGGTWTCTAAT; Type: regular 5'; Length: 20; Trimmed: 1227703 times

Minimum overlap: 3
No. of allowed errors:
1-9 bp: 0; 10-19 bp: 1

Overview of removed sequences
length	count	expect	max.err	error counts
3	1531	20806.3	0	1531
5	4	1300.4	0	4
10	1	1.3	1	1
11	9	0.3	1	3 6
12	6	0.1	1	6
13	8	0.0	1	0 8
14	23	0.0	1	13 10
15	16	0.0	1	8 8
16	17	0.0	1	4 13
17	24	0.0	1	14 10
18	46	0.0	1	38 8
19	87	0.0	1	62 25
20	890	0.0	1	812 78
21	1008	0.0	1	881 127
22	8635	0.0	1	2005 6630
23	1211976	0.0	1	1176929 35047
24	3349	0.0	1	1176 2173
25	11	0.0	1	7 4
26	5	0.0	1	5
27	7	0.0	1	7
28	4	0.0	1	2 2
29	1	0.0	1	1
30	7	0.0	1	7
31	8	0.0	1	8
33	2	0.0	1	2
34	1	0.0	1	0 1
35	4	0.0	1	4
37	1	0.0	1	0 1
38	2	0.0	1	2
39	2	0.0	1	2
40	1	0.0	1	1
41	3	0.0	1	3
42	1	0.0	1	1
44	2	0.0	1	2
45	2	0.0	1	2
46	4	0.0	1	4
47	3	0.0	1	3
50	1	0.0	1	1
52	1	0.0	1	1
Running cutadapt on: 2024_Both03_Warm04_O41_gut_S5
This is cutadapt 5.2 with Python 3.13.15
Command line parameters: -j 4 -g GTGYCAGCMGCCGCGGTAA -G GGACTACNVGGGTWTCTAAT -o /scratch4/workspace/jade_fiorilla_student_uml_edu-rawseqorcc/trimmed-cutadapt/2024_Both03_Warm04_O41_gut_S5_R1_trim.fastq -p /scratch4/workspace/jade_fiorilla_student_uml_edu-rawseqorcc/trimmed-cutadapt/2024_Both03_Warm04_O41_gut_S5_R2_trim.fastq /scratch4/workspace/jade_fiorilla_student_uml_edu-rawseqorcc/fastq/2024_Both03_Warm04_O41_gut_S5_R1_001.fastq.gz /scratch4/workspace/jade_fiorilla_student_uml_edu-rawseqorcc/fastq/2024_Both03_Warm04_O41_gut_S5_R2_001.fastq.gz
Processing paired-end reads on 4 cores ...

=== Summary ===

Total read pairs processed:            914,117
  Read 1 with adapter:                 874,284 (95.6%)
  Read 2 with adapter:                 856,026 (93.6%)
Pairs written (passing filters):       914,117 (100.0%)

Total basepairs processed:   550,298,434 bp
  Read 1:   275,149,217 bp
  Read 2:   275,149,217 bp
Total written (filtered):    511,442,214 bp (92.9%)
  Read 1:   255,954,913 bp
  Read 2:   255,487,301 bp

=== First read: Adapter 1 ===

Sequence: GTGYCAGCMGCCGCGGTAA; Type: regular 5'; Length: 19; Trimmed: 874284 times

Minimum overlap: 3
No. of allowed errors:
1-9 bp: 0; 10-19 bp: 1

Overview of removed sequences
length	count	expect	max.err	error counts
3	847	14283.1	0	847
8	4	13.9	0	4
9	6	3.5	0	6
10	2	0.9	1	0 2
11	5	0.2	1	5
12	172	0.1	1	165 7
13	28	0.0	1	24 4
14	15	0.0	1	1 14
15	11	0.0	1	2 9
16	79	0.0	1	61 18
17	67	0.0	1	24 43
18	130	0.0	1	85 45
19	2539	0.0	1	1692 847
20	3620	0.0	1	2990 630
21	8043	0.0	1	4147 3896
22	856788	0.0	1	823797 32991
23	1853	0.0	1	643 1210
24	7	0.0	1	6 1
25	6	0.0	1	4 2
26	6	0.0	1	6
27	3	0.0	1	3
28	8	0.0	1	7 1
29	3	0.0	1	3
30	2	0.0	1	2
31	1	0.0	1	1
32	2	0.0	1	2
33	5	0.0	1	3 2
35	1	0.0	1	1
37	4	0.0	1	4
38	2	0.0	1	2
39	5	0.0	1	5
40	2	0.0	1	2
41	3	0.0	1	3
42	4	0.0	1	4
43	1	0.0	1	1
48	4	0.0	1	4
51	3	0.0	1	2 1
52	1	0.0	1	0 1
53	2	0.0	1	1 1


=== Second read: Adapter 2 ===

Sequence: GGACTACNVGGGTWTCTAAT; Type: regular 5'; Length: 20; Trimmed: 856026 times

Minimum overlap: 3
No. of allowed errors:
1-9 bp: 0; 10-19 bp: 1

Overview of removed sequences
length	count	expect	max.err	error counts
3	792	14283.1	0	792
5	1	892.7	0	1
10	3	0.9	1	3
11	4	0.2	1	4
13	6	0.0	1	4 2
14	14	0.0	1	4 10
15	20	0.0	1	7 13
16	22	0.0	1	7 15
17	25	0.0	1	13 12
18	43	0.0	1	34 9
19	61	0.0	1	39 22
20	1004	0.0	1	946 58
21	1589	0.0	1	1460 129
22	6004	0.0	1	2209 3795
23	844129	0.0	1	831631 12498
24	2262	0.0	1	841 1421
25	18	0.0	1	15 3
26	3	0.0	1	1 2
27	3	0.0	1	3
28	4	0.0	1	4
29	1	0.0	1	1
30	3	0.0	1	0 3
32	3	0.0	1	3
33	3	0.0	1	3
34	1	0.0	1	0 1
35	1	0.0	1	1
36	1	0.0	1	0 1
37	1	0.0	1	1
40	3	0.0	1	3
41	1	0.0	1	1
47	1	0.0	1	1
Running cutadapt on: 2024_Both04_Both02_O19_gill_S139
This is cutadapt 5.2 with Python 3.13.15
Command line parameters: -j 4 -g GTGYCAGCMGCCGCGGTAA -G GGACTACNVGGGTWTCTAAT -o /scratch4/workspace/jade_fiorilla_student_uml_edu-rawseqorcc/trimmed-cutadapt/2024_Both04_Both02_O19_gill_S139_R1_trim.fastq -p /scratch4/workspace/jade_fiorilla_student_uml_edu-rawseqorcc/trimmed-cutadapt/2024_Both04_Both02_O19_gill_S139_R2_trim.fastq /scratch4/workspace/jade_fiorilla_student_uml_edu-rawseqorcc/fastq/2024_Both04_Both02_O19_gill_S139_R1_001.fastq.gz /scratch4/workspace/jade_fiorilla_student_uml_edu-rawseqorcc/fastq/2024_Both04_Both02_O19_gill_S139_R2_001.fastq.gz
Processing paired-end reads on 4 cores ...

=== Summary ===

Total read pairs processed:          1,574,921
  Read 1 with adapter:               1,349,773 (85.7%)
  Read 2 with adapter:               1,164,429 (73.9%)
Pairs written (passing filters):     1,574,921 (100.0%)

Total basepairs processed:   948,102,442 bp
  Read 1:   474,051,221 bp
  Read 2:   474,051,221 bp
Total written (filtered):    896,652,000 bp (94.6%)
  Read 1:   447,053,695 bp
  Read 2:   449,598,305 bp

=== First read: Adapter 1 ===

Sequence: GTGYCAGCMGCCGCGGTAA; Type: regular 5'; Length: 19; Trimmed: 1349773 times

Minimum overlap: 3
No. of allowed errors:
1-9 bp: 0; 10-19 bp: 1

Overview of removed sequences
length	count	expect	max.err	error counts
3	11	24608.1	0	11
8	1	24.0	0	1
9	4	6.0	0	4
10	3	1.5	1	2 1
11	1	0.4	1	1
12	63	0.1	1	54 9
13	12	0.0	1	10 2
14	11	0.0	1	4 7
15	17	0.0	1	13 4
16	37	0.0	1	29 8
17	47	0.0	1	19 28
18	185	0.0	1	92 93
19	10793	0.0	1	6078 4715
20	1328187	0.0	1	1044640 283547
21	7659	0.0	1	5034 2625
22	2611	0.0	1	2402 209
23	14	0.0	1	7 7
24	6	0.0	1	5 1
25	5	0.0	1	4 1
26	11	0.0	1	7 4
27	10	0.0	1	7 3
28	1	0.0	1	0 1
30	2	0.0	1	2
32	9	0.0	1	7 2
33	5	0.0	1	1 4
34	9	0.0	1	4 5
35	29	0.0	1	17 12
37	1	0.0	1	0 1
38	14	0.0	1	12 2
42	1	0.0	1	0 1
43	5	0.0	1	3 2
45	2	0.0	1	0 2
48	1	0.0	1	0 1
49	2	0.0	1	1 1
50	2	0.0	1	2
53	1	0.0	1	1
54	1	0.0	1	1


=== Second read: Adapter 2 ===

Sequence: GGACTACNVGGGTWTCTAAT; Type: regular 5'; Length: 20; Trimmed: 1164429 times

Minimum overlap: 3
No. of allowed errors:
1-9 bp: 0; 10-19 bp: 1

Overview of removed sequences
length	count	expect	max.err	error counts
3	15	24608.1	0	15
4	1	6152.0	0	1
9	2	6.0	0	2
10	10	1.5	1	8 2
12	10	0.1	1	9 1
13	9	0.0	1	9
14	9	0.0	1	3 6
15	2	0.0	1	2
16	15	0.0	1	8 7
17	24	0.0	1	14 10
18	29	0.0	1	17 12
19	86	0.0	1	32 54
20	11863	0.0	1	4654 7209
21	1142896	0.0	1	1012475 130421
22	6529	0.0	1	3557 2972
23	2873	0.0	1	2711 162
24	17	0.0	1	5 12
25	1	0.0	1	1
26	4	0.0	1	2 2
29	1	0.0	1	1
30	7	0.0	1	7
31	5	0.0	1	5
32	1	0.0	1	0 1
33	2	0.0	1	2
34	2	0.0	1	0 2
36	1	0.0	1	1
37	3	0.0	1	1 2
39	3	0.0	1	3
40	2	0.0	1	2
41	1	0.0	1	1
44	2	0.0	1	2
45	2	0.0	1	0 2
48	1	0.0	1	1
51	1	0.0	1	1
Running cutadapt on: 2024_Both04_Both02_O19_gut_S35
This is cutadapt 5.2 with Python 3.13.15
Command line parameters: -j 4 -g GTGYCAGCMGCCGCGGTAA -G GGACTACNVGGGTWTCTAAT -o /scratch4/workspace/jade_fiorilla_student_uml_edu-rawseqorcc/trimmed-cutadapt/2024_Both04_Both02_O19_gut_S35_R1_trim.fastq -p /scratch4/workspace/jade_fiorilla_student_uml_edu-rawseqorcc/trimmed-cutadapt/2024_Both04_Both02_O19_gut_S35_R2_trim.fastq /scratch4/workspace/jade_fiorilla_student_uml_edu-rawseqorcc/fastq/2024_Both04_Both02_O19_gut_S35_R1_001.fastq.gz /scratch4/workspace/jade_fiorilla_student_uml_edu-rawseqorcc/fastq/2024_Both04_Both02_O19_gut_S35_R2_001.fastq.gz
Processing paired-end reads on 4 cores ...

=== Summary ===

Total read pairs processed:            685,555
  Read 1 with adapter:                 508,571 (74.2%)
  Read 2 with adapter:                 157,032 (22.9%)
Pairs written (passing filters):       685,555 (100.0%)

Total basepairs processed:   412,704,110 bp
  Read 1:   206,352,055 bp
  Read 2:   206,352,055 bp
Total written (filtered):    399,882,217 bp (96.9%)
  Read 1:   196,676,390 bp
  Read 2:   203,205,827 bp

=== First read: Adapter 1 ===

Sequence: GTGYCAGCMGCCGCGGTAA; Type: regular 5'; Length: 19; Trimmed: 508571 times

Minimum overlap: 3
No. of allowed errors:
1-9 bp: 0; 10-19 bp: 1

Overview of removed sequences
length	count	expect	max.err	error counts
3	2	10711.8	0	2
4	1	2677.9	0	1
9	5	2.6	0	5
10	1	0.7	1	0 1
11	1	0.2	1	0 1
12	30	0.0	1	7 23
13	5	0.0	1	1 4
14	3	0.0	1	1 2
15	1	0.0	1	0 1
16	11	0.0	1	5 6
17	35	0.0	1	5 30
18	699	0.0	1	96 603
19	499190	0.0	1	147759 351431
20	4395	0.0	1	2917 1478
21	3701	0.0	1	2515 1186
22	446	0.0	1	327 119
23	1	0.0	1	0 1
24	1	0.0	1	0 1
26	2	0.0	1	0 2
28	3	0.0	1	1 2
30	4	0.0	1	2 2
31	1	0.0	1	0 1
32	1	0.0	1	0 1
33	4	0.0	1	0 4
34	1	0.0	1	0 1
35	1	0.0	1	0 1
37	3	0.0	1	0 3
39	2	0.0	1	0 2
40	6	0.0	1	0 6
42	2	0.0	1	1 1
43	1	0.0	1	0 1
44	1	0.0	1	0 1
47	1	0.0	1	0 1
48	3	0.0	1	0 3
49	2	0.0	1	0 2
50	3	0.0	1	0 3
52	1	0.0	1	0 1
53	1	0.0	1	0 1


=== Second read: Adapter 2 ===

Sequence: GGACTACNVGGGTWTCTAAT; Type: regular 5'; Length: 20; Trimmed: 157032 times

Minimum overlap: 3
No. of allowed errors:
1-9 bp: 0; 10-19 bp: 1

Overview of removed sequences
length	count	expect	max.err	error counts
3	1	10711.8	0	1
14	1	0.0	1	0 1
15	2	0.0	1	1 1
17	5	0.0	1	4 1
18	8	0.0	1	8
19	791	0.0	1	109 682
20	151665	0.0	1	141867 9798
21	2832	0.0	1	2398 434
22	1570	0.0	1	1484 86
23	157	0.0	1	137 20
Running cutadapt on: 2024_Both04_Both03_O32_gill_S140
This is cutadapt 5.2 with Python 3.13.15
Command line parameters: -j 4 -g GTGYCAGCMGCCGCGGTAA -G GGACTACNVGGGTWTCTAAT -o /scratch4/workspace/jade_fiorilla_student_uml_edu-rawseqorcc/trimmed-cutadapt/2024_Both04_Both03_O32_gill_S140_R1_trim.fastq -p /scratch4/workspace/jade_fiorilla_student_uml_edu-rawseqorcc/trimmed-cutadapt/2024_Both04_Both03_O32_gill_S140_R2_trim.fastq /scratch4/workspace/jade_fiorilla_student_uml_edu-rawseqorcc/fastq/2024_Both04_Both03_O32_gill_S140_R1_001.fastq.gz /scratch4/workspace/jade_fiorilla_student_uml_edu-rawseqorcc/fastq/2024_Both04_Both03_O32_gill_S140_R2_001.fastq.gz
Processing paired-end reads on 4 cores ...

=== Summary ===

Total read pairs processed:          1,930,002
  Read 1 with adapter:               1,439,286 (74.6%)
  Read 2 with adapter:                 999,147 (51.8%)
Pairs written (passing filters):     1,930,002 (100.0%)

Total basepairs processed: 1,161,861,204 bp
  Read 1:   580,930,602 bp
  Read 2:   580,930,602 bp
Total written (filtered):  1,112,089,558 bp (95.7%)
  Read 1:   552,143,028 bp
  Read 2:   559,946,530 bp

=== First read: Adapter 1 ===

Sequence: GTGYCAGCMGCCGCGGTAA; Type: regular 5'; Length: 19; Trimmed: 1439286 times

Minimum overlap: 3
No. of allowed errors:
1-9 bp: 0; 10-19 bp: 1

Overview of removed sequences
length	count	expect	max.err	error counts
3	19	30156.3	0	19
9	4	7.4	0	4
10	2	1.8	1	0 2
11	1	0.5	1	0 1
12	73	0.1	1	53 20
13	6	0.0	1	5 1
14	17	0.0	1	8 9
15	9	0.0	1	1 8
16	52	0.0	1	37 15
17	31	0.0	1	12 19
18	180	0.0	1	73 107
19	11463	0.0	1	6832 4631
20	1416751	0.0	1	953762 462989
21	7738	0.0	1	5101 2637
22	2817	0.0	1	2405 412
23	9	0.0	1	5 4
24	9	0.0	1	7 2
25	2	0.0	1	2
26	7	0.0	1	5 2
27	6	0.0	1	6
28	1	0.0	1	0 1
29	7	0.0	1	5 2
30	7	0.0	1	6 1
31	1	0.0	1	1
32	4	0.0	1	0 4
33	6	0.0	1	4 2
34	8	0.0	1	2 6
35	5	0.0	1	4 1
36	3	0.0	1	3
37	5	0.0	1	3 2
38	3	0.0	1	2 1
39	8	0.0	1	6 2
40	3	0.0	1	3
41	1	0.0	1	0 1
42	1	0.0	1	0 1
43	6	0.0	1	6
44	3	0.0	1	0 3
45	9	0.0	1	2 7
46	1	0.0	1	1
47	2	0.0	1	0 2
50	2	0.0	1	2
54	4	0.0	1	0 4


=== Second read: Adapter 2 ===

Sequence: GGACTACNVGGGTWTCTAAT; Type: regular 5'; Length: 20; Trimmed: 999147 times

Minimum overlap: 3
No. of allowed errors:
1-9 bp: 0; 10-19 bp: 1

Overview of removed sequences
length	count	expect	max.err	error counts
3	16	30156.3	0	16
10	1	1.8	1	1
11	3	0.5	1	3
12	4	0.1	1	2 2
13	7	0.0	1	7
14	11	0.0	1	8 3
15	10	0.0	1	1 9
16	10	0.0	1	1 9
17	9	0.0	1	5 4
18	38	0.0	1	27 11
19	103	0.0	1	43 60
20	9275	0.0	1	4772 4503
21	981073	0.0	1	945776 35297
22	5500	0.0	1	3224 2276
23	3019	0.0	1	2791 228
24	15	0.0	1	6 9
25	3	0.0	1	3
26	4	0.0	1	4
27	5	0.0	1	3 2
28	1	0.0	1	1
30	12	0.0	1	9 3
31	8	0.0	1	8
32	4	0.0	1	3 1
34	1	0.0	1	1
38	5	0.0	1	4 1
39	2	0.0	1	2
41	1	0.0	1	1
43	1	0.0	1	1
45	2	0.0	1	2
50	4	0.0	1	4
Running cutadapt on: 2024_Both04_Both03_O32_gut_S141
This is cutadapt 5.2 with Python 3.13.15
Command line parameters: -j 4 -g GTGYCAGCMGCCGCGGTAA -G GGACTACNVGGGTWTCTAAT -o /scratch4/workspace/jade_fiorilla_student_uml_edu-rawseqorcc/trimmed-cutadapt/2024_Both04_Both03_O32_gut_S141_R1_trim.fastq -p /scratch4/workspace/jade_fiorilla_student_uml_edu-rawseqorcc/trimmed-cutadapt/2024_Both04_Both03_O32_gut_S141_R2_trim.fastq /scratch4/workspace/jade_fiorilla_student_uml_edu-rawseqorcc/fastq/2024_Both04_Both03_O32_gut_S141_R1_001.fastq.gz /scratch4/workspace/jade_fiorilla_student_uml_edu-rawseqorcc/fastq/2024_Both04_Both03_O32_gut_S141_R2_001.fastq.gz
Processing paired-end reads on 4 cores ...

=== Summary ===

Total read pairs processed:          1,163,391
  Read 1 with adapter:               1,049,937 (90.2%)
  Read 2 with adapter:                 963,037 (82.8%)
Pairs written (passing filters):     1,163,391 (100.0%)

Total basepairs processed:   700,361,382 bp
  Read 1:   350,180,691 bp
  Read 2:   350,180,691 bp
Total written (filtered):    659,133,751 bp (94.1%)
  Read 1:   329,179,786 bp
  Read 2:   329,953,965 bp

=== First read: Adapter 1 ===

Sequence: GTGYCAGCMGCCGCGGTAA; Type: regular 5'; Length: 19; Trimmed: 1049937 times

Minimum overlap: 3
No. of allowed errors:
1-9 bp: 0; 10-19 bp: 1

Overview of removed sequences
length	count	expect	max.err	error counts
3	14	18178.0	0	14
9	5	4.4	0	5
10	5	1.1	1	1 4
11	2	0.3	1	1 1
12	44	0.1	1	41 3
13	13	0.0	1	10 3
14	12	0.0	1	5 7
15	7	0.0	1	4 3
16	22	0.0	1	18 4
17	34	0.0	1	13 21
18	132	0.0	1	73 59
19	9024	0.0	1	5222 3802
20	1031127	0.0	1	924040 107087
21	7332	0.0	1	5061 2271
22	2077	0.0	1	1855 222
23	13	0.0	1	7 6
24	3	0.0	1	3
25	6	0.0	1	5 1
26	2	0.0	1	2
27	2	0.0	1	1 1
28	4	0.0	1	1 3
30	9	0.0	1	1 8
31	2	0.0	1	2
32	8	0.0	1	8
33	1	0.0	1	1
34	4	0.0	1	2 2
35	5	0.0	1	5
36	8	0.0	1	2 6
37	2	0.0	1	2
38	8	0.0	1	3 5
40	1	0.0	1	0 1
41	3	0.0	1	3
43	1	0.0	1	1
45	1	0.0	1	0 1
46	1	0.0	1	1
49	1	0.0	1	1
60	1	0.0	1	1
65	1	0.0	1	0 1


=== Second read: Adapter 2 ===

Sequence: GGACTACNVGGGTWTCTAAT; Type: regular 5'; Length: 20; Trimmed: 963037 times

Minimum overlap: 3
No. of allowed errors:
1-9 bp: 0; 10-19 bp: 1

Overview of removed sequences
length	count	expect	max.err	error counts
3	14	18178.0	0	14
9	1	4.4	0	1
10	2	1.1	1	2
11	5	0.3	1	0 5
12	2	0.1	1	0 2
13	6	0.0	1	5 1
14	10	0.0	1	1 9
15	1	0.0	1	0 1
16	12	0.0	1	9 3
17	9	0.0	1	6 3
18	27	0.0	1	22 5
19	68	0.0	1	43 25
20	7289	0.0	1	3575 3714
21	947518	0.0	1	929600 17918
22	5510	0.0	1	3445 2065
23	2506	0.0	1	2363 143
24	15	0.0	1	6 9
25	1	0.0	1	1
26	11	0.0	1	11
27	2	0.0	1	1 1
28	1	0.0	1	0 1
29	3	0.0	1	3
30	4	0.0	1	3 1
31	2	0.0	1	2
32	4	0.0	1	4
33	2	0.0	1	2
38	3	0.0	1	3
40	5	0.0	1	5
41	1	0.0	1	1
43	2	0.0	1	2
47	1	0.0	1	1
Running cutadapt on: 2024_Both04_Cont05_O56_gill_S245
This is cutadapt 5.2 with Python 3.13.15
Command line parameters: -j 4 -g GTGYCAGCMGCCGCGGTAA -G GGACTACNVGGGTWTCTAAT -o /scratch4/workspace/jade_fiorilla_student_uml_edu-rawseqorcc/trimmed-cutadapt/2024_Both04_Cont05_O56_gill_S245_R1_trim.fastq -p /scratch4/workspace/jade_fiorilla_student_uml_edu-rawseqorcc/trimmed-cutadapt/2024_Both04_Cont05_O56_gill_S245_R2_trim.fastq /scratch4/workspace/jade_fiorilla_student_uml_edu-rawseqorcc/fastq/2024_Both04_Cont05_O56_gill_S245_R1_001.fastq.gz /scratch4/workspace/jade_fiorilla_student_uml_edu-rawseqorcc/fastq/2024_Both04_Cont05_O56_gill_S245_R2_001.fastq.gz
Processing paired-end reads on 4 cores ...

=== Summary ===

Total read pairs processed:            595,703
  Read 1 with adapter:                 571,731 (96.0%)
  Read 2 with adapter:                 585,410 (98.3%)
Pairs written (passing filters):       595,703 (100.0%)

Total basepairs processed:   358,613,206 bp
  Read 1:   179,306,603 bp
  Read 2:   179,306,603 bp
Total written (filtered):    332,607,138 bp (92.7%)
  Read 1:   166,751,072 bp
  Read 2:   165,856,066 bp

=== First read: Adapter 1 ===

Sequence: GTGYCAGCMGCCGCGGTAA; Type: regular 5'; Length: 19; Trimmed: 571731 times

Minimum overlap: 3
No. of allowed errors:
1-9 bp: 0; 10-19 bp: 1

Overview of removed sequences
length	count	expect	max.err	error counts
3	533	9307.9	0	533
9	2	2.3	0	2
10	3	0.6	1	1 2
12	121	0.0	1	119 2
13	8	0.0	1	8
14	21	0.0	1	9 12
15	17	0.0	1	8 9
16	49	0.0	1	45 4
17	43	0.0	1	28 15
18	77	0.0	1	58 19
19	2214	0.0	1	2097 117
20	635	0.0	1	468 167
21	3980	0.0	1	1733 2247
22	562614	0.0	1	542156 20458
23	1359	0.0	1	423 936
24	3	0.0	1	3
25	4	0.0	1	3 1
26	1	0.0	1	1
27	6	0.0	1	6
28	6	0.0	1	6
29	3	0.0	1	3
30	5	0.0	1	5
31	3	0.0	1	2 1
32	1	0.0	1	1
33	2	0.0	1	2
34	4	0.0	1	3 1
35	1	0.0	1	1
36	3	0.0	1	3
37	4	0.0	1	4
38	2	0.0	1	2
39	1	0.0	1	1
41	1	0.0	1	1
44	1	0.0	1	1
45	2	0.0	1	2
47	2	0.0	1	2


=== Second read: Adapter 2 ===

Sequence: GGACTACNVGGGTWTCTAAT; Type: regular 5'; Length: 20; Trimmed: 585410 times

Minimum overlap: 3
No. of allowed errors:
1-9 bp: 0; 10-19 bp: 1

Overview of removed sequences
length	count	expect	max.err	error counts
3	134	9307.9	0	134
4	1	2327.0	0	1
5	1	581.7	0	1
10	1	0.6	1	1
11	5	0.1	1	3 2
12	4	0.0	1	2 2
13	6	0.0	1	4 2
14	12	0.0	1	8 4
15	15	0.0	1	5 10
16	12	0.0	1	1 11
17	14	0.0	1	8 6
18	32	0.0	1	27 5
19	48	0.0	1	23 25
20	2355	0.0	1	2264 91
21	296	0.0	1	223 73
22	4795	0.0	1	1499 3296
23	575927	0.0	1	557958 17969
24	1698	0.0	1	576 1122
25	10	0.0	1	7 3
26	6	0.0	1	6
27	5	0.0	1	4 1
28	3	0.0	1	3
29	5	0.0	1	4 1
30	1	0.0	1	1
31	2	0.0	1	1 1
32	1	0.0	1	1
34	1	0.0	1	0 1
35	3	0.0	1	3
36	1	0.0	1	1
37	1	0.0	1	1
38	4	0.0	1	4
40	1	0.0	1	1
42	3	0.0	1	3
45	4	0.0	1	4
47	3	0.0	1	3
Running cutadapt on: 2024_Both04_Cont05_O56_gut_S76
This is cutadapt 5.2 with Python 3.13.15
Command line parameters: -j 4 -g GTGYCAGCMGCCGCGGTAA -G GGACTACNVGGGTWTCTAAT -o /scratch4/workspace/jade_fiorilla_student_uml_edu-rawseqorcc/trimmed-cutadapt/2024_Both04_Cont05_O56_gut_S76_R1_trim.fastq -p /scratch4/workspace/jade_fiorilla_student_uml_edu-rawseqorcc/trimmed-cutadapt/2024_Both04_Cont05_O56_gut_S76_R2_trim.fastq /scratch4/workspace/jade_fiorilla_student_uml_edu-rawseqorcc/fastq/2024_Both04_Cont05_O56_gut_S76_R1_001.fastq.gz /scratch4/workspace/jade_fiorilla_student_uml_edu-rawseqorcc/fastq/2024_Both04_Cont05_O56_gut_S76_R2_001.fastq.gz
Processing paired-end reads on 4 cores ...

=== Summary ===

Total read pairs processed:          1,021,916
  Read 1 with adapter:                 991,060 (97.0%)
  Read 2 with adapter:                 993,743 (97.2%)
Pairs written (passing filters):     1,021,916 (100.0%)

Total basepairs processed:   615,193,432 bp
  Read 1:   307,596,716 bp
  Read 2:   307,596,716 bp
Total written (filtered):    570,633,302 bp (92.8%)
  Read 1:   285,851,447 bp
  Read 2:   284,781,855 bp

=== First read: Adapter 1 ===

Sequence: GTGYCAGCMGCCGCGGTAA; Type: regular 5'; Length: 19; Trimmed: 991060 times

Minimum overlap: 3
No. of allowed errors:
1-9 bp: 0; 10-19 bp: 1

Overview of removed sequences
length	count	expect	max.err	error counts
3	643	15967.4	0	643
8	1	15.6	0	1
9	17	3.9	0	17
10	3	1.0	1	3
11	8	0.2	1	6 2
12	215	0.1	1	202 13
13	20	0.0	1	12 8
14	17	0.0	1	6 11
15	34	0.0	1	15 19
16	100	0.0	1	75 25
17	108	0.0	1	61 47
18	131	0.0	1	96 35
19	2695	0.0	1	1524 1171
20	13902	0.0	1	10949 2953
21	8224	0.0	1	3865 4359
22	962747	0.0	1	940617 22130
23	2100	0.0	1	701 1399
24	9	0.0	1	5 4
25	3	0.0	1	3
26	12	0.0	1	12
27	9	0.0	1	8 1
28	6	0.0	1	4 2
29	9	0.0	1	9
30	3	0.0	1	3
31	4	0.0	1	2 2
32	2	0.0	1	2
33	3	0.0	1	3
34	7	0.0	1	5 2
35	3	0.0	1	2 1
36	2	0.0	1	1 1
37	5	0.0	1	5
38	1	0.0	1	1
39	3	0.0	1	3
40	3	0.0	1	3
41	4	0.0	1	3 1
42	4	0.0	1	3 1
43	1	0.0	1	1
47	2	0.0	1	2


=== Second read: Adapter 2 ===

Sequence: GGACTACNVGGGTWTCTAAT; Type: regular 5'; Length: 20; Trimmed: 993743 times

Minimum overlap: 3
No. of allowed errors:
1-9 bp: 0; 10-19 bp: 1

Overview of removed sequences
length	count	expect	max.err	error counts
3	280	15967.4	0	280
4	1	3991.9	0	1
5	6	998.0	0	6
10	6	1.0	1	3 3
11	3	0.2	1	1 2
12	9	0.1	1	6 3
13	6	0.0	1	5 1
14	16	0.0	1	10 6
15	13	0.0	1	4 9
16	17	0.0	1	4 13
17	24	0.0	1	16 8
18	47	0.0	1	27 20
19	61	0.0	1	41 20
20	989	0.0	1	861 128
21	13542	0.0	1	12823 719
22	7362	0.0	1	2186 5176
23	968681	0.0	1	945110 23571
24	2624	0.0	1	991 1633
25	9	0.0	1	4 5
26	5	0.0	1	5
27	4	0.0	1	4
28	7	0.0	1	7
29	3	0.0	1	3
30	2	0.0	1	1 1
31	7	0.0	1	7
32	1	0.0	1	1
33	1	0.0	1	1
38	4	0.0	1	2 2
39	2	0.0	1	2
42	1	0.0	1	1
45	1	0.0	1	0 1
46	2	0.0	1	2
48	4	0.0	1	4
49	1	0.0	1	1
50	1	0.0	1	1
51	1	0.0	1	1
Running cutadapt on: 2024_Both04_Hyp01_O7_gill_S213
This is cutadapt 5.2 with Python 3.13.15
Command line parameters: -j 4 -g GTGYCAGCMGCCGCGGTAA -G GGACTACNVGGGTWTCTAAT -o /scratch4/workspace/jade_fiorilla_student_uml_edu-rawseqorcc/trimmed-cutadapt/2024_Both04_Hyp01_O7_gill_S213_R1_trim.fastq -p /scratch4/workspace/jade_fiorilla_student_uml_edu-rawseqorcc/trimmed-cutadapt/2024_Both04_Hyp01_O7_gill_S213_R2_trim.fastq /scratch4/workspace/jade_fiorilla_student_uml_edu-rawseqorcc/fastq/2024_Both04_Hyp01_O7_gill_S213_R1_001.fastq.gz /scratch4/workspace/jade_fiorilla_student_uml_edu-rawseqorcc/fastq/2024_Both04_Hyp01_O7_gill_S213_R2_001.fastq.gz
Processing paired-end reads on 4 cores ...

=== Summary ===

Total read pairs processed:          1,918,775
  Read 1 with adapter:               1,913,983 (99.8%)
  Read 2 with adapter:               1,901,446 (99.1%)
Pairs written (passing filters):     1,918,775 (100.0%)

Total basepairs processed: 1,155,102,550 bp
  Read 1:   577,551,275 bp
  Read 2:   577,551,275 bp
Total written (filtered):  1,080,699,631 bp (93.6%)
  Read 1:   541,178,688 bp
  Read 2:   539,520,943 bp

=== First read: Adapter 1 ===

Sequence: GTGYCAGCMGCCGCGGTAA; Type: regular 5'; Length: 19; Trimmed: 1913983 times

Minimum overlap: 3
No. of allowed errors:
1-9 bp: 0; 10-19 bp: 1

Overview of removed sequences
length	count	expect	max.err	error counts
3	52	29980.9	0	52
8	2	29.3	0	2
12	32	0.1	1	32
13	5	0.0	1	5
14	8	0.0	1	0 8
15	8	0.0	1	2 6
16	48	0.0	1	30 18
17	90	0.0	1	77 13
18	4098	0.0	1	706 3392
19	1902756	0.0	1	1870552 32204
20	4094	0.0	1	1538 2556
21	608	0.0	1	517 91
22	2120	0.0	1	1203 917
23	6	0.0	1	3 3
24	2	0.0	1	1 1
26	1	0.0	1	1
28	2	0.0	1	1 1
29	3	0.0	1	3
30	6	0.0	1	5 1
31	8	0.0	1	3 5
32	6	0.0	1	6
33	4	0.0	1	1 3
34	2	0.0	1	2
35	7	0.0	1	7
36	2	0.0	1	2
37	2	0.0	1	2
38	6	0.0	1	6
40	1	0.0	1	1
41	1	0.0	1	1
43	1	0.0	1	1
51	2	0.0	1	0 2


=== Second read: Adapter 2 ===

Sequence: GGACTACNVGGGTWTCTAAT; Type: regular 5'; Length: 20; Trimmed: 1901446 times

Minimum overlap: 3
No. of allowed errors:
1-9 bp: 0; 10-19 bp: 1

Overview of removed sequences
length	count	expect	max.err	error counts
3	48	29980.9	0	48
10	1	1.8	1	1
12	5	0.1	1	4 1
13	3	0.0	1	2 1
14	15	0.0	1	4 11
15	11	0.0	1	7 4
16	11	0.0	1	5 6
17	37	0.0	1	22 15
18	75	0.0	1	49 26
19	7370	0.0	1	941 6429
20	1887255	0.0	1	1839592 47663
21	4950	0.0	1	1864 3086
22	296	0.0	1	266 30
23	1311	0.0	1	1242 69
24	7	0.0	1	0 7
25	8	0.0	1	8
26	3	0.0	1	3
27	3	0.0	1	3
28	8	0.0	1	8
29	3	0.0	1	3
30	2	0.0	1	2
31	2	0.0	1	1 1
33	4	0.0	1	4
34	2	0.0	1	2
35	5	0.0	1	5
36	2	0.0	1	1 1
37	1	0.0	1	1
38	1	0.0	1	1
41	3	0.0	1	3
43	2	0.0	1	2
54	1	0.0	1	1
59	1	0.0	1	1
Running cutadapt on: 2024_Both04_Hyp01_O7_gut_S30
This is cutadapt 5.2 with Python 3.13.15
Command line parameters: -j 4 -g GTGYCAGCMGCCGCGGTAA -G GGACTACNVGGGTWTCTAAT -o /scratch4/workspace/jade_fiorilla_student_uml_edu-rawseqorcc/trimmed-cutadapt/2024_Both04_Hyp01_O7_gut_S30_R1_trim.fastq -p /scratch4/workspace/jade_fiorilla_student_uml_edu-rawseqorcc/trimmed-cutadapt/2024_Both04_Hyp01_O7_gut_S30_R2_trim.fastq /scratch4/workspace/jade_fiorilla_student_uml_edu-rawseqorcc/fastq/2024_Both04_Hyp01_O7_gut_S30_R1_001.fastq.gz /scratch4/workspace/jade_fiorilla_student_uml_edu-rawseqorcc/fastq/2024_Both04_Hyp01_O7_gut_S30_R2_001.fastq.gz
Processing paired-end reads on 4 cores ...

=== Summary ===

Total read pairs processed:            913,657
  Read 1 with adapter:                 664,478 (72.7%)
  Read 2 with adapter:                 437,580 (47.9%)
Pairs written (passing filters):       913,657 (100.0%)

Total basepairs processed:   550,021,514 bp
  Read 1:   275,010,757 bp
  Read 2:   275,010,757 bp
Total written (filtered):    527,539,387 bp (95.9%)
  Read 1:   261,717,877 bp
  Read 2:   265,821,510 bp

=== First read: Adapter 1 ===

Sequence: GTGYCAGCMGCCGCGGTAA; Type: regular 5'; Length: 19; Trimmed: 664478 times

Minimum overlap: 3
No. of allowed errors:
1-9 bp: 0; 10-19 bp: 1

Overview of removed sequences
length	count	expect	max.err	error counts
3	5	14275.9	0	5
5	1	892.2	0	1
9	7	3.5	0	7
11	3	0.2	1	3
12	31	0.1	1	22 9
13	3	0.0	1	2 1
14	10	0.0	1	5 5
15	4	0.0	1	2 2
16	19	0.0	1	14 5
17	24	0.0	1	14 10
18	72	0.0	1	26 46
19	4206	0.0	1	1547 2659
20	654094	0.0	1	416785 237309
21	4393	0.0	1	2428 1965
22	1547	0.0	1	1337 210
23	4	0.0	1	2 2
24	6	0.0	1	1 5
26	2	0.0	1	1 1
28	1	0.0	1	1
29	3	0.0	1	3
31	7	0.0	1	6 1
32	3	0.0	1	3
33	3	0.0	1	0 3
34	3	0.0	1	1 2
35	5	0.0	1	3 2
36	2	0.0	1	0 2
37	4	0.0	1	2 2
38	1	0.0	1	0 1
39	1	0.0	1	1
41	5	0.0	1	1 4
42	1	0.0	1	1
44	1	0.0	1	1
51	2	0.0	1	0 2
52	1	0.0	1	0 1
53	2	0.0	1	2
60	1	0.0	1	0 1
64	1	0.0	1	0 1


=== Second read: Adapter 2 ===

Sequence: GGACTACNVGGGTWTCTAAT; Type: regular 5'; Length: 20; Trimmed: 437580 times

Minimum overlap: 3
No. of allowed errors:
1-9 bp: 0; 10-19 bp: 1

Overview of removed sequences
length	count	expect	max.err	error counts
3	3	14275.9	0	3
12	5	0.1	1	3 2
13	7	0.0	1	6 1
14	4	0.0	1	1 3
15	2	0.0	1	2
16	3	0.0	1	3
17	11	0.0	1	8 3
18	8	0.0	1	8
19	46	0.0	1	19 27
20	2895	0.0	1	1004 1891
21	431894	0.0	1	417246 14648
22	2161	0.0	1	1259 902
23	528	0.0	1	494 34
24	5	0.0	1	3 2
29	3	0.0	1	3
31	1	0.0	1	1
36	1	0.0	1	1
38	3	0.0	1	3
Running cutadapt on: 2024_Both04_Hyp05_O55_gill_S222
This is cutadapt 5.2 with Python 3.13.15
Command line parameters: -j 4 -g GTGYCAGCMGCCGCGGTAA -G GGACTACNVGGGTWTCTAAT -o /scratch4/workspace/jade_fiorilla_student_uml_edu-rawseqorcc/trimmed-cutadapt/2024_Both04_Hyp05_O55_gill_S222_R1_trim.fastq -p /scratch4/workspace/jade_fiorilla_student_uml_edu-rawseqorcc/trimmed-cutadapt/2024_Both04_Hyp05_O55_gill_S222_R2_trim.fastq /scratch4/workspace/jade_fiorilla_student_uml_edu-rawseqorcc/fastq/2024_Both04_Hyp05_O55_gill_S222_R1_001.fastq.gz /scratch4/workspace/jade_fiorilla_student_uml_edu-rawseqorcc/fastq/2024_Both04_Hyp05_O55_gill_S222_R2_001.fastq.gz
Processing paired-end reads on 4 cores ...

=== Summary ===

Total read pairs processed:            958,513
  Read 1 with adapter:                 902,633 (94.2%)
  Read 2 with adapter:                 853,931 (89.1%)
Pairs written (passing filters):       958,513 (100.0%)

Total basepairs processed:   577,024,826 bp
  Read 1:   288,512,413 bp
  Read 2:   288,512,413 bp
Total written (filtered):    539,290,580 bp (93.5%)
  Read 1:   269,559,739 bp
  Read 2:   269,730,841 bp

=== First read: Adapter 1 ===

Sequence: GTGYCAGCMGCCGCGGTAA; Type: regular 5'; Length: 19; Trimmed: 902633 times

Minimum overlap: 3
No. of allowed errors:
1-9 bp: 0; 10-19 bp: 1

Overview of removed sequences
length	count	expect	max.err	error counts
3	7	14976.8	0	7
9	1	3.7	0	1
12	50	0.1	1	47 3
13	5	0.0	1	2 3
14	9	0.0	1	7 2
16	10	0.0	1	10
17	24	0.0	1	13 11
18	36	0.0	1	17 19
19	279	0.0	1	213 66
20	4201	0.0	1	1976 2225
21	895629	0.0	1	829550 66079
22	2307	0.0	1	914 1393
23	8	0.0	1	7 1
24	9	0.0	1	4 5
25	2	0.0	1	2
26	5	0.0	1	2 3
27	2	0.0	1	2
28	3	0.0	1	3
29	1	0.0	1	1
30	6	0.0	1	6
31	2	0.0	1	2
32	7	0.0	1	5 2
33	3	0.0	1	3
34	2	0.0	1	2
35	5	0.0	1	5
36	1	0.0	1	1
37	3	0.0	1	3
38	4	0.0	1	3 1
39	4	0.0	1	4
41	5	0.0	1	5
43	1	0.0	1	1
44	1	0.0	1	0 1
51	1	0.0	1	1


=== Second read: Adapter 2 ===

Sequence: GGACTACNVGGGTWTCTAAT; Type: regular 5'; Length: 20; Trimmed: 853931 times

Minimum overlap: 3
No. of allowed errors:
1-9 bp: 0; 10-19 bp: 1

Overview of removed sequences
length	count	expect	max.err	error counts
3	5	14976.8	0	5
10	5	0.9	1	5
11	3	0.2	1	3
12	4	0.1	1	2 2
13	10	0.0	1	5 5
14	15	0.0	1	12 3
15	9	0.0	1	1 8
16	31	0.0	1	18 13
17	25	0.0	1	9 16
18	37	0.0	1	33 4
19	46	0.0	1	33 13
20	144	0.0	1	95 49
21	6035	0.0	1	2023 4012
22	845310	0.0	1	787450 57860
23	2215	0.0	1	844 1371
24	6	0.0	1	5 1
25	5	0.0	1	2 3
26	5	0.0	1	5
27	1	0.0	1	1
28	3	0.0	1	3
29	1	0.0	1	1
30	1	0.0	1	1
31	3	0.0	1	3
32	1	0.0	1	1
33	4	0.0	1	4
34	1	0.0	1	1
36	1	0.0	1	1
37	1	0.0	1	0 1
38	1	0.0	1	1
39	1	0.0	1	0 1
43	1	0.0	1	1
57	1	0.0	1	1
Running cutadapt on: 2024_Both04_Hyp05_O55_gut_S223
This is cutadapt 5.2 with Python 3.13.15
Command line parameters: -j 4 -g GTGYCAGCMGCCGCGGTAA -G GGACTACNVGGGTWTCTAAT -o /scratch4/workspace/jade_fiorilla_student_uml_edu-rawseqorcc/trimmed-cutadapt/2024_Both04_Hyp05_O55_gut_S223_R1_trim.fastq -p /scratch4/workspace/jade_fiorilla_student_uml_edu-rawseqorcc/trimmed-cutadapt/2024_Both04_Hyp05_O55_gut_S223_R2_trim.fastq /scratch4/workspace/jade_fiorilla_student_uml_edu-rawseqorcc/fastq/2024_Both04_Hyp05_O55_gut_S223_R1_001.fastq.gz /scratch4/workspace/jade_fiorilla_student_uml_edu-rawseqorcc/fastq/2024_Both04_Hyp05_O55_gut_S223_R2_001.fastq.gz
Processing paired-end reads on 4 cores ...

=== Summary ===

Total read pairs processed:            815,369
  Read 1 with adapter:                 800,973 (98.2%)
  Read 2 with adapter:                 793,375 (97.3%)
Pairs written (passing filters):       815,369 (100.0%)

Total basepairs processed:   490,852,138 bp
  Read 1:   245,426,069 bp
  Read 2:   245,426,069 bp
Total written (filtered):    456,583,903 bp (93.0%)
  Read 1:   228,608,021 bp
  Read 2:   227,975,882 bp

=== First read: Adapter 1 ===

Sequence: GTGYCAGCMGCCGCGGTAA; Type: regular 5'; Length: 19; Trimmed: 800973 times

Minimum overlap: 3
No. of allowed errors:
1-9 bp: 0; 10-19 bp: 1

Overview of removed sequences
length	count	expect	max.err	error counts
3	10	12740.1	0	10
9	5	3.1	0	5
12	47	0.0	1	47
13	7	0.0	1	7
14	1	0.0	1	0 1
15	5	0.0	1	5
16	9	0.0	1	7 2
17	11	0.0	1	7 4
18	50	0.0	1	26 24
19	387	0.0	1	326 61
20	3499	0.0	1	1637 1862
21	794532	0.0	1	774854 19678
22	2364	0.0	1	1259 1105
23	13	0.0	1	10 3
25	5	0.0	1	5
27	2	0.0	1	2
28	5	0.0	1	5
30	1	0.0	1	1
34	1	0.0	1	1
35	2	0.0	1	2
36	4	0.0	1	4
37	2	0.0	1	2
40	3	0.0	1	3
42	1	0.0	1	1
47	1	0.0	1	1
48	1	0.0	1	1
49	1	0.0	1	1
50	2	0.0	1	2
53	1	0.0	1	1
56	1	0.0	1	1


=== Second read: Adapter 2 ===

Sequence: GGACTACNVGGGTWTCTAAT; Type: regular 5'; Length: 20; Trimmed: 793375 times

Minimum overlap: 3
No. of allowed errors:
1-9 bp: 0; 10-19 bp: 1

Overview of removed sequences
length	count	expect	max.err	error counts
3	6	12740.1	0	6
9	1	3.1	0	1
10	7	0.8	1	5 2
11	1	0.2	1	1
12	11	0.0	1	8 3
13	1	0.0	1	1
14	8	0.0	1	4 4
15	8	0.0	1	1 7
16	12	0.0	1	5 7
17	16	0.0	1	12 4
18	35	0.0	1	27 8
19	45	0.0	1	37 8
20	190	0.0	1	136 54
21	5608	0.0	1	1790 3818
22	784912	0.0	1	772550 12362
23	2480	0.0	1	1312 1168
24	9	0.0	1	3 6
25	2	0.0	1	2
26	4	0.0	1	4
27	1	0.0	1	1
28	1	0.0	1	1
29	1	0.0	1	1
30	1	0.0	1	1
33	2	0.0	1	2
35	1	0.0	1	0 1
37	1	0.0	1	1
38	1	0.0	1	1
39	2	0.0	1	2
40	1	0.0	1	1
41	3	0.0	1	3
42	2	0.0	1	2
48	2	0.0	1	2
Running cutadapt on: 2024_Both04_Null_O32_gill_S237
This is cutadapt 5.2 with Python 3.13.15
Command line parameters: -j 4 -g GTGYCAGCMGCCGCGGTAA -G GGACTACNVGGGTWTCTAAT -o /scratch4/workspace/jade_fiorilla_student_uml_edu-rawseqorcc/trimmed-cutadapt/2024_Both04_Null_O32_gill_S237_R1_trim.fastq -p /scratch4/workspace/jade_fiorilla_student_uml_edu-rawseqorcc/trimmed-cutadapt/2024_Both04_Null_O32_gill_S237_R2_trim.fastq /scratch4/workspace/jade_fiorilla_student_uml_edu-rawseqorcc/fastq/2024_Both04_Null_O32_gill_S237_R1_001.fastq.gz /scratch4/workspace/jade_fiorilla_student_uml_edu-rawseqorcc/fastq/2024_Both04_Null_O32_gill_S237_R2_001.fastq.gz
Processing paired-end reads on 4 cores ...

=== Summary ===

Total read pairs processed:              2,478
  Read 1 with adapter:                   2,227 (89.9%)
  Read 2 with adapter:                   1,929 (77.8%)
Pairs written (passing filters):         2,478 (100.0%)

Total basepairs processed:     1,491,756 bp
  Read 1:       745,878 bp
  Read 2:       745,878 bp
Total written (filtered):      1,408,517 bp (94.4%)
  Read 1:       701,920 bp
  Read 2:       706,597 bp

=== First read: Adapter 1 ===

Sequence: GTGYCAGCMGCCGCGGTAA; Type: regular 5'; Length: 19; Trimmed: 2227 times

Minimum overlap: 3
No. of allowed errors:
1-9 bp: 0; 10-19 bp: 1

Overview of removed sequences
length	count	expect	max.err	error counts
18	4	0.0	1	0 4
19	1444	0.0	1	1152 292
20	243	0.0	1	214 29
21	203	0.0	1	176 27
22	332	0.0	1	315 17
23	1	0.0	1	1


=== Second read: Adapter 2 ===

Sequence: GGACTACNVGGGTWTCTAAT; Type: regular 5'; Length: 20; Trimmed: 1929 times

Minimum overlap: 3
No. of allowed errors:
1-9 bp: 0; 10-19 bp: 1

Overview of removed sequences
length	count	expect	max.err	error counts
19	8	0.0	1	0 8
20	1555	0.0	1	1494 61
21	140	0.0	1	123 17
22	109	0.0	1	101 8
23	117	0.0	1	112 5
Running cutadapt on: 2024_Both04_Null_O32_gut_S72
This is cutadapt 5.2 with Python 3.13.15
Command line parameters: -j 4 -g GTGYCAGCMGCCGCGGTAA -G GGACTACNVGGGTWTCTAAT -o /scratch4/workspace/jade_fiorilla_student_uml_edu-rawseqorcc/trimmed-cutadapt/2024_Both04_Null_O32_gut_S72_R1_trim.fastq -p /scratch4/workspace/jade_fiorilla_student_uml_edu-rawseqorcc/trimmed-cutadapt/2024_Both04_Null_O32_gut_S72_R2_trim.fastq /scratch4/workspace/jade_fiorilla_student_uml_edu-rawseqorcc/fastq/2024_Both04_Null_O32_gut_S72_R1_001.fastq.gz /scratch4/workspace/jade_fiorilla_student_uml_edu-rawseqorcc/fastq/2024_Both04_Null_O32_gut_S72_R2_001.fastq.gz
Processing paired-end reads on 4 cores ...

=== Summary ===

Total read pairs processed:            911,298
  Read 1 with adapter:                 842,919 (92.5%)
  Read 2 with adapter:                 767,655 (84.2%)
Pairs written (passing filters):       911,298 (100.0%)

Total basepairs processed:   548,601,396 bp
  Read 1:   274,300,698 bp
  Read 2:   274,300,698 bp
Total written (filtered):    515,616,790 bp (94.0%)
  Read 1:   257,439,764 bp
  Read 2:   258,177,026 bp

=== First read: Adapter 1 ===

Sequence: GTGYCAGCMGCCGCGGTAA; Type: regular 5'; Length: 19; Trimmed: 842919 times

Minimum overlap: 3
No. of allowed errors:
1-9 bp: 0; 10-19 bp: 1

Overview of removed sequences
length	count	expect	max.err	error counts
3	5	14239.0	0	5
9	3	3.5	0	3
11	3	0.2	1	1 2
12	55	0.1	1	43 12
13	10	0.0	1	6 4
14	5	0.0	1	0 5
15	6	0.0	1	2 4
16	28	0.0	1	10 18
17	25	0.0	1	10 15
18	95	0.0	1	62 33
19	6347	0.0	1	2001 4346
20	829180	0.0	1	745275 83905
21	4636	0.0	1	2417 2219
22	2477	0.0	1	2244 233
23	7	0.0	1	4 3
24	7	0.0	1	7
25	1	0.0	1	1
26	1	0.0	1	1
27	3	0.0	1	2 1
28	3	0.0	1	3
29	5	0.0	1	5
30	3	0.0	1	2 1
31	3	0.0	1	1 2
33	1	0.0	1	1
36	2	0.0	1	2
37	4	0.0	1	3 1
39	3	0.0	1	3
40	1	0.0	1	0 1


=== Second read: Adapter 2 ===

Sequence: GGACTACNVGGGTWTCTAAT; Type: regular 5'; Length: 20; Trimmed: 767655 times

Minimum overlap: 3
No. of allowed errors:
1-9 bp: 0; 10-19 bp: 1

Overview of removed sequences
length	count	expect	max.err	error counts
3	6	14239.0	0	6
10	4	0.9	1	4
12	5	0.1	1	5
13	6	0.0	1	2 4
14	3	0.0	1	1 2
15	3	0.0	1	0 3
16	12	0.0	1	7 5
17	14	0.0	1	13 1
18	16	0.0	1	10 6
19	56	0.0	1	28 28
20	4028	0.0	1	1171 2857
21	758477	0.0	1	745483 12994
22	3018	0.0	1	1542 1476
23	1957	0.0	1	1870 87
24	8	0.0	1	1 7
25	4	0.0	1	4
26	2	0.0	1	2
28	2	0.0	1	1 1
29	1	0.0	1	0 1
30	5	0.0	1	5
31	1	0.0	1	1
32	2	0.0	1	2
34	5	0.0	1	5
35	5	0.0	1	5
36	4	0.0	1	4
37	3	0.0	1	1 2
41	5	0.0	1	5
44	2	0.0	1	2
56	1	0.0	1	1
Running cutadapt on: 2024_Both04_Warm02_O19_gill_S199
This is cutadapt 5.2 with Python 3.13.15
Command line parameters: -j 4 -g GTGYCAGCMGCCGCGGTAA -G GGACTACNVGGGTWTCTAAT -o /scratch4/workspace/jade_fiorilla_student_uml_edu-rawseqorcc/trimmed-cutadapt/2024_Both04_Warm02_O19_gill_S199_R1_trim.fastq -p /scratch4/workspace/jade_fiorilla_student_uml_edu-rawseqorcc/trimmed-cutadapt/2024_Both04_Warm02_O19_gill_S199_R2_trim.fastq /scratch4/workspace/jade_fiorilla_student_uml_edu-rawseqorcc/fastq/2024_Both04_Warm02_O19_gill_S199_R1_001.fastq.gz /scratch4/workspace/jade_fiorilla_student_uml_edu-rawseqorcc/fastq/2024_Both04_Warm02_O19_gill_S199_R2_001.fastq.gz
Processing paired-end reads on 4 cores ...

=== Summary ===

Total read pairs processed:            255,260
  Read 1 with adapter:                 209,097 (81.9%)
  Read 2 with adapter:                 209,473 (82.1%)
Pairs written (passing filters):       255,260 (100.0%)

Total basepairs processed:   153,666,520 bp
  Read 1:    76,833,260 bp
  Read 2:    76,833,260 bp
Total written (filtered):    144,297,051 bp (93.9%)
  Read 1:    72,259,562 bp
  Read 2:    72,037,489 bp

=== First read: Adapter 1 ===

Sequence: GTGYCAGCMGCCGCGGTAA; Type: regular 5'; Length: 19; Trimmed: 209097 times

Minimum overlap: 3
No. of allowed errors:
1-9 bp: 0; 10-19 bp: 1

Overview of removed sequences
length	count	expect	max.err	error counts
3	1066	3988.4	0	1066
9	4	1.0	0	4
11	1	0.1	1	0 1
12	53	0.0	1	44 9
13	13	0.0	1	8 5
14	4	0.0	1	2 2
15	5	0.0	1	4 1
16	25	0.0	1	12 13
17	14	0.0	1	6 8
18	44	0.0	1	26 18
19	984	0.0	1	929 55
20	669	0.0	1	509 160
21	1355	0.0	1	593 762
22	204337	0.0	1	181163 23174
23	505	0.0	1	173 332
24	3	0.0	1	1 2
26	6	0.0	1	6
27	1	0.0	1	1
29	1	0.0	1	0 1
30	1	0.0	1	1
32	1	0.0	1	1
33	1	0.0	1	0 1
35	3	0.0	1	3
43	1	0.0	1	1


=== Second read: Adapter 2 ===

Sequence: GGACTACNVGGGTWTCTAAT; Type: regular 5'; Length: 20; Trimmed: 209473 times

Minimum overlap: 3
No. of allowed errors:
1-9 bp: 0; 10-19 bp: 1

Overview of removed sequences
length	count	expect	max.err	error counts
3	801	3988.4	0	801
4	1	997.1	0	1
8	1	3.9	0	1
11	1	0.1	1	0 1
13	1	0.0	1	0 1
14	2	0.0	1	0 2
15	5	0.0	1	1 4
16	2	0.0	1	0 2
17	6	0.0	1	4 2
18	6	0.0	1	3 3
19	31	0.0	1	11 20
20	1409	0.0	1	1320 89
21	262	0.0	1	220 42
22	1723	0.0	1	420 1303
23	204531	0.0	1	196857 7674
24	689	0.0	1	210 479
30	1	0.0	1	1
31	1	0.0	1	1
Running cutadapt on: 2024_Both04_Warm02_O19_gut_S6
This is cutadapt 5.2 with Python 3.13.15
Command line parameters: -j 4 -g GTGYCAGCMGCCGCGGTAA -G GGACTACNVGGGTWTCTAAT -o /scratch4/workspace/jade_fiorilla_student_uml_edu-rawseqorcc/trimmed-cutadapt/2024_Both04_Warm02_O19_gut_S6_R1_trim.fastq -p /scratch4/workspace/jade_fiorilla_student_uml_edu-rawseqorcc/trimmed-cutadapt/2024_Both04_Warm02_O19_gut_S6_R2_trim.fastq /scratch4/workspace/jade_fiorilla_student_uml_edu-rawseqorcc/fastq/2024_Both04_Warm02_O19_gut_S6_R1_001.fastq.gz /scratch4/workspace/jade_fiorilla_student_uml_edu-rawseqorcc/fastq/2024_Both04_Warm02_O19_gut_S6_R2_001.fastq.gz
Processing paired-end reads on 4 cores ...

=== Summary ===

Total read pairs processed:          1,363,963
  Read 1 with adapter:               1,254,875 (92.0%)
  Read 2 with adapter:               1,203,527 (88.2%)
Pairs written (passing filters):     1,363,963 (100.0%)

Total basepairs processed:   821,105,726 bp
  Read 1:   410,552,863 bp
  Read 2:   410,552,863 bp
Total written (filtered):    765,954,975 bp (93.3%)
  Read 1:   383,018,645 bp
  Read 2:   382,936,330 bp

=== First read: Adapter 1 ===

Sequence: GTGYCAGCMGCCGCGGTAA; Type: regular 5'; Length: 19; Trimmed: 1254875 times

Minimum overlap: 3
No. of allowed errors:
1-9 bp: 0; 10-19 bp: 1

Overview of removed sequences
length	count	expect	max.err	error counts
3	2428	21311.9	0	2428
4	2	5328.0	0	2
8	4	20.8	0	4
9	7	5.2	0	7
10	2	1.3	1	0 2
11	11	0.3	1	7 4
12	275	0.1	1	254 21
13	20	0.0	1	15 5
14	30	0.0	1	20 10
15	36	0.0	1	12 24
16	82	0.0	1	61 21
17	81	0.0	1	40 41
18	205	0.0	1	131 74
19	2807	0.0	1	1711 1096
20	4031	0.0	1	2929 1102
21	9001	0.0	1	4239 4762
22	1232915	0.0	1	1145647 87268
23	2826	0.0	1	910 1916
24	10	0.0	1	10
25	7	0.0	1	5 2
26	8	0.0	1	8
27	5	0.0	1	3 2
28	13	0.0	1	13
29	2	0.0	1	2
30	6	0.0	1	3 3
31	5	0.0	1	5
32	7	0.0	1	7
33	2	0.0	1	2
34	4	0.0	1	4
35	3	0.0	1	2 1
36	4	0.0	1	1 3
37	5	0.0	1	2 3
38	3	0.0	1	1 2
39	7	0.0	1	7
40	5	0.0	1	5
41	1	0.0	1	1
42	3	0.0	1	3
43	2	0.0	1	2
44	3	0.0	1	3
45	2	0.0	1	2
46	1	0.0	1	1
49	1	0.0	1	1
51	2	0.0	1	2
55	1	0.0	1	1


=== Second read: Adapter 2 ===

Sequence: GGACTACNVGGGTWTCTAAT; Type: regular 5'; Length: 20; Trimmed: 1203527 times

Minimum overlap: 3
No. of allowed errors:
1-9 bp: 0; 10-19 bp: 1

Overview of removed sequences
length	count	expect	max.err	error counts
3	2627	21311.9	0	2627
5	5	1332.0	0	5
9	1	5.2	0	1
10	2	1.3	1	2
11	3	0.3	1	2 1
12	6	0.1	1	4 2
13	8	0.0	1	5 3
14	21	0.0	1	14 7
15	22	0.0	1	9 13
16	10	0.0	1	4 6
17	34	0.0	1	28 6
18	35	0.0	1	28 7
19	76	0.0	1	51 25
20	1018	0.0	1	943 75
21	1451	0.0	1	1346 105
22	8384	0.0	1	2513 5871
23	1186660	0.0	1	1156871 29789
24	3094	0.0	1	1175 1919
25	9	0.0	1	7 2
26	10	0.0	1	10
27	9	0.0	1	7 2
28	3	0.0	1	2 1
29	4	0.0	1	4
30	2	0.0	1	2
31	1	0.0	1	0 1
32	6	0.0	1	4 2
34	3	0.0	1	3
36	1	0.0	1	1
37	1	0.0	1	1
38	4	0.0	1	4
40	7	0.0	1	3 4
41	5	0.0	1	3 2
42	1	0.0	1	1
43	3	0.0	1	3
44	1	0.0	1	1
Running cutadapt on: 2024_Both04_Warm06_O67_gill_S200
This is cutadapt 5.2 with Python 3.13.15
Command line parameters: -j 4 -g GTGYCAGCMGCCGCGGTAA -G GGACTACNVGGGTWTCTAAT -o /scratch4/workspace/jade_fiorilla_student_uml_edu-rawseqorcc/trimmed-cutadapt/2024_Both04_Warm06_O67_gill_S200_R1_trim.fastq -p /scratch4/workspace/jade_fiorilla_student_uml_edu-rawseqorcc/trimmed-cutadapt/2024_Both04_Warm06_O67_gill_S200_R2_trim.fastq /scratch4/workspace/jade_fiorilla_student_uml_edu-rawseqorcc/fastq/2024_Both04_Warm06_O67_gill_S200_R1_001.fastq.gz /scratch4/workspace/jade_fiorilla_student_uml_edu-rawseqorcc/fastq/2024_Both04_Warm06_O67_gill_S200_R2_001.fastq.gz
Processing paired-end reads on 4 cores ...

=== Summary ===

Total read pairs processed:            512,818
  Read 1 with adapter:                 392,825 (76.6%)
  Read 2 with adapter:                 371,197 (72.4%)
Pairs written (passing filters):       512,818 (100.0%)

Total basepairs processed:   308,716,436 bp
  Read 1:   154,358,218 bp
  Read 2:   154,358,218 bp
Total written (filtered):    291,659,037 bp (94.5%)
  Read 1:   145,779,406 bp
  Read 2:   145,879,631 bp

=== First read: Adapter 1 ===

Sequence: GTGYCAGCMGCCGCGGTAA; Type: regular 5'; Length: 19; Trimmed: 392825 times

Minimum overlap: 3
No. of allowed errors:
1-9 bp: 0; 10-19 bp: 1

Overview of removed sequences
length	count	expect	max.err	error counts
3	2644	8012.8	0	2644
4	5	2003.2	0	5
9	5	2.0	0	5
10	4	0.5	1	4
12	89	0.0	1	70 19
13	13	0.0	1	9 4
14	5	0.0	1	5
15	10	0.0	1	8 2
16	38	0.0	1	26 12
17	36	0.0	1	15 21
18	51	0.0	1	22 29
19	2961	0.0	1	2845 116
20	758	0.0	1	648 110
21	2266	0.0	1	711 1555
22	382976	0.0	1	304409 78567
23	921	0.0	1	237 684
24	5	0.0	1	3 2
25	3	0.0	1	3
26	3	0.0	1	3
27	2	0.0	1	2
28	1	0.0	1	1
29	1	0.0	1	1
30	2	0.0	1	2
31	1	0.0	1	1
32	2	0.0	1	2
33	3	0.0	1	2 1
35	2	0.0	1	0 2
36	3	0.0	1	1 2
37	1	0.0	1	1
39	3	0.0	1	3
41	2	0.0	1	2
42	1	0.0	1	1
44	2	0.0	1	2
51	2	0.0	1	2
52	1	0.0	1	1
54	1	0.0	1	0 1
65	2	0.0	1	0 2


=== Second read: Adapter 2 ===

Sequence: GGACTACNVGGGTWTCTAAT; Type: regular 5'; Length: 20; Trimmed: 371197 times

Minimum overlap: 3
No. of allowed errors:
1-9 bp: 0; 10-19 bp: 1

Overview of removed sequences
length	count	expect	max.err	error counts
3	2361	8012.8	0	2361
4	2	2003.2	0	2
5	1	500.8	0	1
10	1	0.5	1	0 1
12	1	0.0	1	1
13	5	0.0	1	2 3
14	8	0.0	1	3 5
15	7	0.0	1	4 3
16	16	0.0	1	9 7
17	7	0.0	1	6 1
18	12	0.0	1	7 5
19	45	0.0	1	19 26
20	3191	0.0	1	3019 172
21	346	0.0	1	307 39
22	3249	0.0	1	647 2602
23	359709	0.0	1	347401 12308
24	2208	0.0	1	360 1848
25	12	0.0	1	7 5
27	6	0.0	1	5 1
28	1	0.0	1	1
30	1	0.0	1	1
34	1	0.0	1	1
38	1	0.0	1	1
39	2	0.0	1	2
40	1	0.0	1	1
42	1	0.0	1	1
63	2	0.0	1	2
Running cutadapt on: 2024_Both04_Warm06_O67_gut_S7
This is cutadapt 5.2 with Python 3.13.15
Command line parameters: -j 4 -g GTGYCAGCMGCCGCGGTAA -G GGACTACNVGGGTWTCTAAT -o /scratch4/workspace/jade_fiorilla_student_uml_edu-rawseqorcc/trimmed-cutadapt/2024_Both04_Warm06_O67_gut_S7_R1_trim.fastq -p /scratch4/workspace/jade_fiorilla_student_uml_edu-rawseqorcc/trimmed-cutadapt/2024_Both04_Warm06_O67_gut_S7_R2_trim.fastq /scratch4/workspace/jade_fiorilla_student_uml_edu-rawseqorcc/fastq/2024_Both04_Warm06_O67_gut_S7_R1_001.fastq.gz /scratch4/workspace/jade_fiorilla_student_uml_edu-rawseqorcc/fastq/2024_Both04_Warm06_O67_gut_S7_R2_001.fastq.gz
Processing paired-end reads on 4 cores ...

=== Summary ===

Total read pairs processed:            739,941
  Read 1 with adapter:                 657,765 (88.9%)
  Read 2 with adapter:                 618,064 (83.5%)
Pairs written (passing filters):       739,941 (100.0%)

Total basepairs processed:   445,444,482 bp
  Read 1:   222,722,241 bp
  Read 2:   222,722,241 bp
Total written (filtered):    416,863,248 bp (93.6%)
  Read 1:   208,306,341 bp
  Read 2:   208,556,907 bp

=== First read: Adapter 1 ===

Sequence: GTGYCAGCMGCCGCGGTAA; Type: regular 5'; Length: 19; Trimmed: 657765 times

Minimum overlap: 3
No. of allowed errors:
1-9 bp: 0; 10-19 bp: 1

Overview of removed sequences
length	count	expect	max.err	error counts
3	1699	11561.6	0	1699
4	1	2890.4	0	1
8	3	11.3	0	3
9	15	2.8	0	15
10	1	0.7	1	1
11	8	0.2	1	4 4
12	128	0.0	1	125 3
13	12	0.0	1	5 7
14	22	0.0	1	5 17
15	17	0.0	1	4 13
16	72	0.0	1	60 12
17	60	0.0	1	26 34
18	100	0.0	1	55 45
19	2456	0.0	1	1614 842
20	4101	0.0	1	3294 807
21	5849	0.0	1	2866 2983
22	641725	0.0	1	579831 61894
23	1433	0.0	1	516 917
24	5	0.0	1	4 1
25	7	0.0	1	7
26	10	0.0	1	10
27	5	0.0	1	5
28	3	0.0	1	2 1
29	11	0.0	1	10 1
30	1	0.0	1	0 1
32	7	0.0	1	4 3
33	4	0.0	1	0 4
35	1	0.0	1	1
38	2	0.0	1	1 1
39	1	0.0	1	1
40	1	0.0	1	1
42	3	0.0	1	0 3
47	1	0.0	1	1
51	1	0.0	1	0 1


=== Second read: Adapter 2 ===

Sequence: GGACTACNVGGGTWTCTAAT; Type: regular 5'; Length: 20; Trimmed: 618064 times

Minimum overlap: 3
No. of allowed errors:
1-9 bp: 0; 10-19 bp: 1

Overview of removed sequences
length	count	expect	max.err	error counts
3	2053	11561.6	0	2053
4	1	2890.4	0	1
5	3	722.6	0	3
10	1	0.7	1	1
11	1	0.2	1	1
12	11	0.0	1	8 3
13	4	0.0	1	4
14	11	0.0	1	8 3
15	5	0.0	1	4 1
16	8	0.0	1	1 7
17	18	0.0	1	8 10
18	28	0.0	1	16 12
19	59	0.0	1	34 25
20	785	0.0	1	721 64
21	1625	0.0	1	1502 123
22	4480	0.0	1	1545 2935
23	607286	0.0	1	583135 24151
24	1653	0.0	1	605 1048
25	9	0.0	1	5 4
26	1	0.0	1	0 1
28	3	0.0	1	3
29	3	0.0	1	3
32	3	0.0	1	3
33	2	0.0	1	2
34	1	0.0	1	1
35	2	0.0	1	2
37	1	0.0	1	1
39	1	0.0	1	1
40	1	0.0	1	1
42	1	0.0	1	1
44	3	0.0	1	3
50	1	0.0	1	1
Running cutadapt on: 2024_Both05_Both06_O69_gill_S231
This is cutadapt 5.2 with Python 3.13.15
Command line parameters: -j 4 -g GTGYCAGCMGCCGCGGTAA -G GGACTACNVGGGTWTCTAAT -o /scratch4/workspace/jade_fiorilla_student_uml_edu-rawseqorcc/trimmed-cutadapt/2024_Both05_Both06_O69_gill_S231_R1_trim.fastq -p /scratch4/workspace/jade_fiorilla_student_uml_edu-rawseqorcc/trimmed-cutadapt/2024_Both05_Both06_O69_gill_S231_R2_trim.fastq /scratch4/workspace/jade_fiorilla_student_uml_edu-rawseqorcc/fastq/2024_Both05_Both06_O69_gill_S231_R1_001.fastq.gz /scratch4/workspace/jade_fiorilla_student_uml_edu-rawseqorcc/fastq/2024_Both05_Both06_O69_gill_S231_R2_001.fastq.gz
Processing paired-end reads on 4 cores ...

=== Summary ===

Total read pairs processed:              4,664
  Read 1 with adapter:                   3,843 (82.4%)
  Read 2 with adapter:                   3,376 (72.4%)
Pairs written (passing filters):         4,664 (100.0%)

Total basepairs processed:     2,807,728 bp
  Read 1:     1,403,864 bp
  Read 2:     1,403,864 bp
Total written (filtered):      2,659,451 bp (94.7%)
  Read 1:     1,326,441 bp
  Read 2:     1,333,010 bp

=== First read: Adapter 1 ===

Sequence: GTGYCAGCMGCCGCGGTAA; Type: regular 5'; Length: 19; Trimmed: 3843 times

Minimum overlap: 3
No. of allowed errors:
1-9 bp: 0; 10-19 bp: 1

Overview of removed sequences
length	count	expect	max.err	error counts
3	2	72.9	0	2
18	4	0.0	1	1 3
19	500	0.0	1	461 39
20	2718	0.0	1	2071 647
21	133	0.0	1	121 12
22	486	0.0	1	431 55


=== Second read: Adapter 2 ===

Sequence: GGACTACNVGGGTWTCTAAT; Type: regular 5'; Length: 20; Trimmed: 3376 times

Minimum overlap: 3
No. of allowed errors:
1-9 bp: 0; 10-19 bp: 1

Overview of removed sequences
length	count	expect	max.err	error counts
19	7	0.0	1	1 6
20	786	0.0	1	740 46
21	2164	0.0	1	2096 68
22	81	0.0	1	71 10
23	337	0.0	1	316 21
24	1	0.0	1	0 1
Running cutadapt on: 2024_Both05_Both06_O69_gut_S55
This is cutadapt 5.2 with Python 3.13.15
Command line parameters: -j 4 -g GTGYCAGCMGCCGCGGTAA -G GGACTACNVGGGTWTCTAAT -o /scratch4/workspace/jade_fiorilla_student_uml_edu-rawseqorcc/trimmed-cutadapt/2024_Both05_Both06_O69_gut_S55_R1_trim.fastq -p /scratch4/workspace/jade_fiorilla_student_uml_edu-rawseqorcc/trimmed-cutadapt/2024_Both05_Both06_O69_gut_S55_R2_trim.fastq /scratch4/workspace/jade_fiorilla_student_uml_edu-rawseqorcc/fastq/2024_Both05_Both06_O69_gut_S55_R1_001.fastq.gz /scratch4/workspace/jade_fiorilla_student_uml_edu-rawseqorcc/fastq/2024_Both05_Both06_O69_gut_S55_R2_001.fastq.gz
Processing paired-end reads on 4 cores ...

=== Summary ===

Total read pairs processed:            948,112
  Read 1 with adapter:                 729,686 (77.0%)
  Read 2 with adapter:                 506,401 (53.4%)
Pairs written (passing filters):       948,112 (100.0%)

Total basepairs processed:   570,763,424 bp
  Read 1:   285,381,712 bp
  Read 2:   285,381,712 bp
Total written (filtered):    544,307,136 bp (95.4%)
  Read 1:   270,064,265 bp
  Read 2:   274,242,871 bp

=== First read: Adapter 1 ===

Sequence: GTGYCAGCMGCCGCGGTAA; Type: regular 5'; Length: 19; Trimmed: 729686 times

Minimum overlap: 3
No. of allowed errors:
1-9 bp: 0; 10-19 bp: 1

Overview of removed sequences
length	count	expect	max.err	error counts
3	37	14814.2	0	37
10	1	0.9	1	1
11	1	0.2	1	0 1
12	40	0.1	1	31 9
14	6	0.0	1	4 2
15	3	0.0	1	3
16	22	0.0	1	10 12
17	17	0.0	1	8 9
18	21	0.0	1	8 13
19	3083	0.0	1	1088 1995
20	4700	0.0	1	2620 2080
21	716159	0.0	1	475514 240645
22	5532	0.0	1	3911 1621
23	14	0.0	1	7 7
24	1	0.0	1	1
25	4	0.0	1	2 2
26	5	0.0	1	3 2
27	2	0.0	1	2
28	2	0.0	1	1 1
29	3	0.0	1	1 2
30	2	0.0	1	1 1
31	1	0.0	1	1
32	2	0.0	1	0 2
33	5	0.0	1	4 1
34	2	0.0	1	0 2
35	3	0.0	1	1 2
36	4	0.0	1	1 3
37	1	0.0	1	1
38	1	0.0	1	0 1
39	1	0.0	1	1
42	2	0.0	1	1 1
46	1	0.0	1	0 1
48	2	0.0	1	0 2
50	2	0.0	1	1 1
52	1	0.0	1	1
55	3	0.0	1	3


=== Second read: Adapter 2 ===

Sequence: GGACTACNVGGGTWTCTAAT; Type: regular 5'; Length: 20; Trimmed: 506401 times

Minimum overlap: 3
No. of allowed errors:
1-9 bp: 0; 10-19 bp: 1

Overview of removed sequences
length	count	expect	max.err	error counts
3	25	14814.2	0	25
4	1	3703.6	0	1
10	1	0.9	1	1
11	1	0.2	1	1
12	2	0.1	1	1 1
13	2	0.0	1	2
14	1	0.0	1	0 1
15	15	0.0	1	10 5
16	8	0.0	1	4 4
17	13	0.0	1	7 6
18	21	0.0	1	18 3
19	35	0.0	1	29 6
20	666	0.0	1	612 54
21	4717	0.0	1	1769 2948
22	496023	0.0	1	484621 11402
23	4847	0.0	1	3870 977
24	8	0.0	1	1 7
27	2	0.0	1	2
29	3	0.0	1	2 1
30	1	0.0	1	0 1
32	2	0.0	1	1 1
34	1	0.0	1	0 1
38	1	0.0	1	1
39	3	0.0	1	3
40	2	0.0	1	2
Running cutadapt on: 2024_Both05_Cont01_O9_gill_S142
This is cutadapt 5.2 with Python 3.13.15
Command line parameters: -j 4 -g GTGYCAGCMGCCGCGGTAA -G GGACTACNVGGGTWTCTAAT -o /scratch4/workspace/jade_fiorilla_student_uml_edu-rawseqorcc/trimmed-cutadapt/2024_Both05_Cont01_O9_gill_S142_R1_trim.fastq -p /scratch4/workspace/jade_fiorilla_student_uml_edu-rawseqorcc/trimmed-cutadapt/2024_Both05_Cont01_O9_gill_S142_R2_trim.fastq /scratch4/workspace/jade_fiorilla_student_uml_edu-rawseqorcc/fastq/2024_Both05_Cont01_O9_gill_S142_R1_001.fastq.gz /scratch4/workspace/jade_fiorilla_student_uml_edu-rawseqorcc/fastq/2024_Both05_Cont01_O9_gill_S142_R2_001.fastq.gz
Processing paired-end reads on 4 cores ...

=== Summary ===

Total read pairs processed:            931,699
  Read 1 with adapter:                 695,565 (74.7%)
  Read 2 with adapter:                 583,321 (62.6%)
Pairs written (passing filters):       931,699 (100.0%)

Total basepairs processed:   560,882,798 bp
  Read 1:   280,441,399 bp
  Read 2:   280,441,399 bp
Total written (filtered):    534,718,099 bp (95.3%)
  Read 1:   266,528,818 bp
  Read 2:   268,189,281 bp

=== First read: Adapter 1 ===

Sequence: GTGYCAGCMGCCGCGGTAA; Type: regular 5'; Length: 19; Trimmed: 695565 times

Minimum overlap: 3
No. of allowed errors:
1-9 bp: 0; 10-19 bp: 1

Overview of removed sequences
length	count	expect	max.err	error counts
3	38	14557.8	0	38
10	4	0.9	1	0 4
11	4	0.2	1	4
12	27	0.1	1	26 1
13	5	0.0	1	3 2
14	9	0.0	1	6 3
15	7	0.0	1	3 4
16	17	0.0	1	9 8
17	19	0.0	1	9 10
18	89	0.0	1	34 55
19	9049	0.0	1	5954 3095
20	678269	0.0	1	512000 166269
21	4962	0.0	1	3339 1623
22	3005	0.0	1	2209 796
23	11	0.0	1	2 9
24	6	0.0	1	5 1
25	4	0.0	1	2 2
26	1	0.0	1	0 1
28	1	0.0	1	1
29	2	0.0	1	2
31	6	0.0	1	6
32	5	0.0	1	4 1
33	2	0.0	1	2
34	2	0.0	1	1 1
35	5	0.0	1	2 3
37	4	0.0	1	4
38	2	0.0	1	1 1
40	2	0.0	1	0 2
41	1	0.0	1	0 1
43	1	0.0	1	0 1
45	3	0.0	1	0 3
46	1	0.0	1	0 1
51	1	0.0	1	1
59	1	0.0	1	1


=== Second read: Adapter 2 ===

Sequence: GGACTACNVGGGTWTCTAAT; Type: regular 5'; Length: 20; Trimmed: 583321 times

Minimum overlap: 3
No. of allowed errors:
1-9 bp: 0; 10-19 bp: 1

Overview of removed sequences
length	count	expect	max.err	error counts
3	30	14557.8	0	30
9	3	3.6	0	3
10	2	0.9	1	1 1
12	1	0.1	1	1
13	4	0.0	1	2 2
14	5	0.0	1	4 1
15	2	0.0	1	1 1
16	3	0.0	1	3
17	17	0.0	1	11 6
18	19	0.0	1	15 4
19	58	0.0	1	23 35
20	6555	0.0	1	3960 2595
21	569507	0.0	1	547865 21642
22	4589	0.0	1	2280 2309
23	2484	0.0	1	2332 152
24	21	0.0	1	4 17
25	1	0.0	1	1
26	2	0.0	1	2
27	2	0.0	1	2
31	2	0.0	1	2
32	3	0.0	1	0 3
33	1	0.0	1	1
34	2	0.0	1	2
36	2	0.0	1	1 1
37	3	0.0	1	3
40	2	0.0	1	2
42	1	0.0	1	1
Running cutadapt on: 2024_Both05_Cont01_O9_gut_S36
This is cutadapt 5.2 with Python 3.13.15
Command line parameters: -j 4 -g GTGYCAGCMGCCGCGGTAA -G GGACTACNVGGGTWTCTAAT -o /scratch4/workspace/jade_fiorilla_student_uml_edu-rawseqorcc/trimmed-cutadapt/2024_Both05_Cont01_O9_gut_S36_R1_trim.fastq -p /scratch4/workspace/jade_fiorilla_student_uml_edu-rawseqorcc/trimmed-cutadapt/2024_Both05_Cont01_O9_gut_S36_R2_trim.fastq /scratch4/workspace/jade_fiorilla_student_uml_edu-rawseqorcc/fastq/2024_Both05_Cont01_O9_gut_S36_R1_001.fastq.gz /scratch4/workspace/jade_fiorilla_student_uml_edu-rawseqorcc/fastq/2024_Both05_Cont01_O9_gut_S36_R2_001.fastq.gz
Processing paired-end reads on 4 cores ...

=== Summary ===

Total read pairs processed:            839,990
  Read 1 with adapter:                 617,981 (73.6%)
  Read 2 with adapter:                 221,916 (26.4%)
Pairs written (passing filters):       839,990 (100.0%)

Total basepairs processed:   505,673,980 bp
  Read 1:   252,836,990 bp
  Read 2:   252,836,990 bp
Total written (filtered):    489,471,672 bp (96.8%)
  Read 1:   241,079,760 bp
  Read 2:   248,391,912 bp

=== First read: Adapter 1 ===

Sequence: GTGYCAGCMGCCGCGGTAA; Type: regular 5'; Length: 19; Trimmed: 617981 times

Minimum overlap: 3
No. of allowed errors:
1-9 bp: 0; 10-19 bp: 1

Overview of removed sequences
length	count	expect	max.err	error counts
3	2	13124.8	0	2
5	1	820.3	0	1
9	1	3.2	0	1
10	1	0.8	1	0 1
12	34	0.1	1	13 21
13	5	0.0	1	0 5
15	8	0.0	1	3 5
16	14	0.0	1	3 11
17	38	0.0	1	21 17
18	849	0.0	1	131 718
19	606723	0.0	1	208848 397875
20	5239	0.0	1	3628 1611
21	4223	0.0	1	2503 1720
22	789	0.0	1	646 143
23	3	0.0	1	1 2
25	1	0.0	1	0 1
27	3	0.0	1	0 3
29	1	0.0	1	0 1
31	3	0.0	1	0 3
32	12	0.0	1	0 12
33	7	0.0	1	0 7
34	2	0.0	1	0 2
35	4	0.0	1	3 1
36	4	0.0	1	0 4
39	1	0.0	1	0 1
40	3	0.0	1	2 1
41	1	0.0	1	0 1
42	2	0.0	1	0 2
43	3	0.0	1	2 1
49	1	0.0	1	0 1
57	3	0.0	1	0 3


=== Second read: Adapter 2 ===

Sequence: GGACTACNVGGGTWTCTAAT; Type: regular 5'; Length: 20; Trimmed: 221916 times

Minimum overlap: 3
No. of allowed errors:
1-9 bp: 0; 10-19 bp: 1

Overview of removed sequences
length	count	expect	max.err	error counts
4	1	3281.2	0	1
10	1	0.8	1	1
13	2	0.0	1	2
15	1	0.0	1	0 1
17	4	0.0	1	3 1
18	14	0.0	1	10 4
19	934	0.0	1	149 785
20	215418	0.0	1	210147 5271
21	3703	0.0	1	3167 536
22	1455	0.0	1	1376 79
23	377	0.0	1	361 16
24	3	0.0	1	1 2
25	2	0.0	1	2
31	1	0.0	1	1
Running cutadapt on: 2024_Both05_Hyp02_O21_gill_S240
This is cutadapt 5.2 with Python 3.13.15
Command line parameters: -j 4 -g GTGYCAGCMGCCGCGGTAA -G GGACTACNVGGGTWTCTAAT -o /scratch4/workspace/jade_fiorilla_student_uml_edu-rawseqorcc/trimmed-cutadapt/2024_Both05_Hyp02_O21_gill_S240_R1_trim.fastq -p /scratch4/workspace/jade_fiorilla_student_uml_edu-rawseqorcc/trimmed-cutadapt/2024_Both05_Hyp02_O21_gill_S240_R2_trim.fastq /scratch4/workspace/jade_fiorilla_student_uml_edu-rawseqorcc/fastq/2024_Both05_Hyp02_O21_gill_S240_R1_001.fastq.gz /scratch4/workspace/jade_fiorilla_student_uml_edu-rawseqorcc/fastq/2024_Both05_Hyp02_O21_gill_S240_R2_001.fastq.gz
Processing paired-end reads on 4 cores ...

=== Summary ===

Total read pairs processed:            690,526
  Read 1 with adapter:                 494,561 (71.6%)
  Read 2 with adapter:                 653,107 (94.6%)
Pairs written (passing filters):       690,526 (100.0%)

Total basepairs processed:   415,696,652 bp
  Read 1:   207,848,326 bp
  Read 2:   207,848,326 bp
Total written (filtered):    393,229,577 bp (94.6%)
  Read 1:   198,447,196 bp
  Read 2:   194,782,381 bp

=== First read: Adapter 1 ===

Sequence: GTGYCAGCMGCCGCGGTAA; Type: regular 5'; Length: 19; Trimmed: 494561 times

Minimum overlap: 3
No. of allowed errors:
1-9 bp: 0; 10-19 bp: 1

Overview of removed sequences
length	count	expect	max.err	error counts
3	6	10789.5	0	6
9	3	2.6	0	3
11	4	0.2	1	1 3
12	44	0.0	1	43 1
13	2	0.0	1	1 1
14	3	0.0	1	3
15	7	0.0	1	3 4
16	27	0.0	1	18 9
17	45	0.0	1	25 20
18	1502	0.0	1	246 1256
19	489567	0.0	1	445225 44342
20	1660	0.0	1	711 949
21	252	0.0	1	236 16
22	1424	0.0	1	1272 152
23	1	0.0	1	0 1
25	1	0.0	1	1
28	1	0.0	1	1
29	1	0.0	1	1
30	1	0.0	1	1
31	2	0.0	1	2
32	1	0.0	1	1
33	1	0.0	1	1
37	3	0.0	1	2 1
47	3	0.0	1	0 3


=== Second read: Adapter 2 ===

Sequence: GGACTACNVGGGTWTCTAAT; Type: regular 5'; Length: 20; Trimmed: 653107 times

Minimum overlap: 3
No. of allowed errors:
1-9 bp: 0; 10-19 bp: 1

Overview of removed sequences
length	count	expect	max.err	error counts
3	4	10789.5	0	4
5	1	674.3	0	1
9	1	2.6	0	1
10	2	0.7	1	2
12	5	0.0	1	5
13	6	0.0	1	5 1
14	9	0.0	1	8 1
15	5	0.0	1	5
16	10	0.0	1	5 5
17	6	0.0	1	6
18	35	0.0	1	19 16
19	3653	0.0	1	435 3218
20	645505	0.0	1	624745 20760
21	1903	0.0	1	671 1232
22	145	0.0	1	124 21
23	1781	0.0	1	1694 87
24	7	0.0	1	3 4
25	4	0.0	1	4
26	3	0.0	1	3
27	3	0.0	1	3
28	1	0.0	1	1
29	4	0.0	1	4
30	1	0.0	1	1
31	1	0.0	1	1
32	6	0.0	1	5 1
34	1	0.0	1	0 1
35	1	0.0	1	1
38	4	0.0	1	4
Running cutadapt on: 2024_Both05_Hyp02_O21_gut_S37
This is cutadapt 5.2 with Python 3.13.15
Command line parameters: -j 4 -g GTGYCAGCMGCCGCGGTAA -G GGACTACNVGGGTWTCTAAT -o /scratch4/workspace/jade_fiorilla_student_uml_edu-rawseqorcc/trimmed-cutadapt/2024_Both05_Hyp02_O21_gut_S37_R1_trim.fastq -p /scratch4/workspace/jade_fiorilla_student_uml_edu-rawseqorcc/trimmed-cutadapt/2024_Both05_Hyp02_O21_gut_S37_R2_trim.fastq /scratch4/workspace/jade_fiorilla_student_uml_edu-rawseqorcc/fastq/2024_Both05_Hyp02_O21_gut_S37_R1_001.fastq.gz /scratch4/workspace/jade_fiorilla_student_uml_edu-rawseqorcc/fastq/2024_Both05_Hyp02_O21_gut_S37_R2_001.fastq.gz
Processing paired-end reads on 4 cores ...

=== Summary ===

Total read pairs processed:            716,630
  Read 1 with adapter:                 533,776 (74.5%)
  Read 2 with adapter:                 214,824 (30.0%)
Pairs written (passing filters):       716,630 (100.0%)

Total basepairs processed:   431,411,260 bp
  Read 1:   215,705,630 bp
  Read 2:   215,705,630 bp
Total written (filtered):    416,949,216 bp (96.6%)
  Read 1:   205,547,097 bp
  Read 2:   211,402,119 bp

=== First read: Adapter 1 ===

Sequence: GTGYCAGCMGCCGCGGTAA; Type: regular 5'; Length: 19; Trimmed: 533776 times

Minimum overlap: 3
No. of allowed errors:
1-9 bp: 0; 10-19 bp: 1

Overview of removed sequences
length	count	expect	max.err	error counts
3	8	11197.3	0	8
4	1	2799.3	0	1
10	2	0.7	1	2
12	26	0.0	1	9 17
13	3	0.0	1	2 1
14	2	0.0	1	0 2
15	3	0.0	1	3
16	18	0.0	1	5 13
17	44	0.0	1	11 33
18	875	0.0	1	122 753
19	521907	0.0	1	204572 317335
20	5892	0.0	1	3554 2338
21	3318	0.0	1	2124 1194
22	1637	0.0	1	1301 336
23	5	0.0	1	2 3
26	1	0.0	1	0 1
28	1	0.0	1	0 1
29	1	0.0	1	1
32	1	0.0	1	0 1
33	2	0.0	1	0 2
38	2	0.0	1	0 2
40	16	0.0	1	0 16
41	3	0.0	1	0 3
42	2	0.0	1	0 2
43	1	0.0	1	0 1
46	1	0.0	1	0 1
48	1	0.0	1	0 1
50	1	0.0	1	0 1
51	1	0.0	1	1
53	1	0.0	1	0 1


=== Second read: Adapter 2 ===

Sequence: GGACTACNVGGGTWTCTAAT; Type: regular 5'; Length: 20; Trimmed: 214824 times

Minimum overlap: 3
No. of allowed errors:
1-9 bp: 0; 10-19 bp: 1

Overview of removed sequences
length	count	expect	max.err	error counts
3	2	11197.3	0	2
5	1	699.8	0	1
11	2	0.2	1	2
13	1	0.0	1	0 1
14	5	0.0	1	1 4
15	1	0.0	1	0 1
16	2	0.0	1	0 2
17	10	0.0	1	9 1
18	11	0.0	1	9 2
19	915	0.0	1	113 802
20	208415	0.0	1	201419 6996
21	3590	0.0	1	3049 541
22	1156	0.0	1	1078 78
23	702	0.0	1	666 36
24	2	0.0	1	2
25	2	0.0	1	1 1
30	1	0.0	1	1
31	2	0.0	1	2
32	1	0.0	1	1
33	1	0.0	1	1
36	2	0.0	1	2
Running cutadapt on: 2024_Both05_Null_O36_gill_S270
This is cutadapt 5.2 with Python 3.13.15
Command line parameters: -j 4 -g GTGYCAGCMGCCGCGGTAA -G GGACTACNVGGGTWTCTAAT -o /scratch4/workspace/jade_fiorilla_student_uml_edu-rawseqorcc/trimmed-cutadapt/2024_Both05_Null_O36_gill_S270_R1_trim.fastq -p /scratch4/workspace/jade_fiorilla_student_uml_edu-rawseqorcc/trimmed-cutadapt/2024_Both05_Null_O36_gill_S270_R2_trim.fastq /scratch4/workspace/jade_fiorilla_student_uml_edu-rawseqorcc/fastq/2024_Both05_Null_O36_gill_S270_R1_001.fastq.gz /scratch4/workspace/jade_fiorilla_student_uml_edu-rawseqorcc/fastq/2024_Both05_Null_O36_gill_S270_R2_001.fastq.gz
Processing paired-end reads on 4 cores ...

=== Summary ===

Total read pairs processed:            675,108
  Read 1 with adapter:                 663,868 (98.3%)
  Read 2 with adapter:                 649,597 (96.2%)
Pairs written (passing filters):       675,108 (100.0%)

Total basepairs processed:   406,415,016 bp
  Read 1:   203,207,508 bp
  Read 2:   203,207,508 bp
Total written (filtered):    379,497,040 bp (93.4%)
  Read 1:   189,930,356 bp
  Read 2:   189,566,684 bp

=== First read: Adapter 1 ===

Sequence: GTGYCAGCMGCCGCGGTAA; Type: regular 5'; Length: 19; Trimmed: 663868 times

Minimum overlap: 3
No. of allowed errors:
1-9 bp: 0; 10-19 bp: 1

Overview of removed sequences
length	count	expect	max.err	error counts
9	4	2.6	0	4
11	1	0.2	1	0 1
12	25	0.0	1	25
13	5	0.0	1	5
14	8	0.0	1	3 5
15	6	0.0	1	4 2
16	20	0.0	1	19 1
17	18	0.0	1	10 8
18	87	0.0	1	48 39
19	2502	0.0	1	493 2009
20	658872	0.0	1	626708 32164
21	1964	0.0	1	645 1319
22	306	0.0	1	259 47
23	14	0.0	1	11 3
24	5	0.0	1	3 2
26	6	0.0	1	5 1
27	5	0.0	1	3 2
28	3	0.0	1	3
29	6	0.0	1	6
31	1	0.0	1	1
32	1	0.0	1	0 1
34	3	0.0	1	0 3
36	1	0.0	1	1
37	1	0.0	1	1
38	1	0.0	1	1
41	1	0.0	1	0 1
42	2	0.0	1	1 1


=== Second read: Adapter 2 ===

Sequence: GGACTACNVGGGTWTCTAAT; Type: regular 5'; Length: 20; Trimmed: 649597 times

Minimum overlap: 3
No. of allowed errors:
1-9 bp: 0; 10-19 bp: 1

Overview of removed sequences
length	count	expect	max.err	error counts
3	1	10548.6	0	1
9	1	2.6	0	1
10	7	0.6	1	7
11	1	0.2	1	1
12	4	0.0	1	3 1
13	5	0.0	1	5
14	4	0.0	1	4
16	1	0.0	1	1
17	10	0.0	1	8 2
18	14	0.0	1	12 2
19	57	0.0	1	37 20
20	2828	0.0	1	336 2492
21	644501	0.0	1	625538 18963
22	2021	0.0	1	703 1318
23	114	0.0	1	111 3
25	1	0.0	1	1
26	3	0.0	1	3
27	5	0.0	1	5
28	2	0.0	1	2
29	4	0.0	1	3 1
30	2	0.0	1	2
31	1	0.0	1	1
34	4	0.0	1	4
37	1	0.0	1	1
38	1	0.0	1	1
41	4	0.0	1	4
Running cutadapt on: 2024_Both05_Null_O36_gut_S73
This is cutadapt 5.2 with Python 3.13.15
Command line parameters: -j 4 -g GTGYCAGCMGCCGCGGTAA -G GGACTACNVGGGTWTCTAAT -o /scratch4/workspace/jade_fiorilla_student_uml_edu-rawseqorcc/trimmed-cutadapt/2024_Both05_Null_O36_gut_S73_R1_trim.fastq -p /scratch4/workspace/jade_fiorilla_student_uml_edu-rawseqorcc/trimmed-cutadapt/2024_Both05_Null_O36_gut_S73_R2_trim.fastq /scratch4/workspace/jade_fiorilla_student_uml_edu-rawseqorcc/fastq/2024_Both05_Null_O36_gut_S73_R1_001.fastq.gz /scratch4/workspace/jade_fiorilla_student_uml_edu-rawseqorcc/fastq/2024_Both05_Null_O36_gut_S73_R2_001.fastq.gz
Processing paired-end reads on 4 cores ...

=== Summary ===

Total read pairs processed:            893,274
  Read 1 with adapter:                 736,074 (82.4%)
  Read 2 with adapter:                 563,069 (63.0%)
Pairs written (passing filters):       893,274 (100.0%)

Total basepairs processed:   537,750,948 bp
  Read 1:   268,875,474 bp
  Read 2:   268,875,474 bp
Total written (filtered):    511,202,355 bp (95.1%)
  Read 1:   254,152,810 bp
  Read 2:   257,049,545 bp

=== First read: Adapter 1 ===

Sequence: GTGYCAGCMGCCGCGGTAA; Type: regular 5'; Length: 19; Trimmed: 736074 times

Minimum overlap: 3
No. of allowed errors:
1-9 bp: 0; 10-19 bp: 1

Overview of removed sequences
length	count	expect	max.err	error counts
3	7	13957.4	0	7
8	2	13.6	0	2
9	1	3.4	0	1
11	1	0.2	1	1
12	43	0.1	1	36 7
13	4	0.0	1	3 1
14	9	0.0	1	4 5
15	7	0.0	1	4 3
16	26	0.0	1	12 14
17	15	0.0	1	6 9
18	77	0.0	1	21 56
19	6426	0.0	1	2453 3973
20	723063	0.0	1	535823 187240
21	4878	0.0	1	2570 2308
22	1466	0.0	1	1306 160
23	7	0.0	1	3 4
24	1	0.0	1	0 1
25	1	0.0	1	1
26	3	0.0	1	2 1
27	1	0.0	1	1
28	4	0.0	1	3 1
29	1	0.0	1	1
30	1	0.0	1	0 1
31	3	0.0	1	3
32	1	0.0	1	1
33	2	0.0	1	2
34	1	0.0	1	1
36	3	0.0	1	0 3
37	1	0.0	1	0 1
38	1	0.0	1	1
39	2	0.0	1	2
40	4	0.0	1	1 3
41	4	0.0	1	4
46	1	0.0	1	1
50	2	0.0	1	2
53	5	0.0	1	0 5


=== Second read: Adapter 2 ===

Sequence: GGACTACNVGGGTWTCTAAT; Type: regular 5'; Length: 20; Trimmed: 563069 times

Minimum overlap: 3
No. of allowed errors:
1-9 bp: 0; 10-19 bp: 1

Overview of removed sequences
length	count	expect	max.err	error counts
3	5	13957.4	0	5
8	1	13.6	0	1
9	2	3.4	0	2
10	2	0.9	1	1 1
12	1	0.1	1	0 1
13	2	0.0	1	2
14	6	0.0	1	4 2
15	5	0.0	1	3 2
16	9	0.0	1	5 4
17	6	0.0	1	5 1
18	12	0.0	1	10 2
19	53	0.0	1	28 25
20	3683	0.0	1	1346 2337
21	555146	0.0	1	544558 10588
22	2727	0.0	1	1490 1237
23	1392	0.0	1	1312 80
24	5	0.0	1	4 1
25	2	0.0	1	2
26	1	0.0	1	1
27	6	0.0	1	2 4
28	1	0.0	1	1
36	1	0.0	1	1
44	1	0.0	1	1
Running cutadapt on: 2024_Both05_Warm03_O33_gill_S272
This is cutadapt 5.2 with Python 3.13.15
Command line parameters: -j 4 -g GTGYCAGCMGCCGCGGTAA -G GGACTACNVGGGTWTCTAAT -o /scratch4/workspace/jade_fiorilla_student_uml_edu-rawseqorcc/trimmed-cutadapt/2024_Both05_Warm03_O33_gill_S272_R1_trim.fastq -p /scratch4/workspace/jade_fiorilla_student_uml_edu-rawseqorcc/trimmed-cutadapt/2024_Both05_Warm03_O33_gill_S272_R2_trim.fastq /scratch4/workspace/jade_fiorilla_student_uml_edu-rawseqorcc/fastq/2024_Both05_Warm03_O33_gill_S272_R1_001.fastq.gz /scratch4/workspace/jade_fiorilla_student_uml_edu-rawseqorcc/fastq/2024_Both05_Warm03_O33_gill_S272_R2_001.fastq.gz
Processing paired-end reads on 4 cores ...

=== Summary ===

Total read pairs processed:            753,768
  Read 1 with adapter:                 718,556 (95.3%)
  Read 2 with adapter:                 693,425 (92.0%)
Pairs written (passing filters):       753,768 (100.0%)

Total basepairs processed:   453,768,336 bp
  Read 1:   226,884,168 bp
  Read 2:   226,884,168 bp
Total written (filtered):    424,836,347 bp (93.6%)
  Read 1:   212,513,395 bp
  Read 2:   212,322,952 bp

=== First read: Adapter 1 ===

Sequence: GTGYCAGCMGCCGCGGTAA; Type: regular 5'; Length: 19; Trimmed: 718556 times

Minimum overlap: 3
No. of allowed errors:
1-9 bp: 0; 10-19 bp: 1

Overview of removed sequences
length	count	expect	max.err	error counts
9	6	2.9	0	6
11	1	0.2	1	1
12	29	0.0	1	27 2
13	3	0.0	1	1 2
14	3	0.0	1	3
15	8	0.0	1	2 6
16	18	0.0	1	17 1
17	15	0.0	1	11 4
18	96	0.0	1	42 54
19	3851	0.0	1	1790 2061
20	711215	0.0	1	661381 49834
21	2919	0.0	1	1418 1501
22	346	0.0	1	302 44
23	5	0.0	1	5
24	3	0.0	1	2 1
25	1	0.0	1	1
27	2	0.0	1	2
28	1	0.0	1	1
29	5	0.0	1	3 2
30	2	0.0	1	2
31	3	0.0	1	2 1
32	2	0.0	1	2
33	1	0.0	1	1
34	3	0.0	1	3
35	3	0.0	1	3
36	2	0.0	1	1 1
37	2	0.0	1	1 1
38	2	0.0	1	2
39	2	0.0	1	2
42	3	0.0	1	0 3
43	1	0.0	1	1
45	1	0.0	1	0 1
48	1	0.0	1	0 1
50	1	0.0	1	0 1


=== Second read: Adapter 2 ===

Sequence: GGACTACNVGGGTWTCTAAT; Type: regular 5'; Length: 20; Trimmed: 693425 times

Minimum overlap: 3
No. of allowed errors:
1-9 bp: 0; 10-19 bp: 1

Overview of removed sequences
length	count	expect	max.err	error counts
3	4	11777.6	0	4
10	1	0.7	1	0 1
11	3	0.2	1	2 1
12	2	0.0	1	2
13	5	0.0	1	5
14	11	0.0	1	2 9
15	2	0.0	1	0 2
16	8	0.0	1	7 1
17	3	0.0	1	3
18	15	0.0	1	6 9
19	34	0.0	1	12 22
20	4072	0.0	1	1275 2797
21	685992	0.0	1	664232 21760
22	3111	0.0	1	1724 1387
23	129	0.0	1	112 17
24	2	0.0	1	1 1
25	5	0.0	1	5
28	2	0.0	1	2
29	1	0.0	1	1
30	1	0.0	1	1
31	2	0.0	1	1 1
32	2	0.0	1	2
33	1	0.0	1	0 1
34	4	0.0	1	4
35	2	0.0	1	2
36	1	0.0	1	1
37	2	0.0	1	2
39	1	0.0	1	1
40	1	0.0	1	1
43	2	0.0	1	2
44	1	0.0	1	1
46	1	0.0	1	1
47	2	0.0	1	2
Running cutadapt on: 2024_Both05_Warm03_O33_gut_S1
This is cutadapt 5.2 with Python 3.13.15
Command line parameters: -j 4 -g GTGYCAGCMGCCGCGGTAA -G GGACTACNVGGGTWTCTAAT -o /scratch4/workspace/jade_fiorilla_student_uml_edu-rawseqorcc/trimmed-cutadapt/2024_Both05_Warm03_O33_gut_S1_R1_trim.fastq -p /scratch4/workspace/jade_fiorilla_student_uml_edu-rawseqorcc/trimmed-cutadapt/2024_Both05_Warm03_O33_gut_S1_R2_trim.fastq /scratch4/workspace/jade_fiorilla_student_uml_edu-rawseqorcc/fastq/2024_Both05_Warm03_O33_gut_S1_R1_001.fastq.gz /scratch4/workspace/jade_fiorilla_student_uml_edu-rawseqorcc/fastq/2024_Both05_Warm03_O33_gut_S1_R2_001.fastq.gz
Processing paired-end reads on 4 cores ...

=== Summary ===

Total read pairs processed:            839,725
  Read 1 with adapter:                 735,652 (87.6%)
  Read 2 with adapter:                 727,944 (86.7%)
Pairs written (passing filters):       839,725 (100.0%)

Total basepairs processed:   505,514,450 bp
  Read 1:   252,757,225 bp
  Read 2:   252,757,225 bp
Total written (filtered):    472,696,154 bp (93.5%)
  Read 1:   236,638,433 bp
  Read 2:   236,057,721 bp

=== First read: Adapter 1 ===

Sequence: GTGYCAGCMGCCGCGGTAA; Type: regular 5'; Length: 19; Trimmed: 735652 times

Minimum overlap: 3
No. of allowed errors:
1-9 bp: 0; 10-19 bp: 1

Overview of removed sequences
length	count	expect	max.err	error counts
3	2338	13120.7	0	2338
4	4	3280.2	0	4
8	1	12.8	0	1
9	10	3.2	0	10
12	130	0.1	1	116 14
13	17	0.0	1	11 6
14	18	0.0	1	10 8
15	22	0.0	1	9 13
16	72	0.0	1	59 13
17	58	0.0	1	18 40
18	124	0.0	1	83 41
19	2804	0.0	1	1181 1623
20	2847	0.0	1	2342 505
21	5918	0.0	1	2739 3179
22	719581	0.0	1	663592 55989
23	1649	0.0	1	521 1128
24	12	0.0	1	11 1
25	9	0.0	1	6 3
26	6	0.0	1	6
27	1	0.0	1	1
28	4	0.0	1	4
29	11	0.0	1	11
30	3	0.0	1	3
31	1	0.0	1	1
35	1	0.0	1	0 1
36	2	0.0	1	1 1
37	2	0.0	1	1 1
38	2	0.0	1	2
39	1	0.0	1	1
43	2	0.0	1	2
47	1	0.0	1	1
51	1	0.0	1	1


=== Second read: Adapter 2 ===

Sequence: GGACTACNVGGGTWTCTAAT; Type: regular 5'; Length: 20; Trimmed: 727944 times

Minimum overlap: 3
No. of allowed errors:
1-9 bp: 0; 10-19 bp: 1

Overview of removed sequences
length	count	expect	max.err	error counts
3	1763	13120.7	0	1763
4	1	3280.2	0	1
5	1	820.0	0	1
10	2	0.8	1	2
11	2	0.2	1	0 2
12	3	0.1	1	2 1
13	12	0.0	1	7 5
14	15	0.0	1	7 8
15	8	0.0	1	3 5
16	11	0.0	1	3 8
17	14	0.0	1	11 3
18	31	0.0	1	26 5
19	49	0.0	1	29 20
20	632	0.0	1	585 47
21	1291	0.0	1	1165 126
22	5070	0.0	1	1656 3414
23	716888	0.0	1	698934 17954
24	2105	0.0	1	709 1396
25	7	0.0	1	6 1
26	6	0.0	1	5 1
27	1	0.0	1	1
28	7	0.0	1	7
29	1	0.0	1	1
31	1	0.0	1	1
32	3	0.0	1	2 1
33	2	0.0	1	1 1
35	1	0.0	1	1
37	1	0.0	1	1
38	2	0.0	1	2
40	2	0.0	1	2
41	11	0.0	1	10 1
49	1	0.0	1	1
Running cutadapt on: 2024_Both06_Cont02_O24_gill_S216
This is cutadapt 5.2 with Python 3.13.15
Command line parameters: -j 4 -g GTGYCAGCMGCCGCGGTAA -G GGACTACNVGGGTWTCTAAT -o /scratch4/workspace/jade_fiorilla_student_uml_edu-rawseqorcc/trimmed-cutadapt/2024_Both06_Cont02_O24_gill_S216_R1_trim.fastq -p /scratch4/workspace/jade_fiorilla_student_uml_edu-rawseqorcc/trimmed-cutadapt/2024_Both06_Cont02_O24_gill_S216_R2_trim.fastq /scratch4/workspace/jade_fiorilla_student_uml_edu-rawseqorcc/fastq/2024_Both06_Cont02_O24_gill_S216_R1_001.fastq.gz /scratch4/workspace/jade_fiorilla_student_uml_edu-rawseqorcc/fastq/2024_Both06_Cont02_O24_gill_S216_R2_001.fastq.gz
Processing paired-end reads on 4 cores ...

=== Summary ===

Total read pairs processed:            451,731
  Read 1 with adapter:                 430,549 (95.3%)
  Read 2 with adapter:                 426,903 (94.5%)
Pairs written (passing filters):       451,731 (100.0%)

Total basepairs processed:   271,942,062 bp
  Read 1:   135,971,031 bp
  Read 2:   135,971,031 bp
Total written (filtered):    254,365,250 bp (93.5%)
  Read 1:   127,359,545 bp
  Read 2:   127,005,705 bp

=== First read: Adapter 1 ===

Sequence: GTGYCAGCMGCCGCGGTAA; Type: regular 5'; Length: 19; Trimmed: 430549 times

Minimum overlap: 3
No. of allowed errors:
1-9 bp: 0; 10-19 bp: 1

Overview of removed sequences
length	count	expect	max.err	error counts
11	2	0.1	1	2
12	15	0.0	1	15
13	2	0.0	1	1 1
15	2	0.0	1	1 1
16	8	0.0	1	8
17	4	0.0	1	2 2
18	48	0.0	1	28 20
19	2275	0.0	1	909 1366
20	425821	0.0	1	402903 22918
21	2119	0.0	1	1348 771
22	216	0.0	1	190 26
23	1	0.0	1	1
24	6	0.0	1	6
27	1	0.0	1	1
28	2	0.0	1	2
30	2	0.0	1	1 1
32	2	0.0	1	1 1
34	1	0.0	1	1
35	10	0.0	1	9 1
36	1	0.0	1	0 1
39	2	0.0	1	1 1
40	3	0.0	1	3
44	2	0.0	1	2
45	2	0.0	1	2
47	1	0.0	1	1
55	1	0.0	1	0 1


=== Second read: Adapter 2 ===

Sequence: GGACTACNVGGGTWTCTAAT; Type: regular 5'; Length: 20; Trimmed: 426903 times

Minimum overlap: 3
No. of allowed errors:
1-9 bp: 0; 10-19 bp: 1

Overview of removed sequences
length	count	expect	max.err	error counts
12	1	0.0	1	1
13	3	0.0	1	2 1
14	12	0.0	1	7 5
15	7	0.0	1	2 5
16	6	0.0	1	0 6
17	9	0.0	1	7 2
18	6	0.0	1	2 4
19	25	0.0	1	12 13
20	2247	0.0	1	506 1741
21	421889	0.0	1	359041 62848
22	2588	0.0	1	1684 904
23	94	0.0	1	86 8
24	2	0.0	1	1 1
25	1	0.0	1	1
26	1	0.0	1	1
27	2	0.0	1	1 1
28	2	0.0	1	2
29	4	0.0	1	2 2
32	2	0.0	1	2
34	1	0.0	1	1
40	1	0.0	1	1
Running cutadapt on: 2024_Both06_Cont02_O24_gut_S38
This is cutadapt 5.2 with Python 3.13.15
Command line parameters: -j 4 -g GTGYCAGCMGCCGCGGTAA -G GGACTACNVGGGTWTCTAAT -o /scratch4/workspace/jade_fiorilla_student_uml_edu-rawseqorcc/trimmed-cutadapt/2024_Both06_Cont02_O24_gut_S38_R1_trim.fastq -p /scratch4/workspace/jade_fiorilla_student_uml_edu-rawseqorcc/trimmed-cutadapt/2024_Both06_Cont02_O24_gut_S38_R2_trim.fastq /scratch4/workspace/jade_fiorilla_student_uml_edu-rawseqorcc/fastq/2024_Both06_Cont02_O24_gut_S38_R1_001.fastq.gz /scratch4/workspace/jade_fiorilla_student_uml_edu-rawseqorcc/fastq/2024_Both06_Cont02_O24_gut_S38_R2_001.fastq.gz
Processing paired-end reads on 4 cores ...

=== Summary ===

Total read pairs processed:            807,539
  Read 1 with adapter:                 679,884 (84.2%)
  Read 2 with adapter:                 432,353 (53.5%)
Pairs written (passing filters):       807,539 (100.0%)

Total basepairs processed:   486,138,478 bp
  Read 1:   243,069,239 bp
  Read 2:   243,069,239 bp
Total written (filtered):    464,552,479 bp (95.6%)
  Read 1:   230,136,731 bp
  Read 2:   234,415,748 bp

=== First read: Adapter 1 ===

Sequence: GTGYCAGCMGCCGCGGTAA; Type: regular 5'; Length: 19; Trimmed: 679884 times

Minimum overlap: 3
No. of allowed errors:
1-9 bp: 0; 10-19 bp: 1

Overview of removed sequences
length	count	expect	max.err	error counts
3	1	12617.8	0	1
9	4	3.1	0	4
10	1	0.8	1	1
11	3	0.2	1	1 2
12	32	0.0	1	25 7
13	7	0.0	1	2 5
14	3	0.0	1	3
15	7	0.0	1	2 5
16	25	0.0	1	16 9
17	64	0.0	1	35 29
18	1658	0.0	1	276 1382
19	666932	0.0	1	420969 245963
20	6975	0.0	1	4377 2598
21	2878	0.0	1	1612 1266
22	1262	0.0	1	980 282
23	3	0.0	1	1 2
27	2	0.0	1	0 2
28	3	0.0	1	0 3
30	1	0.0	1	0 1
31	2	0.0	1	1 1
32	10	0.0	1	0 10
35	2	0.0	1	2
37	3	0.0	1	1 2
40	2	0.0	1	1 1
42	2	0.0	1	0 2
46	1	0.0	1	0 1
52	1	0.0	1	0 1


=== Second read: Adapter 2 ===

Sequence: GGACTACNVGGGTWTCTAAT; Type: regular 5'; Length: 20; Trimmed: 432353 times

Minimum overlap: 3
No. of allowed errors:
1-9 bp: 0; 10-19 bp: 1

Overview of removed sequences
length	count	expect	max.err	error counts
3	2	12617.8	0	2
11	2	0.2	1	0 2
12	4	0.0	1	4
13	2	0.0	1	1 1
14	5	0.0	1	1 4
15	2	0.0	1	2
16	4	0.0	1	0 4
17	7	0.0	1	3 4
18	13	0.0	1	10 3
19	2048	0.0	1	284 1764
20	423995	0.0	1	414593 9402
21	4654	0.0	1	3654 1000
22	981	0.0	1	896 85
23	623	0.0	1	588 35
24	1	0.0	1	0 1
26	2	0.0	1	2
39	2	0.0	1	2
40	1	0.0	1	1
42	1	0.0	1	1
44	1	0.0	1	1
45	3	0.0	1	3
Running cutadapt on: 2024_Both06_Hyp03_O35_gill_S258
This is cutadapt 5.2 with Python 3.13.15
Command line parameters: -j 4 -g GTGYCAGCMGCCGCGGTAA -G GGACTACNVGGGTWTCTAAT -o /scratch4/workspace/jade_fiorilla_student_uml_edu-rawseqorcc/trimmed-cutadapt/2024_Both06_Hyp03_O35_gill_S258_R1_trim.fastq -p /scratch4/workspace/jade_fiorilla_student_uml_edu-rawseqorcc/trimmed-cutadapt/2024_Both06_Hyp03_O35_gill_S258_R2_trim.fastq /scratch4/workspace/jade_fiorilla_student_uml_edu-rawseqorcc/fastq/2024_Both06_Hyp03_O35_gill_S258_R1_001.fastq.gz /scratch4/workspace/jade_fiorilla_student_uml_edu-rawseqorcc/fastq/2024_Both06_Hyp03_O35_gill_S258_R2_001.fastq.gz
Processing paired-end reads on 4 cores ...

=== Summary ===

Total read pairs processed:            637,523
  Read 1 with adapter:                 611,369 (95.9%)
  Read 2 with adapter:                 617,445 (96.9%)
Pairs written (passing filters):       637,523 (100.0%)

Total basepairs processed:   383,788,846 bp
  Read 1:   191,894,423 bp
  Read 2:   191,894,423 bp
Total written (filtered):    357,386,364 bp (93.1%)
  Read 1:   179,065,591 bp
  Read 2:   178,320,773 bp

=== First read: Adapter 1 ===

Sequence: GTGYCAGCMGCCGCGGTAA; Type: regular 5'; Length: 19; Trimmed: 611369 times

Minimum overlap: 3
No. of allowed errors:
1-9 bp: 0; 10-19 bp: 1

Overview of removed sequences
length	count	expect	max.err	error counts
3	6	9961.3	0	6
9	1	2.4	0	1
10	3	0.6	1	3
11	2	0.2	1	0 2
12	18	0.0	1	17 1
13	4	0.0	1	3 1
14	10	0.0	1	7 3
15	9	0.0	1	6 3
16	9	0.0	1	8 1
17	6	0.0	1	4 2
18	36	0.0	1	14 22
19	4315	0.0	1	4165 150
20	2444	0.0	1	749 1695
21	602881	0.0	1	570986 31895
22	1598	0.0	1	675 923
23	3	0.0	1	3
24	5	0.0	1	5
25	1	0.0	1	1
27	3	0.0	1	3
28	1	0.0	1	1
29	5	0.0	1	3 2
30	3	0.0	1	3
32	1	0.0	1	0 1
36	2	0.0	1	2
44	3	0.0	1	3


=== Second read: Adapter 2 ===

Sequence: GGACTACNVGGGTWTCTAAT; Type: regular 5'; Length: 20; Trimmed: 617445 times

Minimum overlap: 3
No. of allowed errors:
1-9 bp: 0; 10-19 bp: 1

Overview of removed sequences
length	count	expect	max.err	error counts
3	2	9961.3	0	2
9	1	2.4	0	1
10	2	0.6	1	1 1
11	1	0.2	1	1
12	8	0.0	1	3 5
13	3	0.0	1	3
14	9	0.0	1	3 6
15	11	0.0	1	1 10
16	11	0.0	1	6 5
17	10	0.0	1	5 5
18	33	0.0	1	30 3
19	49	0.0	1	29 20
20	3576	0.0	1	3429 147
21	4719	0.0	1	884 3835
22	606834	0.0	1	582974 23860
23	2148	0.0	1	1024 1124
24	7	0.0	1	3 4
27	3	0.0	1	3
28	1	0.0	1	1
30	1	0.0	1	1
32	1	0.0	1	1
35	1	0.0	1	1
36	7	0.0	1	7
39	2	0.0	1	2
44	2	0.0	1	2
48	3	0.0	1	0 3
Running cutadapt on: 2024_Both06_Hyp03_O35_gut_S266
This is cutadapt 5.2 with Python 3.13.15
Command line parameters: -j 4 -g GTGYCAGCMGCCGCGGTAA -G GGACTACNVGGGTWTCTAAT -o /scratch4/workspace/jade_fiorilla_student_uml_edu-rawseqorcc/trimmed-cutadapt/2024_Both06_Hyp03_O35_gut_S266_R1_trim.fastq -p /scratch4/workspace/jade_fiorilla_student_uml_edu-rawseqorcc/trimmed-cutadapt/2024_Both06_Hyp03_O35_gut_S266_R2_trim.fastq /scratch4/workspace/jade_fiorilla_student_uml_edu-rawseqorcc/fastq/2024_Both06_Hyp03_O35_gut_S266_R1_001.fastq.gz /scratch4/workspace/jade_fiorilla_student_uml_edu-rawseqorcc/fastq/2024_Both06_Hyp03_O35_gut_S266_R2_001.fastq.gz
Processing paired-end reads on 4 cores ...

=== Summary ===

Total read pairs processed:            801,425
  Read 1 with adapter:                 776,585 (96.9%)
  Read 2 with adapter:                 756,934 (94.4%)
Pairs written (passing filters):       801,425 (100.0%)

Total basepairs processed:   482,457,850 bp
  Read 1:   241,228,925 bp
  Read 2:   241,228,925 bp
Total written (filtered):    451,033,552 bp (93.5%)
  Read 1:   225,698,797 bp
  Read 2:   225,334,755 bp

=== First read: Adapter 1 ===

Sequence: GTGYCAGCMGCCGCGGTAA; Type: regular 5'; Length: 19; Trimmed: 776585 times

Minimum overlap: 3
No. of allowed errors:
1-9 bp: 0; 10-19 bp: 1

Overview of removed sequences
length	count	expect	max.err	error counts
9	2	3.1	0	2
11	1	0.2	1	1
12	29	0.0	1	27 2
13	9	0.0	1	5 4
14	10	0.0	1	7 3
15	5	0.0	1	2 3
16	19	0.0	1	15 4
17	21	0.0	1	8 13
18	94	0.0	1	40 54
19	3816	0.0	1	1518 2298
20	770005	0.0	1	728710 41295
21	2481	0.0	1	938 1543
22	51	0.0	1	43 8
23	8	0.0	1	8
24	2	0.0	1	2
25	4	0.0	1	3 1
26	1	0.0	1	1
27	3	0.0	1	3
28	3	0.0	1	3
29	6	0.0	1	5 1
31	2	0.0	1	2
32	3	0.0	1	0 3
33	2	0.0	1	2
34	1	0.0	1	1
36	1	0.0	1	1
38	2	0.0	1	2
40	1	0.0	1	1
44	3	0.0	1	2 1


=== Second read: Adapter 2 ===

Sequence: GGACTACNVGGGTWTCTAAT; Type: regular 5'; Length: 20; Trimmed: 756934 times

Minimum overlap: 3
No. of allowed errors:
1-9 bp: 0; 10-19 bp: 1

Overview of removed sequences
length	count	expect	max.err	error counts
3	7	12522.3	0	7
11	3	0.2	1	2 1
12	1	0.0	1	1
13	12	0.0	1	12
14	9	0.0	1	3 6
15	6	0.0	1	0 6
16	3	0.0	1	0 3
17	3	0.0	1	3
18	30	0.0	1	27 3
19	56	0.0	1	31 25
20	3626	0.0	1	561 3065
21	750734	0.0	1	727102 23632
22	2376	0.0	1	937 1439
23	31	0.0	1	25 6
24	1	0.0	1	1
25	1	0.0	1	1
26	6	0.0	1	6
27	1	0.0	1	1
28	6	0.0	1	6
29	1	0.0	1	0 1
30	6	0.0	1	6
31	5	0.0	1	5
32	4	0.0	1	4
34	1	0.0	1	1
35	1	0.0	1	1
36	2	0.0	1	1 1
38	1	0.0	1	1
39	1	0.0	1	1
Running cutadapt on: 2024_Both06_Hyp06_O72_gill_S193
This is cutadapt 5.2 with Python 3.13.15
Command line parameters: -j 4 -g GTGYCAGCMGCCGCGGTAA -G GGACTACNVGGGTWTCTAAT -o /scratch4/workspace/jade_fiorilla_student_uml_edu-rawseqorcc/trimmed-cutadapt/2024_Both06_Hyp06_O72_gill_S193_R1_trim.fastq -p /scratch4/workspace/jade_fiorilla_student_uml_edu-rawseqorcc/trimmed-cutadapt/2024_Both06_Hyp06_O72_gill_S193_R2_trim.fastq /scratch4/workspace/jade_fiorilla_student_uml_edu-rawseqorcc/fastq/2024_Both06_Hyp06_O72_gill_S193_R1_001.fastq.gz /scratch4/workspace/jade_fiorilla_student_uml_edu-rawseqorcc/fastq/2024_Both06_Hyp06_O72_gill_S193_R2_001.fastq.gz
Processing paired-end reads on 4 cores ...

=== Summary ===

Total read pairs processed:            917,630
  Read 1 with adapter:                 879,303 (95.8%)
  Read 2 with adapter:                 863,395 (94.1%)
Pairs written (passing filters):       917,630 (100.0%)

Total basepairs processed:   552,413,260 bp
  Read 1:   276,206,630 bp
  Read 2:   276,206,630 bp
Total written (filtered):    513,258,258 bp (92.9%)
  Read 1:   256,887,330 bp
  Read 2:   256,370,928 bp

=== First read: Adapter 1 ===

Sequence: GTGYCAGCMGCCGCGGTAA; Type: regular 5'; Length: 19; Trimmed: 879303 times

Minimum overlap: 3
No. of allowed errors:
1-9 bp: 0; 10-19 bp: 1

Overview of removed sequences
length	count	expect	max.err	error counts
3	812	14338.0	0	812
4	1	3584.5	0	1
9	7	3.5	0	7
11	9	0.2	1	8 1
12	178	0.1	1	170 8
13	23	0.0	1	18 5
14	20	0.0	1	5 15
15	26	0.0	1	10 16
16	54	0.0	1	42 12
17	73	0.0	1	39 34
18	147	0.0	1	114 33
19	671	0.0	1	593 78
20	1016	0.0	1	762 254
21	4920	0.0	1	1922 2998
22	869158	0.0	1	825816 43342
23	2112	0.0	1	695 1417
24	11	0.0	1	9 2
25	4	0.0	1	4
26	7	0.0	1	3 4
27	4	0.0	1	4
28	1	0.0	1	1
29	6	0.0	1	6
30	7	0.0	1	7
31	5	0.0	1	3 2
32	1	0.0	1	1
33	4	0.0	1	3 1
34	4	0.0	1	3 1
35	2	0.0	1	2
36	4	0.0	1	3 1
38	6	0.0	1	5 1
39	5	0.0	1	4 1
41	1	0.0	1	1
49	2	0.0	1	2
52	2	0.0	1	2


=== Second read: Adapter 2 ===

Sequence: GGACTACNVGGGTWTCTAAT; Type: regular 5'; Length: 20; Trimmed: 863395 times

Minimum overlap: 3
No. of allowed errors:
1-9 bp: 0; 10-19 bp: 1

Overview of removed sequences
length	count	expect	max.err	error counts
3	804	14338.0	0	804
5	4	896.1	0	4
9	2	3.5	0	2
10	3	0.9	1	2 1
11	3	0.2	1	2 1
12	7	0.1	1	4 3
13	5	0.0	1	4 1
14	10	0.0	1	4 6
15	7	0.0	1	6 1
16	25	0.0	1	1 24
17	16	0.0	1	11 5
18	32	0.0	1	22 10
19	57	0.0	1	35 22
20	422	0.0	1	377 45
21	664	0.0	1	564 100
22	5445	0.0	1	1493 3952
23	853642	0.0	1	836472 17170
24	2179	0.0	1	830 1349
25	10	0.0	1	8 2
26	7	0.0	1	4 3
27	4	0.0	1	4
28	1	0.0	1	1
29	7	0.0	1	7
30	3	0.0	1	3
31	8	0.0	1	7 1
32	4	0.0	1	4
33	1	0.0	1	1
34	2	0.0	1	2
35	1	0.0	1	1
36	2	0.0	1	2
39	4	0.0	1	4
40	2	0.0	1	2
41	4	0.0	1	4
43	2	0.0	1	2
49	5	0.0	1	4 1
52	1	0.0	1	1
Running cutadapt on: 2024_Both06_Hyp06_O72_gut_S2
This is cutadapt 5.2 with Python 3.13.15
Command line parameters: -j 4 -g GTGYCAGCMGCCGCGGTAA -G GGACTACNVGGGTWTCTAAT -o /scratch4/workspace/jade_fiorilla_student_uml_edu-rawseqorcc/trimmed-cutadapt/2024_Both06_Hyp06_O72_gut_S2_R1_trim.fastq -p /scratch4/workspace/jade_fiorilla_student_uml_edu-rawseqorcc/trimmed-cutadapt/2024_Both06_Hyp06_O72_gut_S2_R2_trim.fastq /scratch4/workspace/jade_fiorilla_student_uml_edu-rawseqorcc/fastq/2024_Both06_Hyp06_O72_gut_S2_R1_001.fastq.gz /scratch4/workspace/jade_fiorilla_student_uml_edu-rawseqorcc/fastq/2024_Both06_Hyp06_O72_gut_S2_R2_001.fastq.gz
Processing paired-end reads on 4 cores ...

=== Summary ===

Total read pairs processed:          1,319,425
  Read 1 with adapter:               1,246,153 (94.4%)
  Read 2 with adapter:               1,201,986 (91.1%)
Pairs written (passing filters):     1,319,425 (100.0%)

Total basepairs processed:   794,293,850 bp
  Read 1:   397,146,925 bp
  Read 2:   397,146,925 bp
Total written (filtered):    739,338,992 bp (93.1%)
  Read 1:   369,790,544 bp
  Read 2:   369,548,448 bp

=== First read: Adapter 1 ===

Sequence: GTGYCAGCMGCCGCGGTAA; Type: regular 5'; Length: 19; Trimmed: 1246153 times

Minimum overlap: 3
No. of allowed errors:
1-9 bp: 0; 10-19 bp: 1

Overview of removed sequences
length	count	expect	max.err	error counts
3	1534	20616.0	0	1534
8	2	20.1	0	2
9	12	5.0	0	12
10	2	1.3	1	1 1
11	2	0.3	1	0 2
12	219	0.1	1	211 8
13	31	0.0	1	17 14
14	24	0.0	1	8 16
15	25	0.0	1	15 10
16	104	0.0	1	83 21
17	68	0.0	1	31 37
18	196	0.0	1	113 83
19	4070	0.0	1	2017 2053
20	3824	0.0	1	3033 791
21	8816	0.0	1	4084 4732
22	1224436	0.0	1	1162359 62077
23	2703	0.0	1	925 1778
24	7	0.0	1	7
25	8	0.0	1	8
26	9	0.0	1	9
27	5	0.0	1	4 1
28	1	0.0	1	1
29	3	0.0	1	3
30	7	0.0	1	7
31	5	0.0	1	5
32	6	0.0	1	5 1
33	1	0.0	1	1
34	3	0.0	1	0 3
35	8	0.0	1	8
36	6	0.0	1	4 2
37	3	0.0	1	3
38	2	0.0	1	1 1
39	1	0.0	1	1
40	1	0.0	1	1
47	1	0.0	1	1
51	1	0.0	1	1
52	1	0.0	1	1
60	6	0.0	1	5 1


=== Second read: Adapter 2 ===

Sequence: GGACTACNVGGGTWTCTAAT; Type: regular 5'; Length: 20; Trimmed: 1201986 times

Minimum overlap: 3
No. of allowed errors:
1-9 bp: 0; 10-19 bp: 1

Overview of removed sequences
length	count	expect	max.err	error counts
3	1776	20616.0	0	1776
5	4	1288.5	0	4
9	3	5.0	0	3
10	10	1.3	1	10
11	8	0.3	1	4 4
12	7	0.1	1	3 4
13	14	0.0	1	10 4
14	17	0.0	1	8 9
15	16	0.0	1	5 11
16	15	0.0	1	1 14
17	23	0.0	1	12 11
18	42	0.0	1	36 6
19	76	0.0	1	48 28
20	988	0.0	1	906 82
21	1564	0.0	1	1441 123
22	8174	0.0	1	2579 5595
23	1186044	0.0	1	1160539 25505
24	3111	0.0	1	1174 1937
25	12	0.0	1	11 1
26	8	0.0	1	8
27	4	0.0	1	4
28	3	0.0	1	2 1
29	4	0.0	1	4
30	5	0.0	1	5
31	7	0.0	1	6 1
32	4	0.0	1	4
33	1	0.0	1	1
34	2	0.0	1	0 2
35	3	0.0	1	3
36	6	0.0	1	6
37	3	0.0	1	3
39	3	0.0	1	1 2
40	12	0.0	1	11 1
41	1	0.0	1	1
43	1	0.0	1	1
44	3	0.0	1	3
45	4	0.0	1	4
48	7	0.0	1	7
58	1	0.0	1	1
Running cutadapt on: 2024_Both06_Null_O47_gill_S74
This is cutadapt 5.2 with Python 3.13.15
Command line parameters: -j 4 -g GTGYCAGCMGCCGCGGTAA -G GGACTACNVGGGTWTCTAAT -o /scratch4/workspace/jade_fiorilla_student_uml_edu-rawseqorcc/trimmed-cutadapt/2024_Both06_Null_O47_gill_S74_R1_trim.fastq -p /scratch4/workspace/jade_fiorilla_student_uml_edu-rawseqorcc/trimmed-cutadapt/2024_Both06_Null_O47_gill_S74_R2_trim.fastq /scratch4/workspace/jade_fiorilla_student_uml_edu-rawseqorcc/fastq/2024_Both06_Null_O47_gill_S74_R1_001.fastq.gz /scratch4/workspace/jade_fiorilla_student_uml_edu-rawseqorcc/fastq/2024_Both06_Null_O47_gill_S74_R2_001.fastq.gz
Processing paired-end reads on 4 cores ...

=== Summary ===

Total read pairs processed:            789,410
  Read 1 with adapter:                 588,658 (74.6%)
  Read 2 with adapter:                 451,014 (57.1%)
Pairs written (passing filters):       789,410 (100.0%)

Total basepairs processed:   475,224,820 bp
  Read 1:   237,612,410 bp
  Read 2:   237,612,410 bp
Total written (filtered):    453,974,439 bp (95.5%)
  Read 1:   225,835,600 bp
  Read 2:   228,138,839 bp

=== First read: Adapter 1 ===

Sequence: GTGYCAGCMGCCGCGGTAA; Type: regular 5'; Length: 19; Trimmed: 588658 times

Minimum overlap: 3
No. of allowed errors:
1-9 bp: 0; 10-19 bp: 1

Overview of removed sequences
length	count	expect	max.err	error counts
3	1	12334.5	0	1
10	1	0.8	1	1
11	3	0.2	1	1 2
12	28	0.0	1	20 8
13	3	0.0	1	1 2
14	2	0.0	1	0 2
15	5	0.0	1	3 2
16	15	0.0	1	12 3
17	15	0.0	1	3 12
18	73	0.0	1	33 40
19	3805	0.0	1	1083 2722
20	578776	0.0	1	395235 183541
21	4681	0.0	1	2937 1744
22	1186	0.0	1	1093 93
23	5	0.0	1	4 1
24	1	0.0	1	1
25	3	0.0	1	2 1
26	2	0.0	1	1 1
27	3	0.0	1	3
29	1	0.0	1	1
30	2	0.0	1	0 2
31	3	0.0	1	2 1
32	3	0.0	1	2 1
33	4	0.0	1	1 3
34	1	0.0	1	0 1
35	3	0.0	1	1 2
36	5	0.0	1	1 4
37	2	0.0	1	0 2
38	4	0.0	1	0 4
39	5	0.0	1	5
40	2	0.0	1	2
41	6	0.0	1	2 4
43	1	0.0	1	0 1
44	1	0.0	1	0 1
46	2	0.0	1	2
50	2	0.0	1	0 2
53	1	0.0	1	1
55	1	0.0	1	0 1
59	1	0.0	1	0 1


=== Second read: Adapter 2 ===

Sequence: GGACTACNVGGGTWTCTAAT; Type: regular 5'; Length: 20; Trimmed: 451014 times

Minimum overlap: 3
No. of allowed errors:
1-9 bp: 0; 10-19 bp: 1

Overview of removed sequences
length	count	expect	max.err	error counts
3	12	12334.5	0	12
10	2	0.8	1	1 1
11	3	0.2	1	3
12	4	0.0	1	3 1
13	4	0.0	1	4
14	4	0.0	1	1 3
15	5	0.0	1	2 3
16	3	0.0	1	3
17	8	0.0	1	6 2
18	7	0.0	1	3 4
19	42	0.0	1	22 20
20	2487	0.0	1	566 1921
21	444508	0.0	1	417370 27138
22	2670	0.0	1	1579 1091
23	1235	0.0	1	1185 50
24	8	0.0	1	3 5
25	1	0.0	1	1
26	1	0.0	1	1
27	2	0.0	1	2
29	1	0.0	1	0 1
30	1	0.0	1	1
38	4	0.0	1	3 1
41	2	0.0	1	2
Running cutadapt on: 2024_Both06_Null_O47_gut_S75
This is cutadapt 5.2 with Python 3.13.15
Command line parameters: -j 4 -g GTGYCAGCMGCCGCGGTAA -G GGACTACNVGGGTWTCTAAT -o /scratch4/workspace/jade_fiorilla_student_uml_edu-rawseqorcc/trimmed-cutadapt/2024_Both06_Null_O47_gut_S75_R1_trim.fastq -p /scratch4/workspace/jade_fiorilla_student_uml_edu-rawseqorcc/trimmed-cutadapt/2024_Both06_Null_O47_gut_S75_R2_trim.fastq /scratch4/workspace/jade_fiorilla_student_uml_edu-rawseqorcc/fastq/2024_Both06_Null_O47_gut_S75_R1_001.fastq.gz /scratch4/workspace/jade_fiorilla_student_uml_edu-rawseqorcc/fastq/2024_Both06_Null_O47_gut_S75_R2_001.fastq.gz
Processing paired-end reads on 4 cores ...

=== Summary ===

Total read pairs processed:            664,508
  Read 1 with adapter:                 594,270 (89.4%)
  Read 2 with adapter:                 526,538 (79.2%)
Pairs written (passing filters):       664,508 (100.0%)

Total basepairs processed:   400,033,816 bp
  Read 1:   200,016,908 bp
  Read 2:   200,016,908 bp
Total written (filtered):    377,085,179 bp (94.3%)
  Read 1:   188,127,849 bp
  Read 2:   188,957,330 bp

=== First read: Adapter 1 ===

Sequence: GTGYCAGCMGCCGCGGTAA; Type: regular 5'; Length: 19; Trimmed: 594270 times

Minimum overlap: 3
No. of allowed errors:
1-9 bp: 0; 10-19 bp: 1

Overview of removed sequences
length	count	expect	max.err	error counts
3	3	10382.9	0	3
9	1	2.5	0	1
10	3	0.6	1	3
11	1	0.2	1	1
12	38	0.0	1	35 3
14	4	0.0	1	4
15	6	0.0	1	3 3
16	14	0.0	1	10 4
17	21	0.0	1	12 9
18	66	0.0	1	32 34
19	4038	0.0	1	1749 2289
20	583485	0.0	1	504852 78633
21	5106	0.0	1	2968 2138
22	1444	0.0	1	1332 112
23	6	0.0	1	3 3
24	3	0.0	1	3
25	4	0.0	1	3 1
26	4	0.0	1	4
27	1	0.0	1	1
29	1	0.0	1	1
30	1	0.0	1	1
31	3	0.0	1	3
32	2	0.0	1	1 1
34	8	0.0	1	4 4
36	2	0.0	1	1 1
37	2	0.0	1	2
38	1	0.0	1	1
41	1	0.0	1	1
59	1	0.0	1	0 1


=== Second read: Adapter 2 ===

Sequence: GGACTACNVGGGTWTCTAAT; Type: regular 5'; Length: 20; Trimmed: 526538 times

Minimum overlap: 3
No. of allowed errors:
1-9 bp: 0; 10-19 bp: 1

Overview of removed sequences
length	count	expect	max.err	error counts
3	3	10382.9	0	3
11	5	0.2	1	4 1
12	1	0.0	1	1
13	2	0.0	1	2
14	1	0.0	1	0 1
15	3	0.0	1	3
16	10	0.0	1	5 5
17	11	0.0	1	7 4
18	14	0.0	1	13 1
19	44	0.0	1	22 22
20	3132	0.0	1	1111 2021
21	519194	0.0	1	510771 8423
22	2644	0.0	1	1637 1007
23	1437	0.0	1	1379 58
24	13	0.0	1	6 7
25	4	0.0	1	4
26	4	0.0	1	4
27	2	0.0	1	2
29	1	0.0	1	1
30	2	0.0	1	1 1
31	1	0.0	1	1
33	3	0.0	1	1 2
34	3	0.0	1	0 3
39	3	0.0	1	3
41	1	0.0	1	1
Running cutadapt on: 2024_Cont01_Cont04_W37_gill_S151
This is cutadapt 5.2 with Python 3.13.15
Command line parameters: -j 4 -g GTGYCAGCMGCCGCGGTAA -G GGACTACNVGGGTWTCTAAT -o /scratch4/workspace/jade_fiorilla_student_uml_edu-rawseqorcc/trimmed-cutadapt/2024_Cont01_Cont04_W37_gill_S151_R1_trim.fastq -p /scratch4/workspace/jade_fiorilla_student_uml_edu-rawseqorcc/trimmed-cutadapt/2024_Cont01_Cont04_W37_gill_S151_R2_trim.fastq /scratch4/workspace/jade_fiorilla_student_uml_edu-rawseqorcc/fastq/2024_Cont01_Cont04_W37_gill_S151_R1_001.fastq.gz /scratch4/workspace/jade_fiorilla_student_uml_edu-rawseqorcc/fastq/2024_Cont01_Cont04_W37_gill_S151_R2_001.fastq.gz
Processing paired-end reads on 4 cores ...

=== Summary ===

Total read pairs processed:          1,076,437
  Read 1 with adapter:                 922,498 (85.7%)
  Read 2 with adapter:                 814,812 (75.7%)
Pairs written (passing filters):     1,076,437 (100.0%)

Total basepairs processed:   648,015,074 bp
  Read 1:   324,007,537 bp
  Read 2:   324,007,537 bp
Total written (filtered):    610,739,561 bp (94.2%)
  Read 1:   304,647,677 bp
  Read 2:   306,091,884 bp

=== First read: Adapter 1 ===

Sequence: GTGYCAGCMGCCGCGGTAA; Type: regular 5'; Length: 19; Trimmed: 922498 times

Minimum overlap: 3
No. of allowed errors:
1-9 bp: 0; 10-19 bp: 1

Overview of removed sequences
length	count	expect	max.err	error counts
3	20	16819.3	0	20
8	1	16.4	0	1
10	3	1.0	1	3
11	2	0.3	1	1 1
12	45	0.1	1	41 4
13	3	0.0	1	1 2
14	6	0.0	1	6
15	4	0.0	1	0 4
16	22	0.0	1	13 9
17	14	0.0	1	5 9
18	62	0.0	1	30 32
19	4104	0.0	1	3266 838
20	6626	0.0	1	3669 2957
21	908701	0.0	1	759794 148907
22	2827	0.0	1	1337 1490
23	2	0.0	1	2
24	3	0.0	1	3
25	1	0.0	1	1
26	7	0.0	1	5 2
27	1	0.0	1	1
28	1	0.0	1	1
29	1	0.0	1	1
30	9	0.0	1	5 4
32	3	0.0	1	3
33	3	0.0	1	3
34	4	0.0	1	0 4
35	11	0.0	1	6 5
36	1	0.0	1	1
37	1	0.0	1	0 1
38	2	0.0	1	2
39	2	0.0	1	2
40	1	0.0	1	1
42	3	0.0	1	3
51	1	0.0	1	0 1
61	1	0.0	1	1


=== Second read: Adapter 2 ===

Sequence: GGACTACNVGGGTWTCTAAT; Type: regular 5'; Length: 20; Trimmed: 814812 times

Minimum overlap: 3
No. of allowed errors:
1-9 bp: 0; 10-19 bp: 1

Overview of removed sequences
length	count	expect	max.err	error counts
3	16	16819.3	0	16
9	2	4.1	0	2
10	5	1.0	1	5
12	12	0.1	1	9 3
13	11	0.0	1	10 1
14	18	0.0	1	8 10
15	12	0.0	1	2 10
16	12	0.0	1	7 5
17	20	0.0	1	11 9
18	23	0.0	1	17 6
19	59	0.0	1	32 27
20	2006	0.0	1	1869 137
21	7591	0.0	1	2093 5498
22	802686	0.0	1	775148 27538
23	2289	0.0	1	998 1291
24	8	0.0	1	6 2
25	6	0.0	1	6
26	5	0.0	1	3 2
27	3	0.0	1	3
28	3	0.0	1	3
29	7	0.0	1	4 3
30	3	0.0	1	0 3
31	5	0.0	1	5
32	1	0.0	1	1
33	3	0.0	1	2 1
39	1	0.0	1	0 1
41	1	0.0	1	1
44	1	0.0	1	1
47	3	0.0	1	3
Running cutadapt on: 2024_Cont01_Cont04_W37_gut_S224
This is cutadapt 5.2 with Python 3.13.15
Command line parameters: -j 4 -g GTGYCAGCMGCCGCGGTAA -G GGACTACNVGGGTWTCTAAT -o /scratch4/workspace/jade_fiorilla_student_uml_edu-rawseqorcc/trimmed-cutadapt/2024_Cont01_Cont04_W37_gut_S224_R1_trim.fastq -p /scratch4/workspace/jade_fiorilla_student_uml_edu-rawseqorcc/trimmed-cutadapt/2024_Cont01_Cont04_W37_gut_S224_R2_trim.fastq /scratch4/workspace/jade_fiorilla_student_uml_edu-rawseqorcc/fastq/2024_Cont01_Cont04_W37_gut_S224_R1_001.fastq.gz /scratch4/workspace/jade_fiorilla_student_uml_edu-rawseqorcc/fastq/2024_Cont01_Cont04_W37_gut_S224_R2_001.fastq.gz
Processing paired-end reads on 4 cores ...

=== Summary ===

Total read pairs processed:            835,926
  Read 1 with adapter:                 817,718 (97.8%)
  Read 2 with adapter:                 801,472 (95.9%)
Pairs written (passing filters):       835,926 (100.0%)

Total basepairs processed:   503,227,452 bp
  Read 1:   251,613,726 bp
  Read 2:   251,613,726 bp
Total written (filtered):    468,435,061 bp (93.1%)
  Read 1:   234,446,992 bp
  Read 2:   233,988,069 bp

=== First read: Adapter 1 ===

Sequence: GTGYCAGCMGCCGCGGTAA; Type: regular 5'; Length: 19; Trimmed: 817718 times

Minimum overlap: 3
No. of allowed errors:
1-9 bp: 0; 10-19 bp: 1

Overview of removed sequences
length	count	expect	max.err	error counts
3	10	13061.3	0	10
8	1	12.8	0	1
9	1	3.2	0	1
10	1	0.8	1	1
11	6	0.2	1	3 3
12	31	0.0	1	25 6
13	2	0.0	1	1 1
14	5	0.0	1	0 5
15	7	0.0	1	4 3
16	17	0.0	1	16 1
17	19	0.0	1	12 7
18	45	0.0	1	34 11
19	1480	0.0	1	1334 146
20	3959	0.0	1	1957 2002
21	810173	0.0	1	783547 26626
22	1906	0.0	1	856 1050
23	2	0.0	1	1 1
24	2	0.0	1	2
25	6	0.0	1	6
26	7	0.0	1	7
28	2	0.0	1	2
29	7	0.0	1	6 1
30	1	0.0	1	1
32	1	0.0	1	1
33	4	0.0	1	3 1
34	2	0.0	1	2
35	2	0.0	1	2
36	7	0.0	1	6 1
37	1	0.0	1	1
38	5	0.0	1	5
40	1	0.0	1	1
41	2	0.0	1	2
46	1	0.0	1	1
52	2	0.0	1	2


=== Second read: Adapter 2 ===

Sequence: GGACTACNVGGGTWTCTAAT; Type: regular 5'; Length: 20; Trimmed: 801472 times

Minimum overlap: 3
No. of allowed errors:
1-9 bp: 0; 10-19 bp: 1

Overview of removed sequences
length	count	expect	max.err	error counts
3	5	13061.3	0	5
4	1	3265.3	0	1
9	1	3.2	0	1
10	1	0.8	1	0 1
11	3	0.2	1	1 2
12	6	0.0	1	3 3
13	12	0.0	1	12
14	16	0.0	1	4 12
15	11	0.0	1	3 8
16	14	0.0	1	5 9
17	30	0.0	1	14 16
18	20	0.0	1	14 6
19	43	0.0	1	34 9
20	832	0.0	1	759 73
21	6318	0.0	1	2291 4027
22	792161	0.0	1	779983 12178
23	1971	0.0	1	872 1099
25	3	0.0	1	3
26	3	0.0	1	3
27	3	0.0	1	3
28	1	0.0	1	1
29	2	0.0	1	2
30	2	0.0	1	2
32	3	0.0	1	3
33	4	0.0	1	4
35	1	0.0	1	1
37	1	0.0	1	1
40	1	0.0	1	1
48	2	0.0	1	2
49	1	0.0	1	1
Running cutadapt on: 2024_Cont01_Hyp02_W13_gill_S255
This is cutadapt 5.2 with Python 3.13.15
Command line parameters: -j 4 -g GTGYCAGCMGCCGCGGTAA -G GGACTACNVGGGTWTCTAAT -o /scratch4/workspace/jade_fiorilla_student_uml_edu-rawseqorcc/trimmed-cutadapt/2024_Cont01_Hyp02_W13_gill_S255_R1_trim.fastq -p /scratch4/workspace/jade_fiorilla_student_uml_edu-rawseqorcc/trimmed-cutadapt/2024_Cont01_Hyp02_W13_gill_S255_R2_trim.fastq /scratch4/workspace/jade_fiorilla_student_uml_edu-rawseqorcc/fastq/2024_Cont01_Hyp02_W13_gill_S255_R1_001.fastq.gz /scratch4/workspace/jade_fiorilla_student_uml_edu-rawseqorcc/fastq/2024_Cont01_Hyp02_W13_gill_S255_R2_001.fastq.gz
Processing paired-end reads on 4 cores ...

=== Summary ===

Total read pairs processed:            668,174
  Read 1 with adapter:                 661,667 (99.0%)
  Read 2 with adapter:                 661,757 (99.0%)
Pairs written (passing filters):       668,174 (100.0%)

Total basepairs processed:   402,240,748 bp
  Read 1:   201,120,374 bp
  Read 2:   201,120,374 bp
Total written (filtered):    372,482,747 bp (92.6%)
  Read 1:   186,575,251 bp
  Read 2:   185,907,496 bp

=== First read: Adapter 1 ===

Sequence: GTGYCAGCMGCCGCGGTAA; Type: regular 5'; Length: 19; Trimmed: 661667 times

Minimum overlap: 3
No. of allowed errors:
1-9 bp: 0; 10-19 bp: 1

Overview of removed sequences
length	count	expect	max.err	error counts
3	159	10440.2	0	159
4	2	2610.1	0	2
9	4	2.5	0	4
10	3	0.6	1	0 3
11	3	0.2	1	2 1
12	127	0.0	1	123 4
13	19	0.0	1	14 5
14	19	0.0	1	9 10
15	15	0.0	1	10 5
16	69	0.0	1	48 21
17	49	0.0	1	23 26
18	93	0.0	1	67 26
19	735	0.0	1	645 90
20	590	0.0	1	427 163
21	4268	0.0	1	1672 2596
22	653927	0.0	1	633495 20432
23	1534	0.0	1	580 954
24	12	0.0	1	12
25	4	0.0	1	4
26	5	0.0	1	2 3
27	3	0.0	1	3
28	2	0.0	1	2
29	3	0.0	1	3
31	3	0.0	1	3
32	4	0.0	1	4
34	1	0.0	1	1
36	5	0.0	1	3 2
38	1	0.0	1	1
39	3	0.0	1	3
45	1	0.0	1	1
49	1	0.0	1	1
57	3	0.0	1	3


=== Second read: Adapter 2 ===

Sequence: GGACTACNVGGGTWTCTAAT; Type: regular 5'; Length: 20; Trimmed: 661757 times

Minimum overlap: 3
No. of allowed errors:
1-9 bp: 0; 10-19 bp: 1

Overview of removed sequences
length	count	expect	max.err	error counts
3	57	10440.2	0	57
5	3	652.5	0	3
9	3	2.5	0	3
10	6	0.6	1	5 1
11	1	0.2	1	0 1
12	2	0.0	1	1 1
13	4	0.0	1	2 2
14	18	0.0	1	10 8
15	9	0.0	1	3 6
16	14	0.0	1	1 13
17	14	0.0	1	9 5
18	27	0.0	1	21 6
19	48	0.0	1	26 22
20	610	0.0	1	589 21
21	248	0.0	1	199 49
22	5420	0.0	1	1756 3664
23	653384	0.0	1	635981 17403
24	1839	0.0	1	674 1165
25	9	0.0	1	6 3
26	6	0.0	1	4 2
27	6	0.0	1	6
28	4	0.0	1	2 2
29	2	0.0	1	2
30	1	0.0	1	1
31	2	0.0	1	2
32	1	0.0	1	1
33	1	0.0	1	1
35	4	0.0	1	1 3
36	1	0.0	1	1
41	2	0.0	1	2
42	3	0.0	1	3
44	1	0.0	1	1
45	1	0.0	1	1
52	6	0.0	1	6
Running cutadapt on: 2024_Cont01_Hyp02_W13_gut_S60
This is cutadapt 5.2 with Python 3.13.15
Command line parameters: -j 4 -g GTGYCAGCMGCCGCGGTAA -G GGACTACNVGGGTWTCTAAT -o /scratch4/workspace/jade_fiorilla_student_uml_edu-rawseqorcc/trimmed-cutadapt/2024_Cont01_Hyp02_W13_gut_S60_R1_trim.fastq -p /scratch4/workspace/jade_fiorilla_student_uml_edu-rawseqorcc/trimmed-cutadapt/2024_Cont01_Hyp02_W13_gut_S60_R2_trim.fastq /scratch4/workspace/jade_fiorilla_student_uml_edu-rawseqorcc/fastq/2024_Cont01_Hyp02_W13_gut_S60_R1_001.fastq.gz /scratch4/workspace/jade_fiorilla_student_uml_edu-rawseqorcc/fastq/2024_Cont01_Hyp02_W13_gut_S60_R2_001.fastq.gz
Processing paired-end reads on 4 cores ...

=== Summary ===

Total read pairs processed:            967,328
  Read 1 with adapter:                 803,589 (83.1%)
  Read 2 with adapter:                 652,631 (67.5%)
Pairs written (passing filters):       967,328 (100.0%)

Total basepairs processed:   582,331,456 bp
  Read 1:   291,165,728 bp
  Read 2:   291,165,728 bp
Total written (filtered):    551,107,483 bp (94.6%)
  Read 1:   274,297,014 bp
  Read 2:   276,810,469 bp

=== First read: Adapter 1 ===

Sequence: GTGYCAGCMGCCGCGGTAA; Type: regular 5'; Length: 19; Trimmed: 803589 times

Minimum overlap: 3
No. of allowed errors:
1-9 bp: 0; 10-19 bp: 1

Overview of removed sequences
length	count	expect	max.err	error counts
3	29	15114.5	0	29
9	3	3.7	0	3
12	24	0.1	1	20 4
13	2	0.0	1	1 1
15	9	0.0	1	8 1
16	16	0.0	1	13 3
17	8	0.0	1	6 2
18	45	0.0	1	26 19
19	2900	0.0	1	1585 1315
20	6519	0.0	1	3370 3149
21	788018	0.0	1	607811 180207
22	5934	0.0	1	4387 1547
23	17	0.0	1	8 9
24	5	0.0	1	4 1
25	7	0.0	1	5 2
26	1	0.0	1	0 1
27	3	0.0	1	1 2
28	7	0.0	1	7
29	1	0.0	1	0 1
30	1	0.0	1	0 1
31	2	0.0	1	1 1
32	6	0.0	1	0 6
33	2	0.0	1	2
34	8	0.0	1	2 6
35	3	0.0	1	1 2
36	4	0.0	1	2 2
38	2	0.0	1	2
39	1	0.0	1	1
41	1	0.0	1	0 1
42	3	0.0	1	2 1
44	2	0.0	1	0 2
45	3	0.0	1	3
48	1	0.0	1	0 1
50	1	0.0	1	0 1
51	1	0.0	1	0 1


=== Second read: Adapter 2 ===

Sequence: GGACTACNVGGGTWTCTAAT; Type: regular 5'; Length: 20; Trimmed: 652631 times

Minimum overlap: 3
No. of allowed errors:
1-9 bp: 0; 10-19 bp: 1

Overview of removed sequences
length	count	expect	max.err	error counts
3	21	15114.5	0	21
10	4	0.9	1	3 1
12	4	0.1	1	3 1
13	8	0.0	1	7 1
14	13	0.0	1	9 4
15	19	0.0	1	12 7
16	12	0.0	1	4 8
17	8	0.0	1	3 5
18	14	0.0	1	9 5
19	50	0.0	1	36 14
20	1120	0.0	1	1021 99
21	5263	0.0	1	2096 3167
22	640325	0.0	1	621331 18994
23	5715	0.0	1	4555 1160
24	29	0.0	1	16 13
25	3	0.0	1	3
26	6	0.0	1	5 1
27	2	0.0	1	2
28	4	0.0	1	4
29	1	0.0	1	1
30	1	0.0	1	1
32	2	0.0	1	2
33	1	0.0	1	1
36	1	0.0	1	1
40	2	0.0	1	2
41	2	0.0	1	2
42	1	0.0	1	1
Running cutadapt on: 2024_Cont01_Hyp06_W62_gill_S194
This is cutadapt 5.2 with Python 3.13.15
Command line parameters: -j 4 -g GTGYCAGCMGCCGCGGTAA -G GGACTACNVGGGTWTCTAAT -o /scratch4/workspace/jade_fiorilla_student_uml_edu-rawseqorcc/trimmed-cutadapt/2024_Cont01_Hyp06_W62_gill_S194_R1_trim.fastq -p /scratch4/workspace/jade_fiorilla_student_uml_edu-rawseqorcc/trimmed-cutadapt/2024_Cont01_Hyp06_W62_gill_S194_R2_trim.fastq /scratch4/workspace/jade_fiorilla_student_uml_edu-rawseqorcc/fastq/2024_Cont01_Hyp06_W62_gill_S194_R1_001.fastq.gz /scratch4/workspace/jade_fiorilla_student_uml_edu-rawseqorcc/fastq/2024_Cont01_Hyp06_W62_gill_S194_R2_001.fastq.gz
Processing paired-end reads on 4 cores ...

=== Summary ===

Total read pairs processed:            102,139
  Read 1 with adapter:                  89,086 (87.2%)
  Read 2 with adapter:                  82,405 (80.7%)
Pairs written (passing filters):       102,139 (100.0%)

Total basepairs processed:    61,487,678 bp
  Read 1:    30,743,839 bp
  Read 2:    30,743,839 bp
Total written (filtered):     57,665,234 bp (93.8%)
  Read 1:    28,802,104 bp
  Read 2:    28,863,130 bp

=== First read: Adapter 1 ===

Sequence: GTGYCAGCMGCCGCGGTAA; Type: regular 5'; Length: 19; Trimmed: 89086 times

Minimum overlap: 3
No. of allowed errors:
1-9 bp: 0; 10-19 bp: 1

Overview of removed sequences
length	count	expect	max.err	error counts
3	268	1595.9	0	268
10	1	0.1	1	1
11	4	0.0	1	3 1
12	22	0.0	1	20 2
13	3	0.0	1	3
15	8	0.0	1	5 3
16	8	0.0	1	4 4
17	8	0.0	1	4 4
18	18	0.0	1	9 9
19	3302	0.0	1	3176 126
20	908	0.0	1	796 112
21	1146	0.0	1	730 416
22	83189	0.0	1	71812 11377
23	191	0.0	1	65 126
28	2	0.0	1	2
32	1	0.0	1	1
34	1	0.0	1	0 1
37	2	0.0	1	2
38	1	0.0	1	0 1
39	3	0.0	1	1 2


=== Second read: Adapter 2 ===

Sequence: GGACTACNVGGGTWTCTAAT; Type: regular 5'; Length: 20; Trimmed: 82405 times

Minimum overlap: 3
No. of allowed errors:
1-9 bp: 0; 10-19 bp: 1

Overview of removed sequences
length	count	expect	max.err	error counts
3	349	1595.9	0	349
16	1	0.0	1	0 1
17	1	0.0	1	0 1
18	2	0.0	1	1 1
19	11	0.0	1	3 8
20	1830	0.0	1	1750 80
21	747	0.0	1	696 51
22	901	0.0	1	432 469
23	78264	0.0	1	75931 2333
24	293	0.0	1	65 228
25	3	0.0	1	3
29	1	0.0	1	1
33	1	0.0	1	1
34	1	0.0	1	0 1
Running cutadapt on: 2024_Cont01_Hyp06_W62_gut_S195
This is cutadapt 5.2 with Python 3.13.15
Command line parameters: -j 4 -g GTGYCAGCMGCCGCGGTAA -G GGACTACNVGGGTWTCTAAT -o /scratch4/workspace/jade_fiorilla_student_uml_edu-rawseqorcc/trimmed-cutadapt/2024_Cont01_Hyp06_W62_gut_S195_R1_trim.fastq -p /scratch4/workspace/jade_fiorilla_student_uml_edu-rawseqorcc/trimmed-cutadapt/2024_Cont01_Hyp06_W62_gut_S195_R2_trim.fastq /scratch4/workspace/jade_fiorilla_student_uml_edu-rawseqorcc/fastq/2024_Cont01_Hyp06_W62_gut_S195_R1_001.fastq.gz /scratch4/workspace/jade_fiorilla_student_uml_edu-rawseqorcc/fastq/2024_Cont01_Hyp06_W62_gut_S195_R2_001.fastq.gz
Processing paired-end reads on 4 cores ...

=== Summary ===

Total read pairs processed:            910,889
  Read 1 with adapter:                 887,168 (97.4%)
  Read 2 with adapter:                 871,898 (95.7%)
Pairs written (passing filters):       910,889 (100.0%)

Total basepairs processed:   548,355,178 bp
  Read 1:   274,177,589 bp
  Read 2:   274,177,589 bp
Total written (filtered):    508,827,853 bp (92.8%)
  Read 1:   254,682,727 bp
  Read 2:   254,145,126 bp

=== First read: Adapter 1 ===

Sequence: GTGYCAGCMGCCGCGGTAA; Type: regular 5'; Length: 19; Trimmed: 887168 times

Minimum overlap: 3
No. of allowed errors:
1-9 bp: 0; 10-19 bp: 1

Overview of removed sequences
length	count	expect	max.err	error counts
3	537	14232.6	0	537
9	6	3.5	0	6
10	1	0.9	1	0 1
11	8	0.2	1	7 1
12	176	0.1	1	171 5
13	19	0.0	1	10 9
14	13	0.0	1	8 5
15	20	0.0	1	7 13
16	92	0.0	1	74 18
17	62	0.0	1	37 25
18	149	0.0	1	89 60
19	1641	0.0	1	1502 139
20	431	0.0	1	282 149
21	5736	0.0	1	2464 3272
22	876228	0.0	1	848106 28122
23	1959	0.0	1	677 1282
24	8	0.0	1	8
25	17	0.0	1	15 2
26	12	0.0	1	12
27	2	0.0	1	2
28	7	0.0	1	7
29	7	0.0	1	6 1
30	2	0.0	1	1 1
31	5	0.0	1	5
33	4	0.0	1	4
34	1	0.0	1	1
35	1	0.0	1	1
36	5	0.0	1	1 4
37	3	0.0	1	3
38	11	0.0	1	10 1
40	1	0.0	1	1
42	1	0.0	1	0 1
43	1	0.0	1	1
45	2	0.0	1	2


=== Second read: Adapter 2 ===

Sequence: GGACTACNVGGGTWTCTAAT; Type: regular 5'; Length: 20; Trimmed: 871898 times

Minimum overlap: 3
No. of allowed errors:
1-9 bp: 0; 10-19 bp: 1

Overview of removed sequences
length	count	expect	max.err	error counts
3	632	14232.6	0	632
5	2	889.5	0	2
9	1	3.5	0	1
10	1	0.9	1	1
11	2	0.2	1	2
12	2	0.1	1	2
13	13	0.0	1	7 6
14	11	0.0	1	5 6
15	10	0.0	1	3 7
16	11	0.0	1	2 9
17	26	0.0	1	18 8
18	42	0.0	1	34 8
19	52	0.0	1	37 15
20	1145	0.0	1	1086 59
21	363	0.0	1	283 80
22	5969	0.0	1	1698 4271
23	861187	0.0	1	838225 22962
24	2399	0.0	1	865 1534
25	3	0.0	1	2 1
26	1	0.0	1	1
27	3	0.0	1	3
28	7	0.0	1	7
30	2	0.0	1	2
31	1	0.0	1	1
32	1	0.0	1	1
33	2	0.0	1	2
34	6	0.0	1	6
39	1	0.0	1	1
42	1	0.0	1	1
43	1	0.0	1	1
44	1	0.0	1	1
Running cutadapt on: 2024_Cont01_Null_W01_gill_S191
This is cutadapt 5.2 with Python 3.13.15
Command line parameters: -j 4 -g GTGYCAGCMGCCGCGGTAA -G GGACTACNVGGGTWTCTAAT -o /scratch4/workspace/jade_fiorilla_student_uml_edu-rawseqorcc/trimmed-cutadapt/2024_Cont01_Null_W01_gill_S191_R1_trim.fastq -p /scratch4/workspace/jade_fiorilla_student_uml_edu-rawseqorcc/trimmed-cutadapt/2024_Cont01_Null_W01_gill_S191_R2_trim.fastq /scratch4/workspace/jade_fiorilla_student_uml_edu-rawseqorcc/fastq/2024_Cont01_Null_W01_gill_S191_R1_001.fastq.gz /scratch4/workspace/jade_fiorilla_student_uml_edu-rawseqorcc/fastq/2024_Cont01_Null_W01_gill_S191_R2_001.fastq.gz
Processing paired-end reads on 4 cores ...

=== Summary ===

Total read pairs processed:          1,146,298
  Read 1 with adapter:                 644,116 (56.2%)
  Read 2 with adapter:                 877,021 (76.5%)
Pairs written (passing filters):     1,146,298 (100.0%)

Total basepairs processed:   690,071,396 bp
  Read 1:   345,035,698 bp
  Read 2:   345,035,698 bp
Total written (filtered):    656,055,349 bp (95.1%)
  Read 1:   331,088,858 bp
  Read 2:   324,966,491 bp

=== First read: Adapter 1 ===

Sequence: GTGYCAGCMGCCGCGGTAA; Type: regular 5'; Length: 19; Trimmed: 644116 times

Minimum overlap: 3
No. of allowed errors:
1-9 bp: 0; 10-19 bp: 1

Overview of removed sequences
length	count	expect	max.err	error counts
3	11309	17910.9	0	11309
4	13	4477.7	0	13
9	5	4.4	0	5
10	2	1.1	1	1 1
11	4	0.3	1	4
12	118	0.1	1	92 26
13	14	0.0	1	6 8
14	7	0.0	1	1 6
15	12	0.0	1	7 5
16	49	0.0	1	31 18
17	47	0.0	1	22 25
18	100	0.0	1	68 32
19	766	0.0	1	680 86
20	1316	0.0	1	1002 314
21	3304	0.0	1	1219 2085
22	625727	0.0	1	478299 147428
23	1261	0.0	1	387 874
24	9	0.0	1	7 2
25	6	0.0	1	4 2
26	8	0.0	1	6 2
27	5	0.0	1	5
28	1	0.0	1	1
29	1	0.0	1	0 1
31	1	0.0	1	0 1
32	2	0.0	1	2
33	1	0.0	1	0 1
34	1	0.0	1	0 1
35	1	0.0	1	1
36	10	0.0	1	0 10
37	1	0.0	1	1
38	1	0.0	1	1
39	3	0.0	1	3
40	1	0.0	1	1
41	2	0.0	1	2
45	1	0.0	1	1
46	1	0.0	1	0 1
48	3	0.0	1	2 1
61	2	0.0	1	0 2
244	1	0.0	1	0 1


=== Second read: Adapter 2 ===

Sequence: GGACTACNVGGGTWTCTAAT; Type: regular 5'; Length: 20; Trimmed: 877021 times

Minimum overlap: 3
No. of allowed errors:
1-9 bp: 0; 10-19 bp: 1

Overview of removed sequences
length	count	expect	max.err	error counts
3	4703	17910.9	0	4703
4	3	4477.7	0	3
5	1	1119.4	0	1
10	3	1.1	1	2 1
11	7	0.3	1	7
12	7	0.1	1	3 4
13	6	0.0	1	4 2
14	19	0.0	1	4 15
15	14	0.0	1	4 10
16	14	0.0	1	7 7
17	40	0.0	1	33 7
18	29	0.0	1	19 10
19	61	0.0	1	46 15
20	525	0.0	1	485 40
21	856	0.0	1	742 114
22	7015	0.0	1	1433 5582
23	860917	0.0	1	834687 26230
24	2743	0.0	1	887 1856
25	5	0.0	1	2 3
26	6	0.0	1	6
27	2	0.0	1	2
29	4	0.0	1	3 1
30	1	0.0	1	1
32	5	0.0	1	5
33	1	0.0	1	1
34	1	0.0	1	1
35	2	0.0	1	2
36	2	0.0	1	0 2
37	2	0.0	1	2
38	2	0.0	1	2
39	5	0.0	1	3 2
40	9	0.0	1	6 3
41	4	0.0	1	4
42	4	0.0	1	4
43	1	0.0	1	1
45	1	0.0	1	1
47	1	0.0	1	1
Running cutadapt on: 2024_Cont01_Null_W01_gut_S81
This is cutadapt 5.2 with Python 3.13.15
Command line parameters: -j 4 -g GTGYCAGCMGCCGCGGTAA -G GGACTACNVGGGTWTCTAAT -o /scratch4/workspace/jade_fiorilla_student_uml_edu-rawseqorcc/trimmed-cutadapt/2024_Cont01_Null_W01_gut_S81_R1_trim.fastq -p /scratch4/workspace/jade_fiorilla_student_uml_edu-rawseqorcc/trimmed-cutadapt/2024_Cont01_Null_W01_gut_S81_R2_trim.fastq /scratch4/workspace/jade_fiorilla_student_uml_edu-rawseqorcc/fastq/2024_Cont01_Null_W01_gut_S81_R1_001.fastq.gz /scratch4/workspace/jade_fiorilla_student_uml_edu-rawseqorcc/fastq/2024_Cont01_Null_W01_gut_S81_R2_001.fastq.gz
Processing paired-end reads on 4 cores ...

=== Summary ===

Total read pairs processed:          1,276,316
  Read 1 with adapter:                 851,978 (66.8%)
  Read 2 with adapter:                 440,759 (34.5%)
Pairs written (passing filters):     1,276,316 (100.0%)

Total basepairs processed:   768,342,232 bp
  Read 1:   384,171,116 bp
  Read 2:   384,171,116 bp
Total written (filtered):    740,779,868 bp (96.4%)
  Read 1:   366,295,806 bp
  Read 2:   374,484,062 bp

=== First read: Adapter 1 ===

Sequence: GTGYCAGCMGCCGCGGTAA; Type: regular 5'; Length: 19; Trimmed: 851978 times

Minimum overlap: 3
No. of allowed errors:
1-9 bp: 0; 10-19 bp: 1

Overview of removed sequences
length	count	expect	max.err	error counts
3	21	19942.4	0	21
9	2	4.9	0	2
10	2	1.2	1	2
11	4	0.3	1	2 2
12	33	0.1	1	15 18
13	4	0.0	1	0 4
14	1	0.0	1	0 1
15	5	0.0	1	1 4
16	17	0.0	1	5 12
17	8	0.0	1	1 7
18	44	0.0	1	11 33
19	6012	0.0	1	2581 3431
20	6702	0.0	1	4207 2495
21	836930	0.0	1	400472 436458
22	2101	0.0	1	977 1124
23	6	0.0	1	2 4
24	7	0.0	1	2 5
25	1	0.0	1	0 1
26	4	0.0	1	3 1
27	2	0.0	1	0 2
28	2	0.0	1	2
29	4	0.0	1	4
30	4	0.0	1	1 3
31	6	0.0	1	6
32	2	0.0	1	2
33	4	0.0	1	0 4
34	4	0.0	1	0 4
35	6	0.0	1	4 2
38	3	0.0	1	1 2
39	4	0.0	1	2 2
40	3	0.0	1	1 2
41	3	0.0	1	0 3
42	1	0.0	1	1
43	2	0.0	1	0 2
44	3	0.0	1	1 2
48	4	0.0	1	0 4
50	4	0.0	1	0 4
54	5	0.0	1	0 5
55	4	0.0	1	0 4
57	2	0.0	1	0 2
65	2	0.0	1	0 2


=== Second read: Adapter 2 ===

Sequence: GGACTACNVGGGTWTCTAAT; Type: regular 5'; Length: 20; Trimmed: 440759 times

Minimum overlap: 3
No. of allowed errors:
1-9 bp: 0; 10-19 bp: 1

Overview of removed sequences
length	count	expect	max.err	error counts
3	17	19942.4	0	17
10	4	1.2	1	3 1
11	2	0.3	1	2
13	4	0.0	1	3 1
14	8	0.0	1	7 1
15	1	0.0	1	0 1
16	8	0.0	1	3 5
17	14	0.0	1	11 3
18	12	0.0	1	11 1
19	43	0.0	1	19 24
20	1708	0.0	1	1540 168
21	6921	0.0	1	4399 2522
22	430629	0.0	1	415447 15182
23	1373	0.0	1	638 735
24	1	0.0	1	1
25	3	0.0	1	3
26	1	0.0	1	0 1
27	3	0.0	1	3
28	3	0.0	1	2 1
29	1	0.0	1	1
36	1	0.0	1	1
45	2	0.0	1	2
Running cutadapt on: 2024_Cont01_Null_W05_gill_S264
This is cutadapt 5.2 with Python 3.13.15
Command line parameters: -j 4 -g GTGYCAGCMGCCGCGGTAA -G GGACTACNVGGGTWTCTAAT -o /scratch4/workspace/jade_fiorilla_student_uml_edu-rawseqorcc/trimmed-cutadapt/2024_Cont01_Null_W05_gill_S264_R1_trim.fastq -p /scratch4/workspace/jade_fiorilla_student_uml_edu-rawseqorcc/trimmed-cutadapt/2024_Cont01_Null_W05_gill_S264_R2_trim.fastq /scratch4/workspace/jade_fiorilla_student_uml_edu-rawseqorcc/fastq/2024_Cont01_Null_W05_gill_S264_R1_001.fastq.gz /scratch4/workspace/jade_fiorilla_student_uml_edu-rawseqorcc/fastq/2024_Cont01_Null_W05_gill_S264_R2_001.fastq.gz
Processing paired-end reads on 4 cores ...

=== Summary ===

Total read pairs processed:            713,868
  Read 1 with adapter:                 699,842 (98.0%)
  Read 2 with adapter:                 684,410 (95.9%)
Pairs written (passing filters):       713,868 (100.0%)

Total basepairs processed:   429,748,536 bp
  Read 1:   214,874,268 bp
  Read 2:   214,874,268 bp
Total written (filtered):    401,387,705 bp (93.4%)
  Read 1:   200,878,490 bp
  Read 2:   200,509,215 bp

=== First read: Adapter 1 ===

Sequence: GTGYCAGCMGCCGCGGTAA; Type: regular 5'; Length: 19; Trimmed: 699842 times

Minimum overlap: 3
No. of allowed errors:
1-9 bp: 0; 10-19 bp: 1

Overview of removed sequences
length	count	expect	max.err	error counts
9	7	2.7	0	7
10	2	0.7	1	1 1
11	7	0.2	1	7
12	27	0.0	1	24 3
13	8	0.0	1	6 2
14	1	0.0	1	1
15	12	0.0	1	7 5
16	24	0.0	1	20 4
17	15	0.0	1	11 4
18	63	0.0	1	30 33
19	3381	0.0	1	1261 2120
20	693938	0.0	1	649576 44362
21	2053	0.0	1	685 1368
22	251	0.0	1	228 23
23	4	0.0	1	4
24	6	0.0	1	5 1
25	2	0.0	1	2
26	1	0.0	1	1
27	8	0.0	1	7 1
28	6	0.0	1	6
29	3	0.0	1	2 1
31	2	0.0	1	1 1
32	7	0.0	1	5 2
33	1	0.0	1	1
34	1	0.0	1	1
36	5	0.0	1	5
38	1	0.0	1	1
39	5	0.0	1	4 1
40	1	0.0	1	1


=== Second read: Adapter 2 ===

Sequence: GGACTACNVGGGTWTCTAAT; Type: regular 5'; Length: 20; Trimmed: 684410 times

Minimum overlap: 3
No. of allowed errors:
1-9 bp: 0; 10-19 bp: 1

Overview of removed sequences
length	count	expect	max.err	error counts
3	2	11154.2	0	2
10	3	0.7	1	1 2
11	2	0.2	1	1 1
12	6	0.0	1	3 3
13	4	0.0	1	2 2
14	4	0.0	1	1 3
15	8	0.0	1	7 1
16	9	0.0	1	2 7
17	8	0.0	1	3 5
18	16	0.0	1	14 2
19	49	0.0	1	22 27
20	9713	0.0	1	655 9058
21	672333	0.0	1	651804 20529
22	2138	0.0	1	824 1314
23	85	0.0	1	83 2
24	4	0.0	1	4
25	3	0.0	1	3
27	3	0.0	1	3
28	1	0.0	1	1
29	1	0.0	1	1
30	2	0.0	1	2
31	4	0.0	1	4
33	3	0.0	1	3
35	2	0.0	1	1 1
37	2	0.0	1	1 1
40	2	0.0	1	2
44	1	0.0	1	0 1
45	1	0.0	1	1
47	1	0.0	1	0 1
Running cutadapt on: 2024_Cont01_Null_W05_gut_S82
This is cutadapt 5.2 with Python 3.13.15
Command line parameters: -j 4 -g GTGYCAGCMGCCGCGGTAA -G GGACTACNVGGGTWTCTAAT -o /scratch4/workspace/jade_fiorilla_student_uml_edu-rawseqorcc/trimmed-cutadapt/2024_Cont01_Null_W05_gut_S82_R1_trim.fastq -p /scratch4/workspace/jade_fiorilla_student_uml_edu-rawseqorcc/trimmed-cutadapt/2024_Cont01_Null_W05_gut_S82_R2_trim.fastq /scratch4/workspace/jade_fiorilla_student_uml_edu-rawseqorcc/fastq/2024_Cont01_Null_W05_gut_S82_R1_001.fastq.gz /scratch4/workspace/jade_fiorilla_student_uml_edu-rawseqorcc/fastq/2024_Cont01_Null_W05_gut_S82_R2_001.fastq.gz
Processing paired-end reads on 4 cores ...

=== Summary ===

Total read pairs processed:            828,282
  Read 1 with adapter:                 640,380 (77.3%)
  Read 2 with adapter:                 450,907 (54.4%)
Pairs written (passing filters):       828,282 (100.0%)

Total basepairs processed:   498,625,764 bp
  Read 1:   249,312,882 bp
  Read 2:   249,312,882 bp
Total written (filtered):    475,286,801 bp (95.3%)
  Read 1:   235,877,862 bp
  Read 2:   239,408,939 bp

=== First read: Adapter 1 ===

Sequence: GTGYCAGCMGCCGCGGTAA; Type: regular 5'; Length: 19; Trimmed: 640380 times

Minimum overlap: 3
No. of allowed errors:
1-9 bp: 0; 10-19 bp: 1

Overview of removed sequences
length	count	expect	max.err	error counts
3	16	12941.9	0	16
11	8	0.2	1	4 4
12	31	0.0	1	27 4
13	3	0.0	1	3
14	4	0.0	1	4
15	3	0.0	1	0 3
16	9	0.0	1	5 4
17	8	0.0	1	3 5
18	35	0.0	1	13 22
19	3129	0.0	1	985 2144
20	8103	0.0	1	5447 2656
21	627267	0.0	1	420788 206479
22	1720	0.0	1	780 940
23	4	0.0	1	2 2
24	2	0.0	1	1 1
25	3	0.0	1	1 2
26	2	0.0	1	1 1
27	2	0.0	1	2
30	3	0.0	1	1 2
31	2	0.0	1	1 1
33	1	0.0	1	0 1
34	4	0.0	1	2 2
35	2	0.0	1	0 2
36	5	0.0	1	3 2
38	1	0.0	1	1
39	4	0.0	1	1 3
40	1	0.0	1	1
43	3	0.0	1	3
44	1	0.0	1	0 1
47	1	0.0	1	0 1
48	1	0.0	1	0 1
55	2	0.0	1	1 1


=== Second read: Adapter 2 ===

Sequence: GGACTACNVGGGTWTCTAAT; Type: regular 5'; Length: 20; Trimmed: 450907 times

Minimum overlap: 3
No. of allowed errors:
1-9 bp: 0; 10-19 bp: 1

Overview of removed sequences
length	count	expect	max.err	error counts
3	4	12941.9	0	4
4	2	3235.5	0	2
9	3	3.2	0	3
10	3	0.8	1	2 1
11	2	0.2	1	2
12	3	0.0	1	2 1
13	7	0.0	1	6 1
14	12	0.0	1	10 2
15	2	0.0	1	0 2
16	6	0.0	1	4 2
17	6	0.0	1	2 4
18	34	0.0	1	28 6
19	32	0.0	1	15 17
20	611	0.0	1	539 72
21	15519	0.0	1	5164 10355
22	433308	0.0	1	424240 9068
23	1337	0.0	1	621 716
24	8	0.0	1	4 4
26	2	0.0	1	2
27	1	0.0	1	1
28	1	0.0	1	1
29	1	0.0	1	1
37	1	0.0	1	1
45	2	0.0	1	2
Running cutadapt on: 2024_Cont02_Both02_W16_gill_S246
This is cutadapt 5.2 with Python 3.13.15
Command line parameters: -j 4 -g GTGYCAGCMGCCGCGGTAA -G GGACTACNVGGGTWTCTAAT -o /scratch4/workspace/jade_fiorilla_student_uml_edu-rawseqorcc/trimmed-cutadapt/2024_Cont02_Both02_W16_gill_S246_R1_trim.fastq -p /scratch4/workspace/jade_fiorilla_student_uml_edu-rawseqorcc/trimmed-cutadapt/2024_Cont02_Both02_W16_gill_S246_R2_trim.fastq /scratch4/workspace/jade_fiorilla_student_uml_edu-rawseqorcc/fastq/2024_Cont02_Both02_W16_gill_S246_R1_001.fastq.gz /scratch4/workspace/jade_fiorilla_student_uml_edu-rawseqorcc/fastq/2024_Cont02_Both02_W16_gill_S246_R2_001.fastq.gz
Processing paired-end reads on 4 cores ...

=== Summary ===

Total read pairs processed:            723,750
  Read 1 with adapter:                 517,085 (71.4%)
  Read 2 with adapter:                 663,346 (91.7%)
Pairs written (passing filters):       723,750 (100.0%)

Total basepairs processed:   435,697,500 bp
  Read 1:   217,848,750 bp
  Read 2:   217,848,750 bp
Total written (filtered):    409,191,952 bp (93.9%)
  Read 1:   206,566,405 bp
  Read 2:   202,625,547 bp

=== First read: Adapter 1 ===

Sequence: GTGYCAGCMGCCGCGGTAA; Type: regular 5'; Length: 19; Trimmed: 517085 times

Minimum overlap: 3
No. of allowed errors:
1-9 bp: 0; 10-19 bp: 1

Overview of removed sequences
length	count	expect	max.err	error counts
3	4549	11308.6	0	4549
4	2	2827.1	0	2
9	4	2.8	0	4
10	3	0.7	1	0 3
11	2	0.2	1	1 1
12	81	0.0	1	61 20
13	9	0.0	1	6 3
14	5	0.0	1	1 4
15	19	0.0	1	7 12
16	28	0.0	1	17 11
17	19	0.0	1	3 16
18	89	0.0	1	51 38
19	850	0.0	1	775 75
20	861	0.0	1	633 228
21	3090	0.0	1	1243 1847
22	506064	0.0	1	375437 130627
23	1347	0.0	1	307 1040
24	7	0.0	1	7
25	4	0.0	1	3 1
26	3	0.0	1	2 1
27	2	0.0	1	1 1
29	4	0.0	1	1 3
30	3	0.0	1	0 3
31	4	0.0	1	1 3
32	5	0.0	1	4 1
33	2	0.0	1	2
34	5	0.0	1	4 1
35	1	0.0	1	0 1
36	3	0.0	1	3
38	4	0.0	1	3 1
40	2	0.0	1	2
41	1	0.0	1	1
42	3	0.0	1	3
43	3	0.0	1	3
45	1	0.0	1	0 1
49	6	0.0	1	1 5


=== Second read: Adapter 2 ===

Sequence: GGACTACNVGGGTWTCTAAT; Type: regular 5'; Length: 20; Trimmed: 663346 times

Minimum overlap: 3
No. of allowed errors:
1-9 bp: 0; 10-19 bp: 1

Overview of removed sequences
length	count	expect	max.err	error counts
3	972	11308.6	0	972
4	1	2827.1	0	1
5	1	706.8	0	1
11	4	0.2	1	1 3
12	5	0.0	1	5
13	8	0.0	1	2 6
14	11	0.0	1	9 2
15	2	0.0	1	1 1
16	13	0.0	1	6 7
17	16	0.0	1	11 5
18	22	0.0	1	19 3
19	45	0.0	1	32 13
20	1223	0.0	1	1138 85
21	345	0.0	1	279 66
22	11784	0.0	1	1329 10455
23	646590	0.0	1	609918 36672
24	2258	0.0	1	593 1665
25	6	0.0	1	1 5
26	2	0.0	1	2
27	4	0.0	1	4
28	3	0.0	1	3
29	5	0.0	1	5
30	1	0.0	1	0 1
31	1	0.0	1	0 1
32	4	0.0	1	4
33	7	0.0	1	3 4
35	5	0.0	1	0 5
38	6	0.0	1	6
39	2	0.0	1	2
Running cutadapt on: 2024_Cont02_Both02_W16_gut_S39
This is cutadapt 5.2 with Python 3.13.15
Command line parameters: -j 4 -g GTGYCAGCMGCCGCGGTAA -G GGACTACNVGGGTWTCTAAT -o /scratch4/workspace/jade_fiorilla_student_uml_edu-rawseqorcc/trimmed-cutadapt/2024_Cont02_Both02_W16_gut_S39_R1_trim.fastq -p /scratch4/workspace/jade_fiorilla_student_uml_edu-rawseqorcc/trimmed-cutadapt/2024_Cont02_Both02_W16_gut_S39_R2_trim.fastq /scratch4/workspace/jade_fiorilla_student_uml_edu-rawseqorcc/fastq/2024_Cont02_Both02_W16_gut_S39_R1_001.fastq.gz /scratch4/workspace/jade_fiorilla_student_uml_edu-rawseqorcc/fastq/2024_Cont02_Both02_W16_gut_S39_R2_001.fastq.gz
Processing paired-end reads on 4 cores ...

=== Summary ===

Total read pairs processed:          1,019,168
  Read 1 with adapter:                 708,987 (69.6%)
  Read 2 with adapter:                 157,434 (15.4%)
Pairs written (passing filters):     1,019,168 (100.0%)

Total basepairs processed:   613,539,136 bp
  Read 1:   306,769,568 bp
  Read 2:   306,769,568 bp
Total written (filtered):    596,898,735 bp (97.3%)
  Read 1:   293,284,011 bp
  Read 2:   303,614,724 bp

=== First read: Adapter 1 ===

Sequence: GTGYCAGCMGCCGCGGTAA; Type: regular 5'; Length: 19; Trimmed: 708987 times

Minimum overlap: 3
No. of allowed errors:
1-9 bp: 0; 10-19 bp: 1

Overview of removed sequences
length	count	expect	max.err	error counts
3	6	15924.5	0	6
8	1	15.6	0	1
12	39	0.1	1	6 33
13	6	0.0	1	0 6
14	2	0.0	1	0 2
15	3	0.0	1	0 3
16	43	0.0	1	8 35
17	59	0.0	1	11 48
18	786	0.0	1	65 721
19	698517	0.0	1	148852 549665
20	5113	0.0	1	3050 2063
21	2886	0.0	1	1852 1034
22	1460	0.0	1	1063 397
23	8	0.0	1	4 4
24	10	0.0	1	3 7
25	3	0.0	1	0 3
27	2	0.0	1	0 2
28	1	0.0	1	0 1
29	3	0.0	1	3
30	1	0.0	1	0 1
31	3	0.0	1	0 3
32	1	0.0	1	0 1
33	5	0.0	1	0 5
35	3	0.0	1	1 2
37	2	0.0	1	0 2
39	8	0.0	1	0 8
41	2	0.0	1	0 2
42	1	0.0	1	0 1
43	1	0.0	1	0 1
45	3	0.0	1	0 3
46	1	0.0	1	0 1
48	1	0.0	1	0 1
51	1	0.0	1	0 1
53	1	0.0	1	0 1
54	2	0.0	1	2
59	3	0.0	1	0 3


=== Second read: Adapter 2 ===

Sequence: GGACTACNVGGGTWTCTAAT; Type: regular 5'; Length: 20; Trimmed: 157434 times

Minimum overlap: 3
No. of allowed errors:
1-9 bp: 0; 10-19 bp: 1

Overview of removed sequences
length	count	expect	max.err	error counts
3	5	15924.5	0	5
13	3	0.0	1	3
14	1	0.0	1	0 1
15	2	0.0	1	2
16	2	0.0	1	1 1
17	4	0.0	1	4
18	10	0.0	1	5 5
19	856	0.0	1	91 765
20	151773	0.0	1	146082 5691
21	2977	0.0	1	2562 415
22	1199	0.0	1	1109 90
23	601	0.0	1	561 40
24	1	0.0	1	0 1
Running cutadapt on: 2024_Cont02_Cont01_W3_gill_S214
This is cutadapt 5.2 with Python 3.13.15
Command line parameters: -j 4 -g GTGYCAGCMGCCGCGGTAA -G GGACTACNVGGGTWTCTAAT -o /scratch4/workspace/jade_fiorilla_student_uml_edu-rawseqorcc/trimmed-cutadapt/2024_Cont02_Cont01_W3_gill_S214_R1_trim.fastq -p /scratch4/workspace/jade_fiorilla_student_uml_edu-rawseqorcc/trimmed-cutadapt/2024_Cont02_Cont01_W3_gill_S214_R2_trim.fastq /scratch4/workspace/jade_fiorilla_student_uml_edu-rawseqorcc/fastq/2024_Cont02_Cont01_W3_gill_S214_R1_001.fastq.gz /scratch4/workspace/jade_fiorilla_student_uml_edu-rawseqorcc/fastq/2024_Cont02_Cont01_W3_gill_S214_R2_001.fastq.gz
Processing paired-end reads on 4 cores ...

=== Summary ===

Total read pairs processed:            863,875
  Read 1 with adapter:                 750,046 (86.8%)
  Read 2 with adapter:                 707,285 (81.9%)
Pairs written (passing filters):       863,875 (100.0%)

Total basepairs processed:   520,052,750 bp
  Read 1:   260,026,375 bp
  Read 2:   260,026,375 bp
Total written (filtered):    490,201,389 bp (94.3%)
  Read 1:   245,025,509 bp
  Read 2:   245,175,880 bp

=== First read: Adapter 1 ===

Sequence: GTGYCAGCMGCCGCGGTAA; Type: regular 5'; Length: 19; Trimmed: 750046 times

Minimum overlap: 3
No. of allowed errors:
1-9 bp: 0; 10-19 bp: 1

Overview of removed sequences
length	count	expect	max.err	error counts
3	2	13498.0	0	2
9	5	3.3	0	5
12	44	0.1	1	35 9
13	7	0.0	1	6 1
14	1	0.0	1	1
15	15	0.0	1	10 5
16	27	0.0	1	24 3
17	33	0.0	1	16 17
18	78	0.0	1	42 36
19	3737	0.0	1	1263 2474
20	742876	0.0	1	643353 99523
21	2321	0.0	1	793 1528
22	856	0.0	1	757 99
23	6	0.0	1	3 3
24	3	0.0	1	3
26	4	0.0	1	3 1
27	1	0.0	1	1
28	6	0.0	1	5 1
29	1	0.0	1	1
31	1	0.0	1	1
32	1	0.0	1	1
34	2	0.0	1	2
35	2	0.0	1	2
36	4	0.0	1	3 1
37	1	0.0	1	1
38	4	0.0	1	4
41	3	0.0	1	3
52	2	0.0	1	2
55	3	0.0	1	0 3


=== Second read: Adapter 2 ===

Sequence: GGACTACNVGGGTWTCTAAT; Type: regular 5'; Length: 20; Trimmed: 707285 times

Minimum overlap: 3
No. of allowed errors:
1-9 bp: 0; 10-19 bp: 1

Overview of removed sequences
length	count	expect	max.err	error counts
3	5	13498.0	0	5
5	1	843.6	0	1
10	3	0.8	1	2 1
11	2	0.2	1	0 2
12	1	0.1	1	1
13	3	0.0	1	2 1
14	6	0.0	1	2 4
15	3	0.0	1	3
16	7	0.0	1	2 5
17	11	0.0	1	8 3
18	21	0.0	1	13 8
19	54	0.0	1	26 28
20	6197	0.0	1	1832 4365
21	697629	0.0	1	644201 53428
22	2747	0.0	1	820 1927
23	563	0.0	1	517 46
24	2	0.0	1	0 2
25	4	0.0	1	3 1
27	4	0.0	1	3 1
28	4	0.0	1	3 1
29	2	0.0	1	2
31	4	0.0	1	4
32	1	0.0	1	1
33	3	0.0	1	2 1
34	1	0.0	1	1
35	1	0.0	1	1
37	1	0.0	1	1
39	2	0.0	1	2
43	1	0.0	1	1
48	1	0.0	1	1
52	1	0.0	1	1
Running cutadapt on: 2024_Cont02_Cont01_W3_gut_S31
This is cutadapt 5.2 with Python 3.13.15
Command line parameters: -j 4 -g GTGYCAGCMGCCGCGGTAA -G GGACTACNVGGGTWTCTAAT -o /scratch4/workspace/jade_fiorilla_student_uml_edu-rawseqorcc/trimmed-cutadapt/2024_Cont02_Cont01_W3_gut_S31_R1_trim.fastq -p /scratch4/workspace/jade_fiorilla_student_uml_edu-rawseqorcc/trimmed-cutadapt/2024_Cont02_Cont01_W3_gut_S31_R2_trim.fastq /scratch4/workspace/jade_fiorilla_student_uml_edu-rawseqorcc/fastq/2024_Cont02_Cont01_W3_gut_S31_R1_001.fastq.gz /scratch4/workspace/jade_fiorilla_student_uml_edu-rawseqorcc/fastq/2024_Cont02_Cont01_W3_gut_S31_R2_001.fastq.gz
Processing paired-end reads on 4 cores ...

=== Summary ===

Total read pairs processed:          1,052,434
  Read 1 with adapter:                 916,050 (87.0%)
  Read 2 with adapter:                 754,768 (71.7%)
Pairs written (passing filters):     1,052,434 (100.0%)

Total basepairs processed:   633,565,268 bp
  Read 1:   316,782,634 bp
  Read 2:   316,782,634 bp
Total written (filtered):    599,392,600 bp (94.6%)
  Read 1:   298,459,790 bp
  Read 2:   300,932,810 bp

=== First read: Adapter 1 ===

Sequence: GTGYCAGCMGCCGCGGTAA; Type: regular 5'; Length: 19; Trimmed: 916050 times

Minimum overlap: 3
No. of allowed errors:
1-9 bp: 0; 10-19 bp: 1

Overview of removed sequences
length	count	expect	max.err	error counts
3	5	16444.3	0	5
10	1	1.0	1	1
12	63	0.1	1	59 4
13	10	0.0	1	4 6
14	7	0.0	1	2 5
15	7	0.0	1	5 2
16	14	0.0	1	14
17	36	0.0	1	14 22
18	108	0.0	1	59 49
19	5097	0.0	1	1633 3464
20	904649	0.0	1	735061 169588
21	4785	0.0	1	2165 2620
22	1186	0.0	1	948 238
23	7	0.0	1	5 2
24	12	0.0	1	8 4
25	8	0.0	1	7 1
26	7	0.0	1	5 2
27	3	0.0	1	3
28	4	0.0	1	3 1
29	1	0.0	1	0 1
30	2	0.0	1	2
31	3	0.0	1	2 1
32	4	0.0	1	4
33	4	0.0	1	4
34	6	0.0	1	5 1
35	4	0.0	1	0 4
36	1	0.0	1	1
37	5	0.0	1	4 1
42	3	0.0	1	2 1
44	1	0.0	1	0 1
46	1	0.0	1	1
49	2	0.0	1	0 2
50	2	0.0	1	2
51	1	0.0	1	1
54	1	0.0	1	1


=== Second read: Adapter 2 ===

Sequence: GGACTACNVGGGTWTCTAAT; Type: regular 5'; Length: 20; Trimmed: 754768 times

Minimum overlap: 3
No. of allowed errors:
1-9 bp: 0; 10-19 bp: 1

Overview of removed sequences
length	count	expect	max.err	error counts
3	5	16444.3	0	5
10	1	1.0	1	1
11	2	0.3	1	2
12	4	0.1	1	4
13	4	0.0	1	3 1
14	4	0.0	1	2 2
15	7	0.0	1	5 2
16	13	0.0	1	3 10
17	11	0.0	1	6 5
18	25	0.0	1	11 14
19	66	0.0	1	36 30
20	3822	0.0	1	914 2908
21	747439	0.0	1	731913 15526
22	2848	0.0	1	1293 1555
23	488	0.0	1	457 31
24	5	0.0	1	3 2
25	3	0.0	1	3
26	4	0.0	1	4
27	1	0.0	1	0 1
28	3	0.0	1	3
30	1	0.0	1	1
32	2	0.0	1	2
33	3	0.0	1	3
34	1	0.0	1	1
35	3	0.0	1	3
42	1	0.0	1	1
47	2	0.0	1	2
Running cutadapt on: 2024_Cont02_Hyp01_W4_gill_S136
This is cutadapt 5.2 with Python 3.13.15
Command line parameters: -j 4 -g GTGYCAGCMGCCGCGGTAA -G GGACTACNVGGGTWTCTAAT -o /scratch4/workspace/jade_fiorilla_student_uml_edu-rawseqorcc/trimmed-cutadapt/2024_Cont02_Hyp01_W4_gill_S136_R1_trim.fastq -p /scratch4/workspace/jade_fiorilla_student_uml_edu-rawseqorcc/trimmed-cutadapt/2024_Cont02_Hyp01_W4_gill_S136_R2_trim.fastq /scratch4/workspace/jade_fiorilla_student_uml_edu-rawseqorcc/fastq/2024_Cont02_Hyp01_W4_gill_S136_R1_001.fastq.gz /scratch4/workspace/jade_fiorilla_student_uml_edu-rawseqorcc/fastq/2024_Cont02_Hyp01_W4_gill_S136_R2_001.fastq.gz
Processing paired-end reads on 4 cores ...

=== Summary ===

Total read pairs processed:          2,077,617
  Read 1 with adapter:               1,198,911 (57.7%)
  Read 2 with adapter:               1,160,717 (55.9%)
Pairs written (passing filters):     2,077,617 (100.0%)

Total basepairs processed: 1,250,725,434 bp
  Read 1:   625,362,717 bp
  Read 2:   625,362,717 bp
Total written (filtered):  1,202,371,732 bp (96.1%)
  Read 1:   601,385,277 bp
  Read 2:   600,986,455 bp

=== First read: Adapter 1 ===

Sequence: GTGYCAGCMGCCGCGGTAA; Type: regular 5'; Length: 19; Trimmed: 1198911 times

Minimum overlap: 3
No. of allowed errors:
1-9 bp: 0; 10-19 bp: 1

Overview of removed sequences
length	count	expect	max.err	error counts
3	7	32462.8	0	7
5	1	2028.9	0	1
9	3	7.9	0	3
10	3	2.0	1	0 3
11	8	0.5	1	7 1
12	65	0.1	1	50 15
13	11	0.0	1	6 5
14	12	0.0	1	3 9
15	16	0.0	1	13 3
16	43	0.0	1	23 20
17	34	0.0	1	15 19
18	163	0.0	1	69 94
19	10118	0.0	1	6075 4043
20	1179865	0.0	1	726119 453746
21	7009	0.0	1	4751 2258
22	1476	0.0	1	1320 156
23	14	0.0	1	7 7
24	1	0.0	1	0 1
25	1	0.0	1	1
26	6	0.0	1	3 3
27	1	0.0	1	1
28	4	0.0	1	1 3
29	2	0.0	1	2
30	5	0.0	1	3 2
31	1	0.0	1	1
32	3	0.0	1	1 2
33	4	0.0	1	0 4
34	1	0.0	1	1
35	5	0.0	1	1 4
36	7	0.0	1	4 3
37	5	0.0	1	1 4
39	1	0.0	1	0 1
40	1	0.0	1	0 1
42	1	0.0	1	1
43	7	0.0	1	3 4
45	2	0.0	1	0 2
47	1	0.0	1	1
49	3	0.0	1	2 1
50	1	0.0	1	1


=== Second read: Adapter 2 ===

Sequence: GGACTACNVGGGTWTCTAAT; Type: regular 5'; Length: 20; Trimmed: 1160717 times

Minimum overlap: 3
No. of allowed errors:
1-9 bp: 0; 10-19 bp: 1

Overview of removed sequences
length	count	expect	max.err	error counts
3	11	32462.8	0	11
11	3	0.5	1	0 3
12	5	0.1	1	5
13	7	0.0	1	4 3
14	14	0.0	1	8 6
15	14	0.0	1	4 10
16	12	0.0	1	5 7
17	11	0.0	1	6 5
18	39	0.0	1	30 9
19	127	0.0	1	56 71
20	10761	0.0	1	4185 6576
21	1139860	0.0	1	1068548 71312
22	7363	0.0	1	3449 3914
23	2423	0.0	1	2307 116
24	18	0.0	1	8 10
25	6	0.0	1	4 2
27	6	0.0	1	4 2
28	2	0.0	1	2
29	2	0.0	1	2
30	2	0.0	1	1 1
31	2	0.0	1	2
32	3	0.0	1	2 1
33	2	0.0	1	1 1
34	3	0.0	1	3
35	3	0.0	1	3
36	2	0.0	1	2
37	2	0.0	1	2
38	2	0.0	1	2
39	1	0.0	1	0 1
41	1	0.0	1	1
43	1	0.0	1	0 1
45	1	0.0	1	1
51	5	0.0	1	5
52	3	0.0	1	3
Running cutadapt on: 2024_Cont02_Hyp01_W4_gut_S137
This is cutadapt 5.2 with Python 3.13.15
Command line parameters: -j 4 -g GTGYCAGCMGCCGCGGTAA -G GGACTACNVGGGTWTCTAAT -o /scratch4/workspace/jade_fiorilla_student_uml_edu-rawseqorcc/trimmed-cutadapt/2024_Cont02_Hyp01_W4_gut_S137_R1_trim.fastq -p /scratch4/workspace/jade_fiorilla_student_uml_edu-rawseqorcc/trimmed-cutadapt/2024_Cont02_Hyp01_W4_gut_S137_R2_trim.fastq /scratch4/workspace/jade_fiorilla_student_uml_edu-rawseqorcc/fastq/2024_Cont02_Hyp01_W4_gut_S137_R1_001.fastq.gz /scratch4/workspace/jade_fiorilla_student_uml_edu-rawseqorcc/fastq/2024_Cont02_Hyp01_W4_gut_S137_R2_001.fastq.gz
Processing paired-end reads on 4 cores ...

=== Summary ===

Total read pairs processed:          1,177,209
  Read 1 with adapter:               1,069,070 (90.8%)
  Read 2 with adapter:               1,014,193 (86.2%)
Pairs written (passing filters):     1,177,209 (100.0%)

Total basepairs processed:   708,679,818 bp
  Read 1:   354,339,909 bp
  Read 2:   354,339,909 bp
Total written (filtered):    666,003,021 bp (94.0%)
  Read 1:   332,961,404 bp
  Read 2:   333,041,617 bp

=== First read: Adapter 1 ===

Sequence: GTGYCAGCMGCCGCGGTAA; Type: regular 5'; Length: 19; Trimmed: 1069070 times

Minimum overlap: 3
No. of allowed errors:
1-9 bp: 0; 10-19 bp: 1

Overview of removed sequences
length	count	expect	max.err	error counts
3	17	18393.9	0	17
8	1	18.0	0	1
9	1	4.5	0	1
10	1	1.1	1	1
11	5	0.3	1	5
12	47	0.1	1	43 4
13	12	0.0	1	10 2
14	22	0.0	1	6 16
15	20	0.0	1	6 14
16	30	0.0	1	22 8
17	33	0.0	1	14 19
18	113	0.0	1	50 63
19	11016	0.0	1	6597 4419
20	1050126	0.0	1	965320 84806
21	6110	0.0	1	3725 2385
22	1447	0.0	1	1295 152
23	19	0.0	1	16 3
24	7	0.0	1	7
25	3	0.0	1	3
26	5	0.0	1	4 1
27	4	0.0	1	3 1
28	6	0.0	1	5 1
29	2	0.0	1	2
30	2	0.0	1	2
31	3	0.0	1	2 1
34	1	0.0	1	1
35	5	0.0	1	4 1
36	1	0.0	1	0 1
38	2	0.0	1	1 1
40	2	0.0	1	2
42	1	0.0	1	1
43	4	0.0	1	2 2
44	1	0.0	1	1
45	1	0.0	1	1


=== Second read: Adapter 2 ===

Sequence: GGACTACNVGGGTWTCTAAT; Type: regular 5'; Length: 20; Trimmed: 1014193 times

Minimum overlap: 3
No. of allowed errors:
1-9 bp: 0; 10-19 bp: 1

Overview of removed sequences
length	count	expect	max.err	error counts
3	12	18393.9	0	12
11	5	0.3	1	3 2
12	4	0.1	1	2 2
13	4	0.0	1	4
14	17	0.0	1	15 2
15	5	0.0	1	1 4
16	12	0.0	1	5 7
17	17	0.0	1	13 4
18	32	0.0	1	22 10
19	78	0.0	1	44 34
20	8796	0.0	1	4345 4451
21	998133	0.0	1	940335 57798
22	4615	0.0	1	2482 2133
23	2414	0.0	1	2303 111
24	8	0.0	1	4 4
25	5	0.0	1	5
26	6	0.0	1	6
27	6	0.0	1	6
28	2	0.0	1	0 2
29	2	0.0	1	2
30	3	0.0	1	1 2
31	1	0.0	1	1
32	1	0.0	1	1
33	1	0.0	1	1
34	1	0.0	1	1
35	1	0.0	1	1
37	1	0.0	1	0 1
38	4	0.0	1	4
39	2	0.0	1	2
41	3	0.0	1	3
43	1	0.0	1	1
47	1	0.0	1	1
Running cutadapt on: 2024_Cont02_Null_W15_gill_S83
This is cutadapt 5.2 with Python 3.13.15
Command line parameters: -j 4 -g GTGYCAGCMGCCGCGGTAA -G GGACTACNVGGGTWTCTAAT -o /scratch4/workspace/jade_fiorilla_student_uml_edu-rawseqorcc/trimmed-cutadapt/2024_Cont02_Null_W15_gill_S83_R1_trim.fastq -p /scratch4/workspace/jade_fiorilla_student_uml_edu-rawseqorcc/trimmed-cutadapt/2024_Cont02_Null_W15_gill_S83_R2_trim.fastq /scratch4/workspace/jade_fiorilla_student_uml_edu-rawseqorcc/fastq/2024_Cont02_Null_W15_gill_S83_R1_001.fastq.gz /scratch4/workspace/jade_fiorilla_student_uml_edu-rawseqorcc/fastq/2024_Cont02_Null_W15_gill_S83_R2_001.fastq.gz
Processing paired-end reads on 4 cores ...

=== Summary ===

Total read pairs processed:          1,029,704
  Read 1 with adapter:                 671,811 (65.2%)
  Read 2 with adapter:                 316,054 (30.7%)
Pairs written (passing filters):     1,029,704 (100.0%)

Total basepairs processed:   619,881,808 bp
  Read 1:   309,940,904 bp
  Read 2:   309,940,904 bp
Total written (filtered):    598,842,985 bp (96.6%)
  Read 1:   295,845,658 bp
  Read 2:   302,997,327 bp

=== First read: Adapter 1 ===

Sequence: GTGYCAGCMGCCGCGGTAA; Type: regular 5'; Length: 19; Trimmed: 671811 times

Minimum overlap: 3
No. of allowed errors:
1-9 bp: 0; 10-19 bp: 1

Overview of removed sequences
length	count	expect	max.err	error counts
3	11	16089.1	0	11
10	1	1.0	1	0 1
11	1	0.2	1	0 1
12	30	0.1	1	14 16
13	1	0.0	1	1
14	5	0.0	1	0 5
15	16	0.0	1	4 12
16	16	0.0	1	5 11
17	13	0.0	1	3 10
18	26	0.0	1	9 17
19	3102	0.0	1	1870 1232
20	8323	0.0	1	5964 2359
21	658307	0.0	1	276377 381930
22	1897	0.0	1	1072 825
23	8	0.0	1	1 7
24	5	0.0	1	4 1
25	4	0.0	1	1 3
26	3	0.0	1	2 1
27	1	0.0	1	0 1
28	3	0.0	1	1 2
29	3	0.0	1	1 2
30	6	0.0	1	1 5
31	2	0.0	1	0 2
32	2	0.0	1	1 1
33	1	0.0	1	0 1
34	2	0.0	1	1 1
35	2	0.0	1	0 2
37	3	0.0	1	3
38	5	0.0	1	2 3
41	6	0.0	1	0 6
44	1	0.0	1	0 1
46	2	0.0	1	0 2
47	2	0.0	1	2
51	1	0.0	1	0 1


=== Second read: Adapter 2 ===

Sequence: GGACTACNVGGGTWTCTAAT; Type: regular 5'; Length: 20; Trimmed: 316054 times

Minimum overlap: 3
No. of allowed errors:
1-9 bp: 0; 10-19 bp: 1

Overview of removed sequences
length	count	expect	max.err	error counts
3	6	16089.1	0	6
4	1	4022.3	0	1
12	1	0.1	1	1
13	2	0.0	1	2
14	4	0.0	1	1 3
15	7	0.0	1	3 4
16	7	0.0	1	2 5
17	7	0.0	1	4 3
18	6	0.0	1	5 1
19	15	0.0	1	7 8
20	1357	0.0	1	1263 94
21	8240	0.0	1	5647 2593
22	304841	0.0	1	284541 20300
23	1533	0.0	1	740 793
24	5	0.0	1	2 3
25	3	0.0	1	1 2
26	3	0.0	1	2 1
27	1	0.0	1	1
28	1	0.0	1	1
29	1	0.0	1	1
30	3	0.0	1	3
31	2	0.0	1	2
33	2	0.0	1	2
34	3	0.0	1	3
36	2	0.0	1	2
42	1	0.0	1	1
Running cutadapt on: 2024_Cont02_Null_W15_gut_S84
This is cutadapt 5.2 with Python 3.13.15
Command line parameters: -j 4 -g GTGYCAGCMGCCGCGGTAA -G GGACTACNVGGGTWTCTAAT -o /scratch4/workspace/jade_fiorilla_student_uml_edu-rawseqorcc/trimmed-cutadapt/2024_Cont02_Null_W15_gut_S84_R1_trim.fastq -p /scratch4/workspace/jade_fiorilla_student_uml_edu-rawseqorcc/trimmed-cutadapt/2024_Cont02_Null_W15_gut_S84_R2_trim.fastq /scratch4/workspace/jade_fiorilla_student_uml_edu-rawseqorcc/fastq/2024_Cont02_Null_W15_gut_S84_R1_001.fastq.gz /scratch4/workspace/jade_fiorilla_student_uml_edu-rawseqorcc/fastq/2024_Cont02_Null_W15_gut_S84_R2_001.fastq.gz
Processing paired-end reads on 4 cores ...

=== Summary ===

Total read pairs processed:            883,866
  Read 1 with adapter:                 637,391 (72.1%)
  Read 2 with adapter:                 403,178 (45.6%)
Pairs written (passing filters):       883,866 (100.0%)

Total basepairs processed:   532,087,332 bp
  Read 1:   266,043,666 bp
  Read 2:   266,043,666 bp
Total written (filtered):    509,855,585 bp (95.8%)
  Read 1:   252,672,122 bp
  Read 2:   257,183,463 bp

=== First read: Adapter 1 ===

Sequence: GTGYCAGCMGCCGCGGTAA; Type: regular 5'; Length: 19; Trimmed: 637391 times

Minimum overlap: 3
No. of allowed errors:
1-9 bp: 0; 10-19 bp: 1

Overview of removed sequences
length	count	expect	max.err	error counts
3	18	13810.4	0	18
12	23	0.1	1	10 13
13	5	0.0	1	2 3
14	3	0.0	1	0 3
15	5	0.0	1	4 1
16	11	0.0	1	6 5
17	7	0.0	1	3 4
18	29	0.0	1	17 12
19	3544	0.0	1	1933 1611
20	9524	0.0	1	6207 3317
21	621097	0.0	1	371932 249165
22	3055	0.0	1	1953 1102
23	20	0.0	1	9 11
24	3	0.0	1	2 1
25	5	0.0	1	5
27	4	0.0	1	4
28	3	0.0	1	3
29	1	0.0	1	0 1
30	3	0.0	1	3
31	2	0.0	1	2
32	3	0.0	1	1 2
33	3	0.0	1	2 1
34	1	0.0	1	1
35	1	0.0	1	0 1
36	6	0.0	1	6
37	2	0.0	1	1 1
38	2	0.0	1	1 1
39	2	0.0	1	1 1
40	3	0.0	1	2 1
41	1	0.0	1	1
43	1	0.0	1	1
50	1	0.0	1	1
52	2	0.0	1	2
56	1	0.0	1	0 1


=== Second read: Adapter 2 ===

Sequence: GGACTACNVGGGTWTCTAAT; Type: regular 5'; Length: 20; Trimmed: 403178 times

Minimum overlap: 3
No. of allowed errors:
1-9 bp: 0; 10-19 bp: 1

Overview of removed sequences
length	count	expect	max.err	error counts
3	14	13810.4	0	14
9	1	3.4	0	1
11	1	0.2	1	0 1
12	7	0.1	1	5 2
14	12	0.0	1	6 6
16	4	0.0	1	0 4
17	19	0.0	1	13 6
18	13	0.0	1	12 1
19	38	0.0	1	22 16
20	1437	0.0	1	1294 143
21	8356	0.0	1	5871 2485
22	391108	0.0	1	373472 17636
23	2152	0.0	1	1165 987
24	4	0.0	1	3 1
25	1	0.0	1	1
26	2	0.0	1	2
27	1	0.0	1	0 1
28	1	0.0	1	1
29	2	0.0	1	2
31	1	0.0	1	0 1
32	1	0.0	1	0 1
33	1	0.0	1	1
35	1	0.0	1	1
41	1	0.0	1	1
Running cutadapt on: 2024_Cont02_Warm02_W15_gill_S196
This is cutadapt 5.2 with Python 3.13.15
Command line parameters: -j 4 -g GTGYCAGCMGCCGCGGTAA -G GGACTACNVGGGTWTCTAAT -o /scratch4/workspace/jade_fiorilla_student_uml_edu-rawseqorcc/trimmed-cutadapt/2024_Cont02_Warm02_W15_gill_S196_R1_trim.fastq -p /scratch4/workspace/jade_fiorilla_student_uml_edu-rawseqorcc/trimmed-cutadapt/2024_Cont02_Warm02_W15_gill_S196_R2_trim.fastq /scratch4/workspace/jade_fiorilla_student_uml_edu-rawseqorcc/fastq/2024_Cont02_Warm02_W15_gill_S196_R1_001.fastq.gz /scratch4/workspace/jade_fiorilla_student_uml_edu-rawseqorcc/fastq/2024_Cont02_Warm02_W15_gill_S196_R2_001.fastq.gz
Processing paired-end reads on 4 cores ...

=== Summary ===

Total read pairs processed:          1,159,104
  Read 1 with adapter:                 788,894 (68.1%)
  Read 2 with adapter:                 618,930 (53.4%)
Pairs written (passing filters):     1,159,104 (100.0%)

Total basepairs processed:   697,780,608 bp
  Read 1:   348,890,304 bp
  Read 2:   348,890,304 bp
Total written (filtered):    666,565,487 bp (95.5%)
  Read 1:   331,707,251 bp
  Read 2:   334,858,236 bp

=== First read: Adapter 1 ===

Sequence: GTGYCAGCMGCCGCGGTAA; Type: regular 5'; Length: 19; Trimmed: 788894 times

Minimum overlap: 3
No. of allowed errors:
1-9 bp: 0; 10-19 bp: 1

Overview of removed sequences
length	count	expect	max.err	error counts
3	8354	18111.0	0	8354
4	7	4527.8	0	7
9	7	4.4	0	7
10	6	1.1	1	3 3
11	6	0.3	1	5 1
12	136	0.1	1	88 48
13	15	0.0	1	9 6
14	9	0.0	1	2 7
15	30	0.0	1	12 18
16	65	0.0	1	41 24
17	42	0.0	1	13 29
18	91	0.0	1	44 47
19	2147	0.0	1	1984 163
20	1705	0.0	1	1339 366
21	3694	0.0	1	1269 2425
22	770659	0.0	1	487280 283379
23	1839	0.0	1	384 1455
24	7	0.0	1	3 4
25	3	0.0	1	2 1
26	13	0.0	1	6 7
27	3	0.0	1	1 2
28	2	0.0	1	2
29	5	0.0	1	5
30	4	0.0	1	3 1
32	4	0.0	1	3 1
33	1	0.0	1	1
34	9	0.0	1	9
35	5	0.0	1	1 4
36	3	0.0	1	1 2
37	2	0.0	1	2
38	1	0.0	1	0 1
39	4	0.0	1	4
40	2	0.0	1	2
41	1	0.0	1	1
42	3	0.0	1	3
45	1	0.0	1	0 1
46	7	0.0	1	1 6
50	1	0.0	1	1
52	1	0.0	1	1


=== Second read: Adapter 2 ===

Sequence: GGACTACNVGGGTWTCTAAT; Type: regular 5'; Length: 20; Trimmed: 618930 times

Minimum overlap: 3
No. of allowed errors:
1-9 bp: 0; 10-19 bp: 1

Overview of removed sequences
length	count	expect	max.err	error counts
3	9435	18111.0	0	9435
4	2	4527.8	0	2
5	3	1131.9	0	3
9	3	4.4	0	3
11	6	0.3	1	6
12	5	0.1	1	3 2
13	4	0.0	1	4
14	5	0.0	1	2 3
15	8	0.0	1	4 4
16	12	0.0	1	0 12
17	12	0.0	1	10 2
18	31	0.0	1	25 6
19	46	0.0	1	24 22
20	1331	0.0	1	1230 101
21	1184	0.0	1	1052 132
22	9505	0.0	1	1000 8505
23	595582	0.0	1	577028 18554
24	1715	0.0	1	551 1164
25	3	0.0	1	1 2
26	3	0.0	1	1 2
27	4	0.0	1	4
28	4	0.0	1	4
31	3	0.0	1	3
32	2	0.0	1	2
33	1	0.0	1	0 1
35	3	0.0	1	2 1
36	7	0.0	1	6 1
37	4	0.0	1	2 2
39	1	0.0	1	1
41	2	0.0	1	2
44	1	0.0	1	1
46	1	0.0	1	1
49	2	0.0	1	2
Running cutadapt on: 2024_Cont02_Warm02_W15_gut_S3
This is cutadapt 5.2 with Python 3.13.15
Command line parameters: -j 4 -g GTGYCAGCMGCCGCGGTAA -G GGACTACNVGGGTWTCTAAT -o /scratch4/workspace/jade_fiorilla_student_uml_edu-rawseqorcc/trimmed-cutadapt/2024_Cont02_Warm02_W15_gut_S3_R1_trim.fastq -p /scratch4/workspace/jade_fiorilla_student_uml_edu-rawseqorcc/trimmed-cutadapt/2024_Cont02_Warm02_W15_gut_S3_R2_trim.fastq /scratch4/workspace/jade_fiorilla_student_uml_edu-rawseqorcc/fastq/2024_Cont02_Warm02_W15_gut_S3_R1_001.fastq.gz /scratch4/workspace/jade_fiorilla_student_uml_edu-rawseqorcc/fastq/2024_Cont02_Warm02_W15_gut_S3_R2_001.fastq.gz
Processing paired-end reads on 4 cores ...

=== Summary ===

Total read pairs processed:            546,673
  Read 1 with adapter:                 504,465 (92.3%)
  Read 2 with adapter:                 480,358 (87.9%)
Pairs written (passing filters):       546,673 (100.0%)

Total basepairs processed:   329,097,146 bp
  Read 1:   164,548,573 bp
  Read 2:   164,548,573 bp
Total written (filtered):    307,015,702 bp (93.3%)
  Read 1:   153,486,668 bp
  Read 2:   153,529,034 bp

=== First read: Adapter 1 ===

Sequence: GTGYCAGCMGCCGCGGTAA; Type: regular 5'; Length: 19; Trimmed: 504465 times

Minimum overlap: 3
No. of allowed errors:
1-9 bp: 0; 10-19 bp: 1

Overview of removed sequences
length	count	expect	max.err	error counts
3	806	8541.8	0	806
9	2	2.1	0	2
10	1	0.5	1	0 1
11	2	0.1	1	1 1
12	70	0.0	1	68 2
13	8	0.0	1	5 3
14	11	0.0	1	5 6
15	7	0.0	1	2 5
16	43	0.0	1	36 7
17	39	0.0	1	15 24
18	77	0.0	1	41 36
19	3871	0.0	1	2150 1721
20	1869	0.0	1	1493 376
21	5600	0.0	1	3080 2520
22	490837	0.0	1	457874 32963
23	1165	0.0	1	402 763
24	5	0.0	1	4 1
25	8	0.0	1	3 5
26	5	0.0	1	4 1
27	2	0.0	1	2
28	6	0.0	1	3 3
29	7	0.0	1	7
30	3	0.0	1	3
31	2	0.0	1	1 1
33	1	0.0	1	1
34	3	0.0	1	2 1
35	1	0.0	1	0 1
36	4	0.0	1	4
37	2	0.0	1	2
40	3	0.0	1	3
43	2	0.0	1	2
45	1	0.0	1	1
46	1	0.0	1	0 1
47	1	0.0	1	1


=== Second read: Adapter 2 ===

Sequence: GGACTACNVGGGTWTCTAAT; Type: regular 5'; Length: 20; Trimmed: 480358 times

Minimum overlap: 3
No. of allowed errors:
1-9 bp: 0; 10-19 bp: 1

Overview of removed sequences
length	count	expect	max.err	error counts
3	1032	8541.8	0	1032
4	1	2135.4	0	1
5	1	533.9	0	1
9	1	2.1	0	1
10	1	0.5	1	1
12	4	0.0	1	2 2
13	5	0.0	1	3 2
14	7	0.0	1	7
15	11	0.0	1	5 6
16	7	0.0	1	2 5
17	4	0.0	1	4
18	18	0.0	1	7 11
19	41	0.0	1	22 19
20	1135	0.0	1	1025 110
21	823	0.0	1	772 51
22	3908	0.0	1	1627 2281
23	472080	0.0	1	441950 30130
24	1252	0.0	1	464 788
25	3	0.0	1	1 2
27	3	0.0	1	2 1
28	3	0.0	1	1 2
29	1	0.0	1	1
30	2	0.0	1	1 1
31	2	0.0	1	1 1
32	3	0.0	1	3
34	1	0.0	1	1
38	1	0.0	1	1
40	4	0.0	1	4
46	2	0.0	1	2
49	2	0.0	1	0 2
Running cutadapt on: 2024_Cont03_Both03_W30_gill_S217
This is cutadapt 5.2 with Python 3.13.15
Command line parameters: -j 4 -g GTGYCAGCMGCCGCGGTAA -G GGACTACNVGGGTWTCTAAT -o /scratch4/workspace/jade_fiorilla_student_uml_edu-rawseqorcc/trimmed-cutadapt/2024_Cont03_Both03_W30_gill_S217_R1_trim.fastq -p /scratch4/workspace/jade_fiorilla_student_uml_edu-rawseqorcc/trimmed-cutadapt/2024_Cont03_Both03_W30_gill_S217_R2_trim.fastq /scratch4/workspace/jade_fiorilla_student_uml_edu-rawseqorcc/fastq/2024_Cont03_Both03_W30_gill_S217_R1_001.fastq.gz /scratch4/workspace/jade_fiorilla_student_uml_edu-rawseqorcc/fastq/2024_Cont03_Both03_W30_gill_S217_R2_001.fastq.gz
Processing paired-end reads on 4 cores ...

=== Summary ===

Total read pairs processed:            568,383
  Read 1 with adapter:                 495,389 (87.2%)
  Read 2 with adapter:                 422,532 (74.3%)
Pairs written (passing filters):       568,383 (100.0%)

Total basepairs processed:   342,166,566 bp
  Read 1:   171,083,283 bp
  Read 2:   171,083,283 bp
Total written (filtered):    323,383,975 bp (94.5%)
  Read 1:   161,173,970 bp
  Read 2:   162,210,005 bp

=== First read: Adapter 1 ===

Sequence: GTGYCAGCMGCCGCGGTAA; Type: regular 5'; Length: 19; Trimmed: 495389 times

Minimum overlap: 3
No. of allowed errors:
1-9 bp: 0; 10-19 bp: 1

Overview of removed sequences
length	count	expect	max.err	error counts
3	4	8881.0	0	4
9	2	2.2	0	2
12	22	0.0	1	21 1
13	3	0.0	1	2 1
14	6	0.0	1	1 5
15	7	0.0	1	3 4
16	19	0.0	1	11 8
17	12	0.0	1	5 7
18	56	0.0	1	24 32
19	1713	0.0	1	352 1361
20	490757	0.0	1	406296 84461
21	2186	0.0	1	1206 980
22	563	0.0	1	501 62
23	5	0.0	1	4 1
24	1	0.0	1	1
25	2	0.0	1	1 1
28	1	0.0	1	1
29	4	0.0	1	0 4
30	1	0.0	1	0 1
31	2	0.0	1	2
32	2	0.0	1	2
33	3	0.0	1	2 1
34	5	0.0	1	4 1
37	4	0.0	1	4
38	1	0.0	1	1
39	2	0.0	1	2
44	1	0.0	1	1
45	2	0.0	1	2
46	2	0.0	1	1 1
48	1	0.0	1	0 1


=== Second read: Adapter 2 ===

Sequence: GGACTACNVGGGTWTCTAAT; Type: regular 5'; Length: 20; Trimmed: 422532 times

Minimum overlap: 3
No. of allowed errors:
1-9 bp: 0; 10-19 bp: 1

Overview of removed sequences
length	count	expect	max.err	error counts
3	3	8881.0	0	3
13	2	0.0	1	2
14	4	0.0	1	2 2
15	1	0.0	1	1
16	6	0.0	1	1 5
17	3	0.0	1	2 1
18	11	0.0	1	5 6
19	26	0.0	1	14 12
20	2878	0.0	1	208 2670
21	416863	0.0	1	386876 29987
22	2424	0.0	1	1400 1024
23	284	0.0	1	264 20
24	1	0.0	1	0 1
25	5	0.0	1	5
26	3	0.0	1	3
27	2	0.0	1	2
29	3	0.0	1	2 1
30	6	0.0	1	5 1
31	3	0.0	1	3
32	1	0.0	1	1
35	1	0.0	1	1
36	1	0.0	1	1
46	1	0.0	1	1
Running cutadapt on: 2024_Cont03_Both03_W30_gut_S40
This is cutadapt 5.2 with Python 3.13.15
Command line parameters: -j 4 -g GTGYCAGCMGCCGCGGTAA -G GGACTACNVGGGTWTCTAAT -o /scratch4/workspace/jade_fiorilla_student_uml_edu-rawseqorcc/trimmed-cutadapt/2024_Cont03_Both03_W30_gut_S40_R1_trim.fastq -p /scratch4/workspace/jade_fiorilla_student_uml_edu-rawseqorcc/trimmed-cutadapt/2024_Cont03_Both03_W30_gut_S40_R2_trim.fastq /scratch4/workspace/jade_fiorilla_student_uml_edu-rawseqorcc/fastq/2024_Cont03_Both03_W30_gut_S40_R1_001.fastq.gz /scratch4/workspace/jade_fiorilla_student_uml_edu-rawseqorcc/fastq/2024_Cont03_Both03_W30_gut_S40_R2_001.fastq.gz
Processing paired-end reads on 4 cores ...

=== Summary ===

Total read pairs processed:            906,243
  Read 1 with adapter:                 621,349 (68.6%)
  Read 2 with adapter:                 185,501 (20.5%)
Pairs written (passing filters):       906,243 (100.0%)

Total basepairs processed:   545,558,286 bp
  Read 1:   272,779,143 bp
  Read 2:   272,779,143 bp
Total written (filtered):    530,011,276 bp (97.2%)
  Read 1:   260,954,347 bp
  Read 2:   269,056,929 bp

=== First read: Adapter 1 ===

Sequence: GTGYCAGCMGCCGCGGTAA; Type: regular 5'; Length: 19; Trimmed: 621349 times

Minimum overlap: 3
No. of allowed errors:
1-9 bp: 0; 10-19 bp: 1

Overview of removed sequences
length	count	expect	max.err	error counts
3	2	14160.0	0	2
9	4	3.5	0	4
10	2	0.9	1	0 2
11	2	0.2	1	1 1
12	43	0.1	1	13 30
13	5	0.0	1	2 3
14	4	0.0	1	0 4
15	2	0.0	1	0 2
16	26	0.0	1	9 17
17	39	0.0	1	15 24
18	848	0.0	1	106 742
19	607646	0.0	1	172463 435183
20	7478	0.0	1	5619 1859
21	3327	0.0	1	2303 1024
22	1854	0.0	1	1507 347
23	12	0.0	1	1 11
24	1	0.0	1	0 1
25	1	0.0	1	0 1
26	4	0.0	1	1 3
27	5	0.0	1	0 5
28	2	0.0	1	0 2
29	1	0.0	1	0 1
30	1	0.0	1	0 1
31	6	0.0	1	1 5
32	2	0.0	1	0 2
33	9	0.0	1	0 9
34	2	0.0	1	0 2
36	2	0.0	1	0 2
37	1	0.0	1	0 1
38	1	0.0	1	0 1
40	3	0.0	1	0 3
42	4	0.0	1	0 4
43	1	0.0	1	0 1
45	1	0.0	1	1
46	2	0.0	1	0 2
47	3	0.0	1	0 3
53	2	0.0	1	0 2
57	1	0.0	1	0 1


=== Second read: Adapter 2 ===

Sequence: GGACTACNVGGGTWTCTAAT; Type: regular 5'; Length: 20; Trimmed: 185501 times

Minimum overlap: 3
No. of allowed errors:
1-9 bp: 0; 10-19 bp: 1

Overview of removed sequences
length	count	expect	max.err	error counts
3	5	14160.0	0	5
15	6	0.0	1	1 5
16	4	0.0	1	2 2
17	3	0.0	1	0 3
18	16	0.0	1	11 5
19	791	0.0	1	105 686
20	175021	0.0	1	169793 5228
21	6931	0.0	1	6298 633
22	1971	0.0	1	1874 97
23	748	0.0	1	716 32
24	1	0.0	1	0 1
25	2	0.0	1	2
27	1	0.0	1	1
39	1	0.0	1	1
Running cutadapt on: 2024_Cont03_Cont02_W17_gill_S218
This is cutadapt 5.2 with Python 3.13.15
Command line parameters: -j 4 -g GTGYCAGCMGCCGCGGTAA -G GGACTACNVGGGTWTCTAAT -o /scratch4/workspace/jade_fiorilla_student_uml_edu-rawseqorcc/trimmed-cutadapt/2024_Cont03_Cont02_W17_gill_S218_R1_trim.fastq -p /scratch4/workspace/jade_fiorilla_student_uml_edu-rawseqorcc/trimmed-cutadapt/2024_Cont03_Cont02_W17_gill_S218_R2_trim.fastq /scratch4/workspace/jade_fiorilla_student_uml_edu-rawseqorcc/fastq/2024_Cont03_Cont02_W17_gill_S218_R1_001.fastq.gz /scratch4/workspace/jade_fiorilla_student_uml_edu-rawseqorcc/fastq/2024_Cont03_Cont02_W17_gill_S218_R2_001.fastq.gz
Processing paired-end reads on 4 cores ...

=== Summary ===

Total read pairs processed:            715,767
  Read 1 with adapter:                 653,673 (91.3%)
  Read 2 with adapter:                 602,276 (84.1%)
Pairs written (passing filters):       715,767 (100.0%)

Total basepairs processed:   430,891,734 bp
  Read 1:   215,445,867 bp
  Read 2:   215,445,867 bp
Total written (filtered):    405,169,630 bp (94.0%)
  Read 1:   202,372,184 bp
  Read 2:   202,797,446 bp

=== First read: Adapter 1 ===

Sequence: GTGYCAGCMGCCGCGGTAA; Type: regular 5'; Length: 19; Trimmed: 653673 times

Minimum overlap: 3
No. of allowed errors:
1-9 bp: 0; 10-19 bp: 1

Overview of removed sequences
length	count	expect	max.err	error counts
9	3	2.7	0	3
10	1	0.7	1	1
11	4	0.2	1	3 1
12	41	0.0	1	40 1
13	2	0.0	1	1 1
14	6	0.0	1	3 3
15	8	0.0	1	5 3
16	15	0.0	1	11 4
17	24	0.0	1	14 10
18	71	0.0	1	38 33
19	3604	0.0	1	1652 1952
20	646313	0.0	1	581800 64513
21	3427	0.0	1	2094 1333
22	85	0.0	1	68 17
23	5	0.0	1	4 1
24	2	0.0	1	1 1
25	1	0.0	1	1
26	1	0.0	1	1
27	5	0.0	1	5
29	2	0.0	1	2
31	6	0.0	1	3 3
32	5	0.0	1	3 2
34	1	0.0	1	1
35	1	0.0	1	1
38	1	0.0	1	0 1
39	39	0.0	1	38 1


=== Second read: Adapter 2 ===

Sequence: GGACTACNVGGGTWTCTAAT; Type: regular 5'; Length: 20; Trimmed: 602276 times

Minimum overlap: 3
No. of allowed errors:
1-9 bp: 0; 10-19 bp: 1

Overview of removed sequences
length	count	expect	max.err	error counts
3	2	11183.9	0	2
11	1	0.2	1	0 1
13	6	0.0	1	6
14	3	0.0	1	0 3
15	3	0.0	1	3
16	4	0.0	1	2 2
17	19	0.0	1	9 10
18	18	0.0	1	13 5
19	30	0.0	1	14 16
20	3382	0.0	1	604 2778
21	594786	0.0	1	549427 45359
22	3941	0.0	1	2579 1362
23	61	0.0	1	47 14
24	2	0.0	1	2
26	2	0.0	1	2
27	3	0.0	1	3
28	1	0.0	1	0 1
30	1	0.0	1	1
34	2	0.0	1	0 2
36	2	0.0	1	2
38	1	0.0	1	1
46	1	0.0	1	1
47	2	0.0	1	2
50	3	0.0	1	3
Running cutadapt on: 2024_Cont03_Cont02_W17_gut_S41
This is cutadapt 5.2 with Python 3.13.15
Command line parameters: -j 4 -g GTGYCAGCMGCCGCGGTAA -G GGACTACNVGGGTWTCTAAT -o /scratch4/workspace/jade_fiorilla_student_uml_edu-rawseqorcc/trimmed-cutadapt/2024_Cont03_Cont02_W17_gut_S41_R1_trim.fastq -p /scratch4/workspace/jade_fiorilla_student_uml_edu-rawseqorcc/trimmed-cutadapt/2024_Cont03_Cont02_W17_gut_S41_R2_trim.fastq /scratch4/workspace/jade_fiorilla_student_uml_edu-rawseqorcc/fastq/2024_Cont03_Cont02_W17_gut_S41_R1_001.fastq.gz /scratch4/workspace/jade_fiorilla_student_uml_edu-rawseqorcc/fastq/2024_Cont03_Cont02_W17_gut_S41_R2_001.fastq.gz
Processing paired-end reads on 4 cores ...

=== Summary ===

Total read pairs processed:            825,849
  Read 1 with adapter:                 669,197 (81.0%)
  Read 2 with adapter:                 400,529 (48.5%)
Pairs written (passing filters):       825,849 (100.0%)

Total basepairs processed:   497,161,098 bp
  Read 1:   248,580,549 bp
  Read 2:   248,580,549 bp
Total written (filtered):    476,401,051 bp (95.8%)
  Read 1:   235,844,934 bp
  Read 2:   240,556,117 bp

=== First read: Adapter 1 ===

Sequence: GTGYCAGCMGCCGCGGTAA; Type: regular 5'; Length: 19; Trimmed: 669197 times

Minimum overlap: 3
No. of allowed errors:
1-9 bp: 0; 10-19 bp: 1

Overview of removed sequences
length	count	expect	max.err	error counts
3	5	12903.9	0	5
10	1	0.8	1	1
11	1	0.2	1	0 1
12	42	0.0	1	26 16
13	1	0.0	1	1
14	6	0.0	1	0 6
15	8	0.0	1	4 4
16	24	0.0	1	14 10
17	38	0.0	1	18 20
18	1378	0.0	1	210 1168
19	652397	0.0	1	385370 267027
20	9786	0.0	1	7286 2500
21	3887	0.0	1	2856 1031
22	1586	0.0	1	1328 258
23	6	0.0	1	2 4
25	1	0.0	1	0 1
26	3	0.0	1	0 3
27	2	0.0	1	2
28	1	0.0	1	1
30	1	0.0	1	0 1
31	1	0.0	1	0 1
33	3	0.0	1	1 2
34	2	0.0	1	2
35	2	0.0	1	0 2
36	1	0.0	1	0 1
37	1	0.0	1	0 1
38	2	0.0	1	0 2
39	1	0.0	1	0 1
41	2	0.0	1	0 2
42	3	0.0	1	2 1
43	3	0.0	1	0 3
45	1	0.0	1	0 1
51	1	0.0	1	0 1


=== Second read: Adapter 2 ===

Sequence: GGACTACNVGGGTWTCTAAT; Type: regular 5'; Length: 20; Trimmed: 400529 times

Minimum overlap: 3
No. of allowed errors:
1-9 bp: 0; 10-19 bp: 1

Overview of removed sequences
length	count	expect	max.err	error counts
3	2	12903.9	0	2
11	2	0.2	1	2
12	1	0.0	1	0 1
13	1	0.0	1	1
14	7	0.0	1	0 7
15	3	0.0	1	2 1
16	7	0.0	1	2 5
17	7	0.0	1	6 1
18	15	0.0	1	5 10
19	1790	0.0	1	257 1533
20	386495	0.0	1	378607 7888
21	9211	0.0	1	8146 1065
22	2417	0.0	1	2290 127
23	557	0.0	1	524 33
24	4	0.0	1	4
25	1	0.0	1	1
26	2	0.0	1	2
28	2	0.0	1	2
33	1	0.0	1	1
34	1	0.0	1	1
37	1	0.0	1	0 1
38	2	0.0	1	0 2
Running cutadapt on: 2024_Cont03_Null_W21_gill_S238
This is cutadapt 5.2 with Python 3.13.15
Command line parameters: -j 4 -g GTGYCAGCMGCCGCGGTAA -G GGACTACNVGGGTWTCTAAT -o /scratch4/workspace/jade_fiorilla_student_uml_edu-rawseqorcc/trimmed-cutadapt/2024_Cont03_Null_W21_gill_S238_R1_trim.fastq -p /scratch4/workspace/jade_fiorilla_student_uml_edu-rawseqorcc/trimmed-cutadapt/2024_Cont03_Null_W21_gill_S238_R2_trim.fastq /scratch4/workspace/jade_fiorilla_student_uml_edu-rawseqorcc/fastq/2024_Cont03_Null_W21_gill_S238_R1_001.fastq.gz /scratch4/workspace/jade_fiorilla_student_uml_edu-rawseqorcc/fastq/2024_Cont03_Null_W21_gill_S238_R2_001.fastq.gz
Processing paired-end reads on 4 cores ...

=== Summary ===

Total read pairs processed:              3,657
  Read 1 with adapter:                   2,630 (71.9%)
  Read 2 with adapter:                   1,232 (33.7%)
Pairs written (passing filters):         3,657 (100.0%)

Total basepairs processed:     2,201,514 bp
  Read 1:     1,100,757 bp
  Read 2:     1,100,757 bp
Total written (filtered):      2,124,715 bp (96.5%)
  Read 1:     1,049,265 bp
  Read 2:     1,075,450 bp

=== First read: Adapter 1 ===

Sequence: GTGYCAGCMGCCGCGGTAA; Type: regular 5'; Length: 19; Trimmed: 2630 times

Minimum overlap: 3
No. of allowed errors:
1-9 bp: 0; 10-19 bp: 1

Overview of removed sequences
length	count	expect	max.err	error counts
12	1	0.0	1	1
18	1	0.0	1	0 1
19	1805	0.0	1	431 1374
20	380	0.0	1	309 71
21	180	0.0	1	133 47
22	262	0.0	1	233 29
23	1	0.0	1	0 1


=== Second read: Adapter 2 ===

Sequence: GGACTACNVGGGTWTCTAAT; Type: regular 5'; Length: 20; Trimmed: 1232 times

Minimum overlap: 3
No. of allowed errors:
1-9 bp: 0; 10-19 bp: 1

Overview of removed sequences
length	count	expect	max.err	error counts
3	1	57.1	0	1
18	1	0.0	1	1
19	3	0.0	1	1 2
20	853	0.0	1	802 51
21	180	0.0	1	160 20
22	74	0.0	1	61 13
23	119	0.0	1	115 4
24	1	0.0	1	1
Running cutadapt on: 2024_Cont03_Null_W21_gut_S85
This is cutadapt 5.2 with Python 3.13.15
Command line parameters: -j 4 -g GTGYCAGCMGCCGCGGTAA -G GGACTACNVGGGTWTCTAAT -o /scratch4/workspace/jade_fiorilla_student_uml_edu-rawseqorcc/trimmed-cutadapt/2024_Cont03_Null_W21_gut_S85_R1_trim.fastq -p /scratch4/workspace/jade_fiorilla_student_uml_edu-rawseqorcc/trimmed-cutadapt/2024_Cont03_Null_W21_gut_S85_R2_trim.fastq /scratch4/workspace/jade_fiorilla_student_uml_edu-rawseqorcc/fastq/2024_Cont03_Null_W21_gut_S85_R1_001.fastq.gz /scratch4/workspace/jade_fiorilla_student_uml_edu-rawseqorcc/fastq/2024_Cont03_Null_W21_gut_S85_R2_001.fastq.gz
Processing paired-end reads on 4 cores ...

=== Summary ===

Total read pairs processed:            959,278
  Read 1 with adapter:                 712,472 (74.3%)
  Read 2 with adapter:                 498,462 (52.0%)
Pairs written (passing filters):       959,278 (100.0%)

Total basepairs processed:   577,485,356 bp
  Read 1:   288,742,678 bp
  Read 2:   288,742,678 bp
Total written (filtered):    551,580,436 bp (95.5%)
  Read 1:   273,794,014 bp
  Read 2:   277,786,422 bp

=== First read: Adapter 1 ===

Sequence: GTGYCAGCMGCCGCGGTAA; Type: regular 5'; Length: 19; Trimmed: 712472 times

Minimum overlap: 3
No. of allowed errors:
1-9 bp: 0; 10-19 bp: 1

Overview of removed sequences
length	count	expect	max.err	error counts
3	11	14988.7	0	11
12	30	0.1	1	18 12
13	10	0.0	1	4 6
14	4	0.0	1	0 4
15	3	0.0	1	1 2
16	13	0.0	1	6 7
17	16	0.0	1	10 6
18	54	0.0	1	18 36
19	2953	0.0	1	1639 1314
20	10409	0.0	1	7074 3335
21	696138	0.0	1	459907 236231
22	2746	0.0	1	1536 1210
23	6	0.0	1	3 3
24	4	0.0	1	1 3
25	5	0.0	1	1 4
26	4	0.0	1	1 3
27	5	0.0	1	4 1
28	3	0.0	1	2 1
29	5	0.0	1	0 5
30	1	0.0	1	1
31	6	0.0	1	2 4
32	3	0.0	1	2 1
33	5	0.0	1	1 4
34	2	0.0	1	1 1
35	2	0.0	1	0 2
36	1	0.0	1	1
37	6	0.0	1	5 1
38	1	0.0	1	1
39	1	0.0	1	1
40	1	0.0	1	0 1
43	9	0.0	1	3 6
45	1	0.0	1	0 1
47	5	0.0	1	2 3
48	2	0.0	1	0 2
55	1	0.0	1	0 1
57	4	0.0	1	0 4
61	1	0.0	1	0 1
67	1	0.0	1	0 1


=== Second read: Adapter 2 ===

Sequence: GGACTACNVGGGTWTCTAAT; Type: regular 5'; Length: 20; Trimmed: 498462 times

Minimum overlap: 3
No. of allowed errors:
1-9 bp: 0; 10-19 bp: 1

Overview of removed sequences
length	count	expect	max.err	error counts
3	16	14988.7	0	16
4	2	3747.2	0	2
10	4	0.9	1	4
13	6	0.0	1	4 2
14	11	0.0	1	5 6
15	4	0.0	1	2 2
16	13	0.0	1	6 7
17	7	0.0	1	6 1
18	16	0.0	1	11 5
19	36	0.0	1	15 21
20	1085	0.0	1	987 98
21	8937	0.0	1	6430 2507
22	486459	0.0	1	469998 16461
23	1838	0.0	1	1058 780
24	7	0.0	1	5 2
25	1	0.0	1	1
27	5	0.0	1	4 1
28	4	0.0	1	4
30	2	0.0	1	2
31	3	0.0	1	3
32	1	0.0	1	1
35	1	0.0	1	1
39	2	0.0	1	2
40	1	0.0	1	1
42	1	0.0	1	1
Running cutadapt on: 2024_Cont03_Warm03_W29_gill_S8
This is cutadapt 5.2 with Python 3.13.15
Command line parameters: -j 4 -g GTGYCAGCMGCCGCGGTAA -G GGACTACNVGGGTWTCTAAT -o /scratch4/workspace/jade_fiorilla_student_uml_edu-rawseqorcc/trimmed-cutadapt/2024_Cont03_Warm03_W29_gill_S8_R1_trim.fastq -p /scratch4/workspace/jade_fiorilla_student_uml_edu-rawseqorcc/trimmed-cutadapt/2024_Cont03_Warm03_W29_gill_S8_R2_trim.fastq /scratch4/workspace/jade_fiorilla_student_uml_edu-rawseqorcc/fastq/2024_Cont03_Warm03_W29_gill_S8_R1_001.fastq.gz /scratch4/workspace/jade_fiorilla_student_uml_edu-rawseqorcc/fastq/2024_Cont03_Warm03_W29_gill_S8_R2_001.fastq.gz
Processing paired-end reads on 4 cores ...

=== Summary ===

Total read pairs processed:            837,642
  Read 1 with adapter:                 788,971 (94.2%)
  Read 2 with adapter:                 759,291 (90.6%)
Pairs written (passing filters):       837,642 (100.0%)

Total basepairs processed:   504,260,484 bp
  Read 1:   252,130,242 bp
  Read 2:   252,130,242 bp
Total written (filtered):    469,515,489 bp (93.1%)
  Read 1:   234,816,004 bp
  Read 2:   234,699,485 bp

=== First read: Adapter 1 ===

Sequence: GTGYCAGCMGCCGCGGTAA; Type: regular 5'; Length: 19; Trimmed: 788971 times

Minimum overlap: 3
No. of allowed errors:
1-9 bp: 0; 10-19 bp: 1

Overview of removed sequences
length	count	expect	max.err	error counts
3	1058	13088.2	0	1058
4	2	3272.0	0	2
9	9	3.2	0	9
10	5	0.8	1	2 3
11	13	0.2	1	12 1
12	140	0.0	1	137 3
13	11	0.0	1	4 7
14	13	0.0	1	6 7
15	16	0.0	1	8 8
16	92	0.0	1	59 33
17	48	0.0	1	24 24
18	111	0.0	1	64 47
19	3037	0.0	1	1852 1185
20	3228	0.0	1	2354 874
21	6493	0.0	1	3079 3414
22	772959	0.0	1	717359 55600
23	1688	0.0	1	559 1129
24	5	0.0	1	5
25	1	0.0	1	1
26	5	0.0	1	5
27	4	0.0	1	2 2
28	2	0.0	1	2
30	1	0.0	1	1
32	3	0.0	1	3
34	1	0.0	1	0 1
35	3	0.0	1	3
36	3	0.0	1	2 1
37	3	0.0	1	1 2
39	3	0.0	1	3
41	2	0.0	1	2
43	5	0.0	1	1 4
45	1	0.0	1	1
48	1	0.0	1	1
54	2	0.0	1	2
55	2	0.0	1	2
65	1	0.0	1	0 1


=== Second read: Adapter 2 ===

Sequence: GGACTACNVGGGTWTCTAAT; Type: regular 5'; Length: 20; Trimmed: 759291 times

Minimum overlap: 3
No. of allowed errors:
1-9 bp: 0; 10-19 bp: 1

Overview of removed sequences
length	count	expect	max.err	error counts
3	1128	13088.2	0	1128
5	3	818.0	0	3
10	1	0.8	1	1
12	1	0.0	1	1
13	2	0.0	1	1 1
14	17	0.0	1	10 7
15	7	0.0	1	2 5
16	13	0.0	1	2 11
17	29	0.0	1	24 5
18	18	0.0	1	14 4
19	56	0.0	1	42 14
20	1103	0.0	1	1039 64
21	1256	0.0	1	1182 74
22	6051	0.0	1	1866 4185
23	747553	0.0	1	711680 35873
24	2012	0.0	1	717 1295
25	3	0.0	1	2 1
26	4	0.0	1	4
27	3	0.0	1	3
28	7	0.0	1	6 1
29	4	0.0	1	4
30	1	0.0	1	1
31	1	0.0	1	1
32	4	0.0	1	4
33	2	0.0	1	2
34	1	0.0	1	1
35	1	0.0	1	1
36	1	0.0	1	0 1
37	2	0.0	1	0 2
39	1	0.0	1	0 1
40	1	0.0	1	1
41	1	0.0	1	1
46	3	0.0	1	3
49	1	0.0	1	1
Running cutadapt on: 2024_Cont03_Warm03_W29_gut_S9
This is cutadapt 5.2 with Python 3.13.15
Command line parameters: -j 4 -g GTGYCAGCMGCCGCGGTAA -G GGACTACNVGGGTWTCTAAT -o /scratch4/workspace/jade_fiorilla_student_uml_edu-rawseqorcc/trimmed-cutadapt/2024_Cont03_Warm03_W29_gut_S9_R1_trim.fastq -p /scratch4/workspace/jade_fiorilla_student_uml_edu-rawseqorcc/trimmed-cutadapt/2024_Cont03_Warm03_W29_gut_S9_R2_trim.fastq /scratch4/workspace/jade_fiorilla_student_uml_edu-rawseqorcc/fastq/2024_Cont03_Warm03_W29_gut_S9_R1_001.fastq.gz /scratch4/workspace/jade_fiorilla_student_uml_edu-rawseqorcc/fastq/2024_Cont03_Warm03_W29_gut_S9_R2_001.fastq.gz
Processing paired-end reads on 4 cores ...

=== Summary ===

Total read pairs processed:            716,136
  Read 1 with adapter:                 656,488 (91.7%)
  Read 2 with adapter:                 619,333 (86.5%)
Pairs written (passing filters):       716,136 (100.0%)

Total basepairs processed:   431,113,872 bp
  Read 1:   215,556,936 bp
  Read 2:   215,556,936 bp
Total written (filtered):    402,516,860 bp (93.4%)
  Read 1:   201,159,867 bp
  Read 2:   201,356,993 bp

=== First read: Adapter 1 ===

Sequence: GTGYCAGCMGCCGCGGTAA; Type: regular 5'; Length: 19; Trimmed: 656488 times

Minimum overlap: 3
No. of allowed errors:
1-9 bp: 0; 10-19 bp: 1

Overview of removed sequences
length	count	expect	max.err	error counts
3	1215	11189.6	0	1215
4	2	2797.4	0	2
8	2	10.9	0	2
9	12	2.7	0	12
11	7	0.2	1	6 1
12	130	0.0	1	126 4
13	10	0.0	1	7 3
14	13	0.0	1	4 9
15	11	0.0	1	2 9
16	45	0.0	1	29 16
17	41	0.0	1	20 21
18	120	0.0	1	64 56
19	2345	0.0	1	954 1391
20	2654	0.0	1	2160 494
21	9449	0.0	1	6346 3103
22	638952	0.0	1	591416 47536
23	1423	0.0	1	455 968
24	7	0.0	1	6 1
25	5	0.0	1	5
26	4	0.0	1	4
27	3	0.0	1	2 1
28	5	0.0	1	5
29	1	0.0	1	1
30	4	0.0	1	4
33	2	0.0	1	0 2
34	2	0.0	1	2
35	1	0.0	1	0 1
36	1	0.0	1	1
37	3	0.0	1	3
38	6	0.0	1	6
39	2	0.0	1	2
40	2	0.0	1	2
41	4	0.0	1	3 1
42	1	0.0	1	1
43	1	0.0	1	1
45	1	0.0	1	0 1
49	1	0.0	1	1
52	1	0.0	1	0 1


=== Second read: Adapter 2 ===

Sequence: GGACTACNVGGGTWTCTAAT; Type: regular 5'; Length: 20; Trimmed: 619333 times

Minimum overlap: 3
No. of allowed errors:
1-9 bp: 0; 10-19 bp: 1

Overview of removed sequences
length	count	expect	max.err	error counts
3	1557	11189.6	0	1557
4	4	2797.4	0	4
5	4	699.4	0	4
11	1	0.2	1	1
12	4	0.0	1	4
13	5	0.0	1	4 1
14	6	0.0	1	3 3
15	6	0.0	1	3 3
16	12	0.0	1	7 5
17	15	0.0	1	11 4
18	34	0.0	1	20 14
19	33	0.0	1	20 13
20	568	0.0	1	537 31
21	1307	0.0	1	1172 135
22	10210	0.0	1	7111 3099
23	604030	0.0	1	590316 13714
24	1502	0.0	1	523 979
25	6	0.0	1	3 3
26	1	0.0	1	1
27	1	0.0	1	1
29	7	0.0	1	7
30	5	0.0	1	4 1
31	2	0.0	1	2
32	3	0.0	1	3
33	4	0.0	1	4
35	1	0.0	1	1
37	2	0.0	1	0 2
42	1	0.0	1	1
45	2	0.0	1	2
Running cutadapt on: 2024_Cont04_Both01_W7_gill_S143
This is cutadapt 5.2 with Python 3.13.15
Command line parameters: -j 4 -g GTGYCAGCMGCCGCGGTAA -G GGACTACNVGGGTWTCTAAT -o /scratch4/workspace/jade_fiorilla_student_uml_edu-rawseqorcc/trimmed-cutadapt/2024_Cont04_Both01_W7_gill_S143_R1_trim.fastq -p /scratch4/workspace/jade_fiorilla_student_uml_edu-rawseqorcc/trimmed-cutadapt/2024_Cont04_Both01_W7_gill_S143_R2_trim.fastq /scratch4/workspace/jade_fiorilla_student_uml_edu-rawseqorcc/fastq/2024_Cont04_Both01_W7_gill_S143_R1_001.fastq.gz /scratch4/workspace/jade_fiorilla_student_uml_edu-rawseqorcc/fastq/2024_Cont04_Both01_W7_gill_S143_R2_001.fastq.gz
Processing paired-end reads on 4 cores ...

=== Summary ===

Total read pairs processed:          1,159,871
  Read 1 with adapter:               1,031,597 (88.9%)
  Read 2 with adapter:                 925,050 (79.8%)
Pairs written (passing filters):     1,159,871 (100.0%)

Total basepairs processed:   698,242,342 bp
  Read 1:   349,121,171 bp
  Read 2:   349,121,171 bp
Total written (filtered):    658,179,733 bp (94.3%)
  Read 1:   328,486,376 bp
  Read 2:   329,693,357 bp

=== First read: Adapter 1 ===

Sequence: GTGYCAGCMGCCGCGGTAA; Type: regular 5'; Length: 19; Trimmed: 1031597 times

Minimum overlap: 3
No. of allowed errors:
1-9 bp: 0; 10-19 bp: 1

Overview of removed sequences
length	count	expect	max.err	error counts
3	4	18123.0	0	4
9	1	4.4	0	1
10	4	1.1	1	2 2
12	39	0.1	1	30 9
13	6	0.0	1	5 1
14	10	0.0	1	5 5
15	6	0.0	1	3 3
16	22	0.0	1	12 10
17	39	0.0	1	20 19
18	129	0.0	1	68 61
19	7511	0.0	1	3722 3789
20	1013969	0.0	1	890048 123921
21	8881	0.0	1	6043 2838
22	921	0.0	1	720 201
23	8	0.0	1	6 2
24	6	0.0	1	4 2
25	3	0.0	1	3
26	3	0.0	1	3
28	4	0.0	1	3 1
29	2	0.0	1	1 1
31	2	0.0	1	1 1
32	1	0.0	1	1
33	1	0.0	1	0 1
34	1	0.0	1	1
35	1	0.0	1	1
36	3	0.0	1	1 2
37	3	0.0	1	2 1
38	6	0.0	1	6
39	3	0.0	1	3
42	3	0.0	1	3
43	2	0.0	1	2
45	2	0.0	1	2
56	1	0.0	1	0 1


=== Second read: Adapter 2 ===

Sequence: GGACTACNVGGGTWTCTAAT; Type: regular 5'; Length: 20; Trimmed: 925050 times

Minimum overlap: 3
No. of allowed errors:
1-9 bp: 0; 10-19 bp: 1

Overview of removed sequences
length	count	expect	max.err	error counts
3	11	18123.0	0	11
9	4	4.4	0	4
10	1	1.1	1	1
11	3	0.3	1	0 3
12	3	0.1	1	1 2
13	9	0.0	1	7 2
14	10	0.0	1	5 5
15	3	0.0	1	2 1
16	16	0.0	1	6 10
17	15	0.0	1	14 1
18	35	0.0	1	30 5
19	55	0.0	1	28 27
20	5856	0.0	1	2345 3511
21	911297	0.0	1	884767 26530
22	7370	0.0	1	5194 2176
23	313	0.0	1	280 33
24	7	0.0	1	5 2
25	4	0.0	1	3 1
26	8	0.0	1	7 1
27	4	0.0	1	4
28	7	0.0	1	4 3
29	2	0.0	1	2
30	3	0.0	1	3
31	1	0.0	1	1
32	1	0.0	1	1
33	1	0.0	1	1
34	1	0.0	1	1
35	1	0.0	1	1
39	3	0.0	1	3
43	1	0.0	1	1
44	1	0.0	1	1
46	3	0.0	1	3
47	1	0.0	1	1
Running cutadapt on: 2024_Cont04_Both01_W7_gut_S144
This is cutadapt 5.2 with Python 3.13.15
Command line parameters: -j 4 -g GTGYCAGCMGCCGCGGTAA -G GGACTACNVGGGTWTCTAAT -o /scratch4/workspace/jade_fiorilla_student_uml_edu-rawseqorcc/trimmed-cutadapt/2024_Cont04_Both01_W7_gut_S144_R1_trim.fastq -p /scratch4/workspace/jade_fiorilla_student_uml_edu-rawseqorcc/trimmed-cutadapt/2024_Cont04_Both01_W7_gut_S144_R2_trim.fastq /scratch4/workspace/jade_fiorilla_student_uml_edu-rawseqorcc/fastq/2024_Cont04_Both01_W7_gut_S144_R1_001.fastq.gz /scratch4/workspace/jade_fiorilla_student_uml_edu-rawseqorcc/fastq/2024_Cont04_Both01_W7_gut_S144_R2_001.fastq.gz
Processing paired-end reads on 4 cores ...

=== Summary ===

Total read pairs processed:          1,382,629
  Read 1 with adapter:               1,126,629 (81.5%)
  Read 2 with adapter:                 898,155 (65.0%)
Pairs written (passing filters):     1,382,629 (100.0%)

Total basepairs processed:   832,342,658 bp
  Read 1:   416,171,329 bp
  Read 2:   416,171,329 bp
Total written (filtered):    790,947,493 bp (95.0%)
  Read 1:   393,638,787 bp
  Read 2:   397,308,706 bp

=== First read: Adapter 1 ===

Sequence: GTGYCAGCMGCCGCGGTAA; Type: regular 5'; Length: 19; Trimmed: 1126629 times

Minimum overlap: 3
No. of allowed errors:
1-9 bp: 0; 10-19 bp: 1

Overview of removed sequences
length	count	expect	max.err	error counts
9	2	5.3	0	2
10	4	1.3	1	4
11	1	0.3	1	0 1
12	61	0.1	1	41 20
13	6	0.0	1	4 2
14	21	0.0	1	11 10
15	13	0.0	1	10 3
16	28	0.0	1	20 8
17	18	0.0	1	4 14
18	116	0.0	1	63 53
19	7934	0.0	1	4313 3621
20	1110292	0.0	1	860457 249835
21	8015	0.0	1	5736 2279
22	35	0.0	1	21 14
23	6	0.0	1	3 3
24	9	0.0	1	7 2
25	6	0.0	1	4 2
26	4	0.0	1	3 1
27	5	0.0	1	2 3
28	3	0.0	1	3
29	3	0.0	1	2 1
30	4	0.0	1	2 2
31	3	0.0	1	2 1
32	6	0.0	1	3 3
33	2	0.0	1	2
34	7	0.0	1	2 5
35	2	0.0	1	0 2
36	4	0.0	1	2 2
37	4	0.0	1	3 1
38	1	0.0	1	1
39	3	0.0	1	3
40	2	0.0	1	0 2
41	3	0.0	1	2 1
48	1	0.0	1	1
50	1	0.0	1	1
52	1	0.0	1	1
56	3	0.0	1	2 1


=== Second read: Adapter 2 ===

Sequence: GGACTACNVGGGTWTCTAAT; Type: regular 5'; Length: 20; Trimmed: 898155 times

Minimum overlap: 3
No. of allowed errors:
1-9 bp: 0; 10-19 bp: 1

Overview of removed sequences
length	count	expect	max.err	error counts
3	6	21603.6	0	6
10	8	1.3	1	7 1
11	3	0.3	1	1 2
12	2	0.1	1	2
13	2	0.0	1	2
14	11	0.0	1	4 7
15	2	0.0	1	1 1
16	2	0.0	1	1 1
17	12	0.0	1	9 3
18	12	0.0	1	9 3
19	66	0.0	1	39 27
20	6335	0.0	1	2671 3664
21	883821	0.0	1	849722 34099
22	7807	0.0	1	5355 2452
23	29	0.0	1	18 11
24	5	0.0	1	2 3
25	1	0.0	1	0 1
26	1	0.0	1	1
27	3	0.0	1	3
28	1	0.0	1	1
29	3	0.0	1	1 2
30	3	0.0	1	3
31	1	0.0	1	1
32	2	0.0	1	2
33	5	0.0	1	5
34	3	0.0	1	3
35	1	0.0	1	1
37	1	0.0	1	1
39	1	0.0	1	1
40	1	0.0	1	1
41	1	0.0	1	1
42	1	0.0	1	1
44	1	0.0	1	1
46	1	0.0	1	1
47	1	0.0	1	1
Running cutadapt on: 2024_Cont04_Both05_W56_gill_S252
This is cutadapt 5.2 with Python 3.13.15
Command line parameters: -j 4 -g GTGYCAGCMGCCGCGGTAA -G GGACTACNVGGGTWTCTAAT -o /scratch4/workspace/jade_fiorilla_student_uml_edu-rawseqorcc/trimmed-cutadapt/2024_Cont04_Both05_W56_gill_S252_R1_trim.fastq -p /scratch4/workspace/jade_fiorilla_student_uml_edu-rawseqorcc/trimmed-cutadapt/2024_Cont04_Both05_W56_gill_S252_R2_trim.fastq /scratch4/workspace/jade_fiorilla_student_uml_edu-rawseqorcc/fastq/2024_Cont04_Both05_W56_gill_S252_R1_001.fastq.gz /scratch4/workspace/jade_fiorilla_student_uml_edu-rawseqorcc/fastq/2024_Cont04_Both05_W56_gill_S252_R2_001.fastq.gz
Processing paired-end reads on 4 cores ...

=== Summary ===

Total read pairs processed:            799,711
  Read 1 with adapter:                 613,681 (76.7%)
  Read 2 with adapter:                 789,388 (98.7%)
Pairs written (passing filters):       799,711 (100.0%)

Total basepairs processed:   481,426,022 bp
  Read 1:   240,713,011 bp
  Read 2:   240,713,011 bp
Total written (filtered):    449,866,377 bp (93.4%)
  Read 1:   227,301,525 bp
  Read 2:   222,564,852 bp

=== First read: Adapter 1 ===

Sequence: GTGYCAGCMGCCGCGGTAA; Type: regular 5'; Length: 19; Trimmed: 613681 times

Minimum overlap: 3
No. of allowed errors:
1-9 bp: 0; 10-19 bp: 1

Overview of removed sequences
length	count	expect	max.err	error counts
3	4286	12495.5	0	4286
4	3	3123.9	0	3
9	2	3.1	0	2
10	4	0.8	1	2 2
11	8	0.2	1	6 2
12	101	0.0	1	92 9
13	12	0.0	1	7 5
14	17	0.0	1	11 6
15	20	0.0	1	10 10
16	64	0.0	1	47 17
17	48	0.0	1	14 34
18	76	0.0	1	53 23
19	762	0.0	1	693 69
20	820	0.0	1	598 222
21	3379	0.0	1	1157 2222
22	602755	0.0	1	574488 28267
23	1272	0.0	1	430 842
24	4	0.0	1	4
25	5	0.0	1	4 1
26	1	0.0	1	1
27	5	0.0	1	5
28	5	0.0	1	5
29	1	0.0	1	0 1
30	4	0.0	1	2 2
32	2	0.0	1	2
34	12	0.0	1	4 8
35	3	0.0	1	3
36	2	0.0	1	2
39	4	0.0	1	2 2
41	1	0.0	1	1
44	2	0.0	1	2
48	1	0.0	1	1


=== Second read: Adapter 2 ===

Sequence: GGACTACNVGGGTWTCTAAT; Type: regular 5'; Length: 20; Trimmed: 789388 times

Minimum overlap: 3
No. of allowed errors:
1-9 bp: 0; 10-19 bp: 1

Overview of removed sequences
length	count	expect	max.err	error counts
3	122	12495.5	0	122
4	1	3123.9	0	1
5	2	781.0	0	2
9	1	3.1	0	1
10	5	0.8	1	5
11	1	0.2	1	1
12	6	0.0	1	4 2
13	7	0.0	1	1 6
14	13	0.0	1	7 6
15	17	0.0	1	11 6
16	14	0.0	1	2 12
17	10	0.0	1	9 1
18	22	0.0	1	19 3
19	44	0.0	1	32 12
20	368	0.0	1	336 32
21	443	0.0	1	369 74
22	4975	0.0	1	1128 3847
23	781185	0.0	1	762781 18404
24	2104	0.0	1	782 1322
25	6	0.0	1	4 2
26	1	0.0	1	1
27	1	0.0	1	1
28	6	0.0	1	6
29	1	0.0	1	1
30	7	0.0	1	5 2
32	1	0.0	1	1
33	8	0.0	1	7 1
37	1	0.0	1	0 1
38	1	0.0	1	1
39	5	0.0	1	5
40	2	0.0	1	2
41	1	0.0	1	1
44	1	0.0	1	1
45	2	0.0	1	2
46	2	0.0	1	2
48	2	0.0	1	2
Running cutadapt on: 2024_Cont04_Both05_W56_gut_S167
This is cutadapt 5.2 with Python 3.13.15
Command line parameters: -j 4 -g GTGYCAGCMGCCGCGGTAA -G GGACTACNVGGGTWTCTAAT -o /scratch4/workspace/jade_fiorilla_student_uml_edu-rawseqorcc/trimmed-cutadapt/2024_Cont04_Both05_W56_gut_S167_R1_trim.fastq -p /scratch4/workspace/jade_fiorilla_student_uml_edu-rawseqorcc/trimmed-cutadapt/2024_Cont04_Both05_W56_gut_S167_R2_trim.fastq /scratch4/workspace/jade_fiorilla_student_uml_edu-rawseqorcc/fastq/2024_Cont04_Both05_W56_gut_S167_R1_001.fastq.gz /scratch4/workspace/jade_fiorilla_student_uml_edu-rawseqorcc/fastq/2024_Cont04_Both05_W56_gut_S167_R2_001.fastq.gz
Processing paired-end reads on 4 cores ...

=== Summary ===

Total read pairs processed:          2,401,824
  Read 1 with adapter:               1,654,614 (68.9%)
  Read 2 with adapter:               1,081,550 (45.0%)
Pairs written (passing filters):     2,401,824 (100.0%)

Total basepairs processed: 1,445,898,048 bp
  Read 1:   722,949,024 bp
  Read 2:   722,949,024 bp
Total written (filtered):  1,390,096,731 bp (96.1%)
  Read 1:   689,855,856 bp
  Read 2:   700,240,875 bp

=== First read: Adapter 1 ===

Sequence: GTGYCAGCMGCCGCGGTAA; Type: regular 5'; Length: 19; Trimmed: 1654614 times

Minimum overlap: 3
No. of allowed errors:
1-9 bp: 0; 10-19 bp: 1

Overview of removed sequences
length	count	expect	max.err	error counts
3	16	37528.5	0	16
9	6	9.2	0	6
10	2	2.3	1	0 2
11	3	0.6	1	2 1
12	74	0.1	1	41 33
13	19	0.0	1	12 7
14	23	0.0	1	12 11
15	23	0.0	1	15 8
16	31	0.0	1	21 10
17	39	0.0	1	11 28
18	189	0.0	1	75 114
19	10692	0.0	1	5078 5614
20	1632988	0.0	1	1004076 628912
21	9069	0.0	1	5158 3911
22	1305	0.0	1	963 342
23	14	0.0	1	9 5
24	7	0.0	1	4 3
25	4	0.0	1	1 3
26	6	0.0	1	4 2
27	5	0.0	1	1 4
28	7	0.0	1	3 4
29	4	0.0	1	3 1
30	2	0.0	1	1 1
31	7	0.0	1	2 5
32	10	0.0	1	3 7
33	3	0.0	1	3
34	7	0.0	1	2 5
35	5	0.0	1	1 4
36	4	0.0	1	0 4
37	5	0.0	1	0 5
38	8	0.0	1	3 5
39	5	0.0	1	0 5
40	3	0.0	1	1 2
41	2	0.0	1	2
42	2	0.0	1	1 1
43	9	0.0	1	5 4
44	2	0.0	1	0 2
47	6	0.0	1	0 6
48	1	0.0	1	0 1
49	2	0.0	1	0 2
51	3	0.0	1	2 1
55	1	0.0	1	0 1
56	1	0.0	1	1


=== Second read: Adapter 2 ===

Sequence: GGACTACNVGGGTWTCTAAT; Type: regular 5'; Length: 20; Trimmed: 1081550 times

Minimum overlap: 3
No. of allowed errors:
1-9 bp: 0; 10-19 bp: 1

Overview of removed sequences
length	count	expect	max.err	error counts
3	23	37528.5	0	23
5	1	2345.5	0	1
9	3	9.2	0	3
10	1	2.3	1	1
11	2	0.6	1	0 2
12	4	0.1	1	4
13	4	0.0	1	4
14	17	0.0	1	8 9
15	13	0.0	1	3 10
16	12	0.0	1	3 9
17	17	0.0	1	11 6
18	49	0.0	1	43 6
19	88	0.0	1	48 40
20	11021	0.0	1	3195 7826
21	1063315	0.0	1	1019027 44288
22	6467	0.0	1	3115 3352
23	475	0.0	1	439 36
24	5	0.0	1	4 1
25	3	0.0	1	3
26	2	0.0	1	2
27	4	0.0	1	4
28	1	0.0	1	1
29	1	0.0	1	1
30	2	0.0	1	2
31	4	0.0	1	3 1
32	2	0.0	1	2
34	4	0.0	1	2 2
37	1	0.0	1	0 1
39	1	0.0	1	1
40	2	0.0	1	2
42	1	0.0	1	1
43	1	0.0	1	1
44	3	0.0	1	3
45	1	0.0	1	1
Running cutadapt on: 2024_Cont04_Cont06_W67_gill_S232
This is cutadapt 5.2 with Python 3.13.15
Command line parameters: -j 4 -g GTGYCAGCMGCCGCGGTAA -G GGACTACNVGGGTWTCTAAT -o /scratch4/workspace/jade_fiorilla_student_uml_edu-rawseqorcc/trimmed-cutadapt/2024_Cont04_Cont06_W67_gill_S232_R1_trim.fastq -p /scratch4/workspace/jade_fiorilla_student_uml_edu-rawseqorcc/trimmed-cutadapt/2024_Cont04_Cont06_W67_gill_S232_R2_trim.fastq /scratch4/workspace/jade_fiorilla_student_uml_edu-rawseqorcc/fastq/2024_Cont04_Cont06_W67_gill_S232_R1_001.fastq.gz /scratch4/workspace/jade_fiorilla_student_uml_edu-rawseqorcc/fastq/2024_Cont04_Cont06_W67_gill_S232_R2_001.fastq.gz
Processing paired-end reads on 4 cores ...

=== Summary ===

Total read pairs processed:             13,180
  Read 1 with adapter:                  11,220 (85.1%)
  Read 2 with adapter:                   9,439 (71.6%)
Pairs written (passing filters):        13,180 (100.0%)

Total basepairs processed:     7,934,360 bp
  Read 1:     3,967,180 bp
  Read 2:     3,967,180 bp
Total written (filtered):      7,514,062 bp (94.7%)
  Read 1:     3,743,687 bp
  Read 2:     3,770,375 bp

=== First read: Adapter 1 ===

Sequence: GTGYCAGCMGCCGCGGTAA; Type: regular 5'; Length: 19; Trimmed: 11220 times

Minimum overlap: 3
No. of allowed errors:
1-9 bp: 0; 10-19 bp: 1

Overview of removed sequences
length	count	expect	max.err	error counts
3	2	205.9	0	2
18	3	0.0	1	1 2
19	1336	0.0	1	1283 53
20	9581	0.0	1	7537 2044
21	134	0.0	1	117 17
22	160	0.0	1	149 11
23	1	0.0	1	0 1
24	3	0.0	1	3


=== Second read: Adapter 2 ===

Sequence: GGACTACNVGGGTWTCTAAT; Type: regular 5'; Length: 20; Trimmed: 9439 times

Minimum overlap: 3
No. of allowed errors:
1-9 bp: 0; 10-19 bp: 1

Overview of removed sequences
length	count	expect	max.err	error counts
3	1	205.9	0	1
19	10	0.0	1	2 8
20	1617	0.0	1	1509 108
21	7642	0.0	1	7038 604
22	98	0.0	1	66 32
23	70	0.0	1	59 11
24	1	0.0	1	0 1
Running cutadapt on: 2024_Cont04_Cont06_W67_gut_S168
This is cutadapt 5.2 with Python 3.13.15
Command line parameters: -j 4 -g GTGYCAGCMGCCGCGGTAA -G GGACTACNVGGGTWTCTAAT -o /scratch4/workspace/jade_fiorilla_student_uml_edu-rawseqorcc/trimmed-cutadapt/2024_Cont04_Cont06_W67_gut_S168_R1_trim.fastq -p /scratch4/workspace/jade_fiorilla_student_uml_edu-rawseqorcc/trimmed-cutadapt/2024_Cont04_Cont06_W67_gut_S168_R2_trim.fastq /scratch4/workspace/jade_fiorilla_student_uml_edu-rawseqorcc/fastq/2024_Cont04_Cont06_W67_gut_S168_R1_001.fastq.gz /scratch4/workspace/jade_fiorilla_student_uml_edu-rawseqorcc/fastq/2024_Cont04_Cont06_W67_gut_S168_R2_001.fastq.gz
Processing paired-end reads on 4 cores ...

=== Summary ===

Total read pairs processed:          2,512,695
  Read 1 with adapter:               1,572,320 (62.6%)
  Read 2 with adapter:                 794,192 (31.6%)
Pairs written (passing filters):     2,512,695 (100.0%)

Total basepairs processed: 1,512,642,390 bp
  Read 1:   756,321,195 bp
  Read 2:   756,321,195 bp
Total written (filtered):  1,464,525,479 bp (96.8%)
  Read 1:   724,878,450 bp
  Read 2:   739,647,029 bp

=== First read: Adapter 1 ===

Sequence: GTGYCAGCMGCCGCGGTAA; Type: regular 5'; Length: 19; Trimmed: 1572320 times

Minimum overlap: 3
No. of allowed errors:
1-9 bp: 0; 10-19 bp: 1

Overview of removed sequences
length	count	expect	max.err	error counts
8	2	38.3	0	2
9	2	9.6	0	2
10	1	2.4	1	1
11	2	0.6	1	1 1
12	57	0.1	1	34 23
13	6	0.0	1	4 2
14	13	0.0	1	1 12
15	23	0.0	1	5 18
16	45	0.0	1	8 37
17	31	0.0	1	16 15
18	170	0.0	1	54 116
19	11165	0.0	1	5582 5583
20	1553431	0.0	1	737068 816363
21	7214	0.0	1	4655 2559
22	38	0.0	1	18 20
23	10	0.0	1	5 5
24	11	0.0	1	5 6
25	6	0.0	1	3 3
26	4	0.0	1	2 2
27	1	0.0	1	0 1
28	1	0.0	1	1
29	3	0.0	1	1 2
30	5	0.0	1	3 2
31	13	0.0	1	9 4
32	8	0.0	1	3 5
33	1	0.0	1	0 1
34	9	0.0	1	5 4
35	4	0.0	1	3 1
36	6	0.0	1	0 6
37	4	0.0	1	1 3
38	7	0.0	1	0 7
39	3	0.0	1	2 1
41	2	0.0	1	1 1
43	10	0.0	1	1 9
44	4	0.0	1	0 4
45	2	0.0	1	1 1
46	1	0.0	1	1
49	2	0.0	1	2
50	2	0.0	1	1 1
51	1	0.0	1	0 1


=== Second read: Adapter 2 ===

Sequence: GGACTACNVGGGTWTCTAAT; Type: regular 5'; Length: 20; Trimmed: 794192 times

Minimum overlap: 3
No. of allowed errors:
1-9 bp: 0; 10-19 bp: 1

Overview of removed sequences
length	count	expect	max.err	error counts
3	5	39260.9	0	5
12	2	0.1	1	2
13	9	0.0	1	9
14	12	0.0	1	6 6
15	3	0.0	1	3
16	10	0.0	1	6 4
17	14	0.0	1	11 3
18	28	0.0	1	16 12
19	72	0.0	1	30 42
20	9178	0.0	1	3485 5693
21	779229	0.0	1	739444 39785
22	5563	0.0	1	2758 2805
23	28	0.0	1	14 14
24	7	0.0	1	7
25	2	0.0	1	2
26	4	0.0	1	3 1
27	3	0.0	1	0 3
28	2	0.0	1	2
29	6	0.0	1	3 3
30	4	0.0	1	4
31	4	0.0	1	3 1
33	3	0.0	1	2 1
34	1	0.0	1	1
36	1	0.0	1	1
41	2	0.0	1	2
Running cutadapt on: 2024_Cont04_Hyp05_W56_gill_S225
This is cutadapt 5.2 with Python 3.13.15
Command line parameters: -j 4 -g GTGYCAGCMGCCGCGGTAA -G GGACTACNVGGGTWTCTAAT -o /scratch4/workspace/jade_fiorilla_student_uml_edu-rawseqorcc/trimmed-cutadapt/2024_Cont04_Hyp05_W56_gill_S225_R1_trim.fastq -p /scratch4/workspace/jade_fiorilla_student_uml_edu-rawseqorcc/trimmed-cutadapt/2024_Cont04_Hyp05_W56_gill_S225_R2_trim.fastq /scratch4/workspace/jade_fiorilla_student_uml_edu-rawseqorcc/fastq/2024_Cont04_Hyp05_W56_gill_S225_R1_001.fastq.gz /scratch4/workspace/jade_fiorilla_student_uml_edu-rawseqorcc/fastq/2024_Cont04_Hyp05_W56_gill_S225_R2_001.fastq.gz
Processing paired-end reads on 4 cores ...

=== Summary ===

Total read pairs processed:            590,347
  Read 1 with adapter:                 549,449 (93.1%)
  Read 2 with adapter:                 520,006 (88.1%)
Pairs written (passing filters):       590,347 (100.0%)

Total basepairs processed:   355,388,894 bp
  Read 1:   177,694,447 bp
  Read 2:   177,694,447 bp
Total written (filtered):    332,414,814 bp (93.5%)
  Read 1:   166,157,554 bp
  Read 2:   166,257,260 bp

=== First read: Adapter 1 ===

Sequence: GTGYCAGCMGCCGCGGTAA; Type: regular 5'; Length: 19; Trimmed: 549449 times

Minimum overlap: 3
No. of allowed errors:
1-9 bp: 0; 10-19 bp: 1

Overview of removed sequences
length	count	expect	max.err	error counts
3	13	9224.2	0	13
9	2	2.3	0	2
12	14	0.0	1	14
14	2	0.0	1	2
15	7	0.0	1	2 5
16	11	0.0	1	7 4
17	11	0.0	1	8 3
18	29	0.0	1	16 13
19	236	0.0	1	196 40
20	2597	0.0	1	1165 1432
21	544724	0.0	1	497620 47104
22	1763	0.0	1	911 852
23	3	0.0	1	1 2
24	1	0.0	1	1
25	6	0.0	1	6
26	1	0.0	1	1
27	4	0.0	1	2 2
28	4	0.0	1	3 1
29	1	0.0	1	1
30	5	0.0	1	5
32	4	0.0	1	4
33	3	0.0	1	3
35	2	0.0	1	0 2
42	1	0.0	1	1
44	1	0.0	1	1
46	3	0.0	1	3
47	1	0.0	1	1


=== Second read: Adapter 2 ===

Sequence: GGACTACNVGGGTWTCTAAT; Type: regular 5'; Length: 20; Trimmed: 520006 times

Minimum overlap: 3
No. of allowed errors:
1-9 bp: 0; 10-19 bp: 1

Overview of removed sequences
length	count	expect	max.err	error counts
3	2	9224.2	0	2
4	1	2306.0	0	1
12	6	0.0	1	5 1
13	7	0.0	1	5 2
14	10	0.0	1	6 4
15	4	0.0	1	1 3
16	12	0.0	1	2 10
17	10	0.0	1	6 4
18	19	0.0	1	14 5
19	25	0.0	1	15 10
20	104	0.0	1	83 21
21	3982	0.0	1	1259 2723
22	514212	0.0	1	470505 43707
23	1587	0.0	1	869 718
24	6	0.0	1	2 4
26	3	0.0	1	3
28	3	0.0	1	3
29	2	0.0	1	1 1
30	3	0.0	1	2 1
31	1	0.0	1	0 1
32	3	0.0	1	3
45	1	0.0	1	1
46	1	0.0	1	1
48	2	0.0	1	2
Running cutadapt on: 2024_Cont04_Hyp05_W56_gut_S46
This is cutadapt 5.2 with Python 3.13.15
Command line parameters: -j 4 -g GTGYCAGCMGCCGCGGTAA -G GGACTACNVGGGTWTCTAAT -o /scratch4/workspace/jade_fiorilla_student_uml_edu-rawseqorcc/trimmed-cutadapt/2024_Cont04_Hyp05_W56_gut_S46_R1_trim.fastq -p /scratch4/workspace/jade_fiorilla_student_uml_edu-rawseqorcc/trimmed-cutadapt/2024_Cont04_Hyp05_W56_gut_S46_R2_trim.fastq /scratch4/workspace/jade_fiorilla_student_uml_edu-rawseqorcc/fastq/2024_Cont04_Hyp05_W56_gut_S46_R1_001.fastq.gz /scratch4/workspace/jade_fiorilla_student_uml_edu-rawseqorcc/fastq/2024_Cont04_Hyp05_W56_gut_S46_R2_001.fastq.gz
Processing paired-end reads on 4 cores ...

=== Summary ===

Total read pairs processed:            970,195
  Read 1 with adapter:                 771,202 (79.5%)
  Read 2 with adapter:                 563,386 (58.1%)
Pairs written (passing filters):       970,195 (100.0%)

Total basepairs processed:   584,057,390 bp
  Read 1:   292,028,695 bp
  Read 2:   292,028,695 bp
Total written (filtered):    555,503,823 bp (95.1%)
  Read 1:   275,852,975 bp
  Read 2:   279,650,848 bp

=== First read: Adapter 1 ===

Sequence: GTGYCAGCMGCCGCGGTAA; Type: regular 5'; Length: 19; Trimmed: 771202 times

Minimum overlap: 3
No. of allowed errors:
1-9 bp: 0; 10-19 bp: 1

Overview of removed sequences
length	count	expect	max.err	error counts
3	22	15159.3	0	22
12	31	0.1	1	21 10
13	2	0.0	1	2
14	9	0.0	1	4 5
15	6	0.0	1	0 6
16	29	0.0	1	19 10
17	10	0.0	1	8 2
18	55	0.0	1	23 32
19	6318	0.0	1	3663 2655
20	9553	0.0	1	6219 3334
21	752472	0.0	1	534140 218332
22	2608	0.0	1	1367 1241
23	9	0.0	1	4 5
24	4	0.0	1	3 1
25	5	0.0	1	5
26	9	0.0	1	7 2
27	1	0.0	1	1
28	3	0.0	1	3
29	1	0.0	1	1
30	1	0.0	1	1
31	5	0.0	1	1 4
32	4	0.0	1	2 2
33	2	0.0	1	0 2
35	1	0.0	1	1
36	1	0.0	1	0 1
38	3	0.0	1	2 1
39	4	0.0	1	3 1
40	1	0.0	1	0 1
41	12	0.0	1	4 8
43	2	0.0	1	2
44	3	0.0	1	3
45	10	0.0	1	10
46	1	0.0	1	1
47	2	0.0	1	0 2
50	1	0.0	1	0 1
53	1	0.0	1	0 1
61	1	0.0	1	1


=== Second read: Adapter 2 ===

Sequence: GGACTACNVGGGTWTCTAAT; Type: regular 5'; Length: 20; Trimmed: 563386 times

Minimum overlap: 3
No. of allowed errors:
1-9 bp: 0; 10-19 bp: 1

Overview of removed sequences
length	count	expect	max.err	error counts
3	6	15159.3	0	6
8	1	14.8	0	1
10	5	0.9	1	5
12	1	0.1	1	1
13	2	0.0	1	2
14	9	0.0	1	4 5
15	8	0.0	1	2 6
16	9	0.0	1	2 7
17	9	0.0	1	4 5
18	29	0.0	1	23 6
19	45	0.0	1	18 27
20	3860	0.0	1	3655 205
21	10148	0.0	1	7036 3112
22	547431	0.0	1	534673 12758
23	1805	0.0	1	911 894
24	5	0.0	1	3 2
25	1	0.0	1	1
27	3	0.0	1	3
28	2	0.0	1	2
29	1	0.0	1	1
31	1	0.0	1	0 1
33	4	0.0	1	4
34	1	0.0	1	1
Running cutadapt on: 2024_Cont04_Null_W29_gill_S265
This is cutadapt 5.2 with Python 3.13.15
Command line parameters: -j 4 -g GTGYCAGCMGCCGCGGTAA -G GGACTACNVGGGTWTCTAAT -o /scratch4/workspace/jade_fiorilla_student_uml_edu-rawseqorcc/trimmed-cutadapt/2024_Cont04_Null_W29_gill_S265_R1_trim.fastq -p /scratch4/workspace/jade_fiorilla_student_uml_edu-rawseqorcc/trimmed-cutadapt/2024_Cont04_Null_W29_gill_S265_R2_trim.fastq /scratch4/workspace/jade_fiorilla_student_uml_edu-rawseqorcc/fastq/2024_Cont04_Null_W29_gill_S265_R1_001.fastq.gz /scratch4/workspace/jade_fiorilla_student_uml_edu-rawseqorcc/fastq/2024_Cont04_Null_W29_gill_S265_R2_001.fastq.gz
Processing paired-end reads on 4 cores ...

=== Summary ===

Total read pairs processed:            557,941
  Read 1 with adapter:                 515,981 (92.5%)
  Read 2 with adapter:                 492,178 (88.2%)
Pairs written (passing filters):       557,941 (100.0%)

Total basepairs processed:   335,880,482 bp
  Read 1:   167,940,241 bp
  Read 2:   167,940,241 bp
Total written (filtered):    315,225,346 bp (93.9%)
  Read 1:   157,620,512 bp
  Read 2:   157,604,834 bp

=== First read: Adapter 1 ===

Sequence: GTGYCAGCMGCCGCGGTAA; Type: regular 5'; Length: 19; Trimmed: 515981 times

Minimum overlap: 3
No. of allowed errors:
1-9 bp: 0; 10-19 bp: 1

Overview of removed sequences
length	count	expect	max.err	error counts
3	1	8717.8	0	1
9	1	2.1	0	1
12	15	0.0	1	13 2
13	3	0.0	1	3
14	3	0.0	1	2 1
15	5	0.0	1	4 1
16	13	0.0	1	5 8
17	9	0.0	1	4 5
18	56	0.0	1	29 27
19	1779	0.0	1	314 1465
20	512376	0.0	1	456412 55964
21	1388	0.0	1	474 914
22	303	0.0	1	285 18
23	5	0.0	1	5
24	3	0.0	1	2 1
25	3	0.0	1	2 1
26	1	0.0	1	0 1
27	2	0.0	1	2
29	1	0.0	1	0 1
31	1	0.0	1	1
33	3	0.0	1	2 1
34	3	0.0	1	3
35	2	0.0	1	2
36	1	0.0	1	1
41	2	0.0	1	1 1
43	2	0.0	1	2


=== Second read: Adapter 2 ===

Sequence: GGACTACNVGGGTWTCTAAT; Type: regular 5'; Length: 20; Trimmed: 492178 times

Minimum overlap: 3
No. of allowed errors:
1-9 bp: 0; 10-19 bp: 1

Overview of removed sequences
length	count	expect	max.err	error counts
3	2	8717.8	0	2
12	1	0.0	1	1
13	2	0.0	1	2
14	6	0.0	1	2 4
15	3	0.0	1	3
16	4	0.0	1	2 2
17	6	0.0	1	3 3
18	10	0.0	1	8 2
19	31	0.0	1	16 15
20	2027	0.0	1	218 1809
21	488454	0.0	1	457715 30739
22	1466	0.0	1	534 932
23	151	0.0	1	141 10
24	1	0.0	1	1
25	1	0.0	1	1
26	2	0.0	1	1 1
27	1	0.0	1	1
30	1	0.0	1	1
31	1	0.0	1	0 1
32	1	0.0	1	1
33	1	0.0	1	0 1
37	2	0.0	1	0 2
38	1	0.0	1	1
40	1	0.0	1	1
47	2	0.0	1	2
Running cutadapt on: 2024_Cont04_Null_W29_gut_S77
This is cutadapt 5.2 with Python 3.13.15
Command line parameters: -j 4 -g GTGYCAGCMGCCGCGGTAA -G GGACTACNVGGGTWTCTAAT -o /scratch4/workspace/jade_fiorilla_student_uml_edu-rawseqorcc/trimmed-cutadapt/2024_Cont04_Null_W29_gut_S77_R1_trim.fastq -p /scratch4/workspace/jade_fiorilla_student_uml_edu-rawseqorcc/trimmed-cutadapt/2024_Cont04_Null_W29_gut_S77_R2_trim.fastq /scratch4/workspace/jade_fiorilla_student_uml_edu-rawseqorcc/fastq/2024_Cont04_Null_W29_gut_S77_R1_001.fastq.gz /scratch4/workspace/jade_fiorilla_student_uml_edu-rawseqorcc/fastq/2024_Cont04_Null_W29_gut_S77_R2_001.fastq.gz
Processing paired-end reads on 4 cores ...

=== Summary ===

Total read pairs processed:            770,812
  Read 1 with adapter:                 692,087 (89.8%)
  Read 2 with adapter:                 603,427 (78.3%)
Pairs written (passing filters):       770,812 (100.0%)

Total basepairs processed:   464,028,824 bp
  Read 1:   232,014,412 bp
  Read 2:   232,014,412 bp
Total written (filtered):    437,509,056 bp (94.3%)
  Read 1:   218,169,136 bp
  Read 2:   219,339,920 bp

=== First read: Adapter 1 ===

Sequence: GTGYCAGCMGCCGCGGTAA; Type: regular 5'; Length: 19; Trimmed: 692087 times

Minimum overlap: 3
No. of allowed errors:
1-9 bp: 0; 10-19 bp: 1

Overview of removed sequences
length	count	expect	max.err	error counts
3	7	12043.9	0	7
10	2	0.7	1	2
11	1	0.2	1	0 1
12	22	0.0	1	21 1
13	1	0.0	1	1
14	14	0.0	1	4 10
15	10	0.0	1	5 5
16	18	0.0	1	12 6
17	16	0.0	1	12 4
18	80	0.0	1	24 56
19	4183	0.0	1	1634 2549
20	681667	0.0	1	585388 96279
21	4020	0.0	1	2126 1894
22	2002	0.0	1	1795 207
23	10	0.0	1	6 4
24	3	0.0	1	3
25	1	0.0	1	1
26	2	0.0	1	2
27	1	0.0	1	0 1
28	3	0.0	1	3
29	1	0.0	1	0 1
30	4	0.0	1	4
31	3	0.0	1	1 2
32	2	0.0	1	2
33	3	0.0	1	3
35	4	0.0	1	3 1
36	1	0.0	1	1
38	1	0.0	1	0 1
39	1	0.0	1	1
40	3	0.0	1	2 1
52	1	0.0	1	0 1


=== Second read: Adapter 2 ===

Sequence: GGACTACNVGGGTWTCTAAT; Type: regular 5'; Length: 20; Trimmed: 603427 times

Minimum overlap: 3
No. of allowed errors:
1-9 bp: 0; 10-19 bp: 1

Overview of removed sequences
length	count	expect	max.err	error counts
3	12	12043.9	0	12
9	1	2.9	0	1
11	5	0.2	1	0 5
12	2	0.0	1	2
13	4	0.0	1	4
14	10	0.0	1	4 6
15	8	0.0	1	3 5
16	6	0.0	1	4 2
17	6	0.0	1	2 4
18	4	0.0	1	4
19	35	0.0	1	21 14
20	3239	0.0	1	910 2329
21	595790	0.0	1	583136 12654
22	2471	0.0	1	1324 1147
23	1804	0.0	1	1718 86
24	7	0.0	1	6 1
25	1	0.0	1	1
26	2	0.0	1	2
28	2	0.0	1	2
29	5	0.0	1	5
30	3	0.0	1	2 1
32	1	0.0	1	1
33	2	0.0	1	2
37	5	0.0	1	5
39	2	0.0	1	2
Running cutadapt on: 2024_Cont05_Both04_W46_gill_S226
This is cutadapt 5.2 with Python 3.13.15
Command line parameters: -j 4 -g GTGYCAGCMGCCGCGGTAA -G GGACTACNVGGGTWTCTAAT -o /scratch4/workspace/jade_fiorilla_student_uml_edu-rawseqorcc/trimmed-cutadapt/2024_Cont05_Both04_W46_gill_S226_R1_trim.fastq -p /scratch4/workspace/jade_fiorilla_student_uml_edu-rawseqorcc/trimmed-cutadapt/2024_Cont05_Both04_W46_gill_S226_R2_trim.fastq /scratch4/workspace/jade_fiorilla_student_uml_edu-rawseqorcc/fastq/2024_Cont05_Both04_W46_gill_S226_R1_001.fastq.gz /scratch4/workspace/jade_fiorilla_student_uml_edu-rawseqorcc/fastq/2024_Cont05_Both04_W46_gill_S226_R2_001.fastq.gz
Processing paired-end reads on 4 cores ...

=== Summary ===

Total read pairs processed:            930,537
  Read 1 with adapter:                 793,560 (85.3%)
  Read 2 with adapter:                 720,120 (77.4%)
Pairs written (passing filters):       930,537 (100.0%)

Total basepairs processed:   560,183,274 bp
  Read 1:   280,091,637 bp
  Read 2:   280,091,637 bp
Total written (filtered):    527,688,464 bp (94.2%)
  Read 1:   263,432,247 bp
  Read 2:   264,256,217 bp

=== First read: Adapter 1 ===

Sequence: GTGYCAGCMGCCGCGGTAA; Type: regular 5'; Length: 19; Trimmed: 793560 times

Minimum overlap: 3
No. of allowed errors:
1-9 bp: 0; 10-19 bp: 1

Overview of removed sequences
length	count	expect	max.err	error counts
3	18	14539.6	0	18
9	1	3.5	0	1
10	1	0.9	1	0 1
12	26	0.1	1	23 3
13	1	0.0	1	1
14	10	0.0	1	8 2
15	1	0.0	1	0 1
16	15	0.0	1	8 7
17	6	0.0	1	3 3
18	52	0.0	1	28 24
19	1612	0.0	1	1459 153
20	3662	0.0	1	1823 1839
21	786392	0.0	1	652568 133824
22	1700	0.0	1	547 1153
23	7	0.0	1	4 3
24	6	0.0	1	5 1
25	8	0.0	1	7 1
27	2	0.0	1	2
28	1	0.0	1	1
29	2	0.0	1	2
30	1	0.0	1	1
33	1	0.0	1	1
34	3	0.0	1	1 2
35	8	0.0	1	8
36	5	0.0	1	4 1
37	7	0.0	1	7
39	4	0.0	1	3 1
41	1	0.0	1	0 1
43	3	0.0	1	3
51	4	0.0	1	0 4


=== Second read: Adapter 2 ===

Sequence: GGACTACNVGGGTWTCTAAT; Type: regular 5'; Length: 20; Trimmed: 720120 times

Minimum overlap: 3
No. of allowed errors:
1-9 bp: 0; 10-19 bp: 1

Overview of removed sequences
length	count	expect	max.err	error counts
3	2	14539.6	0	2
4	1	3634.9	0	1
9	3	3.5	0	3
10	1	0.9	1	1
11	6	0.2	1	5 1
12	2	0.1	1	1 1
13	3	0.0	1	3
14	17	0.0	1	5 12
15	7	0.0	1	1 6
16	4	0.0	1	1 3
17	23	0.0	1	20 3
18	28	0.0	1	21 7
19	31	0.0	1	19 12
20	558	0.0	1	472 86
21	7449	0.0	1	2251 5198
22	710235	0.0	1	618533 91702
23	1712	0.0	1	652 1060
24	5	0.0	1	5
25	3	0.0	1	3
26	1	0.0	1	1
27	2	0.0	1	0 2
28	4	0.0	1	4
29	1	0.0	1	1
30	2	0.0	1	1 1
31	1	0.0	1	1
32	2	0.0	1	0 2
33	5	0.0	1	3 2
37	4	0.0	1	1 3
39	2	0.0	1	0 2
41	2	0.0	1	0 2
42	1	0.0	1	0 1
44	3	0.0	1	3
Running cutadapt on: 2024_Cont05_Both04_W46_gut_S47
This is cutadapt 5.2 with Python 3.13.15
Command line parameters: -j 4 -g GTGYCAGCMGCCGCGGTAA -G GGACTACNVGGGTWTCTAAT -o /scratch4/workspace/jade_fiorilla_student_uml_edu-rawseqorcc/trimmed-cutadapt/2024_Cont05_Both04_W46_gut_S47_R1_trim.fastq -p /scratch4/workspace/jade_fiorilla_student_uml_edu-rawseqorcc/trimmed-cutadapt/2024_Cont05_Both04_W46_gut_S47_R2_trim.fastq /scratch4/workspace/jade_fiorilla_student_uml_edu-rawseqorcc/fastq/2024_Cont05_Both04_W46_gut_S47_R1_001.fastq.gz /scratch4/workspace/jade_fiorilla_student_uml_edu-rawseqorcc/fastq/2024_Cont05_Both04_W46_gut_S47_R2_001.fastq.gz
Processing paired-end reads on 4 cores ...

=== Summary ===

Total read pairs processed:            796,138
  Read 1 with adapter:                 659,796 (82.9%)
  Read 2 with adapter:                 558,062 (70.1%)
Pairs written (passing filters):       796,138 (100.0%)

Total basepairs processed:   479,275,076 bp
  Read 1:   239,637,538 bp
  Read 2:   239,637,538 bp
Total written (filtered):    452,131,870 bp (94.3%)
  Read 1:   225,227,416 bp
  Read 2:   226,904,454 bp

=== First read: Adapter 1 ===

Sequence: GTGYCAGCMGCCGCGGTAA; Type: regular 5'; Length: 19; Trimmed: 659796 times

Minimum overlap: 3
No. of allowed errors:
1-9 bp: 0; 10-19 bp: 1

Overview of removed sequences
length	count	expect	max.err	error counts
3	3052	12439.7	0	3052
4	2	3109.9	0	2
8	2	12.1	0	2
9	16	3.0	0	16
10	2	0.8	1	2
11	2	0.2	1	2
12	133	0.0	1	110 23
13	24	0.0	1	18 6
14	10	0.0	1	5 5
15	22	0.0	1	17 5
16	56	0.0	1	47 9
17	49	0.0	1	26 23
18	100	0.0	1	47 53
19	11886	0.0	1	5492 6394
20	2552	0.0	1	1743 809
21	5583	0.0	1	2042 3541
22	634984	0.0	1	526128 108856
23	1259	0.0	1	386 873
24	4	0.0	1	4
25	3	0.0	1	3
26	9	0.0	1	7 2
27	3	0.0	1	2 1
28	4	0.0	1	1 3
29	5	0.0	1	5
33	3	0.0	1	0 3
34	3	0.0	1	3
36	4	0.0	1	3 1
37	3	0.0	1	3
38	2	0.0	1	1 1
39	5	0.0	1	3 2
40	4	0.0	1	3 1
48	7	0.0	1	1 6
49	1	0.0	1	1
56	2	0.0	1	2


=== Second read: Adapter 2 ===

Sequence: GGACTACNVGGGTWTCTAAT; Type: regular 5'; Length: 20; Trimmed: 558062 times

Minimum overlap: 3
No. of allowed errors:
1-9 bp: 0; 10-19 bp: 1

Overview of removed sequences
length	count	expect	max.err	error counts
3	3804	12439.7	0	3804
5	3	777.5	0	3
8	1	12.1	0	1
9	1	3.0	0	1
10	3	0.8	1	3
11	3	0.2	1	1 2
12	2	0.0	1	2
14	5	0.0	1	1 4
15	8	0.0	1	0 8
16	3	0.0	1	2 1
17	12	0.0	1	11 1
18	20	0.0	1	19 1
19	79	0.0	1	26 53
20	7071	0.0	1	6730 341
21	1075	0.0	1	951 124
22	4188	0.0	1	1292 2896
23	540015	0.0	1	525507 14508
24	1732	0.0	1	535 1197
25	5	0.0	1	4 1
26	2	0.0	1	2
27	7	0.0	1	7
28	2	0.0	1	2
30	3	0.0	1	3
33	3	0.0	1	3
34	1	0.0	1	0 1
35	2	0.0	1	1 1
36	3	0.0	1	3
37	2	0.0	1	1 1
39	2	0.0	1	2
41	1	0.0	1	1
45	2	0.0	1	1 1
50	2	0.0	1	2
Running cutadapt on: 2024_Cont05_Cont03_W33_gill_S61
This is cutadapt 5.2 with Python 3.13.15
Command line parameters: -j 4 -g GTGYCAGCMGCCGCGGTAA -G GGACTACNVGGGTWTCTAAT -o /scratch4/workspace/jade_fiorilla_student_uml_edu-rawseqorcc/trimmed-cutadapt/2024_Cont05_Cont03_W33_gill_S61_R1_trim.fastq -p /scratch4/workspace/jade_fiorilla_student_uml_edu-rawseqorcc/trimmed-cutadapt/2024_Cont05_Cont03_W33_gill_S61_R2_trim.fastq /scratch4/workspace/jade_fiorilla_student_uml_edu-rawseqorcc/fastq/2024_Cont05_Cont03_W33_gill_S61_R1_001.fastq.gz /scratch4/workspace/jade_fiorilla_student_uml_edu-rawseqorcc/fastq/2024_Cont05_Cont03_W33_gill_S61_R2_001.fastq.gz
Processing paired-end reads on 4 cores ...

=== Summary ===

Total read pairs processed:            826,250
  Read 1 with adapter:                 725,315 (87.8%)
  Read 2 with adapter:                 688,272 (83.3%)
Pairs written (passing filters):       826,250 (100.0%)

Total basepairs processed:   497,402,500 bp
  Read 1:   248,701,250 bp
  Read 2:   248,701,250 bp
Total written (filtered):    465,749,568 bp (93.6%)
  Read 1:   232,817,158 bp
  Read 2:   232,932,410 bp

=== First read: Adapter 1 ===

Sequence: GTGYCAGCMGCCGCGGTAA; Type: regular 5'; Length: 19; Trimmed: 725315 times

Minimum overlap: 3
No. of allowed errors:
1-9 bp: 0; 10-19 bp: 1

Overview of removed sequences
length	count	expect	max.err	error counts
3	2132	12910.2	0	2132
9	8	3.2	0	8
10	2	0.8	1	1 1
11	7	0.2	1	6 1
12	147	0.0	1	119 28
13	10	0.0	1	4 6
14	16	0.0	1	12 4
15	38	0.0	1	23 15
16	76	0.0	1	54 22
17	61	0.0	1	20 41
18	130	0.0	1	84 46
19	2616	0.0	1	1458 1158
20	4899	0.0	1	3566 1333
21	13409	0.0	1	7885 5524
22	700059	0.0	1	633469 66590
23	1651	0.0	1	525 1126
24	5	0.0	1	3 2
25	2	0.0	1	2
26	10	0.0	1	9 1
27	3	0.0	1	3
28	2	0.0	1	2
29	5	0.0	1	3 2
30	2	0.0	1	2
32	1	0.0	1	1
33	4	0.0	1	3 1
34	1	0.0	1	1
35	4	0.0	1	2 2
36	4	0.0	1	4
37	1	0.0	1	1
38	5	0.0	1	5
39	1	0.0	1	1
43	1	0.0	1	1
45	2	0.0	1	2
49	1	0.0	1	1


=== Second read: Adapter 2 ===

Sequence: GGACTACNVGGGTWTCTAAT; Type: regular 5'; Length: 20; Trimmed: 688272 times

Minimum overlap: 3
No. of allowed errors:
1-9 bp: 0; 10-19 bp: 1

Overview of removed sequences
length	count	expect	max.err	error counts
3	2130	12910.2	0	2130
4	2	3227.5	0	2
5	3	806.9	0	3
10	3	0.8	1	3
11	4	0.2	1	2 2
12	3	0.0	1	3
13	4	0.0	1	3 1
14	20	0.0	1	12 8
15	9	0.0	1	5 4
16	14	0.0	1	3 11
17	30	0.0	1	23 7
18	25	0.0	1	18 7
19	56	0.0	1	34 22
20	814	0.0	1	750 64
21	2098	0.0	1	1868 230
22	12986	0.0	1	9218 3768
23	668270	0.0	1	654989 13281
24	1776	0.0	1	685 1091
25	3	0.0	1	3
26	3	0.0	1	1 2
27	6	0.0	1	6
29	2	0.0	1	2
30	1	0.0	1	1
31	3	0.0	1	2 1
32	2	0.0	1	2
33	1	0.0	1	1
34	1	0.0	1	1
36	1	0.0	1	1
37	1	0.0	1	1
38	1	0.0	1	1
Running cutadapt on: 2024_Cont05_Cont03_W33_gut_S62
This is cutadapt 5.2 with Python 3.13.15
Command line parameters: -j 4 -g GTGYCAGCMGCCGCGGTAA -G GGACTACNVGGGTWTCTAAT -o /scratch4/workspace/jade_fiorilla_student_uml_edu-rawseqorcc/trimmed-cutadapt/2024_Cont05_Cont03_W33_gut_S62_R1_trim.fastq -p /scratch4/workspace/jade_fiorilla_student_uml_edu-rawseqorcc/trimmed-cutadapt/2024_Cont05_Cont03_W33_gut_S62_R2_trim.fastq /scratch4/workspace/jade_fiorilla_student_uml_edu-rawseqorcc/fastq/2024_Cont05_Cont03_W33_gut_S62_R1_001.fastq.gz /scratch4/workspace/jade_fiorilla_student_uml_edu-rawseqorcc/fastq/2024_Cont05_Cont03_W33_gut_S62_R2_001.fastq.gz
Processing paired-end reads on 4 cores ...

=== Summary ===

Total read pairs processed:            708,370
  Read 1 with adapter:                 607,904 (85.8%)
  Read 2 with adapter:                 542,354 (76.6%)
Pairs written (passing filters):       708,370 (100.0%)

Total basepairs processed:   426,438,740 bp
  Read 1:   213,219,370 bp
  Read 2:   213,219,370 bp
Total written (filtered):    400,728,740 bp (94.0%)
  Read 1:   199,915,920 bp
  Read 2:   200,812,820 bp

=== First read: Adapter 1 ===

Sequence: GTGYCAGCMGCCGCGGTAA; Type: regular 5'; Length: 19; Trimmed: 607904 times

Minimum overlap: 3
No. of allowed errors:
1-9 bp: 0; 10-19 bp: 1

Overview of removed sequences
length	count	expect	max.err	error counts
3	2122	11068.3	0	2122
8	1	10.8	0	1
9	1	2.7	0	1
10	3	0.7	1	3
11	3	0.2	1	2 1
12	126	0.0	1	115 11
13	13	0.0	1	11 2
14	6	0.0	1	3 3
15	18	0.0	1	9 9
16	67	0.0	1	51 16
17	41	0.0	1	20 21
18	104	0.0	1	58 46
19	3402	0.0	1	1894 1508
20	3826	0.0	1	2473 1353
21	11468	0.0	1	6840 4628
22	585351	0.0	1	508610 76741
23	1291	0.0	1	424 867
24	10	0.0	1	7 3
25	14	0.0	1	13 1
27	2	0.0	1	1 1
28	5	0.0	1	4 1
29	2	0.0	1	2
30	3	0.0	1	1 2
31	1	0.0	1	1
33	1	0.0	1	1
34	5	0.0	1	5
35	3	0.0	1	2 1
37	2	0.0	1	2
39	1	0.0	1	0 1
40	2	0.0	1	2
43	6	0.0	1	6
48	1	0.0	1	1
49	1	0.0	1	1
54	2	0.0	1	1 1


=== Second read: Adapter 2 ===

Sequence: GGACTACNVGGGTWTCTAAT; Type: regular 5'; Length: 20; Trimmed: 542354 times

Minimum overlap: 3
No. of allowed errors:
1-9 bp: 0; 10-19 bp: 1

Overview of removed sequences
length	count	expect	max.err	error counts
3	2555	11068.3	0	2555
4	1	2767.1	0	1
11	14	0.2	1	14
12	2	0.0	1	2
13	3	0.0	1	0 3
14	3	0.0	1	2 1
15	7	0.0	1	0 7
16	6	0.0	1	5 1
17	12	0.0	1	8 4
18	20	0.0	1	11 9
19	28	0.0	1	20 8
20	1195	0.0	1	1105 90
21	1488	0.0	1	1332 156
22	10913	0.0	1	7912 3001
23	524675	0.0	1	512461 12214
24	1402	0.0	1	520 882
25	4	0.0	1	4
26	2	0.0	1	0 2
27	5	0.0	1	4 1
29	4	0.0	1	4
30	3	0.0	1	3
31	3	0.0	1	3
32	3	0.0	1	3
34	1	0.0	1	1
36	1	0.0	1	1
37	1	0.0	1	1
39	1	0.0	1	1
45	2	0.0	1	2
Running cutadapt on: 2024_Cont05_Warm01_W9_gill_S201
This is cutadapt 5.2 with Python 3.13.15
Command line parameters: -j 4 -g GTGYCAGCMGCCGCGGTAA -G GGACTACNVGGGTWTCTAAT -o /scratch4/workspace/jade_fiorilla_student_uml_edu-rawseqorcc/trimmed-cutadapt/2024_Cont05_Warm01_W9_gill_S201_R1_trim.fastq -p /scratch4/workspace/jade_fiorilla_student_uml_edu-rawseqorcc/trimmed-cutadapt/2024_Cont05_Warm01_W9_gill_S201_R2_trim.fastq /scratch4/workspace/jade_fiorilla_student_uml_edu-rawseqorcc/fastq/2024_Cont05_Warm01_W9_gill_S201_R1_001.fastq.gz /scratch4/workspace/jade_fiorilla_student_uml_edu-rawseqorcc/fastq/2024_Cont05_Warm01_W9_gill_S201_R2_001.fastq.gz
Processing paired-end reads on 4 cores ...

=== Summary ===

Total read pairs processed:            653,075
  Read 1 with adapter:                 430,253 (65.9%)
  Read 2 with adapter:                 504,369 (77.2%)
Pairs written (passing filters):       653,075 (100.0%)

Total basepairs processed:   393,151,150 bp
  Read 1:   196,575,575 bp
  Read 2:   196,575,575 bp
Total written (filtered):    372,249,064 bp (94.7%)
  Read 1:   187,214,154 bp
  Read 2:   185,034,910 bp

=== First read: Adapter 1 ===

Sequence: GTGYCAGCMGCCGCGGTAA; Type: regular 5'; Length: 19; Trimmed: 430253 times

Minimum overlap: 3
No. of allowed errors:
1-9 bp: 0; 10-19 bp: 1

Overview of removed sequences
length	count	expect	max.err	error counts
3	5126	10204.3	0	5126
4	6	2551.1	0	6
9	7	2.5	0	7
11	4	0.2	1	3 1
12	102	0.0	1	62 40
13	11	0.0	1	3 8
14	14	0.0	1	7 7
15	7	0.0	1	5 2
16	48	0.0	1	28 20
17	18	0.0	1	8 10
18	63	0.0	1	34 29
19	865	0.0	1	802 63
20	580	0.0	1	419 161
21	2481	0.0	1	880 1601
22	419589	0.0	1	307738 111851
23	1298	0.0	1	219 1079
24	5	0.0	1	5
25	1	0.0	1	1
26	2	0.0	1	1 1
28	8	0.0	1	3 5
29	1	0.0	1	1
30	4	0.0	1	4
31	1	0.0	1	0 1
32	1	0.0	1	0 1
33	1	0.0	1	0 1
34	1	0.0	1	1
38	2	0.0	1	1 1
39	1	0.0	1	0 1
41	1	0.0	1	1
43	3	0.0	1	0 3
47	1	0.0	1	1
56	1	0.0	1	0 1


=== Second read: Adapter 2 ===

Sequence: GGACTACNVGGGTWTCTAAT; Type: regular 5'; Length: 20; Trimmed: 504369 times

Minimum overlap: 3
No. of allowed errors:
1-9 bp: 0; 10-19 bp: 1

Overview of removed sequences
length	count	expect	max.err	error counts
3	2502	10204.3	0	2502
5	1	637.8	0	1
7	1	39.9	0	1
11	2	0.2	1	1 1
12	3	0.0	1	3
13	2	0.0	1	1 1
14	12	0.0	1	6 6
15	14	0.0	1	6 8
16	6	0.0	1	3 3
17	11	0.0	1	9 2
18	14	0.0	1	7 7
19	50	0.0	1	31 19
20	1374	0.0	1	1288 86
21	245	0.0	1	206 39
22	7418	0.0	1	828 6590
23	490031	0.0	1	454143 35888
24	2653	0.0	1	431 2222
25	5	0.0	1	2 3
26	4	0.0	1	3 1
27	3	0.0	1	3
28	4	0.0	1	4
29	1	0.0	1	1
30	1	0.0	1	1
31	1	0.0	1	0 1
32	1	0.0	1	1
35	3	0.0	1	0 3
37	1	0.0	1	1
38	1	0.0	1	1
44	1	0.0	1	0 1
49	1	0.0	1	0 1
59	3	0.0	1	3
Running cutadapt on: 2024_Cont05_Warm01_W9_gut_S10
This is cutadapt 5.2 with Python 3.13.15
Command line parameters: -j 4 -g GTGYCAGCMGCCGCGGTAA -G GGACTACNVGGGTWTCTAAT -o /scratch4/workspace/jade_fiorilla_student_uml_edu-rawseqorcc/trimmed-cutadapt/2024_Cont05_Warm01_W9_gut_S10_R1_trim.fastq -p /scratch4/workspace/jade_fiorilla_student_uml_edu-rawseqorcc/trimmed-cutadapt/2024_Cont05_Warm01_W9_gut_S10_R2_trim.fastq /scratch4/workspace/jade_fiorilla_student_uml_edu-rawseqorcc/fastq/2024_Cont05_Warm01_W9_gut_S10_R1_001.fastq.gz /scratch4/workspace/jade_fiorilla_student_uml_edu-rawseqorcc/fastq/2024_Cont05_Warm01_W9_gut_S10_R2_001.fastq.gz
Processing paired-end reads on 4 cores ...

=== Summary ===

Total read pairs processed:            870,966
  Read 1 with adapter:                 779,955 (89.6%)
  Read 2 with adapter:                 731,766 (84.0%)
Pairs written (passing filters):       870,966 (100.0%)

Total basepairs processed:   524,321,532 bp
  Read 1:   262,160,766 bp
  Read 2:   262,160,766 bp
Total written (filtered):    490,458,636 bp (93.5%)
  Read 1:   245,068,033 bp
  Read 2:   245,390,603 bp

=== First read: Adapter 1 ===

Sequence: GTGYCAGCMGCCGCGGTAA; Type: regular 5'; Length: 19; Trimmed: 779955 times

Minimum overlap: 3
No. of allowed errors:
1-9 bp: 0; 10-19 bp: 1

Overview of removed sequences
length	count	expect	max.err	error counts
3	1960	13608.8	0	1960
4	1	3402.2	0	1
8	1	13.3	0	1
9	6	3.3	0	6
11	1	0.2	1	1
12	104	0.1	1	97 7
13	19	0.0	1	11 8
14	12	0.0	1	6 6
15	17	0.0	1	9 8
16	57	0.0	1	41 16
17	52	0.0	1	29 23
18	110	0.0	1	63 47
19	3445	0.0	1	1750 1695
20	3570	0.0	1	2848 722
21	11387	0.0	1	7797 3590
22	757403	0.0	1	692385 65018
23	1742	0.0	1	555 1187
24	9	0.0	1	9
25	10	0.0	1	8 2
26	4	0.0	1	3 1
27	2	0.0	1	2
29	2	0.0	1	1 1
30	5	0.0	1	5
31	5	0.0	1	3 2
32	1	0.0	1	1
33	3	0.0	1	3
34	3	0.0	1	3
35	4	0.0	1	4
36	5	0.0	1	4 1
37	3	0.0	1	0 3
38	4	0.0	1	4
41	2	0.0	1	2
42	2	0.0	1	2
46	1	0.0	1	0 1
48	2	0.0	1	2
57	1	0.0	1	0 1


=== Second read: Adapter 2 ===

Sequence: GGACTACNVGGGTWTCTAAT; Type: regular 5'; Length: 20; Trimmed: 731766 times

Minimum overlap: 3
No. of allowed errors:
1-9 bp: 0; 10-19 bp: 1

Overview of removed sequences
length	count	expect	max.err	error counts
3	2124	13608.8	0	2124
4	2	3402.2	0	2
5	4	850.6	0	4
8	1	13.3	0	1
9	4	3.3	0	4
10	7	0.8	1	7
11	2	0.2	1	2
12	6	0.1	1	4 2
13	1	0.0	1	1
14	20	0.0	1	11 9
15	12	0.0	1	6 6
16	11	0.0	1	7 4
17	20	0.0	1	15 5
18	18	0.0	1	13 5
19	61	0.0	1	37 24
20	982	0.0	1	911 71
21	1614	0.0	1	1447 167
22	12913	0.0	1	8886 4027
23	712009	0.0	1	687834 24175
24	1914	0.0	1	677 1237
25	9	0.0	1	7 2
26	2	0.0	1	2
27	3	0.0	1	3
28	3	0.0	1	3
29	2	0.0	1	2
31	4	0.0	1	4
32	2	0.0	1	1 1
33	2	0.0	1	1 1
35	4	0.0	1	3 1
38	1	0.0	1	1
40	1	0.0	1	1
41	2	0.0	1	2
43	4	0.0	1	4
46	1	0.0	1	1
48	1	0.0	1	1
Running cutadapt on: 2024_Cont05_Warm04_W45_gill_S202
This is cutadapt 5.2 with Python 3.13.15
Command line parameters: -j 4 -g GTGYCAGCMGCCGCGGTAA -G GGACTACNVGGGTWTCTAAT -o /scratch4/workspace/jade_fiorilla_student_uml_edu-rawseqorcc/trimmed-cutadapt/2024_Cont05_Warm04_W45_gill_S202_R1_trim.fastq -p /scratch4/workspace/jade_fiorilla_student_uml_edu-rawseqorcc/trimmed-cutadapt/2024_Cont05_Warm04_W45_gill_S202_R2_trim.fastq /scratch4/workspace/jade_fiorilla_student_uml_edu-rawseqorcc/fastq/2024_Cont05_Warm04_W45_gill_S202_R1_001.fastq.gz /scratch4/workspace/jade_fiorilla_student_uml_edu-rawseqorcc/fastq/2024_Cont05_Warm04_W45_gill_S202_R2_001.fastq.gz
Processing paired-end reads on 4 cores ...

=== Summary ===

Total read pairs processed:          2,007,437
  Read 1 with adapter:               2,000,502 (99.7%)
  Read 2 with adapter:               1,985,441 (98.9%)
Pairs written (passing filters):     2,007,437 (100.0%)

Total basepairs processed: 1,208,477,074 bp
  Read 1:   604,238,537 bp
  Read 2:   604,238,537 bp
Total written (filtered):  1,130,751,130 bp (93.6%)
  Read 1:   566,223,630 bp
  Read 2:   564,527,500 bp

=== First read: Adapter 1 ===

Sequence: GTGYCAGCMGCCGCGGTAA; Type: regular 5'; Length: 19; Trimmed: 2000502 times

Minimum overlap: 3
No. of allowed errors:
1-9 bp: 0; 10-19 bp: 1

Overview of removed sequences
length	count	expect	max.err	error counts
3	24	31366.2	0	24
8	1	30.6	0	1
9	1	7.7	0	1
11	6	0.5	1	3 3
12	55	0.1	1	45 10
13	3	0.0	1	3
14	9	0.0	1	0 9
15	7	0.0	1	7
16	47	0.0	1	29 18
17	80	0.0	1	61 19
18	4734	0.0	1	809 3925
19	1989036	0.0	1	1943780 45256
20	4001	0.0	1	1028 2973
21	626	0.0	1	538 88
22	1820	0.0	1	1287 533
23	7	0.0	1	3 4
24	2	0.0	1	2
25	1	0.0	1	1
27	2	0.0	1	2
28	5	0.0	1	5
29	4	0.0	1	4
30	4	0.0	1	1 3
31	9	0.0	1	6 3
32	5	0.0	1	5
33	1	0.0	1	1
36	2	0.0	1	2
37	3	0.0	1	1 2
39	3	0.0	1	3
40	1	0.0	1	1
42	1	0.0	1	1
43	1	0.0	1	1
47	1	0.0	1	1


=== Second read: Adapter 2 ===

Sequence: GGACTACNVGGGTWTCTAAT; Type: regular 5'; Length: 20; Trimmed: 1985441 times

Minimum overlap: 3
No. of allowed errors:
1-9 bp: 0; 10-19 bp: 1

Overview of removed sequences
length	count	expect	max.err	error counts
3	21	31366.2	0	21
9	8	7.7	0	8
10	1	1.9	1	0 1
11	12	0.5	1	12
12	7	0.1	1	4 3
13	17	0.0	1	16 1
14	27	0.0	1	12 15
15	9	0.0	1	4 5
16	31	0.0	1	10 21
17	28	0.0	1	24 4
18	63	0.0	1	49 14
19	8156	0.0	1	1054 7102
20	1969953	0.0	1	1929439 40514
21	4901	0.0	1	1258 3643
22	256	0.0	1	206 50
23	1897	0.0	1	1774 123
24	12	0.0	1	6 6
25	3	0.0	1	3
26	3	0.0	1	1 2
27	4	0.0	1	3 1
29	4	0.0	1	3 1
30	3	0.0	1	3
31	3	0.0	1	2 1
32	4	0.0	1	4
34	2	0.0	1	2
35	4	0.0	1	4
36	6	0.0	1	6
37	2	0.0	1	1 1
38	3	0.0	1	3
40	1	0.0	1	1
Running cutadapt on: 2024_Cont05_Warm04_W45_gut_S134
This is cutadapt 5.2 with Python 3.13.15
Command line parameters: -j 4 -g GTGYCAGCMGCCGCGGTAA -G GGACTACNVGGGTWTCTAAT -o /scratch4/workspace/jade_fiorilla_student_uml_edu-rawseqorcc/trimmed-cutadapt/2024_Cont05_Warm04_W45_gut_S134_R1_trim.fastq -p /scratch4/workspace/jade_fiorilla_student_uml_edu-rawseqorcc/trimmed-cutadapt/2024_Cont05_Warm04_W45_gut_S134_R2_trim.fastq /scratch4/workspace/jade_fiorilla_student_uml_edu-rawseqorcc/fastq/2024_Cont05_Warm04_W45_gut_S134_R1_001.fastq.gz /scratch4/workspace/jade_fiorilla_student_uml_edu-rawseqorcc/fastq/2024_Cont05_Warm04_W45_gut_S134_R2_001.fastq.gz
Processing paired-end reads on 4 cores ...

=== Summary ===

Total read pairs processed:          1,337,897
  Read 1 with adapter:               1,136,741 (85.0%)
  Read 2 with adapter:               1,101,861 (82.4%)
Pairs written (passing filters):     1,337,897 (100.0%)

Total basepairs processed:   805,413,994 bp
  Read 1:   402,706,997 bp
  Read 2:   402,706,997 bp
Total written (filtered):    755,309,987 bp (93.8%)
  Read 1:   377,831,935 bp
  Read 2:   377,478,052 bp

=== First read: Adapter 1 ===

Sequence: GTGYCAGCMGCCGCGGTAA; Type: regular 5'; Length: 19; Trimmed: 1136741 times

Minimum overlap: 3
No. of allowed errors:
1-9 bp: 0; 10-19 bp: 1

Overview of removed sequences
length	count	expect	max.err	error counts
3	4404	20904.6	0	4404
4	6	5226.2	0	6
8	3	20.4	0	3
9	8	5.1	0	8
10	2	1.3	1	2
11	6	0.3	1	4 2
12	253	0.1	1	233 20
13	27	0.0	1	15 12
14	17	0.0	1	8 9
15	32	0.0	1	25 7
16	99	0.0	1	79 20
17	68	0.0	1	41 27
18	188	0.0	1	117 71
19	5402	0.0	1	4446 956
20	4703	0.0	1	3829 874
21	22381	0.0	1	16857 5524
22	1096445	0.0	1	999545 96900
23	2596	0.0	1	861 1735
24	16	0.0	1	15 1
25	6	0.0	1	4 2
26	13	0.0	1	13
27	9	0.0	1	9
28	3	0.0	1	3
29	10	0.0	1	10
30	3	0.0	1	3
31	2	0.0	1	2
32	2	0.0	1	1 1
33	1	0.0	1	0 1
34	3	0.0	1	1 2
35	2	0.0	1	1 1
36	6	0.0	1	5 1
37	3	0.0	1	3
38	1	0.0	1	1
39	1	0.0	1	1
40	1	0.0	1	0 1
41	1	0.0	1	1
42	3	0.0	1	3
43	2	0.0	1	0 2
44	2	0.0	1	1 1
45	2	0.0	1	2
47	5	0.0	1	5
48	1	0.0	1	1
49	2	0.0	1	2
52	1	0.0	1	1


=== Second read: Adapter 2 ===

Sequence: GGACTACNVGGGTWTCTAAT; Type: regular 5'; Length: 20; Trimmed: 1101861 times

Minimum overlap: 3
No. of allowed errors:
1-9 bp: 0; 10-19 bp: 1

Overview of removed sequences
length	count	expect	max.err	error counts
3	3809	20904.6	0	3809
5	3	1306.5	0	3
9	2	5.1	0	2
10	1	1.3	1	1
11	4	0.3	1	2 2
12	5	0.1	1	4 1
13	9	0.0	1	4 5
14	33	0.0	1	22 11
15	16	0.0	1	8 8
16	17	0.0	1	6 11
17	43	0.0	1	20 23
18	43	0.0	1	25 18
19	81	0.0	1	50 31
20	2514	0.0	1	2392 122
21	2172	0.0	1	1921 251
22	28251	0.0	1	20787 7464
23	1061671	0.0	1	1027736 33935
24	3093	0.0	1	1041 2052
25	14	0.0	1	12 2
26	4	0.0	1	2 2
27	6	0.0	1	5 1
28	9	0.0	1	9
29	3	0.0	1	3
30	5	0.0	1	5
31	2	0.0	1	2
32	1	0.0	1	1
33	7	0.0	1	5 2
34	8	0.0	1	8
35	2	0.0	1	2
36	3	0.0	1	3
37	4	0.0	1	4
39	5	0.0	1	5
40	1	0.0	1	0 1
41	4	0.0	1	4
42	3	0.0	1	3
44	1	0.0	1	1
45	5	0.0	1	5
47	6	0.0	1	6
53	1	0.0	1	1
Running cutadapt on: 2024_Cont06_Both06_W71_gill_S169
This is cutadapt 5.2 with Python 3.13.15
Command line parameters: -j 4 -g GTGYCAGCMGCCGCGGTAA -G GGACTACNVGGGTWTCTAAT -o /scratch4/workspace/jade_fiorilla_student_uml_edu-rawseqorcc/trimmed-cutadapt/2024_Cont06_Both06_W71_gill_S169_R1_trim.fastq -p /scratch4/workspace/jade_fiorilla_student_uml_edu-rawseqorcc/trimmed-cutadapt/2024_Cont06_Both06_W71_gill_S169_R2_trim.fastq /scratch4/workspace/jade_fiorilla_student_uml_edu-rawseqorcc/fastq/2024_Cont06_Both06_W71_gill_S169_R1_001.fastq.gz /scratch4/workspace/jade_fiorilla_student_uml_edu-rawseqorcc/fastq/2024_Cont06_Both06_W71_gill_S169_R2_001.fastq.gz
Processing paired-end reads on 4 cores ...

=== Summary ===

Total read pairs processed:          2,119,016
  Read 1 with adapter:               1,451,230 (68.5%)
  Read 2 with adapter:                 966,921 (45.6%)
Pairs written (passing filters):     2,119,016 (100.0%)

Total basepairs processed: 1,275,647,632 bp
  Read 1:   637,823,816 bp
  Read 2:   637,823,816 bp
Total written (filtered):  1,226,327,022 bp (96.1%)
  Read 1:   608,803,741 bp
  Read 2:   617,523,281 bp

=== First read: Adapter 1 ===

Sequence: GTGYCAGCMGCCGCGGTAA; Type: regular 5'; Length: 19; Trimmed: 1451230 times

Minimum overlap: 3
No. of allowed errors:
1-9 bp: 0; 10-19 bp: 1

Overview of removed sequences
length	count	expect	max.err	error counts
5	2	2069.4	0	2
9	1	8.1	0	1
10	3	2.0	1	1 2
11	3	0.5	1	2 1
12	78	0.1	1	53 25
13	6	0.0	1	6
14	8	0.0	1	2 6
15	10	0.0	1	3 7
16	63	0.0	1	40 23
17	41	0.0	1	14 27
18	167	0.0	1	57 110
19	10524	0.0	1	5898 4626
20	1434403	0.0	1	888798 545605
21	5782	0.0	1	3239 2543
22	34	0.0	1	23 11
23	4	0.0	1	3 1
24	3	0.0	1	2 1
26	7	0.0	1	1 6
27	3	0.0	1	1 2
28	2	0.0	1	2
29	3	0.0	1	1 2
31	14	0.0	1	5 9
32	7	0.0	1	3 4
33	6	0.0	1	5 1
34	6	0.0	1	2 4
35	9	0.0	1	2 7
36	3	0.0	1	3
37	2	0.0	1	0 2
38	5	0.0	1	3 2
39	4	0.0	1	0 4
40	1	0.0	1	0 1
41	5	0.0	1	2 3
42	1	0.0	1	0 1
43	2	0.0	1	0 2
44	4	0.0	1	1 3
46	3	0.0	1	0 3
48	3	0.0	1	3
49	2	0.0	1	0 2
50	2	0.0	1	2
52	3	0.0	1	0 3
162	1	0.0	1	0 1


=== Second read: Adapter 2 ===

Sequence: GGACTACNVGGGTWTCTAAT; Type: regular 5'; Length: 20; Trimmed: 966921 times

Minimum overlap: 3
No. of allowed errors:
1-9 bp: 0; 10-19 bp: 1

Overview of removed sequences
length	count	expect	max.err	error counts
3	7	33109.6	0	7
10	8	2.0	1	3 5
11	3	0.5	1	1 2
12	6	0.1	1	5 1
13	6	0.0	1	4 2
14	6	0.0	1	1 5
15	6	0.0	1	2 4
16	5	0.0	1	2 3
17	2	0.0	1	2
18	23	0.0	1	17 6
19	76	0.0	1	36 40
20	10360	0.0	1	3675 6685
21	950576	0.0	1	873068 77508
22	5772	0.0	1	2122 3650
23	32	0.0	1	22 10
24	4	0.0	1	4
25	2	0.0	1	2
26	2	0.0	1	2
27	1	0.0	1	1
28	1	0.0	1	0 1
29	2	0.0	1	1 1
30	2	0.0	1	2
32	1	0.0	1	1
33	1	0.0	1	0 1
35	4	0.0	1	4
36	2	0.0	1	2
37	3	0.0	1	3
38	5	0.0	1	2 3
42	1	0.0	1	0 1
45	1	0.0	1	0 1
53	1	0.0	1	0 1
Running cutadapt on: 2024_Cont06_Both06_W71_gut_S170
This is cutadapt 5.2 with Python 3.13.15
Command line parameters: -j 4 -g GTGYCAGCMGCCGCGGTAA -G GGACTACNVGGGTWTCTAAT -o /scratch4/workspace/jade_fiorilla_student_uml_edu-rawseqorcc/trimmed-cutadapt/2024_Cont06_Both06_W71_gut_S170_R1_trim.fastq -p /scratch4/workspace/jade_fiorilla_student_uml_edu-rawseqorcc/trimmed-cutadapt/2024_Cont06_Both06_W71_gut_S170_R2_trim.fastq /scratch4/workspace/jade_fiorilla_student_uml_edu-rawseqorcc/fastq/2024_Cont06_Both06_W71_gut_S170_R1_001.fastq.gz /scratch4/workspace/jade_fiorilla_student_uml_edu-rawseqorcc/fastq/2024_Cont06_Both06_W71_gut_S170_R2_001.fastq.gz
Processing paired-end reads on 4 cores ...

=== Summary ===

Total read pairs processed:          2,008,029
  Read 1 with adapter:               1,349,962 (67.2%)
  Read 2 with adapter:                 882,150 (43.9%)
Pairs written (passing filters):     2,008,029 (100.0%)

Total basepairs processed: 1,208,833,458 bp
  Read 1:   604,416,729 bp
  Read 2:   604,416,729 bp
Total written (filtered):  1,163,309,865 bp (96.2%)
  Read 1:   577,416,434 bp
  Read 2:   585,893,431 bp

=== First read: Adapter 1 ===

Sequence: GTGYCAGCMGCCGCGGTAA; Type: regular 5'; Length: 19; Trimmed: 1349962 times

Minimum overlap: 3
No. of allowed errors:
1-9 bp: 0; 10-19 bp: 1

Overview of removed sequences
length	count	expect	max.err	error counts
3	18	31375.5	0	18
8	1	30.6	0	1
9	6	7.7	0	6
10	1	1.9	1	1
12	68	0.1	1	40 28
13	10	0.0	1	6 4
14	13	0.0	1	0 13
15	16	0.0	1	9 7
16	31	0.0	1	18 13
17	47	0.0	1	19 28
18	139	0.0	1	43 96
19	8602	0.0	1	4800 3802
20	1332839	0.0	1	833414 499425
21	6885	0.0	1	4419 2466
22	1110	0.0	1	609 501
23	22	0.0	1	5 17
24	9	0.0	1	7 2
25	5	0.0	1	2 3
26	2	0.0	1	2
27	4	0.0	1	3 1
28	4	0.0	1	0 4
29	5	0.0	1	1 4
30	2	0.0	1	2
31	7	0.0	1	2 5
32	5	0.0	1	3 2
33	7	0.0	1	1 6
34	3	0.0	1	3
35	60	0.0	1	55 5
36	4	0.0	1	1 3
37	3	0.0	1	3
38	4	0.0	1	3 1
39	15	0.0	1	14 1
40	3	0.0	1	1 2
41	4	0.0	1	3 1
43	1	0.0	1	1
44	3	0.0	1	3
45	2	0.0	1	1 1
46	1	0.0	1	1
60	1	0.0	1	0 1


=== Second read: Adapter 2 ===

Sequence: GGACTACNVGGGTWTCTAAT; Type: regular 5'; Length: 20; Trimmed: 882150 times

Minimum overlap: 3
No. of allowed errors:
1-9 bp: 0; 10-19 bp: 1

Overview of removed sequences
length	count	expect	max.err	error counts
3	21	31375.5	0	21
10	1	1.9	1	0 1
11	4	0.5	1	4
12	1	0.1	1	0 1
13	8	0.0	1	6 2
14	15	0.0	1	6 9
15	2	0.0	1	1 1
16	9	0.0	1	6 3
17	8	0.0	1	4 4
18	20	0.0	1	11 9
19	53	0.0	1	26 27
20	7155	0.0	1	3101 4054
21	869478	0.0	1	813940 55538
22	4949	0.0	1	2706 2243
23	374	0.0	1	331 43
24	12	0.0	1	2 10
25	2	0.0	1	2
27	4	0.0	1	4
28	3	0.0	1	2 1
29	6	0.0	1	6
30	1	0.0	1	1
31	8	0.0	1	8
32	3	0.0	1	1 2
33	4	0.0	1	3 1
35	1	0.0	1	1
36	4	0.0	1	4
42	2	0.0	1	0 2
43	1	0.0	1	1
44	1	0.0	1	0 1
Running cutadapt on: 2024_Cont06_Cont05_W59_gill_S48
This is cutadapt 5.2 with Python 3.13.15
Command line parameters: -j 4 -g GTGYCAGCMGCCGCGGTAA -G GGACTACNVGGGTWTCTAAT -o /scratch4/workspace/jade_fiorilla_student_uml_edu-rawseqorcc/trimmed-cutadapt/2024_Cont06_Cont05_W59_gill_S48_R1_trim.fastq -p /scratch4/workspace/jade_fiorilla_student_uml_edu-rawseqorcc/trimmed-cutadapt/2024_Cont06_Cont05_W59_gill_S48_R2_trim.fastq /scratch4/workspace/jade_fiorilla_student_uml_edu-rawseqorcc/fastq/2024_Cont06_Cont05_W59_gill_S48_R1_001.fastq.gz /scratch4/workspace/jade_fiorilla_student_uml_edu-rawseqorcc/fastq/2024_Cont06_Cont05_W59_gill_S48_R2_001.fastq.gz
Processing paired-end reads on 4 cores ...

=== Summary ===

Total read pairs processed:          1,313,422
  Read 1 with adapter:                 832,714 (63.4%)
  Read 2 with adapter:                 156,359 (11.9%)
Pairs written (passing filters):     1,313,422 (100.0%)

Total basepairs processed:   790,680,044 bp
  Read 1:   395,340,022 bp
  Read 2:   395,340,022 bp
Total written (filtered):    771,707,554 bp (97.6%)
  Read 1:   379,502,671 bp
  Read 2:   392,204,883 bp

=== First read: Adapter 1 ===

Sequence: GTGYCAGCMGCCGCGGTAA; Type: regular 5'; Length: 19; Trimmed: 832714 times

Minimum overlap: 3
No. of allowed errors:
1-9 bp: 0; 10-19 bp: 1

Overview of removed sequences
length	count	expect	max.err	error counts
3	4	20522.2	0	4
9	1	5.0	0	1
12	45	0.1	1	4 41
13	4	0.0	1	1 3
14	4	0.0	1	1 3
15	8	0.0	1	1 7
16	34	0.0	1	10 24
17	48	0.0	1	1 47
18	911	0.0	1	115 796
19	823060	0.0	1	145154 677906
20	3731	0.0	1	2189 1542
21	2356	0.0	1	1535 821
22	2422	0.0	1	1946 476
23	11	0.0	1	5 6
24	6	0.0	1	0 6
25	3	0.0	1	0 3
27	1	0.0	1	0 1
28	1	0.0	1	1
29	4	0.0	1	1 3
30	1	0.0	1	0 1
31	2	0.0	1	0 2
32	3	0.0	1	0 3
33	3	0.0	1	1 2
34	6	0.0	1	0 6
35	2	0.0	1	0 2
36	5	0.0	1	2 3
37	1	0.0	1	1
38	2	0.0	1	0 2
39	1	0.0	1	0 1
40	3	0.0	1	0 3
41	2	0.0	1	0 2
42	2	0.0	1	0 2
43	5	0.0	1	1 4
45	1	0.0	1	0 1
46	2	0.0	1	0 2
47	1	0.0	1	0 1
49	2	0.0	1	0 2
50	7	0.0	1	0 7
51	3	0.0	1	0 3
53	2	0.0	1	0 2
57	2	0.0	1	0 2
121	2	0.0	1	2


=== Second read: Adapter 2 ===

Sequence: GGACTACNVGGGTWTCTAAT; Type: regular 5'; Length: 20; Trimmed: 156359 times

Minimum overlap: 3
No. of allowed errors:
1-9 bp: 0; 10-19 bp: 1

Overview of removed sequences
length	count	expect	max.err	error counts
3	11	20522.2	0	11
10	1	1.3	1	1
11	2	0.3	1	2
14	1	0.0	1	0 1
15	1	0.0	1	0 1
16	1	0.0	1	1
17	2	0.0	1	1 1
18	7	0.0	1	3 4
19	750	0.0	1	104 646
20	151045	0.0	1	144223 6822
21	1980	0.0	1	1233 747
22	725	0.0	1	695 30
23	1824	0.0	1	1733 91
24	7	0.0	1	4 3
34	1	0.0	1	1
35	1	0.0	1	1
Running cutadapt on: 2024_Cont06_Cont05_W59_gut_S49
This is cutadapt 5.2 with Python 3.13.15
Command line parameters: -j 4 -g GTGYCAGCMGCCGCGGTAA -G GGACTACNVGGGTWTCTAAT -o /scratch4/workspace/jade_fiorilla_student_uml_edu-rawseqorcc/trimmed-cutadapt/2024_Cont06_Cont05_W59_gut_S49_R1_trim.fastq -p /scratch4/workspace/jade_fiorilla_student_uml_edu-rawseqorcc/trimmed-cutadapt/2024_Cont06_Cont05_W59_gut_S49_R2_trim.fastq /scratch4/workspace/jade_fiorilla_student_uml_edu-rawseqorcc/fastq/2024_Cont06_Cont05_W59_gut_S49_R1_001.fastq.gz /scratch4/workspace/jade_fiorilla_student_uml_edu-rawseqorcc/fastq/2024_Cont06_Cont05_W59_gut_S49_R2_001.fastq.gz
Processing paired-end reads on 4 cores ...

=== Summary ===

Total read pairs processed:            963,996
  Read 1 with adapter:                 690,191 (71.6%)
  Read 2 with adapter:                 293,655 (30.5%)
Pairs written (passing filters):       963,996 (100.0%)

Total basepairs processed:   580,325,592 bp
  Read 1:   290,162,796 bp
  Read 2:   290,162,796 bp
Total written (filtered):    561,327,169 bp (96.7%)
  Read 1:   277,036,690 bp
  Read 2:   284,290,479 bp

=== First read: Adapter 1 ===

Sequence: GTGYCAGCMGCCGCGGTAA; Type: regular 5'; Length: 19; Trimmed: 690191 times

Minimum overlap: 3
No. of allowed errors:
1-9 bp: 0; 10-19 bp: 1

Overview of removed sequences
length	count	expect	max.err	error counts
3	6	15062.4	0	6
12	51	0.1	1	29 22
13	13	0.0	1	1 12
14	9	0.0	1	1 8
15	12	0.0	1	3 9
16	30	0.0	1	14 16
17	62	0.0	1	17 45
18	1125	0.0	1	160 965
19	681592	0.0	1	278554 403038
20	2428	0.0	1	1247 1181
21	3311	0.0	1	1736 1575
22	1499	0.0	1	1167 332
23	3	0.0	1	1 2
24	1	0.0	1	0 1
25	1	0.0	1	1
26	1	0.0	1	1
27	3	0.0	1	0 3
28	3	0.0	1	2 1
30	2	0.0	1	1 1
31	3	0.0	1	0 3
32	6	0.0	1	0 6
33	2	0.0	1	1 1
34	1	0.0	1	0 1
35	6	0.0	1	1 5
36	1	0.0	1	1
38	1	0.0	1	1
39	1	0.0	1	0 1
40	2	0.0	1	0 2
41	1	0.0	1	1
42	2	0.0	1	0 2
45	2	0.0	1	0 2
46	3	0.0	1	0 3
47	5	0.0	1	0 5
48	1	0.0	1	0 1
51	1	0.0	1	0 1
56	1	0.0	1	0 1


=== Second read: Adapter 2 ===

Sequence: GGACTACNVGGGTWTCTAAT; Type: regular 5'; Length: 20; Trimmed: 293655 times

Minimum overlap: 3
No. of allowed errors:
1-9 bp: 0; 10-19 bp: 1

Overview of removed sequences
length	count	expect	max.err	error counts
3	7	15062.4	0	7
11	1	0.2	1	1
12	3	0.1	1	2 1
13	1	0.0	1	0 1
14	1	0.0	1	1
15	1	0.0	1	1
16	5	0.0	1	2 3
17	6	0.0	1	5 1
18	15	0.0	1	4 11
19	7664	0.0	1	174 7490
20	282346	0.0	1	274753 7593
21	1417	0.0	1	807 610
22	922	0.0	1	842 80
23	1255	0.0	1	1178 77
24	5	0.0	1	4 1
28	1	0.0	1	0 1
30	1	0.0	1	1
32	1	0.0	1	0 1
33	1	0.0	1	1
34	1	0.0	1	1
36	1	0.0	1	1
Running cutadapt on: 2024_Cont06_Hyp03_W36_gill_S63
This is cutadapt 5.2 with Python 3.13.15
Command line parameters: -j 4 -g GTGYCAGCMGCCGCGGTAA -G GGACTACNVGGGTWTCTAAT -o /scratch4/workspace/jade_fiorilla_student_uml_edu-rawseqorcc/trimmed-cutadapt/2024_Cont06_Hyp03_W36_gill_S63_R1_trim.fastq -p /scratch4/workspace/jade_fiorilla_student_uml_edu-rawseqorcc/trimmed-cutadapt/2024_Cont06_Hyp03_W36_gill_S63_R2_trim.fastq /scratch4/workspace/jade_fiorilla_student_uml_edu-rawseqorcc/fastq/2024_Cont06_Hyp03_W36_gill_S63_R1_001.fastq.gz /scratch4/workspace/jade_fiorilla_student_uml_edu-rawseqorcc/fastq/2024_Cont06_Hyp03_W36_gill_S63_R2_001.fastq.gz
Processing paired-end reads on 4 cores ...

=== Summary ===

Total read pairs processed:          1,459,763
  Read 1 with adapter:                 950,789 (65.1%)
  Read 2 with adapter:                 164,103 (11.2%)
Pairs written (passing filters):     1,459,763 (100.0%)

Total basepairs processed:   878,777,326 bp
  Read 1:   439,388,663 bp
  Read 2:   439,388,663 bp
Total written (filtered):    857,398,968 bp (97.6%)
  Read 1:   421,304,499 bp
  Read 2:   436,094,469 bp

=== First read: Adapter 1 ===

Sequence: GTGYCAGCMGCCGCGGTAA; Type: regular 5'; Length: 19; Trimmed: 950789 times

Minimum overlap: 3
No. of allowed errors:
1-9 bp: 0; 10-19 bp: 1

Overview of removed sequences
length	count	expect	max.err	error counts
3	7	22808.8	0	7
4	1	5702.2	0	1
9	3	5.6	0	3
12	73	0.1	1	11 62
14	5	0.0	1	3 2
15	9	0.0	1	0 9
16	29	0.0	1	2 27
17	75	0.0	1	10 65
18	1085	0.0	1	84 1001
19	935991	0.0	1	150942 785049
20	8815	0.0	1	6715 2100
21	2632	0.0	1	1645 987
22	1993	0.0	1	1538 455
23	5	0.0	1	1 4
24	4	0.0	1	0 4
25	4	0.0	1	0 4
26	1	0.0	1	0 1
27	2	0.0	1	0 2
28	2	0.0	1	1 1
29	2	0.0	1	0 2
31	1	0.0	1	0 1
32	3	0.0	1	0 3
33	12	0.0	1	0 12
34	3	0.0	1	0 3
36	6	0.0	1	0 6
37	6	0.0	1	0 6
38	1	0.0	1	0 1
40	4	0.0	1	0 4
41	2	0.0	1	0 2
42	3	0.0	1	0 3
45	1	0.0	1	0 1
48	1	0.0	1	0 1
49	1	0.0	1	0 1
53	2	0.0	1	0 2
54	2	0.0	1	0 2
59	1	0.0	1	0 1
63	2	0.0	1	0 2


=== Second read: Adapter 2 ===

Sequence: GGACTACNVGGGTWTCTAAT; Type: regular 5'; Length: 20; Trimmed: 164103 times

Minimum overlap: 3
No. of allowed errors:
1-9 bp: 0; 10-19 bp: 1

Overview of removed sequences
length	count	expect	max.err	error counts
3	5	22808.8	0	5
12	1	0.1	1	1
16	7	0.0	1	4 3
17	1	0.0	1	1
18	4	0.0	1	3 1
19	710	0.0	1	100 610
20	153351	0.0	1	147890 5461
21	8056	0.0	1	7416 640
22	1022	0.0	1	932 90
23	939	0.0	1	893 46
24	1	0.0	1	0 1
25	1	0.0	1	1
26	2	0.0	1	2
27	1	0.0	1	1
35	1	0.0	1	1
36	1	0.0	1	1
Running cutadapt on: 2024_Cont06_Hyp03_W36_gut_S64
This is cutadapt 5.2 with Python 3.13.15
Command line parameters: -j 4 -g GTGYCAGCMGCCGCGGTAA -G GGACTACNVGGGTWTCTAAT -o /scratch4/workspace/jade_fiorilla_student_uml_edu-rawseqorcc/trimmed-cutadapt/2024_Cont06_Hyp03_W36_gut_S64_R1_trim.fastq -p /scratch4/workspace/jade_fiorilla_student_uml_edu-rawseqorcc/trimmed-cutadapt/2024_Cont06_Hyp03_W36_gut_S64_R2_trim.fastq /scratch4/workspace/jade_fiorilla_student_uml_edu-rawseqorcc/fastq/2024_Cont06_Hyp03_W36_gut_S64_R1_001.fastq.gz /scratch4/workspace/jade_fiorilla_student_uml_edu-rawseqorcc/fastq/2024_Cont06_Hyp03_W36_gut_S64_R2_001.fastq.gz
Processing paired-end reads on 4 cores ...

=== Summary ===

Total read pairs processed:          1,235,922
  Read 1 with adapter:                 938,726 (76.0%)
  Read 2 with adapter:                 423,833 (34.3%)
Pairs written (passing filters):     1,235,922 (100.0%)

Total basepairs processed:   744,025,044 bp
  Read 1:   372,012,522 bp
  Read 2:   372,012,522 bp
Total written (filtered):    717,678,284 bp (96.5%)
  Read 1:   354,155,616 bp
  Read 2:   363,522,668 bp

=== First read: Adapter 1 ===

Sequence: GTGYCAGCMGCCGCGGTAA; Type: regular 5'; Length: 19; Trimmed: 938726 times

Minimum overlap: 3
No. of allowed errors:
1-9 bp: 0; 10-19 bp: 1

Overview of removed sequences
length	count	expect	max.err	error counts
3	2	19311.3	0	2
9	2	4.7	0	2
11	3	0.3	1	3
12	42	0.1	1	21 21
13	4	0.0	1	2 2
14	9	0.0	1	2 7
15	14	0.0	1	7 7
16	37	0.0	1	10 27
17	85	0.0	1	39 46
18	1591	0.0	1	229 1362
19	920686	0.0	1	407292 513394
20	11611	0.0	1	8477 3134
21	2869	0.0	1	1942 927
22	1710	0.0	1	1390 320
23	9	0.0	1	4 5
25	1	0.0	1	1
27	4	0.0	1	2 2
29	3	0.0	1	3
30	2	0.0	1	2
31	1	0.0	1	0 1
33	7	0.0	1	0 7
34	2	0.0	1	0 2
36	7	0.0	1	4 3
37	1	0.0	1	1
38	2	0.0	1	1 1
39	2	0.0	1	2
40	3	0.0	1	1 2
41	9	0.0	1	0 9
46	1	0.0	1	0 1
48	2	0.0	1	0 2
50	1	0.0	1	0 1
51	1	0.0	1	0 1
54	2	0.0	1	0 2
59	1	0.0	1	0 1


=== Second read: Adapter 2 ===

Sequence: GGACTACNVGGGTWTCTAAT; Type: regular 5'; Length: 20; Trimmed: 423833 times

Minimum overlap: 3
No. of allowed errors:
1-9 bp: 0; 10-19 bp: 1

Overview of removed sequences
length	count	expect	max.err	error counts
3	6	19311.3	0	6
4	1	4827.8	0	1
8	1	18.9	0	1
13	1	0.0	1	1
14	9	0.0	1	1 8
15	6	0.0	1	2 4
16	10	0.0	1	2 8
17	7	0.0	1	2 5
18	32	0.0	1	24 8
19	1763	0.0	1	243 1520
20	409391	0.0	1	402665 6726
21	10697	0.0	1	9531 1166
22	1173	0.0	1	1099 74
23	726	0.0	1	693 33
24	3	0.0	1	0 3
25	1	0.0	1	0 1
26	1	0.0	1	0 1
27	1	0.0	1	1
28	1	0.0	1	1
32	2	0.0	1	0 2
40	1	0.0	1	1
Running cutadapt on: 2024_Cont06_Hyp04_W48_gill_S227
This is cutadapt 5.2 with Python 3.13.15
Command line parameters: -j 4 -g GTGYCAGCMGCCGCGGTAA -G GGACTACNVGGGTWTCTAAT -o /scratch4/workspace/jade_fiorilla_student_uml_edu-rawseqorcc/trimmed-cutadapt/2024_Cont06_Hyp04_W48_gill_S227_R1_trim.fastq -p /scratch4/workspace/jade_fiorilla_student_uml_edu-rawseqorcc/trimmed-cutadapt/2024_Cont06_Hyp04_W48_gill_S227_R2_trim.fastq /scratch4/workspace/jade_fiorilla_student_uml_edu-rawseqorcc/fastq/2024_Cont06_Hyp04_W48_gill_S227_R1_001.fastq.gz /scratch4/workspace/jade_fiorilla_student_uml_edu-rawseqorcc/fastq/2024_Cont06_Hyp04_W48_gill_S227_R2_001.fastq.gz
Processing paired-end reads on 4 cores ...

=== Summary ===

Total read pairs processed:            820,625
  Read 1 with adapter:                 695,701 (84.8%)
  Read 2 with adapter:                 634,493 (77.3%)
Pairs written (passing filters):       820,625 (100.0%)

Total basepairs processed:   494,016,250 bp
  Read 1:   247,008,125 bp
  Read 2:   247,008,125 bp
Total written (filtered):    465,453,690 bp (94.2%)
  Read 1:   232,400,574 bp
  Read 2:   233,053,116 bp

=== First read: Adapter 1 ===

Sequence: GTGYCAGCMGCCGCGGTAA; Type: regular 5'; Length: 19; Trimmed: 695701 times

Minimum overlap: 3
No. of allowed errors:
1-9 bp: 0; 10-19 bp: 1

Overview of removed sequences
length	count	expect	max.err	error counts
3	7	12822.3	0	7
11	2	0.2	1	2
12	34	0.0	1	31 3
13	1	0.0	1	1
14	3	0.0	1	3
15	15	0.0	1	5 10
16	13	0.0	1	9 4
17	14	0.0	1	8 6
18	39	0.0	1	26 13
19	576	0.0	1	507 69
20	2597	0.0	1	950 1647
21	690563	0.0	1	573701 116862
22	1772	0.0	1	793 979
23	6	0.0	1	3 3
24	7	0.0	1	6 1
25	10	0.0	1	10
26	8	0.0	1	5 3
27	8	0.0	1	8
28	2	0.0	1	1 1
30	2	0.0	1	2
31	1	0.0	1	1
34	5	0.0	1	3 2
35	1	0.0	1	1
36	4	0.0	1	4
40	3	0.0	1	3
41	1	0.0	1	0 1
47	2	0.0	1	1 1
50	5	0.0	1	0 5


=== Second read: Adapter 2 ===

Sequence: GGACTACNVGGGTWTCTAAT; Type: regular 5'; Length: 20; Trimmed: 634493 times

Minimum overlap: 3
No. of allowed errors:
1-9 bp: 0; 10-19 bp: 1

Overview of removed sequences
length	count	expect	max.err	error counts
3	9	12822.3	0	9
4	2	3205.6	0	2
10	2	0.8	1	1 1
11	4	0.2	1	3 1
12	4	0.0	1	4
13	9	0.0	1	6 3
14	10	0.0	1	4 6
15	10	0.0	1	4 6
16	8	0.0	1	2 6
17	4	0.0	1	2 2
18	29	0.0	1	14 15
19	34	0.0	1	18 16
20	205	0.0	1	170 35
21	4506	0.0	1	1324 3182
22	627940	0.0	1	531659 96281
23	1684	0.0	1	744 940
24	5	0.0	1	2 3
25	2	0.0	1	2
26	4	0.0	1	4
27	7	0.0	1	3 4
29	5	0.0	1	5
32	3	0.0	1	2 1
33	3	0.0	1	3
36	2	0.0	1	2
39	2	0.0	1	2
Running cutadapt on: 2024_Cont06_Hyp04_W48_gut_S152
This is cutadapt 5.2 with Python 3.13.15
Command line parameters: -j 4 -g GTGYCAGCMGCCGCGGTAA -G GGACTACNVGGGTWTCTAAT -o /scratch4/workspace/jade_fiorilla_student_uml_edu-rawseqorcc/trimmed-cutadapt/2024_Cont06_Hyp04_W48_gut_S152_R1_trim.fastq -p /scratch4/workspace/jade_fiorilla_student_uml_edu-rawseqorcc/trimmed-cutadapt/2024_Cont06_Hyp04_W48_gut_S152_R2_trim.fastq /scratch4/workspace/jade_fiorilla_student_uml_edu-rawseqorcc/fastq/2024_Cont06_Hyp04_W48_gut_S152_R1_001.fastq.gz /scratch4/workspace/jade_fiorilla_student_uml_edu-rawseqorcc/fastq/2024_Cont06_Hyp04_W48_gut_S152_R2_001.fastq.gz
Processing paired-end reads on 4 cores ...

=== Summary ===

Total read pairs processed:          1,280,230
  Read 1 with adapter:               1,210,947 (94.6%)
  Read 2 with adapter:               1,159,492 (90.6%)
Pairs written (passing filters):     1,280,230 (100.0%)

Total basepairs processed:   770,698,460 bp
  Read 1:   385,349,230 bp
  Read 2:   385,349,230 bp
Total written (filtered):    719,790,167 bp (93.4%)
  Read 1:   359,937,252 bp
  Read 2:   359,852,915 bp

=== First read: Adapter 1 ===

Sequence: GTGYCAGCMGCCGCGGTAA; Type: regular 5'; Length: 19; Trimmed: 1210947 times

Minimum overlap: 3
No. of allowed errors:
1-9 bp: 0; 10-19 bp: 1

Overview of removed sequences
length	count	expect	max.err	error counts
3	17	20003.6	0	17
8	2	19.5	0	2
9	3	4.9	0	3
10	1	1.2	1	0 1
11	1	0.3	1	1
12	48	0.1	1	40 8
13	7	0.0	1	6 1
14	8	0.0	1	4 4
15	11	0.0	1	3 8
16	24	0.0	1	16 8
17	30	0.0	1	13 17
18	48	0.0	1	26 22
19	4674	0.0	1	3840 834
20	10568	0.0	1	5827 4741
21	1192753	0.0	1	1120011 72742
22	2685	0.0	1	771 1914
23	9	0.0	1	7 2
24	14	0.0	1	14
25	4	0.0	1	3 1
26	4	0.0	1	3 1
27	2	0.0	1	1 1
28	1	0.0	1	1
29	3	0.0	1	1 2
30	3	0.0	1	2 1
32	1	0.0	1	1
33	1	0.0	1	0 1
34	3	0.0	1	0 3
35	1	0.0	1	1
36	4	0.0	1	4
38	4	0.0	1	4
41	3	0.0	1	3
42	1	0.0	1	1
43	2	0.0	1	2
46	3	0.0	1	3
48	1	0.0	1	1
55	2	0.0	1	0 2
61	1	0.0	1	1


=== Second read: Adapter 2 ===

Sequence: GGACTACNVGGGTWTCTAAT; Type: regular 5'; Length: 20; Trimmed: 1159492 times

Minimum overlap: 3
No. of allowed errors:
1-9 bp: 0; 10-19 bp: 1

Overview of removed sequences
length	count	expect	max.err	error counts
3	5	20003.6	0	5
4	2	5000.9	0	2
9	5	4.9	0	5
10	6	1.2	1	5 1
11	7	0.3	1	4 3
12	7	0.1	1	2 5
13	8	0.0	1	7 1
14	15	0.0	1	11 4
15	18	0.0	1	4 14
16	23	0.0	1	10 13
17	27	0.0	1	13 14
18	42	0.0	1	30 12
19	74	0.0	1	51 23
20	2405	0.0	1	2245 160
21	9511	0.0	1	3760 5751
22	1144485	0.0	1	1120027 24458
23	2799	0.0	1	1081 1718
24	5	0.0	1	4 1
25	9	0.0	1	9
26	11	0.0	1	10 1
27	1	0.0	1	1
28	5	0.0	1	4 1
30	5	0.0	1	5
31	4	0.0	1	4
32	1	0.0	1	1
33	3	0.0	1	3
35	1	0.0	1	1
36	1	0.0	1	1
39	1	0.0	1	1
40	2	0.0	1	2
41	1	0.0	1	1
46	2	0.0	1	2
49	1	0.0	1	1
Running cutadapt on: 2024_Cont06_Null_W42_gill_S260
This is cutadapt 5.2 with Python 3.13.15
Command line parameters: -j 4 -g GTGYCAGCMGCCGCGGTAA -G GGACTACNVGGGTWTCTAAT -o /scratch4/workspace/jade_fiorilla_student_uml_edu-rawseqorcc/trimmed-cutadapt/2024_Cont06_Null_W42_gill_S260_R1_trim.fastq -p /scratch4/workspace/jade_fiorilla_student_uml_edu-rawseqorcc/trimmed-cutadapt/2024_Cont06_Null_W42_gill_S260_R2_trim.fastq /scratch4/workspace/jade_fiorilla_student_uml_edu-rawseqorcc/fastq/2024_Cont06_Null_W42_gill_S260_R1_001.fastq.gz /scratch4/workspace/jade_fiorilla_student_uml_edu-rawseqorcc/fastq/2024_Cont06_Null_W42_gill_S260_R2_001.fastq.gz
Processing paired-end reads on 4 cores ...

=== Summary ===

Total read pairs processed:          2,295,041
  Read 1 with adapter:               2,265,072 (98.7%)
  Read 2 with adapter:               2,223,602 (96.9%)
Pairs written (passing filters):     2,295,041 (100.0%)

Total basepairs processed: 1,381,614,682 bp
  Read 1:   690,807,341 bp
  Read 2:   690,807,341 bp
Total written (filtered):  1,294,098,063 bp (93.7%)
  Read 1:   647,762,443 bp
  Read 2:   646,335,620 bp

=== First read: Adapter 1 ===

Sequence: GTGYCAGCMGCCGCGGTAA; Type: regular 5'; Length: 19; Trimmed: 2265072 times

Minimum overlap: 3
No. of allowed errors:
1-9 bp: 0; 10-19 bp: 1

Overview of removed sequences
length	count	expect	max.err	error counts
3	1	35860.0	0	1
9	3	8.8	0	3
11	1	0.5	1	1
12	54	0.1	1	54
13	15	0.0	1	14 1
14	11	0.0	1	3 8
15	9	0.0	1	4 5
16	84	0.0	1	56 28
17	103	0.0	1	79 24
18	5567	0.0	1	924 4643
19	2250330	0.0	1	2188272 62058
20	4384	0.0	1	1067 3317
21	3438	0.0	1	1331 2107
22	1003	0.0	1	878 125
23	7	0.0	1	2 5
24	6	0.0	1	6
25	1	0.0	1	0 1
26	4	0.0	1	4
27	1	0.0	1	1
28	6	0.0	1	6
29	5	0.0	1	5
30	5	0.0	1	4 1
31	5	0.0	1	5
32	1	0.0	1	1
33	6	0.0	1	5 1
34	2	0.0	1	2
35	2	0.0	1	2
39	1	0.0	1	1
41	5	0.0	1	5
42	1	0.0	1	1
43	9	0.0	1	9
44	1	0.0	1	1
46	1	0.0	1	1


=== Second read: Adapter 2 ===

Sequence: GGACTACNVGGGTWTCTAAT; Type: regular 5'; Length: 20; Trimmed: 2223602 times

Minimum overlap: 3
No. of allowed errors:
1-9 bp: 0; 10-19 bp: 1

Overview of removed sequences
length	count	expect	max.err	error counts
3	2	35860.0	0	2
9	4	8.8	0	4
10	3	2.2	1	3
11	8	0.5	1	6 2
12	13	0.1	1	11 2
13	12	0.0	1	8 4
14	30	0.0	1	13 17
15	17	0.0	1	12 5
16	23	0.0	1	10 13
17	26	0.0	1	18 8
18	100	0.0	1	59 41
19	12876	0.0	1	1149 11727
20	2201836	0.0	1	2146379 55457
21	5356	0.0	1	1417 3939
22	2272	0.0	1	2010 262
23	955	0.0	1	907 48
24	11	0.0	1	8 3
25	8	0.0	1	8
26	3	0.0	1	3
27	6	0.0	1	3 3
28	4	0.0	1	3 1
29	4	0.0	1	4
30	2	0.0	1	1 1
31	1	0.0	1	1
33	6	0.0	1	6
34	5	0.0	1	5
35	2	0.0	1	2
36	3	0.0	1	3
37	3	0.0	1	0 3
38	1	0.0	1	1
39	1	0.0	1	1
40	2	0.0	1	2
47	3	0.0	1	3
48	3	0.0	1	0 3
53	1	0.0	1	1
Running cutadapt on: 2024_Cont06_Null_W42_gut_S78
This is cutadapt 5.2 with Python 3.13.15
Command line parameters: -j 4 -g GTGYCAGCMGCCGCGGTAA -G GGACTACNVGGGTWTCTAAT -o /scratch4/workspace/jade_fiorilla_student_uml_edu-rawseqorcc/trimmed-cutadapt/2024_Cont06_Null_W42_gut_S78_R1_trim.fastq -p /scratch4/workspace/jade_fiorilla_student_uml_edu-rawseqorcc/trimmed-cutadapt/2024_Cont06_Null_W42_gut_S78_R2_trim.fastq /scratch4/workspace/jade_fiorilla_student_uml_edu-rawseqorcc/fastq/2024_Cont06_Null_W42_gut_S78_R1_001.fastq.gz /scratch4/workspace/jade_fiorilla_student_uml_edu-rawseqorcc/fastq/2024_Cont06_Null_W42_gut_S78_R2_001.fastq.gz
Processing paired-end reads on 4 cores ...

=== Summary ===

Total read pairs processed:            705,351
  Read 1 with adapter:                 593,060 (84.1%)
  Read 2 with adapter:                 456,081 (64.7%)
Pairs written (passing filters):       705,351 (100.0%)

Total basepairs processed:   424,621,302 bp
  Read 1:   212,310,651 bp
  Read 2:   212,310,651 bp
Total written (filtered):    403,177,206 bp (94.9%)
  Read 1:   200,446,300 bp
  Read 2:   202,730,906 bp

=== First read: Adapter 1 ===

Sequence: GTGYCAGCMGCCGCGGTAA; Type: regular 5'; Length: 19; Trimmed: 593060 times

Minimum overlap: 3
No. of allowed errors:
1-9 bp: 0; 10-19 bp: 1

Overview of removed sequences
length	count	expect	max.err	error counts
3	1	11021.1	0	1
9	2	2.7	0	2
11	1	0.2	1	0 1
12	37	0.0	1	31 6
13	5	0.0	1	1 4
14	7	0.0	1	7
15	8	0.0	1	6 2
16	13	0.0	1	5 8
17	18	0.0	1	6 12
18	68	0.0	1	34 34
19	4655	0.0	1	1841 2814
20	582451	0.0	1	440820 141631
21	3681	0.0	1	2016 1665
22	2066	0.0	1	1814 252
23	4	0.0	1	1 3
25	3	0.0	1	3
26	3	0.0	1	3
27	2	0.0	1	1 1
28	2	0.0	1	2
29	3	0.0	1	3
30	2	0.0	1	2
34	3	0.0	1	3
35	1	0.0	1	0 1
36	2	0.0	1	0 2
37	4	0.0	1	3 1
38	4	0.0	1	1 3
39	3	0.0	1	1 2
41	1	0.0	1	0 1
42	3	0.0	1	2 1
43	1	0.0	1	0 1
45	3	0.0	1	3
46	1	0.0	1	1
55	1	0.0	1	1
62	1	0.0	1	0 1


=== Second read: Adapter 2 ===

Sequence: GGACTACNVGGGTWTCTAAT; Type: regular 5'; Length: 20; Trimmed: 456081 times

Minimum overlap: 3
No. of allowed errors:
1-9 bp: 0; 10-19 bp: 1

Overview of removed sequences
length	count	expect	max.err	error counts
3	10	11021.1	0	10
10	5	0.7	1	4 1
12	3	0.0	1	0 3
14	7	0.0	1	1 6
15	6	0.0	1	2 4
16	5	0.0	1	0 5
17	7	0.0	1	3 4
18	9	0.0	1	2 7
19	39	0.0	1	19 20
20	3093	0.0	1	1149 1944
21	449070	0.0	1	439833 9237
22	2180	0.0	1	1204 976
23	1625	0.0	1	1557 68
24	5	0.0	1	1 4
25	3	0.0	1	3
27	2	0.0	1	2
29	3	0.0	1	2 1
30	2	0.0	1	2
32	1	0.0	1	1
37	1	0.0	1	1
38	1	0.0	1	1
40	1	0.0	1	1
43	2	0.0	1	2
45	1	0.0	1	1
Running cutadapt on: 2024_Cont06_Warm06_W72_gill_S203
This is cutadapt 5.2 with Python 3.13.15
Command line parameters: -j 4 -g GTGYCAGCMGCCGCGGTAA -G GGACTACNVGGGTWTCTAAT -o /scratch4/workspace/jade_fiorilla_student_uml_edu-rawseqorcc/trimmed-cutadapt/2024_Cont06_Warm06_W72_gill_S203_R1_trim.fastq -p /scratch4/workspace/jade_fiorilla_student_uml_edu-rawseqorcc/trimmed-cutadapt/2024_Cont06_Warm06_W72_gill_S203_R2_trim.fastq /scratch4/workspace/jade_fiorilla_student_uml_edu-rawseqorcc/fastq/2024_Cont06_Warm06_W72_gill_S203_R1_001.fastq.gz /scratch4/workspace/jade_fiorilla_student_uml_edu-rawseqorcc/fastq/2024_Cont06_Warm06_W72_gill_S203_R2_001.fastq.gz
Processing paired-end reads on 4 cores ...

=== Summary ===

Total read pairs processed:          1,987,852
  Read 1 with adapter:               1,982,449 (99.7%)
  Read 2 with adapter:               1,970,501 (99.1%)
Pairs written (passing filters):     1,987,852 (100.0%)

Total basepairs processed: 1,196,686,904 bp
  Read 1:   598,343,452 bp
  Read 2:   598,343,452 bp
Total written (filtered):  1,119,600,574 bp (93.6%)
  Read 1:   560,670,171 bp
  Read 2:   558,930,403 bp

=== First read: Adapter 1 ===

Sequence: GTGYCAGCMGCCGCGGTAA; Type: regular 5'; Length: 19; Trimmed: 1982449 times

Minimum overlap: 3
No. of allowed errors:
1-9 bp: 0; 10-19 bp: 1

Overview of removed sequences
length	count	expect	max.err	error counts
3	31	31060.2	0	31
9	2	7.6	0	2
10	1	1.9	1	1
11	1	0.5	1	1
12	42	0.1	1	42
13	10	0.0	1	8 2
14	14	0.0	1	4 10
15	9	0.0	1	8 1
16	48	0.0	1	27 21
17	117	0.0	1	97 20
18	4393	0.0	1	760 3633
19	1971380	0.0	1	1918663 52717
20	3280	0.0	1	558 2722
21	774	0.0	1	656 118
22	2271	0.0	1	1568 703
23	16	0.0	1	7 9
24	9	0.0	1	9
25	5	0.0	1	5
26	1	0.0	1	1
27	3	0.0	1	3
28	6	0.0	1	6
29	2	0.0	1	2
31	4	0.0	1	4
32	2	0.0	1	2
33	2	0.0	1	2
34	1	0.0	1	1
35	4	0.0	1	4
36	1	0.0	1	1
37	3	0.0	1	3
38	8	0.0	1	7 1
40	1	0.0	1	1
43	4	0.0	1	4
46	4	0.0	1	4


=== Second read: Adapter 2 ===

Sequence: GGACTACNVGGGTWTCTAAT; Type: regular 5'; Length: 20; Trimmed: 1970501 times

Minimum overlap: 3
No. of allowed errors:
1-9 bp: 0; 10-19 bp: 1

Overview of removed sequences
length	count	expect	max.err	error counts
3	21	31060.2	0	21
5	1	1941.3	0	1
9	1	7.6	0	1
10	4	1.9	1	4
11	3	0.5	1	2 1
12	7	0.1	1	5 2
13	16	0.0	1	13 3
14	27	0.0	1	9 18
15	14	0.0	1	4 10
16	20	0.0	1	8 12
17	30	0.0	1	17 13
18	76	0.0	1	34 42
19	8068	0.0	1	1078 6990
20	1955137	0.0	1	1928582 26555
21	4604	0.0	1	1154 3450
22	318	0.0	1	273 45
23	2077	0.0	1	1855 222
24	15	0.0	1	4 11
25	1	0.0	1	1
26	6	0.0	1	6
27	3	0.0	1	3
28	8	0.0	1	6 2
29	8	0.0	1	8
30	4	0.0	1	3 1
31	6	0.0	1	4 2
32	4	0.0	1	4
33	1	0.0	1	1
34	5	0.0	1	3 2
35	2	0.0	1	1 1
37	4	0.0	1	3 1
39	6	0.0	1	5 1
40	2	0.0	1	2
41	1	0.0	1	1
50	1	0.0	1	1
Running cutadapt on: 2024_Cont06_Warm06_W72_gut_S11
This is cutadapt 5.2 with Python 3.13.15
Command line parameters: -j 4 -g GTGYCAGCMGCCGCGGTAA -G GGACTACNVGGGTWTCTAAT -o /scratch4/workspace/jade_fiorilla_student_uml_edu-rawseqorcc/trimmed-cutadapt/2024_Cont06_Warm06_W72_gut_S11_R1_trim.fastq -p /scratch4/workspace/jade_fiorilla_student_uml_edu-rawseqorcc/trimmed-cutadapt/2024_Cont06_Warm06_W72_gut_S11_R2_trim.fastq /scratch4/workspace/jade_fiorilla_student_uml_edu-rawseqorcc/fastq/2024_Cont06_Warm06_W72_gut_S11_R1_001.fastq.gz /scratch4/workspace/jade_fiorilla_student_uml_edu-rawseqorcc/fastq/2024_Cont06_Warm06_W72_gut_S11_R2_001.fastq.gz
Processing paired-end reads on 4 cores ...

=== Summary ===

Total read pairs processed:            482,545
  Read 1 with adapter:                 382,921 (79.4%)
  Read 2 with adapter:                 362,404 (75.1%)
Pairs written (passing filters):       482,545 (100.0%)

Total basepairs processed:   290,492,090 bp
  Read 1:   145,246,045 bp
  Read 2:   145,246,045 bp
Total written (filtered):    273,853,710 bp (94.3%)
  Read 1:   136,889,908 bp
  Read 2:   136,963,802 bp

=== First read: Adapter 1 ===

Sequence: GTGYCAGCMGCCGCGGTAA; Type: regular 5'; Length: 19; Trimmed: 382921 times

Minimum overlap: 3
No. of allowed errors:
1-9 bp: 0; 10-19 bp: 1

Overview of removed sequences
length	count	expect	max.err	error counts
3	2293	7539.8	0	2293
4	2	1884.9	0	2
9	2	1.8	0	2
11	1	0.1	1	1
12	59	0.0	1	51 8
13	5	0.0	1	4 1
14	7	0.0	1	2 5
15	3	0.0	1	2 1
16	32	0.0	1	21 11
17	28	0.0	1	13 15
18	69	0.0	1	39 30
19	3744	0.0	1	2002 1742
20	1876	0.0	1	1462 414
21	9319	0.0	1	6716 2603
22	364626	0.0	1	311154 53472
23	824	0.0	1	246 578
24	3	0.0	1	0 3
25	7	0.0	1	5 2
26	1	0.0	1	1
27	4	0.0	1	3 1
29	2	0.0	1	0 2
31	1	0.0	1	1
32	3	0.0	1	2 1
34	1	0.0	1	0 1
35	2	0.0	1	2
36	1	0.0	1	0 1
37	1	0.0	1	1
43	1	0.0	1	1
48	1	0.0	1	1
54	3	0.0	1	3


=== Second read: Adapter 2 ===

Sequence: GGACTACNVGGGTWTCTAAT; Type: regular 5'; Length: 20; Trimmed: 362404 times

Minimum overlap: 3
No. of allowed errors:
1-9 bp: 0; 10-19 bp: 1

Overview of removed sequences
length	count	expect	max.err	error counts
3	1943	7539.8	0	1943
4	1	1884.9	0	1
5	1	471.2	0	1
11	3	0.1	1	2 1
12	1	0.0	1	1
13	1	0.0	1	0 1
14	4	0.0	1	1 3
15	8	0.0	1	6 2
16	2	0.0	1	0 2
17	9	0.0	1	5 4
18	6	0.0	1	5 1
19	29	0.0	1	16 13
20	1114	0.0	1	1027 87
21	872	0.0	1	783 89
22	9710	0.0	1	7369 2341
23	347820	0.0	1	277001 70819
24	864	0.0	1	274 590
25	2	0.0	1	2
26	5	0.0	1	5
27	2	0.0	1	1 1
32	1	0.0	1	0 1
33	1	0.0	1	1
34	1	0.0	1	1
39	1	0.0	1	0 1
43	1	0.0	1	1
47	1	0.0	1	1
57	1	0.0	1	1
Running cutadapt on: 2024_ContNA_Warm05_W52_gill_S153
This is cutadapt 5.2 with Python 3.13.15
Command line parameters: -j 4 -g GTGYCAGCMGCCGCGGTAA -G GGACTACNVGGGTWTCTAAT -o /scratch4/workspace/jade_fiorilla_student_uml_edu-rawseqorcc/trimmed-cutadapt/2024_ContNA_Warm05_W52_gill_S153_R1_trim.fastq -p /scratch4/workspace/jade_fiorilla_student_uml_edu-rawseqorcc/trimmed-cutadapt/2024_ContNA_Warm05_W52_gill_S153_R2_trim.fastq /scratch4/workspace/jade_fiorilla_student_uml_edu-rawseqorcc/fastq/2024_ContNA_Warm05_W52_gill_S153_R1_001.fastq.gz /scratch4/workspace/jade_fiorilla_student_uml_edu-rawseqorcc/fastq/2024_ContNA_Warm05_W52_gill_S153_R2_001.fastq.gz
Processing paired-end reads on 4 cores ...

=== Summary ===

Total read pairs processed:          1,446,888
  Read 1 with adapter:               1,323,337 (91.5%)
  Read 2 with adapter:               1,208,783 (83.5%)
Pairs written (passing filters):     1,446,888 (100.0%)

Total basepairs processed:   871,026,576 bp
  Read 1:   435,513,288 bp
  Read 2:   435,513,288 bp
Total written (filtered):    816,690,672 bp (93.8%)
  Read 1:   407,743,203 bp
  Read 2:   408,947,469 bp

=== First read: Adapter 1 ===

Sequence: GTGYCAGCMGCCGCGGTAA; Type: regular 5'; Length: 19; Trimmed: 1323337 times

Minimum overlap: 3
No. of allowed errors:
1-9 bp: 0; 10-19 bp: 1

Overview of removed sequences
length	count	expect	max.err	error counts
3	7	22607.6	0	7
4	1	5651.9	0	1
9	2	5.5	0	2
11	5	0.3	1	5
12	59	0.1	1	55 4
13	10	0.0	1	8 2
14	2	0.0	1	0 2
15	5	0.0	1	3 2
16	33	0.0	1	24 9
17	19	0.0	1	6 13
18	92	0.0	1	62 30
19	4896	0.0	1	4016 880
20	12349	0.0	1	7697 4652
21	1303199	0.0	1	1151579 151620
22	2557	0.0	1	752 1805
23	21	0.0	1	15 6
24	12	0.0	1	8 4
25	6	0.0	1	2 4
26	5	0.0	1	4 1
27	4	0.0	1	4
28	3	0.0	1	3
29	4	0.0	1	3 1
30	1	0.0	1	1
31	2	0.0	1	2
32	3	0.0	1	0 3
33	5	0.0	1	3 2
34	8	0.0	1	8
35	4	0.0	1	4
36	1	0.0	1	1
37	2	0.0	1	2
38	4	0.0	1	2 2
39	2	0.0	1	2
40	2	0.0	1	2
41	2	0.0	1	2
44	2	0.0	1	1 1
46	6	0.0	1	6
56	2	0.0	1	2


=== Second read: Adapter 2 ===

Sequence: GGACTACNVGGGTWTCTAAT; Type: regular 5'; Length: 20; Trimmed: 1208783 times

Minimum overlap: 3
No. of allowed errors:
1-9 bp: 0; 10-19 bp: 1

Overview of removed sequences
length	count	expect	max.err	error counts
3	7	22607.6	0	7
10	7	1.4	1	7
11	7	0.3	1	5 2
12	12	0.1	1	7 5
13	9	0.0	1	8 1
14	16	0.0	1	8 8
15	14	0.0	1	7 7
16	22	0.0	1	10 12
17	21	0.0	1	13 8
18	37	0.0	1	21 16
19	68	0.0	1	37 31
20	2486	0.0	1	2323 163
21	24570	0.0	1	4315 20255
22	1178435	0.0	1	1157239 21196
23	3015	0.0	1	1129 1886
24	17	0.0	1	12 5
25	2	0.0	1	2
26	9	0.0	1	8 1
27	3	0.0	1	3
28	6	0.0	1	6
29	2	0.0	1	2
33	6	0.0	1	5 1
34	2	0.0	1	1 1
38	2	0.0	1	2
39	2	0.0	1	2
42	2	0.0	1	2
43	1	0.0	1	1
46	3	0.0	1	3
Running cutadapt on: 2024_ContNA_Warm05_W52_gut_S154
This is cutadapt 5.2 with Python 3.13.15
Command line parameters: -j 4 -g GTGYCAGCMGCCGCGGTAA -G GGACTACNVGGGTWTCTAAT -o /scratch4/workspace/jade_fiorilla_student_uml_edu-rawseqorcc/trimmed-cutadapt/2024_ContNA_Warm05_W52_gut_S154_R1_trim.fastq -p /scratch4/workspace/jade_fiorilla_student_uml_edu-rawseqorcc/trimmed-cutadapt/2024_ContNA_Warm05_W52_gut_S154_R2_trim.fastq /scratch4/workspace/jade_fiorilla_student_uml_edu-rawseqorcc/fastq/2024_ContNA_Warm05_W52_gut_S154_R1_001.fastq.gz /scratch4/workspace/jade_fiorilla_student_uml_edu-rawseqorcc/fastq/2024_ContNA_Warm05_W52_gut_S154_R2_001.fastq.gz
Processing paired-end reads on 4 cores ...

=== Summary ===

Total read pairs processed:          1,313,593
  Read 1 with adapter:               1,222,941 (93.1%)
  Read 2 with adapter:               1,143,903 (87.1%)
Pairs written (passing filters):     1,313,593 (100.0%)

Total basepairs processed:   790,782,986 bp
  Read 1:   395,391,493 bp
  Read 2:   395,391,493 bp
Total written (filtered):    739,969,494 bp (93.6%)
  Read 1:   369,724,426 bp
  Read 2:   370,245,068 bp

=== First read: Adapter 1 ===

Sequence: GTGYCAGCMGCCGCGGTAA; Type: regular 5'; Length: 19; Trimmed: 1222941 times

Minimum overlap: 3
No. of allowed errors:
1-9 bp: 0; 10-19 bp: 1

Overview of removed sequences
length	count	expect	max.err	error counts
3	24	20524.9	0	24
8	1	20.0	0	1
10	1	1.3	1	1
11	5	0.3	1	1 4
12	54	0.1	1	45 9
13	12	0.0	1	7 5
14	3	0.0	1	1 2
15	9	0.0	1	1 8
16	34	0.0	1	25 9
17	23	0.0	1	13 10
18	67	0.0	1	35 32
19	3636	0.0	1	3229 407
20	10001	0.0	1	5662 4339
21	1205798	0.0	1	1099405 106393
22	3178	0.0	1	1257 1921
23	12	0.0	1	8 4
24	7	0.0	1	7
25	7	0.0	1	6 1
26	7	0.0	1	5 2
27	1	0.0	1	1
28	4	0.0	1	4
29	2	0.0	1	0 2
30	2	0.0	1	2
31	4	0.0	1	4
32	5	0.0	1	5
33	10	0.0	1	9 1
35	6	0.0	1	1 5
37	2	0.0	1	2
38	4	0.0	1	2 2
39	2	0.0	1	2
40	6	0.0	1	6
41	6	0.0	1	0 6
42	4	0.0	1	4
44	2	0.0	1	2
47	2	0.0	1	2


=== Second read: Adapter 2 ===

Sequence: GGACTACNVGGGTWTCTAAT; Type: regular 5'; Length: 20; Trimmed: 1143903 times

Minimum overlap: 3
No. of allowed errors:
1-9 bp: 0; 10-19 bp: 1

Overview of removed sequences
length	count	expect	max.err	error counts
3	14	20524.9	0	14
4	1	5131.2	0	1
9	1	5.0	0	1
10	2	1.3	1	2
11	9	0.3	1	4 5
12	15	0.1	1	2 13
13	12	0.0	1	9 3
14	14	0.0	1	5 9
15	22	0.0	1	16 6
16	17	0.0	1	11 6
17	41	0.0	1	20 21
18	58	0.0	1	45 13
19	81	0.0	1	49 32
20	2143	0.0	1	2013 130
21	17103	0.0	1	3216 13887
22	1121156	0.0	1	1102488 18668
23	3144	0.0	1	1207 1937
24	23	0.0	1	4 19
25	6	0.0	1	6
26	2	0.0	1	2
27	5	0.0	1	5
28	5	0.0	1	5
30	3	0.0	1	3
31	2	0.0	1	2
32	4	0.0	1	4
33	3	0.0	1	1 2
35	4	0.0	1	1 3
36	2	0.0	1	2
37	1	0.0	1	1
39	3	0.0	1	3
41	1	0.0	1	1
42	3	0.0	1	3
43	3	0.0	1	3
Running cutadapt on: 2024_Hyp01_Both02_B13_gill_S32
This is cutadapt 5.2 with Python 3.13.15
Command line parameters: -j 4 -g GTGYCAGCMGCCGCGGTAA -G GGACTACNVGGGTWTCTAAT -o /scratch4/workspace/jade_fiorilla_student_uml_edu-rawseqorcc/trimmed-cutadapt/2024_Hyp01_Both02_B13_gill_S32_R1_trim.fastq -p /scratch4/workspace/jade_fiorilla_student_uml_edu-rawseqorcc/trimmed-cutadapt/2024_Hyp01_Both02_B13_gill_S32_R2_trim.fastq /scratch4/workspace/jade_fiorilla_student_uml_edu-rawseqorcc/fastq/2024_Hyp01_Both02_B13_gill_S32_R1_001.fastq.gz /scratch4/workspace/jade_fiorilla_student_uml_edu-rawseqorcc/fastq/2024_Hyp01_Both02_B13_gill_S32_R2_001.fastq.gz
Processing paired-end reads on 4 cores ...

=== Summary ===

Total read pairs processed:          1,010,054
  Read 1 with adapter:                 731,169 (72.4%)
  Read 2 with adapter:                 524,416 (51.9%)
Pairs written (passing filters):     1,010,054 (100.0%)

Total basepairs processed:   608,052,508 bp
  Read 1:   304,026,254 bp
  Read 2:   304,026,254 bp
Total written (filtered):    582,415,436 bp (95.8%)
  Read 1:   289,401,497 bp
  Read 2:   293,013,939 bp

=== First read: Adapter 1 ===

Sequence: GTGYCAGCMGCCGCGGTAA; Type: regular 5'; Length: 19; Trimmed: 731169 times

Minimum overlap: 3
No. of allowed errors:
1-9 bp: 0; 10-19 bp: 1

Overview of removed sequences
length	count	expect	max.err	error counts
3	7	15782.1	0	7
9	5	3.9	0	5
11	1	0.2	1	0 1
12	25	0.1	1	20 5
13	5	0.0	1	3 2
14	8	0.0	1	6 2
15	3	0.0	1	1 2
16	24	0.0	1	10 14
17	19	0.0	1	5 14
18	92	0.0	1	36 56
19	4749	0.0	1	1736 3013
20	721131	0.0	1	457313 263818
21	3733	0.0	1	1944 1789
22	1324	0.0	1	1032 292
23	2	0.0	1	2
24	2	0.0	1	1 1
25	2	0.0	1	1 1
26	11	0.0	1	2 9
28	1	0.0	1	0 1
29	1	0.0	1	1
32	1	0.0	1	1
33	6	0.0	1	0 6
34	1	0.0	1	0 1
35	2	0.0	1	1 1
36	1	0.0	1	1
37	2	0.0	1	0 2
39	2	0.0	1	0 2
41	1	0.0	1	0 1
42	1	0.0	1	1
45	4	0.0	1	2 2
49	1	0.0	1	0 1
51	2	0.0	1	0 2


=== Second read: Adapter 2 ===

Sequence: GGACTACNVGGGTWTCTAAT; Type: regular 5'; Length: 20; Trimmed: 524416 times

Minimum overlap: 3
No. of allowed errors:
1-9 bp: 0; 10-19 bp: 1

Overview of removed sequences
length	count	expect	max.err	error counts
3	12	15782.1	0	12
10	3	1.0	1	1 2
11	2	0.2	1	1 1
12	2	0.1	1	2
13	3	0.0	1	3
14	4	0.0	1	1 3
15	2	0.0	1	2
16	5	0.0	1	3 2
17	9	0.0	1	4 5
18	14	0.0	1	9 5
19	36	0.0	1	19 17
20	3435	0.0	1	1040 2395
21	518143	0.0	1	503256 14887
22	2287	0.0	1	1202 1085
23	424	0.0	1	400 24
24	3	0.0	1	3
25	5	0.0	1	5
26	3	0.0	1	3
27	1	0.0	1	1
28	1	0.0	1	1
30	1	0.0	1	1
31	1	0.0	1	1
32	1	0.0	1	1
33	4	0.0	1	0 4
35	2	0.0	1	0 2
36	3	0.0	1	3
38	1	0.0	1	0 1
39	2	0.0	1	2
40	3	0.0	1	3
41	1	0.0	1	1
43	2	0.0	1	2
44	1	0.0	1	1
Running cutadapt on: 2024_Hyp01_Both02_B13_gut_S276
This is cutadapt 5.2 with Python 3.13.15
Command line parameters: -j 4 -g GTGYCAGCMGCCGCGGTAA -G GGACTACNVGGGTWTCTAAT -o /scratch4/workspace/jade_fiorilla_student_uml_edu-rawseqorcc/trimmed-cutadapt/2024_Hyp01_Both02_B13_gut_S276_R1_trim.fastq -p /scratch4/workspace/jade_fiorilla_student_uml_edu-rawseqorcc/trimmed-cutadapt/2024_Hyp01_Both02_B13_gut_S276_R2_trim.fastq /scratch4/workspace/jade_fiorilla_student_uml_edu-rawseqorcc/fastq/2024_Hyp01_Both02_B13_gut_S276_R1_001.fastq.gz /scratch4/workspace/jade_fiorilla_student_uml_edu-rawseqorcc/fastq/2024_Hyp01_Both02_B13_gut_S276_R2_001.fastq.gz
Processing paired-end reads on 4 cores ...

=== Summary ===

Total read pairs processed:            849,270
  Read 1 with adapter:                 728,673 (85.8%)
  Read 2 with adapter:                 593,759 (69.9%)
Pairs written (passing filters):       849,270 (100.0%)

Total basepairs processed:   511,260,540 bp
  Read 1:   255,630,270 bp
  Read 2:   255,630,270 bp
Total written (filtered):    484,217,185 bp (94.7%)
  Read 1:   241,055,846 bp
  Read 2:   243,161,339 bp

=== First read: Adapter 1 ===

Sequence: GTGYCAGCMGCCGCGGTAA; Type: regular 5'; Length: 19; Trimmed: 728673 times

Minimum overlap: 3
No. of allowed errors:
1-9 bp: 0; 10-19 bp: 1

Overview of removed sequences
length	count	expect	max.err	error counts
3	5	13269.8	0	5
9	2	3.2	0	2
12	36	0.1	1	30 6
13	10	0.0	1	9 1
14	14	0.0	1	6 8
15	9	0.0	1	2 7
16	23	0.0	1	11 12
17	9	0.0	1	5 4
18	82	0.0	1	36 46
19	3027	0.0	1	1230 1797
20	721815	0.0	1	568456 153359
21	2972	0.0	1	1588 1384
22	616	0.0	1	511 105
23	3	0.0	1	0 3
24	5	0.0	1	1 4
25	2	0.0	1	2
26	1	0.0	1	1
27	4	0.0	1	3 1
28	3	0.0	1	2 1
29	3	0.0	1	2 1
31	4	0.0	1	1 3
33	2	0.0	1	1 1
35	11	0.0	1	3 8
36	4	0.0	1	4
37	1	0.0	1	1
38	3	0.0	1	3
42	1	0.0	1	1
43	3	0.0	1	3
45	1	0.0	1	1
47	2	0.0	1	2


=== Second read: Adapter 2 ===

Sequence: GGACTACNVGGGTWTCTAAT; Type: regular 5'; Length: 20; Trimmed: 593759 times

Minimum overlap: 3
No. of allowed errors:
1-9 bp: 0; 10-19 bp: 1

Overview of removed sequences
length	count	expect	max.err	error counts
3	6	13269.8	0	6
10	1	0.8	1	1
11	4	0.2	1	4
12	1	0.1	1	1
13	9	0.0	1	8 1
14	8	0.0	1	3 5
15	3	0.0	1	1 2
16	7	0.0	1	1 6
17	9	0.0	1	8 1
18	21	0.0	1	16 5
19	40	0.0	1	25 15
20	3338	0.0	1	1022 2316
21	586987	0.0	1	576417 10570
22	3036	0.0	1	1894 1142
23	256	0.0	1	228 28
24	6	0.0	1	5 1
25	1	0.0	1	1
26	6	0.0	1	5 1
27	1	0.0	1	1
29	5	0.0	1	4 1
32	5	0.0	1	5
33	2	0.0	1	2
37	1	0.0	1	1
38	3	0.0	1	3
40	1	0.0	1	1
41	1	0.0	1	1
48	1	0.0	1	0 1
Running cutadapt on: 2024_Hyp01_Both06_B61_gill_S204
This is cutadapt 5.2 with Python 3.13.15
Command line parameters: -j 4 -g GTGYCAGCMGCCGCGGTAA -G GGACTACNVGGGTWTCTAAT -o /scratch4/workspace/jade_fiorilla_student_uml_edu-rawseqorcc/trimmed-cutadapt/2024_Hyp01_Both06_B61_gill_S204_R1_trim.fastq -p /scratch4/workspace/jade_fiorilla_student_uml_edu-rawseqorcc/trimmed-cutadapt/2024_Hyp01_Both06_B61_gill_S204_R2_trim.fastq /scratch4/workspace/jade_fiorilla_student_uml_edu-rawseqorcc/fastq/2024_Hyp01_Both06_B61_gill_S204_R1_001.fastq.gz /scratch4/workspace/jade_fiorilla_student_uml_edu-rawseqorcc/fastq/2024_Hyp01_Both06_B61_gill_S204_R2_001.fastq.gz
Processing paired-end reads on 4 cores ...

=== Summary ===

Total read pairs processed:          1,958,578
  Read 1 with adapter:               1,855,015 (94.7%)
  Read 2 with adapter:               1,774,244 (90.6%)
Pairs written (passing filters):     1,958,578 (100.0%)

Total basepairs processed: 1,179,063,956 bp
  Read 1:   589,531,978 bp
  Read 2:   589,531,978 bp
Total written (filtered):  1,108,324,168 bp (94.0%)
  Read 1:   554,279,419 bp
  Read 2:   554,044,749 bp

=== First read: Adapter 1 ===

Sequence: GTGYCAGCMGCCGCGGTAA; Type: regular 5'; Length: 19; Trimmed: 1855015 times

Minimum overlap: 3
No. of allowed errors:
1-9 bp: 0; 10-19 bp: 1

Overview of removed sequences
length	count	expect	max.err	error counts
3	31	30602.8	0	31
9	1	7.5	0	1
11	1	0.5	1	1
12	33	0.1	1	32 1
13	10	0.0	1	9 1
14	5	0.0	1	1 4
15	5	0.0	1	4 1
16	74	0.0	1	50 24
17	84	0.0	1	61 23
18	4300	0.0	1	675 3625
19	1843599	0.0	1	1733870 109729
20	4087	0.0	1	1270 2817
21	296	0.0	1	266 30
22	2413	0.0	1	1643 770
23	7	0.0	1	2 5
24	7	0.0	1	6 1
25	7	0.0	1	7
26	4	0.0	1	4
27	2	0.0	1	2
28	7	0.0	1	7
29	2	0.0	1	2
30	2	0.0	1	0 2
31	6	0.0	1	6
32	3	0.0	1	3
33	3	0.0	1	1 2
34	6	0.0	1	6
36	7	0.0	1	4 3
37	2	0.0	1	1 1
38	2	0.0	1	2
40	2	0.0	1	2
41	1	0.0	1	1
42	4	0.0	1	3 1
44	2	0.0	1	2


=== Second read: Adapter 2 ===

Sequence: GGACTACNVGGGTWTCTAAT; Type: regular 5'; Length: 20; Trimmed: 1774244 times

Minimum overlap: 3
No. of allowed errors:
1-9 bp: 0; 10-19 bp: 1

Overview of removed sequences
length	count	expect	max.err	error counts
3	39	30602.8	0	39
9	1	7.5	0	1
10	4	1.9	1	3 1
11	1	0.5	1	1
12	2	0.1	1	2
13	14	0.0	1	9 5
14	17	0.0	1	7 10
15	8	0.0	1	5 3
16	21	0.0	1	8 13
17	29	0.0	1	17 12
18	61	0.0	1	38 23
19	7108	0.0	1	905 6203
20	1760577	0.0	1	1691274 69303
21	4343	0.0	1	1235 3108
22	161	0.0	1	134 27
23	1785	0.0	1	1650 135
24	16	0.0	1	6 10
25	8	0.0	1	4 4
26	2	0.0	1	2
27	9	0.0	1	9
28	8	0.0	1	5 3
29	2	0.0	1	2
30	4	0.0	1	4
31	6	0.0	1	3 3
33	1	0.0	1	1
34	1	0.0	1	1
35	5	0.0	1	5
36	1	0.0	1	1
38	2	0.0	1	2
40	3	0.0	1	3
42	1	0.0	1	1
44	1	0.0	1	1
46	2	0.0	1	1 1
50	1	0.0	1	1
Running cutadapt on: 2024_Hyp01_Both06_B61_gut_S12
This is cutadapt 5.2 with Python 3.13.15
Command line parameters: -j 4 -g GTGYCAGCMGCCGCGGTAA -G GGACTACNVGGGTWTCTAAT -o /scratch4/workspace/jade_fiorilla_student_uml_edu-rawseqorcc/trimmed-cutadapt/2024_Hyp01_Both06_B61_gut_S12_R1_trim.fastq -p /scratch4/workspace/jade_fiorilla_student_uml_edu-rawseqorcc/trimmed-cutadapt/2024_Hyp01_Both06_B61_gut_S12_R2_trim.fastq /scratch4/workspace/jade_fiorilla_student_uml_edu-rawseqorcc/fastq/2024_Hyp01_Both06_B61_gut_S12_R1_001.fastq.gz /scratch4/workspace/jade_fiorilla_student_uml_edu-rawseqorcc/fastq/2024_Hyp01_Both06_B61_gut_S12_R2_001.fastq.gz
Processing paired-end reads on 4 cores ...

=== Summary ===

Total read pairs processed:            615,615
  Read 1 with adapter:                 532,848 (86.6%)
  Read 2 with adapter:                 466,676 (75.8%)
Pairs written (passing filters):       615,615 (100.0%)

Total basepairs processed:   370,600,230 bp
  Read 1:   185,300,115 bp
  Read 2:   185,300,115 bp
Total written (filtered):    349,150,519 bp (94.2%)
  Read 1:   174,115,490 bp
  Read 2:   175,035,029 bp

=== First read: Adapter 1 ===

Sequence: GTGYCAGCMGCCGCGGTAA; Type: regular 5'; Length: 19; Trimmed: 532848 times

Minimum overlap: 3
No. of allowed errors:
1-9 bp: 0; 10-19 bp: 1

Overview of removed sequences
length	count	expect	max.err	error counts
3	18	9619.0	0	18
9	3	2.3	0	3
12	22	0.0	1	16 6
13	4	0.0	1	3 1
14	3	0.0	1	2 1
15	14	0.0	1	5 9
16	17	0.0	1	14 3
17	12	0.0	1	5 7
18	30	0.0	1	12 18
19	1904	0.0	1	797 1107
20	4255	0.0	1	2605 1650
21	523160	0.0	1	440964 82196
22	3364	0.0	1	2289 1075
23	5	0.0	1	2 3
24	3	0.0	1	3
25	5	0.0	1	3 2
27	2	0.0	1	1 1
28	4	0.0	1	2 2
30	5	0.0	1	5
31	2	0.0	1	2
32	3	0.0	1	3
34	1	0.0	1	1
35	3	0.0	1	3
36	1	0.0	1	1
37	1	0.0	1	1
38	1	0.0	1	1
39	1	0.0	1	1
40	1	0.0	1	0 1
41	1	0.0	1	0 1
45	1	0.0	1	0 1
55	1	0.0	1	0 1
60	1	0.0	1	1


=== Second read: Adapter 2 ===

Sequence: GGACTACNVGGGTWTCTAAT; Type: regular 5'; Length: 20; Trimmed: 466676 times

Minimum overlap: 3
No. of allowed errors:
1-9 bp: 0; 10-19 bp: 1

Overview of removed sequences
length	count	expect	max.err	error counts
3	16	9619.0	0	16
10	1	0.6	1	1
11	5	0.1	1	4 1
12	6	0.0	1	6
13	7	0.0	1	6 1
14	9	0.0	1	6 3
15	5	0.0	1	1 4
16	10	0.0	1	2 8
17	11	0.0	1	8 3
18	16	0.0	1	11 5
19	46	0.0	1	36 10
20	413	0.0	1	352 61
21	4312	0.0	1	1542 2770
22	457827	0.0	1	446828 10999
23	3956	0.0	1	3000 956
24	14	0.0	1	6 8
25	1	0.0	1	1
26	1	0.0	1	1
27	3	0.0	1	3
29	2	0.0	1	2
33	1	0.0	1	0 1
34	5	0.0	1	5
36	1	0.0	1	1
38	1	0.0	1	1
39	2	0.0	1	1 1
41	1	0.0	1	1
44	1	0.0	1	1
46	1	0.0	1	1
47	2	0.0	1	2
Running cutadapt on: 2024_Hyp01_Cont06_B62_gill_S171
This is cutadapt 5.2 with Python 3.13.15
Command line parameters: -j 4 -g GTGYCAGCMGCCGCGGTAA -G GGACTACNVGGGTWTCTAAT -o /scratch4/workspace/jade_fiorilla_student_uml_edu-rawseqorcc/trimmed-cutadapt/2024_Hyp01_Cont06_B62_gill_S171_R1_trim.fastq -p /scratch4/workspace/jade_fiorilla_student_uml_edu-rawseqorcc/trimmed-cutadapt/2024_Hyp01_Cont06_B62_gill_S171_R2_trim.fastq /scratch4/workspace/jade_fiorilla_student_uml_edu-rawseqorcc/fastq/2024_Hyp01_Cont06_B62_gill_S171_R1_001.fastq.gz /scratch4/workspace/jade_fiorilla_student_uml_edu-rawseqorcc/fastq/2024_Hyp01_Cont06_B62_gill_S171_R2_001.fastq.gz
Processing paired-end reads on 4 cores ...

=== Summary ===

Total read pairs processed:          1,449,494
  Read 1 with adapter:               1,130,945 (78.0%)
  Read 2 with adapter:                 868,290 (59.9%)
Pairs written (passing filters):     1,449,494 (100.0%)

Total basepairs processed:   872,595,388 bp
  Read 1:   436,297,694 bp
  Read 2:   436,297,694 bp
Total written (filtered):    831,744,732 bp (95.3%)
  Read 1:   413,679,298 bp
  Read 2:   418,065,434 bp

=== First read: Adapter 1 ===

Sequence: GTGYCAGCMGCCGCGGTAA; Type: regular 5'; Length: 19; Trimmed: 1130945 times

Minimum overlap: 3
No. of allowed errors:
1-9 bp: 0; 10-19 bp: 1

Overview of removed sequences
length	count	expect	max.err	error counts
12	56	0.1	1	43 13
13	4	0.0	1	2 2
14	8	0.0	1	2 6
15	13	0.0	1	5 8
16	24	0.0	1	10 14
17	39	0.0	1	20 19
18	139	0.0	1	61 78
19	9641	0.0	1	5315 4326
20	1112898	0.0	1	805879 307019
21	6919	0.0	1	4545 2374
22	1124	0.0	1	1032 92
23	11	0.0	1	6 5
25	1	0.0	1	1
26	3	0.0	1	2 1
27	4	0.0	1	4
28	3	0.0	1	1 2
29	1	0.0	1	1
30	6	0.0	1	5 1
31	2	0.0	1	0 2
32	8	0.0	1	4 4
33	4	0.0	1	2 2
34	8	0.0	1	0 8
35	3	0.0	1	1 2
36	3	0.0	1	2 1
37	7	0.0	1	7
38	6	0.0	1	3 3
41	1	0.0	1	1
42	1	0.0	1	0 1
43	1	0.0	1	0 1
44	2	0.0	1	2
47	1	0.0	1	0 1
49	2	0.0	1	0 2
50	1	0.0	1	1
62	1	0.0	1	0 1


=== Second read: Adapter 2 ===

Sequence: GGACTACNVGGGTWTCTAAT; Type: regular 5'; Length: 20; Trimmed: 868290 times

Minimum overlap: 3
No. of allowed errors:
1-9 bp: 0; 10-19 bp: 1

Overview of removed sequences
length	count	expect	max.err	error counts
3	8	22648.3	0	8
9	2	5.5	0	2
10	3	1.4	1	3
11	9	0.3	1	8 1
12	3	0.1	1	3
13	4	0.0	1	3 1
14	10	0.0	1	7 3
15	11	0.0	1	9 2
16	15	0.0	1	1 14
17	6	0.0	1	3 3
18	21	0.0	1	11 10
19	71	0.0	1	35 36
20	7462	0.0	1	3765 3697
21	855156	0.0	1	808237 46919
22	4978	0.0	1	2932 2046
23	488	0.0	1	467 21
24	9	0.0	1	8 1
26	2	0.0	1	2
27	5	0.0	1	5
28	2	0.0	1	2
29	1	0.0	1	0 1
30	4	0.0	1	4
31	4	0.0	1	4
32	4	0.0	1	4
36	1	0.0	1	1
37	1	0.0	1	1
38	1	0.0	1	1
40	3	0.0	1	3
42	2	0.0	1	2
46	1	0.0	1	1
50	3	0.0	1	3
Running cutadapt on: 2024_Hyp01_Cont06_B62_gut_S172
This is cutadapt 5.2 with Python 3.13.15
Command line parameters: -j 4 -g GTGYCAGCMGCCGCGGTAA -G GGACTACNVGGGTWTCTAAT -o /scratch4/workspace/jade_fiorilla_student_uml_edu-rawseqorcc/trimmed-cutadapt/2024_Hyp01_Cont06_B62_gut_S172_R1_trim.fastq -p /scratch4/workspace/jade_fiorilla_student_uml_edu-rawseqorcc/trimmed-cutadapt/2024_Hyp01_Cont06_B62_gut_S172_R2_trim.fastq /scratch4/workspace/jade_fiorilla_student_uml_edu-rawseqorcc/fastq/2024_Hyp01_Cont06_B62_gut_S172_R1_001.fastq.gz /scratch4/workspace/jade_fiorilla_student_uml_edu-rawseqorcc/fastq/2024_Hyp01_Cont06_B62_gut_S172_R2_001.fastq.gz
Processing paired-end reads on 4 cores ...

=== Summary ===

Total read pairs processed:          1,407,875
  Read 1 with adapter:               1,337,868 (95.0%)
  Read 2 with adapter:               1,288,629 (91.5%)
Pairs written (passing filters):     1,407,875 (100.0%)

Total basepairs processed:   847,540,750 bp
  Read 1:   423,770,375 bp
  Read 2:   423,770,375 bp
Total written (filtered):    793,725,797 bp (93.7%)
  Read 1:   397,014,021 bp
  Read 2:   396,711,776 bp

=== First read: Adapter 1 ===

Sequence: GTGYCAGCMGCCGCGGTAA; Type: regular 5'; Length: 19; Trimmed: 1337868 times

Minimum overlap: 3
No. of allowed errors:
1-9 bp: 0; 10-19 bp: 1

Overview of removed sequences
length	count	expect	max.err	error counts
3	4	21998.0	0	4
9	12	5.4	0	12
10	6	1.3	1	3 3
11	1	0.3	1	1
12	61	0.1	1	55 6
13	14	0.0	1	10 4
14	8	0.0	1	6 2
15	21	0.0	1	7 14
16	34	0.0	1	24 10
17	35	0.0	1	12 23
18	167	0.0	1	85 82
19	10922	0.0	1	6107 4815
20	1317371	0.0	1	1238909 78462
21	7876	0.0	1	4933 2943
22	1238	0.0	1	992 246
23	14	0.0	1	8 6
24	5	0.0	1	4 1
25	7	0.0	1	5 2
26	6	0.0	1	6
27	4	0.0	1	3 1
28	3	0.0	1	3
29	4	0.0	1	4
30	4	0.0	1	4
31	2	0.0	1	2
32	5	0.0	1	4 1
33	8	0.0	1	6 2
34	4	0.0	1	4
35	7	0.0	1	7
36	8	0.0	1	8
37	1	0.0	1	1
38	3	0.0	1	3
40	2	0.0	1	2
41	1	0.0	1	1
43	3	0.0	1	3
47	3	0.0	1	3
48	1	0.0	1	0 1
49	1	0.0	1	1
56	2	0.0	1	1 1


=== Second read: Adapter 2 ===

Sequence: GGACTACNVGGGTWTCTAAT; Type: regular 5'; Length: 20; Trimmed: 1288629 times

Minimum overlap: 3
No. of allowed errors:
1-9 bp: 0; 10-19 bp: 1

Overview of removed sequences
length	count	expect	max.err	error counts
3	4	21998.0	0	4
10	1	1.3	1	0 1
11	5	0.3	1	2 3
12	1	0.1	1	1
13	13	0.0	1	12 1
14	14	0.0	1	4 10
15	4	0.0	1	1 3
16	6	0.0	1	3 3
17	13	0.0	1	5 8
18	28	0.0	1	19 9
19	128	0.0	1	54 74
20	9006	0.0	1	3973 5033
21	1273058	0.0	1	1239640 33418
22	5819	0.0	1	3132 2687
23	483	0.0	1	391 92
24	8	0.0	1	4 4
25	4	0.0	1	3 1
26	3	0.0	1	3
27	7	0.0	1	5 2
28	4	0.0	1	3 1
29	4	0.0	1	4
30	4	0.0	1	4
34	4	0.0	1	4
35	2	0.0	1	2
37	2	0.0	1	2
40	1	0.0	1	1
46	1	0.0	1	1
47	2	0.0	1	2
Running cutadapt on: 2024_Hyp01_Null_B08_gill_S261
This is cutadapt 5.2 with Python 3.13.15
Command line parameters: -j 4 -g GTGYCAGCMGCCGCGGTAA -G GGACTACNVGGGTWTCTAAT -o /scratch4/workspace/jade_fiorilla_student_uml_edu-rawseqorcc/trimmed-cutadapt/2024_Hyp01_Null_B08_gill_S261_R1_trim.fastq -p /scratch4/workspace/jade_fiorilla_student_uml_edu-rawseqorcc/trimmed-cutadapt/2024_Hyp01_Null_B08_gill_S261_R2_trim.fastq /scratch4/workspace/jade_fiorilla_student_uml_edu-rawseqorcc/fastq/2024_Hyp01_Null_B08_gill_S261_R1_001.fastq.gz /scratch4/workspace/jade_fiorilla_student_uml_edu-rawseqorcc/fastq/2024_Hyp01_Null_B08_gill_S261_R2_001.fastq.gz
Processing paired-end reads on 4 cores ...

=== Summary ===

Total read pairs processed:            862,841
  Read 1 with adapter:                 787,124 (91.2%)
  Read 2 with adapter:                 789,655 (91.5%)
Pairs written (passing filters):       862,841 (100.0%)

Total basepairs processed:   519,430,282 bp
  Read 1:   259,715,141 bp
  Read 2:   259,715,141 bp
Total written (filtered):    485,536,613 bp (93.5%)
  Read 1:   243,188,795 bp
  Read 2:   242,347,818 bp

=== First read: Adapter 1 ===

Sequence: GTGYCAGCMGCCGCGGTAA; Type: regular 5'; Length: 19; Trimmed: 787124 times

Minimum overlap: 3
No. of allowed errors:
1-9 bp: 0; 10-19 bp: 1

Overview of removed sequences
length	count	expect	max.err	error counts
3	22	13481.9	0	22
10	2	0.8	1	2
11	6	0.2	1	6
12	17	0.1	1	15 2
13	2	0.0	1	2
14	2	0.0	1	1 1
15	3	0.0	1	3
16	21	0.0	1	15 6
17	8	0.0	1	5 3
18	39	0.0	1	17 22
19	1269	0.0	1	1196 73
20	2864	0.0	1	961 1903
21	780219	0.0	1	681380 98839
22	2603	0.0	1	1459 1144
23	11	0.0	1	8 3
24	2	0.0	1	2
26	5	0.0	1	5
28	4	0.0	1	0 4
29	4	0.0	1	3 1
30	3	0.0	1	3
31	2	0.0	1	2
32	1	0.0	1	1
34	1	0.0	1	1
37	3	0.0	1	3
38	2	0.0	1	2
40	3	0.0	1	3
43	2	0.0	1	2
44	1	0.0	1	0 1
47	2	0.0	1	2
53	1	0.0	1	0 1


=== Second read: Adapter 2 ===

Sequence: GGACTACNVGGGTWTCTAAT; Type: regular 5'; Length: 20; Trimmed: 789655 times

Minimum overlap: 3
No. of allowed errors:
1-9 bp: 0; 10-19 bp: 1

Overview of removed sequences
length	count	expect	max.err	error counts
3	2	13481.9	0	2
4	2	3370.5	0	2
5	1	842.6	0	1
10	2	0.8	1	2
11	3	0.2	1	3
12	5	0.1	1	5
13	10	0.0	1	8 2
14	9	0.0	1	2 7
15	12	0.0	1	6 6
16	15	0.0	1	6 9
17	27	0.0	1	23 4
18	31	0.0	1	20 11
19	58	0.0	1	32 26
20	892	0.0	1	816 76
21	5530	0.0	1	902 4628
22	780146	0.0	1	688206 91940
23	2872	0.0	1	1570 1302
24	13	0.0	1	11 2
26	4	0.0	1	4
28	3	0.0	1	3
29	1	0.0	1	0 1
30	1	0.0	1	1
32	1	0.0	1	1
33	3	0.0	1	3
34	4	0.0	1	4
37	1	0.0	1	1
40	4	0.0	1	4
43	1	0.0	1	0 1
45	1	0.0	1	0 1
47	1	0.0	1	1
Running cutadapt on: 2024_Hyp01_Null_B08_gut_S79
This is cutadapt 5.2 with Python 3.13.15
Command line parameters: -j 4 -g GTGYCAGCMGCCGCGGTAA -G GGACTACNVGGGTWTCTAAT -o /scratch4/workspace/jade_fiorilla_student_uml_edu-rawseqorcc/trimmed-cutadapt/2024_Hyp01_Null_B08_gut_S79_R1_trim.fastq -p /scratch4/workspace/jade_fiorilla_student_uml_edu-rawseqorcc/trimmed-cutadapt/2024_Hyp01_Null_B08_gut_S79_R2_trim.fastq /scratch4/workspace/jade_fiorilla_student_uml_edu-rawseqorcc/fastq/2024_Hyp01_Null_B08_gut_S79_R1_001.fastq.gz /scratch4/workspace/jade_fiorilla_student_uml_edu-rawseqorcc/fastq/2024_Hyp01_Null_B08_gut_S79_R2_001.fastq.gz
Processing paired-end reads on 4 cores ...

=== Summary ===

Total read pairs processed:            517,265
  Read 1 with adapter:                 468,146 (90.5%)
  Read 2 with adapter:                 409,022 (79.1%)
Pairs written (passing filters):       517,265 (100.0%)

Total basepairs processed:   311,393,530 bp
  Read 1:   155,696,765 bp
  Read 2:   155,696,765 bp
Total written (filtered):    293,424,596 bp (94.2%)
  Read 1:   146,324,804 bp
  Read 2:   147,099,792 bp

=== First read: Adapter 1 ===

Sequence: GTGYCAGCMGCCGCGGTAA; Type: regular 5'; Length: 19; Trimmed: 468146 times

Minimum overlap: 3
No. of allowed errors:
1-9 bp: 0; 10-19 bp: 1

Overview of removed sequences
length	count	expect	max.err	error counts
3	9	8082.3	0	9
4	1	2020.6	0	1
11	4	0.1	1	0 4
12	13	0.0	1	11 2
13	4	0.0	1	2 2
14	3	0.0	1	2 1
15	8	0.0	1	3 5
16	8	0.0	1	6 2
17	8	0.0	1	7 1
18	77	0.0	1	28 49
19	5091	0.0	1	1447 3644
20	451041	0.0	1	389669 61372
21	9413	0.0	1	5660 3753
22	2425	0.0	1	1960 465
23	10	0.0	1	7 3
24	4	0.0	1	3 1
25	1	0.0	1	0 1
26	1	0.0	1	0 1
27	2	0.0	1	2
28	1	0.0	1	1
29	2	0.0	1	2
30	1	0.0	1	1
33	1	0.0	1	1
34	1	0.0	1	0 1
35	2	0.0	1	1 1
36	2	0.0	1	2
37	2	0.0	1	2
38	3	0.0	1	3
40	4	0.0	1	1 3
43	2	0.0	1	2
52	2	0.0	1	2


=== Second read: Adapter 2 ===

Sequence: GGACTACNVGGGTWTCTAAT; Type: regular 5'; Length: 20; Trimmed: 409022 times

Minimum overlap: 3
No. of allowed errors:
1-9 bp: 0; 10-19 bp: 1

Overview of removed sequences
length	count	expect	max.err	error counts
3	16	8082.3	0	16
9	1	2.0	0	0 1
11	1	0.1	1	1
13	1	0.0	1	1
14	5	0.0	1	3 2
15	8	0.0	1	5 3
16	5	0.0	1	3 2
17	2	0.0	1	2
18	7	0.0	1	4 3
19	34	0.0	1	23 11
20	2451	0.0	1	965 1486
21	397289	0.0	1	387491 9798
22	8016	0.0	1	6932 1084
23	1171	0.0	1	1084 87
24	4	0.0	1	2 2
27	1	0.0	1	1
28	4	0.0	1	4
30	2	0.0	1	2
31	1	0.0	1	1
34	1	0.0	1	1
36	1	0.0	1	1
46	1	0.0	1	1
Running cutadapt on: 2024_Hyp01_Warm04_B38_gill_S205
This is cutadapt 5.2 with Python 3.13.15
Command line parameters: -j 4 -g GTGYCAGCMGCCGCGGTAA -G GGACTACNVGGGTWTCTAAT -o /scratch4/workspace/jade_fiorilla_student_uml_edu-rawseqorcc/trimmed-cutadapt/2024_Hyp01_Warm04_B38_gill_S205_R1_trim.fastq -p /scratch4/workspace/jade_fiorilla_student_uml_edu-rawseqorcc/trimmed-cutadapt/2024_Hyp01_Warm04_B38_gill_S205_R2_trim.fastq /scratch4/workspace/jade_fiorilla_student_uml_edu-rawseqorcc/fastq/2024_Hyp01_Warm04_B38_gill_S205_R1_001.fastq.gz /scratch4/workspace/jade_fiorilla_student_uml_edu-rawseqorcc/fastq/2024_Hyp01_Warm04_B38_gill_S205_R2_001.fastq.gz
Processing paired-end reads on 4 cores ...

=== Summary ===

Total read pairs processed:          2,053,290
  Read 1 with adapter:               2,043,662 (99.5%)
  Read 2 with adapter:               2,032,899 (99.0%)
Pairs written (passing filters):     2,053,290 (100.0%)

Total basepairs processed: 1,236,080,580 bp
  Read 1:   618,040,290 bp
  Read 2:   618,040,290 bp
Total written (filtered):  1,156,581,844 bp (93.6%)
  Read 1:   579,203,301 bp
  Read 2:   577,378,543 bp

=== First read: Adapter 1 ===

Sequence: GTGYCAGCMGCCGCGGTAA; Type: regular 5'; Length: 19; Trimmed: 2043662 times

Minimum overlap: 3
No. of allowed errors:
1-9 bp: 0; 10-19 bp: 1

Overview of removed sequences
length	count	expect	max.err	error counts
3	21	32082.7	0	21
8	1	31.3	0	1
9	2	7.8	0	2
12	56	0.1	1	55 1
13	13	0.0	1	11 2
14	9	0.0	1	4 5
15	8	0.0	1	3 5
16	54	0.0	1	40 14
17	102	0.0	1	76 26
18	4249	0.0	1	753 3496
19	2032379	0.0	1	2010602 21777
20	3663	0.0	1	1044 2619
21	465	0.0	1	411 54
22	2581	0.0	1	1866 715
23	14	0.0	1	7 7
24	4	0.0	1	4
25	6	0.0	1	6
27	2	0.0	1	2
28	2	0.0	1	2
29	4	0.0	1	4
30	4	0.0	1	4
32	4	0.0	1	4
33	2	0.0	1	2
34	4	0.0	1	1 3
35	3	0.0	1	3
36	3	0.0	1	2 1
37	2	0.0	1	2
38	2	0.0	1	2
39	2	0.0	1	2
40	1	0.0	1	1


=== Second read: Adapter 2 ===

Sequence: GGACTACNVGGGTWTCTAAT; Type: regular 5'; Length: 20; Trimmed: 2032899 times

Minimum overlap: 3
No. of allowed errors:
1-9 bp: 0; 10-19 bp: 1

Overview of removed sequences
length	count	expect	max.err	error counts
3	13	32082.7	0	13
10	9	2.0	1	9
11	3	0.5	1	3
12	13	0.1	1	11 2
13	14	0.0	1	12 2
14	14	0.0	1	10 4
15	17	0.0	1	10 7
16	19	0.0	1	6 13
17	27	0.0	1	22 5
18	102	0.0	1	69 33
19	8050	0.0	1	1064 6986
20	2017273	0.0	1	1982763 34510
21	4749	0.0	1	1271 3478
22	225	0.0	1	175 50
23	2290	0.0	1	1966 324
24	17	0.0	1	9 8
25	8	0.0	1	7 1
26	6	0.0	1	6
27	3	0.0	1	3
28	6	0.0	1	6
29	3	0.0	1	3
30	2	0.0	1	2
31	10	0.0	1	8 2
32	5	0.0	1	5
33	1	0.0	1	1
34	4	0.0	1	1 3
35	3	0.0	1	3
39	1	0.0	1	1
40	7	0.0	1	3 4
43	5	0.0	1	5
Running cutadapt on: 2024_Hyp01_Warm04_B38_gut_S13
This is cutadapt 5.2 with Python 3.13.15
Command line parameters: -j 4 -g GTGYCAGCMGCCGCGGTAA -G GGACTACNVGGGTWTCTAAT -o /scratch4/workspace/jade_fiorilla_student_uml_edu-rawseqorcc/trimmed-cutadapt/2024_Hyp01_Warm04_B38_gut_S13_R1_trim.fastq -p /scratch4/workspace/jade_fiorilla_student_uml_edu-rawseqorcc/trimmed-cutadapt/2024_Hyp01_Warm04_B38_gut_S13_R2_trim.fastq /scratch4/workspace/jade_fiorilla_student_uml_edu-rawseqorcc/fastq/2024_Hyp01_Warm04_B38_gut_S13_R1_001.fastq.gz /scratch4/workspace/jade_fiorilla_student_uml_edu-rawseqorcc/fastq/2024_Hyp01_Warm04_B38_gut_S13_R2_001.fastq.gz
Processing paired-end reads on 4 cores ...

=== Summary ===

Total read pairs processed:            486,219
  Read 1 with adapter:                 449,703 (92.5%)
  Read 2 with adapter:                 425,428 (87.5%)
Pairs written (passing filters):       486,219 (100.0%)

Total basepairs processed:   292,703,838 bp
  Read 1:   146,351,919 bp
  Read 2:   146,351,919 bp
Total written (filtered):    273,909,055 bp (93.6%)
  Read 1:   136,914,263 bp
  Read 2:   136,994,792 bp

=== First read: Adapter 1 ===

Sequence: GTGYCAGCMGCCGCGGTAA; Type: regular 5'; Length: 19; Trimmed: 449703 times

Minimum overlap: 3
No. of allowed errors:
1-9 bp: 0; 10-19 bp: 1

Overview of removed sequences
length	count	expect	max.err	error counts
3	10	7597.2	0	10
8	1	7.4	0	1
9	2	1.9	0	2
11	1	0.1	1	1
12	28	0.0	1	26 2
13	2	0.0	1	2
14	2	0.0	1	1 1
15	4	0.0	1	2 2
16	8	0.0	1	6 2
17	7	0.0	1	5 2
18	42	0.0	1	12 30
19	2148	0.0	1	1463 685
20	4761	0.0	1	3112 1649
21	439185	0.0	1	406049 33136
22	3471	0.0	1	2644 827
23	8	0.0	1	6 2
24	1	0.0	1	1
25	2	0.0	1	2
26	1	0.0	1	1
27	2	0.0	1	1 1
28	9	0.0	1	9
30	2	0.0	1	2
33	2	0.0	1	2
34	1	0.0	1	1
35	2	0.0	1	2
37	1	0.0	1	1


=== Second read: Adapter 2 ===

Sequence: GGACTACNVGGGTWTCTAAT; Type: regular 5'; Length: 20; Trimmed: 425428 times

Minimum overlap: 3
No. of allowed errors:
1-9 bp: 0; 10-19 bp: 1

Overview of removed sequences
length	count	expect	max.err	error counts
3	11	7597.2	0	11
5	2	474.8	0	2
9	1	1.9	0	1
10	1	0.5	1	0 1
11	1	0.1	1	1
12	4	0.0	1	4
13	9	0.0	1	7 2
14	12	0.0	1	7 5
15	5	0.0	1	3 2
16	12	0.0	1	4 8
17	16	0.0	1	6 10
18	16	0.0	1	10 6
19	33	0.0	1	23 10
20	961	0.0	1	905 56
21	3898	0.0	1	1835 2063
22	416176	0.0	1	406939 9237
23	4242	0.0	1	3344 898
24	17	0.0	1	8 9
26	1	0.0	1	1
27	2	0.0	1	2
29	2	0.0	1	2
30	2	0.0	1	2
34	1	0.0	1	1
35	2	0.0	1	2
41	1	0.0	1	1
Running cutadapt on: 2024_Hyp01_Warm05_B49_gill_S206
This is cutadapt 5.2 with Python 3.13.15
Command line parameters: -j 4 -g GTGYCAGCMGCCGCGGTAA -G GGACTACNVGGGTWTCTAAT -o /scratch4/workspace/jade_fiorilla_student_uml_edu-rawseqorcc/trimmed-cutadapt/2024_Hyp01_Warm05_B49_gill_S206_R1_trim.fastq -p /scratch4/workspace/jade_fiorilla_student_uml_edu-rawseqorcc/trimmed-cutadapt/2024_Hyp01_Warm05_B49_gill_S206_R2_trim.fastq /scratch4/workspace/jade_fiorilla_student_uml_edu-rawseqorcc/fastq/2024_Hyp01_Warm05_B49_gill_S206_R1_001.fastq.gz /scratch4/workspace/jade_fiorilla_student_uml_edu-rawseqorcc/fastq/2024_Hyp01_Warm05_B49_gill_S206_R2_001.fastq.gz
Processing paired-end reads on 4 cores ...

=== Summary ===

Total read pairs processed:          2,068,558
  Read 1 with adapter:               1,999,779 (96.7%)
  Read 2 with adapter:               1,940,849 (93.8%)
Pairs written (passing filters):     2,068,558 (100.0%)

Total basepairs processed: 1,245,271,916 bp
  Read 1:   622,635,958 bp
  Read 2:   622,635,958 bp
Total written (filtered):  1,168,453,983 bp (93.8%)
  Read 1:   584,635,528 bp
  Read 2:   583,818,455 bp

=== First read: Adapter 1 ===

Sequence: GTGYCAGCMGCCGCGGTAA; Type: regular 5'; Length: 19; Trimmed: 1999779 times

Minimum overlap: 3
No. of allowed errors:
1-9 bp: 0; 10-19 bp: 1

Overview of removed sequences
length	count	expect	max.err	error counts
3	31	32321.2	0	31
5	1	2020.1	0	1
12	50	0.1	1	50
13	10	0.0	1	7 3
14	21	0.0	1	6 15
15	9	0.0	1	5 4
16	47	0.0	1	29 18
17	121	0.0	1	89 32
18	5135	0.0	1	730 4405
19	1987841	0.0	1	1912596 75245
20	4283	0.0	1	1168 3115
21	420	0.0	1	364 56
22	1745	0.0	1	1236 509
23	10	0.0	1	7 3
24	2	0.0	1	2
25	7	0.0	1	7
26	3	0.0	1	3
28	1	0.0	1	0 1
29	5	0.0	1	5
30	5	0.0	1	4 1
31	4	0.0	1	3 1
32	2	0.0	1	1 1
33	1	0.0	1	1
34	1	0.0	1	1
36	1	0.0	1	1
37	3	0.0	1	3
38	3	0.0	1	2 1
39	1	0.0	1	1
40	2	0.0	1	1 1
41	4	0.0	1	2 2
42	8	0.0	1	8
48	2	0.0	1	1 1


=== Second read: Adapter 2 ===

Sequence: GGACTACNVGGGTWTCTAAT; Type: regular 5'; Length: 20; Trimmed: 1940849 times

Minimum overlap: 3
No. of allowed errors:
1-9 bp: 0; 10-19 bp: 1

Overview of removed sequences
length	count	expect	max.err	error counts
3	31	32321.2	0	31
4	1	8080.3	0	1
10	4	2.0	1	4
11	11	0.5	1	11
12	15	0.1	1	9 6
13	18	0.0	1	9 9
14	18	0.0	1	8 10
15	19	0.0	1	10 9
16	23	0.0	1	8 15
17	39	0.0	1	22 17
18	89	0.0	1	55 34
19	7882	0.0	1	1021 6861
20	1926276	0.0	1	1853117 73159
21	4803	0.0	1	1372 3431
22	210	0.0	1	163 47
23	1358	0.0	1	1252 106
24	7	0.0	1	5 2
26	5	0.0	1	5
27	6	0.0	1	6
28	2	0.0	1	2
29	5	0.0	1	5
30	4	0.0	1	2 2
31	3	0.0	1	2 1
32	2	0.0	1	1 1
33	1	0.0	1	1
35	2	0.0	1	2
36	1	0.0	1	1
37	1	0.0	1	1
40	2	0.0	1	2
41	1	0.0	1	1
42	1	0.0	1	1
43	7	0.0	1	6 1
44	2	0.0	1	2
Running cutadapt on: 2024_Hyp01_Warm05_B49_gut_S14
This is cutadapt 5.2 with Python 3.13.15
Command line parameters: -j 4 -g GTGYCAGCMGCCGCGGTAA -G GGACTACNVGGGTWTCTAAT -o /scratch4/workspace/jade_fiorilla_student_uml_edu-rawseqorcc/trimmed-cutadapt/2024_Hyp01_Warm05_B49_gut_S14_R1_trim.fastq -p /scratch4/workspace/jade_fiorilla_student_uml_edu-rawseqorcc/trimmed-cutadapt/2024_Hyp01_Warm05_B49_gut_S14_R2_trim.fastq /scratch4/workspace/jade_fiorilla_student_uml_edu-rawseqorcc/fastq/2024_Hyp01_Warm05_B49_gut_S14_R1_001.fastq.gz /scratch4/workspace/jade_fiorilla_student_uml_edu-rawseqorcc/fastq/2024_Hyp01_Warm05_B49_gut_S14_R2_001.fastq.gz
Processing paired-end reads on 4 cores ...

=== Summary ===

Total read pairs processed:            741,747
  Read 1 with adapter:                 677,239 (91.3%)
  Read 2 with adapter:                 643,377 (86.7%)
Pairs written (passing filters):       741,747 (100.0%)

Total basepairs processed:   446,531,694 bp
  Read 1:   223,265,847 bp
  Read 2:   223,265,847 bp
Total written (filtered):    418,163,852 bp (93.6%)
  Read 1:   209,049,617 bp
  Read 2:   209,114,235 bp

=== First read: Adapter 1 ===

Sequence: GTGYCAGCMGCCGCGGTAA; Type: regular 5'; Length: 19; Trimmed: 677239 times

Minimum overlap: 3
No. of allowed errors:
1-9 bp: 0; 10-19 bp: 1

Overview of removed sequences
length	count	expect	max.err	error counts
3	13	11589.8	0	13
10	3	0.7	1	0 3
11	1	0.2	1	1
12	39	0.0	1	34 5
13	3	0.0	1	3
14	4	0.0	1	0 4
15	7	0.0	1	5 2
16	33	0.0	1	22 11
17	13	0.0	1	13
18	47	0.0	1	27 20
19	2407	0.0	1	1552 855
20	5721	0.0	1	2925 2796
21	663830	0.0	1	607897 55933
22	5049	0.0	1	3762 1287
23	5	0.0	1	1 4
24	3	0.0	1	3
25	6	0.0	1	6
26	7	0.0	1	7
27	2	0.0	1	2
29	7	0.0	1	7
30	5	0.0	1	3 2
31	2	0.0	1	1 1
32	3	0.0	1	1 2
33	1	0.0	1	1
34	4	0.0	1	3 1
35	1	0.0	1	0 1
36	8	0.0	1	5 3
37	2	0.0	1	1 1
38	1	0.0	1	1
39	1	0.0	1	1
40	2	0.0	1	1 1
41	3	0.0	1	3
44	1	0.0	1	1
45	2	0.0	1	2
49	1	0.0	1	1
55	1	0.0	1	0 1
58	1	0.0	1	1


=== Second read: Adapter 2 ===

Sequence: GGACTACNVGGGTWTCTAAT; Type: regular 5'; Length: 20; Trimmed: 643377 times

Minimum overlap: 3
No. of allowed errors:
1-9 bp: 0; 10-19 bp: 1

Overview of removed sequences
length	count	expect	max.err	error counts
3	20	11589.8	0	20
4	2	2897.4	0	2
5	1	724.4	0	1
10	5	0.7	1	5
11	2	0.2	1	0 2
12	5	0.0	1	2 3
13	9	0.0	1	9
14	13	0.0	1	3 10
15	11	0.0	1	4 7
16	19	0.0	1	4 15
17	17	0.0	1	9 8
18	32	0.0	1	23 9
19	44	0.0	1	22 22
20	1084	0.0	1	1002 82
21	5401	0.0	1	1921 3480
22	630939	0.0	1	612366 18573
23	5726	0.0	1	4271 1455
24	15	0.0	1	7 8
25	2	0.0	1	2
26	2	0.0	1	2
27	4	0.0	1	3 1
28	1	0.0	1	0 1
29	2	0.0	1	0 2
30	1	0.0	1	1
31	1	0.0	1	1
32	1	0.0	1	1
33	4	0.0	1	4
34	1	0.0	1	1
37	1	0.0	1	1
38	3	0.0	1	3
40	1	0.0	1	1
41	1	0.0	1	1
45	1	0.0	1	1
47	1	0.0	1	1
48	3	0.0	1	1 2
49	2	0.0	1	1 1
Running cutadapt on: 2024_Hyp02_Both05_B51_gill_S173
This is cutadapt 5.2 with Python 3.13.15
Command line parameters: -j 4 -g GTGYCAGCMGCCGCGGTAA -G GGACTACNVGGGTWTCTAAT -o /scratch4/workspace/jade_fiorilla_student_uml_edu-rawseqorcc/trimmed-cutadapt/2024_Hyp02_Both05_B51_gill_S173_R1_trim.fastq -p /scratch4/workspace/jade_fiorilla_student_uml_edu-rawseqorcc/trimmed-cutadapt/2024_Hyp02_Both05_B51_gill_S173_R2_trim.fastq /scratch4/workspace/jade_fiorilla_student_uml_edu-rawseqorcc/fastq/2024_Hyp02_Both05_B51_gill_S173_R1_001.fastq.gz /scratch4/workspace/jade_fiorilla_student_uml_edu-rawseqorcc/fastq/2024_Hyp02_Both05_B51_gill_S173_R2_001.fastq.gz
Processing paired-end reads on 4 cores ...

=== Summary ===

Total read pairs processed:          1,500,579
  Read 1 with adapter:               1,047,114 (69.8%)
  Read 2 with adapter:                 774,257 (51.6%)
Pairs written (passing filters):     1,500,579 (100.0%)

Total basepairs processed:   903,348,558 bp
  Read 1:   451,674,279 bp
  Read 2:   451,674,279 bp
Total written (filtered):    866,147,234 bp (95.9%)
  Read 1:   430,731,701 bp
  Read 2:   435,415,533 bp

=== First read: Adapter 1 ===

Sequence: GTGYCAGCMGCCGCGGTAA; Type: regular 5'; Length: 19; Trimmed: 1047114 times

Minimum overlap: 3
No. of allowed errors:
1-9 bp: 0; 10-19 bp: 1

Overview of removed sequences
length	count	expect	max.err	error counts
9	3	5.7	0	3
10	1	1.4	1	0 1
11	3	0.4	1	0 3
12	39	0.1	1	27 12
13	5	0.0	1	1 4
14	8	0.0	1	1 7
15	10	0.0	1	5 5
16	25	0.0	1	12 13
17	25	0.0	1	8 17
18	138	0.0	1	62 76
19	8129	0.0	1	4453 3676
20	1031344	0.0	1	649246 382098
21	6449	0.0	1	4396 2053
22	843	0.0	1	739 104
23	10	0.0	1	5 5
24	6	0.0	1	3 3
25	2	0.0	1	2
26	3	0.0	1	0 3
27	2	0.0	1	0 2
28	1	0.0	1	0 1
29	2	0.0	1	2
30	4	0.0	1	4
31	1	0.0	1	1
32	12	0.0	1	1 11
33	6	0.0	1	6
34	7	0.0	1	7
35	12	0.0	1	7 5
36	5	0.0	1	2 3
37	5	0.0	1	1 4
38	2	0.0	1	2
39	1	0.0	1	1
40	2	0.0	1	0 2
41	1	0.0	1	0 1
43	1	0.0	1	1
45	1	0.0	1	0 1
46	1	0.0	1	0 1
47	2	0.0	1	1 1
57	1	0.0	1	0 1
59	1	0.0	1	0 1
120	1	0.0	1	1


=== Second read: Adapter 2 ===

Sequence: GGACTACNVGGGTWTCTAAT; Type: regular 5'; Length: 20; Trimmed: 774257 times

Minimum overlap: 3
No. of allowed errors:
1-9 bp: 0; 10-19 bp: 1

Overview of removed sequences
length	count	expect	max.err	error counts
3	4	23446.5	0	4
9	1	5.7	0	1
10	5	1.4	1	5
11	4	0.4	1	3 1
13	7	0.0	1	5 2
14	7	0.0	1	3 4
15	3	0.0	1	1 2
16	10	0.0	1	6 4
17	4	0.0	1	1 3
18	16	0.0	1	10 6
19	48	0.0	1	21 27
20	6107	0.0	1	2748 3359
21	762928	0.0	1	712790 50138
22	4614	0.0	1	2749 1865
23	457	0.0	1	418 39
24	8	0.0	1	4 4
25	2	0.0	1	0 2
26	2	0.0	1	0 2
27	4	0.0	1	3 1
28	2	0.0	1	2
30	2	0.0	1	2
31	2	0.0	1	1 1
32	3	0.0	1	3
33	1	0.0	1	1
35	2	0.0	1	2
36	5	0.0	1	3 2
38	2	0.0	1	2
39	3	0.0	1	3
40	1	0.0	1	1
41	1	0.0	1	1
42	1	0.0	1	0 1
47	1	0.0	1	1
Running cutadapt on: 2024_Hyp02_Both05_B51_gut_S174
This is cutadapt 5.2 with Python 3.13.15
Command line parameters: -j 4 -g GTGYCAGCMGCCGCGGTAA -G GGACTACNVGGGTWTCTAAT -o /scratch4/workspace/jade_fiorilla_student_uml_edu-rawseqorcc/trimmed-cutadapt/2024_Hyp02_Both05_B51_gut_S174_R1_trim.fastq -p /scratch4/workspace/jade_fiorilla_student_uml_edu-rawseqorcc/trimmed-cutadapt/2024_Hyp02_Both05_B51_gut_S174_R2_trim.fastq /scratch4/workspace/jade_fiorilla_student_uml_edu-rawseqorcc/fastq/2024_Hyp02_Both05_B51_gut_S174_R1_001.fastq.gz /scratch4/workspace/jade_fiorilla_student_uml_edu-rawseqorcc/fastq/2024_Hyp02_Both05_B51_gut_S174_R2_001.fastq.gz
Processing paired-end reads on 4 cores ...

=== Summary ===

Total read pairs processed:          1,442,669
  Read 1 with adapter:               1,272,828 (88.2%)
  Read 2 with adapter:               1,161,193 (80.5%)
Pairs written (passing filters):     1,442,669 (100.0%)

Total basepairs processed:   868,486,738 bp
  Read 1:   434,243,369 bp
  Read 2:   434,243,369 bp
Total written (filtered):    818,650,765 bp (94.3%)
  Read 1:   408,788,944 bp
  Read 2:   409,861,821 bp

=== First read: Adapter 1 ===

Sequence: GTGYCAGCMGCCGCGGTAA; Type: regular 5'; Length: 19; Trimmed: 1272828 times

Minimum overlap: 3
No. of allowed errors:
1-9 bp: 0; 10-19 bp: 1

Overview of removed sequences
length	count	expect	max.err	error counts
3	30	22541.7	0	30
8	1	22.0	0	1
9	1	5.5	0	1
10	1	1.4	1	1
11	5	0.3	1	4 1
12	62	0.1	1	56 6
13	8	0.0	1	4 4
14	9	0.0	1	5 4
15	24	0.0	1	14 10
16	39	0.0	1	32 7
17	40	0.0	1	10 30
18	159	0.0	1	85 74
19	10907	0.0	1	5494 5413
20	1253524	0.0	1	1099235 154289
21	6127	0.0	1	3388 2739
22	1797	0.0	1	1027 770
23	14	0.0	1	9 5
24	7	0.0	1	3 4
25	14	0.0	1	12 2
26	6	0.0	1	3 3
27	4	0.0	1	3 1
28	2	0.0	1	1 1
29	1	0.0	1	1
30	4	0.0	1	3 1
31	1	0.0	1	1
32	4	0.0	1	3 1
33	5	0.0	1	4 1
34	2	0.0	1	2
35	13	0.0	1	13
36	1	0.0	1	1
37	4	0.0	1	4
38	3	0.0	1	3
39	2	0.0	1	0 2
40	2	0.0	1	1 1
45	4	0.0	1	4
47	1	0.0	1	1


=== Second read: Adapter 2 ===

Sequence: GGACTACNVGGGTWTCTAAT; Type: regular 5'; Length: 20; Trimmed: 1161193 times

Minimum overlap: 3
No. of allowed errors:
1-9 bp: 0; 10-19 bp: 1

Overview of removed sequences
length	count	expect	max.err	error counts
3	24	22541.7	0	24
9	2	5.5	0	2
10	3	1.4	1	1 2
11	2	0.3	1	1 1
12	6	0.1	1	6
13	3	0.0	1	2 1
14	13	0.0	1	7 6
15	9	0.0	1	3 6
16	16	0.0	1	8 8
17	10	0.0	1	5 5
18	37	0.0	1	29 8
19	108	0.0	1	64 44
20	8242	0.0	1	3547 4695
21	1147511	0.0	1	1112883 34628
22	4718	0.0	1	2370 2348
23	455	0.0	1	417 38
24	3	0.0	1	2 1
25	4	0.0	1	3 1
26	2	0.0	1	2
27	4	0.0	1	4
28	1	0.0	1	1
29	6	0.0	1	6
30	3	0.0	1	3
32	3	0.0	1	3
34	3	0.0	1	1 2
35	2	0.0	1	1 1
36	2	0.0	1	2
38	1	0.0	1	1
Running cutadapt on: 2024_Hyp02_Cont01_B4_gill_S215
This is cutadapt 5.2 with Python 3.13.15
Command line parameters: -j 4 -g GTGYCAGCMGCCGCGGTAA -G GGACTACNVGGGTWTCTAAT -o /scratch4/workspace/jade_fiorilla_student_uml_edu-rawseqorcc/trimmed-cutadapt/2024_Hyp02_Cont01_B4_gill_S215_R1_trim.fastq -p /scratch4/workspace/jade_fiorilla_student_uml_edu-rawseqorcc/trimmed-cutadapt/2024_Hyp02_Cont01_B4_gill_S215_R2_trim.fastq /scratch4/workspace/jade_fiorilla_student_uml_edu-rawseqorcc/fastq/2024_Hyp02_Cont01_B4_gill_S215_R1_001.fastq.gz /scratch4/workspace/jade_fiorilla_student_uml_edu-rawseqorcc/fastq/2024_Hyp02_Cont01_B4_gill_S215_R2_001.fastq.gz
Processing paired-end reads on 4 cores ...

=== Summary ===

Total read pairs processed:            839,894
  Read 1 with adapter:                 607,838 (72.4%)
  Read 2 with adapter:                 547,278 (65.2%)
Pairs written (passing filters):       839,894 (100.0%)

Total basepairs processed:   505,616,188 bp
  Read 1:   252,808,094 bp
  Read 2:   252,808,094 bp
Total written (filtered):    481,966,810 bp (95.3%)
  Read 1:   240,649,362 bp
  Read 2:   241,317,448 bp

=== First read: Adapter 1 ===

Sequence: GTGYCAGCMGCCGCGGTAA; Type: regular 5'; Length: 19; Trimmed: 607838 times

Minimum overlap: 3
No. of allowed errors:
1-9 bp: 0; 10-19 bp: 1

Overview of removed sequences
length	count	expect	max.err	error counts
3	2	13123.3	0	2
9	1	3.2	0	1
10	3	0.8	1	2 1
11	1	0.2	1	1
12	28	0.1	1	24 4
13	1	0.0	1	0 1
14	2	0.0	1	1 1
15	4	0.0	1	3 1
16	19	0.0	1	14 5
17	26	0.0	1	9 17
18	61	0.0	1	23 38
19	1945	0.0	1	483 1462
20	602063	0.0	1	438772 163291
21	3104	0.0	1	1209 1895
22	549	0.0	1	465 84
23	4	0.0	1	3 1
24	4	0.0	1	4
25	2	0.0	1	0 2
26	4	0.0	1	2 2
30	2	0.0	1	2
31	1	0.0	1	0 1
32	1	0.0	1	0 1
34	1	0.0	1	0 1
35	1	0.0	1	0 1
36	2	0.0	1	0 2
39	1	0.0	1	1
42	1	0.0	1	1
43	2	0.0	1	1 1
46	1	0.0	1	0 1
49	1	0.0	1	0 1
50	1	0.0	1	1


=== Second read: Adapter 2 ===

Sequence: GGACTACNVGGGTWTCTAAT; Type: regular 5'; Length: 20; Trimmed: 547278 times

Minimum overlap: 3
No. of allowed errors:
1-9 bp: 0; 10-19 bp: 1

Overview of removed sequences
length	count	expect	max.err	error counts
3	2	13123.3	0	2
12	2	0.1	1	0 2
13	6	0.0	1	6
14	7	0.0	1	4 3
15	11	0.0	1	1 10
16	2	0.0	1	1 1
17	7	0.0	1	2 5
18	6	0.0	1	5 1
19	40	0.0	1	24 16
20	5614	0.0	1	287 5327
21	538616	0.0	1	476004 62612
22	2578	0.0	1	1543 1035
23	355	0.0	1	336 19
24	1	0.0	1	0 1
25	1	0.0	1	1
26	1	0.0	1	1
27	2	0.0	1	2
28	1	0.0	1	0 1
29	3	0.0	1	2 1
31	2	0.0	1	0 2
32	5	0.0	1	5
34	1	0.0	1	1
37	2	0.0	1	2
43	4	0.0	1	4
44	4	0.0	1	0 4
47	4	0.0	1	0 4
49	1	0.0	1	1
Running cutadapt on: 2024_Hyp02_Cont01_B4_gut_S33
This is cutadapt 5.2 with Python 3.13.15
Command line parameters: -j 4 -g GTGYCAGCMGCCGCGGTAA -G GGACTACNVGGGTWTCTAAT -o /scratch4/workspace/jade_fiorilla_student_uml_edu-rawseqorcc/trimmed-cutadapt/2024_Hyp02_Cont01_B4_gut_S33_R1_trim.fastq -p /scratch4/workspace/jade_fiorilla_student_uml_edu-rawseqorcc/trimmed-cutadapt/2024_Hyp02_Cont01_B4_gut_S33_R2_trim.fastq /scratch4/workspace/jade_fiorilla_student_uml_edu-rawseqorcc/fastq/2024_Hyp02_Cont01_B4_gut_S33_R1_001.fastq.gz /scratch4/workspace/jade_fiorilla_student_uml_edu-rawseqorcc/fastq/2024_Hyp02_Cont01_B4_gut_S33_R2_001.fastq.gz
Processing paired-end reads on 4 cores ...

=== Summary ===

Total read pairs processed:            891,187
  Read 1 with adapter:                 805,876 (90.4%)
  Read 2 with adapter:                 710,488 (79.7%)
Pairs written (passing filters):       891,187 (100.0%)

Total basepairs processed:   536,494,574 bp
  Read 1:   268,247,287 bp
  Read 2:   268,247,287 bp
Total written (filtered):    505,473,146 bp (94.2%)
  Read 1:   252,138,522 bp
  Read 2:   253,334,624 bp

=== First read: Adapter 1 ===

Sequence: GTGYCAGCMGCCGCGGTAA; Type: regular 5'; Length: 19; Trimmed: 805876 times

Minimum overlap: 3
No. of allowed errors:
1-9 bp: 0; 10-19 bp: 1

Overview of removed sequences
length	count	expect	max.err	error counts
3	3	13924.8	0	3
9	2	3.4	0	2
12	36	0.1	1	31 5
13	10	0.0	1	7 3
14	1	0.0	1	1
15	9	0.0	1	7 2
16	27	0.0	1	18 9
17	28	0.0	1	17 11
18	105	0.0	1	48 57
19	16624	0.0	1	7108 9516
20	782551	0.0	1	681907 100644
21	4745	0.0	1	2387 2358
22	1679	0.0	1	1334 345
23	9	0.0	1	4 5
24	2	0.0	1	1 1
25	5	0.0	1	1 4
26	6	0.0	1	6
27	3	0.0	1	1 2
28	1	0.0	1	0 1
30	2	0.0	1	1 1
32	4	0.0	1	0 4
33	4	0.0	1	2 2
34	1	0.0	1	1
35	4	0.0	1	4
37	1	0.0	1	1
39	6	0.0	1	4 2
40	1	0.0	1	1
41	4	0.0	1	2 2
47	1	0.0	1	0 1
48	1	0.0	1	0 1
61	1	0.0	1	0 1


=== Second read: Adapter 2 ===

Sequence: GGACTACNVGGGTWTCTAAT; Type: regular 5'; Length: 20; Trimmed: 710488 times

Minimum overlap: 3
No. of allowed errors:
1-9 bp: 0; 10-19 bp: 1

Overview of removed sequences
length	count	expect	max.err	error counts
3	5	13924.8	0	5
4	1	3481.2	0	1
10	1	0.8	1	1
11	5	0.2	1	4 1
12	5	0.1	1	5
13	2	0.0	1	2
14	10	0.0	1	7 3
15	8	0.0	1	4 4
16	7	0.0	1	3 4
17	14	0.0	1	11 3
18	30	0.0	1	23 7
19	94	0.0	1	36 58
20	11875	0.0	1	8481 3394
21	694511	0.0	1	678805 15706
22	3112	0.0	1	1732 1380
23	770	0.0	1	728 42
24	5	0.0	1	4 1
25	3	0.0	1	3
27	8	0.0	1	8
28	2	0.0	1	2
30	4	0.0	1	4
31	4	0.0	1	4
33	2	0.0	1	2
34	3	0.0	1	0 3
37	3	0.0	1	3
38	2	0.0	1	2
43	2	0.0	1	2
Running cutadapt on: 2024_Hyp02_Hyp01_B3_gill_S145
This is cutadapt 5.2 with Python 3.13.15
Command line parameters: -j 4 -g GTGYCAGCMGCCGCGGTAA -G GGACTACNVGGGTWTCTAAT -o /scratch4/workspace/jade_fiorilla_student_uml_edu-rawseqorcc/trimmed-cutadapt/2024_Hyp02_Hyp01_B3_gill_S145_R1_trim.fastq -p /scratch4/workspace/jade_fiorilla_student_uml_edu-rawseqorcc/trimmed-cutadapt/2024_Hyp02_Hyp01_B3_gill_S145_R2_trim.fastq /scratch4/workspace/jade_fiorilla_student_uml_edu-rawseqorcc/fastq/2024_Hyp02_Hyp01_B3_gill_S145_R1_001.fastq.gz /scratch4/workspace/jade_fiorilla_student_uml_edu-rawseqorcc/fastq/2024_Hyp02_Hyp01_B3_gill_S145_R2_001.fastq.gz
Processing paired-end reads on 4 cores ...

=== Summary ===

Total read pairs processed:          1,664,820
  Read 1 with adapter:               1,311,406 (78.8%)
  Read 2 with adapter:               1,032,311 (62.0%)
Pairs written (passing filters):     1,664,820 (100.0%)

Total basepairs processed: 1,002,221,640 bp
  Read 1:   501,110,820 bp
  Read 2:   501,110,820 bp
Total written (filtered):    954,318,072 bp (95.2%)
  Read 1:   474,885,396 bp
  Read 2:   479,432,676 bp

=== First read: Adapter 1 ===

Sequence: GTGYCAGCMGCCGCGGTAA; Type: regular 5'; Length: 19; Trimmed: 1311406 times

Minimum overlap: 3
No. of allowed errors:
1-9 bp: 0; 10-19 bp: 1

Overview of removed sequences
length	count	expect	max.err	error counts
8	1	25.4	0	1
9	6	6.4	0	6
10	2	1.6	1	1 1
11	4	0.4	1	1 3
12	58	0.1	1	42 16
13	3	0.0	1	3
14	18	0.0	1	7 11
15	17	0.0	1	7 10
16	34	0.0	1	24 10
17	35	0.0	1	19 16
18	164	0.0	1	59 105
19	9246	0.0	1	4581 4665
20	1294586	0.0	1	970260 324326
21	7144	0.0	1	4663 2481
22	25	0.0	1	17 8
23	5	0.0	1	3 2
24	8	0.0	1	8
25	7	0.0	1	7
28	7	0.0	1	7
29	2	0.0	1	2
30	5	0.0	1	4 1
31	3	0.0	1	3
32	1	0.0	1	1
33	2	0.0	1	1 1
34	2	0.0	1	2
35	6	0.0	1	4 2
36	1	0.0	1	0 1
37	3	0.0	1	3
38	3	0.0	1	3
41	1	0.0	1	0 1
43	1	0.0	1	1
45	3	0.0	1	3
50	1	0.0	1	0 1
53	1	0.0	1	0 1
59	1	0.0	1	0 1


=== Second read: Adapter 2 ===

Sequence: GGACTACNVGGGTWTCTAAT; Type: regular 5'; Length: 20; Trimmed: 1032311 times

Minimum overlap: 3
No. of allowed errors:
1-9 bp: 0; 10-19 bp: 1

Overview of removed sequences
length	count	expect	max.err	error counts
3	6	26012.8	0	6
9	3	6.4	0	3
11	1	0.4	1	0 1
12	5	0.1	1	4 1
13	5	0.0	1	4 1
14	13	0.0	1	8 5
15	11	0.0	1	6 5
16	17	0.0	1	5 12
17	14	0.0	1	11 3
18	39	0.0	1	25 14
19	80	0.0	1	41 39
20	7933	0.0	1	2812 5121
21	1016284	0.0	1	966705 49579
22	7822	0.0	1	4843 2979
23	31	0.0	1	11 20
24	7	0.0	1	7
25	8	0.0	1	8
26	2	0.0	1	2
27	1	0.0	1	1
28	2	0.0	1	1 1
29	1	0.0	1	1
30	5	0.0	1	5
31	1	0.0	1	1
32	2	0.0	1	2
33	3	0.0	1	3
34	3	0.0	1	3
35	1	0.0	1	0 1
37	2	0.0	1	2
38	3	0.0	1	3
39	1	0.0	1	1
41	1	0.0	1	1
43	2	0.0	1	0 2
46	1	0.0	1	1
50	1	0.0	1	0 1
Running cutadapt on: 2024_Hyp02_Hyp01_B3_gut_S277
This is cutadapt 5.2 with Python 3.13.15
Command line parameters: -j 4 -g GTGYCAGCMGCCGCGGTAA -G GGACTACNVGGGTWTCTAAT -o /scratch4/workspace/jade_fiorilla_student_uml_edu-rawseqorcc/trimmed-cutadapt/2024_Hyp02_Hyp01_B3_gut_S277_R1_trim.fastq -p /scratch4/workspace/jade_fiorilla_student_uml_edu-rawseqorcc/trimmed-cutadapt/2024_Hyp02_Hyp01_B3_gut_S277_R2_trim.fastq /scratch4/workspace/jade_fiorilla_student_uml_edu-rawseqorcc/fastq/2024_Hyp02_Hyp01_B3_gut_S277_R1_001.fastq.gz /scratch4/workspace/jade_fiorilla_student_uml_edu-rawseqorcc/fastq/2024_Hyp02_Hyp01_B3_gut_S277_R2_001.fastq.gz
Processing paired-end reads on 4 cores ...

=== Summary ===

Total read pairs processed:          2,284,365
  Read 1 with adapter:               2,280,146 (99.8%)
  Read 2 with adapter:               2,266,072 (99.2%)
Pairs written (passing filters):     2,284,365 (100.0%)

Total basepairs processed: 1,375,187,730 bp
  Read 1:   687,593,865 bp
  Read 2:   687,593,865 bp
Total written (filtered):  1,286,538,594 bp (93.6%)
  Read 1:   644,266,949 bp
  Read 2:   642,271,645 bp

=== First read: Adapter 1 ===

Sequence: GTGYCAGCMGCCGCGGTAA; Type: regular 5'; Length: 19; Trimmed: 2280146 times

Minimum overlap: 3
No. of allowed errors:
1-9 bp: 0; 10-19 bp: 1

Overview of removed sequences
length	count	expect	max.err	error counts
8	1	34.9	0	1
9	2	8.7	0	2
11	1	0.5	1	1
12	60	0.1	1	60
13	5	0.0	1	5
14	3	0.0	1	1 2
15	5	0.0	1	3 2
16	60	0.0	1	39 21
17	129	0.0	1	88 41
18	5460	0.0	1	855 4605
19	2266981	0.0	1	2243528 23453
20	5321	0.0	1	1918 3403
21	1564	0.0	1	1417 147
22	504	0.0	1	450 54
23	4	0.0	1	2 2
24	3	0.0	1	2 1
25	3	0.0	1	3
26	5	0.0	1	4 1
27	1	0.0	1	1
28	4	0.0	1	4
30	5	0.0	1	4 1
31	1	0.0	1	1
32	1	0.0	1	1
33	3	0.0	1	3
34	6	0.0	1	5 1
35	6	0.0	1	6
36	3	0.0	1	3
37	1	0.0	1	1
43	3	0.0	1	3
45	1	0.0	1	1


=== Second read: Adapter 2 ===

Sequence: GGACTACNVGGGTWTCTAAT; Type: regular 5'; Length: 20; Trimmed: 2266072 times

Minimum overlap: 3
No. of allowed errors:
1-9 bp: 0; 10-19 bp: 1

Overview of removed sequences
length	count	expect	max.err	error counts
3	1	35693.2	0	1
5	1	2230.8	0	1
8	1	34.9	0	1
9	1	8.7	0	1
10	5	2.2	1	5
11	9	0.5	1	6 3
12	10	0.1	1	7 3
13	5	0.0	1	3 2
14	29	0.0	1	4 25
15	24	0.0	1	15 9
16	12	0.0	1	6 6
17	46	0.0	1	25 21
18	110	0.0	1	72 38
19	9576	0.0	1	1245 8331
20	2247452	0.0	1	2175798 71654
21	6875	0.0	1	2782 4093
22	1676	0.0	1	1520 156
23	187	0.0	1	171 16
24	4	0.0	1	3 1
25	10	0.0	1	10
26	2	0.0	1	2
27	3	0.0	1	3
28	1	0.0	1	1
29	5	0.0	1	2 3
30	6	0.0	1	3 3
31	3	0.0	1	2 1
32	3	0.0	1	2 1
33	2	0.0	1	2
35	3	0.0	1	3
36	1	0.0	1	1
37	2	0.0	1	2
41	2	0.0	1	2
42	1	0.0	1	1
44	2	0.0	1	2
47	1	0.0	1	1
48	1	0.0	1	1
Running cutadapt on: 2024_Hyp02_Hyp05_B51_gill_S155
This is cutadapt 5.2 with Python 3.13.15
Command line parameters: -j 4 -g GTGYCAGCMGCCGCGGTAA -G GGACTACNVGGGTWTCTAAT -o /scratch4/workspace/jade_fiorilla_student_uml_edu-rawseqorcc/trimmed-cutadapt/2024_Hyp02_Hyp05_B51_gill_S155_R1_trim.fastq -p /scratch4/workspace/jade_fiorilla_student_uml_edu-rawseqorcc/trimmed-cutadapt/2024_Hyp02_Hyp05_B51_gill_S155_R2_trim.fastq /scratch4/workspace/jade_fiorilla_student_uml_edu-rawseqorcc/fastq/2024_Hyp02_Hyp05_B51_gill_S155_R1_001.fastq.gz /scratch4/workspace/jade_fiorilla_student_uml_edu-rawseqorcc/fastq/2024_Hyp02_Hyp05_B51_gill_S155_R2_001.fastq.gz
Processing paired-end reads on 4 cores ...

=== Summary ===

Total read pairs processed:          1,039,394
  Read 1 with adapter:                 949,500 (91.4%)
  Read 2 with adapter:                 855,333 (82.3%)
Pairs written (passing filters):     1,039,394 (100.0%)

Total basepairs processed:   625,715,188 bp
  Read 1:   312,857,594 bp
  Read 2:   312,857,594 bp
Total written (filtered):    586,984,754 bp (93.8%)
  Read 1:   292,933,555 bp
  Read 2:   294,051,199 bp

=== First read: Adapter 1 ===

Sequence: GTGYCAGCMGCCGCGGTAA; Type: regular 5'; Length: 19; Trimmed: 949500 times

Minimum overlap: 3
No. of allowed errors:
1-9 bp: 0; 10-19 bp: 1

Overview of removed sequences
length	count	expect	max.err	error counts
3	12	16240.5	0	12
9	5	4.0	0	5
10	3	1.0	1	3
11	1	0.2	1	1
12	38	0.1	1	36 2
13	8	0.0	1	5 3
14	10	0.0	1	8 2
15	7	0.0	1	4 3
16	21	0.0	1	12 9
17	23	0.0	1	14 9
18	48	0.0	1	26 22
19	4672	0.0	1	3822 850
20	8636	0.0	1	4721 3915
21	933199	0.0	1	823959 109240
22	2731	0.0	1	1339 1392
23	7	0.0	1	5 2
24	7	0.0	1	4 3
25	6	0.0	1	5 1
26	6	0.0	1	4 2
27	3	0.0	1	3
28	1	0.0	1	1
29	5	0.0	1	4 1
30	8	0.0	1	7 1
31	7	0.0	1	7
32	3	0.0	1	0 3
33	6	0.0	1	6
35	4	0.0	1	2 2
36	1	0.0	1	1
37	4	0.0	1	4
38	5	0.0	1	4 1
41	1	0.0	1	0 1
43	2	0.0	1	0 2
44	1	0.0	1	1
45	2	0.0	1	2
47	1	0.0	1	1
49	1	0.0	1	1
51	3	0.0	1	3
53	1	0.0	1	0 1
55	1	0.0	1	0 1


=== Second read: Adapter 2 ===

Sequence: GGACTACNVGGGTWTCTAAT; Type: regular 5'; Length: 20; Trimmed: 855333 times

Minimum overlap: 3
No. of allowed errors:
1-9 bp: 0; 10-19 bp: 1

Overview of removed sequences
length	count	expect	max.err	error counts
3	4	16240.5	0	4
4	1	4060.1	0	1
10	4	1.0	1	3 1
11	6	0.2	1	2 4
12	3	0.1	1	2 1
13	4	0.0	1	4
14	9	0.0	1	4 5
15	13	0.0	1	7 6
16	25	0.0	1	13 12
17	31	0.0	1	18 13
18	46	0.0	1	36 10
19	67	0.0	1	42 25
20	2808	0.0	1	2621 187
21	6886	0.0	1	2513 4373
22	843002	0.0	1	813861 29141
23	2386	0.0	1	1077 1309
24	5	0.0	1	3 2
25	6	0.0	1	5 1
26	4	0.0	1	3 1
27	3	0.0	1	3
28	3	0.0	1	3
29	1	0.0	1	1
31	2	0.0	1	2
32	2	0.0	1	2
33	2	0.0	1	2
34	3	0.0	1	3
35	1	0.0	1	1
37	1	0.0	1	1
39	1	0.0	1	1
40	1	0.0	1	1
41	1	0.0	1	1
47	2	0.0	1	2
Running cutadapt on: 2024_Hyp02_Hyp05_B51_gut_S273
This is cutadapt 5.2 with Python 3.13.15
Command line parameters: -j 4 -g GTGYCAGCMGCCGCGGTAA -G GGACTACNVGGGTWTCTAAT -o /scratch4/workspace/jade_fiorilla_student_uml_edu-rawseqorcc/trimmed-cutadapt/2024_Hyp02_Hyp05_B51_gut_S273_R1_trim.fastq -p /scratch4/workspace/jade_fiorilla_student_uml_edu-rawseqorcc/trimmed-cutadapt/2024_Hyp02_Hyp05_B51_gut_S273_R2_trim.fastq /scratch4/workspace/jade_fiorilla_student_uml_edu-rawseqorcc/fastq/2024_Hyp02_Hyp05_B51_gut_S273_R1_001.fastq.gz /scratch4/workspace/jade_fiorilla_student_uml_edu-rawseqorcc/fastq/2024_Hyp02_Hyp05_B51_gut_S273_R2_001.fastq.gz
Processing paired-end reads on 4 cores ...

=== Summary ===

Total read pairs processed:            711,575
  Read 1 with adapter:                 675,813 (95.0%)
  Read 2 with adapter:                 669,599 (94.1%)
Pairs written (passing filters):       711,575 (100.0%)

Total basepairs processed:   428,368,150 bp
  Read 1:   214,184,075 bp
  Read 2:   214,184,075 bp
Total written (filtered):    399,451,154 bp (93.2%)
  Read 1:   199,993,897 bp
  Read 2:   199,457,257 bp

=== First read: Adapter 1 ===

Sequence: GTGYCAGCMGCCGCGGTAA; Type: regular 5'; Length: 19; Trimmed: 675813 times

Minimum overlap: 3
No. of allowed errors:
1-9 bp: 0; 10-19 bp: 1

Overview of removed sequences
length	count	expect	max.err	error counts
3	9	11118.4	0	9
9	1	2.7	0	1
12	21	0.0	1	18 3
14	3	0.0	1	2 1
15	1	0.0	1	0 1
16	18	0.0	1	10 8
17	8	0.0	1	2 6
18	30	0.0	1	22 8
19	383	0.0	1	312 71
20	2988	0.0	1	1232 1756
21	670426	0.0	1	630216 40210
22	1876	0.0	1	836 1040
23	8	0.0	1	7 1
24	2	0.0	1	2
25	2	0.0	1	2
27	5	0.0	1	5
28	1	0.0	1	1
29	3	0.0	1	3
31	1	0.0	1	0 1
33	5	0.0	1	5
35	1	0.0	1	1
36	4	0.0	1	4
37	2	0.0	1	2
38	1	0.0	1	1
39	1	0.0	1	1
40	7	0.0	1	5 2
43	3	0.0	1	3
46	1	0.0	1	1
49	1	0.0	1	1
52	1	0.0	1	1


=== Second read: Adapter 2 ===

Sequence: GGACTACNVGGGTWTCTAAT; Type: regular 5'; Length: 20; Trimmed: 669599 times

Minimum overlap: 3
No. of allowed errors:
1-9 bp: 0; 10-19 bp: 1

Overview of removed sequences
length	count	expect	max.err	error counts
3	2	11118.4	0	2
10	3	0.7	1	3
11	4	0.2	1	4
12	4	0.0	1	1 3
13	2	0.0	1	2
14	12	0.0	1	5 7
15	10	0.0	1	4 6
16	14	0.0	1	4 10
17	14	0.0	1	9 5
18	24	0.0	1	20 4
19	34	0.0	1	13 21
20	372	0.0	1	323 49
21	5121	0.0	1	1519 3602
22	662030	0.0	1	638854 23176
23	1919	0.0	1	750 1169
24	7	0.0	1	5 2
25	3	0.0	1	3
26	1	0.0	1	1
27	4	0.0	1	4
28	4	0.0	1	4
29	1	0.0	1	1
30	1	0.0	1	0 1
32	3	0.0	1	1 2
33	3	0.0	1	3
35	2	0.0	1	1 1
37	1	0.0	1	1
44	3	0.0	1	3
46	1	0.0	1	1
Running cutadapt on: 2024_Hyp02_Null_B14_gill_S268
This is cutadapt 5.2 with Python 3.13.15
Command line parameters: -j 4 -g GTGYCAGCMGCCGCGGTAA -G GGACTACNVGGGTWTCTAAT -o /scratch4/workspace/jade_fiorilla_student_uml_edu-rawseqorcc/trimmed-cutadapt/2024_Hyp02_Null_B14_gill_S268_R1_trim.fastq -p /scratch4/workspace/jade_fiorilla_student_uml_edu-rawseqorcc/trimmed-cutadapt/2024_Hyp02_Null_B14_gill_S268_R2_trim.fastq /scratch4/workspace/jade_fiorilla_student_uml_edu-rawseqorcc/fastq/2024_Hyp02_Null_B14_gill_S268_R1_001.fastq.gz /scratch4/workspace/jade_fiorilla_student_uml_edu-rawseqorcc/fastq/2024_Hyp02_Null_B14_gill_S268_R2_001.fastq.gz
Processing paired-end reads on 4 cores ...

=== Summary ===

Total read pairs processed:            776,931
  Read 1 with adapter:                 762,050 (98.1%)
  Read 2 with adapter:                 764,570 (98.4%)
Pairs written (passing filters):       776,931 (100.0%)

Total basepairs processed:   467,712,462 bp
  Read 1:   233,856,231 bp
  Read 2:   233,856,231 bp
Total written (filtered):    436,416,829 bp (93.3%)
  Read 1:   218,615,651 bp
  Read 2:   217,801,178 bp

=== First read: Adapter 1 ===

Sequence: GTGYCAGCMGCCGCGGTAA; Type: regular 5'; Length: 19; Trimmed: 762050 times

Minimum overlap: 3
No. of allowed errors:
1-9 bp: 0; 10-19 bp: 1

Overview of removed sequences
length	count	expect	max.err	error counts
12	39	0.0	1	39
13	2	0.0	1	2
14	5	0.0	1	4 1
15	1	0.0	1	0 1
16	11	0.0	1	10 1
17	38	0.0	1	24 14
18	73	0.0	1	38 35
19	3195	0.0	1	993 2202
20	756020	0.0	1	721969 34051
21	2186	0.0	1	723 1463
22	444	0.0	1	364 80
23	3	0.0	1	3
24	4	0.0	1	4
25	4	0.0	1	4
26	4	0.0	1	4
28	5	0.0	1	5
29	1	0.0	1	1
30	1	0.0	1	1
32	3	0.0	1	1 2
33	1	0.0	1	1
34	2	0.0	1	2
35	1	0.0	1	0 1
37	1	0.0	1	1
38	1	0.0	1	0 1
41	3	0.0	1	3
44	2	0.0	1	2


=== Second read: Adapter 2 ===

Sequence: GGACTACNVGGGTWTCTAAT; Type: regular 5'; Length: 20; Trimmed: 764570 times

Minimum overlap: 3
No. of allowed errors:
1-9 bp: 0; 10-19 bp: 1

Overview of removed sequences
length	count	expect	max.err	error counts
3	6	12139.5	0	6
11	3	0.2	1	1 2
12	1	0.0	1	1
13	4	0.0	1	2 2
14	3	0.0	1	2 1
15	5	0.0	1	1 4
16	10	0.0	1	3 7
17	8	0.0	1	4 4
18	18	0.0	1	14 4
19	32	0.0	1	23 9
20	3529	0.0	1	411 3118
21	758376	0.0	1	725358 33018
22	2388	0.0	1	862 1526
23	159	0.0	1	143 16
24	3	0.0	1	2 1
26	4	0.0	1	4
28	2	0.0	1	2
29	4	0.0	1	2 2
31	2	0.0	1	2
32	2	0.0	1	1 1
38	5	0.0	1	4 1
39	4	0.0	1	4
44	1	0.0	1	1
60	1	0.0	1	0 1
Running cutadapt on: 2024_Hyp02_Null_B14_gut_S80
This is cutadapt 5.2 with Python 3.13.15
Command line parameters: -j 4 -g GTGYCAGCMGCCGCGGTAA -G GGACTACNVGGGTWTCTAAT -o /scratch4/workspace/jade_fiorilla_student_uml_edu-rawseqorcc/trimmed-cutadapt/2024_Hyp02_Null_B14_gut_S80_R1_trim.fastq -p /scratch4/workspace/jade_fiorilla_student_uml_edu-rawseqorcc/trimmed-cutadapt/2024_Hyp02_Null_B14_gut_S80_R2_trim.fastq /scratch4/workspace/jade_fiorilla_student_uml_edu-rawseqorcc/fastq/2024_Hyp02_Null_B14_gut_S80_R1_001.fastq.gz /scratch4/workspace/jade_fiorilla_student_uml_edu-rawseqorcc/fastq/2024_Hyp02_Null_B14_gut_S80_R2_001.fastq.gz
Processing paired-end reads on 4 cores ...

=== Summary ===

Total read pairs processed:            897,349
  Read 1 with adapter:                 773,582 (86.2%)
  Read 2 with adapter:                 649,089 (72.3%)
Pairs written (passing filters):       897,349 (100.0%)

Total basepairs processed:   540,204,098 bp
  Read 1:   270,102,049 bp
  Read 2:   270,102,049 bp
Total written (filtered):    511,084,548 bp (94.6%)
  Read 1:   254,621,708 bp
  Read 2:   256,462,840 bp

=== First read: Adapter 1 ===

Sequence: GTGYCAGCMGCCGCGGTAA; Type: regular 5'; Length: 19; Trimmed: 773582 times

Minimum overlap: 3
No. of allowed errors:
1-9 bp: 0; 10-19 bp: 1

Overview of removed sequences
length	count	expect	max.err	error counts
3	6	14021.1	0	6
11	1	0.2	1	1
12	29	0.1	1	23 6
13	11	0.0	1	8 3
14	9	0.0	1	4 5
15	6	0.0	1	5 1
16	25	0.0	1	22 3
17	19	0.0	1	17 2
18	91	0.0	1	39 52
19	7394	0.0	1	2403 4991
20	751888	0.0	1	616107 135781
21	11981	0.0	1	7218 4763
22	2060	0.0	1	1710 350
23	12	0.0	1	6 6
24	6	0.0	1	2 4
25	1	0.0	1	1
26	3	0.0	1	3
27	2	0.0	1	2
28	2	0.0	1	1 1
29	1	0.0	1	1
30	3	0.0	1	0 3
33	1	0.0	1	1
35	2	0.0	1	1 1
36	9	0.0	1	5 4
37	2	0.0	1	0 2
41	1	0.0	1	1
43	12	0.0	1	11 1
48	1	0.0	1	1
50	2	0.0	1	0 2
59	1	0.0	1	0 1
60	1	0.0	1	0 1


=== Second read: Adapter 2 ===

Sequence: GGACTACNVGGGTWTCTAAT; Type: regular 5'; Length: 20; Trimmed: 649089 times

Minimum overlap: 3
No. of allowed errors:
1-9 bp: 0; 10-19 bp: 1

Overview of removed sequences
length	count	expect	max.err	error counts
3	6	14021.1	0	6
10	4	0.9	1	4
12	3	0.1	1	3
13	4	0.0	1	2 2
14	4	0.0	1	0 4
15	6	0.0	1	2 4
16	3	0.0	1	3
17	6	0.0	1	5 1
18	29	0.0	1	17 12
19	57	0.0	1	29 28
20	4002	0.0	1	1492 2510
21	633286	0.0	1	620514 12772
22	10748	0.0	1	8926 1822
23	893	0.0	1	818 75
24	6	0.0	1	1 5
25	5	0.0	1	5
26	3	0.0	1	3
28	1	0.0	1	1
29	4	0.0	1	4
30	6	0.0	1	6
31	2	0.0	1	2
33	3	0.0	1	3
34	3	0.0	1	3
35	2	0.0	1	2
37	1	0.0	1	0 1
39	1	0.0	1	1
41	1	0.0	1	0 1
Running cutadapt on: 2024_Hyp02_Warm02_B16_gill_S209
This is cutadapt 5.2 with Python 3.13.15
Command line parameters: -j 4 -g GTGYCAGCMGCCGCGGTAA -G GGACTACNVGGGTWTCTAAT -o /scratch4/workspace/jade_fiorilla_student_uml_edu-rawseqorcc/trimmed-cutadapt/2024_Hyp02_Warm02_B16_gill_S209_R1_trim.fastq -p /scratch4/workspace/jade_fiorilla_student_uml_edu-rawseqorcc/trimmed-cutadapt/2024_Hyp02_Warm02_B16_gill_S209_R2_trim.fastq /scratch4/workspace/jade_fiorilla_student_uml_edu-rawseqorcc/fastq/2024_Hyp02_Warm02_B16_gill_S209_R1_001.fastq.gz /scratch4/workspace/jade_fiorilla_student_uml_edu-rawseqorcc/fastq/2024_Hyp02_Warm02_B16_gill_S209_R2_001.fastq.gz
Processing paired-end reads on 4 cores ...

=== Summary ===

Total read pairs processed:          1,719,626
  Read 1 with adapter:               1,702,684 (99.0%)
  Read 2 with adapter:               1,674,800 (97.4%)
Pairs written (passing filters):     1,719,626 (100.0%)

Total basepairs processed: 1,035,214,852 bp
  Read 1:   517,607,426 bp
  Read 2:   517,607,426 bp
Total written (filtered):    969,360,411 bp (93.6%)
  Read 1:   485,249,434 bp
  Read 2:   484,110,977 bp

=== First read: Adapter 1 ===

Sequence: GTGYCAGCMGCCGCGGTAA; Type: regular 5'; Length: 19; Trimmed: 1702684 times

Minimum overlap: 3
No. of allowed errors:
1-9 bp: 0; 10-19 bp: 1

Overview of removed sequences
length	count	expect	max.err	error counts
3	48	26869.2	0	48
5	1	1679.3	0	1
9	2	6.6	0	2
10	2	1.6	1	2
11	1	0.4	1	1
12	48	0.1	1	46 2
13	4	0.0	1	2 2
14	8	0.0	1	1 7
15	11	0.0	1	9 2
16	45	0.0	1	34 11
17	115	0.0	1	93 22
18	4241	0.0	1	709 3532
19	1691359	0.0	1	1661064 30295
20	3848	0.0	1	1110 2738
21	488	0.0	1	420 68
22	2399	0.0	1	1287 1112
23	2	0.0	1	0 2
24	3	0.0	1	3
25	7	0.0	1	7
26	6	0.0	1	6
27	2	0.0	1	2
28	1	0.0	1	1
29	1	0.0	1	1
30	5	0.0	1	4 1
31	7	0.0	1	4 3
33	4	0.0	1	2 2
34	1	0.0	1	1
35	2	0.0	1	2
36	9	0.0	1	9
37	2	0.0	1	2
38	2	0.0	1	1 1
40	1	0.0	1	1
41	4	0.0	1	4
42	1	0.0	1	1
43	2	0.0	1	2
50	2	0.0	1	2


=== Second read: Adapter 2 ===

Sequence: GGACTACNVGGGTWTCTAAT; Type: regular 5'; Length: 20; Trimmed: 1674800 times

Minimum overlap: 3
No. of allowed errors:
1-9 bp: 0; 10-19 bp: 1

Overview of removed sequences
length	count	expect	max.err	error counts
3	61	26869.2	0	61
4	1	6717.3	0	1
10	3	1.6	1	3
11	2	0.4	1	2
12	14	0.1	1	13 1
13	9	0.0	1	5 4
14	15	0.0	1	9 6
15	7	0.0	1	1 6
16	15	0.0	1	4 11
17	16	0.0	1	10 6
18	60	0.0	1	37 23
19	6744	0.0	1	949 5795
20	1662031	0.0	1	1619650 42381
21	4416	0.0	1	1363 3053
22	284	0.0	1	260 24
23	1065	0.0	1	976 89
24	9	0.0	1	2 7
25	2	0.0	1	2
26	1	0.0	1	0 1
27	1	0.0	1	0 1
28	9	0.0	1	9
29	3	0.0	1	3
30	8	0.0	1	7 1
31	2	0.0	1	1 1
32	9	0.0	1	9
33	2	0.0	1	1 1
35	2	0.0	1	2
36	1	0.0	1	1
40	1	0.0	1	1
43	1	0.0	1	1
45	2	0.0	1	2
46	3	0.0	1	3
52	1	0.0	1	1
Running cutadapt on: 2024_Hyp02_Warm02_B16_gut_S22
This is cutadapt 5.2 with Python 3.13.15
Command line parameters: -j 4 -g GTGYCAGCMGCCGCGGTAA -G GGACTACNVGGGTWTCTAAT -o /scratch4/workspace/jade_fiorilla_student_uml_edu-rawseqorcc/trimmed-cutadapt/2024_Hyp02_Warm02_B16_gut_S22_R1_trim.fastq -p /scratch4/workspace/jade_fiorilla_student_uml_edu-rawseqorcc/trimmed-cutadapt/2024_Hyp02_Warm02_B16_gut_S22_R2_trim.fastq /scratch4/workspace/jade_fiorilla_student_uml_edu-rawseqorcc/fastq/2024_Hyp02_Warm02_B16_gut_S22_R1_001.fastq.gz /scratch4/workspace/jade_fiorilla_student_uml_edu-rawseqorcc/fastq/2024_Hyp02_Warm02_B16_gut_S22_R2_001.fastq.gz
Processing paired-end reads on 4 cores ...

=== Summary ===

Total read pairs processed:          1,053,316
  Read 1 with adapter:                 673,737 (64.0%)
  Read 2 with adapter:                 350,694 (33.3%)
Pairs written (passing filters):     1,053,316 (100.0%)

Total basepairs processed:   634,096,232 bp
  Read 1:   317,048,116 bp
  Read 2:   317,048,116 bp
Total written (filtered):    613,240,289 bp (96.7%)
  Read 1:   303,564,879 bp
  Read 2:   309,675,410 bp

=== First read: Adapter 1 ===

Sequence: GTGYCAGCMGCCGCGGTAA; Type: regular 5'; Length: 19; Trimmed: 673737 times

Minimum overlap: 3
No. of allowed errors:
1-9 bp: 0; 10-19 bp: 1

Overview of removed sequences
length	count	expect	max.err	error counts
3	6	16458.1	0	6
5	1	1028.6	0	1
9	1	4.0	0	1
10	5	1.0	1	5
12	26	0.1	1	14 12
13	7	0.0	1	2 5
14	5	0.0	1	0 5
15	15	0.0	1	1 14
16	23	0.0	1	18 5
17	9	0.0	1	3 6
18	81	0.0	1	30 51
19	5455	0.0	1	2470 2985
20	656031	0.0	1	325000 331031
21	10116	0.0	1	7677 2439
22	1887	0.0	1	1635 252
23	6	0.0	1	3 3
24	3	0.0	1	1 2
25	9	0.0	1	7 2
26	4	0.0	1	0 4
27	3	0.0	1	1 2
28	3	0.0	1	2 1
29	7	0.0	1	3 4
30	3	0.0	1	1 2
31	1	0.0	1	1
32	1	0.0	1	0 1
33	3	0.0	1	1 2
34	3	0.0	1	1 2
35	4	0.0	1	0 4
36	1	0.0	1	1
37	3	0.0	1	1 2
38	2	0.0	1	0 2
42	3	0.0	1	0 3
43	2	0.0	1	0 2
46	1	0.0	1	0 1
52	2	0.0	1	2
53	2	0.0	1	0 2
56	2	0.0	1	1 1
59	1	0.0	1	0 1


=== Second read: Adapter 2 ===

Sequence: GGACTACNVGGGTWTCTAAT; Type: regular 5'; Length: 20; Trimmed: 350694 times

Minimum overlap: 3
No. of allowed errors:
1-9 bp: 0; 10-19 bp: 1

Overview of removed sequences
length	count	expect	max.err	error counts
3	5	16458.1	0	5
11	1	0.3	1	1
12	1	0.1	1	0 1
13	1	0.0	1	1
14	6	0.0	1	1 5
15	4	0.0	1	0 4
16	7	0.0	1	6 1
17	7	0.0	1	7
18	11	0.0	1	9 2
19	28	0.0	1	19 9
20	3206	0.0	1	1809 1397
21	336822	0.0	1	326859 9963
22	9668	0.0	1	8594 1074
23	906	0.0	1	844 62
24	6	0.0	1	4 2
25	1	0.0	1	1
26	1	0.0	1	0 1
27	3	0.0	1	3
28	1	0.0	1	0 1
30	2	0.0	1	1 1
31	1	0.0	1	1
35	2	0.0	1	2
37	1	0.0	1	0 1
43	2	0.0	1	2
46	1	0.0	1	1
Running cutadapt on: 2024_Hyp03_Both04_B41_gill_S248
This is cutadapt 5.2 with Python 3.13.15
Command line parameters: -j 4 -g GTGYCAGCMGCCGCGGTAA -G GGACTACNVGGGTWTCTAAT -o /scratch4/workspace/jade_fiorilla_student_uml_edu-rawseqorcc/trimmed-cutadapt/2024_Hyp03_Both04_B41_gill_S248_R1_trim.fastq -p /scratch4/workspace/jade_fiorilla_student_uml_edu-rawseqorcc/trimmed-cutadapt/2024_Hyp03_Both04_B41_gill_S248_R2_trim.fastq /scratch4/workspace/jade_fiorilla_student_uml_edu-rawseqorcc/fastq/2024_Hyp03_Both04_B41_gill_S248_R1_001.fastq.gz /scratch4/workspace/jade_fiorilla_student_uml_edu-rawseqorcc/fastq/2024_Hyp03_Both04_B41_gill_S248_R2_001.fastq.gz
Processing paired-end reads on 4 cores ...

=== Summary ===

Total read pairs processed:            646,468
  Read 1 with adapter:                 628,451 (97.2%)
  Read 2 with adapter:                 636,934 (98.5%)
Pairs written (passing filters):       646,468 (100.0%)

Total basepairs processed:   389,173,736 bp
  Read 1:   194,586,868 bp
  Read 2:   194,586,868 bp
Total written (filtered):    360,724,052 bp (92.7%)
  Read 1:   180,777,707 bp
  Read 2:   179,946,345 bp

=== First read: Adapter 1 ===

Sequence: GTGYCAGCMGCCGCGGTAA; Type: regular 5'; Length: 19; Trimmed: 628451 times

Minimum overlap: 3
No. of allowed errors:
1-9 bp: 0; 10-19 bp: 1

Overview of removed sequences
length	count	expect	max.err	error counts
3	386	10101.1	0	386
4	1	2525.3	0	1
8	1	9.9	0	1
9	9	2.5	0	9
10	2	0.6	1	2
11	5	0.2	1	3 2
12	138	0.0	1	132 6
13	18	0.0	1	8 10
14	14	0.0	1	4 10
15	24	0.0	1	10 14
16	53	0.0	1	39 14
17	40	0.0	1	13 27
18	99	0.0	1	63 36
19	1176	0.0	1	1101 75
20	646	0.0	1	496 150
21	3599	0.0	1	1228 2371
22	620771	0.0	1	603568 17203
23	1418	0.0	1	474 944
24	5	0.0	1	5
25	1	0.0	1	1
26	8	0.0	1	8
27	2	0.0	1	1 1
28	2	0.0	1	0 2
30	6	0.0	1	5 1
31	2	0.0	1	2
32	3	0.0	1	3
33	1	0.0	1	0 1
34	4	0.0	1	2 2
35	4	0.0	1	4
37	3	0.0	1	3
38	3	0.0	1	3
40	1	0.0	1	1
47	5	0.0	1	5
50	1	0.0	1	1


=== Second read: Adapter 2 ===

Sequence: GGACTACNVGGGTWTCTAAT; Type: regular 5'; Length: 20; Trimmed: 636934 times

Minimum overlap: 3
No. of allowed errors:
1-9 bp: 0; 10-19 bp: 1

Overview of removed sequences
length	count	expect	max.err	error counts
3	116	10101.1	0	116
5	3	631.3	0	3
10	5	0.6	1	3 2
11	3	0.2	1	1 2
12	3	0.0	1	2 1
13	7	0.0	1	7
14	11	0.0	1	6 5
15	10	0.0	1	4 6
16	6	0.0	1	2 4
17	8	0.0	1	5 3
18	22	0.0	1	18 4
19	46	0.0	1	33 13
20	689	0.0	1	643 46
21	340	0.0	1	295 45
22	5036	0.0	1	961 4075
23	628893	0.0	1	613262 15631
24	1708	0.0	1	543 1165
25	8	0.0	1	7 1
26	1	0.0	1	1
27	3	0.0	1	3
29	1	0.0	1	1
30	1	0.0	1	1
31	1	0.0	1	1
33	3	0.0	1	3
35	1	0.0	1	1
37	2	0.0	1	1 1
38	3	0.0	1	0 3
41	1	0.0	1	1
42	1	0.0	1	1
48	1	0.0	1	1
51	1	0.0	1	1
Running cutadapt on: 2024_Hyp03_Both04_B41_gut_S50
This is cutadapt 5.2 with Python 3.13.15
Command line parameters: -j 4 -g GTGYCAGCMGCCGCGGTAA -G GGACTACNVGGGTWTCTAAT -o /scratch4/workspace/jade_fiorilla_student_uml_edu-rawseqorcc/trimmed-cutadapt/2024_Hyp03_Both04_B41_gut_S50_R1_trim.fastq -p /scratch4/workspace/jade_fiorilla_student_uml_edu-rawseqorcc/trimmed-cutadapt/2024_Hyp03_Both04_B41_gut_S50_R2_trim.fastq /scratch4/workspace/jade_fiorilla_student_uml_edu-rawseqorcc/fastq/2024_Hyp03_Both04_B41_gut_S50_R1_001.fastq.gz /scratch4/workspace/jade_fiorilla_student_uml_edu-rawseqorcc/fastq/2024_Hyp03_Both04_B41_gut_S50_R2_001.fastq.gz
Processing paired-end reads on 4 cores ...

=== Summary ===

Total read pairs processed:          1,457,719
  Read 1 with adapter:                 974,955 (66.9%)
  Read 2 with adapter:                 260,982 (17.9%)
Pairs written (passing filters):     1,457,719 (100.0%)

Total basepairs processed:   877,546,838 bp
  Read 1:   438,773,419 bp
  Read 2:   438,773,419 bp
Total written (filtered):    853,783,944 bp (97.3%)
  Read 1:   420,236,034 bp
  Read 2:   433,547,910 bp

=== First read: Adapter 1 ===

Sequence: GTGYCAGCMGCCGCGGTAA; Type: regular 5'; Length: 19; Trimmed: 974955 times

Minimum overlap: 3
No. of allowed errors:
1-9 bp: 0; 10-19 bp: 1

Overview of removed sequences
length	count	expect	max.err	error counts
3	2	22776.9	0	2
11	1	0.3	1	0 1
12	57	0.1	1	17 40
13	9	0.0	1	4 5
14	3	0.0	1	1 2
15	12	0.0	1	0 12
16	41	0.0	1	11 30
17	66	0.0	1	11 55
18	1300	0.0	1	148 1152
19	965238	0.0	1	251421 713817
20	3583	0.0	1	1951 1632
21	3341	0.0	1	2027 1314
22	1203	0.0	1	951 252
23	7	0.0	1	0 7
24	3	0.0	1	0 3
25	5	0.0	1	0 5
26	1	0.0	1	1
28	1	0.0	1	0 1
30	5	0.0	1	0 5
31	4	0.0	1	0 4
32	34	0.0	1	0 34
33	4	0.0	1	0 4
34	1	0.0	1	1
35	2	0.0	1	0 2
36	1	0.0	1	0 1
37	8	0.0	1	0 8
38	6	0.0	1	0 6
39	3	0.0	1	0 3
40	1	0.0	1	0 1
42	1	0.0	1	0 1
43	1	0.0	1	1
44	1	0.0	1	1
45	1	0.0	1	0 1
47	1	0.0	1	0 1
48	1	0.0	1	0 1
49	2	0.0	1	0 2
51	2	0.0	1	0 2
53	2	0.0	1	0 2
56	1	0.0	1	0 1


=== Second read: Adapter 2 ===

Sequence: GGACTACNVGGGTWTCTAAT; Type: regular 5'; Length: 20; Trimmed: 260982 times

Minimum overlap: 3
No. of allowed errors:
1-9 bp: 0; 10-19 bp: 1

Overview of removed sequences
length	count	expect	max.err	error counts
3	6	22776.9	0	6
10	1	1.4	1	1
12	1	0.1	1	1
13	2	0.0	1	2
14	1	0.0	1	0 1
15	1	0.0	1	0 1
16	2	0.0	1	1 1
17	14	0.0	1	11 3
18	23	0.0	1	11 12
19	1219	0.0	1	174 1045
20	255788	0.0	1	249920 5868
21	1715	0.0	1	1105 610
22	1069	0.0	1	1005 64
23	1130	0.0	1	1073 57
24	2	0.0	1	1 1
25	1	0.0	1	1
26	2	0.0	1	2
29	1	0.0	1	1
32	1	0.0	1	1
33	2	0.0	1	2
34	1	0.0	1	0 1
Running cutadapt on: 2024_Hyp03_Cont05_B54_gill_S274
This is cutadapt 5.2 with Python 3.13.15
Command line parameters: -j 4 -g GTGYCAGCMGCCGCGGTAA -G GGACTACNVGGGTWTCTAAT -o /scratch4/workspace/jade_fiorilla_student_uml_edu-rawseqorcc/trimmed-cutadapt/2024_Hyp03_Cont05_B54_gill_S274_R1_trim.fastq -p /scratch4/workspace/jade_fiorilla_student_uml_edu-rawseqorcc/trimmed-cutadapt/2024_Hyp03_Cont05_B54_gill_S274_R2_trim.fastq /scratch4/workspace/jade_fiorilla_student_uml_edu-rawseqorcc/fastq/2024_Hyp03_Cont05_B54_gill_S274_R1_001.fastq.gz /scratch4/workspace/jade_fiorilla_student_uml_edu-rawseqorcc/fastq/2024_Hyp03_Cont05_B54_gill_S274_R2_001.fastq.gz
Processing paired-end reads on 4 cores ...

=== Summary ===

Total read pairs processed:            873,713
  Read 1 with adapter:                 805,742 (92.2%)
  Read 2 with adapter:                 756,969 (86.6%)
Pairs written (passing filters):       873,713 (100.0%)

Total basepairs processed:   525,975,226 bp
  Read 1:   262,987,613 bp
  Read 2:   262,987,613 bp
Total written (filtered):    492,416,240 bp (93.6%)
  Read 1:   246,074,030 bp
  Read 2:   246,342,210 bp

=== First read: Adapter 1 ===

Sequence: GTGYCAGCMGCCGCGGTAA; Type: regular 5'; Length: 19; Trimmed: 805742 times

Minimum overlap: 3
No. of allowed errors:
1-9 bp: 0; 10-19 bp: 1

Overview of removed sequences
length	count	expect	max.err	error counts
3	14	13651.8	0	14
11	1	0.2	1	1
12	22	0.1	1	21 1
13	4	0.0	1	4
14	1	0.0	1	0 1
15	8	0.0	1	3 5
16	12	0.0	1	9 3
17	24	0.0	1	19 5
18	32	0.0	1	17 15
19	2126	0.0	1	1993 133
20	4154	0.0	1	2070 2084
21	797666	0.0	1	723705 73961
22	1624	0.0	1	530 1094
23	4	0.0	1	2 2
24	2	0.0	1	2
25	6	0.0	1	5 1
26	5	0.0	1	4 1
27	6	0.0	1	6
28	1	0.0	1	0 1
29	4	0.0	1	4
30	3	0.0	1	3
32	1	0.0	1	0 1
33	5	0.0	1	3 2
34	3	0.0	1	3
35	1	0.0	1	1
36	1	0.0	1	1
37	1	0.0	1	1
38	1	0.0	1	1
40	1	0.0	1	1
41	2	0.0	1	2
42	2	0.0	1	2
46	1	0.0	1	1
48	1	0.0	1	1
50	1	0.0	1	1
51	1	0.0	1	1
54	1	0.0	1	0 1


=== Second read: Adapter 2 ===

Sequence: GGACTACNVGGGTWTCTAAT; Type: regular 5'; Length: 20; Trimmed: 756969 times

Minimum overlap: 3
No. of allowed errors:
1-9 bp: 0; 10-19 bp: 1

Overview of removed sequences
length	count	expect	max.err	error counts
3	11	13651.8	0	11
10	8	0.8	1	7 1
11	2	0.2	1	1 1
12	1	0.1	1	0 1
13	2	0.0	1	1 1
14	16	0.0	1	7 9
15	7	0.0	1	2 5
16	11	0.0	1	5 6
17	10	0.0	1	5 5
18	34	0.0	1	23 11
19	46	0.0	1	30 16
20	1290	0.0	1	1160 130
21	6789	0.0	1	2577 4212
22	746816	0.0	1	651295 95521
23	1890	0.0	1	631 1259
24	3	0.0	1	2 1
25	2	0.0	1	0 2
26	3	0.0	1	0 3
27	1	0.0	1	1
28	1	0.0	1	1
29	3	0.0	1	3
30	2	0.0	1	2
32	2	0.0	1	2
33	1	0.0	1	1
35	2	0.0	1	0 2
37	1	0.0	1	0 1
39	2	0.0	1	2
41	5	0.0	1	5
45	1	0.0	1	1
47	2	0.0	1	2
48	2	0.0	1	2
51	2	0.0	1	0 2
52	1	0.0	1	1
Running cutadapt on: 2024_Hyp03_Cont05_B54_gut_S96
This is cutadapt 5.2 with Python 3.13.15
Command line parameters: -j 4 -g GTGYCAGCMGCCGCGGTAA -G GGACTACNVGGGTWTCTAAT -o /scratch4/workspace/jade_fiorilla_student_uml_edu-rawseqorcc/trimmed-cutadapt/2024_Hyp03_Cont05_B54_gut_S96_R1_trim.fastq -p /scratch4/workspace/jade_fiorilla_student_uml_edu-rawseqorcc/trimmed-cutadapt/2024_Hyp03_Cont05_B54_gut_S96_R2_trim.fastq /scratch4/workspace/jade_fiorilla_student_uml_edu-rawseqorcc/fastq/2024_Hyp03_Cont05_B54_gut_S96_R1_001.fastq.gz /scratch4/workspace/jade_fiorilla_student_uml_edu-rawseqorcc/fastq/2024_Hyp03_Cont05_B54_gut_S96_R2_001.fastq.gz
Processing paired-end reads on 4 cores ...

=== Summary ===

Total read pairs processed:          1,034,630
  Read 1 with adapter:               1,024,098 (99.0%)
  Read 2 with adapter:               1,016,291 (98.2%)
Pairs written (passing filters):     1,034,630 (100.0%)

Total basepairs processed:   622,847,260 bp
  Read 1:   311,423,630 bp
  Read 2:   311,423,630 bp
Total written (filtered):    579,106,219 bp (93.0%)
  Read 1:   289,978,357 bp
  Read 2:   289,127,862 bp

=== First read: Adapter 1 ===

Sequence: GTGYCAGCMGCCGCGGTAA; Type: regular 5'; Length: 19; Trimmed: 1024098 times

Minimum overlap: 3
No. of allowed errors:
1-9 bp: 0; 10-19 bp: 1

Overview of removed sequences
length	count	expect	max.err	error counts
3	8	16166.1	0	8
8	1	15.8	0	1
9	11	3.9	0	11
10	3	1.0	1	2 1
11	5	0.2	1	4 1
12	59	0.1	1	55 4
13	7	0.0	1	7
14	8	0.0	1	6 2
15	8	0.0	1	4 4
16	21	0.0	1	19 2
17	35	0.0	1	18 17
18	80	0.0	1	39 41
19	23578	0.0	1	20917 2661
20	15180	0.0	1	9890 5290
21	982800	0.0	1	965256 17544
22	2216	0.0	1	721 1495
23	6	0.0	1	5 1
24	2	0.0	1	2
25	7	0.0	1	7
26	11	0.0	1	5 6
27	1	0.0	1	1
28	3	0.0	1	2 1
29	6	0.0	1	5 1
30	4	0.0	1	4
31	2	0.0	1	2
32	1	0.0	1	0 1
33	2	0.0	1	2
34	3	0.0	1	3
35	1	0.0	1	0 1
36	5	0.0	1	5
37	3	0.0	1	3
38	3	0.0	1	3
39	9	0.0	1	9
40	1	0.0	1	1
41	2	0.0	1	2
43	2	0.0	1	1 1
47	1	0.0	1	1
52	2	0.0	1	2
57	1	0.0	1	1


=== Second read: Adapter 2 ===

Sequence: GGACTACNVGGGTWTCTAAT; Type: regular 5'; Length: 20; Trimmed: 1016291 times

Minimum overlap: 3
No. of allowed errors:
1-9 bp: 0; 10-19 bp: 1

Overview of removed sequences
length	count	expect	max.err	error counts
3	4	16166.1	0	4
10	2	1.0	1	2
11	5	0.2	1	3 2
12	19	0.1	1	14 5
13	16	0.0	1	13 3
14	19	0.0	1	5 14
15	14	0.0	1	3 11
16	23	0.0	1	11 12
17	28	0.0	1	22 6
18	47	0.0	1	37 10
19	185	0.0	1	61 124
20	24526	0.0	1	23703 823
21	14559	0.0	1	8758 5801
22	974552	0.0	1	954558 19994
23	2236	0.0	1	824 1412
24	17	0.0	1	10 7
25	4	0.0	1	4
26	6	0.0	1	5 1
27	2	0.0	1	2
28	2	0.0	1	2
29	2	0.0	1	2
30	3	0.0	1	3
33	1	0.0	1	1
34	2	0.0	1	2
35	2	0.0	1	2
36	1	0.0	1	0 1
39	1	0.0	1	0 1
40	2	0.0	1	2
41	2	0.0	1	2
42	4	0.0	1	4
44	2	0.0	1	2
47	1	0.0	1	1
50	2	0.0	1	2
Running cutadapt on: 2024_Hyp03_Hyp04_B41_gill_S156
This is cutadapt 5.2 with Python 3.13.15
Command line parameters: -j 4 -g GTGYCAGCMGCCGCGGTAA -G GGACTACNVGGGTWTCTAAT -o /scratch4/workspace/jade_fiorilla_student_uml_edu-rawseqorcc/trimmed-cutadapt/2024_Hyp03_Hyp04_B41_gill_S156_R1_trim.fastq -p /scratch4/workspace/jade_fiorilla_student_uml_edu-rawseqorcc/trimmed-cutadapt/2024_Hyp03_Hyp04_B41_gill_S156_R2_trim.fastq /scratch4/workspace/jade_fiorilla_student_uml_edu-rawseqorcc/fastq/2024_Hyp03_Hyp04_B41_gill_S156_R1_001.fastq.gz /scratch4/workspace/jade_fiorilla_student_uml_edu-rawseqorcc/fastq/2024_Hyp03_Hyp04_B41_gill_S156_R2_001.fastq.gz
Processing paired-end reads on 4 cores ...

=== Summary ===

Total read pairs processed:          1,530,057
  Read 1 with adapter:               1,406,757 (91.9%)
  Read 2 with adapter:               1,282,783 (83.8%)
Pairs written (passing filters):     1,530,057 (100.0%)

Total basepairs processed:   921,094,314 bp
  Read 1:   460,547,157 bp
  Read 2:   460,547,157 bp
Total written (filtered):    863,359,443 bp (93.7%)
  Read 1:   431,021,131 bp
  Read 2:   432,338,312 bp

=== First read: Adapter 1 ===

Sequence: GTGYCAGCMGCCGCGGTAA; Type: regular 5'; Length: 19; Trimmed: 1406757 times

Minimum overlap: 3
No. of allowed errors:
1-9 bp: 0; 10-19 bp: 1

Overview of removed sequences
length	count	expect	max.err	error counts
3	12	23907.1	0	12
8	1	23.3	0	1
9	2	5.8	0	2
10	1	1.5	1	1
11	1	0.4	1	0 1
12	69	0.1	1	59 10
13	4	0.0	1	4
14	5	0.0	1	4 1
15	10	0.0	1	4 6
16	18	0.0	1	11 7
17	26	0.0	1	18 8
18	51	0.0	1	22 29
19	4798	0.0	1	4042 756
20	9557	0.0	1	5054 4503
21	1388309	0.0	1	1239135 149174
22	3799	0.0	1	1647 2152
23	17	0.0	1	9 8
24	8	0.0	1	8
25	10	0.0	1	9 1
26	1	0.0	1	0 1
27	8	0.0	1	8
28	1	0.0	1	1
29	5	0.0	1	4 1
31	3	0.0	1	3
32	8	0.0	1	8
33	8	0.0	1	2 6
34	3	0.0	1	2 1
35	2	0.0	1	2
36	6	0.0	1	5 1
37	5	0.0	1	5
38	3	0.0	1	2 1
42	1	0.0	1	1
43	2	0.0	1	2
44	1	0.0	1	1
48	1	0.0	1	1
58	1	0.0	1	1


=== Second read: Adapter 2 ===

Sequence: GGACTACNVGGGTWTCTAAT; Type: regular 5'; Length: 20; Trimmed: 1282783 times

Minimum overlap: 3
No. of allowed errors:
1-9 bp: 0; 10-19 bp: 1

Overview of removed sequences
length	count	expect	max.err	error counts
3	7	23907.1	0	7
5	1	1494.2	0	1
9	3	5.8	0	3
10	8	1.5	1	5 3
11	4	0.4	1	2 2
12	9	0.1	1	8 1
13	17	0.0	1	7 10
14	14	0.0	1	9 5
15	17	0.0	1	11 6
16	11	0.0	1	5 6
17	36	0.0	1	22 14
18	42	0.0	1	30 12
19	107	0.0	1	51 56
20	2604	0.0	1	2449 155
21	9253	0.0	1	3051 6202
22	1267394	0.0	1	1191901 75493
23	3214	0.0	1	1286 1928
24	6	0.0	1	5 1
25	5	0.0	1	1 4
26	4	0.0	1	4
27	3	0.0	1	3
28	2	0.0	1	0 2
30	5	0.0	1	4 1
31	1	0.0	1	1
33	2	0.0	1	2
35	2	0.0	1	2
37	1	0.0	1	1
38	1	0.0	1	0 1
39	2	0.0	1	2
40	2	0.0	1	1 1
41	1	0.0	1	1
42	1	0.0	1	1
43	1	0.0	1	1
47	2	0.0	1	2
48	1	0.0	1	1
Running cutadapt on: 2024_Hyp03_Hyp04_B41_gut_S157
This is cutadapt 5.2 with Python 3.13.15
Command line parameters: -j 4 -g GTGYCAGCMGCCGCGGTAA -G GGACTACNVGGGTWTCTAAT -o /scratch4/workspace/jade_fiorilla_student_uml_edu-rawseqorcc/trimmed-cutadapt/2024_Hyp03_Hyp04_B41_gut_S157_R1_trim.fastq -p /scratch4/workspace/jade_fiorilla_student_uml_edu-rawseqorcc/trimmed-cutadapt/2024_Hyp03_Hyp04_B41_gut_S157_R2_trim.fastq /scratch4/workspace/jade_fiorilla_student_uml_edu-rawseqorcc/fastq/2024_Hyp03_Hyp04_B41_gut_S157_R1_001.fastq.gz /scratch4/workspace/jade_fiorilla_student_uml_edu-rawseqorcc/fastq/2024_Hyp03_Hyp04_B41_gut_S157_R2_001.fastq.gz
Processing paired-end reads on 4 cores ...

=== Summary ===

Total read pairs processed:          1,096,756
  Read 1 with adapter:               1,031,428 (94.0%)
  Read 2 with adapter:                 969,464 (88.4%)
Pairs written (passing filters):     1,096,756 (100.0%)

Total basepairs processed:   660,247,112 bp
  Read 1:   330,123,556 bp
  Read 2:   330,123,556 bp
Total written (filtered):    617,279,375 bp (93.5%)
  Read 1:   308,475,169 bp
  Read 2:   308,804,206 bp

=== First read: Adapter 1 ===

Sequence: GTGYCAGCMGCCGCGGTAA; Type: regular 5'; Length: 19; Trimmed: 1031428 times

Minimum overlap: 3
No. of allowed errors:
1-9 bp: 0; 10-19 bp: 1

Overview of removed sequences
length	count	expect	max.err	error counts
3	14	17136.8	0	14
9	1	4.2	0	1
11	3	0.3	1	1 2
12	54	0.1	1	49 5
13	4	0.0	1	1 3
14	10	0.0	1	9 1
15	8	0.0	1	6 2
16	17	0.0	1	14 3
17	34	0.0	1	27 7
18	58	0.0	1	24 34
19	3887	0.0	1	3169 718
20	6108	0.0	1	3061 3047
21	1018277	0.0	1	941423 76854
22	2868	0.0	1	1142 1726
23	17	0.0	1	16 1
24	7	0.0	1	6 1
25	12	0.0	1	9 3
26	10	0.0	1	8 2
27	4	0.0	1	4
28	4	0.0	1	4
31	1	0.0	1	1
33	3	0.0	1	3
34	4	0.0	1	3 1
35	6	0.0	1	6
37	8	0.0	1	4 4
38	2	0.0	1	2
40	1	0.0	1	1
43	1	0.0	1	1
44	2	0.0	1	2
50	1	0.0	1	1
57	1	0.0	1	1
58	1	0.0	1	1


=== Second read: Adapter 2 ===

Sequence: GGACTACNVGGGTWTCTAAT; Type: regular 5'; Length: 20; Trimmed: 969464 times

Minimum overlap: 3
No. of allowed errors:
1-9 bp: 0; 10-19 bp: 1

Overview of removed sequences
length	count	expect	max.err	error counts
3	3	17136.8	0	3
4	1	4284.2	0	1
9	1	4.2	0	1
10	2	1.0	1	2
11	4	0.3	1	2 2
12	5	0.1	1	3 2
13	11	0.0	1	5 6
14	24	0.0	1	10 14
15	13	0.0	1	6 7
16	15	0.0	1	5 10
17	19	0.0	1	12 7
18	42	0.0	1	30 12
19	53	0.0	1	33 20
20	1985	0.0	1	1887 98
21	6825	0.0	1	2107 4718
22	957817	0.0	1	916544 41273
23	2608	0.0	1	1177 1431
24	6	0.0	1	6
25	2	0.0	1	2
26	2	0.0	1	2
27	2	0.0	1	2
28	2	0.0	1	1 1
29	1	0.0	1	1
30	2	0.0	1	2
32	3	0.0	1	3
33	1	0.0	1	1
34	1	0.0	1	1
37	1	0.0	1	1
38	3	0.0	1	3
41	2	0.0	1	2
42	3	0.0	1	3
44	2	0.0	1	2
49	1	0.0	1	1
54	1	0.0	1	1
63	1	0.0	1	1
Running cutadapt on: 2024_Hyp03_Hyp06_B66_gill_S253
This is cutadapt 5.2 with Python 3.13.15
Command line parameters: -j 4 -g GTGYCAGCMGCCGCGGTAA -G GGACTACNVGGGTWTCTAAT -o /scratch4/workspace/jade_fiorilla_student_uml_edu-rawseqorcc/trimmed-cutadapt/2024_Hyp03_Hyp06_B66_gill_S253_R1_trim.fastq -p /scratch4/workspace/jade_fiorilla_student_uml_edu-rawseqorcc/trimmed-cutadapt/2024_Hyp03_Hyp06_B66_gill_S253_R2_trim.fastq /scratch4/workspace/jade_fiorilla_student_uml_edu-rawseqorcc/fastq/2024_Hyp03_Hyp06_B66_gill_S253_R1_001.fastq.gz /scratch4/workspace/jade_fiorilla_student_uml_edu-rawseqorcc/fastq/2024_Hyp03_Hyp06_B66_gill_S253_R2_001.fastq.gz
Processing paired-end reads on 4 cores ...

=== Summary ===

Total read pairs processed:            681,584
  Read 1 with adapter:                 655,371 (96.2%)
  Read 2 with adapter:                 668,166 (98.0%)
Pairs written (passing filters):       681,584 (100.0%)

Total basepairs processed:   410,313,568 bp
  Read 1:   205,156,784 bp
  Read 2:   205,156,784 bp
Total written (filtered):    380,560,162 bp (92.7%)
  Read 1:   190,759,603 bp
  Read 2:   189,800,559 bp

=== First read: Adapter 1 ===

Sequence: GTGYCAGCMGCCGCGGTAA; Type: regular 5'; Length: 19; Trimmed: 655371 times

Minimum overlap: 3
No. of allowed errors:
1-9 bp: 0; 10-19 bp: 1

Overview of removed sequences
length	count	expect	max.err	error counts
3	657	10649.8	0	657
4	1	2662.4	0	1
8	3	10.4	0	3
9	6	2.6	0	6
10	3	0.7	1	3
11	2	0.2	1	1 1
12	98	0.0	1	95 3
13	19	0.0	1	15 4
14	14	0.0	1	8 6
15	12	0.0	1	10 2
16	76	0.0	1	59 17
17	41	0.0	1	23 18
18	74	0.0	1	44 30
19	990	0.0	1	909 81
20	569	0.0	1	414 155
21	3746	0.0	1	1274 2472
22	647525	0.0	1	605417 42108
23	1489	0.0	1	436 1053
24	10	0.0	1	8 2
25	3	0.0	1	3
26	5	0.0	1	5
27	3	0.0	1	1 2
28	4	0.0	1	4
29	3	0.0	1	3
31	2	0.0	1	2
32	3	0.0	1	3
33	1	0.0	1	1
34	2	0.0	1	2
35	1	0.0	1	1
36	1	0.0	1	1
37	1	0.0	1	1
38	2	0.0	1	2
40	2	0.0	1	2
41	1	0.0	1	1
45	2	0.0	1	2


=== Second read: Adapter 2 ===

Sequence: GGACTACNVGGGTWTCTAAT; Type: regular 5'; Length: 20; Trimmed: 668166 times

Minimum overlap: 3
No. of allowed errors:
1-9 bp: 0; 10-19 bp: 1

Overview of removed sequences
length	count	expect	max.err	error counts
3	185	10649.8	0	185
4	1	2662.4	0	1
5	3	665.6	0	3
11	2	0.2	1	1 1
12	5	0.0	1	3 2
13	11	0.0	1	10 1
14	8	0.0	1	4 4
15	13	0.0	1	8 5
16	10	0.0	1	4 6
17	11	0.0	1	9 2
18	30	0.0	1	21 9
19	56	0.0	1	22 34
20	405	0.0	1	363 42
21	290	0.0	1	237 53
22	7702	0.0	1	952 6750
23	657098	0.0	1	638471 18627
24	2307	0.0	1	674 1633
25	7	0.0	1	1 6
26	2	0.0	1	2
27	2	0.0	1	2
28	2	0.0	1	2
29	6	0.0	1	5 1
35	1	0.0	1	1
39	4	0.0	1	4
40	1	0.0	1	1
42	3	0.0	1	3
44	1	0.0	1	1
Running cutadapt on: 2024_Hyp03_Hyp06_B66_gut_S56
This is cutadapt 5.2 with Python 3.13.15
Command line parameters: -j 4 -g GTGYCAGCMGCCGCGGTAA -G GGACTACNVGGGTWTCTAAT -o /scratch4/workspace/jade_fiorilla_student_uml_edu-rawseqorcc/trimmed-cutadapt/2024_Hyp03_Hyp06_B66_gut_S56_R1_trim.fastq -p /scratch4/workspace/jade_fiorilla_student_uml_edu-rawseqorcc/trimmed-cutadapt/2024_Hyp03_Hyp06_B66_gut_S56_R2_trim.fastq /scratch4/workspace/jade_fiorilla_student_uml_edu-rawseqorcc/fastq/2024_Hyp03_Hyp06_B66_gut_S56_R1_001.fastq.gz /scratch4/workspace/jade_fiorilla_student_uml_edu-rawseqorcc/fastq/2024_Hyp03_Hyp06_B66_gut_S56_R2_001.fastq.gz
Processing paired-end reads on 4 cores ...

=== Summary ===

Total read pairs processed:          1,045,968
  Read 1 with adapter:                 771,268 (73.7%)
  Read 2 with adapter:                 486,168 (46.5%)
Pairs written (passing filters):     1,045,968 (100.0%)

Total basepairs processed:   629,672,736 bp
  Read 1:   314,836,368 bp
  Read 2:   314,836,368 bp
Total written (filtered):    602,792,373 bp (95.7%)
  Read 1:   298,648,818 bp
  Read 2:   304,143,555 bp

=== First read: Adapter 1 ===

Sequence: GTGYCAGCMGCCGCGGTAA; Type: regular 5'; Length: 19; Trimmed: 771268 times

Minimum overlap: 3
No. of allowed errors:
1-9 bp: 0; 10-19 bp: 1

Overview of removed sequences
length	count	expect	max.err	error counts
3	19	16343.2	0	19
8	3	16.0	0	3
9	3	4.0	0	3
12	47	0.1	1	28 19
13	6	0.0	1	2 4
14	4	0.0	1	1 3
15	3	0.0	1	2 1
16	19	0.0	1	17 2
17	26	0.0	1	11 15
18	47	0.0	1	15 32
19	4430	0.0	1	1873 2557
20	5714	0.0	1	3219 2495
21	755160	0.0	1	458883 296277
22	5689	0.0	1	4137 1552
23	18	0.0	1	9 9
24	8	0.0	1	6 2
25	9	0.0	1	4 5
26	1	0.0	1	1
27	5	0.0	1	1 4
28	3	0.0	1	0 3
29	5	0.0	1	2 3
31	5	0.0	1	4 1
32	6	0.0	1	4 2
33	3	0.0	1	2 1
34	2	0.0	1	0 2
35	4	0.0	1	1 3
36	7	0.0	1	3 4
37	1	0.0	1	0 1
38	2	0.0	1	2
39	1	0.0	1	0 1
40	1	0.0	1	0 1
41	1	0.0	1	0 1
43	1	0.0	1	0 1
45	3	0.0	1	3
46	3	0.0	1	1 2
47	3	0.0	1	0 3
49	1	0.0	1	0 1
50	1	0.0	1	0 1
53	3	0.0	1	0 3
64	1	0.0	1	0 1


=== Second read: Adapter 2 ===

Sequence: GGACTACNVGGGTWTCTAAT; Type: regular 5'; Length: 20; Trimmed: 486168 times

Minimum overlap: 3
No. of allowed errors:
1-9 bp: 0; 10-19 bp: 1

Overview of removed sequences
length	count	expect	max.err	error counts
3	25	16343.2	0	25
10	2	1.0	1	1 1
11	5	0.2	1	5
12	3	0.1	1	1 2
13	4	0.0	1	3 1
14	11	0.0	1	4 7
15	9	0.0	1	2 7
16	2	0.0	1	0 2
17	7	0.0	1	5 2
18	35	0.0	1	18 17
19	42	0.0	1	26 16
20	1039	0.0	1	964 75
21	5426	0.0	1	2018 3408
22	473979	0.0	1	460055 13924
23	5540	0.0	1	4330 1210
24	24	0.0	1	12 12
25	2	0.0	1	1 1
26	4	0.0	1	3 1
29	3	0.0	1	3
30	1	0.0	1	1
31	1	0.0	1	1
32	1	0.0	1	1
33	1	0.0	1	1
39	1	0.0	1	1
41	1	0.0	1	1
Running cutadapt on: 2024_Hyp03_Null_B18_gill_S182
This is cutadapt 5.2 with Python 3.13.15
Command line parameters: -j 4 -g GTGYCAGCMGCCGCGGTAA -G GGACTACNVGGGTWTCTAAT -o /scratch4/workspace/jade_fiorilla_student_uml_edu-rawseqorcc/trimmed-cutadapt/2024_Hyp03_Null_B18_gill_S182_R1_trim.fastq -p /scratch4/workspace/jade_fiorilla_student_uml_edu-rawseqorcc/trimmed-cutadapt/2024_Hyp03_Null_B18_gill_S182_R2_trim.fastq /scratch4/workspace/jade_fiorilla_student_uml_edu-rawseqorcc/fastq/2024_Hyp03_Null_B18_gill_S182_R1_001.fastq.gz /scratch4/workspace/jade_fiorilla_student_uml_edu-rawseqorcc/fastq/2024_Hyp03_Null_B18_gill_S182_R2_001.fastq.gz
Processing paired-end reads on 4 cores ...

=== Summary ===

Total read pairs processed:          2,339,041
  Read 1 with adapter:               1,584,717 (67.8%)
  Read 2 with adapter:                 538,599 (23.0%)
Pairs written (passing filters):     2,339,041 (100.0%)

Total basepairs processed: 1,408,102,682 bp
  Read 1:   704,051,341 bp
  Read 2:   704,051,341 bp
Total written (filtered):  1,367,198,508 bp (97.1%)
  Read 1:   673,925,946 bp
  Read 2:   693,272,562 bp

=== First read: Adapter 1 ===

Sequence: GTGYCAGCMGCCGCGGTAA; Type: regular 5'; Length: 19; Trimmed: 1584717 times

Minimum overlap: 3
No. of allowed errors:
1-9 bp: 0; 10-19 bp: 1

Overview of removed sequences
length	count	expect	max.err	error counts
3	23	36547.5	0	23
9	3	8.9	0	3
11	3	0.6	1	0 3
12	68	0.1	1	21 47
13	12	0.0	1	4 8
14	3	0.0	1	0 3
15	6	0.0	1	0 6
16	68	0.0	1	15 53
17	104	0.0	1	30 74
18	2073	0.0	1	233 1840
19	1569783	0.0	1	496832 1072951
20	8873	0.0	1	5800 3073
21	2256	0.0	1	1835 421
22	1327	0.0	1	683 644
23	6	0.0	1	2 4
24	2	0.0	1	0 2
25	10	0.0	1	6 4
26	1	0.0	1	1
27	4	0.0	1	1 3
28	1	0.0	1	0 1
29	1	0.0	1	0 1
30	1	0.0	1	1
31	25	0.0	1	2 23
32	2	0.0	1	0 2
33	3	0.0	1	0 3
34	13	0.0	1	4 9
35	2	0.0	1	1 1
36	2	0.0	1	1 1
37	2	0.0	1	2
38	3	0.0	1	1 2
39	4	0.0	1	0 4
40	2	0.0	1	0 2
41	2	0.0	1	0 2
42	4	0.0	1	0 4
43	2	0.0	1	0 2
44	2	0.0	1	0 2
45	5	0.0	1	2 3
46	1	0.0	1	0 1
47	2	0.0	1	0 2
48	1	0.0	1	0 1
49	2	0.0	1	1 1
50	1	0.0	1	0 1
51	3	0.0	1	0 3
54	2	0.0	1	1 1
59	4	0.0	1	0 4


=== Second read: Adapter 2 ===

Sequence: GGACTACNVGGGTWTCTAAT; Type: regular 5'; Length: 20; Trimmed: 538599 times

Minimum overlap: 3
No. of allowed errors:
1-9 bp: 0; 10-19 bp: 1

Overview of removed sequences
length	count	expect	max.err	error counts
3	28	36547.5	0	28
9	1	8.9	0	1
10	1	2.2	1	1
11	3	0.6	1	2 1
12	1	0.1	1	1
13	2	0.0	1	2
14	11	0.0	1	5 6
15	3	0.0	1	3
16	7	0.0	1	4 3
17	18	0.0	1	14 4
18	24	0.0	1	12 12
19	3947	0.0	1	296 3651
20	524833	0.0	1	489130 35703
21	8329	0.0	1	6393 1936
22	1061	0.0	1	972 89
23	317	0.0	1	294 23
24	2	0.0	1	2
25	4	0.0	1	4
26	1	0.0	1	1
28	1	0.0	1	1
29	1	0.0	1	0 1
30	1	0.0	1	1
32	1	0.0	1	1
33	1	0.0	1	0 1
35	1	0.0	1	1
Running cutadapt on: 2024_Hyp03_Null_B18_gut_S86
This is cutadapt 5.2 with Python 3.13.15
Command line parameters: -j 4 -g GTGYCAGCMGCCGCGGTAA -G GGACTACNVGGGTWTCTAAT -o /scratch4/workspace/jade_fiorilla_student_uml_edu-rawseqorcc/trimmed-cutadapt/2024_Hyp03_Null_B18_gut_S86_R1_trim.fastq -p /scratch4/workspace/jade_fiorilla_student_uml_edu-rawseqorcc/trimmed-cutadapt/2024_Hyp03_Null_B18_gut_S86_R2_trim.fastq /scratch4/workspace/jade_fiorilla_student_uml_edu-rawseqorcc/fastq/2024_Hyp03_Null_B18_gut_S86_R1_001.fastq.gz /scratch4/workspace/jade_fiorilla_student_uml_edu-rawseqorcc/fastq/2024_Hyp03_Null_B18_gut_S86_R2_001.fastq.gz
Processing paired-end reads on 4 cores ...

=== Summary ===

Total read pairs processed:            833,098
  Read 1 with adapter:                 618,533 (74.2%)
  Read 2 with adapter:                 405,228 (48.6%)
Pairs written (passing filters):       833,098 (100.0%)

Total basepairs processed:   501,524,996 bp
  Read 1:   250,762,498 bp
  Read 2:   250,762,498 bp
Total written (filtered):    479,643,281 bp (95.6%)
  Read 1:   237,786,546 bp
  Read 2:   241,856,735 bp

=== First read: Adapter 1 ===

Sequence: GTGYCAGCMGCCGCGGTAA; Type: regular 5'; Length: 19; Trimmed: 618533 times

Minimum overlap: 3
No. of allowed errors:
1-9 bp: 0; 10-19 bp: 1

Overview of removed sequences
length	count	expect	max.err	error counts
3	24	13017.2	0	24
9	1	3.2	0	1
10	2	0.8	1	2
11	4	0.2	1	1 3
12	24	0.0	1	18 6
14	1	0.0	1	1
15	1	0.0	1	1
16	3	0.0	1	0 3
17	6	0.0	1	2 4
18	32	0.0	1	11 21
19	3914	0.0	1	2079 1835
20	8407	0.0	1	5320 3087
21	603217	0.0	1	373950 229267
22	2817	0.0	1	1601 1216
23	4	0.0	1	2 2
24	2	0.0	1	0 2
25	10	0.0	1	7 3
26	9	0.0	1	5 4
27	5	0.0	1	0 5
28	5	0.0	1	0 5
29	2	0.0	1	2
30	1	0.0	1	1
31	3	0.0	1	3
32	3	0.0	1	3
33	3	0.0	1	0 3
34	3	0.0	1	3
35	4	0.0	1	0 4
36	4	0.0	1	1 3
38	4	0.0	1	2 2
40	1	0.0	1	0 1
42	1	0.0	1	0 1
43	2	0.0	1	0 2
45	2	0.0	1	0 2
46	5	0.0	1	0 5
48	1	0.0	1	0 1
58	3	0.0	1	0 3
68	3	0.0	1	0 3


=== Second read: Adapter 2 ===

Sequence: GGACTACNVGGGTWTCTAAT; Type: regular 5'; Length: 20; Trimmed: 405228 times

Minimum overlap: 3
No. of allowed errors:
1-9 bp: 0; 10-19 bp: 1

Overview of removed sequences
length	count	expect	max.err	error counts
3	6	13017.2	0	6
4	1	3254.3	0	1
11	1	0.2	1	1
12	2	0.0	1	0 2
13	9	0.0	1	9
14	4	0.0	1	1 3
15	9	0.0	1	3 6
16	5	0.0	1	0 5
17	10	0.0	1	7 3
18	20	0.0	1	15 5
19	34	0.0	1	15 19
20	1563	0.0	1	1454 109
21	7529	0.0	1	5184 2345
22	394318	0.0	1	376757 17561
23	1693	0.0	1	989 704
24	4	0.0	1	2 2
25	1	0.0	1	1
26	3	0.0	1	2 1
27	1	0.0	1	1
28	2	0.0	1	2
31	1	0.0	1	1
35	1	0.0	1	1
36	1	0.0	1	1
42	5	0.0	1	4 1
45	2	0.0	1	2
48	1	0.0	1	0 1
53	2	0.0	1	1 1
Running cutadapt on: 2024_Hyp03_Warm03_B30_gill_S210
This is cutadapt 5.2 with Python 3.13.15
Command line parameters: -j 4 -g GTGYCAGCMGCCGCGGTAA -G GGACTACNVGGGTWTCTAAT -o /scratch4/workspace/jade_fiorilla_student_uml_edu-rawseqorcc/trimmed-cutadapt/2024_Hyp03_Warm03_B30_gill_S210_R1_trim.fastq -p /scratch4/workspace/jade_fiorilla_student_uml_edu-rawseqorcc/trimmed-cutadapt/2024_Hyp03_Warm03_B30_gill_S210_R2_trim.fastq /scratch4/workspace/jade_fiorilla_student_uml_edu-rawseqorcc/fastq/2024_Hyp03_Warm03_B30_gill_S210_R1_001.fastq.gz /scratch4/workspace/jade_fiorilla_student_uml_edu-rawseqorcc/fastq/2024_Hyp03_Warm03_B30_gill_S210_R2_001.fastq.gz
Processing paired-end reads on 4 cores ...

=== Summary ===

Total read pairs processed:          2,107,768
  Read 1 with adapter:               2,102,091 (99.7%)
  Read 2 with adapter:               2,088,910 (99.1%)
Pairs written (passing filters):     2,107,768 (100.0%)

Total basepairs processed: 1,268,876,336 bp
  Read 1:   634,438,168 bp
  Read 2:   634,438,168 bp
Total written (filtered):  1,187,155,036 bp (93.6%)
  Read 1:   594,494,777 bp
  Read 2:   592,660,259 bp

=== First read: Adapter 1 ===

Sequence: GTGYCAGCMGCCGCGGTAA; Type: regular 5'; Length: 19; Trimmed: 2102091 times

Minimum overlap: 3
No. of allowed errors:
1-9 bp: 0; 10-19 bp: 1

Overview of removed sequences
length	count	expect	max.err	error counts
3	19	32933.9	0	19
9	2	8.0	0	2
10	3	2.0	1	3
12	49	0.1	1	47 2
13	8	0.0	1	7 1
14	9	0.0	1	4 5
15	7	0.0	1	3 4
16	37	0.0	1	27 10
17	107	0.0	1	75 32
18	4642	0.0	1	858 3784
19	2091016	0.0	1	2059141 31875
20	4537	0.0	1	1628 2909
21	767	0.0	1	639 128
22	820	0.0	1	469 351
23	6	0.0	1	3 3
24	9	0.0	1	9
25	1	0.0	1	1
26	3	0.0	1	3
27	7	0.0	1	4 3
28	4	0.0	1	4
29	2	0.0	1	0 2
33	4	0.0	1	3 1
34	2	0.0	1	2
35	2	0.0	1	2
36	3	0.0	1	3
37	9	0.0	1	8 1
38	1	0.0	1	1
39	2	0.0	1	2
40	6	0.0	1	6
43	2	0.0	1	2
46	3	0.0	1	3
49	2	0.0	1	2


=== Second read: Adapter 2 ===

Sequence: GGACTACNVGGGTWTCTAAT; Type: regular 5'; Length: 20; Trimmed: 2088910 times

Minimum overlap: 3
No. of allowed errors:
1-9 bp: 0; 10-19 bp: 1

Overview of removed sequences
length	count	expect	max.err	error counts
3	14	32933.9	0	14
9	3	8.0	0	2 1
10	6	2.0	1	6
11	7	0.5	1	6 1
12	21	0.1	1	17 4
13	8	0.0	1	6 2
14	27	0.0	1	11 16
15	9	0.0	1	6 3
16	19	0.0	1	7 12
17	30	0.0	1	25 5
18	110	0.0	1	68 42
19	8062	0.0	1	1020 7042
20	2073814	0.0	1	2022800 51014
21	5697	0.0	1	2076 3621
22	331	0.0	1	286 45
23	693	0.0	1	655 38
24	14	0.0	1	9 5
25	3	0.0	1	3
26	7	0.0	1	7
27	6	0.0	1	6
28	3	0.0	1	2 1
29	2	0.0	1	2
30	2	0.0	1	2
31	3	0.0	1	3
32	4	0.0	1	4
33	3	0.0	1	2 1
34	3	0.0	1	3
35	1	0.0	1	1
36	3	0.0	1	3
39	3	0.0	1	1 2
41	1	0.0	1	1
44	1	0.0	1	1
Running cutadapt on: 2024_Hyp03_Warm03_B30_gut_S135
This is cutadapt 5.2 with Python 3.13.15
Command line parameters: -j 4 -g GTGYCAGCMGCCGCGGTAA -G GGACTACNVGGGTWTCTAAT -o /scratch4/workspace/jade_fiorilla_student_uml_edu-rawseqorcc/trimmed-cutadapt/2024_Hyp03_Warm03_B30_gut_S135_R1_trim.fastq -p /scratch4/workspace/jade_fiorilla_student_uml_edu-rawseqorcc/trimmed-cutadapt/2024_Hyp03_Warm03_B30_gut_S135_R2_trim.fastq /scratch4/workspace/jade_fiorilla_student_uml_edu-rawseqorcc/fastq/2024_Hyp03_Warm03_B30_gut_S135_R1_001.fastq.gz /scratch4/workspace/jade_fiorilla_student_uml_edu-rawseqorcc/fastq/2024_Hyp03_Warm03_B30_gut_S135_R2_001.fastq.gz
Processing paired-end reads on 4 cores ...

=== Summary ===

Total read pairs processed:          1,691,598
  Read 1 with adapter:               1,146,506 (67.8%)
  Read 2 with adapter:               1,347,087 (79.6%)
Pairs written (passing filters):     1,691,598 (100.0%)

Total basepairs processed: 1,018,341,996 bp
  Read 1:   509,170,998 bp
  Read 2:   509,170,998 bp
Total written (filtered):    962,629,519 bp (94.5%)
  Read 1:   484,261,134 bp
  Read 2:   478,368,385 bp

=== First read: Adapter 1 ===

Sequence: GTGYCAGCMGCCGCGGTAA; Type: regular 5'; Length: 19; Trimmed: 1146506 times

Minimum overlap: 3
No. of allowed errors:
1-9 bp: 0; 10-19 bp: 1

Overview of removed sequences
length	count	expect	max.err	error counts
3	12303	26431.2	0	12303
4	8	6607.8	0	8
8	3	25.8	0	3
9	19	6.5	0	19
10	1	1.6	1	0 1
11	6	0.4	1	5 1
12	286	0.1	1	263 23
13	21	0.0	1	14 7
14	19	0.0	1	11 8
15	39	0.0	1	22 17
16	96	0.0	1	68 28
17	47	0.0	1	19 28
18	177	0.0	1	94 83
19	6610	0.0	1	5100 1510
20	22765	0.0	1	18514 4251
21	12022	0.0	1	6533 5489
22	1089477	0.0	1	962522 126955
23	2507	0.0	1	766 1741
24	10	0.0	1	9 1
25	9	0.0	1	6 3
26	20	0.0	1	18 2
27	4	0.0	1	3 1
28	12	0.0	1	11 1
29	5	0.0	1	5
30	4	0.0	1	3 1
31	4	0.0	1	4
32	4	0.0	1	4
33	2	0.0	1	1 1
34	1	0.0	1	0 1
35	1	0.0	1	1
36	2	0.0	1	2
37	8	0.0	1	7 1
39	2	0.0	1	2
41	4	0.0	1	2 2
42	2	0.0	1	0 2
44	1	0.0	1	0 1
45	1	0.0	1	1
46	1	0.0	1	1
49	2	0.0	1	1 1
60	1	0.0	1	1


=== Second read: Adapter 2 ===

Sequence: GGACTACNVGGGTWTCTAAT; Type: regular 5'; Length: 20; Trimmed: 1347087 times

Minimum overlap: 3
No. of allowed errors:
1-9 bp: 0; 10-19 bp: 1

Overview of removed sequences
length	count	expect	max.err	error counts
3	5689	26431.2	0	5689
4	3	6607.8	0	3
5	5	1652.0	0	5
10	5	1.6	1	5
11	10	0.4	1	2 8
12	4	0.1	1	4
13	14	0.0	1	3 11
14	22	0.0	1	8 14
15	32	0.0	1	9 23
16	23	0.0	1	7 16
17	49	0.0	1	31 18
18	52	0.0	1	35 17
19	94	0.0	1	43 51
20	3611	0.0	1	3296 315
21	23606	0.0	1	22042 1564
22	11585	0.0	1	4204 7381
23	1297978	0.0	1	1259081 38897
24	4216	0.0	1	1238 2978
25	18	0.0	1	16 2
26	5	0.0	1	4 1
27	9	0.0	1	8 1
28	3	0.0	1	3
30	5	0.0	1	5
31	5	0.0	1	3 2
32	3	0.0	1	2 1
33	3	0.0	1	2 1
34	5	0.0	1	5
36	2	0.0	1	2
37	7	0.0	1	7
38	3	0.0	1	3
39	5	0.0	1	5
40	6	0.0	1	5 1
41	1	0.0	1	1
42	4	0.0	1	4
43	1	0.0	1	1
47	1	0.0	1	1
49	1	0.0	1	1
50	1	0.0	1	1
59	1	0.0	1	1
Running cutadapt on: 2024_Hyp03_Warm06_B66_gill_S207
This is cutadapt 5.2 with Python 3.13.15
Command line parameters: -j 4 -g GTGYCAGCMGCCGCGGTAA -G GGACTACNVGGGTWTCTAAT -o /scratch4/workspace/jade_fiorilla_student_uml_edu-rawseqorcc/trimmed-cutadapt/2024_Hyp03_Warm06_B66_gill_S207_R1_trim.fastq -p /scratch4/workspace/jade_fiorilla_student_uml_edu-rawseqorcc/trimmed-cutadapt/2024_Hyp03_Warm06_B66_gill_S207_R2_trim.fastq /scratch4/workspace/jade_fiorilla_student_uml_edu-rawseqorcc/fastq/2024_Hyp03_Warm06_B66_gill_S207_R1_001.fastq.gz /scratch4/workspace/jade_fiorilla_student_uml_edu-rawseqorcc/fastq/2024_Hyp03_Warm06_B66_gill_S207_R2_001.fastq.gz
Processing paired-end reads on 4 cores ...

=== Summary ===

Total read pairs processed:          1,803,614
  Read 1 with adapter:               1,781,732 (98.8%)
  Read 2 with adapter:               1,757,766 (97.5%)
Pairs written (passing filters):     1,803,614 (100.0%)

Total basepairs processed: 1,085,775,628 bp
  Read 1:   542,887,814 bp
  Read 2:   542,887,814 bp
Total written (filtered):  1,016,753,551 bp (93.6%)
  Read 1:   509,024,711 bp
  Read 2:   507,728,840 bp

=== First read: Adapter 1 ===

Sequence: GTGYCAGCMGCCGCGGTAA; Type: regular 5'; Length: 19; Trimmed: 1781732 times

Minimum overlap: 3
No. of allowed errors:
1-9 bp: 0; 10-19 bp: 1

Overview of removed sequences
length	count	expect	max.err	error counts
3	69	28181.5	0	69
5	1	1761.3	0	1
9	5	6.9	0	5
10	3	1.7	1	3
11	3	0.4	1	2 1
12	40	0.1	1	40
13	6	0.0	1	5 1
14	8	0.0	1	4 4
15	6	0.0	1	6
16	31	0.0	1	19 12
17	86	0.0	1	66 20
18	4189	0.0	1	668 3521
19	1769083	0.0	1	1707021 62062
20	4295	0.0	1	1448 2847
21	380	0.0	1	352 28
22	3471	0.0	1	1761 1710
23	10	0.0	1	7 3
24	2	0.0	1	2
25	8	0.0	1	8
26	1	0.0	1	1
27	1	0.0	1	1
29	1	0.0	1	1
30	4	0.0	1	0 4
31	2	0.0	1	2
33	1	0.0	1	1
36	2	0.0	1	2
37	2	0.0	1	2
38	1	0.0	1	1
39	11	0.0	1	7 4
41	2	0.0	1	2
42	1	0.0	1	1
46	3	0.0	1	3
47	3	0.0	1	3
53	1	0.0	1	0 1


=== Second read: Adapter 2 ===

Sequence: GGACTACNVGGGTWTCTAAT; Type: regular 5'; Length: 20; Trimmed: 1757766 times

Minimum overlap: 3
No. of allowed errors:
1-9 bp: 0; 10-19 bp: 1

Overview of removed sequences
length	count	expect	max.err	error counts
3	70	28181.5	0	70
8	1	27.5	0	1
10	5	1.7	1	5
11	8	0.4	1	4 4
12	7	0.1	1	7
13	10	0.0	1	10
14	23	0.0	1	9 14
15	12	0.0	1	6 6
16	10	0.0	1	3 7
17	23	0.0	1	19 4
18	75	0.0	1	47 28
19	7204	0.0	1	935 6269
20	1742913	0.0	1	1711590 31323
21	4882	0.0	1	1650 3232
22	235	0.0	1	204 31
23	2210	0.0	1	1809 401
24	20	0.0	1	9 11
25	4	0.0	1	4
26	2	0.0	1	2
27	5	0.0	1	3 2
28	7	0.0	1	7
29	7	0.0	1	7
30	3	0.0	1	3
31	4	0.0	1	4
32	5	0.0	1	4 1
34	1	0.0	1	1
35	6	0.0	1	3 3
36	7	0.0	1	0 7
37	1	0.0	1	1
38	1	0.0	1	1
39	1	0.0	1	0 1
45	1	0.0	1	1
46	1	0.0	1	1
51	2	0.0	1	2
Running cutadapt on: 2024_Hyp03_Warm06_B66_gut_S15
This is cutadapt 5.2 with Python 3.13.15
Command line parameters: -j 4 -g GTGYCAGCMGCCGCGGTAA -G GGACTACNVGGGTWTCTAAT -o /scratch4/workspace/jade_fiorilla_student_uml_edu-rawseqorcc/trimmed-cutadapt/2024_Hyp03_Warm06_B66_gut_S15_R1_trim.fastq -p /scratch4/workspace/jade_fiorilla_student_uml_edu-rawseqorcc/trimmed-cutadapt/2024_Hyp03_Warm06_B66_gut_S15_R2_trim.fastq /scratch4/workspace/jade_fiorilla_student_uml_edu-rawseqorcc/fastq/2024_Hyp03_Warm06_B66_gut_S15_R1_001.fastq.gz /scratch4/workspace/jade_fiorilla_student_uml_edu-rawseqorcc/fastq/2024_Hyp03_Warm06_B66_gut_S15_R2_001.fastq.gz
Processing paired-end reads on 4 cores ...

=== Summary ===

Total read pairs processed:            627,744
  Read 1 with adapter:                 516,633 (82.3%)
  Read 2 with adapter:                 470,601 (75.0%)
Pairs written (passing filters):       627,744 (100.0%)

Total basepairs processed:   377,901,888 bp
  Read 1:   188,950,944 bp
  Read 2:   188,950,944 bp
Total written (filtered):    356,706,171 bp (94.4%)
  Read 1:   178,106,520 bp
  Read 2:   178,599,651 bp

=== First read: Adapter 1 ===

Sequence: GTGYCAGCMGCCGCGGTAA; Type: regular 5'; Length: 19; Trimmed: 516633 times

Minimum overlap: 3
No. of allowed errors:
1-9 bp: 0; 10-19 bp: 1

Overview of removed sequences
length	count	expect	max.err	error counts
3	19	9808.5	0	19
11	2	0.1	1	2
12	24	0.0	1	23 1
13	2	0.0	1	0 2
14	6	0.0	1	3 3
15	4	0.0	1	2 2
16	10	0.0	1	6 4
17	1	0.0	1	1
18	21	0.0	1	11 10
19	1914	0.0	1	1268 646
20	5106	0.0	1	3214 1892
21	505082	0.0	1	416778 88304
22	4395	0.0	1	3263 1132
23	9	0.0	1	6 3
25	2	0.0	1	1 1
26	6	0.0	1	5 1
27	3	0.0	1	3
28	4	0.0	1	4
30	3	0.0	1	3
31	1	0.0	1	1
32	2	0.0	1	1 1
33	5	0.0	1	4 1
35	1	0.0	1	1
37	2	0.0	1	2
38	4	0.0	1	2 2
39	1	0.0	1	1
40	1	0.0	1	1
42	1	0.0	1	1
45	1	0.0	1	1
51	1	0.0	1	0 1


=== Second read: Adapter 2 ===

Sequence: GGACTACNVGGGTWTCTAAT; Type: regular 5'; Length: 20; Trimmed: 470601 times

Minimum overlap: 3
No. of allowed errors:
1-9 bp: 0; 10-19 bp: 1

Overview of removed sequences
length	count	expect	max.err	error counts
3	14	9808.5	0	14
4	1	2452.1	0	1
5	1	613.0	0	1
11	3	0.1	1	2 1
12	1	0.0	1	1
13	5	0.0	1	2 3
14	6	0.0	1	2 4
15	4	0.0	1	2 2
16	10	0.0	1	1 9
17	11	0.0	1	10 1
18	26	0.0	1	19 7
19	31	0.0	1	16 15
20	738	0.0	1	684 54
21	4751	0.0	1	1944 2807
22	460152	0.0	1	435062 25090
23	4818	0.0	1	3884 934
24	10	0.0	1	2 8
26	3	0.0	1	2 1
27	1	0.0	1	1
29	2	0.0	1	2
30	1	0.0	1	1
31	4	0.0	1	2 2
32	1	0.0	1	1
33	2	0.0	1	2
34	1	0.0	1	1
44	1	0.0	1	1
52	1	0.0	1	1
55	2	0.0	1	2
Running cutadapt on: 2024_Hyp04_Hyp02_B19_gill_S186
This is cutadapt 5.2 with Python 3.13.15
Command line parameters: -j 4 -g GTGYCAGCMGCCGCGGTAA -G GGACTACNVGGGTWTCTAAT -o /scratch4/workspace/jade_fiorilla_student_uml_edu-rawseqorcc/trimmed-cutadapt/2024_Hyp04_Hyp02_B19_gill_S186_R1_trim.fastq -p /scratch4/workspace/jade_fiorilla_student_uml_edu-rawseqorcc/trimmed-cutadapt/2024_Hyp04_Hyp02_B19_gill_S186_R2_trim.fastq /scratch4/workspace/jade_fiorilla_student_uml_edu-rawseqorcc/fastq/2024_Hyp04_Hyp02_B19_gill_S186_R1_001.fastq.gz /scratch4/workspace/jade_fiorilla_student_uml_edu-rawseqorcc/fastq/2024_Hyp04_Hyp02_B19_gill_S186_R2_001.fastq.gz
Processing paired-end reads on 4 cores ...

=== Summary ===

Total read pairs processed:          2,100,937
  Read 1 with adapter:               1,143,656 (54.4%)
  Read 2 with adapter:                 987,206 (47.0%)
Pairs written (passing filters):     2,100,937 (100.0%)

Total basepairs processed: 1,264,764,074 bp
  Read 1:   632,382,037 bp
  Read 2:   632,382,037 bp
Total written (filtered):  1,217,789,054 bp (96.3%)
  Read 1:   607,695,703 bp
  Read 2:   610,093,351 bp

=== First read: Adapter 1 ===

Sequence: GTGYCAGCMGCCGCGGTAA; Type: regular 5'; Length: 19; Trimmed: 1143656 times

Minimum overlap: 3
No. of allowed errors:
1-9 bp: 0; 10-19 bp: 1

Overview of removed sequences
length	count	expect	max.err	error counts
3	21858	32827.1	0	21858
4	18	8206.8	0	18
9	6	8.0	0	6
10	9	2.0	1	1 8
11	4	0.5	1	1 3
12	220	0.1	1	110 110
13	13	0.0	1	7 6
14	12	0.0	1	6 6
15	22	0.0	1	8 14
16	112	0.0	1	56 56
17	53	0.0	1	15 38
18	177	0.0	1	69 108
19	10880	0.0	1	8626 2254
20	8451	0.0	1	5594 2857
21	8876	0.0	1	4397 4479
22	1090101	0.0	1	568933 521168
23	2723	0.0	1	437 2286
24	5	0.0	1	3 2
25	5	0.0	1	5
26	10	0.0	1	6 4
27	7	0.0	1	4 3
28	8	0.0	1	4 4
29	7	0.0	1	5 2
30	6	0.0	1	0 6
31	2	0.0	1	1 1
32	6	0.0	1	0 6
33	1	0.0	1	0 1
34	3	0.0	1	1 2
35	4	0.0	1	4
36	3	0.0	1	1 2
37	2	0.0	1	0 2
38	11	0.0	1	3 8
39	3	0.0	1	1 2
40	3	0.0	1	1 2
41	3	0.0	1	1 2
42	6	0.0	1	5 1
43	2	0.0	1	0 2
44	4	0.0	1	0 4
45	2	0.0	1	1 1
46	3	0.0	1	0 3
47	3	0.0	1	2 1
51	2	0.0	1	1 1
52	2	0.0	1	0 2
53	2	0.0	1	0 2
55	3	0.0	1	0 3
57	1	0.0	1	0 1
58	1	0.0	1	0 1
62	1	0.0	1	0 1


=== Second read: Adapter 2 ===

Sequence: GGACTACNVGGGTWTCTAAT; Type: regular 5'; Length: 20; Trimmed: 987206 times

Minimum overlap: 3
No. of allowed errors:
1-9 bp: 0; 10-19 bp: 1

Overview of removed sequences
length	count	expect	max.err	error counts
3	19059	32827.1	0	19059
4	9	8206.8	0	9
5	3	2051.7	0	3
9	1	8.0	0	1
10	1	2.0	1	1
11	5	0.5	1	1 4
12	4	0.1	1	2 2
13	21	0.0	1	10 11
14	14	0.0	1	2 12
15	19	0.0	1	8 11
16	21	0.0	1	6 15
17	20	0.0	1	13 7
18	44	0.0	1	26 18
19	116	0.0	1	52 64
20	10043	0.0	1	9538 505
21	3464	0.0	1	3119 345
22	19160	0.0	1	3089 16071
23	913570	0.0	1	846098 67472
24	21561	0.0	1	832 20729
25	27	0.0	1	5 22
26	7	0.0	1	6 1
27	2	0.0	1	2
28	1	0.0	1	1
29	3	0.0	1	3
31	3	0.0	1	1 2
33	6	0.0	1	3 3
34	4	0.0	1	4
36	1	0.0	1	1
37	1	0.0	1	0 1
39	5	0.0	1	3 2
40	2	0.0	1	2
41	2	0.0	1	2
43	2	0.0	1	2
46	2	0.0	1	2
47	1	0.0	1	1
52	2	0.0	1	2
Running cutadapt on: 2024_Hyp04_Hyp02_B19_gut_S16
This is cutadapt 5.2 with Python 3.13.15
Command line parameters: -j 4 -g GTGYCAGCMGCCGCGGTAA -G GGACTACNVGGGTWTCTAAT -o /scratch4/workspace/jade_fiorilla_student_uml_edu-rawseqorcc/trimmed-cutadapt/2024_Hyp04_Hyp02_B19_gut_S16_R1_trim.fastq -p /scratch4/workspace/jade_fiorilla_student_uml_edu-rawseqorcc/trimmed-cutadapt/2024_Hyp04_Hyp02_B19_gut_S16_R2_trim.fastq /scratch4/workspace/jade_fiorilla_student_uml_edu-rawseqorcc/fastq/2024_Hyp04_Hyp02_B19_gut_S16_R1_001.fastq.gz /scratch4/workspace/jade_fiorilla_student_uml_edu-rawseqorcc/fastq/2024_Hyp04_Hyp02_B19_gut_S16_R2_001.fastq.gz
Processing paired-end reads on 4 cores ...

=== Summary ===

Total read pairs processed:            644,153
  Read 1 with adapter:                 587,195 (91.2%)
  Read 2 with adapter:                 543,963 (84.4%)
Pairs written (passing filters):       644,153 (100.0%)

Total basepairs processed:   387,780,106 bp
  Read 1:   193,890,053 bp
  Read 2:   193,890,053 bp
Total written (filtered):    363,490,810 bp (93.7%)
  Read 1:   181,565,276 bp
  Read 2:   181,925,534 bp

=== First read: Adapter 1 ===

Sequence: GTGYCAGCMGCCGCGGTAA; Type: regular 5'; Length: 19; Trimmed: 587195 times

Minimum overlap: 3
No. of allowed errors:
1-9 bp: 0; 10-19 bp: 1

Overview of removed sequences
length	count	expect	max.err	error counts
3	11	10064.9	0	11
9	3	2.5	0	3
10	2	0.6	1	2
11	5	0.2	1	3 2
12	22	0.0	1	18 4
13	8	0.0	1	7 1
14	2	0.0	1	0 2
15	4	0.0	1	2 2
16	18	0.0	1	13 5
17	20	0.0	1	8 12
18	29	0.0	1	8 21
19	2642	0.0	1	1653 989
20	4846	0.0	1	2626 2220
21	575234	0.0	1	520956 54278
22	4316	0.0	1	3095 1221
23	9	0.0	1	3 6
24	1	0.0	1	0 1
25	1	0.0	1	1
26	4	0.0	1	4
29	1	0.0	1	0 1
30	2	0.0	1	2
32	2	0.0	1	2
34	1	0.0	1	1
35	4	0.0	1	3 1
38	1	0.0	1	1
44	2	0.0	1	2
45	1	0.0	1	1
47	1	0.0	1	0 1
49	3	0.0	1	3


=== Second read: Adapter 2 ===

Sequence: GGACTACNVGGGTWTCTAAT; Type: regular 5'; Length: 20; Trimmed: 543963 times

Minimum overlap: 3
No. of allowed errors:
1-9 bp: 0; 10-19 bp: 1

Overview of removed sequences
length	count	expect	max.err	error counts
3	21	10064.9	0	21
10	2	0.6	1	1 1
11	4	0.2	1	2 2
12	9	0.0	1	5 4
13	1	0.0	1	1
14	9	0.0	1	5 4
15	8	0.0	1	2 6
16	16	0.0	1	8 8
17	13	0.0	1	4 9
18	18	0.0	1	14 4
19	31	0.0	1	14 17
20	1129	0.0	1	1060 69
21	4285	0.0	1	1677 2608
22	533722	0.0	1	521358 12364
23	4663	0.0	1	3579 1084
24	11	0.0	1	7 4
25	3	0.0	1	3
26	2	0.0	1	1 1
27	1	0.0	1	1
28	2	0.0	1	2
29	2	0.0	1	1 1
30	2	0.0	1	2
32	3	0.0	1	3
34	2	0.0	1	2
39	1	0.0	1	0 1
46	1	0.0	1	1
47	1	0.0	1	1
49	1	0.0	1	1
Running cutadapt on: 2024_Hyp04_Null_B28_gill_S256
This is cutadapt 5.2 with Python 3.13.15
Command line parameters: -j 4 -g GTGYCAGCMGCCGCGGTAA -G GGACTACNVGGGTWTCTAAT -o /scratch4/workspace/jade_fiorilla_student_uml_edu-rawseqorcc/trimmed-cutadapt/2024_Hyp04_Null_B28_gill_S256_R1_trim.fastq -p /scratch4/workspace/jade_fiorilla_student_uml_edu-rawseqorcc/trimmed-cutadapt/2024_Hyp04_Null_B28_gill_S256_R2_trim.fastq /scratch4/workspace/jade_fiorilla_student_uml_edu-rawseqorcc/fastq/2024_Hyp04_Null_B28_gill_S256_R1_001.fastq.gz /scratch4/workspace/jade_fiorilla_student_uml_edu-rawseqorcc/fastq/2024_Hyp04_Null_B28_gill_S256_R2_001.fastq.gz
Processing paired-end reads on 4 cores ...

=== Summary ===

Total read pairs processed:            641,993
  Read 1 with adapter:                 584,823 (91.1%)
  Read 2 with adapter:                 621,104 (96.7%)
Pairs written (passing filters):       641,993 (100.0%)

Total basepairs processed:   386,479,786 bp
  Read 1:   193,239,893 bp
  Read 2:   193,239,893 bp
Total written (filtered):    359,378,512 bp (93.0%)
  Read 1:   180,409,004 bp
  Read 2:   178,969,508 bp

=== First read: Adapter 1 ===

Sequence: GTGYCAGCMGCCGCGGTAA; Type: regular 5'; Length: 19; Trimmed: 584823 times

Minimum overlap: 3
No. of allowed errors:
1-9 bp: 0; 10-19 bp: 1

Overview of removed sequences
length	count	expect	max.err	error counts
3	1312	10031.1	0	1312
4	1	2507.8	0	1
9	3	2.4	0	3
10	1	0.6	1	0 1
11	1	0.2	1	0 1
12	78	0.0	1	66 12
13	15	0.0	1	13 2
14	7	0.0	1	2 5
15	21	0.0	1	14 7
16	49	0.0	1	37 12
17	39	0.0	1	17 22
18	91	0.0	1	52 39
19	1721	0.0	1	1581 140
20	696	0.0	1	554 142
21	3914	0.0	1	1638 2276
22	575179	0.0	1	520633 54546
23	1644	0.0	1	396 1248
24	3	0.0	1	2 1
25	3	0.0	1	1 2
26	3	0.0	1	1 2
27	4	0.0	1	4
28	2	0.0	1	2
29	3	0.0	1	1 2
30	3	0.0	1	3
32	1	0.0	1	1
33	3	0.0	1	3
34	3	0.0	1	3
35	1	0.0	1	0 1
36	3	0.0	1	2 1
37	6	0.0	1	6
39	3	0.0	1	3
40	2	0.0	1	1 1
42	4	0.0	1	4
43	2	0.0	1	2
44	1	0.0	1	1
50	1	0.0	1	0 1


=== Second read: Adapter 2 ===

Sequence: GGACTACNVGGGTWTCTAAT; Type: regular 5'; Length: 20; Trimmed: 621104 times

Minimum overlap: 3
No. of allowed errors:
1-9 bp: 0; 10-19 bp: 1

Overview of removed sequences
length	count	expect	max.err	error counts
3	301	10031.1	0	301
4	4	2507.8	0	4
5	3	626.9	0	3
10	1	0.6	1	1
12	3	0.0	1	3
13	11	0.0	1	9 2
14	19	0.0	1	7 12
15	5	0.0	1	0 5
16	4	0.0	1	3 1
17	7	0.0	1	3 4
18	16	0.0	1	7 9
19	43	0.0	1	19 24
20	1383	0.0	1	1297 86
21	314	0.0	1	240 74
22	5644	0.0	1	2092 3552
23	611298	0.0	1	597827 13471
24	2016	0.0	1	585 1431
25	9	0.0	1	8 1
26	1	0.0	1	1
27	1	0.0	1	1
28	3	0.0	1	3
29	5	0.0	1	5
30	3	0.0	1	3
32	1	0.0	1	1
33	1	0.0	1	0 1
35	1	0.0	1	1
36	2	0.0	1	2
39	3	0.0	1	3
40	1	0.0	1	1
47	1	0.0	1	1
Running cutadapt on: 2024_Hyp04_Null_B28_gut_S87
This is cutadapt 5.2 with Python 3.13.15
Command line parameters: -j 4 -g GTGYCAGCMGCCGCGGTAA -G GGACTACNVGGGTWTCTAAT -o /scratch4/workspace/jade_fiorilla_student_uml_edu-rawseqorcc/trimmed-cutadapt/2024_Hyp04_Null_B28_gut_S87_R1_trim.fastq -p /scratch4/workspace/jade_fiorilla_student_uml_edu-rawseqorcc/trimmed-cutadapt/2024_Hyp04_Null_B28_gut_S87_R2_trim.fastq /scratch4/workspace/jade_fiorilla_student_uml_edu-rawseqorcc/fastq/2024_Hyp04_Null_B28_gut_S87_R1_001.fastq.gz /scratch4/workspace/jade_fiorilla_student_uml_edu-rawseqorcc/fastq/2024_Hyp04_Null_B28_gut_S87_R2_001.fastq.gz
Processing paired-end reads on 4 cores ...

=== Summary ===

Total read pairs processed:            905,112
  Read 1 with adapter:                 675,680 (74.7%)
  Read 2 with adapter:                 432,361 (47.8%)
Pairs written (passing filters):       905,112 (100.0%)

Total basepairs processed:   544,877,424 bp
  Read 1:   272,438,712 bp
  Read 2:   272,438,712 bp
Total written (filtered):    521,187,424 bp (95.7%)
  Read 1:   258,257,002 bp
  Read 2:   262,930,422 bp

=== First read: Adapter 1 ===

Sequence: GTGYCAGCMGCCGCGGTAA; Type: regular 5'; Length: 19; Trimmed: 675680 times

Minimum overlap: 3
No. of allowed errors:
1-9 bp: 0; 10-19 bp: 1

Overview of removed sequences
length	count	expect	max.err	error counts
3	25	14142.4	0	25
11	1	0.2	1	1
12	28	0.1	1	18 10
13	2	0.0	1	0 2
14	2	0.0	1	1 1
15	7	0.0	1	4 3
16	15	0.0	1	8 7
17	9	0.0	1	5 4
18	24	0.0	1	8 16
19	2870	0.0	1	921 1949
20	4465	0.0	1	2205 2260
21	665188	0.0	1	412067 253121
22	2977	0.0	1	1641 1336
23	13	0.0	1	8 5
24	4	0.0	1	1 3
25	13	0.0	1	9 4
26	5	0.0	1	3 2
27	1	0.0	1	0 1
29	4	0.0	1	3 1
30	2	0.0	1	0 2
31	1	0.0	1	1
33	2	0.0	1	1 1
34	1	0.0	1	1
35	7	0.0	1	2 5
36	3	0.0	1	2 1
37	2	0.0	1	2
39	1	0.0	1	0 1
40	2	0.0	1	0 2
41	1	0.0	1	1
46	1	0.0	1	0 1
48	1	0.0	1	0 1
51	1	0.0	1	0 1
57	1	0.0	1	0 1
59	1	0.0	1	0 1


=== Second read: Adapter 2 ===

Sequence: GGACTACNVGGGTWTCTAAT; Type: regular 5'; Length: 20; Trimmed: 432361 times

Minimum overlap: 3
No. of allowed errors:
1-9 bp: 0; 10-19 bp: 1

Overview of removed sequences
length	count	expect	max.err	error counts
3	7	14142.4	0	7
4	1	3535.6	0	1
10	1	0.9	1	0 1
11	1	0.2	1	1
12	6	0.1	1	4 2
13	3	0.0	1	3
14	6	0.0	1	2 4
15	4	0.0	1	2 2
16	8	0.0	1	7 1
17	3	0.0	1	2 1
18	22	0.0	1	18 4
19	38	0.0	1	27 11
20	670	0.0	1	620 50
21	3647	0.0	1	1507 2140
22	426176	0.0	1	413311 12865
23	1737	0.0	1	981 756
24	9	0.0	1	5 4
25	5	0.0	1	5
26	6	0.0	1	6
28	3	0.0	1	3
32	1	0.0	1	1
33	4	0.0	1	1 3
45	2	0.0	1	2
47	1	0.0	1	1
Running cutadapt on: 2024_Hyp04_Warm01_B7_gill_S17
This is cutadapt 5.2 with Python 3.13.15
Command line parameters: -j 4 -g GTGYCAGCMGCCGCGGTAA -G GGACTACNVGGGTWTCTAAT -o /scratch4/workspace/jade_fiorilla_student_uml_edu-rawseqorcc/trimmed-cutadapt/2024_Hyp04_Warm01_B7_gill_S17_R1_trim.fastq -p /scratch4/workspace/jade_fiorilla_student_uml_edu-rawseqorcc/trimmed-cutadapt/2024_Hyp04_Warm01_B7_gill_S17_R2_trim.fastq /scratch4/workspace/jade_fiorilla_student_uml_edu-rawseqorcc/fastq/2024_Hyp04_Warm01_B7_gill_S17_R1_001.fastq.gz /scratch4/workspace/jade_fiorilla_student_uml_edu-rawseqorcc/fastq/2024_Hyp04_Warm01_B7_gill_S17_R2_001.fastq.gz
Processing paired-end reads on 4 cores ...

=== Summary ===

Total read pairs processed:            988,119
  Read 1 with adapter:                 915,091 (92.6%)
  Read 2 with adapter:                 858,881 (86.9%)
Pairs written (passing filters):       988,119 (100.0%)

Total basepairs processed:   594,847,638 bp
  Read 1:   297,423,819 bp
  Read 2:   297,423,819 bp
Total written (filtered):    556,762,000 bp (93.6%)
  Read 1:   278,222,615 bp
  Read 2:   278,539,385 bp

=== First read: Adapter 1 ===

Sequence: GTGYCAGCMGCCGCGGTAA; Type: regular 5'; Length: 19; Trimmed: 915091 times

Minimum overlap: 3
No. of allowed errors:
1-9 bp: 0; 10-19 bp: 1

Overview of removed sequences
length	count	expect	max.err	error counts
3	26	15439.4	0	26
10	1	0.9	1	0 1
11	2	0.2	1	0 2
12	55	0.1	1	51 4
13	9	0.0	1	6 3
14	2	0.0	1	0 2
15	14	0.0	1	9 5
16	20	0.0	1	13 7
17	18	0.0	1	11 7
18	58	0.0	1	34 24
19	4165	0.0	1	1470 2695
20	10813	0.0	1	6281 4532
21	895387	0.0	1	819139 76248
22	4475	0.0	1	2668 1807
23	11	0.0	1	6 5
24	6	0.0	1	6
25	2	0.0	1	1 1
26	2	0.0	1	1 1
27	2	0.0	1	2
28	1	0.0	1	1
29	1	0.0	1	0 1
31	2	0.0	1	1 1
32	1	0.0	1	1
33	2	0.0	1	2
34	3	0.0	1	1 2
35	1	0.0	1	1
37	1	0.0	1	1
39	3	0.0	1	2 1
40	1	0.0	1	1
41	1	0.0	1	1
42	1	0.0	1	1
45	1	0.0	1	1
50	2	0.0	1	2
54	2	0.0	1	2


=== Second read: Adapter 2 ===

Sequence: GGACTACNVGGGTWTCTAAT; Type: regular 5'; Length: 20; Trimmed: 858881 times

Minimum overlap: 3
No. of allowed errors:
1-9 bp: 0; 10-19 bp: 1

Overview of removed sequences
length	count	expect	max.err	error counts
3	18	15439.4	0	18
4	2	3859.8	0	2
10	3	0.9	1	2 1
11	5	0.2	1	2 3
12	4	0.1	1	4
13	13	0.0	1	10 3
14	12	0.0	1	4 8
15	9	0.0	1	5 4
16	23	0.0	1	7 16
17	19	0.0	1	8 11
18	41	0.0	1	30 11
19	62	0.0	1	34 28
20	1163	0.0	1	1061 102
21	11237	0.0	1	6568 4669
22	842808	0.0	1	812933 29875
23	3419	0.0	1	1990 1429
24	4	0.0	1	2 2
25	2	0.0	1	1 1
26	2	0.0	1	2
27	3	0.0	1	2 1
28	3	0.0	1	3
29	2	0.0	1	1 1
30	1	0.0	1	1
31	1	0.0	1	1
35	3	0.0	1	3
39	3	0.0	1	2 1
40	5	0.0	1	4 1
41	4	0.0	1	4
42	5	0.0	1	0 5
45	3	0.0	1	2 1
46	1	0.0	1	1
51	1	0.0	1	1
Running cutadapt on: 2024_Hyp04_Warm01_B7_gut_S18
This is cutadapt 5.2 with Python 3.13.15
Command line parameters: -j 4 -g GTGYCAGCMGCCGCGGTAA -G GGACTACNVGGGTWTCTAAT -o /scratch4/workspace/jade_fiorilla_student_uml_edu-rawseqorcc/trimmed-cutadapt/2024_Hyp04_Warm01_B7_gut_S18_R1_trim.fastq -p /scratch4/workspace/jade_fiorilla_student_uml_edu-rawseqorcc/trimmed-cutadapt/2024_Hyp04_Warm01_B7_gut_S18_R2_trim.fastq /scratch4/workspace/jade_fiorilla_student_uml_edu-rawseqorcc/fastq/2024_Hyp04_Warm01_B7_gut_S18_R1_001.fastq.gz /scratch4/workspace/jade_fiorilla_student_uml_edu-rawseqorcc/fastq/2024_Hyp04_Warm01_B7_gut_S18_R2_001.fastq.gz
Processing paired-end reads on 4 cores ...

=== Summary ===

Total read pairs processed:          1,112,307
  Read 1 with adapter:               1,080,098 (97.1%)
  Read 2 with adapter:               1,049,020 (94.3%)
Pairs written (passing filters):     1,112,307 (100.0%)

Total basepairs processed:   669,608,814 bp
  Read 1:   334,804,407 bp
  Read 2:   334,804,407 bp
Total written (filtered):    623,884,280 bp (93.2%)
  Read 1:   312,143,224 bp
  Read 2:   311,741,056 bp

=== First read: Adapter 1 ===

Sequence: GTGYCAGCMGCCGCGGTAA; Type: regular 5'; Length: 19; Trimmed: 1080098 times

Minimum overlap: 3
No. of allowed errors:
1-9 bp: 0; 10-19 bp: 1

Overview of removed sequences
length	count	expect	max.err	error counts
3	16	17379.8	0	16
9	1	4.2	0	1
10	2	1.1	1	0 2
11	1	0.3	1	1
12	39	0.1	1	35 4
13	8	0.0	1	7 1
14	2	0.0	1	0 2
15	18	0.0	1	6 12
16	14	0.0	1	10 4
17	31	0.0	1	21 10
18	68	0.0	1	40 28
19	5726	0.0	1	2490 3236
20	13583	0.0	1	8019 5564
21	1056052	0.0	1	994382 61670
22	4456	0.0	1	2533 1923
23	8	0.0	1	5 3
24	5	0.0	1	3 2
25	3	0.0	1	3
26	7	0.0	1	2 5
27	1	0.0	1	1
28	3	0.0	1	3
29	3	0.0	1	2 1
30	2	0.0	1	2
31	1	0.0	1	1
32	3	0.0	1	3
33	5	0.0	1	4 1
34	3	0.0	1	3
35	4	0.0	1	3 1
36	9	0.0	1	9
37	2	0.0	1	2
38	5	0.0	1	5
40	2	0.0	1	2
41	4	0.0	1	4
43	1	0.0	1	1
44	9	0.0	1	9
48	1	0.0	1	1


=== Second read: Adapter 2 ===

Sequence: GGACTACNVGGGTWTCTAAT; Type: regular 5'; Length: 20; Trimmed: 1049020 times

Minimum overlap: 3
No. of allowed errors:
1-9 bp: 0; 10-19 bp: 1

Overview of removed sequences
length	count	expect	max.err	error counts
3	14	17379.8	0	14
9	4	4.2	0	4
10	6	1.1	1	5 1
11	10	0.3	1	8 2
12	4	0.1	1	4
13	9	0.0	1	9
14	16	0.0	1	8 8
15	23	0.0	1	4 19
16	17	0.0	1	8 9
17	33	0.0	1	25 8
18	65	0.0	1	43 22
19	88	0.0	1	58 30
20	1745	0.0	1	1572 173
21	13640	0.0	1	8125 5515
22	1029877	0.0	1	1013058 16819
23	3424	0.0	1	1824 1600
24	9	0.0	1	5 4
25	8	0.0	1	8
26	1	0.0	1	1
27	5	0.0	1	5
28	4	0.0	1	3 1
29	6	0.0	1	6
30	2	0.0	1	2
31	1	0.0	1	1
34	2	0.0	1	2
35	3	0.0	1	3
39	1	0.0	1	1
40	1	0.0	1	1
48	1	0.0	1	1
54	1	0.0	1	1
Running cutadapt on: 2024_Hyp05_Both01_B9_gill_S19
This is cutadapt 5.2 with Python 3.13.15
Command line parameters: -j 4 -g GTGYCAGCMGCCGCGGTAA -G GGACTACNVGGGTWTCTAAT -o /scratch4/workspace/jade_fiorilla_student_uml_edu-rawseqorcc/trimmed-cutadapt/2024_Hyp05_Both01_B9_gill_S19_R1_trim.fastq -p /scratch4/workspace/jade_fiorilla_student_uml_edu-rawseqorcc/trimmed-cutadapt/2024_Hyp05_Both01_B9_gill_S19_R2_trim.fastq /scratch4/workspace/jade_fiorilla_student_uml_edu-rawseqorcc/fastq/2024_Hyp05_Both01_B9_gill_S19_R1_001.fastq.gz /scratch4/workspace/jade_fiorilla_student_uml_edu-rawseqorcc/fastq/2024_Hyp05_Both01_B9_gill_S19_R2_001.fastq.gz
Processing paired-end reads on 4 cores ...

=== Summary ===

Total read pairs processed:          1,092,196
  Read 1 with adapter:                 973,063 (89.1%)
  Read 2 with adapter:                 867,777 (79.5%)
Pairs written (passing filters):     1,092,196 (100.0%)

Total basepairs processed:   657,501,992 bp
  Read 1:   328,750,996 bp
  Read 2:   328,750,996 bp
Total written (filtered):    618,011,209 bp (94.0%)
  Read 1:   308,337,257 bp
  Read 2:   309,673,952 bp

=== First read: Adapter 1 ===

Sequence: GTGYCAGCMGCCGCGGTAA; Type: regular 5'; Length: 19; Trimmed: 973063 times

Minimum overlap: 3
No. of allowed errors:
1-9 bp: 0; 10-19 bp: 1

Overview of removed sequences
length	count	expect	max.err	error counts
3	29	17065.6	0	29
9	4	4.2	0	4
10	2	1.0	1	0 2
11	3	0.3	1	3
12	59	0.1	1	52 7
13	2	0.0	1	1 1
14	2	0.0	1	0 2
15	8	0.0	1	6 2
16	11	0.0	1	5 6
17	25	0.0	1	13 12
18	63	0.0	1	30 33
19	6527	0.0	1	3046 3481
20	9734	0.0	1	5235 4499
21	953585	0.0	1	831616 121969
22	2911	0.0	1	1258 1653
23	25	0.0	1	10 15
24	4	0.0	1	3 1
25	7	0.0	1	5 2
26	8	0.0	1	1 7
27	2	0.0	1	2
29	4	0.0	1	2 2
30	6	0.0	1	6
31	4	0.0	1	4
32	9	0.0	1	4 5
33	5	0.0	1	4 1
34	1	0.0	1	1
35	5	0.0	1	3 2
36	1	0.0	1	1
37	2	0.0	1	0 2
38	5	0.0	1	5
39	1	0.0	1	1
40	2	0.0	1	2
42	1	0.0	1	1
44	2	0.0	1	2
45	2	0.0	1	0 2
46	1	0.0	1	0 1
51	1	0.0	1	1


=== Second read: Adapter 2 ===

Sequence: GGACTACNVGGGTWTCTAAT; Type: regular 5'; Length: 20; Trimmed: 867777 times

Minimum overlap: 3
No. of allowed errors:
1-9 bp: 0; 10-19 bp: 1

Overview of removed sequences
length	count	expect	max.err	error counts
3	8	17065.6	0	8
8	1	16.7	0	1
10	2	1.0	1	2
11	5	0.3	1	2 3
12	7	0.1	1	5 2
13	18	0.0	1	12 6
14	25	0.0	1	13 12
15	24	0.0	1	8 16
16	14	0.0	1	5 9
17	18	0.0	1	12 6
18	55	0.0	1	41 14
19	74	0.0	1	30 44
20	2179	0.0	1	1930 249
21	11395	0.0	1	5823 5572
22	851147	0.0	1	813004 38143
23	2759	0.0	1	1129 1630
24	7	0.0	1	3 4
25	3	0.0	1	3
26	6	0.0	1	6
27	1	0.0	1	1
28	1	0.0	1	1
29	1	0.0	1	1
30	2	0.0	1	1 1
31	8	0.0	1	6 2
32	1	0.0	1	0 1
33	2	0.0	1	0 2
34	3	0.0	1	3
35	1	0.0	1	0 1
37	2	0.0	1	2
38	3	0.0	1	3
39	3	0.0	1	3
43	2	0.0	1	2
Running cutadapt on: 2024_Hyp05_Both01_B9_gut_S20
This is cutadapt 5.2 with Python 3.13.15
Command line parameters: -j 4 -g GTGYCAGCMGCCGCGGTAA -G GGACTACNVGGGTWTCTAAT -o /scratch4/workspace/jade_fiorilla_student_uml_edu-rawseqorcc/trimmed-cutadapt/2024_Hyp05_Both01_B9_gut_S20_R1_trim.fastq -p /scratch4/workspace/jade_fiorilla_student_uml_edu-rawseqorcc/trimmed-cutadapt/2024_Hyp05_Both01_B9_gut_S20_R2_trim.fastq /scratch4/workspace/jade_fiorilla_student_uml_edu-rawseqorcc/fastq/2024_Hyp05_Both01_B9_gut_S20_R1_001.fastq.gz /scratch4/workspace/jade_fiorilla_student_uml_edu-rawseqorcc/fastq/2024_Hyp05_Both01_B9_gut_S20_R2_001.fastq.gz
Processing paired-end reads on 4 cores ...

=== Summary ===

Total read pairs processed:            748,779
  Read 1 with adapter:                 703,833 (94.0%)
  Read 2 with adapter:                 665,936 (88.9%)
Pairs written (passing filters):       748,779 (100.0%)

Total basepairs processed:   450,764,958 bp
  Read 1:   225,382,479 bp
  Read 2:   225,382,479 bp
Total written (filtered):    421,359,420 bp (93.5%)
  Read 1:   210,617,222 bp
  Read 2:   210,742,198 bp

=== First read: Adapter 1 ===

Sequence: GTGYCAGCMGCCGCGGTAA; Type: regular 5'; Length: 19; Trimmed: 703833 times

Minimum overlap: 3
No. of allowed errors:
1-9 bp: 0; 10-19 bp: 1

Overview of removed sequences
length	count	expect	max.err	error counts
3	12	11699.7	0	12
9	4	2.9	0	4
10	1	0.7	1	0 1
11	3	0.2	1	2 1
12	21	0.0	1	18 3
13	6	0.0	1	6
14	5	0.0	1	0 5
15	6	0.0	1	2 4
16	10	0.0	1	7 3
17	8	0.0	1	4 4
18	49	0.0	1	23 26
19	3323	0.0	1	1138 2185
20	10512	0.0	1	6318 4194
21	687698	0.0	1	640478 47220
22	2110	0.0	1	985 1125
23	10	0.0	1	7 3
24	1	0.0	1	1
25	8	0.0	1	6 2
26	2	0.0	1	2
27	6	0.0	1	6
28	4	0.0	1	3 1
29	3	0.0	1	3
31	3	0.0	1	3
32	1	0.0	1	0 1
33	3	0.0	1	3
34	7	0.0	1	7
35	4	0.0	1	2 2
37	4	0.0	1	4
38	3	0.0	1	3
40	1	0.0	1	1
46	1	0.0	1	1
47	3	0.0	1	3
61	1	0.0	1	0 1


=== Second read: Adapter 2 ===

Sequence: GGACTACNVGGGTWTCTAAT; Type: regular 5'; Length: 20; Trimmed: 665936 times

Minimum overlap: 3
No. of allowed errors:
1-9 bp: 0; 10-19 bp: 1

Overview of removed sequences
length	count	expect	max.err	error counts
3	3	11699.7	0	3
4	1	2924.9	0	1
9	1	2.9	0	1
10	3	0.7	1	3
11	6	0.2	1	4 2
12	5	0.0	1	2 3
13	10	0.0	1	10
14	13	0.0	1	5 8
15	15	0.0	1	10 5
16	16	0.0	1	4 12
17	18	0.0	1	11 7
18	28	0.0	1	20 8
19	56	0.0	1	38 18
20	733	0.0	1	655 78
21	10182	0.0	1	6375 3807
22	652893	0.0	1	639402 13491
23	1909	0.0	1	790 1119
24	11	0.0	1	10 1
25	2	0.0	1	2
26	4	0.0	1	4
28	2	0.0	1	2
29	3	0.0	1	3
30	2	0.0	1	2
32	5	0.0	1	2 3
34	3	0.0	1	3
36	1	0.0	1	0 1
37	2	0.0	1	1 1
39	3	0.0	1	3
40	1	0.0	1	1
44	1	0.0	1	1
46	1	0.0	1	1
53	2	0.0	1	2
55	1	0.0	1	1
Running cutadapt on: 2024_Hyp05_Both03_B34_gill_S241
This is cutadapt 5.2 with Python 3.13.15
Command line parameters: -j 4 -g GTGYCAGCMGCCGCGGTAA -G GGACTACNVGGGTWTCTAAT -o /scratch4/workspace/jade_fiorilla_student_uml_edu-rawseqorcc/trimmed-cutadapt/2024_Hyp05_Both03_B34_gill_S241_R1_trim.fastq -p /scratch4/workspace/jade_fiorilla_student_uml_edu-rawseqorcc/trimmed-cutadapt/2024_Hyp05_Both03_B34_gill_S241_R2_trim.fastq /scratch4/workspace/jade_fiorilla_student_uml_edu-rawseqorcc/fastq/2024_Hyp05_Both03_B34_gill_S241_R1_001.fastq.gz /scratch4/workspace/jade_fiorilla_student_uml_edu-rawseqorcc/fastq/2024_Hyp05_Both03_B34_gill_S241_R2_001.fastq.gz
Processing paired-end reads on 4 cores ...

=== Summary ===

Total read pairs processed:            735,381
  Read 1 with adapter:                 580,836 (79.0%)
  Read 2 with adapter:                 682,474 (92.8%)
Pairs written (passing filters):       735,381 (100.0%)

Total basepairs processed:   442,699,362 bp
  Read 1:   221,349,681 bp
  Read 2:   221,349,681 bp
Total written (filtered):    414,322,082 bp (93.6%)
  Read 1:   208,641,989 bp
  Read 2:   205,680,093 bp

=== First read: Adapter 1 ===

Sequence: GTGYCAGCMGCCGCGGTAA; Type: regular 5'; Length: 19; Trimmed: 580836 times

Minimum overlap: 3
No. of allowed errors:
1-9 bp: 0; 10-19 bp: 1

Overview of removed sequences
length	count	expect	max.err	error counts
3	3321	11490.3	0	3321
4	1	2872.6	0	1
9	3	2.8	0	2 1
10	1	0.7	1	0 1
11	5	0.2	1	2 3
12	104	0.0	1	98 6
13	13	0.0	1	9 4
14	21	0.0	1	11 10
15	12	0.0	1	5 7
16	59	0.0	1	45 14
17	35	0.0	1	12 23
18	85	0.0	1	50 35
19	901	0.0	1	823 78
20	560	0.0	1	364 196
21	3795	0.0	1	1376 2419
22	569930	0.0	1	531583 38347
23	1950	0.0	1	397 1553
24	8	0.0	1	6 2
25	2	0.0	1	1 1
26	2	0.0	1	1 1
27	3	0.0	1	3
28	2	0.0	1	2
30	2	0.0	1	2
31	3	0.0	1	3
32	1	0.0	1	1
34	1	0.0	1	1
35	1	0.0	1	1
37	2	0.0	1	2
38	4	0.0	1	3 1
45	2	0.0	1	2
47	4	0.0	1	4
52	1	0.0	1	0 1
54	2	0.0	1	0 2


=== Second read: Adapter 2 ===

Sequence: GGACTACNVGGGTWTCTAAT; Type: regular 5'; Length: 20; Trimmed: 682474 times

Minimum overlap: 3
No. of allowed errors:
1-9 bp: 0; 10-19 bp: 1

Overview of removed sequences
length	count	expect	max.err	error counts
3	890	11490.3	0	890
5	1	718.1	0	1
10	1	0.7	1	1
11	2	0.2	1	0 2
13	7	0.0	1	4 3
14	14	0.0	1	8 6
15	9	0.0	1	6 3
16	12	0.0	1	5 7
17	13	0.0	1	13
18	21	0.0	1	14 7
19	43	0.0	1	17 26
20	1177	0.0	1	1127 50
21	214	0.0	1	169 45
22	7720	0.0	1	1552 6168
23	669774	0.0	1	645806 23968
24	2534	0.0	1	717 1817
25	4	0.0	1	3 1
26	6	0.0	1	6
27	3	0.0	1	3
28	4	0.0	1	2 2
29	1	0.0	1	1
30	3	0.0	1	3
31	2	0.0	1	0 2
32	7	0.0	1	4 3
33	1	0.0	1	1
34	2	0.0	1	2
37	2	0.0	1	1 1
39	1	0.0	1	1
41	1	0.0	1	1
45	1	0.0	1	0 1
47	2	0.0	1	2
54	1	0.0	1	1
57	1	0.0	1	1
Running cutadapt on: 2024_Hyp05_Both03_B34_gut_S242
This is cutadapt 5.2 with Python 3.13.15
Command line parameters: -j 4 -g GTGYCAGCMGCCGCGGTAA -G GGACTACNVGGGTWTCTAAT -o /scratch4/workspace/jade_fiorilla_student_uml_edu-rawseqorcc/trimmed-cutadapt/2024_Hyp05_Both03_B34_gut_S242_R1_trim.fastq -p /scratch4/workspace/jade_fiorilla_student_uml_edu-rawseqorcc/trimmed-cutadapt/2024_Hyp05_Both03_B34_gut_S242_R2_trim.fastq /scratch4/workspace/jade_fiorilla_student_uml_edu-rawseqorcc/fastq/2024_Hyp05_Both03_B34_gut_S242_R1_001.fastq.gz /scratch4/workspace/jade_fiorilla_student_uml_edu-rawseqorcc/fastq/2024_Hyp05_Both03_B34_gut_S242_R2_001.fastq.gz
Processing paired-end reads on 4 cores ...

=== Summary ===

Total read pairs processed:          4,439,431
  Read 1 with adapter:               4,428,447 (99.8%)
  Read 2 with adapter:               4,400,322 (99.1%)
Pairs written (passing filters):     4,439,431 (100.0%)

Total basepairs processed: 2,672,537,462 bp
  Read 1: 1,336,268,731 bp
  Read 2: 1,336,268,731 bp
Total written (filtered):  2,500,342,929 bp (93.6%)
  Read 1: 1,252,103,631 bp
  Read 2: 1,248,239,298 bp

=== First read: Adapter 1 ===

Sequence: GTGYCAGCMGCCGCGGTAA; Type: regular 5'; Length: 19; Trimmed: 4428447 times

Minimum overlap: 3
No. of allowed errors:
1-9 bp: 0; 10-19 bp: 1

Overview of removed sequences
length	count	expect	max.err	error counts
3	52	69366.1	0	52
9	8	16.9	0	8
10	1	4.2	1	1
11	4	1.1	1	4
12	99	0.3	1	98 1
13	43	0.1	1	31 12
14	26	0.0	1	7 19
15	23	0.0	1	11 12
16	114	0.0	1	83 31
17	260	0.0	1	203 57
18	10926	0.0	1	1831 9095
19	4397979	0.0	1	4353893 44086
20	8875	0.0	1	1588 7287
21	1373	0.0	1	1232 141
22	8554	0.0	1	7822 732
23	26	0.0	1	10 16
24	13	0.0	1	12 1
25	6	0.0	1	4 2
26	4	0.0	1	2 2
27	1	0.0	1	0 1
28	3	0.0	1	3
29	8	0.0	1	8
30	2	0.0	1	2
31	8	0.0	1	4 4
32	6	0.0	1	6
33	2	0.0	1	2
34	1	0.0	1	1
35	1	0.0	1	1
36	6	0.0	1	6
37	6	0.0	1	6
38	4	0.0	1	4
39	1	0.0	1	1
41	1	0.0	1	1
42	2	0.0	1	2
43	2	0.0	1	2
44	1	0.0	1	1
45	1	0.0	1	1
46	2	0.0	1	2
49	1	0.0	1	1
58	2	0.0	1	2


=== Second read: Adapter 2 ===

Sequence: GGACTACNVGGGTWTCTAAT; Type: regular 5'; Length: 20; Trimmed: 4400322 times

Minimum overlap: 3
No. of allowed errors:
1-9 bp: 0; 10-19 bp: 1

Overview of removed sequences
length	count	expect	max.err	error counts
3	30	69366.1	0	30
8	3	67.7	0	3
9	1	16.9	0	1
10	12	4.2	1	12
11	18	1.1	1	15 3
12	19	0.3	1	16 3
13	23	0.1	1	19 4
14	55	0.0	1	17 38
15	19	0.0	1	11 8
16	47	0.0	1	16 31
17	60	0.0	1	46 14
18	225	0.0	1	133 92
19	17906	0.0	1	2367 15539
20	4360608	0.0	1	4271306 89302
21	10270	0.0	1	2387 7883
22	1046	0.0	1	874 172
23	9849	0.0	1	9455 394
24	38	0.0	1	10 28
25	8	0.0	1	7 1
26	6	0.0	1	6
27	1	0.0	1	1
28	3	0.0	1	3
29	9	0.0	1	7 2
30	10	0.0	1	9 1
31	3	0.0	1	2 1
32	7	0.0	1	7
33	7	0.0	1	7
34	7	0.0	1	7
35	5	0.0	1	5
37	4	0.0	1	4
38	4	0.0	1	4
39	8	0.0	1	8
40	2	0.0	1	2
43	1	0.0	1	1
44	3	0.0	1	3
46	2	0.0	1	2
47	1	0.0	1	1
48	1	0.0	1	1
50	1	0.0	1	1
Running cutadapt on: 2024_Hyp05_Cont02_B22_gill_S243
This is cutadapt 5.2 with Python 3.13.15
Command line parameters: -j 4 -g GTGYCAGCMGCCGCGGTAA -G GGACTACNVGGGTWTCTAAT -o /scratch4/workspace/jade_fiorilla_student_uml_edu-rawseqorcc/trimmed-cutadapt/2024_Hyp05_Cont02_B22_gill_S243_R1_trim.fastq -p /scratch4/workspace/jade_fiorilla_student_uml_edu-rawseqorcc/trimmed-cutadapt/2024_Hyp05_Cont02_B22_gill_S243_R2_trim.fastq /scratch4/workspace/jade_fiorilla_student_uml_edu-rawseqorcc/fastq/2024_Hyp05_Cont02_B22_gill_S243_R1_001.fastq.gz /scratch4/workspace/jade_fiorilla_student_uml_edu-rawseqorcc/fastq/2024_Hyp05_Cont02_B22_gill_S243_R2_001.fastq.gz
Processing paired-end reads on 4 cores ...

=== Summary ===

Total read pairs processed:            631,856
  Read 1 with adapter:                 544,371 (86.2%)
  Read 2 with adapter:                 595,928 (94.3%)
Pairs written (passing filters):       631,856 (100.0%)

Total basepairs processed:   380,377,312 bp
  Read 1:   190,188,656 bp
  Read 2:   190,188,656 bp
Total written (filtered):    354,763,047 bp (93.3%)
  Read 1:   178,259,236 bp
  Read 2:   176,503,811 bp

=== First read: Adapter 1 ===

Sequence: GTGYCAGCMGCCGCGGTAA; Type: regular 5'; Length: 19; Trimmed: 544371 times

Minimum overlap: 3
No. of allowed errors:
1-9 bp: 0; 10-19 bp: 1

Overview of removed sequences
length	count	expect	max.err	error counts
3	2023	9872.8	0	2023
9	10	2.4	0	10
10	1	0.6	1	0 1
11	7	0.2	1	5 2
12	110	0.0	1	109 1
13	13	0.0	1	9 4
14	5	0.0	1	3 2
15	9	0.0	1	6 3
16	47	0.0	1	34 13
17	39	0.0	1	21 18
18	101	0.0	1	58 43
19	1143	0.0	1	1076 67
20	164	0.0	1	77 87
21	4101	0.0	1	1703 2398
22	535090	0.0	1	504897 30193
23	1443	0.0	1	357 1086
24	12	0.0	1	12
25	6	0.0	1	6
26	5	0.0	1	5
27	1	0.0	1	1
28	12	0.0	1	12
30	4	0.0	1	4
31	1	0.0	1	1
34	9	0.0	1	9
36	5	0.0	1	2 3
37	3	0.0	1	3
38	1	0.0	1	1
39	1	0.0	1	1
40	1	0.0	1	1
41	4	0.0	1	4


=== Second read: Adapter 2 ===

Sequence: GGACTACNVGGGTWTCTAAT; Type: regular 5'; Length: 20; Trimmed: 595928 times

Minimum overlap: 3
No. of allowed errors:
1-9 bp: 0; 10-19 bp: 1

Overview of removed sequences
length	count	expect	max.err	error counts
3	632	9872.8	0	632
4	1	2468.2	0	1
5	1	617.0	0	1
10	6	0.6	1	6
11	5	0.2	1	2 3
12	5	0.0	1	4 1
13	3	0.0	1	3
14	8	0.0	1	5 3
15	4	0.0	1	1 3
16	17	0.0	1	6 11
17	16	0.0	1	10 6
18	23	0.0	1	19 4
19	33	0.0	1	15 18
20	1294	0.0	1	1232 62
21	94	0.0	1	54 40
22	6000	0.0	1	1280 4720
23	585979	0.0	1	562915 23064
24	1768	0.0	1	604 1164
25	7	0.0	1	4 3
26	6	0.0	1	6
27	6	0.0	1	6
28	1	0.0	1	1
29	4	0.0	1	4
30	1	0.0	1	0 1
31	2	0.0	1	2
32	1	0.0	1	0 1
33	4	0.0	1	4
36	3	0.0	1	3
40	2	0.0	1	2
41	1	0.0	1	1
44	1	0.0	1	1
Running cutadapt on: 2024_Hyp05_Cont02_B22_gut_S187
This is cutadapt 5.2 with Python 3.13.15
Command line parameters: -j 4 -g GTGYCAGCMGCCGCGGTAA -G GGACTACNVGGGTWTCTAAT -o /scratch4/workspace/jade_fiorilla_student_uml_edu-rawseqorcc/trimmed-cutadapt/2024_Hyp05_Cont02_B22_gut_S187_R1_trim.fastq -p /scratch4/workspace/jade_fiorilla_student_uml_edu-rawseqorcc/trimmed-cutadapt/2024_Hyp05_Cont02_B22_gut_S187_R2_trim.fastq /scratch4/workspace/jade_fiorilla_student_uml_edu-rawseqorcc/fastq/2024_Hyp05_Cont02_B22_gut_S187_R1_001.fastq.gz /scratch4/workspace/jade_fiorilla_student_uml_edu-rawseqorcc/fastq/2024_Hyp05_Cont02_B22_gut_S187_R2_001.fastq.gz
Processing paired-end reads on 4 cores ...

=== Summary ===

Total read pairs processed:          1,340,986
  Read 1 with adapter:               1,318,993 (98.4%)
  Read 2 with adapter:               1,312,546 (97.9%)
Pairs written (passing filters):     1,340,986 (100.0%)

Total basepairs processed:   807,273,572 bp
  Read 1:   403,636,786 bp
  Read 2:   403,636,786 bp
Total written (filtered):    748,192,700 bp (92.7%)
  Read 1:   374,692,248 bp
  Read 2:   373,500,452 bp

=== First read: Adapter 1 ===

Sequence: GTGYCAGCMGCCGCGGTAA; Type: regular 5'; Length: 19; Trimmed: 1318993 times

Minimum overlap: 3
No. of allowed errors:
1-9 bp: 0; 10-19 bp: 1

Overview of removed sequences
length	count	expect	max.err	error counts
3	415	20952.9	0	415
4	2	5238.2	0	2
8	3	20.5	0	3
9	15	5.1	0	15
10	3	1.3	1	3
11	16	0.3	1	16
12	242	0.1	1	239 3
13	19	0.0	1	13 6
14	21	0.0	1	10 11
15	40	0.0	1	23 17
16	103	0.0	1	93 10
17	104	0.0	1	52 52
18	205	0.0	1	131 74
19	12663	0.0	1	9445 3218
20	7377	0.0	1	4841 2536
21	10882	0.0	1	5789 5093
22	1284140	0.0	1	1258249 25891
23	2635	0.0	1	984 1651
24	6	0.0	1	3 3
25	15	0.0	1	15
26	10	0.0	1	10
27	11	0.0	1	10 1
28	13	0.0	1	13
29	2	0.0	1	2
31	2	0.0	1	2
32	4	0.0	1	4
33	4	0.0	1	1 3
34	2	0.0	1	2
35	5	0.0	1	4 1
36	6	0.0	1	6
37	8	0.0	1	8
38	4	0.0	1	4
39	1	0.0	1	1
40	5	0.0	1	5
41	2	0.0	1	2
43	2	0.0	1	2
47	3	0.0	1	3
48	2	0.0	1	2
54	1	0.0	1	1


=== Second read: Adapter 2 ===

Sequence: GGACTACNVGGGTWTCTAAT; Type: regular 5'; Length: 20; Trimmed: 1312546 times

Minimum overlap: 3
No. of allowed errors:
1-9 bp: 0; 10-19 bp: 1

Overview of removed sequences
length	count	expect	max.err	error counts
3	268	20952.9	0	268
5	3	1309.6	0	3
11	5	0.3	1	4 1
12	9	0.1	1	9
13	7	0.0	1	4 3
14	26	0.0	1	17 9
15	29	0.0	1	8 21
16	14	0.0	1	6 8
17	40	0.0	1	23 17
18	51	0.0	1	32 19
19	129	0.0	1	53 76
20	11053	0.0	1	10438 615
21	2863	0.0	1	2497 366
22	10681	0.0	1	3959 6722
23	1283423	0.0	1	1255171 28252
24	3874	0.0	1	1224 2650
25	9	0.0	1	3 6
26	8	0.0	1	6 2
27	3	0.0	1	3
28	4	0.0	1	4
29	3	0.0	1	3
30	5	0.0	1	5
31	6	0.0	1	4 2
32	4	0.0	1	4
33	1	0.0	1	1
34	3	0.0	1	2 1
35	2	0.0	1	2
36	5	0.0	1	3 2
37	5	0.0	1	5
38	2	0.0	1	2
39	1	0.0	1	1
40	2	0.0	1	2
41	1	0.0	1	1
44	1	0.0	1	1
46	1	0.0	1	1
48	1	0.0	1	1
49	3	0.0	1	3
51	1	0.0	1	1
Running cutadapt on: 2024_Hyp05_Cont04_B46_gill_S275
This is cutadapt 5.2 with Python 3.13.15
Command line parameters: -j 4 -g GTGYCAGCMGCCGCGGTAA -G GGACTACNVGGGTWTCTAAT -o /scratch4/workspace/jade_fiorilla_student_uml_edu-rawseqorcc/trimmed-cutadapt/2024_Hyp05_Cont04_B46_gill_S275_R1_trim.fastq -p /scratch4/workspace/jade_fiorilla_student_uml_edu-rawseqorcc/trimmed-cutadapt/2024_Hyp05_Cont04_B46_gill_S275_R2_trim.fastq /scratch4/workspace/jade_fiorilla_student_uml_edu-rawseqorcc/fastq/2024_Hyp05_Cont04_B46_gill_S275_R1_001.fastq.gz /scratch4/workspace/jade_fiorilla_student_uml_edu-rawseqorcc/fastq/2024_Hyp05_Cont04_B46_gill_S275_R2_001.fastq.gz
Processing paired-end reads on 4 cores ...

=== Summary ===

Total read pairs processed:            826,968
  Read 1 with adapter:                 772,329 (93.4%)
  Read 2 with adapter:                 737,493 (89.2%)
Pairs written (passing filters):       826,968 (100.0%)

Total basepairs processed:   497,834,736 bp
  Read 1:   248,917,368 bp
  Read 2:   248,917,368 bp
Total written (filtered):    465,398,196 bp (93.5%)
  Read 1:   232,700,905 bp
  Read 2:   232,697,291 bp

=== First read: Adapter 1 ===

Sequence: GTGYCAGCMGCCGCGGTAA; Type: regular 5'; Length: 19; Trimmed: 772329 times

Minimum overlap: 3
No. of allowed errors:
1-9 bp: 0; 10-19 bp: 1

Overview of removed sequences
length	count	expect	max.err	error counts
3	16	12921.4	0	16
9	3	3.2	0	3
10	2	0.8	1	0 2
11	2	0.2	1	2
12	24	0.0	1	23 1
13	3	0.0	1	3
14	6	0.0	1	4 2
15	4	0.0	1	2 2
16	7	0.0	1	7
17	13	0.0	1	6 7
18	44	0.0	1	25 19
19	712	0.0	1	632 80
20	3189	0.0	1	1182 2007
21	765911	0.0	1	711714 54197
22	2325	0.0	1	935 1390
23	9	0.0	1	8 1
24	5	0.0	1	3 2
25	7	0.0	1	6 1
27	4	0.0	1	3 1
28	4	0.0	1	4
29	2	0.0	1	0 2
30	3	0.0	1	1 2
32	1	0.0	1	1
34	3	0.0	1	1 2
35	4	0.0	1	4
36	1	0.0	1	1
37	11	0.0	1	11
38	1	0.0	1	1
39	5	0.0	1	2 3
40	1	0.0	1	1
41	5	0.0	1	5
44	1	0.0	1	1
52	1	0.0	1	1


=== Second read: Adapter 2 ===

Sequence: GGACTACNVGGGTWTCTAAT; Type: regular 5'; Length: 20; Trimmed: 737493 times

Minimum overlap: 3
No. of allowed errors:
1-9 bp: 0; 10-19 bp: 1

Overview of removed sequences
length	count	expect	max.err	error counts
3	6	12921.4	0	6
4	1	3230.3	0	1
12	1	0.0	1	1
13	8	0.0	1	5 3
14	16	0.0	1	13 3
15	6	0.0	1	2 4
16	13	0.0	1	5 8
17	8	0.0	1	4 4
18	37	0.0	1	21 16
19	30	0.0	1	18 12
20	571	0.0	1	494 77
21	5179	0.0	1	1564 3615
22	729607	0.0	1	680042 49565
23	1970	0.0	1	807 1163
24	7	0.0	1	5 2
25	4	0.0	1	4
26	1	0.0	1	1
27	6	0.0	1	6
28	4	0.0	1	4
29	1	0.0	1	1
30	2	0.0	1	2
31	3	0.0	1	1 2
32	2	0.0	1	2
35	1	0.0	1	1
38	4	0.0	1	4
39	1	0.0	1	1
40	3	0.0	1	3
42	1	0.0	1	1
Running cutadapt on: 2024_Hyp05_Cont04_B46_gut_S158
This is cutadapt 5.2 with Python 3.13.15
Command line parameters: -j 4 -g GTGYCAGCMGCCGCGGTAA -G GGACTACNVGGGTWTCTAAT -o /scratch4/workspace/jade_fiorilla_student_uml_edu-rawseqorcc/trimmed-cutadapt/2024_Hyp05_Cont04_B46_gut_S158_R1_trim.fastq -p /scratch4/workspace/jade_fiorilla_student_uml_edu-rawseqorcc/trimmed-cutadapt/2024_Hyp05_Cont04_B46_gut_S158_R2_trim.fastq /scratch4/workspace/jade_fiorilla_student_uml_edu-rawseqorcc/fastq/2024_Hyp05_Cont04_B46_gut_S158_R1_001.fastq.gz /scratch4/workspace/jade_fiorilla_student_uml_edu-rawseqorcc/fastq/2024_Hyp05_Cont04_B46_gut_S158_R2_001.fastq.gz
Processing paired-end reads on 4 cores ...

=== Summary ===

Total read pairs processed:            699,169
  Read 1 with adapter:                 653,671 (93.5%)
  Read 2 with adapter:                 616,920 (88.2%)
Pairs written (passing filters):       699,169 (100.0%)

Total basepairs processed:   420,899,738 bp
  Read 1:   210,449,869 bp
  Read 2:   210,449,869 bp
Total written (filtered):    393,624,030 bp (93.5%)
  Read 1:   196,736,878 bp
  Read 2:   196,887,152 bp

=== First read: Adapter 1 ===

Sequence: GTGYCAGCMGCCGCGGTAA; Type: regular 5'; Length: 19; Trimmed: 653671 times

Minimum overlap: 3
No. of allowed errors:
1-9 bp: 0; 10-19 bp: 1

Overview of removed sequences
length	count	expect	max.err	error counts
3	25	10924.5	0	25
4	1	2731.1	0	1
9	3	2.7	0	3
12	19	0.0	1	19
13	4	0.0	1	3 1
14	1	0.0	1	0 1
15	7	0.0	1	5 2
16	18	0.0	1	14 4
17	14	0.0	1	7 7
18	41	0.0	1	20 21
19	4871	0.0	1	3825 1046
20	6416	0.0	1	4062 2354
21	639513	0.0	1	593572 45941
22	2695	0.0	1	1271 1424
23	8	0.0	1	4 4
24	1	0.0	1	0 1
25	7	0.0	1	7
26	5	0.0	1	5
28	3	0.0	1	3
30	2	0.0	1	2
31	1	0.0	1	0 1
32	2	0.0	1	2
33	2	0.0	1	0 2
34	1	0.0	1	1
36	1	0.0	1	0 1
37	1	0.0	1	1
38	3	0.0	1	3
40	1	0.0	1	1
41	4	0.0	1	4
47	1	0.0	1	1


=== Second read: Adapter 2 ===

Sequence: GGACTACNVGGGTWTCTAAT; Type: regular 5'; Length: 20; Trimmed: 616920 times

Minimum overlap: 3
No. of allowed errors:
1-9 bp: 0; 10-19 bp: 1

Overview of removed sequences
length	count	expect	max.err	error counts
3	21	10924.5	0	21
4	1	2731.1	0	1
10	3	0.7	1	2 1
11	1	0.2	1	1
12	2	0.0	1	0 2
13	7	0.0	1	5 2
14	15	0.0	1	6 9
15	8	0.0	1	1 7
16	13	0.0	1	7 6
17	16	0.0	1	11 5
18	21	0.0	1	14 7
19	53	0.0	1	21 32
20	2410	0.0	1	2286 124
21	5555	0.0	1	2339 3216
22	607043	0.0	1	590128 16915
23	1728	0.0	1	820 908
24	6	0.0	1	4 2
27	4	0.0	1	4
28	2	0.0	1	2
32	1	0.0	1	1
33	2	0.0	1	1 1
34	1	0.0	1	1
35	1	0.0	1	0 1
38	1	0.0	1	1
42	1	0.0	1	1
43	2	0.0	1	2
50	1	0.0	1	1
63	1	0.0	1	1
Running cutadapt on: 2024_Hyp05_Null_B35_gill_S262
This is cutadapt 5.2 with Python 3.13.15
Command line parameters: -j 4 -g GTGYCAGCMGCCGCGGTAA -G GGACTACNVGGGTWTCTAAT -o /scratch4/workspace/jade_fiorilla_student_uml_edu-rawseqorcc/trimmed-cutadapt/2024_Hyp05_Null_B35_gill_S262_R1_trim.fastq -p /scratch4/workspace/jade_fiorilla_student_uml_edu-rawseqorcc/trimmed-cutadapt/2024_Hyp05_Null_B35_gill_S262_R2_trim.fastq /scratch4/workspace/jade_fiorilla_student_uml_edu-rawseqorcc/fastq/2024_Hyp05_Null_B35_gill_S262_R1_001.fastq.gz /scratch4/workspace/jade_fiorilla_student_uml_edu-rawseqorcc/fastq/2024_Hyp05_Null_B35_gill_S262_R2_001.fastq.gz
Processing paired-end reads on 4 cores ...

=== Summary ===

Total read pairs processed:            793,563
  Read 1 with adapter:                 597,901 (75.3%)
  Read 2 with adapter:                 563,379 (71.0%)
Pairs written (passing filters):       793,563 (100.0%)

Total basepairs processed:   477,724,926 bp
  Read 1:   238,862,463 bp
  Read 2:   238,862,463 bp
Total written (filtered):    452,779,217 bp (94.8%)
  Read 1:   226,307,634 bp
  Read 2:   226,471,583 bp

=== First read: Adapter 1 ===

Sequence: GTGYCAGCMGCCGCGGTAA; Type: regular 5'; Length: 19; Trimmed: 597901 times

Minimum overlap: 3
No. of allowed errors:
1-9 bp: 0; 10-19 bp: 1

Overview of removed sequences
length	count	expect	max.err	error counts
3	10	12399.4	0	10
9	2	3.0	0	2
10	1	0.8	1	0 1
12	22	0.0	1	17 5
14	3	0.0	1	0 3
15	3	0.0	1	2 1
16	4	0.0	1	3 1
17	9	0.0	1	2 7
18	22	0.0	1	14 8
19	386	0.0	1	335 51
20	2333	0.0	1	890 1443
21	593070	0.0	1	447970 145100
22	1992	0.0	1	1000 992
23	4	0.0	1	3 1
24	3	0.0	1	2 1
25	2	0.0	1	2
26	1	0.0	1	0 1
27	1	0.0	1	1
30	2	0.0	1	1 1
31	4	0.0	1	1 3
33	3	0.0	1	1 2
34	1	0.0	1	1
35	4	0.0	1	2 2
36	1	0.0	1	1
37	6	0.0	1	4 2
39	2	0.0	1	2
40	1	0.0	1	0 1
41	1	0.0	1	0 1
42	2	0.0	1	0 2
44	1	0.0	1	0 1
45	2	0.0	1	2
49	2	0.0	1	2
62	1	0.0	1	0 1


=== Second read: Adapter 2 ===

Sequence: GGACTACNVGGGTWTCTAAT; Type: regular 5'; Length: 20; Trimmed: 563379 times

Minimum overlap: 3
No. of allowed errors:
1-9 bp: 0; 10-19 bp: 1

Overview of removed sequences
length	count	expect	max.err	error counts
3	6	12399.4	0	6
4	3	3099.9	0	3
9	2	3.0	0	2
12	5	0.0	1	4 1
13	3	0.0	1	3
14	3	0.0	1	1 2
15	13	0.0	1	6 7
16	11	0.0	1	4 7
17	19	0.0	1	9 10
18	19	0.0	1	15 4
19	36	0.0	1	22 14
20	403	0.0	1	357 46
21	4754	0.0	1	694 4060
22	555580	0.0	1	506544 49036
23	2489	0.0	1	1282 1207
24	2	0.0	1	0 2
25	5	0.0	1	5
26	4	0.0	1	2 2
27	3	0.0	1	2 1
29	1	0.0	1	1
30	2	0.0	1	1 1
31	2	0.0	1	0 2
33	2	0.0	1	2
34	1	0.0	1	1
36	2	0.0	1	2
38	2	0.0	1	2
40	1	0.0	1	1
41	1	0.0	1	1
46	3	0.0	1	3
47	2	0.0	1	2
Running cutadapt on: 2024_Hyp05_Null_B35_gut_S88
This is cutadapt 5.2 with Python 3.13.15
Command line parameters: -j 4 -g GTGYCAGCMGCCGCGGTAA -G GGACTACNVGGGTWTCTAAT -o /scratch4/workspace/jade_fiorilla_student_uml_edu-rawseqorcc/trimmed-cutadapt/2024_Hyp05_Null_B35_gut_S88_R1_trim.fastq -p /scratch4/workspace/jade_fiorilla_student_uml_edu-rawseqorcc/trimmed-cutadapt/2024_Hyp05_Null_B35_gut_S88_R2_trim.fastq /scratch4/workspace/jade_fiorilla_student_uml_edu-rawseqorcc/fastq/2024_Hyp05_Null_B35_gut_S88_R1_001.fastq.gz /scratch4/workspace/jade_fiorilla_student_uml_edu-rawseqorcc/fastq/2024_Hyp05_Null_B35_gut_S88_R2_001.fastq.gz
Processing paired-end reads on 4 cores ...

=== Summary ===

Total read pairs processed:          1,007,965
  Read 1 with adapter:                 867,787 (86.1%)
  Read 2 with adapter:                 738,360 (73.3%)
Pairs written (passing filters):     1,007,965 (100.0%)

Total basepairs processed:   606,794,930 bp
  Read 1:   303,397,465 bp
  Read 2:   303,397,465 bp
Total written (filtered):    572,345,194 bp (94.3%)
  Read 1:   285,185,091 bp
  Read 2:   287,160,103 bp

=== First read: Adapter 1 ===

Sequence: GTGYCAGCMGCCGCGGTAA; Type: regular 5'; Length: 19; Trimmed: 867787 times

Minimum overlap: 3
No. of allowed errors:
1-9 bp: 0; 10-19 bp: 1

Overview of removed sequences
length	count	expect	max.err	error counts
3	9	15749.5	0	9
6	1	246.1	0	1
9	1	3.8	0	1
12	41	0.1	1	35 6
13	5	0.0	1	4 1
14	3	0.0	1	2 1
15	8	0.0	1	2 6
16	28	0.0	1	19 9
17	24	0.0	1	11 13
18	45	0.0	1	23 22
19	3971	0.0	1	1491 2480
20	5892	0.0	1	3100 2792
21	854520	0.0	1	711117 143403
22	3184	0.0	1	1698 1486
23	14	0.0	1	7 7
24	5	0.0	1	3 2
25	2	0.0	1	2
26	3	0.0	1	3
27	1	0.0	1	0 1
28	2	0.0	1	2
29	7	0.0	1	7
33	3	0.0	1	1 2
35	4	0.0	1	2 2
36	1	0.0	1	1
38	1	0.0	1	1
39	1	0.0	1	1
40	1	0.0	1	1
41	4	0.0	1	4
42	1	0.0	1	0 1
43	2	0.0	1	2
50	3	0.0	1	3


=== Second read: Adapter 2 ===

Sequence: GGACTACNVGGGTWTCTAAT; Type: regular 5'; Length: 20; Trimmed: 738360 times

Minimum overlap: 3
No. of allowed errors:
1-9 bp: 0; 10-19 bp: 1

Overview of removed sequences
length	count	expect	max.err	error counts
3	9	15749.5	0	9
10	3	1.0	1	2 1
11	1	0.2	1	0 1
12	4	0.1	1	1 3
13	18	0.0	1	16 2
14	23	0.0	1	14 9
15	21	0.0	1	11 10
16	13	0.0	1	5 8
17	14	0.0	1	8 6
18	41	0.0	1	30 11
19	51	0.0	1	37 14
20	999	0.0	1	900 99
21	6009	0.0	1	2160 3849
22	728694	0.0	1	713283 15411
23	2434	0.0	1	1236 1198
24	6	0.0	1	3 3
25	2	0.0	1	2
26	3	0.0	1	2 1
28	5	0.0	1	1 4
29	1	0.0	1	1
31	1	0.0	1	1
32	2	0.0	1	2
33	1	0.0	1	0 1
34	1	0.0	1	1
39	1	0.0	1	1
46	1	0.0	1	1
50	1	0.0	1	1
65	1	0.0	1	1
Running cutadapt on: 2024_Hyp06_Cont03_B36_gill_S159
This is cutadapt 5.2 with Python 3.13.15
Command line parameters: -j 4 -g GTGYCAGCMGCCGCGGTAA -G GGACTACNVGGGTWTCTAAT -o /scratch4/workspace/jade_fiorilla_student_uml_edu-rawseqorcc/trimmed-cutadapt/2024_Hyp06_Cont03_B36_gill_S159_R1_trim.fastq -p /scratch4/workspace/jade_fiorilla_student_uml_edu-rawseqorcc/trimmed-cutadapt/2024_Hyp06_Cont03_B36_gill_S159_R2_trim.fastq /scratch4/workspace/jade_fiorilla_student_uml_edu-rawseqorcc/fastq/2024_Hyp06_Cont03_B36_gill_S159_R1_001.fastq.gz /scratch4/workspace/jade_fiorilla_student_uml_edu-rawseqorcc/fastq/2024_Hyp06_Cont03_B36_gill_S159_R2_001.fastq.gz
Processing paired-end reads on 4 cores ...

=== Summary ===

Total read pairs processed:          1,299,177
  Read 1 with adapter:               1,185,768 (91.3%)
  Read 2 with adapter:               1,068,992 (82.3%)
Pairs written (passing filters):     1,299,177 (100.0%)

Total basepairs processed:   782,104,554 bp
  Read 1:   391,052,277 bp
  Read 2:   391,052,277 bp
Total written (filtered):    733,742,772 bp (93.8%)
  Read 1:   366,179,339 bp
  Read 2:   367,563,433 bp

=== First read: Adapter 1 ===

Sequence: GTGYCAGCMGCCGCGGTAA; Type: regular 5'; Length: 19; Trimmed: 1185768 times

Minimum overlap: 3
No. of allowed errors:
1-9 bp: 0; 10-19 bp: 1

Overview of removed sequences
length	count	expect	max.err	error counts
3	30	20299.6	0	30
6	1	317.2	0	1
9	3	5.0	0	3
11	1	0.3	1	1
12	56	0.1	1	47 9
13	5	0.0	1	2 3
14	8	0.0	1	2 6
15	13	0.0	1	5 8
16	30	0.0	1	21 9
17	32	0.0	1	17 15
18	64	0.0	1	39 25
19	5951	0.0	1	4595 1356
20	19166	0.0	1	13016 6150
21	1156536	0.0	1	1011460 145076
22	3792	0.0	1	1632 2160
23	15	0.0	1	11 4
24	11	0.0	1	4 7
25	4	0.0	1	4
27	6	0.0	1	4 2
28	1	0.0	1	1
30	3	0.0	1	0 3
31	6	0.0	1	3 3
32	4	0.0	1	2 2
33	2	0.0	1	2
34	3	0.0	1	3
35	2	0.0	1	2
36	3	0.0	1	1 2
37	7	0.0	1	6 1
40	2	0.0	1	2
41	1	0.0	1	1
42	1	0.0	1	1
44	2	0.0	1	1 1
47	1	0.0	1	1
48	1	0.0	1	1
49	2	0.0	1	1 1
52	1	0.0	1	1
54	1	0.0	1	1
57	1	0.0	1	1


=== Second read: Adapter 2 ===

Sequence: GGACTACNVGGGTWTCTAAT; Type: regular 5'; Length: 20; Trimmed: 1068992 times

Minimum overlap: 3
No. of allowed errors:
1-9 bp: 0; 10-19 bp: 1

Overview of removed sequences
length	count	expect	max.err	error counts
3	23	20299.6	0	23
4	2	5074.9	0	2
8	1	19.8	0	1
9	1	5.0	0	1
10	2	1.2	1	2
11	5	0.3	1	1 4
12	8	0.1	1	2 6
13	7	0.0	1	6 1
14	23	0.0	1	16 7
15	26	0.0	1	6 20
16	16	0.0	1	5 11
17	28	0.0	1	25 3
18	52	0.0	1	35 17
19	79	0.0	1	53 26
20	3328	0.0	1	2929 399
21	24336	0.0	1	17124 7212
22	1037739	0.0	1	973735 64004
23	3262	0.0	1	1363 1899
24	7	0.0	1	2 5
25	7	0.0	1	4 3
26	1	0.0	1	1
27	4	0.0	1	4
28	3	0.0	1	2 1
29	2	0.0	1	1 1
30	4	0.0	1	4
31	3	0.0	1	0 3
32	4	0.0	1	3 1
34	1	0.0	1	1
35	3	0.0	1	1 2
36	2	0.0	1	2
37	4	0.0	1	1 3
38	1	0.0	1	1
39	1	0.0	1	1
40	1	0.0	1	1
41	2	0.0	1	2
45	2	0.0	1	2
49	1	0.0	1	1
50	1	0.0	1	1
Running cutadapt on: 2024_Hyp06_Cont03_B36_gut_S51
This is cutadapt 5.2 with Python 3.13.15
Command line parameters: -j 4 -g GTGYCAGCMGCCGCGGTAA -G GGACTACNVGGGTWTCTAAT -o /scratch4/workspace/jade_fiorilla_student_uml_edu-rawseqorcc/trimmed-cutadapt/2024_Hyp06_Cont03_B36_gut_S51_R1_trim.fastq -p /scratch4/workspace/jade_fiorilla_student_uml_edu-rawseqorcc/trimmed-cutadapt/2024_Hyp06_Cont03_B36_gut_S51_R2_trim.fastq /scratch4/workspace/jade_fiorilla_student_uml_edu-rawseqorcc/fastq/2024_Hyp06_Cont03_B36_gut_S51_R1_001.fastq.gz /scratch4/workspace/jade_fiorilla_student_uml_edu-rawseqorcc/fastq/2024_Hyp06_Cont03_B36_gut_S51_R2_001.fastq.gz
Processing paired-end reads on 4 cores ...

=== Summary ===

Total read pairs processed:            363,522
  Read 1 with adapter:                 241,618 (66.5%)
  Read 2 with adapter:                  85,826 (23.6%)
Pairs written (passing filters):       363,522 (100.0%)

Total basepairs processed:   218,840,244 bp
  Read 1:   109,420,122 bp
  Read 2:   109,420,122 bp
Total written (filtered):    212,510,631 bp (97.1%)
  Read 1:   104,814,385 bp
  Read 2:   107,696,246 bp

=== First read: Adapter 1 ===

Sequence: GTGYCAGCMGCCGCGGTAA; Type: regular 5'; Length: 19; Trimmed: 241618 times

Minimum overlap: 3
No. of allowed errors:
1-9 bp: 0; 10-19 bp: 1

Overview of removed sequences
length	count	expect	max.err	error counts
3	2	5680.0	0	2
9	2	1.4	0	2
11	1	0.1	1	0 1
12	14	0.0	1	7 7
14	1	0.0	1	0 1
15	2	0.0	1	0 2
16	11	0.0	1	0 11
17	24	0.0	1	8 16
18	377	0.0	1	44 333
19	232632	0.0	1	73809 158823
20	3312	0.0	1	2266 1046
21	3731	0.0	1	2114 1617
22	1485	0.0	1	1224 261
23	6	0.0	1	0 6
24	1	0.0	1	0 1
30	1	0.0	1	0 1
33	4	0.0	1	1 3
34	2	0.0	1	2
35	1	0.0	1	0 1
42	2	0.0	1	2
47	5	0.0	1	0 5
48	1	0.0	1	0 1
57	1	0.0	1	0 1


=== Second read: Adapter 2 ===

Sequence: GGACTACNVGGGTWTCTAAT; Type: regular 5'; Length: 20; Trimmed: 85826 times

Minimum overlap: 3
No. of allowed errors:
1-9 bp: 0; 10-19 bp: 1

Overview of removed sequences
length	count	expect	max.err	error counts
3	7	5680.0	0	7
14	4	0.0	1	0 4
15	1	0.0	1	0 1
18	6	0.0	1	0 6
19	419	0.0	1	56 363
20	81412	0.0	1	79602 1810
21	1540	0.0	1	1302 238
22	1043	0.0	1	966 77
23	1384	0.0	1	1328 56
24	3	0.0	1	1 2
26	1	0.0	1	1
39	1	0.0	1	1
44	5	0.0	1	4 1
Running cutadapt on: 2024_Hyp06_Hyp03_B35_gill_S259
This is cutadapt 5.2 with Python 3.13.15
Command line parameters: -j 4 -g GTGYCAGCMGCCGCGGTAA -G GGACTACNVGGGTWTCTAAT -o /scratch4/workspace/jade_fiorilla_student_uml_edu-rawseqorcc/trimmed-cutadapt/2024_Hyp06_Hyp03_B35_gill_S259_R1_trim.fastq -p /scratch4/workspace/jade_fiorilla_student_uml_edu-rawseqorcc/trimmed-cutadapt/2024_Hyp06_Hyp03_B35_gill_S259_R2_trim.fastq /scratch4/workspace/jade_fiorilla_student_uml_edu-rawseqorcc/fastq/2024_Hyp06_Hyp03_B35_gill_S259_R1_001.fastq.gz /scratch4/workspace/jade_fiorilla_student_uml_edu-rawseqorcc/fastq/2024_Hyp06_Hyp03_B35_gill_S259_R2_001.fastq.gz
Processing paired-end reads on 4 cores ...

=== Summary ===

Total read pairs processed:            472,817
  Read 1 with adapter:                 455,889 (96.4%)
  Read 2 with adapter:                 459,948 (97.3%)
Pairs written (passing filters):       472,817 (100.0%)

Total basepairs processed:   284,635,834 bp
  Read 1:   142,317,917 bp
  Read 2:   142,317,917 bp
Total written (filtered):    264,947,591 bp (93.1%)
  Read 1:   132,745,885 bp
  Read 2:   132,201,706 bp

=== First read: Adapter 1 ===

Sequence: GTGYCAGCMGCCGCGGTAA; Type: regular 5'; Length: 19; Trimmed: 455889 times

Minimum overlap: 3
No. of allowed errors:
1-9 bp: 0; 10-19 bp: 1

Overview of removed sequences
length	count	expect	max.err	error counts
3	4	7387.8	0	4
9	2	1.8	0	2
10	2	0.5	1	1 1
12	29	0.0	1	19 10
13	3	0.0	1	2 1
14	3	0.0	1	2 1
15	7	0.0	1	1 6
16	16	0.0	1	14 2
17	13	0.0	1	4 9
18	28	0.0	1	20 8
19	624	0.0	1	584 40
20	1640	0.0	1	404 1236
21	451704	0.0	1	422699 29005
22	1795	0.0	1	1017 778
23	5	0.0	1	2 3
24	2	0.0	1	2
25	2	0.0	1	2
26	2	0.0	1	2
27	1	0.0	1	1
29	2	0.0	1	2
33	1	0.0	1	1
36	2	0.0	1	2
40	1	0.0	1	1
42	1	0.0	1	1


=== Second read: Adapter 2 ===

Sequence: GGACTACNVGGGTWTCTAAT; Type: regular 5'; Length: 20; Trimmed: 459948 times

Minimum overlap: 3
No. of allowed errors:
1-9 bp: 0; 10-19 bp: 1

Overview of removed sequences
length	count	expect	max.err	error counts
3	4	7387.8	0	4
10	4	0.5	1	4
11	3	0.1	1	0 3
12	6	0.0	1	1 5
13	6	0.0	1	5 1
14	10	0.0	1	4 6
15	20	0.0	1	5 15
16	11	0.0	1	8 3
17	9	0.0	1	7 2
18	8	0.0	1	5 3
19	38	0.0	1	23 15
20	456	0.0	1	415 41
21	3127	0.0	1	451 2676
22	454268	0.0	1	421693 32575
23	1950	0.0	1	1146 804
24	9	0.0	1	4 5
25	2	0.0	1	1 1
26	2	0.0	1	1 1
27	1	0.0	1	1
29	4	0.0	1	1 3
31	2	0.0	1	2
33	1	0.0	1	0 1
35	5	0.0	1	5
36	1	0.0	1	1
41	1	0.0	1	1
Running cutadapt on: 2024_Hyp06_Hyp03_B35_gut_S65
This is cutadapt 5.2 with Python 3.13.15
Command line parameters: -j 4 -g GTGYCAGCMGCCGCGGTAA -G GGACTACNVGGGTWTCTAAT -o /scratch4/workspace/jade_fiorilla_student_uml_edu-rawseqorcc/trimmed-cutadapt/2024_Hyp06_Hyp03_B35_gut_S65_R1_trim.fastq -p /scratch4/workspace/jade_fiorilla_student_uml_edu-rawseqorcc/trimmed-cutadapt/2024_Hyp06_Hyp03_B35_gut_S65_R2_trim.fastq /scratch4/workspace/jade_fiorilla_student_uml_edu-rawseqorcc/fastq/2024_Hyp06_Hyp03_B35_gut_S65_R1_001.fastq.gz /scratch4/workspace/jade_fiorilla_student_uml_edu-rawseqorcc/fastq/2024_Hyp06_Hyp03_B35_gut_S65_R2_001.fastq.gz
Processing paired-end reads on 4 cores ...

=== Summary ===

Total read pairs processed:          1,511,126
  Read 1 with adapter:                 983,975 (65.1%)
  Read 2 with adapter:                 208,997 (13.8%)
Pairs written (passing filters):     1,511,126 (100.0%)

Total basepairs processed:   909,697,852 bp
  Read 1:   454,848,926 bp
  Read 2:   454,848,926 bp
Total written (filtered):    886,794,103 bp (97.5%)
  Read 1:   436,135,825 bp
  Read 2:   450,658,278 bp

=== First read: Adapter 1 ===

Sequence: GTGYCAGCMGCCGCGGTAA; Type: regular 5'; Length: 19; Trimmed: 983975 times

Minimum overlap: 3
No. of allowed errors:
1-9 bp: 0; 10-19 bp: 1

Overview of removed sequences
length	count	expect	max.err	error counts
3	2	23611.3	0	2
11	2	0.4	1	0 2
12	62	0.1	1	6 56
13	4	0.0	1	0 4
14	3	0.0	1	0 3
15	14	0.0	1	2 12
16	38	0.0	1	3 35
17	63	0.0	1	12 51
18	1162	0.0	1	125 1037
19	969650	0.0	1	194441 775209
20	8096	0.0	1	5965 2131
21	4041	0.0	1	2400 1641
22	766	0.0	1	567 199
23	4	0.0	1	3 1
24	3	0.0	1	0 3
25	2	0.0	1	1 1
26	5	0.0	1	1 4
27	3	0.0	1	0 3
28	3	0.0	1	0 3
29	2	0.0	1	0 2
30	7	0.0	1	0 7
32	8	0.0	1	0 8
33	1	0.0	1	0 1
34	1	0.0	1	0 1
35	1	0.0	1	0 1
36	7	0.0	1	2 5
37	4	0.0	1	0 4
38	2	0.0	1	0 2
39	2	0.0	1	0 2
41	3	0.0	1	0 3
42	5	0.0	1	0 5
43	4	0.0	1	0 4
44	1	0.0	1	0 1
47	2	0.0	1	0 2
57	1	0.0	1	0 1
58	1	0.0	1	0 1


=== Second read: Adapter 2 ===

Sequence: GGACTACNVGGGTWTCTAAT; Type: regular 5'; Length: 20; Trimmed: 208997 times

Minimum overlap: 3
No. of allowed errors:
1-9 bp: 0; 10-19 bp: 1

Overview of removed sequences
length	count	expect	max.err	error counts
3	4	23611.3	0	4
10	2	1.4	1	2
11	1	0.4	1	0 1
14	2	0.0	1	0 2
15	1	0.0	1	0 1
16	4	0.0	1	1 3
17	4	0.0	1	1 3
18	15	0.0	1	10 5
19	837	0.0	1	141 696
20	198437	0.0	1	167867 30570
21	7945	0.0	1	7053 892
22	1471	0.0	1	1372 99
23	271	0.0	1	232 39
24	1	0.0	1	1
25	1	0.0	1	1
28	1	0.0	1	0 1
Running cutadapt on: 2024_Hyp06_Null_B45_gill_S89
This is cutadapt 5.2 with Python 3.13.15
Command line parameters: -j 4 -g GTGYCAGCMGCCGCGGTAA -G GGACTACNVGGGTWTCTAAT -o /scratch4/workspace/jade_fiorilla_student_uml_edu-rawseqorcc/trimmed-cutadapt/2024_Hyp06_Null_B45_gill_S89_R1_trim.fastq -p /scratch4/workspace/jade_fiorilla_student_uml_edu-rawseqorcc/trimmed-cutadapt/2024_Hyp06_Null_B45_gill_S89_R2_trim.fastq /scratch4/workspace/jade_fiorilla_student_uml_edu-rawseqorcc/fastq/2024_Hyp06_Null_B45_gill_S89_R1_001.fastq.gz /scratch4/workspace/jade_fiorilla_student_uml_edu-rawseqorcc/fastq/2024_Hyp06_Null_B45_gill_S89_R2_001.fastq.gz
Processing paired-end reads on 4 cores ...

=== Summary ===

Total read pairs processed:          1,116,254
  Read 1 with adapter:                 829,694 (74.3%)
  Read 2 with adapter:                 516,465 (46.3%)
Pairs written (passing filters):     1,116,254 (100.0%)

Total basepairs processed:   671,984,908 bp
  Read 1:   335,992,454 bp
  Read 2:   335,992,454 bp
Total written (filtered):    643,215,199 bp (95.7%)
  Read 1:   318,579,889 bp
  Read 2:   324,635,310 bp

=== First read: Adapter 1 ===

Sequence: GTGYCAGCMGCCGCGGTAA; Type: regular 5'; Length: 19; Trimmed: 829694 times

Minimum overlap: 3
No. of allowed errors:
1-9 bp: 0; 10-19 bp: 1

Overview of removed sequences
length	count	expect	max.err	error counts
3	19	17441.5	0	19
12	53	0.1	1	34 19
13	5	0.0	1	3 2
14	6	0.0	1	2 4
15	4	0.0	1	3 1
16	20	0.0	1	12 8
17	15	0.0	1	4 11
18	48	0.0	1	29 19
19	4478	0.0	1	1760 2718
20	3725	0.0	1	1634 2091
21	819256	0.0	1	491432 327824
22	1996	0.0	1	878 1118
23	8	0.0	1	4 4
24	3	0.0	1	0 3
25	6	0.0	1	1 5
26	6	0.0	1	2 4
27	2	0.0	1	0 2
28	3	0.0	1	1 2
32	2	0.0	1	0 2
33	3	0.0	1	0 3
34	6	0.0	1	6
35	6	0.0	1	3 3
36	3	0.0	1	2 1
37	1	0.0	1	1
38	2	0.0	1	2
40	2	0.0	1	2
41	4	0.0	1	0 4
42	2	0.0	1	2
44	1	0.0	1	0 1
45	2	0.0	1	1 1
46	1	0.0	1	0 1
55	2	0.0	1	2
58	2	0.0	1	0 2
61	2	0.0	1	0 2


=== Second read: Adapter 2 ===

Sequence: GGACTACNVGGGTWTCTAAT; Type: regular 5'; Length: 20; Trimmed: 516465 times

Minimum overlap: 3
No. of allowed errors:
1-9 bp: 0; 10-19 bp: 1

Overview of removed sequences
length	count	expect	max.err	error counts
3	8	17441.5	0	8
9	1	4.3	0	1
10	4	1.1	1	4
11	1	0.3	1	0 1
12	2	0.1	1	2
13	1	0.0	1	1
14	10	0.0	1	3 7
15	5	0.0	1	0 5
16	8	0.0	1	3 5
17	6	0.0	1	3 3
18	26	0.0	1	20 6
19	32	0.0	1	18 14
20	1142	0.0	1	1014 128
21	3746	0.0	1	1242 2504
22	509944	0.0	1	493636 16308
23	1517	0.0	1	683 834
24	4	0.0	1	2 2
25	4	0.0	1	3 1
30	2	0.0	1	2
36	1	0.0	1	1
45	1	0.0	1	1
Running cutadapt on: 2024_Hyp06_Null_B45_gut_S183
This is cutadapt 5.2 with Python 3.13.15
Command line parameters: -j 4 -g GTGYCAGCMGCCGCGGTAA -G GGACTACNVGGGTWTCTAAT -o /scratch4/workspace/jade_fiorilla_student_uml_edu-rawseqorcc/trimmed-cutadapt/2024_Hyp06_Null_B45_gut_S183_R1_trim.fastq -p /scratch4/workspace/jade_fiorilla_student_uml_edu-rawseqorcc/trimmed-cutadapt/2024_Hyp06_Null_B45_gut_S183_R2_trim.fastq /scratch4/workspace/jade_fiorilla_student_uml_edu-rawseqorcc/fastq/2024_Hyp06_Null_B45_gut_S183_R1_001.fastq.gz /scratch4/workspace/jade_fiorilla_student_uml_edu-rawseqorcc/fastq/2024_Hyp06_Null_B45_gut_S183_R2_001.fastq.gz
Processing paired-end reads on 4 cores ...

=== Summary ===

Total read pairs processed:          1,810,483
  Read 1 with adapter:               1,378,957 (76.2%)
  Read 2 with adapter:                 730,319 (40.3%)
Pairs written (passing filters):     1,810,483 (100.0%)

Total basepairs processed: 1,089,910,766 bp
  Read 1:   544,955,383 bp
  Read 2:   544,955,383 bp
Total written (filtered):  1,049,046,805 bp (96.3%)
  Read 1:   518,723,832 bp
  Read 2:   530,322,973 bp

=== First read: Adapter 1 ===

Sequence: GTGYCAGCMGCCGCGGTAA; Type: regular 5'; Length: 19; Trimmed: 1378957 times

Minimum overlap: 3
No. of allowed errors:
1-9 bp: 0; 10-19 bp: 1

Overview of removed sequences
length	count	expect	max.err	error counts
3	51	28288.8	0	51
9	1	6.9	0	1
11	7	0.4	1	5 2
12	90	0.1	1	56 34
13	17	0.0	1	9 8
14	8	0.0	1	5 3
15	10	0.0	1	3 7
16	44	0.0	1	17 27
17	115	0.0	1	67 48
18	2605	0.0	1	422 2183
19	1358302	0.0	1	706934 651368
20	6439	0.0	1	3633 2806
21	5568	0.0	1	4133 1435
22	5590	0.0	1	4283 1307
23	13	0.0	1	8 5
24	3	0.0	1	3
25	3	0.0	1	1 2
26	1	0.0	1	1
27	1	0.0	1	0 1
28	1	0.0	1	0 1
29	2	0.0	1	0 2
30	6	0.0	1	2 4
31	20	0.0	1	2 18
32	7	0.0	1	2 5
33	2	0.0	1	0 2
34	6	0.0	1	0 6
35	2	0.0	1	0 2
36	12	0.0	1	6 6
37	3	0.0	1	2 1
39	4	0.0	1	1 3
40	1	0.0	1	0 1
42	9	0.0	1	0 9
45	1	0.0	1	1
46	2	0.0	1	0 2
48	1	0.0	1	0 1
49	4	0.0	1	0 4
51	1	0.0	1	0 1
53	2	0.0	1	0 2
54	2	0.0	1	0 2
62	1	0.0	1	0 1


=== Second read: Adapter 2 ===

Sequence: GGACTACNVGGGTWTCTAAT; Type: regular 5'; Length: 20; Trimmed: 730319 times

Minimum overlap: 3
No. of allowed errors:
1-9 bp: 0; 10-19 bp: 1

Overview of removed sequences
length	count	expect	max.err	error counts
3	84	28288.8	0	84
4	1	7072.2	0	1
5	1	1768.0	0	1
9	1	6.9	0	1
11	5	0.4	1	3 2
13	4	0.0	1	3 1
14	11	0.0	1	3 8
15	4	0.0	1	3 1
16	14	0.0	1	3 11
17	18	0.0	1	14 4
18	36	0.0	1	24 12
19	3230	0.0	1	474 2756
20	713185	0.0	1	698779 14406
21	3918	0.0	1	2253 1665
22	2402	0.0	1	2193 209
23	7353	0.0	1	6767 586
24	43	0.0	1	11 32
25	2	0.0	1	1 1
27	2	0.0	1	1 1
29	1	0.0	1	1
34	1	0.0	1	1
35	1	0.0	1	1
47	1	0.0	1	1
49	1	0.0	1	1
Running cutadapt on: 2024_phase1_both01_hyp_filter_S107
This is cutadapt 5.2 with Python 3.13.15
Command line parameters: -j 4 -g GTGYCAGCMGCCGCGGTAA -G GGACTACNVGGGTWTCTAAT -o /scratch4/workspace/jade_fiorilla_student_uml_edu-rawseqorcc/trimmed-cutadapt/2024_phase1_both01_hyp_filter_S107_R1_trim.fastq -p /scratch4/workspace/jade_fiorilla_student_uml_edu-rawseqorcc/trimmed-cutadapt/2024_phase1_both01_hyp_filter_S107_R2_trim.fastq /scratch4/workspace/jade_fiorilla_student_uml_edu-rawseqorcc/fastq/2024_phase1_both01_hyp_filter_S107_R1_001.fastq.gz /scratch4/workspace/jade_fiorilla_student_uml_edu-rawseqorcc/fastq/2024_phase1_both01_hyp_filter_S107_R2_001.fastq.gz
Processing paired-end reads on 4 cores ...

=== Summary ===

Total read pairs processed:            532,638
  Read 1 with adapter:                 526,294 (98.8%)
  Read 2 with adapter:                 517,351 (97.1%)
Pairs written (passing filters):       532,638 (100.0%)

Total basepairs processed:   320,648,076 bp
  Read 1:   160,324,038 bp
  Read 2:   160,324,038 bp
Total written (filtered):    300,275,558 bp (93.6%)
  Read 1:   150,306,722 bp
  Read 2:   149,968,836 bp

=== First read: Adapter 1 ===

Sequence: GTGYCAGCMGCCGCGGTAA; Type: regular 5'; Length: 19; Trimmed: 526294 times

Minimum overlap: 3
No. of allowed errors:
1-9 bp: 0; 10-19 bp: 1

Overview of removed sequences
length	count	expect	max.err	error counts
3	4	8322.5	0	4
9	6	2.0	0	6
10	2	0.5	1	1 1
12	32	0.0	1	30 2
13	1	0.0	1	1
14	9	0.0	1	1 8
15	2	0.0	1	1 1
16	20	0.0	1	15 5
17	37	0.0	1	25 12
18	1252	0.0	1	269 983
19	512254	0.0	1	472820 39434
20	7089	0.0	1	5192 1897
21	4498	0.0	1	4182 316
22	1064	0.0	1	945 119
23	5	0.0	1	3 2
25	2	0.0	1	2
27	2	0.0	1	1 1
28	2	0.0	1	0 2
29	3	0.0	1	3
31	2	0.0	1	2
35	3	0.0	1	3
36	3	0.0	1	3
41	1	0.0	1	1
42	1	0.0	1	1


=== Second read: Adapter 2 ===

Sequence: GGACTACNVGGGTWTCTAAT; Type: regular 5'; Length: 20; Trimmed: 517351 times

Minimum overlap: 3
No. of allowed errors:
1-9 bp: 0; 10-19 bp: 1

Overview of removed sequences
length	count	expect	max.err	error counts
3	5	8322.5	0	5
12	2	0.0	1	2
13	4	0.0	1	2 2
14	4	0.0	1	0 4
15	8	0.0	1	4 4
16	13	0.0	1	7 6
17	13	0.0	1	5 8
18	35	0.0	1	18 17
19	2541	0.0	1	357 2184
20	507455	0.0	1	499675 7780
21	4085	0.0	1	2989 1096
22	2679	0.0	1	2580 99
23	484	0.0	1	452 32
24	4	0.0	1	3 1
25	2	0.0	1	1 1
26	6	0.0	1	6
27	4	0.0	1	4
28	1	0.0	1	1
30	1	0.0	1	1
31	2	0.0	1	2
35	1	0.0	1	0 1
36	1	0.0	1	1
41	1	0.0	1	1
Running cutadapt on: 2024_phase1_both03_hyp_filter_S108
This is cutadapt 5.2 with Python 3.13.15
Command line parameters: -j 4 -g GTGYCAGCMGCCGCGGTAA -G GGACTACNVGGGTWTCTAAT -o /scratch4/workspace/jade_fiorilla_student_uml_edu-rawseqorcc/trimmed-cutadapt/2024_phase1_both03_hyp_filter_S108_R1_trim.fastq -p /scratch4/workspace/jade_fiorilla_student_uml_edu-rawseqorcc/trimmed-cutadapt/2024_phase1_both03_hyp_filter_S108_R2_trim.fastq /scratch4/workspace/jade_fiorilla_student_uml_edu-rawseqorcc/fastq/2024_phase1_both03_hyp_filter_S108_R1_001.fastq.gz /scratch4/workspace/jade_fiorilla_student_uml_edu-rawseqorcc/fastq/2024_phase1_both03_hyp_filter_S108_R2_001.fastq.gz
Processing paired-end reads on 4 cores ...

=== Summary ===

Total read pairs processed:            602,262
  Read 1 with adapter:                 595,717 (98.9%)
  Read 2 with adapter:                 585,846 (97.3%)
Pairs written (passing filters):       602,262 (100.0%)

Total basepairs processed:   362,561,724 bp
  Read 1:   181,280,862 bp
  Read 2:   181,280,862 bp
Total written (filtered):    339,500,889 bp (93.6%)
  Read 1:   169,944,153 bp
  Read 2:   169,556,736 bp

=== First read: Adapter 1 ===

Sequence: GTGYCAGCMGCCGCGGTAA; Type: regular 5'; Length: 19; Trimmed: 595717 times

Minimum overlap: 3
No. of allowed errors:
1-9 bp: 0; 10-19 bp: 1

Overview of removed sequences
length	count	expect	max.err	error counts
3	25	9410.3	0	25
9	3	2.3	0	3
11	3	0.1	1	2 1
12	53	0.0	1	49 4
13	11	0.0	1	10 1
14	11	0.0	1	1 10
15	7	0.0	1	5 2
16	20	0.0	1	13 7
17	45	0.0	1	36 9
18	1456	0.0	1	332 1124
19	580662	0.0	1	534212 46450
20	7659	0.0	1	5528 2131
21	4513	0.0	1	4155 358
22	1214	0.0	1	882 332
23	10	0.0	1	8 2
26	5	0.0	1	3 2
27	2	0.0	1	1 1
28	5	0.0	1	5
29	1	0.0	1	1
30	2	0.0	1	2
32	2	0.0	1	2
33	1	0.0	1	0 1
35	1	0.0	1	1
37	3	0.0	1	3
38	1	0.0	1	1
40	2	0.0	1	2


=== Second read: Adapter 2 ===

Sequence: GGACTACNVGGGTWTCTAAT; Type: regular 5'; Length: 20; Trimmed: 585846 times

Minimum overlap: 3
No. of allowed errors:
1-9 bp: 0; 10-19 bp: 1

Overview of removed sequences
length	count	expect	max.err	error counts
3	14	9410.3	0	14
10	3	0.6	1	3
11	3	0.1	1	1 2
12	8	0.0	1	7 1
13	3	0.0	1	3
14	13	0.0	1	11 2
15	5	0.0	1	4 1
16	11	0.0	1	3 8
17	12	0.0	1	8 4
18	38	0.0	1	22 16
19	2910	0.0	1	384 2526
20	575451	0.0	1	566473 8978
21	4570	0.0	1	3348 1222
22	2367	0.0	1	2244 123
23	419	0.0	1	336 83
24	5	0.0	1	4 1
25	1	0.0	1	1
27	3	0.0	1	2 1
30	2	0.0	1	2
31	2	0.0	1	2
35	1	0.0	1	1
36	3	0.0	1	3
37	1	0.0	1	1
46	1	0.0	1	0 1
Running cutadapt on: 2024_phase1_both06_hyp_filter_S109
This is cutadapt 5.2 with Python 3.13.15
Command line parameters: -j 4 -g GTGYCAGCMGCCGCGGTAA -G GGACTACNVGGGTWTCTAAT -o /scratch4/workspace/jade_fiorilla_student_uml_edu-rawseqorcc/trimmed-cutadapt/2024_phase1_both06_hyp_filter_S109_R1_trim.fastq -p /scratch4/workspace/jade_fiorilla_student_uml_edu-rawseqorcc/trimmed-cutadapt/2024_phase1_both06_hyp_filter_S109_R2_trim.fastq /scratch4/workspace/jade_fiorilla_student_uml_edu-rawseqorcc/fastq/2024_phase1_both06_hyp_filter_S109_R1_001.fastq.gz /scratch4/workspace/jade_fiorilla_student_uml_edu-rawseqorcc/fastq/2024_phase1_both06_hyp_filter_S109_R2_001.fastq.gz
Processing paired-end reads on 4 cores ...

=== Summary ===

Total read pairs processed:            726,979
  Read 1 with adapter:                 719,732 (99.0%)
  Read 2 with adapter:                 709,639 (97.6%)
Pairs written (passing filters):       726,979 (100.0%)

Total basepairs processed:   437,641,358 bp
  Read 1:   218,820,679 bp
  Read 2:   218,820,679 bp
Total written (filtered):    409,751,533 bp (93.6%)
  Read 1:   205,130,933 bp
  Read 2:   204,620,600 bp

=== First read: Adapter 1 ===

Sequence: GTGYCAGCMGCCGCGGTAA; Type: regular 5'; Length: 19; Trimmed: 719732 times

Minimum overlap: 3
No. of allowed errors:
1-9 bp: 0; 10-19 bp: 1

Overview of removed sequences
length	count	expect	max.err	error counts
3	12	11359.0	0	12
9	1	2.8	0	1
10	2	0.7	1	0 2
12	37	0.0	1	37
13	2	0.0	1	2
14	10	0.0	1	0 10
15	6	0.0	1	2 4
16	24	0.0	1	13 11
17	51	0.0	1	31 20
18	1896	0.0	1	354 1542
19	706918	0.0	1	656398 50520
20	5185	0.0	1	3512 1673
21	4647	0.0	1	4308 339
22	917	0.0	1	685 232
23	6	0.0	1	2 4
24	4	0.0	1	0 4
26	4	0.0	1	3 1
30	2	0.0	1	2
33	4	0.0	1	4
39	1	0.0	1	1
42	1	0.0	1	1
44	2	0.0	1	2


=== Second read: Adapter 2 ===

Sequence: GGACTACNVGGGTWTCTAAT; Type: regular 5'; Length: 20; Trimmed: 709639 times

Minimum overlap: 3
No. of allowed errors:
1-9 bp: 0; 10-19 bp: 1

Overview of removed sequences
length	count	expect	max.err	error counts
3	2	11359.0	0	2
4	1	2839.8	0	1
9	1	2.8	0	1
10	2	0.7	1	1 1
11	7	0.2	1	6 1
12	4	0.0	1	4
13	9	0.0	1	7 2
14	7	0.0	1	2 5
15	5	0.0	1	4 1
16	8	0.0	1	4 4
17	14	0.0	1	10 4
18	39	0.0	1	27 12
19	3417	0.0	1	465 2952
20	698938	0.0	1	689953 8985
21	3950	0.0	1	2538 1412
22	2646	0.0	1	2532 114
23	568	0.0	1	472 96
24	3	0.0	1	0 3
25	2	0.0	1	0 2
26	1	0.0	1	1
27	1	0.0	1	1
28	1	0.0	1	1
29	3	0.0	1	3
30	1	0.0	1	1
31	1	0.0	1	1
33	1	0.0	1	1
34	1	0.0	1	1
37	1	0.0	1	0 1
38	2	0.0	1	2
39	3	0.0	1	3
Running cutadapt on: 2024_phase1_Cont01_hyp_filter_S98
This is cutadapt 5.2 with Python 3.13.15
Command line parameters: -j 4 -g GTGYCAGCMGCCGCGGTAA -G GGACTACNVGGGTWTCTAAT -o /scratch4/workspace/jade_fiorilla_student_uml_edu-rawseqorcc/trimmed-cutadapt/2024_phase1_Cont01_hyp_filter_S98_R1_trim.fastq -p /scratch4/workspace/jade_fiorilla_student_uml_edu-rawseqorcc/trimmed-cutadapt/2024_phase1_Cont01_hyp_filter_S98_R2_trim.fastq /scratch4/workspace/jade_fiorilla_student_uml_edu-rawseqorcc/fastq/2024_phase1_Cont01_hyp_filter_S98_R1_001.fastq.gz /scratch4/workspace/jade_fiorilla_student_uml_edu-rawseqorcc/fastq/2024_phase1_Cont01_hyp_filter_S98_R2_001.fastq.gz
Processing paired-end reads on 4 cores ...

=== Summary ===

Total read pairs processed:            770,208
  Read 1 with adapter:                 756,205 (98.2%)
  Read 2 with adapter:                 740,274 (96.1%)
Pairs written (passing filters):       770,208 (100.0%)

Total basepairs processed:   463,665,216 bp
  Read 1:   231,832,608 bp
  Read 2:   231,832,608 bp
Total written (filtered):    434,440,615 bp (93.7%)
  Read 1:   217,435,461 bp
  Read 2:   217,005,154 bp

=== First read: Adapter 1 ===

Sequence: GTGYCAGCMGCCGCGGTAA; Type: regular 5'; Length: 19; Trimmed: 756205 times

Minimum overlap: 3
No. of allowed errors:
1-9 bp: 0; 10-19 bp: 1

Overview of removed sequences
length	count	expect	max.err	error counts
3	16	12034.5	0	16
9	2	2.9	0	2
11	2	0.2	1	2
12	32	0.0	1	31 1
13	11	0.0	1	8 3
14	6	0.0	1	3 3
15	7	0.0	1	2 5
16	18	0.0	1	14 4
17	78	0.0	1	52 26
18	1744	0.0	1	331 1413
19	733578	0.0	1	654113 79465
20	10869	0.0	1	8238 2631
21	8864	0.0	1	8078 786
22	942	0.0	1	537 405
23	7	0.0	1	5 2
24	2	0.0	1	2
25	2	0.0	1	2
26	1	0.0	1	1
27	1	0.0	1	1
28	5	0.0	1	5
29	4	0.0	1	2 2
32	2	0.0	1	1 1
33	3	0.0	1	3
34	2	0.0	1	1 1
37	3	0.0	1	3
41	1	0.0	1	0 1
48	1	0.0	1	1
51	1	0.0	1	0 1
57	1	0.0	1	1


=== Second read: Adapter 2 ===

Sequence: GGACTACNVGGGTWTCTAAT; Type: regular 5'; Length: 20; Trimmed: 740274 times

Minimum overlap: 3
No. of allowed errors:
1-9 bp: 0; 10-19 bp: 1

Overview of removed sequences
length	count	expect	max.err	error counts
3	12	12034.5	0	12
9	1	2.9	0	1
10	6	0.7	1	6
11	3	0.2	1	2 1
12	6	0.0	1	4 2
13	5	0.0	1	2 3
14	14	0.0	1	5 9
15	8	0.0	1	3 5
16	7	0.0	1	3 4
17	20	0.0	1	14 6
18	54	0.0	1	33 21
19	3530	0.0	1	493 3037
20	719523	0.0	1	711576 7947
21	8476	0.0	1	6761 1715
22	8200	0.0	1	7949 251
23	390	0.0	1	345 45
24	8	0.0	1	5 3
25	1	0.0	1	1
26	3	0.0	1	3
29	2	0.0	1	2
31	2	0.0	1	2
38	1	0.0	1	1
45	2	0.0	1	2
Running cutadapt on: 2024_phase1_cont03_hyp_filter_S99
This is cutadapt 5.2 with Python 3.13.15
Command line parameters: -j 4 -g GTGYCAGCMGCCGCGGTAA -G GGACTACNVGGGTWTCTAAT -o /scratch4/workspace/jade_fiorilla_student_uml_edu-rawseqorcc/trimmed-cutadapt/2024_phase1_cont03_hyp_filter_S99_R1_trim.fastq -p /scratch4/workspace/jade_fiorilla_student_uml_edu-rawseqorcc/trimmed-cutadapt/2024_phase1_cont03_hyp_filter_S99_R2_trim.fastq /scratch4/workspace/jade_fiorilla_student_uml_edu-rawseqorcc/fastq/2024_phase1_cont03_hyp_filter_S99_R1_001.fastq.gz /scratch4/workspace/jade_fiorilla_student_uml_edu-rawseqorcc/fastq/2024_phase1_cont03_hyp_filter_S99_R2_001.fastq.gz
Processing paired-end reads on 4 cores ...

=== Summary ===

Total read pairs processed:            656,309
  Read 1 with adapter:                 645,658 (98.4%)
  Read 2 with adapter:                 631,462 (96.2%)
Pairs written (passing filters):       656,309 (100.0%)

Total basepairs processed:   395,098,018 bp
  Read 1:   197,549,009 bp
  Read 2:   197,549,009 bp
Total written (filtered):    370,147,411 bp (93.7%)
  Read 1:   185,251,331 bp
  Read 2:   184,896,080 bp

=== First read: Adapter 1 ===

Sequence: GTGYCAGCMGCCGCGGTAA; Type: regular 5'; Length: 19; Trimmed: 645658 times

Minimum overlap: 3
No. of allowed errors:
1-9 bp: 0; 10-19 bp: 1

Overview of removed sequences
length	count	expect	max.err	error counts
3	1	10254.8	0	1
8	1	10.0	0	1
10	3	0.6	1	3
12	35	0.0	1	32 3
13	7	0.0	1	4 3
14	16	0.0	1	3 13
15	3	0.0	1	1 2
16	35	0.0	1	27 8
17	51	0.0	1	41 10
18	1604	0.0	1	325 1279
19	623073	0.0	1	558240 64833
20	10445	0.0	1	7930 2515
21	9338	0.0	1	8476 862
22	1024	0.0	1	932 92
23	10	0.0	1	4 6
26	2	0.0	1	0 2
28	1	0.0	1	0 1
31	2	0.0	1	1 1
32	1	0.0	1	0 1
34	2	0.0	1	0 2
37	2	0.0	1	2
43	1	0.0	1	1
56	1	0.0	1	1


=== Second read: Adapter 2 ===

Sequence: GGACTACNVGGGTWTCTAAT; Type: regular 5'; Length: 20; Trimmed: 631462 times

Minimum overlap: 3
No. of allowed errors:
1-9 bp: 0; 10-19 bp: 1

Overview of removed sequences
length	count	expect	max.err	error counts
3	2	10254.8	0	2
9	1	2.5	0	1
10	1	0.6	1	0 1
11	9	0.2	1	7 2
12	3	0.0	1	3
13	5	0.0	1	4 1
14	14	0.0	1	5 9
15	11	0.0	1	3 8
16	5	0.0	1	4 1
17	18	0.0	1	8 10
18	31	0.0	1	18 13
19	3013	0.0	1	434 2579
20	611096	0.0	1	602207 8889
21	8100	0.0	1	6496 1604
22	8581	0.0	1	8218 363
23	551	0.0	1	496 55
24	3	0.0	1	2 1
25	1	0.0	1	1
27	2	0.0	1	2
29	3	0.0	1	3
30	1	0.0	1	1
31	1	0.0	1	1
32	2	0.0	1	2
37	2	0.0	1	2
38	4	0.0	1	4
43	1	0.0	1	1
45	1	0.0	1	1
Running cutadapt on: 2024_phase1_cont06_hyp_filter_S100
This is cutadapt 5.2 with Python 3.13.15
Command line parameters: -j 4 -g GTGYCAGCMGCCGCGGTAA -G GGACTACNVGGGTWTCTAAT -o /scratch4/workspace/jade_fiorilla_student_uml_edu-rawseqorcc/trimmed-cutadapt/2024_phase1_cont06_hyp_filter_S100_R1_trim.fastq -p /scratch4/workspace/jade_fiorilla_student_uml_edu-rawseqorcc/trimmed-cutadapt/2024_phase1_cont06_hyp_filter_S100_R2_trim.fastq /scratch4/workspace/jade_fiorilla_student_uml_edu-rawseqorcc/fastq/2024_phase1_cont06_hyp_filter_S100_R1_001.fastq.gz /scratch4/workspace/jade_fiorilla_student_uml_edu-rawseqorcc/fastq/2024_phase1_cont06_hyp_filter_S100_R2_001.fastq.gz
Processing paired-end reads on 4 cores ...

=== Summary ===

Total read pairs processed:            460,817
  Read 1 with adapter:                 453,596 (98.4%)
  Read 2 with adapter:                 444,250 (96.4%)
Pairs written (passing filters):       460,817 (100.0%)

Total basepairs processed:   277,411,834 bp
  Read 1:   138,705,917 bp
  Read 2:   138,705,917 bp
Total written (filtered):    259,850,247 bp (93.7%)
  Read 1:   130,054,837 bp
  Read 2:   129,795,410 bp

=== First read: Adapter 1 ===

Sequence: GTGYCAGCMGCCGCGGTAA; Type: regular 5'; Length: 19; Trimmed: 453596 times

Minimum overlap: 3
No. of allowed errors:
1-9 bp: 0; 10-19 bp: 1

Overview of removed sequences
length	count	expect	max.err	error counts
3	9	7200.3	0	9
9	6	1.8	0	6
10	1	0.4	1	1
11	1	0.1	1	1
12	31	0.0	1	23 8
13	3	0.0	1	3
14	2	0.0	1	0 2
15	2	0.0	1	1 1
16	18	0.0	1	13 5
17	43	0.0	1	32 11
18	1255	0.0	1	261 994
19	430280	0.0	1	385877 44403
20	10577	0.0	1	8256 2321
21	10177	0.0	1	9153 1024
22	1171	0.0	1	829 342
23	6	0.0	1	5 1
24	1	0.0	1	0 1
27	2	0.0	1	1 1
28	3	0.0	1	2 1
31	3	0.0	1	2 1
32	3	0.0	1	3
34	1	0.0	1	1
38	1	0.0	1	1


=== Second read: Adapter 2 ===

Sequence: GGACTACNVGGGTWTCTAAT; Type: regular 5'; Length: 20; Trimmed: 444250 times

Minimum overlap: 3
No. of allowed errors:
1-9 bp: 0; 10-19 bp: 1

Overview of removed sequences
length	count	expect	max.err	error counts
3	7	7200.3	0	7
10	1	0.4	1	1
12	1	0.0	1	1
13	6	0.0	1	5 1
14	5	0.0	1	2 3
15	8	0.0	1	6 2
16	4	0.0	1	0 4
17	12	0.0	1	8 4
18	34	0.0	1	28 6
19	2185	0.0	1	295 1890
20	424204	0.0	1	418006 6198
21	8135	0.0	1	6973 1162
22	9210	0.0	1	8746 464
23	421	0.0	1	321 100
26	1	0.0	1	1
28	1	0.0	1	0 1
30	4	0.0	1	4
31	1	0.0	1	1
33	2	0.0	1	2
36	3	0.0	1	3
37	1	0.0	1	0 1
40	3	0.0	1	3
47	1	0.0	1	1
Running cutadapt on: 2024_phase1_hyp01_hyp_filter_S104
This is cutadapt 5.2 with Python 3.13.15
Command line parameters: -j 4 -g GTGYCAGCMGCCGCGGTAA -G GGACTACNVGGGTWTCTAAT -o /scratch4/workspace/jade_fiorilla_student_uml_edu-rawseqorcc/trimmed-cutadapt/2024_phase1_hyp01_hyp_filter_S104_R1_trim.fastq -p /scratch4/workspace/jade_fiorilla_student_uml_edu-rawseqorcc/trimmed-cutadapt/2024_phase1_hyp01_hyp_filter_S104_R2_trim.fastq /scratch4/workspace/jade_fiorilla_student_uml_edu-rawseqorcc/fastq/2024_phase1_hyp01_hyp_filter_S104_R1_001.fastq.gz /scratch4/workspace/jade_fiorilla_student_uml_edu-rawseqorcc/fastq/2024_phase1_hyp01_hyp_filter_S104_R2_001.fastq.gz
Processing paired-end reads on 4 cores ...

=== Summary ===

Total read pairs processed:            850,091
  Read 1 with adapter:                 838,650 (98.7%)
  Read 2 with adapter:                 823,996 (96.9%)
Pairs written (passing filters):       850,091 (100.0%)

Total basepairs processed:   511,754,782 bp
  Read 1:   255,877,391 bp
  Read 2:   255,877,391 bp
Total written (filtered):    479,318,687 bp (93.7%)
  Read 1:   239,927,790 bp
  Read 2:   239,390,897 bp

=== First read: Adapter 1 ===

Sequence: GTGYCAGCMGCCGCGGTAA; Type: regular 5'; Length: 19; Trimmed: 838650 times

Minimum overlap: 3
No. of allowed errors:
1-9 bp: 0; 10-19 bp: 1

Overview of removed sequences
length	count	expect	max.err	error counts
3	3	13282.7	0	3
9	4	3.2	0	4
10	2	0.8	1	2
11	1	0.2	1	0 1
12	48	0.1	1	43 5
13	4	0.0	1	4
14	5	0.0	1	3 2
15	11	0.0	1	7 4
16	34	0.0	1	17 17
17	62	0.0	1	47 15
18	2108	0.0	1	443 1665
19	822991	0.0	1	752463 70528
20	9048	0.0	1	6226 2822
21	4178	0.0	1	3909 269
22	120	0.0	1	20 100
23	3	0.0	1	3
24	4	0.0	1	1 3
25	1	0.0	1	1
26	3	0.0	1	2 1
28	2	0.0	1	0 2
29	3	0.0	1	1 2
32	2	0.0	1	2
33	6	0.0	1	4 2
35	1	0.0	1	1
37	1	0.0	1	1
38	1	0.0	1	1
42	2	0.0	1	2
43	2	0.0	1	0 2


=== Second read: Adapter 2 ===

Sequence: GGACTACNVGGGTWTCTAAT; Type: regular 5'; Length: 20; Trimmed: 823996 times

Minimum overlap: 3
No. of allowed errors:
1-9 bp: 0; 10-19 bp: 1

Overview of removed sequences
length	count	expect	max.err	error counts
3	5	13282.7	0	5
10	3	0.8	1	3
11	4	0.2	1	4
12	2	0.1	1	1 1
13	3	0.0	1	1 2
14	24	0.0	1	8 16
15	4	0.0	1	1 3
16	13	0.0	1	7 6
17	25	0.0	1	17 8
18	62	0.0	1	42 20
19	3952	0.0	1	511 3441
20	811404	0.0	1	799388 12016
21	6085	0.0	1	4332 1753
22	2374	0.0	1	2257 117
23	16	0.0	1	11 5
25	2	0.0	1	2
26	3	0.0	1	2 1
28	2	0.0	1	1 1
29	1	0.0	1	1
30	1	0.0	1	1
32	3	0.0	1	3
35	1	0.0	1	0 1
36	1	0.0	1	1
38	2	0.0	1	2
39	2	0.0	1	2
42	2	0.0	1	2
Running cutadapt on: 2024_phase1_hyp03_hyp_filter_S105
This is cutadapt 5.2 with Python 3.13.15
Command line parameters: -j 4 -g GTGYCAGCMGCCGCGGTAA -G GGACTACNVGGGTWTCTAAT -o /scratch4/workspace/jade_fiorilla_student_uml_edu-rawseqorcc/trimmed-cutadapt/2024_phase1_hyp03_hyp_filter_S105_R1_trim.fastq -p /scratch4/workspace/jade_fiorilla_student_uml_edu-rawseqorcc/trimmed-cutadapt/2024_phase1_hyp03_hyp_filter_S105_R2_trim.fastq /scratch4/workspace/jade_fiorilla_student_uml_edu-rawseqorcc/fastq/2024_phase1_hyp03_hyp_filter_S105_R1_001.fastq.gz /scratch4/workspace/jade_fiorilla_student_uml_edu-rawseqorcc/fastq/2024_phase1_hyp03_hyp_filter_S105_R2_001.fastq.gz
Processing paired-end reads on 4 cores ...

=== Summary ===

Total read pairs processed:            496,486
  Read 1 with adapter:                 491,448 (99.0%)
  Read 2 with adapter:                 483,375 (97.4%)
Pairs written (passing filters):       496,486 (100.0%)

Total basepairs processed:   298,884,572 bp
  Read 1:   149,442,286 bp
  Read 2:   149,442,286 bp
Total written (filtered):    279,856,461 bp (93.6%)
  Read 1:   140,089,151 bp
  Read 2:   139,767,310 bp

=== First read: Adapter 1 ===

Sequence: GTGYCAGCMGCCGCGGTAA; Type: regular 5'; Length: 19; Trimmed: 491448 times

Minimum overlap: 3
No. of allowed errors:
1-9 bp: 0; 10-19 bp: 1

Overview of removed sequences
length	count	expect	max.err	error counts
3	1	7757.6	0	1
11	2	0.1	1	2
12	37	0.0	1	37
13	1	0.0	1	0 1
14	4	0.0	1	0 4
15	5	0.0	1	4 1
16	16	0.0	1	14 2
17	44	0.0	1	38 6
18	1176	0.0	1	233 943
19	476208	0.0	1	438348 37860
20	10837	0.0	1	8745 2092
21	3033	0.0	1	2747 286
22	69	0.0	1	18 51
23	2	0.0	1	2
24	1	0.0	1	1
25	3	0.0	1	3
26	1	0.0	1	1
30	2	0.0	1	2
32	1	0.0	1	1
33	1	0.0	1	0 1
36	1	0.0	1	1
37	1	0.0	1	1
38	1	0.0	1	1
40	1	0.0	1	1


=== Second read: Adapter 2 ===

Sequence: GGACTACNVGGGTWTCTAAT; Type: regular 5'; Length: 20; Trimmed: 483375 times

Minimum overlap: 3
No. of allowed errors:
1-9 bp: 0; 10-19 bp: 1

Overview of removed sequences
length	count	expect	max.err	error counts
3	1	7757.6	0	1
10	1	0.5	1	1
11	1	0.1	1	1
12	1	0.0	1	1
13	9	0.0	1	9
14	6	0.0	1	0 6
15	1	0.0	1	0 1
16	3	0.0	1	1 2
17	12	0.0	1	6 6
18	25	0.0	1	14 11
19	2233	0.0	1	341 1892
20	473000	0.0	1	465867 7133
21	6371	0.0	1	5162 1209
22	1658	0.0	1	1582 76
23	39	0.0	1	28 11
24	2	0.0	1	1 1
25	2	0.0	1	2
27	2	0.0	1	2
30	1	0.0	1	1
31	1	0.0	1	1
32	2	0.0	1	2
33	1	0.0	1	1
37	2	0.0	1	0 2
47	1	0.0	1	1
Running cutadapt on: 2024_phase1_hyp06_hyp_filter_S106
This is cutadapt 5.2 with Python 3.13.15
Command line parameters: -j 4 -g GTGYCAGCMGCCGCGGTAA -G GGACTACNVGGGTWTCTAAT -o /scratch4/workspace/jade_fiorilla_student_uml_edu-rawseqorcc/trimmed-cutadapt/2024_phase1_hyp06_hyp_filter_S106_R1_trim.fastq -p /scratch4/workspace/jade_fiorilla_student_uml_edu-rawseqorcc/trimmed-cutadapt/2024_phase1_hyp06_hyp_filter_S106_R2_trim.fastq /scratch4/workspace/jade_fiorilla_student_uml_edu-rawseqorcc/fastq/2024_phase1_hyp06_hyp_filter_S106_R1_001.fastq.gz /scratch4/workspace/jade_fiorilla_student_uml_edu-rawseqorcc/fastq/2024_phase1_hyp06_hyp_filter_S106_R2_001.fastq.gz
Processing paired-end reads on 4 cores ...

=== Summary ===

Total read pairs processed:            884,452
  Read 1 with adapter:                 877,360 (99.2%)
  Read 2 with adapter:                 866,423 (98.0%)
Pairs written (passing filters):       884,452 (100.0%)

Total basepairs processed:   532,440,104 bp
  Read 1:   266,220,052 bp
  Read 2:   266,220,052 bp
Total written (filtered):    498,417,402 bp (93.6%)
  Read 1:   249,532,618 bp
  Read 2:   248,884,784 bp

=== First read: Adapter 1 ===

Sequence: GTGYCAGCMGCCGCGGTAA; Type: regular 5'; Length: 19; Trimmed: 877360 times

Minimum overlap: 3
No. of allowed errors:
1-9 bp: 0; 10-19 bp: 1

Overview of removed sequences
length	count	expect	max.err	error counts
3	25	13819.6	0	25
9	3	3.4	0	3
11	2	0.2	1	1 1
12	44	0.1	1	40 4
13	3	0.0	1	2 1
14	2	0.0	1	1 1
15	2	0.0	1	1 1
16	43	0.0	1	33 10
17	60	0.0	1	53 7
18	2289	0.0	1	466 1823
19	860658	0.0	1	788977 71681
20	8973	0.0	1	6303 2670
21	4162	0.0	1	3831 331
22	1064	0.0	1	587 477
23	2	0.0	1	1 1
24	4	0.0	1	4
27	1	0.0	1	0 1
28	2	0.0	1	2
29	2	0.0	1	2
31	1	0.0	1	1
32	1	0.0	1	1
33	2	0.0	1	2
34	1	0.0	1	1
35	1	0.0	1	1
36	4	0.0	1	4
37	2	0.0	1	2
38	1	0.0	1	1
39	1	0.0	1	1
41	1	0.0	1	1
46	3	0.0	1	0 3
48	1	0.0	1	0 1


=== Second read: Adapter 2 ===

Sequence: GGACTACNVGGGTWTCTAAT; Type: regular 5'; Length: 20; Trimmed: 866423 times

Minimum overlap: 3
No. of allowed errors:
1-9 bp: 0; 10-19 bp: 1

Overview of removed sequences
length	count	expect	max.err	error counts
3	17	13819.6	0	17
9	1	3.4	0	1
10	1	0.8	1	1
11	7	0.2	1	6 1
12	3	0.1	1	2 1
13	8	0.0	1	6 2
14	20	0.0	1	1 19
15	4	0.0	1	1 3
16	10	0.0	1	3 7
17	23	0.0	1	20 3
18	68	0.0	1	32 36
19	4102	0.0	1	638 3464
20	853780	0.0	1	841162 12618
21	5711	0.0	1	3959 1752
22	2249	0.0	1	2149 100
23	379	0.0	1	338 41
24	14	0.0	1	6 8
25	1	0.0	1	1
26	2	0.0	1	1 1
27	2	0.0	1	2
29	2	0.0	1	1 1
30	4	0.0	1	4
31	1	0.0	1	1
32	1	0.0	1	1
33	2	0.0	1	2
35	1	0.0	1	1
38	3	0.0	1	3
39	4	0.0	1	4
40	1	0.0	1	1
41	1	0.0	1	1
42	1	0.0	1	1
Running cutadapt on: 2024_phase1_warm01_hyp_filter_S101
This is cutadapt 5.2 with Python 3.13.15
Command line parameters: -j 4 -g GTGYCAGCMGCCGCGGTAA -G GGACTACNVGGGTWTCTAAT -o /scratch4/workspace/jade_fiorilla_student_uml_edu-rawseqorcc/trimmed-cutadapt/2024_phase1_warm01_hyp_filter_S101_R1_trim.fastq -p /scratch4/workspace/jade_fiorilla_student_uml_edu-rawseqorcc/trimmed-cutadapt/2024_phase1_warm01_hyp_filter_S101_R2_trim.fastq /scratch4/workspace/jade_fiorilla_student_uml_edu-rawseqorcc/fastq/2024_phase1_warm01_hyp_filter_S101_R1_001.fastq.gz /scratch4/workspace/jade_fiorilla_student_uml_edu-rawseqorcc/fastq/2024_phase1_warm01_hyp_filter_S101_R2_001.fastq.gz
Processing paired-end reads on 4 cores ...

=== Summary ===

Total read pairs processed:            672,878
  Read 1 with adapter:                 666,220 (99.0%)
  Read 2 with adapter:                 660,001 (98.1%)
Pairs written (passing filters):       672,878 (100.0%)

Total basepairs processed:   405,072,556 bp
  Read 1:   202,536,278 bp
  Read 2:   202,536,278 bp
Total written (filtered):    379,172,752 bp (93.6%)
  Read 1:   189,854,943 bp
  Read 2:   189,317,809 bp

=== First read: Adapter 1 ===

Sequence: GTGYCAGCMGCCGCGGTAA; Type: regular 5'; Length: 19; Trimmed: 666220 times

Minimum overlap: 3
No. of allowed errors:
1-9 bp: 0; 10-19 bp: 1

Overview of removed sequences
length	count	expect	max.err	error counts
3	3	10513.7	0	3
10	2	0.6	1	0 2
12	32	0.0	1	25 7
13	6	0.0	1	4 2
14	3	0.0	1	0 3
15	11	0.0	1	6 5
16	27	0.0	1	22 5
17	48	0.0	1	37 11
18	1384	0.0	1	273 1111
19	649417	0.0	1	578080 71337
20	6442	0.0	1	4896 1546
21	8187	0.0	1	7481 706
22	622	0.0	1	521 101
23	4	0.0	1	1 3
24	2	0.0	1	2
25	4	0.0	1	3 1
26	1	0.0	1	1
28	2	0.0	1	2
29	1	0.0	1	0 1
30	5	0.0	1	1 4
31	4	0.0	1	4
32	2	0.0	1	2
35	4	0.0	1	4
36	2	0.0	1	2
38	1	0.0	1	1
40	2	0.0	1	2
42	2	0.0	1	2


=== Second read: Adapter 2 ===

Sequence: GGACTACNVGGGTWTCTAAT; Type: regular 5'; Length: 20; Trimmed: 660001 times

Minimum overlap: 3
No. of allowed errors:
1-9 bp: 0; 10-19 bp: 1

Overview of removed sequences
length	count	expect	max.err	error counts
3	2	10513.7	0	2
9	3	2.6	0	3
10	4	0.6	1	4
11	2	0.2	1	1 1
12	8	0.0	1	8
13	12	0.0	1	9 3
14	23	0.0	1	10 13
15	7	0.0	1	4 3
16	9	0.0	1	5 4
17	10	0.0	1	6 4
18	44	0.0	1	29 15
19	3091	0.0	1	477 2614
20	643003	0.0	1	638099 4904
21	5966	0.0	1	4599 1367
22	7394	0.0	1	7118 276
23	401	0.0	1	358 43
24	4	0.0	1	4
25	4	0.0	1	4
26	3	0.0	1	3
28	2	0.0	1	1 1
29	1	0.0	1	1
30	2	0.0	1	2
31	1	0.0	1	1
32	1	0.0	1	0 1
34	1	0.0	1	1
35	2	0.0	1	2
37	1	0.0	1	1
Running cutadapt on: 2024_phase1_warm03_hyp_filter_S102
This is cutadapt 5.2 with Python 3.13.15
Command line parameters: -j 4 -g GTGYCAGCMGCCGCGGTAA -G GGACTACNVGGGTWTCTAAT -o /scratch4/workspace/jade_fiorilla_student_uml_edu-rawseqorcc/trimmed-cutadapt/2024_phase1_warm03_hyp_filter_S102_R1_trim.fastq -p /scratch4/workspace/jade_fiorilla_student_uml_edu-rawseqorcc/trimmed-cutadapt/2024_phase1_warm03_hyp_filter_S102_R2_trim.fastq /scratch4/workspace/jade_fiorilla_student_uml_edu-rawseqorcc/fastq/2024_phase1_warm03_hyp_filter_S102_R1_001.fastq.gz /scratch4/workspace/jade_fiorilla_student_uml_edu-rawseqorcc/fastq/2024_phase1_warm03_hyp_filter_S102_R2_001.fastq.gz
Processing paired-end reads on 4 cores ...

=== Summary ===

Total read pairs processed:            543,657
  Read 1 with adapter:                 536,004 (98.6%)
  Read 2 with adapter:                 526,159 (96.8%)
Pairs written (passing filters):       543,657 (100.0%)

Total basepairs processed:   327,281,514 bp
  Read 1:   163,640,757 bp
  Read 2:   163,640,757 bp
Total written (filtered):    306,528,483 bp (93.7%)
  Read 1:   153,430,356 bp
  Read 2:   153,098,127 bp

=== First read: Adapter 1 ===

Sequence: GTGYCAGCMGCCGCGGTAA; Type: regular 5'; Length: 19; Trimmed: 536004 times

Minimum overlap: 3
No. of allowed errors:
1-9 bp: 0; 10-19 bp: 1

Overview of removed sequences
length	count	expect	max.err	error counts
3	19	8494.6	0	19
11	1	0.1	1	0 1
12	25	0.0	1	20 5
13	3	0.0	1	1 2
14	1	0.0	1	1
15	1	0.0	1	1
16	9	0.0	1	5 4
17	50	0.0	1	36 14
18	1343	0.0	1	233 1110
19	516950	0.0	1	464287 52663
20	8668	0.0	1	6899 1769
21	7410	0.0	1	6631 779
22	1493	0.0	1	934 559
23	7	0.0	1	2 5
24	3	0.0	1	3
26	1	0.0	1	1
28	1	0.0	1	0 1
31	9	0.0	1	4 5
32	2	0.0	1	2
34	1	0.0	1	1
36	1	0.0	1	1
37	3	0.0	1	3
38	1	0.0	1	1
41	2	0.0	1	2


=== Second read: Adapter 2 ===

Sequence: GGACTACNVGGGTWTCTAAT; Type: regular 5'; Length: 20; Trimmed: 526159 times

Minimum overlap: 3
No. of allowed errors:
1-9 bp: 0; 10-19 bp: 1

Overview of removed sequences
length	count	expect	max.err	error counts
3	34	8494.6	0	34
10	2	0.5	1	2
11	4	0.1	1	3 1
12	2	0.0	1	2
13	2	0.0	1	1 1
14	9	0.0	1	2 7
15	6	0.0	1	6
16	11	0.0	1	4 7
17	10	0.0	1	8 2
18	36	0.0	1	24 12
19	2503	0.0	1	335 2168
20	508713	0.0	1	501152 7561
21	7408	0.0	1	6095 1313
22	6922	0.0	1	6610 312
23	486	0.0	1	436 50
24	2	0.0	1	1 1
25	1	0.0	1	1
31	2	0.0	1	2
32	2	0.0	1	2
36	2	0.0	1	2
43	2	0.0	1	2
Running cutadapt on: 2024_phase1_warm06_hyp_filter_S103
This is cutadapt 5.2 with Python 3.13.15
Command line parameters: -j 4 -g GTGYCAGCMGCCGCGGTAA -G GGACTACNVGGGTWTCTAAT -o /scratch4/workspace/jade_fiorilla_student_uml_edu-rawseqorcc/trimmed-cutadapt/2024_phase1_warm06_hyp_filter_S103_R1_trim.fastq -p /scratch4/workspace/jade_fiorilla_student_uml_edu-rawseqorcc/trimmed-cutadapt/2024_phase1_warm06_hyp_filter_S103_R2_trim.fastq /scratch4/workspace/jade_fiorilla_student_uml_edu-rawseqorcc/fastq/2024_phase1_warm06_hyp_filter_S103_R1_001.fastq.gz /scratch4/workspace/jade_fiorilla_student_uml_edu-rawseqorcc/fastq/2024_phase1_warm06_hyp_filter_S103_R2_001.fastq.gz
Processing paired-end reads on 4 cores ...

=== Summary ===

Total read pairs processed:            737,748
  Read 1 with adapter:                 721,536 (97.8%)
  Read 2 with adapter:                 700,678 (95.0%)
Pairs written (passing filters):       737,748 (100.0%)

Total basepairs processed:   444,124,296 bp
  Read 1:   222,062,148 bp
  Read 2:   222,062,148 bp
Total written (filtered):    416,377,262 bp (93.8%)
  Read 1:   208,335,420 bp
  Read 2:   208,041,842 bp

=== First read: Adapter 1 ===

Sequence: GTGYCAGCMGCCGCGGTAA; Type: regular 5'; Length: 19; Trimmed: 721536 times

Minimum overlap: 3
No. of allowed errors:
1-9 bp: 0; 10-19 bp: 1

Overview of removed sequences
length	count	expect	max.err	error counts
3	12	11527.3	0	12
8	2	11.3	0	2
9	3	2.8	0	3
10	1	0.7	1	1
12	54	0.0	1	50 4
13	6	0.0	1	5 1
14	4	0.0	1	2 2
15	7	0.0	1	2 5
16	33	0.0	1	25 8
17	59	0.0	1	38 21
18	1745	0.0	1	321 1424
19	707457	0.0	1	626175 81282
20	5582	0.0	1	4024 1558
21	5261	0.0	1	4510 751
22	1282	0.0	1	1001 281
23	6	0.0	1	6
24	4	0.0	1	1 3
25	6	0.0	1	1 5
29	2	0.0	1	0 2
30	1	0.0	1	0 1
32	2	0.0	1	2
35	1	0.0	1	1
37	2	0.0	1	2
39	3	0.0	1	3
41	1	0.0	1	1


=== Second read: Adapter 2 ===

Sequence: GGACTACNVGGGTWTCTAAT; Type: regular 5'; Length: 20; Trimmed: 700678 times

Minimum overlap: 3
No. of allowed errors:
1-9 bp: 0; 10-19 bp: 1

Overview of removed sequences
length	count	expect	max.err	error counts
3	11	11527.3	0	11
4	1	2881.8	0	1
9	1	2.8	0	1
10	2	0.7	1	2
11	2	0.2	1	2
12	4	0.0	1	3 1
13	10	0.0	1	10
14	25	0.0	1	16 9
15	6	0.0	1	3 3
16	11	0.0	1	1 10
17	10	0.0	1	6 4
18	45	0.0	1	22 23
19	3271	0.0	1	489 2782
20	690348	0.0	1	679853 10495
21	3830	0.0	1	2449 1381
22	2545	0.0	1	2429 116
23	541	0.0	1	510 31
24	2	0.0	1	1 1
25	2	0.0	1	2
29	2	0.0	1	2
32	3	0.0	1	3
34	2	0.0	1	2
36	2	0.0	1	2
40	2	0.0	1	2
Running cutadapt on: 2024_phase2_Both01_Hyp_filter_S119
This is cutadapt 5.2 with Python 3.13.15
Command line parameters: -j 4 -g GTGYCAGCMGCCGCGGTAA -G GGACTACNVGGGTWTCTAAT -o /scratch4/workspace/jade_fiorilla_student_uml_edu-rawseqorcc/trimmed-cutadapt/2024_phase2_Both01_Hyp_filter_S119_R1_trim.fastq -p /scratch4/workspace/jade_fiorilla_student_uml_edu-rawseqorcc/trimmed-cutadapt/2024_phase2_Both01_Hyp_filter_S119_R2_trim.fastq /scratch4/workspace/jade_fiorilla_student_uml_edu-rawseqorcc/fastq/2024_phase2_Both01_Hyp_filter_S119_R1_001.fastq.gz /scratch4/workspace/jade_fiorilla_student_uml_edu-rawseqorcc/fastq/2024_phase2_Both01_Hyp_filter_S119_R2_001.fastq.gz
Processing paired-end reads on 4 cores ...

=== Summary ===

Total read pairs processed:            526,199
  Read 1 with adapter:                 520,406 (98.9%)
  Read 2 with adapter:                 510,650 (97.0%)
Pairs written (passing filters):       526,199 (100.0%)

Total basepairs processed:   316,771,798 bp
  Read 1:   158,385,899 bp
  Read 2:   158,385,899 bp
Total written (filtered):    296,596,096 bp (93.6%)
  Read 1:   148,459,270 bp
  Read 2:   148,136,826 bp

=== First read: Adapter 1 ===

Sequence: GTGYCAGCMGCCGCGGTAA; Type: regular 5'; Length: 19; Trimmed: 520406 times

Minimum overlap: 3
No. of allowed errors:
1-9 bp: 0; 10-19 bp: 1

Overview of removed sequences
length	count	expect	max.err	error counts
3	5	8221.9	0	5
11	3	0.1	1	2 1
12	37	0.0	1	35 2
13	3	0.0	1	3
14	3	0.0	1	0 3
15	6	0.0	1	3 3
16	31	0.0	1	22 9
17	48	0.0	1	34 14
18	1292	0.0	1	256 1036
19	496490	0.0	1	451118 45372
20	5453	0.0	1	4113 1340
21	15830	0.0	1	14390 1440
22	1196	0.0	1	995 201
23	1	0.0	1	1
25	1	0.0	1	1
26	1	0.0	1	1
27	2	0.0	1	2
36	1	0.0	1	1
38	1	0.0	1	1
42	2	0.0	1	2


=== Second read: Adapter 2 ===

Sequence: GGACTACNVGGGTWTCTAAT; Type: regular 5'; Length: 20; Trimmed: 510650 times

Minimum overlap: 3
No. of allowed errors:
1-9 bp: 0; 10-19 bp: 1

Overview of removed sequences
length	count	expect	max.err	error counts
3	4	8221.9	0	4
4	1	2055.5	0	1
10	7	0.5	1	6 1
11	1	0.1	1	0 1
13	4	0.0	1	4
14	9	0.0	1	3 6
16	14	0.0	1	5 9
17	14	0.0	1	10 4
18	34	0.0	1	21 13
19	2434	0.0	1	343 2091
20	487196	0.0	1	480304 6892
21	3618	0.0	1	2517 1101
22	16712	0.0	1	16161 551
23	591	0.0	1	516 75
24	2	0.0	1	0 2
25	1	0.0	1	1
26	3	0.0	1	1 2
28	1	0.0	1	1
30	1	0.0	1	1
35	1	0.0	1	1
36	1	0.0	1	0 1
43	1	0.0	1	1
Running cutadapt on: 2024_phase2_Both01_Norm_filter_S131
This is cutadapt 5.2 with Python 3.13.15
Command line parameters: -j 4 -g GTGYCAGCMGCCGCGGTAA -G GGACTACNVGGGTWTCTAAT -o /scratch4/workspace/jade_fiorilla_student_uml_edu-rawseqorcc/trimmed-cutadapt/2024_phase2_Both01_Norm_filter_S131_R1_trim.fastq -p /scratch4/workspace/jade_fiorilla_student_uml_edu-rawseqorcc/trimmed-cutadapt/2024_phase2_Both01_Norm_filter_S131_R2_trim.fastq /scratch4/workspace/jade_fiorilla_student_uml_edu-rawseqorcc/fastq/2024_phase2_Both01_Norm_filter_S131_R1_001.fastq.gz /scratch4/workspace/jade_fiorilla_student_uml_edu-rawseqorcc/fastq/2024_phase2_Both01_Norm_filter_S131_R2_001.fastq.gz
Processing paired-end reads on 4 cores ...

=== Summary ===

Total read pairs processed:            867,032
  Read 1 with adapter:                 862,383 (99.5%)
  Read 2 with adapter:                 854,577 (98.6%)
Pairs written (passing filters):       867,032 (100.0%)

Total basepairs processed:   521,953,264 bp
  Read 1:   260,976,632 bp
  Read 2:   260,976,632 bp
Total written (filtered):    485,068,086 bp (92.9%)
  Read 1:   242,881,731 bp
  Read 2:   242,186,355 bp

=== First read: Adapter 1 ===

Sequence: GTGYCAGCMGCCGCGGTAA; Type: regular 5'; Length: 19; Trimmed: 862383 times

Minimum overlap: 3
No. of allowed errors:
1-9 bp: 0; 10-19 bp: 1

Overview of removed sequences
length	count	expect	max.err	error counts
3	11	13547.4	0	11
9	5	3.3	0	5
12	44	0.1	1	40 4
13	6	0.0	1	5 1
14	6	0.0	1	3 3
15	16	0.0	1	4 12
16	21	0.0	1	16 5
17	17	0.0	1	13 4
18	59	0.0	1	20 39
19	5167	0.0	1	4366 801
20	7695	0.0	1	4826 2869
21	845793	0.0	1	792527 53266
22	3475	0.0	1	2279 1196
23	13	0.0	1	9 4
24	3	0.0	1	3
25	10	0.0	1	8 2
26	5	0.0	1	5
27	3	0.0	1	2 1
28	2	0.0	1	2
29	3	0.0	1	2 1
30	3	0.0	1	2 1
31	1	0.0	1	1
32	7	0.0	1	6 1
33	2	0.0	1	2
34	1	0.0	1	1
35	5	0.0	1	3 2
37	1	0.0	1	1
39	1	0.0	1	0 1
41	5	0.0	1	5
51	2	0.0	1	0 2
52	1	0.0	1	1


=== Second read: Adapter 2 ===

Sequence: GGACTACNVGGGTWTCTAAT; Type: regular 5'; Length: 20; Trimmed: 854577 times

Minimum overlap: 3
No. of allowed errors:
1-9 bp: 0; 10-19 bp: 1

Overview of removed sequences
length	count	expect	max.err	error counts
3	13	13547.4	0	13
5	1	846.7	0	1
9	3	3.3	0	3
10	7	0.8	1	7
11	4	0.2	1	3 1
12	14	0.1	1	11 3
13	6	0.0	1	6
14	19	0.0	1	8 11
15	20	0.0	1	12 8
16	18	0.0	1	3 15
17	18	0.0	1	15 3
18	44	0.0	1	34 10
19	83	0.0	1	43 40
20	2970	0.0	1	2807 163
21	7292	0.0	1	2662 4630
22	839984	0.0	1	828356 11628
23	4037	0.0	1	2700 1337
24	15	0.0	1	7 8
25	7	0.0	1	7
26	2	0.0	1	2
27	3	0.0	1	2 1
30	1	0.0	1	1
31	7	0.0	1	7
33	2	0.0	1	2
36	3	0.0	1	3
41	1	0.0	1	1
45	1	0.0	1	1
53	1	0.0	1	1
58	1	0.0	1	1
Running cutadapt on: 2024_phase2_Both03_Hyp_filter_S120
This is cutadapt 5.2 with Python 3.13.15
Command line parameters: -j 4 -g GTGYCAGCMGCCGCGGTAA -G GGACTACNVGGGTWTCTAAT -o /scratch4/workspace/jade_fiorilla_student_uml_edu-rawseqorcc/trimmed-cutadapt/2024_phase2_Both03_Hyp_filter_S120_R1_trim.fastq -p /scratch4/workspace/jade_fiorilla_student_uml_edu-rawseqorcc/trimmed-cutadapt/2024_phase2_Both03_Hyp_filter_S120_R2_trim.fastq /scratch4/workspace/jade_fiorilla_student_uml_edu-rawseqorcc/fastq/2024_phase2_Both03_Hyp_filter_S120_R1_001.fastq.gz /scratch4/workspace/jade_fiorilla_student_uml_edu-rawseqorcc/fastq/2024_phase2_Both03_Hyp_filter_S120_R2_001.fastq.gz
Processing paired-end reads on 4 cores ...

=== Summary ===

Total read pairs processed:            755,255
  Read 1 with adapter:                 747,123 (98.9%)
  Read 2 with adapter:                 734,978 (97.3%)
Pairs written (passing filters):       755,255 (100.0%)

Total basepairs processed:   454,663,510 bp
  Read 1:   227,331,755 bp
  Read 2:   227,331,755 bp
Total written (filtered):    425,694,679 bp (93.6%)
  Read 1:   213,099,060 bp
  Read 2:   212,595,619 bp

=== First read: Adapter 1 ===

Sequence: GTGYCAGCMGCCGCGGTAA; Type: regular 5'; Length: 19; Trimmed: 747123 times

Minimum overlap: 3
No. of allowed errors:
1-9 bp: 0; 10-19 bp: 1

Overview of removed sequences
length	count	expect	max.err	error counts
8	1	11.5	0	1
9	2	2.9	0	2
11	1	0.2	1	1
12	50	0.0	1	47 3
13	7	0.0	1	5 2
14	4	0.0	1	2 2
15	7	0.0	1	5 2
16	36	0.0	1	27 9
17	62	0.0	1	51 11
18	1644	0.0	1	325 1319
19	720997	0.0	1	658504 62493
20	9262	0.0	1	6263 2999
21	14965	0.0	1	14081 884
22	53	0.0	1	33 20
23	1	0.0	1	1
24	8	0.0	1	8
25	1	0.0	1	1
27	3	0.0	1	3
28	1	0.0	1	0 1
29	5	0.0	1	3 2
31	2	0.0	1	2
33	3	0.0	1	3
34	1	0.0	1	1
35	1	0.0	1	1
38	2	0.0	1	2
39	1	0.0	1	1
42	1	0.0	1	0 1
44	1	0.0	1	1
45	1	0.0	1	1


=== Second read: Adapter 2 ===

Sequence: GGACTACNVGGGTWTCTAAT; Type: regular 5'; Length: 20; Trimmed: 734978 times

Minimum overlap: 3
No. of allowed errors:
1-9 bp: 0; 10-19 bp: 1

Overview of removed sequences
length	count	expect	max.err	error counts
10	2	0.7	1	2
11	2	0.2	1	2
12	4	0.0	1	4
13	2	0.0	1	2
14	10	0.0	1	4 6
15	11	0.0	1	9 2
16	15	0.0	1	5 10
17	10	0.0	1	6 4
18	55	0.0	1	31 24
19	3447	0.0	1	503 2944
20	708322	0.0	1	698205 10117
21	6042	0.0	1	4432 1610
22	16975	0.0	1	16447 528
23	59	0.0	1	33 26
24	4	0.0	1	2 2
25	2	0.0	1	2
26	2	0.0	1	2
27	1	0.0	1	1
29	2	0.0	1	2
31	4	0.0	1	4
34	1	0.0	1	1
37	2	0.0	1	2
39	2	0.0	1	2
50	2	0.0	1	2
Running cutadapt on: 2024_phase2_Both03_Norm_filter_S132
This is cutadapt 5.2 with Python 3.13.15
Command line parameters: -j 4 -g GTGYCAGCMGCCGCGGTAA -G GGACTACNVGGGTWTCTAAT -o /scratch4/workspace/jade_fiorilla_student_uml_edu-rawseqorcc/trimmed-cutadapt/2024_phase2_Both03_Norm_filter_S132_R1_trim.fastq -p /scratch4/workspace/jade_fiorilla_student_uml_edu-rawseqorcc/trimmed-cutadapt/2024_phase2_Both03_Norm_filter_S132_R2_trim.fastq /scratch4/workspace/jade_fiorilla_student_uml_edu-rawseqorcc/fastq/2024_phase2_Both03_Norm_filter_S132_R1_001.fastq.gz /scratch4/workspace/jade_fiorilla_student_uml_edu-rawseqorcc/fastq/2024_phase2_Both03_Norm_filter_S132_R2_001.fastq.gz
Processing paired-end reads on 4 cores ...

=== Summary ===

Total read pairs processed:          1,151,092
  Read 1 with adapter:               1,146,240 (99.6%)
  Read 2 with adapter:               1,136,220 (98.7%)
Pairs written (passing filters):     1,151,092 (100.0%)

Total basepairs processed:   692,957,384 bp
  Read 1:   346,478,692 bp
  Read 2:   346,478,692 bp
Total written (filtered):    643,917,109 bp (92.9%)
  Read 1:   322,423,617 bp
  Read 2:   321,493,492 bp

=== First read: Adapter 1 ===

Sequence: GTGYCAGCMGCCGCGGTAA; Type: regular 5'; Length: 19; Trimmed: 1146240 times

Minimum overlap: 3
No. of allowed errors:
1-9 bp: 0; 10-19 bp: 1

Overview of removed sequences
length	count	expect	max.err	error counts
3	23	17985.8	0	23
8	1	17.6	0	1
9	5	4.4	0	5
10	2	1.1	1	1 1
11	2	0.3	1	2
12	51	0.1	1	47 4
13	3	0.0	1	3
14	9	0.0	1	3 6
15	10	0.0	1	5 5
16	23	0.0	1	19 4
17	24	0.0	1	16 8
18	77	0.0	1	44 33
19	5476	0.0	1	4749 727
20	8742	0.0	1	5275 3467
21	1127553	0.0	1	1051215 76338
22	4130	0.0	1	2519 1611
23	10	0.0	1	7 3
24	10	0.0	1	7 3
25	3	0.0	1	3
26	7	0.0	1	7
27	4	0.0	1	3 1
28	4	0.0	1	4
29	5	0.0	1	5
30	8	0.0	1	7 1
31	6	0.0	1	6
32	4	0.0	1	4
33	3	0.0	1	3
34	5	0.0	1	5
35	1	0.0	1	1
36	9	0.0	1	9
37	10	0.0	1	10
38	6	0.0	1	6
39	2	0.0	1	1 1
40	5	0.0	1	5
41	1	0.0	1	1
42	2	0.0	1	2
44	1	0.0	1	1
46	1	0.0	1	1
50	2	0.0	1	2


=== Second read: Adapter 2 ===

Sequence: GGACTACNVGGGTWTCTAAT; Type: regular 5'; Length: 20; Trimmed: 1136220 times

Minimum overlap: 3
No. of allowed errors:
1-9 bp: 0; 10-19 bp: 1

Overview of removed sequences
length	count	expect	max.err	error counts
3	20	17985.8	0	20
4	2	4496.5	0	2
9	2	4.4	0	2
10	10	1.1	1	8 2
11	12	0.3	1	11 1
12	12	0.1	1	8 4
13	17	0.0	1	12 5
14	24	0.0	1	14 10
15	22	0.0	1	10 12
16	20	0.0	1	12 8
17	37	0.0	1	28 9
18	49	0.0	1	32 17
19	129	0.0	1	56 73
20	2901	0.0	1	2705 196
21	9025	0.0	1	3125 5900
22	1118987	0.0	1	1103892 15095
23	4892	0.0	1	3114 1778
24	14	0.0	1	7 7
25	5	0.0	1	5
26	5	0.0	1	3 2
27	3	0.0	1	3
28	2	0.0	1	2
29	2	0.0	1	2
30	4	0.0	1	3 1
31	5	0.0	1	5
33	1	0.0	1	0 1
34	2	0.0	1	2
35	3	0.0	1	3
37	2	0.0	1	2
40	8	0.0	1	8
44	2	0.0	1	2
45	1	0.0	1	0 1
Running cutadapt on: 2024_phase2_Both06_Hyp_filter_S121
This is cutadapt 5.2 with Python 3.13.15
Command line parameters: -j 4 -g GTGYCAGCMGCCGCGGTAA -G GGACTACNVGGGTWTCTAAT -o /scratch4/workspace/jade_fiorilla_student_uml_edu-rawseqorcc/trimmed-cutadapt/2024_phase2_Both06_Hyp_filter_S121_R1_trim.fastq -p /scratch4/workspace/jade_fiorilla_student_uml_edu-rawseqorcc/trimmed-cutadapt/2024_phase2_Both06_Hyp_filter_S121_R2_trim.fastq /scratch4/workspace/jade_fiorilla_student_uml_edu-rawseqorcc/fastq/2024_phase2_Both06_Hyp_filter_S121_R1_001.fastq.gz /scratch4/workspace/jade_fiorilla_student_uml_edu-rawseqorcc/fastq/2024_phase2_Both06_Hyp_filter_S121_R2_001.fastq.gz
Processing paired-end reads on 4 cores ...

=== Summary ===

Total read pairs processed:            571,788
  Read 1 with adapter:                 561,469 (98.2%)
  Read 2 with adapter:                 545,421 (95.4%)
Pairs written (passing filters):       571,788 (100.0%)

Total basepairs processed:   344,216,376 bp
  Read 1:   172,108,188 bp
  Read 2:   172,108,188 bp
Total written (filtered):    322,569,206 bp (93.7%)
  Read 1:   161,404,600 bp
  Read 2:   161,164,606 bp

=== First read: Adapter 1 ===

Sequence: GTGYCAGCMGCCGCGGTAA; Type: regular 5'; Length: 19; Trimmed: 561469 times

Minimum overlap: 3
No. of allowed errors:
1-9 bp: 0; 10-19 bp: 1

Overview of removed sequences
length	count	expect	max.err	error counts
9	1	2.2	0	1
12	20	0.0	1	15 5
13	1	0.0	1	1
14	7	0.0	1	1 6
16	15	0.0	1	12 3
17	37	0.0	1	21 16
18	1414	0.0	1	255 1159
19	535855	0.0	1	491734 44121
20	11156	0.0	1	8894 2262
21	12891	0.0	1	11968 923
22	50	0.0	1	25 25
24	1	0.0	1	0 1
25	2	0.0	1	2
26	1	0.0	1	1
28	1	0.0	1	1
29	2	0.0	1	2
30	2	0.0	1	0 2
31	1	0.0	1	1
34	3	0.0	1	0 3
36	4	0.0	1	4
38	1	0.0	1	1
40	2	0.0	1	2
44	1	0.0	1	1
46	1	0.0	1	1


=== Second read: Adapter 2 ===

Sequence: GGACTACNVGGGTWTCTAAT; Type: regular 5'; Length: 20; Trimmed: 545421 times

Minimum overlap: 3
No. of allowed errors:
1-9 bp: 0; 10-19 bp: 1

Overview of removed sequences
length	count	expect	max.err	error counts
10	4	0.5	1	4
11	3	0.1	1	3
12	8	0.0	1	5 3
13	7	0.0	1	5 2
14	9	0.0	1	1 8
15	9	0.0	1	5 4
16	8	0.0	1	4 4
17	8	0.0	1	6 2
18	35	0.0	1	21 14
19	2511	0.0	1	383 2128
20	520415	0.0	1	512863 7552
21	6938	0.0	1	5522 1416
22	15395	0.0	1	14940 455
23	49	0.0	1	18 31
24	2	0.0	1	2
25	2	0.0	1	2
26	2	0.0	1	2
27	1	0.0	1	1
28	4	0.0	1	4
29	2	0.0	1	2
31	3	0.0	1	3
33	1	0.0	1	1
34	5	0.0	1	5
Running cutadapt on: 2024_phase2_Both06_Norm_filter_S133
This is cutadapt 5.2 with Python 3.13.15
Command line parameters: -j 4 -g GTGYCAGCMGCCGCGGTAA -G GGACTACNVGGGTWTCTAAT -o /scratch4/workspace/jade_fiorilla_student_uml_edu-rawseqorcc/trimmed-cutadapt/2024_phase2_Both06_Norm_filter_S133_R1_trim.fastq -p /scratch4/workspace/jade_fiorilla_student_uml_edu-rawseqorcc/trimmed-cutadapt/2024_phase2_Both06_Norm_filter_S133_R2_trim.fastq /scratch4/workspace/jade_fiorilla_student_uml_edu-rawseqorcc/fastq/2024_phase2_Both06_Norm_filter_S133_R1_001.fastq.gz /scratch4/workspace/jade_fiorilla_student_uml_edu-rawseqorcc/fastq/2024_phase2_Both06_Norm_filter_S133_R2_001.fastq.gz
Processing paired-end reads on 4 cores ...

=== Summary ===

Total read pairs processed:            823,820
  Read 1 with adapter:                 819,913 (99.5%)
  Read 2 with adapter:                 813,569 (98.8%)
Pairs written (passing filters):       823,820 (100.0%)

Total basepairs processed:   495,939,640 bp
  Read 1:   247,969,820 bp
  Read 2:   247,969,820 bp
Total written (filtered):    460,842,132 bp (92.9%)
  Read 1:   230,763,005 bp
  Read 2:   230,079,127 bp

=== First read: Adapter 1 ===

Sequence: GTGYCAGCMGCCGCGGTAA; Type: regular 5'; Length: 19; Trimmed: 819913 times

Minimum overlap: 3
No. of allowed errors:
1-9 bp: 0; 10-19 bp: 1

Overview of removed sequences
length	count	expect	max.err	error counts
3	14	12872.2	0	14
11	6	0.2	1	3 3
12	32	0.0	1	32
13	6	0.0	1	6
14	1	0.0	1	1
15	5	0.0	1	4 1
16	14	0.0	1	13 1
17	15	0.0	1	8 7
18	48	0.0	1	24 24
19	4376	0.0	1	3621 755
20	5555	0.0	1	3206 2349
21	806605	0.0	1	773202 33403
22	3162	0.0	1	1954 1208
23	10	0.0	1	6 4
24	4	0.0	1	3 1
25	3	0.0	1	2 1
26	8	0.0	1	6 2
27	7	0.0	1	7
28	3	0.0	1	3
29	1	0.0	1	1
30	2	0.0	1	2
31	3	0.0	1	3
32	7	0.0	1	7
33	2	0.0	1	2
35	2	0.0	1	0 2
36	8	0.0	1	8
37	1	0.0	1	1
38	1	0.0	1	1
39	3	0.0	1	3
42	3	0.0	1	3
43	1	0.0	1	1
44	2	0.0	1	2
45	1	0.0	1	0 1
47	2	0.0	1	2


=== Second read: Adapter 2 ===

Sequence: GGACTACNVGGGTWTCTAAT; Type: regular 5'; Length: 20; Trimmed: 813569 times

Minimum overlap: 3
No. of allowed errors:
1-9 bp: 0; 10-19 bp: 1

Overview of removed sequences
length	count	expect	max.err	error counts
3	10	12872.2	0	10
10	4	0.8	1	4
11	5	0.2	1	2 3
12	5	0.0	1	1 4
13	15	0.0	1	12 3
14	16	0.0	1	8 8
15	7	0.0	1	3 4
16	12	0.0	1	4 8
17	22	0.0	1	15 7
18	35	0.0	1	27 8
19	70	0.0	1	46 24
20	2190	0.0	1	2072 118
21	6219	0.0	1	2096 4123
22	801306	0.0	1	792525 8781
23	3607	0.0	1	2364 1243
24	18	0.0	1	9 9
25	1	0.0	1	1
26	4	0.0	1	2 2
27	1	0.0	1	1
28	1	0.0	1	1
29	2	0.0	1	2
31	5	0.0	1	5
32	2	0.0	1	1 1
33	1	0.0	1	1
34	2	0.0	1	2
36	3	0.0	1	3
37	1	0.0	1	1
38	2	0.0	1	2
41	1	0.0	1	1
55	2	0.0	1	2
Running cutadapt on: 2024_phase2_Cont01_Hyp_filter_S110
This is cutadapt 5.2 with Python 3.13.15
Command line parameters: -j 4 -g GTGYCAGCMGCCGCGGTAA -G GGACTACNVGGGTWTCTAAT -o /scratch4/workspace/jade_fiorilla_student_uml_edu-rawseqorcc/trimmed-cutadapt/2024_phase2_Cont01_Hyp_filter_S110_R1_trim.fastq -p /scratch4/workspace/jade_fiorilla_student_uml_edu-rawseqorcc/trimmed-cutadapt/2024_phase2_Cont01_Hyp_filter_S110_R2_trim.fastq /scratch4/workspace/jade_fiorilla_student_uml_edu-rawseqorcc/fastq/2024_phase2_Cont01_Hyp_filter_S110_R1_001.fastq.gz /scratch4/workspace/jade_fiorilla_student_uml_edu-rawseqorcc/fastq/2024_phase2_Cont01_Hyp_filter_S110_R2_001.fastq.gz
Processing paired-end reads on 4 cores ...

=== Summary ===

Total read pairs processed:            672,889
  Read 1 with adapter:                 656,593 (97.6%)
  Read 2 with adapter:                 635,485 (94.4%)
Pairs written (passing filters):       672,889 (100.0%)

Total basepairs processed:   405,079,178 bp
  Read 1:   202,539,589 bp
  Read 2:   202,539,589 bp
Total written (filtered):    379,873,181 bp (93.8%)
  Read 1:   190,049,045 bp
  Read 2:   189,824,136 bp

=== First read: Adapter 1 ===

Sequence: GTGYCAGCMGCCGCGGTAA; Type: regular 5'; Length: 19; Trimmed: 656593 times

Minimum overlap: 3
No. of allowed errors:
1-9 bp: 0; 10-19 bp: 1

Overview of removed sequences
length	count	expect	max.err	error counts
3	18	10513.9	0	18
8	3	10.3	0	3
9	2	2.6	0	2
10	2	0.6	1	2
11	1	0.2	1	1
12	29	0.0	1	24 5
13	5	0.0	1	5
14	8	0.0	1	3 5
15	5	0.0	1	3 2
16	22	0.0	1	15 7
17	62	0.0	1	42 20
18	1567	0.0	1	293 1274
19	643775	0.0	1	583179 60596
20	6322	0.0	1	4756 1566
21	3224	0.0	1	2853 371
22	1524	0.0	1	1039 485
23	2	0.0	1	2
25	2	0.0	1	2
29	1	0.0	1	1
30	1	0.0	1	1
31	4	0.0	1	4
32	1	0.0	1	1
33	2	0.0	1	2
34	2	0.0	1	0 2
36	1	0.0	1	0 1
37	1	0.0	1	1
38	2	0.0	1	2
40	2	0.0	1	2
42	2	0.0	1	2
50	1	0.0	1	1


=== Second read: Adapter 2 ===

Sequence: GGACTACNVGGGTWTCTAAT; Type: regular 5'; Length: 20; Trimmed: 635485 times

Minimum overlap: 3
No. of allowed errors:
1-9 bp: 0; 10-19 bp: 1

Overview of removed sequences
length	count	expect	max.err	error counts
3	24	10513.9	0	24
4	1	2628.5	0	1
10	3	0.6	1	3
11	8	0.2	1	8
12	7	0.0	1	7
13	12	0.0	1	12
14	9	0.0	1	3 6
15	3	0.0	1	1 2
16	8	0.0	1	5 3
17	15	0.0	1	11 4
18	42	0.0	1	21 21
19	2983	0.0	1	430 2553
20	625661	0.0	1	615786 9875
21	4425	0.0	1	3195 1230
22	1752	0.0	1	1655 97
23	509	0.0	1	456 53
24	7	0.0	1	3 4
25	2	0.0	1	2
26	3	0.0	1	3
27	4	0.0	1	0 4
28	1	0.0	1	1
29	2	0.0	1	2
33	1	0.0	1	0 1
35	1	0.0	1	1
37	1	0.0	1	1
41	1	0.0	1	1
Running cutadapt on: 2024_phase2_Cont01_Norm_filter_S122
This is cutadapt 5.2 with Python 3.13.15
Command line parameters: -j 4 -g GTGYCAGCMGCCGCGGTAA -G GGACTACNVGGGTWTCTAAT -o /scratch4/workspace/jade_fiorilla_student_uml_edu-rawseqorcc/trimmed-cutadapt/2024_phase2_Cont01_Norm_filter_S122_R1_trim.fastq -p /scratch4/workspace/jade_fiorilla_student_uml_edu-rawseqorcc/trimmed-cutadapt/2024_phase2_Cont01_Norm_filter_S122_R2_trim.fastq /scratch4/workspace/jade_fiorilla_student_uml_edu-rawseqorcc/fastq/2024_phase2_Cont01_Norm_filter_S122_R1_001.fastq.gz /scratch4/workspace/jade_fiorilla_student_uml_edu-rawseqorcc/fastq/2024_phase2_Cont01_Norm_filter_S122_R2_001.fastq.gz
Processing paired-end reads on 4 cores ...

=== Summary ===

Total read pairs processed:          1,266,825
  Read 1 with adapter:               1,197,009 (94.5%)
  Read 2 with adapter:               1,154,919 (91.2%)
Pairs written (passing filters):     1,266,825 (100.0%)

Total basepairs processed:   762,628,650 bp
  Read 1:   381,314,325 bp
  Read 2:   381,314,325 bp
Total written (filtered):    712,161,808 bp (93.4%)
  Read 1:   356,216,326 bp
  Read 2:   355,945,482 bp

=== First read: Adapter 1 ===

Sequence: GTGYCAGCMGCCGCGGTAA; Type: regular 5'; Length: 19; Trimmed: 1197009 times

Minimum overlap: 3
No. of allowed errors:
1-9 bp: 0; 10-19 bp: 1

Overview of removed sequences
length	count	expect	max.err	error counts
3	26	19794.1	0	26
9	6	4.8	0	6
10	5	1.2	1	5
11	8	0.3	1	8
12	72	0.1	1	67 5
14	5	0.0	1	2 3
15	10	0.0	1	4 6
16	26	0.0	1	21 5
17	46	0.0	1	24 22
18	94	0.0	1	50 44
19	14748	0.0	1	13523 1225
20	12406	0.0	1	7202 5204
21	1165819	0.0	1	1094834 70985
22	3653	0.0	1	1324 2329
23	7	0.0	1	4 3
24	6	0.0	1	6
25	1	0.0	1	1
26	4	0.0	1	2 2
27	4	0.0	1	4
28	7	0.0	1	7
29	2	0.0	1	2
30	1	0.0	1	1
31	2	0.0	1	0 2
32	4	0.0	1	3 1
33	5	0.0	1	5
34	7	0.0	1	7
35	4	0.0	1	0 4
36	3	0.0	1	3
37	4	0.0	1	4
38	4	0.0	1	4
40	2	0.0	1	2
41	6	0.0	1	5 1
42	1	0.0	1	1
43	2	0.0	1	2
44	2	0.0	1	2
45	1	0.0	1	1
46	1	0.0	1	0 1
49	1	0.0	1	1
50	1	0.0	1	0 1
51	1	0.0	1	0 1
54	2	0.0	1	2


=== Second read: Adapter 2 ===

Sequence: GGACTACNVGGGTWTCTAAT; Type: regular 5'; Length: 20; Trimmed: 1154919 times

Minimum overlap: 3
No. of allowed errors:
1-9 bp: 0; 10-19 bp: 1

Overview of removed sequences
length	count	expect	max.err	error counts
3	17	19794.1	0	17
4	2	4948.5	0	2
8	1	19.3	0	1
9	1	4.8	0	1
10	10	1.2	1	9 1
11	2	0.3	1	1 1
12	10	0.1	1	6 4
13	19	0.0	1	16 3
14	22	0.0	1	10 12
15	23	0.0	1	2 21
16	19	0.0	1	9 10
17	27	0.0	1	17 10
18	47	0.0	1	41 6
19	155	0.0	1	72 83
20	15113	0.0	1	14526 587
21	10991	0.0	1	4869 6122
22	1125230	0.0	1	1099676 25554
23	3141	0.0	1	1361 1780
24	32	0.0	1	15 17
25	7	0.0	1	7
26	9	0.0	1	6 3
27	5	0.0	1	4 1
29	1	0.0	1	1
30	2	0.0	1	2
31	2	0.0	1	2
32	2	0.0	1	2
33	5	0.0	1	3 2
34	1	0.0	1	1
35	2	0.0	1	1 1
36	3	0.0	1	3
37	5	0.0	1	5
41	1	0.0	1	1
42	1	0.0	1	0 1
43	1	0.0	1	1
45	1	0.0	1	1
46	1	0.0	1	1
47	1	0.0	1	1
48	3	0.0	1	3
49	3	0.0	1	3
53	1	0.0	1	1
Running cutadapt on: 2024_phase2_Cont03_Hyp_filter_S111
This is cutadapt 5.2 with Python 3.13.15
Command line parameters: -j 4 -g GTGYCAGCMGCCGCGGTAA -G GGACTACNVGGGTWTCTAAT -o /scratch4/workspace/jade_fiorilla_student_uml_edu-rawseqorcc/trimmed-cutadapt/2024_phase2_Cont03_Hyp_filter_S111_R1_trim.fastq -p /scratch4/workspace/jade_fiorilla_student_uml_edu-rawseqorcc/trimmed-cutadapt/2024_phase2_Cont03_Hyp_filter_S111_R2_trim.fastq /scratch4/workspace/jade_fiorilla_student_uml_edu-rawseqorcc/fastq/2024_phase2_Cont03_Hyp_filter_S111_R1_001.fastq.gz /scratch4/workspace/jade_fiorilla_student_uml_edu-rawseqorcc/fastq/2024_phase2_Cont03_Hyp_filter_S111_R2_001.fastq.gz
Processing paired-end reads on 4 cores ...

=== Summary ===

Total read pairs processed:            550,521
  Read 1 with adapter:                 543,706 (98.8%)
  Read 2 with adapter:                 533,401 (96.9%)
Pairs written (passing filters):       550,521 (100.0%)

Total basepairs processed:   331,413,642 bp
  Read 1:   165,706,821 bp
  Read 2:   165,706,821 bp
Total written (filtered):    310,387,836 bp (93.7%)
  Read 1:   155,357,328 bp
  Read 2:   155,030,508 bp

=== First read: Adapter 1 ===

Sequence: GTGYCAGCMGCCGCGGTAA; Type: regular 5'; Length: 19; Trimmed: 543706 times

Minimum overlap: 3
No. of allowed errors:
1-9 bp: 0; 10-19 bp: 1

Overview of removed sequences
length	count	expect	max.err	error counts
3	12	8601.9	0	12
9	5	2.1	0	5
12	29	0.0	1	29
13	6	0.0	1	5 1
14	5	0.0	1	3 2
15	5	0.0	1	3 2
16	19	0.0	1	15 4
17	45	0.0	1	31 14
18	1328	0.0	1	276 1052
19	529684	0.0	1	489371 40313
20	5555	0.0	1	4023 1532
21	5619	0.0	1	4780 839
22	1370	0.0	1	1000 370
23	11	0.0	1	4 7
24	4	0.0	1	4
26	1	0.0	1	1
27	1	0.0	1	1
28	2	0.0	1	0 2
32	2	0.0	1	2
34	1	0.0	1	0 1
36	1	0.0	1	1
41	1	0.0	1	1


=== Second read: Adapter 2 ===

Sequence: GGACTACNVGGGTWTCTAAT; Type: regular 5'; Length: 20; Trimmed: 533401 times

Minimum overlap: 3
No. of allowed errors:
1-9 bp: 0; 10-19 bp: 1

Overview of removed sequences
length	count	expect	max.err	error counts
3	13	8601.9	0	13
4	1	2150.5	0	1
5	1	537.6	0	1
9	2	2.1	0	2
10	4	0.5	1	4
12	2	0.0	1	2
13	4	0.0	1	2 2
14	10	0.0	1	4 6
15	6	0.0	1	2 4
16	9	0.0	1	4 5
17	8	0.0	1	7 1
18	20	0.0	1	13 7
19	2551	0.0	1	349 2202
20	523670	0.0	1	516041 7629
21	3663	0.0	1	2592 1071
22	2750	0.0	1	2598 152
23	665	0.0	1	582 83
24	6	0.0	1	6
25	1	0.0	1	1
26	3	0.0	1	3
28	1	0.0	1	0 1
29	1	0.0	1	0 1
31	2	0.0	1	2
33	1	0.0	1	0 1
34	2	0.0	1	2
39	1	0.0	1	1
41	2	0.0	1	2
43	2	0.0	1	2
Running cutadapt on: 2024_phase2_Cont03_Norm_filter_S123
This is cutadapt 5.2 with Python 3.13.15
Command line parameters: -j 4 -g GTGYCAGCMGCCGCGGTAA -G GGACTACNVGGGTWTCTAAT -o /scratch4/workspace/jade_fiorilla_student_uml_edu-rawseqorcc/trimmed-cutadapt/2024_phase2_Cont03_Norm_filter_S123_R1_trim.fastq -p /scratch4/workspace/jade_fiorilla_student_uml_edu-rawseqorcc/trimmed-cutadapt/2024_phase2_Cont03_Norm_filter_S123_R2_trim.fastq /scratch4/workspace/jade_fiorilla_student_uml_edu-rawseqorcc/fastq/2024_phase2_Cont03_Norm_filter_S123_R1_001.fastq.gz /scratch4/workspace/jade_fiorilla_student_uml_edu-rawseqorcc/fastq/2024_phase2_Cont03_Norm_filter_S123_R2_001.fastq.gz
Processing paired-end reads on 4 cores ...

=== Summary ===

Total read pairs processed:            906,766
  Read 1 with adapter:                 899,440 (99.2%)
  Read 2 with adapter:                 890,387 (98.2%)
Pairs written (passing filters):       906,766 (100.0%)

Total basepairs processed:   545,873,132 bp
  Read 1:   272,936,566 bp
  Read 2:   272,936,566 bp
Total written (filtered):    507,475,243 bp (93.0%)
  Read 1:   254,087,459 bp
  Read 2:   253,387,784 bp

=== First read: Adapter 1 ===

Sequence: GTGYCAGCMGCCGCGGTAA; Type: regular 5'; Length: 19; Trimmed: 899440 times

Minimum overlap: 3
No. of allowed errors:
1-9 bp: 0; 10-19 bp: 1

Overview of removed sequences
length	count	expect	max.err	error counts
3	10	14168.2	0	10
11	1	0.2	1	0 1
12	43	0.1	1	38 5
13	7	0.0	1	4 3
14	4	0.0	1	2 2
15	5	0.0	1	3 2
16	10	0.0	1	7 3
17	24	0.0	1	7 17
18	97	0.0	1	56 41
19	16143	0.0	1	14414 1729
20	9191	0.0	1	5873 3318
21	871007	0.0	1	841212 29795
22	2827	0.0	1	1571 1256
23	13	0.0	1	12 1
24	4	0.0	1	3 1
25	7	0.0	1	7
26	2	0.0	1	2
27	7	0.0	1	6 1
28	3	0.0	1	3
29	2	0.0	1	2
30	5	0.0	1	5
31	4	0.0	1	3 1
32	4	0.0	1	3 1
33	1	0.0	1	1
34	3	0.0	1	3
35	2	0.0	1	2
36	1	0.0	1	1
37	1	0.0	1	1
38	3	0.0	1	2 1
39	2	0.0	1	2
42	2	0.0	1	2
44	2	0.0	1	2
46	2	0.0	1	2
47	1	0.0	1	1


=== Second read: Adapter 2 ===

Sequence: GGACTACNVGGGTWTCTAAT; Type: regular 5'; Length: 20; Trimmed: 890387 times

Minimum overlap: 3
No. of allowed errors:
1-9 bp: 0; 10-19 bp: 1

Overview of removed sequences
length	count	expect	max.err	error counts
3	5	14168.2	0	5
4	1	3542.1	0	1
10	6	0.9	1	6
11	9	0.2	1	5 4
12	5	0.1	1	3 2
13	14	0.0	1	10 4
14	24	0.0	1	11 13
15	7	0.0	1	4 3
16	12	0.0	1	5 7
17	16	0.0	1	11 5
18	36	0.0	1	24 12
19	142	0.0	1	44 98
20	16223	0.0	1	15662 561
21	8626	0.0	1	3863 4763
22	862753	0.0	1	851011 11742
23	2461	0.0	1	1215 1246
24	15	0.0	1	10 5
25	7	0.0	1	7
26	3	0.0	1	2 1
27	4	0.0	1	4
28	2	0.0	1	2
29	2	0.0	1	1 1
30	1	0.0	1	0 1
31	2	0.0	1	1 1
32	4	0.0	1	3 1
33	2	0.0	1	2
39	1	0.0	1	1
41	1	0.0	1	1
43	1	0.0	1	1
46	2	0.0	1	2
Running cutadapt on: 2024_phase2_Cont06_Hyp_filter_S112
This is cutadapt 5.2 with Python 3.13.15
Command line parameters: -j 4 -g GTGYCAGCMGCCGCGGTAA -G GGACTACNVGGGTWTCTAAT -o /scratch4/workspace/jade_fiorilla_student_uml_edu-rawseqorcc/trimmed-cutadapt/2024_phase2_Cont06_Hyp_filter_S112_R1_trim.fastq -p /scratch4/workspace/jade_fiorilla_student_uml_edu-rawseqorcc/trimmed-cutadapt/2024_phase2_Cont06_Hyp_filter_S112_R2_trim.fastq /scratch4/workspace/jade_fiorilla_student_uml_edu-rawseqorcc/fastq/2024_phase2_Cont06_Hyp_filter_S112_R1_001.fastq.gz /scratch4/workspace/jade_fiorilla_student_uml_edu-rawseqorcc/fastq/2024_phase2_Cont06_Hyp_filter_S112_R2_001.fastq.gz
Processing paired-end reads on 4 cores ...

=== Summary ===

Total read pairs processed:            728,046
  Read 1 with adapter:                 696,757 (95.7%)
  Read 2 with adapter:                 658,011 (90.4%)
Pairs written (passing filters):       728,046 (100.0%)

Total basepairs processed:   438,283,692 bp
  Read 1:   219,141,846 bp
  Read 2:   219,141,846 bp
Total written (filtered):    411,860,405 bp (94.0%)
  Read 1:   205,886,797 bp
  Read 2:   205,973,608 bp

=== First read: Adapter 1 ===

Sequence: GTGYCAGCMGCCGCGGTAA; Type: regular 5'; Length: 19; Trimmed: 696757 times

Minimum overlap: 3
No. of allowed errors:
1-9 bp: 0; 10-19 bp: 1

Overview of removed sequences
length	count	expect	max.err	error counts
3	4	11375.7	0	4
9	2	2.8	0	2
11	1	0.2	1	1
12	31	0.0	1	30 1
13	3	0.0	1	2 1
14	3	0.0	1	0 3
15	6	0.0	1	2 4
16	30	0.0	1	25 5
17	64	0.0	1	45 19
18	1695	0.0	1	322 1373
19	681028	0.0	1	587975 93053
20	9245	0.0	1	6382 2863
21	4476	0.0	1	4146 330
22	146	0.0	1	15 131
23	3	0.0	1	3
24	2	0.0	1	0 2
25	1	0.0	1	1
26	2	0.0	1	0 2
27	3	0.0	1	3
30	2	0.0	1	1 1
36	1	0.0	1	1
37	2	0.0	1	1 1
40	5	0.0	1	5
51	2	0.0	1	2


=== Second read: Adapter 2 ===

Sequence: GGACTACNVGGGTWTCTAAT; Type: regular 5'; Length: 20; Trimmed: 658011 times

Minimum overlap: 3
No. of allowed errors:
1-9 bp: 0; 10-19 bp: 1

Overview of removed sequences
length	count	expect	max.err	error counts
3	5	11375.7	0	5
10	5	0.7	1	5
11	2	0.2	1	2
12	5	0.0	1	5
13	7	0.0	1	6 1
14	8	0.0	1	4 4
15	7	0.0	1	5 2
16	6	0.0	1	2 4
17	19	0.0	1	13 6
18	53	0.0	1	30 23
19	2982	0.0	1	479 2503
20	646248	0.0	1	636046 10202
21	6002	0.0	1	4531 1471
22	2622	0.0	1	2507 115
23	25	0.0	1	16 9
26	1	0.0	1	0 1
28	1	0.0	1	1
29	5	0.0	1	5
30	4	0.0	1	4
37	1	0.0	1	1
42	1	0.0	1	1
46	1	0.0	1	1
47	1	0.0	1	1
Running cutadapt on: 2024_phase2_Cont06_Norm_filter_S124
This is cutadapt 5.2 with Python 3.13.15
Command line parameters: -j 4 -g GTGYCAGCMGCCGCGGTAA -G GGACTACNVGGGTWTCTAAT -o /scratch4/workspace/jade_fiorilla_student_uml_edu-rawseqorcc/trimmed-cutadapt/2024_phase2_Cont06_Norm_filter_S124_R1_trim.fastq -p /scratch4/workspace/jade_fiorilla_student_uml_edu-rawseqorcc/trimmed-cutadapt/2024_phase2_Cont06_Norm_filter_S124_R2_trim.fastq /scratch4/workspace/jade_fiorilla_student_uml_edu-rawseqorcc/fastq/2024_phase2_Cont06_Norm_filter_S124_R1_001.fastq.gz /scratch4/workspace/jade_fiorilla_student_uml_edu-rawseqorcc/fastq/2024_phase2_Cont06_Norm_filter_S124_R2_001.fastq.gz
Processing paired-end reads on 4 cores ...

=== Summary ===

Total read pairs processed:          1,132,717
  Read 1 with adapter:               1,126,571 (99.5%)
  Read 2 with adapter:               1,116,483 (98.6%)
Pairs written (passing filters):     1,132,717 (100.0%)

Total basepairs processed:   681,895,634 bp
  Read 1:   340,947,817 bp
  Read 2:   340,947,817 bp
Total written (filtered):    633,757,680 bp (92.9%)
  Read 1:   317,330,681 bp
  Read 2:   316,426,999 bp

=== First read: Adapter 1 ===

Sequence: GTGYCAGCMGCCGCGGTAA; Type: regular 5'; Length: 19; Trimmed: 1126571 times

Minimum overlap: 3
No. of allowed errors:
1-9 bp: 0; 10-19 bp: 1

Overview of removed sequences
length	count	expect	max.err	error counts
3	8	17698.7	0	8
9	4	4.3	0	4
10	2	1.1	1	2
11	3	0.3	1	1 2
12	47	0.1	1	41 6
13	1	0.0	1	1
14	13	0.0	1	4 9
15	8	0.0	1	6 2
16	26	0.0	1	13 13
17	18	0.0	1	13 5
18	83	0.0	1	38 45
19	16834	0.0	1	15179 1655
20	10059	0.0	1	6179 3880
21	1096285	0.0	1	1012964 83321
22	3093	0.0	1	1553 1540
23	13	0.0	1	12 1
24	11	0.0	1	6 5
26	4	0.0	1	3 1
27	4	0.0	1	4
29	6	0.0	1	4 2
30	1	0.0	1	1
31	1	0.0	1	1
32	3	0.0	1	1 2
33	4	0.0	1	2 2
34	1	0.0	1	1
35	5	0.0	1	3 2
36	2	0.0	1	2
37	3	0.0	1	3
38	2	0.0	1	2
39	4	0.0	1	1 3
40	3	0.0	1	3
41	2	0.0	1	2
42	6	0.0	1	6
43	2	0.0	1	2
45	3	0.0	1	3
46	1	0.0	1	1
47	3	0.0	1	3
49	3	0.0	1	3


=== Second read: Adapter 2 ===

Sequence: GGACTACNVGGGTWTCTAAT; Type: regular 5'; Length: 20; Trimmed: 1116483 times

Minimum overlap: 3
No. of allowed errors:
1-9 bp: 0; 10-19 bp: 1

Overview of removed sequences
length	count	expect	max.err	error counts
3	6	17698.7	0	6
4	1	4424.7	0	1
8	2	17.3	0	2
9	1	4.3	0	1
10	5	1.1	1	5
11	8	0.3	1	4 4
12	5	0.1	1	2 3
13	14	0.0	1	9 5
14	15	0.0	1	5 10
15	29	0.0	1	8 21
16	32	0.0	1	11 21
17	29	0.0	1	25 4
18	77	0.0	1	55 22
19	181	0.0	1	44 137
20	16791	0.0	1	16159 632
21	10018	0.0	1	4219 5799
22	1086061	0.0	1	1072216 13845
23	3144	0.0	1	1330 1814
24	7	0.0	1	5 2
25	7	0.0	1	7
26	5	0.0	1	4 1
27	5	0.0	1	5
28	2	0.0	1	2
29	1	0.0	1	1
31	6	0.0	1	6
32	3	0.0	1	2 1
33	3	0.0	1	3
34	9	0.0	1	9
37	1	0.0	1	1
39	1	0.0	1	0 1
40	5	0.0	1	5
44	4	0.0	1	4
45	1	0.0	1	1
46	2	0.0	1	2
47	1	0.0	1	1
48	1	0.0	1	1
Running cutadapt on: 2024_phase2_Hyp01_Hyp_filter_S116
This is cutadapt 5.2 with Python 3.13.15
Command line parameters: -j 4 -g GTGYCAGCMGCCGCGGTAA -G GGACTACNVGGGTWTCTAAT -o /scratch4/workspace/jade_fiorilla_student_uml_edu-rawseqorcc/trimmed-cutadapt/2024_phase2_Hyp01_Hyp_filter_S116_R1_trim.fastq -p /scratch4/workspace/jade_fiorilla_student_uml_edu-rawseqorcc/trimmed-cutadapt/2024_phase2_Hyp01_Hyp_filter_S116_R2_trim.fastq /scratch4/workspace/jade_fiorilla_student_uml_edu-rawseqorcc/fastq/2024_phase2_Hyp01_Hyp_filter_S116_R1_001.fastq.gz /scratch4/workspace/jade_fiorilla_student_uml_edu-rawseqorcc/fastq/2024_phase2_Hyp01_Hyp_filter_S116_R2_001.fastq.gz
Processing paired-end reads on 4 cores ...

=== Summary ===

Total read pairs processed:          1,077,042
  Read 1 with adapter:               1,060,600 (98.5%)
  Read 2 with adapter:               1,037,142 (96.3%)
Pairs written (passing filters):     1,077,042 (100.0%)

Total basepairs processed:   648,379,284 bp
  Read 1:   324,189,642 bp
  Read 2:   324,189,642 bp
Total written (filtered):    607,459,499 bp (93.7%)
  Read 1:   304,019,919 bp
  Read 2:   303,439,580 bp

=== First read: Adapter 1 ===

Sequence: GTGYCAGCMGCCGCGGTAA; Type: regular 5'; Length: 19; Trimmed: 1060600 times

Minimum overlap: 3
No. of allowed errors:
1-9 bp: 0; 10-19 bp: 1

Overview of removed sequences
length	count	expect	max.err	error counts
3	17	16828.8	0	17
5	1	1051.8	0	1
9	3	4.1	0	3
10	2	1.0	1	2
12	63	0.1	1	56 7
13	14	0.0	1	8 6
14	8	0.0	1	0 8
15	17	0.0	1	1 16
16	29	0.0	1	19 10
17	104	0.0	1	69 35
18	2595	0.0	1	489 2106
19	1043140	0.0	1	951166 91974
20	8564	0.0	1	5781 2783
21	4791	0.0	1	4356 435
22	1205	0.0	1	925 280
23	16	0.0	1	12 4
24	9	0.0	1	9
26	2	0.0	1	2
28	2	0.0	1	2
29	2	0.0	1	2
30	4	0.0	1	4
32	2	0.0	1	2
34	3	0.0	1	3
36	2	0.0	1	2
37	1	0.0	1	1
40	3	0.0	1	3
47	1	0.0	1	1


=== Second read: Adapter 2 ===

Sequence: GGACTACNVGGGTWTCTAAT; Type: regular 5'; Length: 20; Trimmed: 1037142 times

Minimum overlap: 3
No. of allowed errors:
1-9 bp: 0; 10-19 bp: 1

Overview of removed sequences
length	count	expect	max.err	error counts
3	13	16828.8	0	13
9	1	4.1	0	1
10	2	1.0	1	2
11	1	0.3	1	1
12	3	0.1	1	3
13	8	0.0	1	5 3
14	10	0.0	1	5 5
15	11	0.0	1	8 3
16	17	0.0	1	5 12
17	18	0.0	1	6 12
18	52	0.0	1	44 8
19	4788	0.0	1	696 4092
20	1023314	0.0	1	1008276 15038
21	5775	0.0	1	3857 1918
22	2623	0.0	1	2503 120
23	475	0.0	1	394 81
24	9	0.0	1	7 2
25	4	0.0	1	4
26	1	0.0	1	1
27	4	0.0	1	3 1
28	3	0.0	1	2 1
29	4	0.0	1	2 2
33	1	0.0	1	0 1
34	1	0.0	1	1
35	1	0.0	1	1
36	1	0.0	1	1
39	2	0.0	1	2
Running cutadapt on: 2024_phase2_Hyp01_Norm_filter_S128
This is cutadapt 5.2 with Python 3.13.15
Command line parameters: -j 4 -g GTGYCAGCMGCCGCGGTAA -G GGACTACNVGGGTWTCTAAT -o /scratch4/workspace/jade_fiorilla_student_uml_edu-rawseqorcc/trimmed-cutadapt/2024_phase2_Hyp01_Norm_filter_S128_R1_trim.fastq -p /scratch4/workspace/jade_fiorilla_student_uml_edu-rawseqorcc/trimmed-cutadapt/2024_phase2_Hyp01_Norm_filter_S128_R2_trim.fastq /scratch4/workspace/jade_fiorilla_student_uml_edu-rawseqorcc/fastq/2024_phase2_Hyp01_Norm_filter_S128_R1_001.fastq.gz /scratch4/workspace/jade_fiorilla_student_uml_edu-rawseqorcc/fastq/2024_phase2_Hyp01_Norm_filter_S128_R2_001.fastq.gz
Processing paired-end reads on 4 cores ...

=== Summary ===

Total read pairs processed:            940,343
  Read 1 with adapter:                 934,542 (99.4%)
  Read 2 with adapter:                 925,991 (98.5%)
Pairs written (passing filters):       940,343 (100.0%)

Total basepairs processed:   566,086,486 bp
  Read 1:   283,043,243 bp
  Read 2:   283,043,243 bp
Total written (filtered):    526,120,482 bp (92.9%)
  Read 1:   263,436,815 bp
  Read 2:   262,683,667 bp

=== First read: Adapter 1 ===

Sequence: GTGYCAGCMGCCGCGGTAA; Type: regular 5'; Length: 19; Trimmed: 934542 times

Minimum overlap: 3
No. of allowed errors:
1-9 bp: 0; 10-19 bp: 1

Overview of removed sequences
length	count	expect	max.err	error counts
3	12	14692.9	0	12
8	4	14.3	0	4
9	3	3.6	0	3
10	3	0.9	1	1 2
12	44	0.1	1	41 3
13	4	0.0	1	3 1
14	8	0.0	1	8
15	3	0.0	1	2 1
16	24	0.0	1	16 8
17	22	0.0	1	12 10
18	47	0.0	1	26 21
19	5979	0.0	1	5099 880
20	9085	0.0	1	5705 3380
21	916390	0.0	1	852036 64354
22	2869	0.0	1	1577 1292
23	4	0.0	1	3 1
24	4	0.0	1	0 4
25	10	0.0	1	7 3
26	2	0.0	1	1 1
28	4	0.0	1	4
29	3	0.0	1	3
30	1	0.0	1	1
31	1	0.0	1	1
32	1	0.0	1	0 1
33	1	0.0	1	1
34	1	0.0	1	1
35	2	0.0	1	1 1
36	2	0.0	1	2
38	2	0.0	1	2
39	2	0.0	1	1 1
40	3	0.0	1	3
41	1	0.0	1	1
47	1	0.0	1	1


=== Second read: Adapter 2 ===

Sequence: GGACTACNVGGGTWTCTAAT; Type: regular 5'; Length: 20; Trimmed: 925991 times

Minimum overlap: 3
No. of allowed errors:
1-9 bp: 0; 10-19 bp: 1

Overview of removed sequences
length	count	expect	max.err	error counts
3	11	14692.9	0	11
4	1	3673.2	0	1
9	1	3.6	0	1
10	7	0.9	1	7
11	8	0.2	1	3 5
12	12	0.1	1	6 6
13	14	0.0	1	13 1
14	12	0.0	1	8 4
15	20	0.0	1	16 4
16	13	0.0	1	2 11
17	33	0.0	1	26 7
18	36	0.0	1	24 12
19	72	0.0	1	42 30
20	3307	0.0	1	3166 141
21	8347	0.0	1	3435 4912
22	910151	0.0	1	897944 12207
23	3900	0.0	1	2552 1348
24	15	0.0	1	8 7
25	4	0.0	1	4
27	3	0.0	1	3
28	1	0.0	1	1
29	5	0.0	1	3 2
31	4	0.0	1	1 3
33	7	0.0	1	6 1
36	1	0.0	1	1
37	1	0.0	1	1
38	1	0.0	1	1
40	1	0.0	1	1
41	2	0.0	1	2
42	1	0.0	1	1
Running cutadapt on: 2024_phase2_Hyp03_Hyp_filter_S117
This is cutadapt 5.2 with Python 3.13.15
Command line parameters: -j 4 -g GTGYCAGCMGCCGCGGTAA -G GGACTACNVGGGTWTCTAAT -o /scratch4/workspace/jade_fiorilla_student_uml_edu-rawseqorcc/trimmed-cutadapt/2024_phase2_Hyp03_Hyp_filter_S117_R1_trim.fastq -p /scratch4/workspace/jade_fiorilla_student_uml_edu-rawseqorcc/trimmed-cutadapt/2024_phase2_Hyp03_Hyp_filter_S117_R2_trim.fastq /scratch4/workspace/jade_fiorilla_student_uml_edu-rawseqorcc/fastq/2024_phase2_Hyp03_Hyp_filter_S117_R1_001.fastq.gz /scratch4/workspace/jade_fiorilla_student_uml_edu-rawseqorcc/fastq/2024_phase2_Hyp03_Hyp_filter_S117_R2_001.fastq.gz
Processing paired-end reads on 4 cores ...

=== Summary ===

Total read pairs processed:            838,257
  Read 1 with adapter:                 831,122 (99.1%)
  Read 2 with adapter:                 819,644 (97.8%)
Pairs written (passing filters):       838,257 (100.0%)

Total basepairs processed:   504,630,714 bp
  Read 1:   252,315,357 bp
  Read 2:   252,315,357 bp
Total written (filtered):    472,423,233 bp (93.6%)
  Read 1:   236,508,235 bp
  Read 2:   235,914,998 bp

=== First read: Adapter 1 ===

Sequence: GTGYCAGCMGCCGCGGTAA; Type: regular 5'; Length: 19; Trimmed: 831122 times

Minimum overlap: 3
No. of allowed errors:
1-9 bp: 0; 10-19 bp: 1

Overview of removed sequences
length	count	expect	max.err	error counts
3	4	13097.8	0	4
9	4	3.2	0	4
11	3	0.2	1	1 2
12	38	0.0	1	35 3
13	6	0.0	1	5 1
14	8	0.0	1	1 7
15	3	0.0	1	2 1
16	33	0.0	1	22 11
17	55	0.0	1	40 15
18	1974	0.0	1	345 1629
19	817420	0.0	1	748863 68557
20	5708	0.0	1	3813 1895
21	5087	0.0	1	4702 385
22	747	0.0	1	688 59
23	6	0.0	1	5 1
24	1	0.0	1	1
25	1	0.0	1	1
26	2	0.0	1	2
27	4	0.0	1	4
29	2	0.0	1	1 1
30	5	0.0	1	5
33	1	0.0	1	1
34	3	0.0	1	3
35	1	0.0	1	1
37	3	0.0	1	3
38	1	0.0	1	1
40	2	0.0	1	2


=== Second read: Adapter 2 ===

Sequence: GGACTACNVGGGTWTCTAAT; Type: regular 5'; Length: 20; Trimmed: 819644 times

Minimum overlap: 3
No. of allowed errors:
1-9 bp: 0; 10-19 bp: 1

Overview of removed sequences
length	count	expect	max.err	error counts
10	1	0.8	1	1
11	3	0.2	1	2 1
12	10	0.0	1	9 1
13	8	0.0	1	7 1
14	9	0.0	1	6 3
15	5	0.0	1	1 4
16	17	0.0	1	7 10
17	17	0.0	1	15 2
18	75	0.0	1	40 35
19	3894	0.0	1	591 3303
20	807876	0.0	1	797326 10550
21	4275	0.0	1	2750 1525
22	2906	0.0	1	2755 151
23	520	0.0	1	493 27
24	11	0.0	1	7 4
25	2	0.0	1	2
26	2	0.0	1	2
27	4	0.0	1	2 2
30	1	0.0	1	1
31	2	0.0	1	2
32	2	0.0	1	1 1
34	1	0.0	1	1
40	1	0.0	1	1
46	1	0.0	1	0 1
57	1	0.0	1	1
Running cutadapt on: 2024_phase2_Hyp03_Norm_filter_S129
This is cutadapt 5.2 with Python 3.13.15
Command line parameters: -j 4 -g GTGYCAGCMGCCGCGGTAA -G GGACTACNVGGGTWTCTAAT -o /scratch4/workspace/jade_fiorilla_student_uml_edu-rawseqorcc/trimmed-cutadapt/2024_phase2_Hyp03_Norm_filter_S129_R1_trim.fastq -p /scratch4/workspace/jade_fiorilla_student_uml_edu-rawseqorcc/trimmed-cutadapt/2024_phase2_Hyp03_Norm_filter_S129_R2_trim.fastq /scratch4/workspace/jade_fiorilla_student_uml_edu-rawseqorcc/fastq/2024_phase2_Hyp03_Norm_filter_S129_R1_001.fastq.gz /scratch4/workspace/jade_fiorilla_student_uml_edu-rawseqorcc/fastq/2024_phase2_Hyp03_Norm_filter_S129_R2_001.fastq.gz
Processing paired-end reads on 4 cores ...

=== Summary ===

Total read pairs processed:            889,571
  Read 1 with adapter:                 884,874 (99.5%)
  Read 2 with adapter:                 876,473 (98.5%)
Pairs written (passing filters):       889,571 (100.0%)

Total basepairs processed:   535,521,742 bp
  Read 1:   267,760,871 bp
  Read 2:   267,760,871 bp
Total written (filtered):    497,689,989 bp (92.9%)
  Read 1:   249,199,099 bp
  Read 2:   248,490,890 bp

=== First read: Adapter 1 ===

Sequence: GTGYCAGCMGCCGCGGTAA; Type: regular 5'; Length: 19; Trimmed: 884874 times

Minimum overlap: 3
No. of allowed errors:
1-9 bp: 0; 10-19 bp: 1

Overview of removed sequences
length	count	expect	max.err	error counts
3	14	13899.5	0	14
8	1	13.6	0	1
9	2	3.4	0	2
10	1	0.8	1	0 1
12	44	0.1	1	40 4
13	7	0.0	1	5 2
14	3	0.0	1	3
15	7	0.0	1	3 4
16	16	0.0	1	9 7
17	18	0.0	1	11 7
18	57	0.0	1	30 27
19	5952	0.0	1	5163 789
20	10927	0.0	1	7752 3175
21	864857	0.0	1	805538 59319
22	2922	0.0	1	1663 1259
23	10	0.0	1	7 3
24	1	0.0	1	1
25	2	0.0	1	2
27	4	0.0	1	4
28	7	0.0	1	7
30	1	0.0	1	1
31	1	0.0	1	1
32	3	0.0	1	3
33	1	0.0	1	0 1
35	2	0.0	1	0 2
36	6	0.0	1	5 1
37	2	0.0	1	2
40	3	0.0	1	3
48	1	0.0	1	1
52	1	0.0	1	1
53	1	0.0	1	1


=== Second read: Adapter 2 ===

Sequence: GGACTACNVGGGTWTCTAAT; Type: regular 5'; Length: 20; Trimmed: 876473 times

Minimum overlap: 3
No. of allowed errors:
1-9 bp: 0; 10-19 bp: 1

Overview of removed sequences
length	count	expect	max.err	error counts
3	12	13899.5	0	12
4	1	3474.9	0	1
9	2	3.4	0	2
10	10	0.8	1	10
11	3	0.2	1	2 1
12	18	0.1	1	7 11
13	10	0.0	1	6 4
14	16	0.0	1	7 9
15	12	0.0	1	5 7
16	29	0.0	1	17 12
17	22	0.0	1	16 6
18	57	0.0	1	36 21
19	91	0.0	1	58 33
20	3178	0.0	1	3017 161
21	8863	0.0	1	4065 4798
22	860055	0.0	1	848204 11851
23	4020	0.0	1	2611 1409
24	22	0.0	1	15 7
25	7	0.0	1	7
26	9	0.0	1	8 1
27	9	0.0	1	7 2
28	2	0.0	1	2
29	5	0.0	1	5
30	2	0.0	1	2
31	2	0.0	1	2
32	6	0.0	1	6
33	3	0.0	1	3
34	2	0.0	1	1 1
37	1	0.0	1	1
39	1	0.0	1	1
52	3	0.0	1	3
Running cutadapt on: 2024_phase2_Hyp06_Hyp_filter_S118
This is cutadapt 5.2 with Python 3.13.15
Command line parameters: -j 4 -g GTGYCAGCMGCCGCGGTAA -G GGACTACNVGGGTWTCTAAT -o /scratch4/workspace/jade_fiorilla_student_uml_edu-rawseqorcc/trimmed-cutadapt/2024_phase2_Hyp06_Hyp_filter_S118_R1_trim.fastq -p /scratch4/workspace/jade_fiorilla_student_uml_edu-rawseqorcc/trimmed-cutadapt/2024_phase2_Hyp06_Hyp_filter_S118_R2_trim.fastq /scratch4/workspace/jade_fiorilla_student_uml_edu-rawseqorcc/fastq/2024_phase2_Hyp06_Hyp_filter_S118_R1_001.fastq.gz /scratch4/workspace/jade_fiorilla_student_uml_edu-rawseqorcc/fastq/2024_phase2_Hyp06_Hyp_filter_S118_R2_001.fastq.gz
Processing paired-end reads on 4 cores ...

=== Summary ===

Total read pairs processed:          1,370,691
  Read 1 with adapter:               1,355,811 (98.9%)
  Read 2 with adapter:               1,330,939 (97.1%)
Pairs written (passing filters):     1,370,691 (100.0%)

Total basepairs processed:   825,155,982 bp
  Read 1:   412,577,991 bp
  Read 2:   412,577,991 bp
Total written (filtered):    772,757,099 bp (93.6%)
  Read 1:   386,802,660 bp
  Read 2:   385,954,439 bp

=== First read: Adapter 1 ===

Sequence: GTGYCAGCMGCCGCGGTAA; Type: regular 5'; Length: 19; Trimmed: 1355811 times

Minimum overlap: 3
No. of allowed errors:
1-9 bp: 0; 10-19 bp: 1

Overview of removed sequences
length	count	expect	max.err	error counts
3	21	21417.0	0	21
9	4	5.2	0	4
10	3	1.3	1	3
11	1	0.3	1	1
12	66	0.1	1	61 5
13	16	0.0	1	16
14	7	0.0	1	3 4
15	11	0.0	1	5 6
16	50	0.0	1	27 23
17	101	0.0	1	75 26
18	3437	0.0	1	731 2706
19	1339328	0.0	1	1230636 108692
20	7816	0.0	1	5216 2600
21	3376	0.0	1	3018 358
22	1531	0.0	1	1083 448
23	7	0.0	1	4 3
24	2	0.0	1	1 1
25	4	0.0	1	4
26	2	0.0	1	2
28	2	0.0	1	2
29	1	0.0	1	1
32	3	0.0	1	2 1
34	1	0.0	1	1
36	1	0.0	1	1
37	5	0.0	1	4 1
39	8	0.0	1	3 5
40	2	0.0	1	0 2
41	1	0.0	1	1
42	2	0.0	1	2
48	1	0.0	1	1
53	1	0.0	1	0 1


=== Second read: Adapter 2 ===

Sequence: GGACTACNVGGGTWTCTAAT; Type: regular 5'; Length: 20; Trimmed: 1330939 times

Minimum overlap: 3
No. of allowed errors:
1-9 bp: 0; 10-19 bp: 1

Overview of removed sequences
length	count	expect	max.err	error counts
3	16	21417.0	0	16
10	5	1.3	1	4 1
11	4	0.3	1	4
12	14	0.1	1	13 1
13	12	0.0	1	11 1
14	12	0.0	1	2 10
15	11	0.0	1	7 4
16	20	0.0	1	7 13
17	20	0.0	1	14 6
18	79	0.0	1	41 38
19	6303	0.0	1	897 5406
20	1315743	0.0	1	1296274 19469
21	6258	0.0	1	3875 2383
22	1880	0.0	1	1771 109
23	520	0.0	1	486 34
24	2	0.0	1	2
25	3	0.0	1	2 1
26	3	0.0	1	3
27	1	0.0	1	1
28	7	0.0	1	6 1
29	2	0.0	1	1 1
30	6	0.0	1	6
32	5	0.0	1	5
33	1	0.0	1	1
34	5	0.0	1	5
35	2	0.0	1	2
36	1	0.0	1	0 1
41	1	0.0	1	1
48	3	0.0	1	2 1
Running cutadapt on: 2024_phase2_Hyp06_Norm_filter_S130
This is cutadapt 5.2 with Python 3.13.15
Command line parameters: -j 4 -g GTGYCAGCMGCCGCGGTAA -G GGACTACNVGGGTWTCTAAT -o /scratch4/workspace/jade_fiorilla_student_uml_edu-rawseqorcc/trimmed-cutadapt/2024_phase2_Hyp06_Norm_filter_S130_R1_trim.fastq -p /scratch4/workspace/jade_fiorilla_student_uml_edu-rawseqorcc/trimmed-cutadapt/2024_phase2_Hyp06_Norm_filter_S130_R2_trim.fastq /scratch4/workspace/jade_fiorilla_student_uml_edu-rawseqorcc/fastq/2024_phase2_Hyp06_Norm_filter_S130_R1_001.fastq.gz /scratch4/workspace/jade_fiorilla_student_uml_edu-rawseqorcc/fastq/2024_phase2_Hyp06_Norm_filter_S130_R2_001.fastq.gz
Processing paired-end reads on 4 cores ...

=== Summary ===

Total read pairs processed:            847,150
  Read 1 with adapter:                 843,012 (99.5%)
  Read 2 with adapter:                 834,612 (98.5%)
Pairs written (passing filters):       847,150 (100.0%)

Total basepairs processed:   509,984,300 bp
  Read 1:   254,992,150 bp
  Read 2:   254,992,150 bp
Total written (filtered):    473,943,837 bp (92.9%)
  Read 1:   237,303,674 bp
  Read 2:   236,640,163 bp

=== First read: Adapter 1 ===

Sequence: GTGYCAGCMGCCGCGGTAA; Type: regular 5'; Length: 19; Trimmed: 843012 times

Minimum overlap: 3
No. of allowed errors:
1-9 bp: 0; 10-19 bp: 1

Overview of removed sequences
length	count	expect	max.err	error counts
3	23	13236.7	0	23
9	6	3.2	0	6
10	1	0.8	1	0 1
11	3	0.2	1	0 3
12	51	0.1	1	48 3
13	4	0.0	1	2 2
14	9	0.0	1	7 2
15	13	0.0	1	10 3
16	18	0.0	1	16 2
17	15	0.0	1	6 9
18	44	0.0	1	22 22
19	4289	0.0	1	3841 448
20	8916	0.0	1	5779 3137
21	826020	0.0	1	780115 45905
22	3533	0.0	1	2089 1444
23	8	0.0	1	6 2
24	6	0.0	1	3 3
25	7	0.0	1	7
26	6	0.0	1	4 2
27	6	0.0	1	4 2
28	4	0.0	1	3 1
29	2	0.0	1	0 2
30	3	0.0	1	3
31	3	0.0	1	3
32	4	0.0	1	3 1
33	2	0.0	1	2
35	4	0.0	1	3 1
37	3	0.0	1	2 1
41	1	0.0	1	1
43	1	0.0	1	1
45	1	0.0	1	1
46	1	0.0	1	1
47	4	0.0	1	4
51	1	0.0	1	1


=== Second read: Adapter 2 ===

Sequence: GGACTACNVGGGTWTCTAAT; Type: regular 5'; Length: 20; Trimmed: 834612 times

Minimum overlap: 3
No. of allowed errors:
1-9 bp: 0; 10-19 bp: 1

Overview of removed sequences
length	count	expect	max.err	error counts
3	18	13236.7	0	18
8	1	12.9	0	1
9	1	3.2	0	1
10	7	0.8	1	7
11	5	0.2	1	5
12	10	0.1	1	4 6
13	8	0.0	1	5 3
14	17	0.0	1	4 13
15	10	0.0	1	5 5
16	20	0.0	1	10 10
17	18	0.0	1	11 7
18	42	0.0	1	33 9
19	60	0.0	1	39 21
20	2375	0.0	1	2222 153
21	7606	0.0	1	3142 4464
22	820314	0.0	1	809147 11167
23	4046	0.0	1	2690 1356
24	23	0.0	1	13 10
25	4	0.0	1	4
26	4	0.0	1	4
27	3	0.0	1	3
28	2	0.0	1	2
29	2	0.0	1	2
30	4	0.0	1	4
31	4	0.0	1	4
32	4	0.0	1	4
33	2	0.0	1	2
36	1	0.0	1	1
40	1	0.0	1	0 1
Running cutadapt on: 2024_phase2_Warm01_Hyp_filter_S113
This is cutadapt 5.2 with Python 3.13.15
Command line parameters: -j 4 -g GTGYCAGCMGCCGCGGTAA -G GGACTACNVGGGTWTCTAAT -o /scratch4/workspace/jade_fiorilla_student_uml_edu-rawseqorcc/trimmed-cutadapt/2024_phase2_Warm01_Hyp_filter_S113_R1_trim.fastq -p /scratch4/workspace/jade_fiorilla_student_uml_edu-rawseqorcc/trimmed-cutadapt/2024_phase2_Warm01_Hyp_filter_S113_R2_trim.fastq /scratch4/workspace/jade_fiorilla_student_uml_edu-rawseqorcc/fastq/2024_phase2_Warm01_Hyp_filter_S113_R1_001.fastq.gz /scratch4/workspace/jade_fiorilla_student_uml_edu-rawseqorcc/fastq/2024_phase2_Warm01_Hyp_filter_S113_R2_001.fastq.gz
Processing paired-end reads on 4 cores ...

=== Summary ===

Total read pairs processed:            719,773
  Read 1 with adapter:                 702,510 (97.6%)
  Read 2 with adapter:                 679,425 (94.4%)
Pairs written (passing filters):       719,773 (100.0%)

Total basepairs processed:   433,303,346 bp
  Read 1:   216,651,673 bp
  Read 2:   216,651,673 bp
Total written (filtered):    406,343,244 bp (93.8%)
  Read 1:   203,287,495 bp
  Read 2:   203,055,749 bp

=== First read: Adapter 1 ===

Sequence: GTGYCAGCMGCCGCGGTAA; Type: regular 5'; Length: 19; Trimmed: 702510 times

Minimum overlap: 3
No. of allowed errors:
1-9 bp: 0; 10-19 bp: 1

Overview of removed sequences
length	count	expect	max.err	error counts
3	3	11246.5	0	3
9	3	2.7	0	3
10	1	0.7	1	1
11	1	0.2	1	0 1
12	45	0.0	1	41 4
13	12	0.0	1	8 4
14	12	0.0	1	2 10
15	8	0.0	1	3 5
16	42	0.0	1	26 16
17	53	0.0	1	45 8
18	1671	0.0	1	330 1341
19	685722	0.0	1	612529 73193
20	11518	0.0	1	8974 2544
21	3215	0.0	1	2941 274
22	164	0.0	1	11 153
23	1	0.0	1	1
24	3	0.0	1	3
25	2	0.0	1	2
26	4	0.0	1	4
27	2	0.0	1	2
28	3	0.0	1	3
29	1	0.0	1	1
30	2	0.0	1	2
31	2	0.0	1	1 1
32	3	0.0	1	3
34	3	0.0	1	0 3
36	4	0.0	1	4
37	3	0.0	1	3
40	1	0.0	1	1
42	4	0.0	1	4
43	2	0.0	1	2


=== Second read: Adapter 2 ===

Sequence: GGACTACNVGGGTWTCTAAT; Type: regular 5'; Length: 20; Trimmed: 679425 times

Minimum overlap: 3
No. of allowed errors:
1-9 bp: 0; 10-19 bp: 1

Overview of removed sequences
length	count	expect	max.err	error counts
3	3	11246.5	0	3
10	2	0.7	1	2
11	5	0.2	1	5
12	2	0.0	1	2
13	12	0.0	1	12
14	15	0.0	1	8 7
15	8	0.0	1	4 4
16	21	0.0	1	4 17
17	17	0.0	1	11 6
18	39	0.0	1	24 15
19	3136	0.0	1	435 2701
20	667055	0.0	1	657202 9853
21	7228	0.0	1	5675 1553
22	1844	0.0	1	1747 97
23	20	0.0	1	16 4
24	11	0.0	1	10 1
26	1	0.0	1	1
27	1	0.0	1	0 1
30	1	0.0	1	1
33	1	0.0	1	1
41	3	0.0	1	3
Running cutadapt on: 2024_phase2_Warm01_Norm_filter_S125
This is cutadapt 5.2 with Python 3.13.15
Command line parameters: -j 4 -g GTGYCAGCMGCCGCGGTAA -G GGACTACNVGGGTWTCTAAT -o /scratch4/workspace/jade_fiorilla_student_uml_edu-rawseqorcc/trimmed-cutadapt/2024_phase2_Warm01_Norm_filter_S125_R1_trim.fastq -p /scratch4/workspace/jade_fiorilla_student_uml_edu-rawseqorcc/trimmed-cutadapt/2024_phase2_Warm01_Norm_filter_S125_R2_trim.fastq /scratch4/workspace/jade_fiorilla_student_uml_edu-rawseqorcc/fastq/2024_phase2_Warm01_Norm_filter_S125_R1_001.fastq.gz /scratch4/workspace/jade_fiorilla_student_uml_edu-rawseqorcc/fastq/2024_phase2_Warm01_Norm_filter_S125_R2_001.fastq.gz
Processing paired-end reads on 4 cores ...

=== Summary ===

Total read pairs processed:            830,507
  Read 1 with adapter:                 825,319 (99.4%)
  Read 2 with adapter:                 818,319 (98.5%)
Pairs written (passing filters):       830,507 (100.0%)

Total basepairs processed:   499,965,214 bp
  Read 1:   249,982,607 bp
  Read 2:   249,982,607 bp
Total written (filtered):    464,695,705 bp (92.9%)
  Read 1:   232,683,378 bp
  Read 2:   232,012,327 bp

=== First read: Adapter 1 ===

Sequence: GTGYCAGCMGCCGCGGTAA; Type: regular 5'; Length: 19; Trimmed: 825319 times

Minimum overlap: 3
No. of allowed errors:
1-9 bp: 0; 10-19 bp: 1

Overview of removed sequences
length	count	expect	max.err	error counts
3	10	12976.7	0	10
9	1	3.2	0	1
11	3	0.2	1	2 1
12	43	0.0	1	39 4
13	7	0.0	1	5 2
14	3	0.0	1	1 2
15	6	0.0	1	1 5
16	21	0.0	1	16 5
17	12	0.0	1	7 5
18	61	0.0	1	32 29
19	13912	0.0	1	12411 1501
20	6652	0.0	1	4097 2555
21	802201	0.0	1	726672 75529
22	2319	0.0	1	1242 1077
23	4	0.0	1	2 2
24	4	0.0	1	4
25	7	0.0	1	6 1
26	5	0.0	1	5
27	7	0.0	1	7
28	2	0.0	1	2
29	1	0.0	1	1
30	8	0.0	1	8
31	2	0.0	1	1 1
32	2	0.0	1	2
33	2	0.0	1	0 2
35	1	0.0	1	0 1
36	6	0.0	1	5 1
37	4	0.0	1	3 1
39	4	0.0	1	4
40	2	0.0	1	2
43	1	0.0	1	1
44	3	0.0	1	0 3
48	1	0.0	1	1
54	1	0.0	1	0 1
62	1	0.0	1	1


=== Second read: Adapter 2 ===

Sequence: GGACTACNVGGGTWTCTAAT; Type: regular 5'; Length: 20; Trimmed: 818319 times

Minimum overlap: 3
No. of allowed errors:
1-9 bp: 0; 10-19 bp: 1

Overview of removed sequences
length	count	expect	max.err	error counts
3	3	12976.7	0	3
4	1	3244.2	0	1
9	2	3.2	0	2
10	12	0.8	1	10 2
11	1	0.2	1	1
12	5	0.0	1	2 3
13	7	0.0	1	5 2
14	17	0.0	1	5 12
15	9	0.0	1	1 8
16	13	0.0	1	2 11
17	24	0.0	1	14 10
18	39	0.0	1	27 12
19	130	0.0	1	50 80
20	13394	0.0	1	12936 458
21	7540	0.0	1	3155 4385
22	794727	0.0	1	785085 9642
23	2346	0.0	1	1161 1185
24	1	0.0	1	0 1
25	6	0.0	1	5 1
26	8	0.0	1	7 1
27	1	0.0	1	1
28	2	0.0	1	2
29	3	0.0	1	3
31	1	0.0	1	1
32	8	0.0	1	8
33	4	0.0	1	4
36	2	0.0	1	1 1
38	1	0.0	1	1
40	2	0.0	1	2
43	7	0.0	1	7
46	1	0.0	1	1
63	2	0.0	1	2
Running cutadapt on: 2024_phase2_Warm03_Hyp_filter_S114
This is cutadapt 5.2 with Python 3.13.15
Command line parameters: -j 4 -g GTGYCAGCMGCCGCGGTAA -G GGACTACNVGGGTWTCTAAT -o /scratch4/workspace/jade_fiorilla_student_uml_edu-rawseqorcc/trimmed-cutadapt/2024_phase2_Warm03_Hyp_filter_S114_R1_trim.fastq -p /scratch4/workspace/jade_fiorilla_student_uml_edu-rawseqorcc/trimmed-cutadapt/2024_phase2_Warm03_Hyp_filter_S114_R2_trim.fastq /scratch4/workspace/jade_fiorilla_student_uml_edu-rawseqorcc/fastq/2024_phase2_Warm03_Hyp_filter_S114_R1_001.fastq.gz /scratch4/workspace/jade_fiorilla_student_uml_edu-rawseqorcc/fastq/2024_phase2_Warm03_Hyp_filter_S114_R2_001.fastq.gz
Processing paired-end reads on 4 cores ...

=== Summary ===

Total read pairs processed:            916,613
  Read 1 with adapter:                 907,680 (99.0%)
  Read 2 with adapter:                 893,938 (97.5%)
Pairs written (passing filters):       916,613 (100.0%)

Total basepairs processed:   551,801,026 bp
  Read 1:   275,900,513 bp
  Read 2:   275,900,513 bp
Total written (filtered):    516,650,168 bp (93.6%)
  Read 1:   258,635,824 bp
  Read 2:   258,014,344 bp

=== First read: Adapter 1 ===

Sequence: GTGYCAGCMGCCGCGGTAA; Type: regular 5'; Length: 19; Trimmed: 907680 times

Minimum overlap: 3
No. of allowed errors:
1-9 bp: 0; 10-19 bp: 1

Overview of removed sequences
length	count	expect	max.err	error counts
3	21	14322.1	0	21
9	4	3.5	0	4
12	59	0.1	1	55 4
13	2	0.0	1	2
14	5	0.0	1	1 4
15	4	0.0	1	1 3
16	36	0.0	1	29 7
17	81	0.0	1	58 23
18	2275	0.0	1	473 1802
19	890171	0.0	1	813988 76183
20	9395	0.0	1	6626 2769
21	4476	0.0	1	4142 334
22	1109	0.0	1	653 456
23	2	0.0	1	2
24	6	0.0	1	2 4
25	2	0.0	1	1 1
26	3	0.0	1	3
27	2	0.0	1	2
28	3	0.0	1	3
29	5	0.0	1	5
30	3	0.0	1	3
31	1	0.0	1	0 1
32	5	0.0	1	5
33	1	0.0	1	1
34	1	0.0	1	0 1
35	1	0.0	1	1
39	2	0.0	1	2
42	1	0.0	1	1
43	3	0.0	1	3
47	1	0.0	1	1


=== Second read: Adapter 2 ===

Sequence: GGACTACNVGGGTWTCTAAT; Type: regular 5'; Length: 20; Trimmed: 893938 times

Minimum overlap: 3
No. of allowed errors:
1-9 bp: 0; 10-19 bp: 1

Overview of removed sequences
length	count	expect	max.err	error counts
3	30	14322.1	0	30
11	9	0.2	1	9
12	12	0.1	1	12
13	12	0.0	1	6 6
14	16	0.0	1	5 11
15	4	0.0	1	2 2
16	10	0.0	1	6 4
17	23	0.0	1	19 4
18	76	0.0	1	55 21
19	4214	0.0	1	633 3581
20	880367	0.0	1	867454 12913
21	6206	0.0	1	4286 1920
22	2523	0.0	1	2428 95
23	395	0.0	1	355 40
24	11	0.0	1	4 7
25	3	0.0	1	3
26	3	0.0	1	3
27	7	0.0	1	7
29	4	0.0	1	1 3
30	4	0.0	1	3 1
31	3	0.0	1	3
32	1	0.0	1	1
33	1	0.0	1	1
34	2	0.0	1	1 1
38	1	0.0	1	1
48	1	0.0	1	1
Running cutadapt on: 2024_phase2_Warm03_Norm_filter_S126
This is cutadapt 5.2 with Python 3.13.15
Command line parameters: -j 4 -g GTGYCAGCMGCCGCGGTAA -G GGACTACNVGGGTWTCTAAT -o /scratch4/workspace/jade_fiorilla_student_uml_edu-rawseqorcc/trimmed-cutadapt/2024_phase2_Warm03_Norm_filter_S126_R1_trim.fastq -p /scratch4/workspace/jade_fiorilla_student_uml_edu-rawseqorcc/trimmed-cutadapt/2024_phase2_Warm03_Norm_filter_S126_R2_trim.fastq /scratch4/workspace/jade_fiorilla_student_uml_edu-rawseqorcc/fastq/2024_phase2_Warm03_Norm_filter_S126_R1_001.fastq.gz /scratch4/workspace/jade_fiorilla_student_uml_edu-rawseqorcc/fastq/2024_phase2_Warm03_Norm_filter_S126_R2_001.fastq.gz
Processing paired-end reads on 4 cores ...

=== Summary ===

Total read pairs processed:            964,834
  Read 1 with adapter:                 955,069 (99.0%)
  Read 2 with adapter:                 945,706 (98.0%)
Pairs written (passing filters):       964,834 (100.0%)

Total basepairs processed:   580,830,068 bp
  Read 1:   290,415,034 bp
  Read 2:   290,415,034 bp
Total written (filtered):    540,041,056 bp (93.0%)
  Read 1:   270,394,931 bp
  Read 2:   269,646,125 bp

=== First read: Adapter 1 ===

Sequence: GTGYCAGCMGCCGCGGTAA; Type: regular 5'; Length: 19; Trimmed: 955069 times

Minimum overlap: 3
No. of allowed errors:
1-9 bp: 0; 10-19 bp: 1

Overview of removed sequences
length	count	expect	max.err	error counts
3	20	15075.5	0	20
9	2	3.7	0	2
10	2	0.9	1	2
11	2	0.2	1	2
12	39	0.1	1	35 4
14	5	0.0	1	1 4
15	16	0.0	1	7 9
16	26	0.0	1	16 10
17	14	0.0	1	7 7
18	72	0.0	1	31 41
19	15457	0.0	1	13582 1875
20	8169	0.0	1	5232 2937
21	927986	0.0	1	844807 83179
22	3183	0.0	1	1667 1516
23	10	0.0	1	5 5
24	6	0.0	1	6
25	4	0.0	1	4
26	1	0.0	1	0 1
27	7	0.0	1	7
28	6	0.0	1	6
30	1	0.0	1	1
31	2	0.0	1	2
32	2	0.0	1	2
33	2	0.0	1	2
34	2	0.0	1	2
35	5	0.0	1	5
36	7	0.0	1	7
37	5	0.0	1	5
39	2	0.0	1	2
40	1	0.0	1	1
41	1	0.0	1	1
42	4	0.0	1	4
44	2	0.0	1	2
45	2	0.0	1	2
47	2	0.0	1	2
50	1	0.0	1	1
52	1	0.0	1	0 1


=== Second read: Adapter 2 ===

Sequence: GGACTACNVGGGTWTCTAAT; Type: regular 5'; Length: 20; Trimmed: 945706 times

Minimum overlap: 3
No. of allowed errors:
1-9 bp: 0; 10-19 bp: 1

Overview of removed sequences
length	count	expect	max.err	error counts
3	24	15075.5	0	24
9	2	3.7	0	2
10	8	0.9	1	8
11	6	0.2	1	5 1
12	5	0.1	1	3 2
13	9	0.0	1	8 1
14	18	0.0	1	9 9
15	17	0.0	1	3 14
16	19	0.0	1	6 13
17	20	0.0	1	11 9
18	33	0.0	1	26 7
19	117	0.0	1	48 69
20	14557	0.0	1	14028 529
21	8805	0.0	1	3947 4858
22	919335	0.0	1	906227 13108
23	2695	0.0	1	1322 1373
24	6	0.0	1	4 2
26	1	0.0	1	1
27	2	0.0	1	1 1
28	5	0.0	1	5
29	2	0.0	1	2
30	6	0.0	1	6
33	1	0.0	1	1
34	5	0.0	1	4 1
35	3	0.0	1	3
37	1	0.0	1	1
39	1	0.0	1	1
46	1	0.0	1	1
47	1	0.0	1	1
49	1	0.0	1	1
Running cutadapt on: 2024_phase2_Warm06_Hyp_filter_S115
This is cutadapt 5.2 with Python 3.13.15
Command line parameters: -j 4 -g GTGYCAGCMGCCGCGGTAA -G GGACTACNVGGGTWTCTAAT -o /scratch4/workspace/jade_fiorilla_student_uml_edu-rawseqorcc/trimmed-cutadapt/2024_phase2_Warm06_Hyp_filter_S115_R1_trim.fastq -p /scratch4/workspace/jade_fiorilla_student_uml_edu-rawseqorcc/trimmed-cutadapt/2024_phase2_Warm06_Hyp_filter_S115_R2_trim.fastq /scratch4/workspace/jade_fiorilla_student_uml_edu-rawseqorcc/fastq/2024_phase2_Warm06_Hyp_filter_S115_R1_001.fastq.gz /scratch4/workspace/jade_fiorilla_student_uml_edu-rawseqorcc/fastq/2024_phase2_Warm06_Hyp_filter_S115_R2_001.fastq.gz
Processing paired-end reads on 4 cores ...

=== Summary ===

Total read pairs processed:            524,085
  Read 1 with adapter:                 490,909 (93.7%)
  Read 2 with adapter:                 451,753 (86.2%)
Pairs written (passing filters):       524,085 (100.0%)

Total basepairs processed:   315,499,170 bp
  Read 1:   157,749,585 bp
  Read 2:   157,749,585 bp
Total written (filtered):    297,107,835 bp (94.2%)
  Read 1:   148,403,229 bp
  Read 2:   148,704,606 bp

=== First read: Adapter 1 ===

Sequence: GTGYCAGCMGCCGCGGTAA; Type: regular 5'; Length: 19; Trimmed: 490909 times

Minimum overlap: 3
No. of allowed errors:
1-9 bp: 0; 10-19 bp: 1

Overview of removed sequences
length	count	expect	max.err	error counts
3	5	8188.8	0	5
8	2	8.0	0	2
9	7	2.0	0	7
11	1	0.1	1	1
12	28	0.0	1	22 6
13	2	0.0	1	1 1
15	3	0.0	1	3
16	17	0.0	1	13 4
17	23	0.0	1	12 11
18	1089	0.0	1	194 895
19	476332	0.0	1	410570 65762
20	7362	0.0	1	5373 1989
21	4894	0.0	1	4564 330
22	1131	0.0	1	976 155
23	4	0.0	1	3 1
24	1	0.0	1	1
25	1	0.0	1	1
26	1	0.0	1	1
28	1	0.0	1	0 1
30	1	0.0	1	1
36	1	0.0	1	1
37	1	0.0	1	1
38	1	0.0	1	1
39	1	0.0	1	1


=== Second read: Adapter 2 ===

Sequence: GGACTACNVGGGTWTCTAAT; Type: regular 5'; Length: 20; Trimmed: 451753 times

Minimum overlap: 3
No. of allowed errors:
1-9 bp: 0; 10-19 bp: 1

Overview of removed sequences
length	count	expect	max.err	error counts
9	2	2.0	0	2
10	1	0.5	1	1
11	1	0.1	1	1
12	1	0.0	1	1
13	4	0.0	1	2 2
14	7	0.0	1	2 5
15	4	0.0	1	2 2
16	9	0.0	1	5 4
17	10	0.0	1	7 3
18	29	0.0	1	22 7
19	2008	0.0	1	327 1681
20	441784	0.0	1	434358 7426
21	4288	0.0	1	3213 1075
22	2986	0.0	1	2889 97
23	601	0.0	1	526 75
24	9	0.0	1	7 2
27	1	0.0	1	1
29	5	0.0	1	5
31	2	0.0	1	2
37	1	0.0	1	0 1
Running cutadapt on: 2024_phase2_Warm06_Norm_filter_S127
This is cutadapt 5.2 with Python 3.13.15
Command line parameters: -j 4 -g GTGYCAGCMGCCGCGGTAA -G GGACTACNVGGGTWTCTAAT -o /scratch4/workspace/jade_fiorilla_student_uml_edu-rawseqorcc/trimmed-cutadapt/2024_phase2_Warm06_Norm_filter_S127_R1_trim.fastq -p /scratch4/workspace/jade_fiorilla_student_uml_edu-rawseqorcc/trimmed-cutadapt/2024_phase2_Warm06_Norm_filter_S127_R2_trim.fastq /scratch4/workspace/jade_fiorilla_student_uml_edu-rawseqorcc/fastq/2024_phase2_Warm06_Norm_filter_S127_R1_001.fastq.gz /scratch4/workspace/jade_fiorilla_student_uml_edu-rawseqorcc/fastq/2024_phase2_Warm06_Norm_filter_S127_R2_001.fastq.gz
Processing paired-end reads on 4 cores ...

=== Summary ===

Total read pairs processed:            913,342
  Read 1 with adapter:                 908,617 (99.5%)
  Read 2 with adapter:                 900,329 (98.6%)
Pairs written (passing filters):       913,342 (100.0%)

Total basepairs processed:   549,831,884 bp
  Read 1:   274,915,942 bp
  Read 2:   274,915,942 bp
Total written (filtered):    510,966,099 bp (92.9%)
  Read 1:   255,848,318 bp
  Read 2:   255,117,781 bp

=== First read: Adapter 1 ===

Sequence: GTGYCAGCMGCCGCGGTAA; Type: regular 5'; Length: 19; Trimmed: 908617 times

Minimum overlap: 3
No. of allowed errors:
1-9 bp: 0; 10-19 bp: 1

Overview of removed sequences
length	count	expect	max.err	error counts
3	20	14271.0	0	20
9	3	3.5	0	3
10	1	0.9	1	1
11	2	0.2	1	2
12	36	0.1	1	30 6
13	3	0.0	1	3
14	7	0.0	1	5 2
15	9	0.0	1	4 5
16	19	0.0	1	16 3
17	20	0.0	1	11 9
18	58	0.0	1	34 24
19	5141	0.0	1	4263 878
20	6346	0.0	1	3838 2508
21	893054	0.0	1	800196 92858
22	3824	0.0	1	2417 1407
23	10	0.0	1	8 2
24	1	0.0	1	0 1
25	9	0.0	1	7 2
26	5	0.0	1	2 3
27	14	0.0	1	5 9
28	2	0.0	1	1 1
29	4	0.0	1	4
30	3	0.0	1	3
31	1	0.0	1	1
32	1	0.0	1	0 1
33	2	0.0	1	0 2
35	1	0.0	1	1
36	4	0.0	1	4
37	5	0.0	1	5
38	5	0.0	1	3 2
39	1	0.0	1	1
40	1	0.0	1	1
44	2	0.0	1	2
45	1	0.0	1	1
46	1	0.0	1	1
62	1	0.0	1	0 1


=== Second read: Adapter 2 ===

Sequence: GGACTACNVGGGTWTCTAAT; Type: regular 5'; Length: 20; Trimmed: 900329 times

Minimum overlap: 3
No. of allowed errors:
1-9 bp: 0; 10-19 bp: 1

Overview of removed sequences
length	count	expect	max.err	error counts
3	18	14271.0	0	18
4	1	3567.7	0	1
6	1	223.0	0	1
9	3	3.5	0	3
11	4	0.2	1	3 1
12	8	0.1	1	5 3
13	11	0.0	1	10 1
14	13	0.0	1	3 10
15	6	0.0	1	4 2
16	21	0.0	1	11 10
17	27	0.0	1	17 10
18	42	0.0	1	37 5
19	87	0.0	1	50 37
20	2702	0.0	1	2542 160
21	6930	0.0	1	2251 4679
22	886120	0.0	1	874325 11795
23	4289	0.0	1	2836 1453
24	12	0.0	1	7 5
25	4	0.0	1	3 1
26	2	0.0	1	2
27	2	0.0	1	2
28	2	0.0	1	1 1
29	3	0.0	1	3
30	2	0.0	1	2
31	1	0.0	1	1
32	1	0.0	1	1
33	1	0.0	1	1
36	3	0.0	1	2 1
37	1	0.0	1	1
38	2	0.0	1	2
41	1	0.0	1	1
42	2	0.0	1	2
43	2	0.0	1	2
45	2	0.0	1	2
46	2	0.0	1	2
47	1	0.0	1	1
Running cutadapt on: 2024_Warm01_Cont01_G2_gill_S188
This is cutadapt 5.2 with Python 3.13.15
Command line parameters: -j 4 -g GTGYCAGCMGCCGCGGTAA -G GGACTACNVGGGTWTCTAAT -o /scratch4/workspace/jade_fiorilla_student_uml_edu-rawseqorcc/trimmed-cutadapt/2024_Warm01_Cont01_G2_gill_S188_R1_trim.fastq -p /scratch4/workspace/jade_fiorilla_student_uml_edu-rawseqorcc/trimmed-cutadapt/2024_Warm01_Cont01_G2_gill_S188_R2_trim.fastq /scratch4/workspace/jade_fiorilla_student_uml_edu-rawseqorcc/fastq/2024_Warm01_Cont01_G2_gill_S188_R1_001.fastq.gz /scratch4/workspace/jade_fiorilla_student_uml_edu-rawseqorcc/fastq/2024_Warm01_Cont01_G2_gill_S188_R2_001.fastq.gz
Processing paired-end reads on 4 cores ...

=== Summary ===

Total read pairs processed:          1,793,873
  Read 1 with adapter:               1,600,039 (89.2%)
  Read 2 with adapter:               1,654,697 (92.2%)
Pairs written (passing filters):     1,793,873 (100.0%)

Total basepairs processed: 1,079,911,546 bp
  Read 1:   539,955,773 bp
  Read 2:   539,955,773 bp
Total written (filtered):  1,006,893,862 bp (93.2%)
  Read 1:   504,902,296 bp
  Read 2:   501,991,566 bp

=== First read: Adapter 1 ===

Sequence: GTGYCAGCMGCCGCGGTAA; Type: regular 5'; Length: 19; Trimmed: 1600039 times

Minimum overlap: 3
No. of allowed errors:
1-9 bp: 0; 10-19 bp: 1

Overview of removed sequences
length	count	expect	max.err	error counts
3	4172	28029.3	0	4172
4	2	7007.3	0	2
8	1	27.4	0	1
9	14	6.8	0	14
10	2	1.7	1	1 1
11	1	0.4	1	1
12	290	0.1	1	251 39
13	31	0.0	1	15 16
14	19	0.0	1	6 13
15	34	0.0	1	10 24
16	108	0.0	1	81 27
17	96	0.0	1	40 56
18	265	0.0	1	157 108
19	13349	0.0	1	10214 3135
20	7618	0.0	1	4888 2730
21	12011	0.0	1	5963 6048
22	1558200	0.0	1	1357180 201020
23	3675	0.0	1	1084 2591
24	30	0.0	1	19 11
25	8	0.0	1	5 3
26	11	0.0	1	9 2
27	1	0.0	1	1
28	4	0.0	1	3 1
29	10	0.0	1	6 4
30	6	0.0	1	6
31	7	0.0	1	4 3
32	8	0.0	1	8
33	3	0.0	1	2 1
34	6	0.0	1	5 1
35	4	0.0	1	3 1
36	11	0.0	1	11
37	3	0.0	1	3
38	17	0.0	1	2 15
39	3	0.0	1	2 1
40	6	0.0	1	6
42	1	0.0	1	1
43	4	0.0	1	3 1
44	3	0.0	1	3
45	1	0.0	1	1
49	1	0.0	1	1
51	1	0.0	1	1
60	2	0.0	1	2


=== Second read: Adapter 2 ===

Sequence: GGACTACNVGGGTWTCTAAT; Type: regular 5'; Length: 20; Trimmed: 1654697 times

Minimum overlap: 3
No. of allowed errors:
1-9 bp: 0; 10-19 bp: 1

Overview of removed sequences
length	count	expect	max.err	error counts
3	2185	28029.3	0	2185
4	4	7007.3	0	4
5	2	1751.8	0	2
8	1	27.4	0	1
9	3	6.8	0	3
11	5	0.4	1	2 3
12	5	0.1	1	2 3
13	18	0.0	1	7 11
14	23	0.0	1	5 18
15	12	0.0	1	6 6
16	27	0.0	1	9 18
17	37	0.0	1	23 14
18	68	0.0	1	47 21
19	194	0.0	1	57 137
20	11505	0.0	1	10917 588
21	3167	0.0	1	2854 313
22	14077	0.0	1	4028 10049
23	1617007	0.0	1	1388354 228653
24	6267	0.0	1	1414 4853
25	10	0.0	1	5 5
26	12	0.0	1	8 4
27	12	0.0	1	11 1
28	8	0.0	1	5 3
29	6	0.0	1	6
30	6	0.0	1	6
31	4	0.0	1	4
32	6	0.0	1	2 4
33	1	0.0	1	1
34	2	0.0	1	2
35	1	0.0	1	1
37	1	0.0	1	1
39	1	0.0	1	0 1
40	3	0.0	1	1 2
41	2	0.0	1	2
42	2	0.0	1	1 1
43	2	0.0	1	2
46	4	0.0	1	1 3
47	1	0.0	1	0 1
49	4	0.0	1	3 1
51	1	0.0	1	1
57	1	0.0	1	1
Running cutadapt on: 2024_Warm01_Cont01_G2_gut_S42
This is cutadapt 5.2 with Python 3.13.15
Command line parameters: -j 4 -g GTGYCAGCMGCCGCGGTAA -G GGACTACNVGGGTWTCTAAT -o /scratch4/workspace/jade_fiorilla_student_uml_edu-rawseqorcc/trimmed-cutadapt/2024_Warm01_Cont01_G2_gut_S42_R1_trim.fastq -p /scratch4/workspace/jade_fiorilla_student_uml_edu-rawseqorcc/trimmed-cutadapt/2024_Warm01_Cont01_G2_gut_S42_R2_trim.fastq /scratch4/workspace/jade_fiorilla_student_uml_edu-rawseqorcc/fastq/2024_Warm01_Cont01_G2_gut_S42_R1_001.fastq.gz /scratch4/workspace/jade_fiorilla_student_uml_edu-rawseqorcc/fastq/2024_Warm01_Cont01_G2_gut_S42_R2_001.fastq.gz
Processing paired-end reads on 4 cores ...

=== Summary ===

Total read pairs processed:            697,108
  Read 1 with adapter:                 600,393 (86.1%)
  Read 2 with adapter:                 490,787 (70.4%)
Pairs written (passing filters):       697,108 (100.0%)

Total basepairs processed:   419,659,016 bp
  Read 1:   209,829,508 bp
  Read 2:   209,829,508 bp
Total written (filtered):    397,346,108 bp (94.7%)
  Read 1:   197,821,889 bp
  Read 2:   199,524,219 bp

=== First read: Adapter 1 ===

Sequence: GTGYCAGCMGCCGCGGTAA; Type: regular 5'; Length: 19; Trimmed: 600393 times

Minimum overlap: 3
No. of allowed errors:
1-9 bp: 0; 10-19 bp: 1

Overview of removed sequences
length	count	expect	max.err	error counts
3	1	10892.3	0	1
10	3	0.7	1	3
11	1	0.2	1	1
12	18	0.0	1	15 3
13	3	0.0	1	1 2
14	9	0.0	1	4 5
15	7	0.0	1	3 4
16	17	0.0	1	12 5
17	11	0.0	1	5 6
18	79	0.0	1	44 35
19	7255	0.0	1	2979 4276
20	586522	0.0	1	473578 112944
21	5980	0.0	1	3699 2281
22	444	0.0	1	347 97
23	2	0.0	1	2
26	4	0.0	1	3 1
28	4	0.0	1	3 1
32	1	0.0	1	0 1
33	3	0.0	1	1 2
34	2	0.0	1	1 1
35	5	0.0	1	4 1
36	2	0.0	1	0 2
37	4	0.0	1	4
38	2	0.0	1	2
40	1	0.0	1	1
43	1	0.0	1	1
44	5	0.0	1	0 5
45	1	0.0	1	0 1
49	5	0.0	1	3 2
50	1	0.0	1	0 1


=== Second read: Adapter 2 ===

Sequence: GGACTACNVGGGTWTCTAAT; Type: regular 5'; Length: 20; Trimmed: 490787 times

Minimum overlap: 3
No. of allowed errors:
1-9 bp: 0; 10-19 bp: 1

Overview of removed sequences
length	count	expect	max.err	error counts
3	2	10892.3	0	2
11	6	0.2	1	5 1
12	2	0.0	1	2
13	5	0.0	1	4 1
14	7	0.0	1	1 6
15	8	0.0	1	6 2
16	2	0.0	1	0 2
17	11	0.0	1	2 9
18	17	0.0	1	12 5
19	50	0.0	1	24 26
20	5307	0.0	1	3145 2162
21	481233	0.0	1	472720 8513
22	3986	0.0	1	2958 1028
23	129	0.0	1	113 16
24	2	0.0	1	2
25	2	0.0	1	2
26	1	0.0	1	1
27	1	0.0	1	1
28	1	0.0	1	1
30	2	0.0	1	1 1
32	1	0.0	1	1
35	1	0.0	1	1
37	4	0.0	1	3 1
41	6	0.0	1	6
43	1	0.0	1	1
Running cutadapt on: 2024_Warm01_Cont06_G61_gill_S175
This is cutadapt 5.2 with Python 3.13.15
Command line parameters: -j 4 -g GTGYCAGCMGCCGCGGTAA -G GGACTACNVGGGTWTCTAAT -o /scratch4/workspace/jade_fiorilla_student_uml_edu-rawseqorcc/trimmed-cutadapt/2024_Warm01_Cont06_G61_gill_S175_R1_trim.fastq -p /scratch4/workspace/jade_fiorilla_student_uml_edu-rawseqorcc/trimmed-cutadapt/2024_Warm01_Cont06_G61_gill_S175_R2_trim.fastq /scratch4/workspace/jade_fiorilla_student_uml_edu-rawseqorcc/fastq/2024_Warm01_Cont06_G61_gill_S175_R1_001.fastq.gz /scratch4/workspace/jade_fiorilla_student_uml_edu-rawseqorcc/fastq/2024_Warm01_Cont06_G61_gill_S175_R2_001.fastq.gz
Processing paired-end reads on 4 cores ...

=== Summary ===

Total read pairs processed:          1,033,654
  Read 1 with adapter:                 919,496 (89.0%)
  Read 2 with adapter:                 822,791 (79.6%)
Pairs written (passing filters):     1,033,654 (100.0%)

Total basepairs processed:   622,259,708 bp
  Read 1:   311,129,854 bp
  Read 2:   311,129,854 bp
Total written (filtered):    586,628,858 bp (94.3%)
  Read 1:   292,744,674 bp
  Read 2:   293,884,184 bp

=== First read: Adapter 1 ===

Sequence: GTGYCAGCMGCCGCGGTAA; Type: regular 5'; Length: 19; Trimmed: 919496 times

Minimum overlap: 3
No. of allowed errors:
1-9 bp: 0; 10-19 bp: 1

Overview of removed sequences
length	count	expect	max.err	error counts
3	7	16150.8	0	7
8	1	15.8	0	1
9	3	3.9	0	3
10	1	1.0	1	1
12	64	0.1	1	49 15
13	8	0.0	1	7 1
14	4	0.0	1	2 2
15	6	0.0	1	4 2
16	26	0.0	1	20 6
17	39	0.0	1	24 15
18	133	0.0	1	56 77
19	12239	0.0	1	5981 6258
20	899721	0.0	1	759873 139848
21	6234	0.0	1	3559 2675
22	950	0.0	1	643 307
23	7	0.0	1	2 5
24	2	0.0	1	1 1
25	2	0.0	1	2
26	4	0.0	1	1 3
27	6	0.0	1	5 1
28	1	0.0	1	1
29	4	0.0	1	3 1
30	6	0.0	1	5 1
31	6	0.0	1	4 2
32	5	0.0	1	4 1
33	2	0.0	1	2
34	3	0.0	1	3
35	2	0.0	1	2
39	2	0.0	1	2
40	1	0.0	1	0 1
41	2	0.0	1	1 1
42	2	0.0	1	1 1
43	1	0.0	1	1
44	2	0.0	1	0 2


=== Second read: Adapter 2 ===

Sequence: GGACTACNVGGGTWTCTAAT; Type: regular 5'; Length: 20; Trimmed: 822791 times

Minimum overlap: 3
No. of allowed errors:
1-9 bp: 0; 10-19 bp: 1

Overview of removed sequences
length	count	expect	max.err	error counts
3	16	16150.8	0	16
10	2	1.0	1	2
11	3	0.2	1	3
12	5	0.1	1	4 1
13	2	0.0	1	1 1
14	12	0.0	1	4 8
15	13	0.0	1	5 8
16	10	0.0	1	6 4
17	10	0.0	1	6 4
18	22	0.0	1	13 9
19	175	0.0	1	23 152
20	37010	0.0	1	7233 29777
21	781121	0.0	1	739110 42011
22	4003	0.0	1	2111 1892
23	347	0.0	1	314 33
24	3	0.0	1	2 1
25	3	0.0	1	2 1
26	6	0.0	1	5 1
27	4	0.0	1	4
28	1	0.0	1	1
29	1	0.0	1	1
30	2	0.0	1	2
31	1	0.0	1	1
32	1	0.0	1	0 1
34	4	0.0	1	3 1
36	1	0.0	1	1
37	3	0.0	1	3
38	5	0.0	1	0 5
40	2	0.0	1	2
43	2	0.0	1	2
51	1	0.0	1	1
Running cutadapt on: 2024_Warm01_Cont06_G61_gut_S57
This is cutadapt 5.2 with Python 3.13.15
Command line parameters: -j 4 -g GTGYCAGCMGCCGCGGTAA -G GGACTACNVGGGTWTCTAAT -o /scratch4/workspace/jade_fiorilla_student_uml_edu-rawseqorcc/trimmed-cutadapt/2024_Warm01_Cont06_G61_gut_S57_R1_trim.fastq -p /scratch4/workspace/jade_fiorilla_student_uml_edu-rawseqorcc/trimmed-cutadapt/2024_Warm01_Cont06_G61_gut_S57_R2_trim.fastq /scratch4/workspace/jade_fiorilla_student_uml_edu-rawseqorcc/fastq/2024_Warm01_Cont06_G61_gut_S57_R1_001.fastq.gz /scratch4/workspace/jade_fiorilla_student_uml_edu-rawseqorcc/fastq/2024_Warm01_Cont06_G61_gut_S57_R2_001.fastq.gz
Processing paired-end reads on 4 cores ...

=== Summary ===

Total read pairs processed:          1,149,318
  Read 1 with adapter:                 914,141 (79.5%)
  Read 2 with adapter:                 664,448 (57.8%)
Pairs written (passing filters):     1,149,318 (100.0%)

Total basepairs processed:   691,889,436 bp
  Read 1:   345,944,718 bp
  Read 2:   345,944,718 bp
Total written (filtered):    658,089,627 bp (95.1%)
  Read 1:   326,758,495 bp
  Read 2:   331,331,132 bp

=== First read: Adapter 1 ===

Sequence: GTGYCAGCMGCCGCGGTAA; Type: regular 5'; Length: 19; Trimmed: 914141 times

Minimum overlap: 3
No. of allowed errors:
1-9 bp: 0; 10-19 bp: 1

Overview of removed sequences
length	count	expect	max.err	error counts
3	24	17958.1	0	24
9	3	4.4	0	3
12	36	0.1	1	34 2
13	8	0.0	1	2 6
14	5	0.0	1	1 4
15	8	0.0	1	1 7
16	23	0.0	1	20 3
17	14	0.0	1	11 3
18	67	0.0	1	38 29
19	5029	0.0	1	2280 2749
20	4813	0.0	1	2151 2662
21	899550	0.0	1	637641 261909
22	4483	0.0	1	2869 1614
23	13	0.0	1	7 6
24	2	0.0	1	1 1
25	4	0.0	1	3 1
26	4	0.0	1	1 3
27	7	0.0	1	6 1
28	2	0.0	1	2
29	4	0.0	1	2 2
33	4	0.0	1	3 1
35	3	0.0	1	2 1
36	9	0.0	1	1 8
37	6	0.0	1	1 5
38	2	0.0	1	2
39	1	0.0	1	1
40	2	0.0	1	2
41	3	0.0	1	2 1
42	3	0.0	1	0 3
43	1	0.0	1	0 1
44	2	0.0	1	1 1
49	1	0.0	1	0 1
52	1	0.0	1	0 1
54	2	0.0	1	2
60	2	0.0	1	0 2


=== Second read: Adapter 2 ===

Sequence: GGACTACNVGGGTWTCTAAT; Type: regular 5'; Length: 20; Trimmed: 664448 times

Minimum overlap: 3
No. of allowed errors:
1-9 bp: 0; 10-19 bp: 1

Overview of removed sequences
length	count	expect	max.err	error counts
3	25	17958.1	0	25
4	1	4489.5	0	1
8	3	17.5	0	3
10	1	1.1	1	1
11	4	0.3	1	4
12	8	0.1	1	7 1
13	13	0.0	1	9 4
14	8	0.0	1	7 1
15	20	0.0	1	10 10
16	6	0.0	1	2 4
17	13	0.0	1	6 7
18	32	0.0	1	24 8
19	46	0.0	1	20 26
20	1396	0.0	1	1216 180
21	5104	0.0	1	1582 3522
22	653154	0.0	1	638317 14837
23	4570	0.0	1	3431 1139
24	13	0.0	1	7 6
25	3	0.0	1	3
27	4	0.0	1	4
28	4	0.0	1	4
30	2	0.0	1	1 1
31	2	0.0	1	2
32	1	0.0	1	1
37	3	0.0	1	3
41	5	0.0	1	5
42	2	0.0	1	2
44	4	0.0	1	4
46	1	0.0	1	1
Running cutadapt on: 2024_Warm01_Hyp05_G49_gill_S233
This is cutadapt 5.2 with Python 3.13.15
Command line parameters: -j 4 -g GTGYCAGCMGCCGCGGTAA -G GGACTACNVGGGTWTCTAAT -o /scratch4/workspace/jade_fiorilla_student_uml_edu-rawseqorcc/trimmed-cutadapt/2024_Warm01_Hyp05_G49_gill_S233_R1_trim.fastq -p /scratch4/workspace/jade_fiorilla_student_uml_edu-rawseqorcc/trimmed-cutadapt/2024_Warm01_Hyp05_G49_gill_S233_R2_trim.fastq /scratch4/workspace/jade_fiorilla_student_uml_edu-rawseqorcc/fastq/2024_Warm01_Hyp05_G49_gill_S233_R1_001.fastq.gz /scratch4/workspace/jade_fiorilla_student_uml_edu-rawseqorcc/fastq/2024_Warm01_Hyp05_G49_gill_S233_R2_001.fastq.gz
Processing paired-end reads on 4 cores ...

=== Summary ===

Total read pairs processed:              2,012
  Read 1 with adapter:                   1,700 (84.5%)
  Read 2 with adapter:                   1,352 (67.2%)
Pairs written (passing filters):         2,012 (100.0%)

Total basepairs processed:     1,211,224 bp
  Read 1:       605,612 bp
  Read 2:       605,612 bp
Total written (filtered):      1,149,032 bp (94.9%)
  Read 1:       571,419 bp
  Read 2:       577,613 bp

=== First read: Adapter 1 ===

Sequence: GTGYCAGCMGCCGCGGTAA; Type: regular 5'; Length: 19; Trimmed: 1700 times

Minimum overlap: 3
No. of allowed errors:
1-9 bp: 0; 10-19 bp: 1

Overview of removed sequences
length	count	expect	max.err	error counts
18	3	0.0	1	1 2
19	856	0.0	1	558 298
20	218	0.0	1	160 58
21	191	0.0	1	175 16
22	432	0.0	1	392 40


=== Second read: Adapter 2 ===

Sequence: GGACTACNVGGGTWTCTAAT; Type: regular 5'; Length: 20; Trimmed: 1352 times

Minimum overlap: 3
No. of allowed errors:
1-9 bp: 0; 10-19 bp: 1

Overview of removed sequences
length	count	expect	max.err	error counts
3	1	31.4	0	1
19	4	0.0	1	1 3
20	916	0.0	1	879 37
21	97	0.0	1	83 14
22	119	0.0	1	102 17
23	215	0.0	1	198 17
Running cutadapt on: 2024_Warm01_Hyp05_G49_gut_S66
This is cutadapt 5.2 with Python 3.13.15
Command line parameters: -j 4 -g GTGYCAGCMGCCGCGGTAA -G GGACTACNVGGGTWTCTAAT -o /scratch4/workspace/jade_fiorilla_student_uml_edu-rawseqorcc/trimmed-cutadapt/2024_Warm01_Hyp05_G49_gut_S66_R1_trim.fastq -p /scratch4/workspace/jade_fiorilla_student_uml_edu-rawseqorcc/trimmed-cutadapt/2024_Warm01_Hyp05_G49_gut_S66_R2_trim.fastq /scratch4/workspace/jade_fiorilla_student_uml_edu-rawseqorcc/fastq/2024_Warm01_Hyp05_G49_gut_S66_R1_001.fastq.gz /scratch4/workspace/jade_fiorilla_student_uml_edu-rawseqorcc/fastq/2024_Warm01_Hyp05_G49_gut_S66_R2_001.fastq.gz
Processing paired-end reads on 4 cores ...

=== Summary ===

Total read pairs processed:            721,306
  Read 1 with adapter:                 693,273 (96.1%)
  Read 2 with adapter:                 663,078 (91.9%)
Pairs written (passing filters):       721,306 (100.0%)

Total basepairs processed:   434,226,212 bp
  Read 1:   217,113,106 bp
  Read 2:   217,113,106 bp
Total written (filtered):    406,439,656 bp (93.6%)
  Read 1:   203,249,691 bp
  Read 2:   203,189,965 bp

=== First read: Adapter 1 ===

Sequence: GTGYCAGCMGCCGCGGTAA; Type: regular 5'; Length: 19; Trimmed: 693273 times

Minimum overlap: 3
No. of allowed errors:
1-9 bp: 0; 10-19 bp: 1

Overview of removed sequences
length	count	expect	max.err	error counts
3	2	11270.4	0	2
9	1	2.8	0	1
11	1	0.2	1	0 1
12	27	0.0	1	26 1
13	6	0.0	1	5 1
14	2	0.0	1	2
15	6	0.0	1	2 4
16	19	0.0	1	15 4
17	20	0.0	1	8 12
18	80	0.0	1	41 39
19	8819	0.0	1	2373 6446
20	678001	0.0	1	644253 33748
21	5758	0.0	1	3299 2459
22	464	0.0	1	352 112
23	8	0.0	1	5 3
24	4	0.0	1	4
25	5	0.0	1	4 1
26	9	0.0	1	9
27	3	0.0	1	3
28	4	0.0	1	4
29	3	0.0	1	3
32	1	0.0	1	0 1
33	2	0.0	1	2
34	6	0.0	1	6
35	1	0.0	1	1
36	9	0.0	1	8 1
37	4	0.0	1	4
41	3	0.0	1	3
43	2	0.0	1	2
47	3	0.0	1	3


=== Second read: Adapter 2 ===

Sequence: GGACTACNVGGGTWTCTAAT; Type: regular 5'; Length: 20; Trimmed: 663078 times

Minimum overlap: 3
No. of allowed errors:
1-9 bp: 0; 10-19 bp: 1

Overview of removed sequences
length	count	expect	max.err	error counts
3	1	11270.4	0	1
10	1	0.7	1	1
11	1	0.2	1	1
12	5	0.0	1	5
13	4	0.0	1	3 1
14	12	0.0	1	6 6
15	4	0.0	1	2 2
16	9	0.0	1	3 6
17	4	0.0	1	3 1
18	20	0.0	1	18 2
19	68	0.0	1	28 40
20	5155	0.0	1	2447 2708
21	654085	0.0	1	641881 12204
22	3525	0.0	1	2278 1247
23	160	0.0	1	148 12
24	2	0.0	1	2
25	2	0.0	1	2
27	1	0.0	1	1
29	1	0.0	1	1
30	2	0.0	1	2
31	6	0.0	1	6
32	3	0.0	1	3
33	1	0.0	1	1
38	1	0.0	1	1
44	2	0.0	1	2
47	1	0.0	1	1
48	2	0.0	1	2
Running cutadapt on: 2024_Warm01_Null_G02_gill_S239
This is cutadapt 5.2 with Python 3.13.15
Command line parameters: -j 4 -g GTGYCAGCMGCCGCGGTAA -G GGACTACNVGGGTWTCTAAT -o /scratch4/workspace/jade_fiorilla_student_uml_edu-rawseqorcc/trimmed-cutadapt/2024_Warm01_Null_G02_gill_S239_R1_trim.fastq -p /scratch4/workspace/jade_fiorilla_student_uml_edu-rawseqorcc/trimmed-cutadapt/2024_Warm01_Null_G02_gill_S239_R2_trim.fastq /scratch4/workspace/jade_fiorilla_student_uml_edu-rawseqorcc/fastq/2024_Warm01_Null_G02_gill_S239_R1_001.fastq.gz /scratch4/workspace/jade_fiorilla_student_uml_edu-rawseqorcc/fastq/2024_Warm01_Null_G02_gill_S239_R2_001.fastq.gz
Processing paired-end reads on 4 cores ...

=== Summary ===

Total read pairs processed:            438,648
  Read 1 with adapter:                 429,435 (97.9%)
  Read 2 with adapter:                 421,349 (96.1%)
Pairs written (passing filters):       438,648 (100.0%)

Total basepairs processed:   264,066,096 bp
  Read 1:   132,033,048 bp
  Read 2:   132,033,048 bp
Total written (filtered):    247,469,437 bp (93.7%)
  Read 1:   123,868,174 bp
  Read 2:   123,601,263 bp

=== First read: Adapter 1 ===

Sequence: GTGYCAGCMGCCGCGGTAA; Type: regular 5'; Length: 19; Trimmed: 429435 times

Minimum overlap: 3
No. of allowed errors:
1-9 bp: 0; 10-19 bp: 1

Overview of removed sequences
length	count	expect	max.err	error counts
3	3	6853.9	0	3
9	4	1.7	0	4
12	29	0.0	1	29
13	2	0.0	1	1 1
14	5	0.0	1	1 4
15	4	0.0	1	3 1
16	20	0.0	1	10 10
17	34	0.0	1	28 6
18	1213	0.0	1	189 1024
19	424703	0.0	1	411104 13599
20	1457	0.0	1	612 845
21	233	0.0	1	208 25
22	1712	0.0	1	1577 135
24	2	0.0	1	2
25	1	0.0	1	1
28	1	0.0	1	1
29	1	0.0	1	1
30	2	0.0	1	2
31	2	0.0	1	0 2
32	1	0.0	1	1
41	2	0.0	1	2
42	1	0.0	1	0 1
43	1	0.0	1	1
44	2	0.0	1	2


=== Second read: Adapter 2 ===

Sequence: GGACTACNVGGGTWTCTAAT; Type: regular 5'; Length: 20; Trimmed: 421349 times

Minimum overlap: 3
No. of allowed errors:
1-9 bp: 0; 10-19 bp: 1

Overview of removed sequences
length	count	expect	max.err	error counts
3	5	6853.9	0	5
8	1	6.7	0	1
10	1	0.4	1	1
12	5	0.0	1	5
13	1	0.0	1	1
14	5	0.0	1	0 5
16	2	0.0	1	1 1
17	7	0.0	1	2 5
18	31	0.0	1	18 13
19	1773	0.0	1	260 1513
20	416354	0.0	1	409442 6912
21	1280	0.0	1	463 817
22	134	0.0	1	121 13
23	1731	0.0	1	1665 66
24	11	0.0	1	6 5
25	4	0.0	1	4
30	2	0.0	1	2
33	1	0.0	1	1
35	1	0.0	1	1
Running cutadapt on: 2024_Warm01_Null_G02_gut_S184
This is cutadapt 5.2 with Python 3.13.15
Command line parameters: -j 4 -g GTGYCAGCMGCCGCGGTAA -G GGACTACNVGGGTWTCTAAT -o /scratch4/workspace/jade_fiorilla_student_uml_edu-rawseqorcc/trimmed-cutadapt/2024_Warm01_Null_G02_gut_S184_R1_trim.fastq -p /scratch4/workspace/jade_fiorilla_student_uml_edu-rawseqorcc/trimmed-cutadapt/2024_Warm01_Null_G02_gut_S184_R2_trim.fastq /scratch4/workspace/jade_fiorilla_student_uml_edu-rawseqorcc/fastq/2024_Warm01_Null_G02_gut_S184_R1_001.fastq.gz /scratch4/workspace/jade_fiorilla_student_uml_edu-rawseqorcc/fastq/2024_Warm01_Null_G02_gut_S184_R2_001.fastq.gz
Processing paired-end reads on 4 cores ...

=== Summary ===

Total read pairs processed:          1,317,519
  Read 1 with adapter:               1,042,378 (79.1%)
  Read 2 with adapter:                 619,930 (47.1%)
Pairs written (passing filters):     1,317,519 (100.0%)

Total basepairs processed:   793,146,438 bp
  Read 1:   396,573,219 bp
  Read 2:   396,573,219 bp
Total written (filtered):    760,887,517 bp (95.9%)
  Read 1:   376,739,482 bp
  Read 2:   384,148,035 bp

=== First read: Adapter 1 ===

Sequence: GTGYCAGCMGCCGCGGTAA; Type: regular 5'; Length: 19; Trimmed: 1042378 times

Minimum overlap: 3
No. of allowed errors:
1-9 bp: 0; 10-19 bp: 1

Overview of removed sequences
length	count	expect	max.err	error counts
3	34	20586.2	0	34
9	3	5.0	0	3
10	1	1.3	1	0 1
11	1	0.3	1	1
12	55	0.1	1	35 20
13	8	0.0	1	5 3
14	16	0.0	1	0 16
15	7	0.0	1	2 5
16	41	0.0	1	24 17
17	88	0.0	1	44 44
18	1950	0.0	1	316 1634
19	1021473	0.0	1	597907 423566
20	10160	0.0	1	5642 4518
21	4181	0.0	1	3540 641
22	4324	0.0	1	3397 927
23	9	0.0	1	4 5
24	3	0.0	1	2 1
26	2	0.0	1	2
27	1	0.0	1	0 1
28	1	0.0	1	1
30	1	0.0	1	1
31	2	0.0	1	2
32	1	0.0	1	0 1
33	3	0.0	1	0 3
35	3	0.0	1	1 2
36	3	0.0	1	2 1
40	1	0.0	1	0 1
41	3	0.0	1	1 2
42	1	0.0	1	1
49	1	0.0	1	0 1
50	1	0.0	1	0 1


=== Second read: Adapter 2 ===

Sequence: GGACTACNVGGGTWTCTAAT; Type: regular 5'; Length: 20; Trimmed: 619930 times

Minimum overlap: 3
No. of allowed errors:
1-9 bp: 0; 10-19 bp: 1

Overview of removed sequences
length	count	expect	max.err	error counts
3	65	20586.2	0	65
9	1	5.0	0	1
10	2	1.3	1	2
11	2	0.3	1	2
12	2	0.1	1	2
13	1	0.0	1	1
14	14	0.0	1	8 6
15	3	0.0	1	2 1
16	10	0.0	1	8 2
17	10	0.0	1	6 4
18	42	0.0	1	26 16
19	2719	0.0	1	411 2308
20	602598	0.0	1	588189 14409
21	5249	0.0	1	3816 1433
22	2315	0.0	1	2136 179
23	6848	0.0	1	6320 528
24	34	0.0	1	13 21
25	1	0.0	1	1
26	1	0.0	1	1
27	2	0.0	1	1 1
29	5	0.0	1	5
30	2	0.0	1	2
36	1	0.0	1	1
40	1	0.0	1	1
44	2	0.0	1	2
Running cutadapt on: 2024_Warm01_Warm01_G1_gill_S211
This is cutadapt 5.2 with Python 3.13.15
Command line parameters: -j 4 -g GTGYCAGCMGCCGCGGTAA -G GGACTACNVGGGTWTCTAAT -o /scratch4/workspace/jade_fiorilla_student_uml_edu-rawseqorcc/trimmed-cutadapt/2024_Warm01_Warm01_G1_gill_S211_R1_trim.fastq -p /scratch4/workspace/jade_fiorilla_student_uml_edu-rawseqorcc/trimmed-cutadapt/2024_Warm01_Warm01_G1_gill_S211_R2_trim.fastq /scratch4/workspace/jade_fiorilla_student_uml_edu-rawseqorcc/fastq/2024_Warm01_Warm01_G1_gill_S211_R1_001.fastq.gz /scratch4/workspace/jade_fiorilla_student_uml_edu-rawseqorcc/fastq/2024_Warm01_Warm01_G1_gill_S211_R2_001.fastq.gz
Processing paired-end reads on 4 cores ...

=== Summary ===

Total read pairs processed:          1,775,944
  Read 1 with adapter:               1,772,577 (99.8%)
  Read 2 with adapter:               1,762,837 (99.3%)
Pairs written (passing filters):     1,775,944 (100.0%)

Total basepairs processed: 1,069,118,288 bp
  Read 1:   534,559,144 bp
  Read 2:   534,559,144 bp
Total written (filtered):  1,000,176,430 bp (93.6%)
  Read 1:   500,875,511 bp
  Read 2:   499,300,919 bp

=== First read: Adapter 1 ===

Sequence: GTGYCAGCMGCCGCGGTAA; Type: regular 5'; Length: 19; Trimmed: 1772577 times

Minimum overlap: 3
No. of allowed errors:
1-9 bp: 0; 10-19 bp: 1

Overview of removed sequences
length	count	expect	max.err	error counts
3	16	27749.1	0	16
4	2	6937.3	0	2
5	2	1734.3	0	2
9	3	6.8	0	3
12	34	0.1	1	33 1
13	8	0.0	1	7 1
14	14	0.0	1	2 12
15	15	0.0	1	6 9
16	43	0.0	1	19 24
17	76	0.0	1	58 18
18	3849	0.0	1	680 3169
19	1763099	0.0	1	1739276 23823
20	3086	0.0	1	720 2366
21	927	0.0	1	772 155
22	1358	0.0	1	892 466
23	5	0.0	1	3 2
24	4	0.0	1	4
25	3	0.0	1	3
26	1	0.0	1	1
27	3	0.0	1	2 1
29	3	0.0	1	2 1
31	1	0.0	1	1
33	6	0.0	1	6
34	9	0.0	1	9
37	7	0.0	1	7
38	1	0.0	1	1
43	1	0.0	1	1
46	1	0.0	1	1


=== Second read: Adapter 2 ===

Sequence: GGACTACNVGGGTWTCTAAT; Type: regular 5'; Length: 20; Trimmed: 1762837 times

Minimum overlap: 3
No. of allowed errors:
1-9 bp: 0; 10-19 bp: 1

Overview of removed sequences
length	count	expect	max.err	error counts
3	6	27749.1	0	6
8	1	27.1	0	1
10	4	1.7	1	4
11	3	0.4	1	1 2
12	4	0.1	1	4
13	10	0.0	1	5 5
14	15	0.0	1	6 9
15	7	0.0	1	2 5
16	18	0.0	1	3 15
17	31	0.0	1	20 11
18	87	0.0	1	56 31
19	6892	0.0	1	895 5997
20	1749861	0.0	1	1720550 29311
21	4286	0.0	1	1200 3086
22	412	0.0	1	357 55
23	1147	0.0	1	906 241
24	16	0.0	1	14 2
25	2	0.0	1	2
26	3	0.0	1	2 1
27	2	0.0	1	2
28	4	0.0	1	4
29	4	0.0	1	4
30	4	0.0	1	4
31	1	0.0	1	1
32	1	0.0	1	1
34	1	0.0	1	1
36	4	0.0	1	1 3
37	2	0.0	1	2
38	2	0.0	1	2
39	1	0.0	1	1
41	1	0.0	1	1
42	1	0.0	1	0 1
50	2	0.0	1	2
53	2	0.0	1	2
Running cutadapt on: 2024_Warm01_Warm01_G1_gut_S23
This is cutadapt 5.2 with Python 3.13.15
Command line parameters: -j 4 -g GTGYCAGCMGCCGCGGTAA -G GGACTACNVGGGTWTCTAAT -o /scratch4/workspace/jade_fiorilla_student_uml_edu-rawseqorcc/trimmed-cutadapt/2024_Warm01_Warm01_G1_gut_S23_R1_trim.fastq -p /scratch4/workspace/jade_fiorilla_student_uml_edu-rawseqorcc/trimmed-cutadapt/2024_Warm01_Warm01_G1_gut_S23_R2_trim.fastq /scratch4/workspace/jade_fiorilla_student_uml_edu-rawseqorcc/fastq/2024_Warm01_Warm01_G1_gut_S23_R1_001.fastq.gz /scratch4/workspace/jade_fiorilla_student_uml_edu-rawseqorcc/fastq/2024_Warm01_Warm01_G1_gut_S23_R2_001.fastq.gz
Processing paired-end reads on 4 cores ...

=== Summary ===

Total read pairs processed:          1,287,196
  Read 1 with adapter:                 827,353 (64.3%)
  Read 2 with adapter:                 484,913 (37.7%)
Pairs written (passing filters):     1,287,196 (100.0%)

Total basepairs processed:   774,891,992 bp
  Read 1:   387,445,996 bp
  Read 2:   387,445,996 bp
Total written (filtered):    748,145,844 bp (96.5%)
  Read 1:   370,890,870 bp
  Read 2:   377,254,974 bp

=== First read: Adapter 1 ===

Sequence: GTGYCAGCMGCCGCGGTAA; Type: regular 5'; Length: 19; Trimmed: 827353 times

Minimum overlap: 3
No. of allowed errors:
1-9 bp: 0; 10-19 bp: 1

Overview of removed sequences
length	count	expect	max.err	error counts
3	3	20112.4	0	3
11	1	0.3	1	1
12	46	0.1	1	26 20
13	5	0.0	1	0 5
14	7	0.0	1	0 7
15	8	0.0	1	4 4
16	24	0.0	1	16 8
17	22	0.0	1	5 17
18	67	0.0	1	23 44
19	5029	0.0	1	2064 2965
20	810436	0.0	1	425174 385262
21	10088	0.0	1	7188 2900
22	1549	0.0	1	1304 245
23	13	0.0	1	8 5
24	1	0.0	1	1
25	3	0.0	1	2 1
26	4	0.0	1	3 1
27	3	0.0	1	2 1
28	10	0.0	1	6 4
29	3	0.0	1	2 1
30	4	0.0	1	4
31	1	0.0	1	0 1
32	4	0.0	1	2 2
34	5	0.0	1	1 4
35	1	0.0	1	0 1
36	3	0.0	1	0 3
39	2	0.0	1	0 2
40	1	0.0	1	1
42	3	0.0	1	3
44	2	0.0	1	0 2
45	2	0.0	1	0 2
48	2	0.0	1	1 1
50	1	0.0	1	0 1


=== Second read: Adapter 2 ===

Sequence: GGACTACNVGGGTWTCTAAT; Type: regular 5'; Length: 20; Trimmed: 484913 times

Minimum overlap: 3
No. of allowed errors:
1-9 bp: 0; 10-19 bp: 1

Overview of removed sequences
length	count	expect	max.err	error counts
3	7	20112.4	0	7
10	2	1.2	1	2
11	2	0.3	1	0 2
12	1	0.1	1	1
13	6	0.0	1	6
14	5	0.0	1	4 1
15	2	0.0	1	1 1
16	9	0.0	1	1 8
17	2	0.0	1	2
18	13	0.0	1	11 2
19	52	0.0	1	35 17
20	3287	0.0	1	1311 1976
21	470924	0.0	1	455724 15200
22	9753	0.0	1	8450 1303
23	824	0.0	1	763 61
24	8	0.0	1	4 4
25	3	0.0	1	3
27	3	0.0	1	2 1
29	2	0.0	1	1 1
36	5	0.0	1	5
37	1	0.0	1	1
41	1	0.0	1	1
43	1	0.0	1	1
Running cutadapt on: 2024_Warm01_Warm06_G62_gill_S176
This is cutadapt 5.2 with Python 3.13.15
Command line parameters: -j 4 -g GTGYCAGCMGCCGCGGTAA -G GGACTACNVGGGTWTCTAAT -o /scratch4/workspace/jade_fiorilla_student_uml_edu-rawseqorcc/trimmed-cutadapt/2024_Warm01_Warm06_G62_gill_S176_R1_trim.fastq -p /scratch4/workspace/jade_fiorilla_student_uml_edu-rawseqorcc/trimmed-cutadapt/2024_Warm01_Warm06_G62_gill_S176_R2_trim.fastq /scratch4/workspace/jade_fiorilla_student_uml_edu-rawseqorcc/fastq/2024_Warm01_Warm06_G62_gill_S176_R1_001.fastq.gz /scratch4/workspace/jade_fiorilla_student_uml_edu-rawseqorcc/fastq/2024_Warm01_Warm06_G62_gill_S176_R2_001.fastq.gz
Processing paired-end reads on 4 cores ...

=== Summary ===

Total read pairs processed:          1,535,926
  Read 1 with adapter:               1,124,636 (73.2%)
  Read 2 with adapter:                 737,364 (48.0%)
Pairs written (passing filters):     1,535,926 (100.0%)

Total basepairs processed:   924,627,452 bp
  Read 1:   462,313,726 bp
  Read 2:   462,313,726 bp
Total written (filtered):    886,665,498 bp (95.9%)
  Read 1:   439,827,952 bp
  Read 2:   446,837,546 bp

=== First read: Adapter 1 ===

Sequence: GTGYCAGCMGCCGCGGTAA; Type: regular 5'; Length: 19; Trimmed: 1124636 times

Minimum overlap: 3
No. of allowed errors:
1-9 bp: 0; 10-19 bp: 1

Overview of removed sequences
length	count	expect	max.err	error counts
9	2	5.9	0	2
12	51	0.1	1	37 14
13	6	0.0	1	0 6
14	11	0.0	1	5 6
15	5	0.0	1	2 3
16	30	0.0	1	13 17
17	31	0.0	1	12 19
18	127	0.0	1	50 77
19	12761	0.0	1	6652 6109
20	1106238	0.0	1	677724 428514
21	5241	0.0	1	3191 2050
22	27	0.0	1	14 13
23	6	0.0	1	1 5
24	11	0.0	1	4 7
25	1	0.0	1	0 1
26	3	0.0	1	3
27	6	0.0	1	1 5
28	3	0.0	1	2 1
29	5	0.0	1	0 5
30	2	0.0	1	0 2
31	6	0.0	1	4 2
32	4	0.0	1	4
33	7	0.0	1	5 2
34	9	0.0	1	2 7
35	2	0.0	1	2
36	2	0.0	1	0 2
37	5	0.0	1	0 5
38	1	0.0	1	1
39	3	0.0	1	2 1
40	4	0.0	1	1 3
41	1	0.0	1	1
42	5	0.0	1	1 4
43	3	0.0	1	2 1
44	3	0.0	1	1 2
45	2	0.0	1	2
51	10	0.0	1	0 10
53	1	0.0	1	0 1
56	1	0.0	1	0 1


=== Second read: Adapter 2 ===

Sequence: GGACTACNVGGGTWTCTAAT; Type: regular 5'; Length: 20; Trimmed: 737364 times

Minimum overlap: 3
No. of allowed errors:
1-9 bp: 0; 10-19 bp: 1

Overview of removed sequences
length	count	expect	max.err	error counts
3	8	23998.8	0	8
10	1	1.5	1	0 1
12	2	0.1	1	2
13	1	0.0	1	1
14	5	0.0	1	4 1
15	4	0.0	1	3 1
16	6	0.0	1	5 1
17	12	0.0	1	2 10
18	14	0.0	1	12 2
19	143	0.0	1	21 122
20	11662	0.0	1	8014 3648
21	721913	0.0	1	689255 32658
22	3553	0.0	1	1992 1561
23	12	0.0	1	11 1
24	5	0.0	1	3 2
25	1	0.0	1	1
26	2	0.0	1	2
27	1	0.0	1	1
28	3	0.0	1	3
29	2	0.0	1	0 2
32	5	0.0	1	5
33	1	0.0	1	1
34	3	0.0	1	2 1
38	1	0.0	1	1
39	4	0.0	1	4
Running cutadapt on: 2024_Warm01_Warm06_G62_gut_S58
This is cutadapt 5.2 with Python 3.13.15
Command line parameters: -j 4 -g GTGYCAGCMGCCGCGGTAA -G GGACTACNVGGGTWTCTAAT -o /scratch4/workspace/jade_fiorilla_student_uml_edu-rawseqorcc/trimmed-cutadapt/2024_Warm01_Warm06_G62_gut_S58_R1_trim.fastq -p /scratch4/workspace/jade_fiorilla_student_uml_edu-rawseqorcc/trimmed-cutadapt/2024_Warm01_Warm06_G62_gut_S58_R2_trim.fastq /scratch4/workspace/jade_fiorilla_student_uml_edu-rawseqorcc/fastq/2024_Warm01_Warm06_G62_gut_S58_R1_001.fastq.gz /scratch4/workspace/jade_fiorilla_student_uml_edu-rawseqorcc/fastq/2024_Warm01_Warm06_G62_gut_S58_R2_001.fastq.gz
Processing paired-end reads on 4 cores ...

=== Summary ===

Total read pairs processed:            768,962
  Read 1 with adapter:                 549,718 (71.5%)
  Read 2 with adapter:                 313,111 (40.7%)
Pairs written (passing filters):       768,962 (100.0%)

Total basepairs processed:   462,915,124 bp
  Read 1:   231,457,562 bp
  Read 2:   231,457,562 bp
Total written (filtered):    444,490,250 bp (96.0%)
  Read 1:   219,920,107 bp
  Read 2:   224,570,143 bp

=== First read: Adapter 1 ===

Sequence: GTGYCAGCMGCCGCGGTAA; Type: regular 5'; Length: 19; Trimmed: 549718 times

Minimum overlap: 3
No. of allowed errors:
1-9 bp: 0; 10-19 bp: 1

Overview of removed sequences
length	count	expect	max.err	error counts
3	21	12015.0	0	21
9	2	2.9	0	2
10	1	0.7	1	0 1
11	3	0.2	1	2 1
12	31	0.0	1	20 11
13	2	0.0	1	1 1
14	9	0.0	1	1 8
15	4	0.0	1	1 3
16	9	0.0	1	4 5
17	5	0.0	1	1 4
18	29	0.0	1	7 22
19	2506	0.0	1	880 1626
20	4646	0.0	1	2718 1928
21	539191	0.0	1	295516 243675
22	3202	0.0	1	2276 926
23	5	0.0	1	3 2
24	4	0.0	1	0 4
26	2	0.0	1	0 2
27	5	0.0	1	2 3
28	4	0.0	1	2 2
30	3	0.0	1	1 2
31	2	0.0	1	0 2
35	6	0.0	1	2 4
36	2	0.0	1	2
37	3	0.0	1	1 2
40	3	0.0	1	1 2
42	8	0.0	1	0 8
43	1	0.0	1	0 1
44	1	0.0	1	0 1
45	1	0.0	1	0 1
47	2	0.0	1	0 2
48	1	0.0	1	1
49	1	0.0	1	1
50	1	0.0	1	0 1
60	1	0.0	1	0 1
63	1	0.0	1	0 1


=== Second read: Adapter 2 ===

Sequence: GGACTACNVGGGTWTCTAAT; Type: regular 5'; Length: 20; Trimmed: 313111 times

Minimum overlap: 3
No. of allowed errors:
1-9 bp: 0; 10-19 bp: 1

Overview of removed sequences
length	count	expect	max.err	error counts
3	20	12015.0	0	20
10	3	0.7	1	2 1
13	3	0.0	1	1 2
14	4	0.0	1	1 3
15	1	0.0	1	0 1
16	3	0.0	1	1 2
17	4	0.0	1	4
18	16	0.0	1	12 4
19	15	0.0	1	10 5
20	439	0.0	1	385 54
21	3282	0.0	1	1577 1705
22	305642	0.0	1	296934 8708
23	3654	0.0	1	2967 687
24	15	0.0	1	4 11
25	1	0.0	1	0 1
26	2	0.0	1	2
27	1	0.0	1	1
28	1	0.0	1	1
32	3	0.0	1	3
37	2	0.0	1	2
Running cutadapt on: 2024_Warm02_Both01_G4_gill_S146
This is cutadapt 5.2 with Python 3.13.15
Command line parameters: -j 4 -g GTGYCAGCMGCCGCGGTAA -G GGACTACNVGGGTWTCTAAT -o /scratch4/workspace/jade_fiorilla_student_uml_edu-rawseqorcc/trimmed-cutadapt/2024_Warm02_Both01_G4_gill_S146_R1_trim.fastq -p /scratch4/workspace/jade_fiorilla_student_uml_edu-rawseqorcc/trimmed-cutadapt/2024_Warm02_Both01_G4_gill_S146_R2_trim.fastq /scratch4/workspace/jade_fiorilla_student_uml_edu-rawseqorcc/fastq/2024_Warm02_Both01_G4_gill_S146_R1_001.fastq.gz /scratch4/workspace/jade_fiorilla_student_uml_edu-rawseqorcc/fastq/2024_Warm02_Both01_G4_gill_S146_R2_001.fastq.gz
Processing paired-end reads on 4 cores ...

=== Summary ===

Total read pairs processed:          1,003,426
  Read 1 with adapter:                 779,535 (77.7%)
  Read 2 with adapter:                 580,384 (57.8%)
Pairs written (passing filters):     1,003,426 (100.0%)

Total basepairs processed:   604,062,452 bp
  Read 1:   302,031,226 bp
  Read 2:   302,031,226 bp
Total written (filtered):    576,280,196 bp (95.4%)
  Read 1:   286,438,154 bp
  Read 2:   289,842,042 bp

=== First read: Adapter 1 ===

Sequence: GTGYCAGCMGCCGCGGTAA; Type: regular 5'; Length: 19; Trimmed: 779535 times

Minimum overlap: 3
No. of allowed errors:
1-9 bp: 0; 10-19 bp: 1

Overview of removed sequences
length	count	expect	max.err	error counts
3	10	15678.5	0	10
9	6	3.8	0	6
10	1	1.0	1	1
11	4	0.2	1	2 2
12	53	0.1	1	48 5
13	5	0.0	1	1 4
14	9	0.0	1	0 9
15	6	0.0	1	5 1
16	15	0.0	1	9 6
17	26	0.0	1	11 15
18	88	0.0	1	28 60
19	5794	0.0	1	3485 2309
20	765677	0.0	1	552160 213517
21	6925	0.0	1	5154 1771
22	847	0.0	1	467 380
23	20	0.0	1	5 15
24	6	0.0	1	4 2
25	4	0.0	1	2 2
26	1	0.0	1	1
28	1	0.0	1	1
29	5	0.0	1	0 5
30	2	0.0	1	2
31	4	0.0	1	3 1
32	5	0.0	1	5
33	1	0.0	1	0 1
34	3	0.0	1	0 3
36	2	0.0	1	0 2
37	5	0.0	1	2 3
40	3	0.0	1	3
41	3	0.0	1	2 1
43	3	0.0	1	1 2
55	1	0.0	1	0 1


=== Second read: Adapter 2 ===

Sequence: GGACTACNVGGGTWTCTAAT; Type: regular 5'; Length: 20; Trimmed: 580384 times

Minimum overlap: 3
No. of allowed errors:
1-9 bp: 0; 10-19 bp: 1

Overview of removed sequences
length	count	expect	max.err	error counts
3	18	15678.5	0	18
10	3	1.0	1	1 2
11	1	0.2	1	0 1
13	3	0.0	1	3
14	7	0.0	1	7
15	3	0.0	1	2 1
16	4	0.0	1	2 2
17	4	0.0	1	0 4
18	13	0.0	1	10 3
19	46	0.0	1	32 14
20	4982	0.0	1	2328 2654
21	568995	0.0	1	545715 23280
22	6016	0.0	1	4733 1283
23	267	0.0	1	237 30
24	9	0.0	1	1 8
25	1	0.0	1	1
27	1	0.0	1	1
28	1	0.0	1	0 1
30	2	0.0	1	1 1
31	1	0.0	1	0 1
32	2	0.0	1	2
35	2	0.0	1	2
38	2	0.0	1	2
42	1	0.0	1	1
Running cutadapt on: 2024_Warm02_Both01_G4_gut_S147
This is cutadapt 5.2 with Python 3.13.15
Command line parameters: -j 4 -g GTGYCAGCMGCCGCGGTAA -G GGACTACNVGGGTWTCTAAT -o /scratch4/workspace/jade_fiorilla_student_uml_edu-rawseqorcc/trimmed-cutadapt/2024_Warm02_Both01_G4_gut_S147_R1_trim.fastq -p /scratch4/workspace/jade_fiorilla_student_uml_edu-rawseqorcc/trimmed-cutadapt/2024_Warm02_Both01_G4_gut_S147_R2_trim.fastq /scratch4/workspace/jade_fiorilla_student_uml_edu-rawseqorcc/fastq/2024_Warm02_Both01_G4_gut_S147_R1_001.fastq.gz /scratch4/workspace/jade_fiorilla_student_uml_edu-rawseqorcc/fastq/2024_Warm02_Both01_G4_gut_S147_R2_001.fastq.gz
Processing paired-end reads on 4 cores ...

=== Summary ===

Total read pairs processed:          1,201,702
  Read 1 with adapter:                 913,434 (76.0%)
  Read 2 with adapter:                 645,181 (53.7%)
Pairs written (passing filters):     1,201,702 (100.0%)

Total basepairs processed:   723,424,604 bp
  Read 1:   361,712,302 bp
  Read 2:   361,712,302 bp
Total written (filtered):    691,604,137 bp (95.6%)
  Read 1:   343,442,243 bp
  Read 2:   348,161,894 bp

=== First read: Adapter 1 ===

Sequence: GTGYCAGCMGCCGCGGTAA; Type: regular 5'; Length: 19; Trimmed: 913434 times

Minimum overlap: 3
No. of allowed errors:
1-9 bp: 0; 10-19 bp: 1

Overview of removed sequences
length	count	expect	max.err	error counts
8	1	18.3	0	1
9	4	4.6	0	4
11	1	0.3	1	0 1
12	48	0.1	1	37 11
13	4	0.0	1	1 3
14	3	0.0	1	0 3
15	7	0.0	1	4 3
16	34	0.0	1	22 12
17	32	0.0	1	16 16
18	98	0.0	1	42 56
19	7345	0.0	1	4241 3104
20	897715	0.0	1	619218 278497
21	7275	0.0	1	5346 1929
22	805	0.0	1	736 69
23	4	0.0	1	2 2
24	11	0.0	1	8 3
25	1	0.0	1	0 1
26	3	0.0	1	1 2
27	1	0.0	1	0 1
28	1	0.0	1	0 1
30	1	0.0	1	1
32	3	0.0	1	1 2
33	4	0.0	1	3 1
34	8	0.0	1	5 3
35	3	0.0	1	3
37	6	0.0	1	2 4
38	4	0.0	1	3 1
40	2	0.0	1	2
42	2	0.0	1	2
43	5	0.0	1	5
45	3	0.0	1	3


=== Second read: Adapter 2 ===

Sequence: GGACTACNVGGGTWTCTAAT; Type: regular 5'; Length: 20; Trimmed: 645181 times

Minimum overlap: 3
No. of allowed errors:
1-9 bp: 0; 10-19 bp: 1

Overview of removed sequences
length	count	expect	max.err	error counts
3	5	18776.6	0	5
11	2	0.3	1	2
12	1	0.1	1	0 1
13	3	0.0	1	3
14	7	0.0	1	3 4
15	4	0.0	1	1 3
16	16	0.0	1	5 11
17	3	0.0	1	2 1
18	10	0.0	1	10
19	46	0.0	1	24 22
20	5407	0.0	1	2857 2550
21	632830	0.0	1	619136 13694
22	6514	0.0	1	5060 1454
23	308	0.0	1	277 31
24	4	0.0	1	3 1
28	1	0.0	1	1
29	1	0.0	1	1
32	3	0.0	1	3
33	3	0.0	1	3
34	3	0.0	1	3
36	1	0.0	1	1
37	1	0.0	1	0 1
38	5	0.0	1	3 2
40	1	0.0	1	1
41	1	0.0	1	1
45	1	0.0	1	1
Running cutadapt on: 2024_Warm02_Both02_G15_gill_S148
This is cutadapt 5.2 with Python 3.13.15
Command line parameters: -j 4 -g GTGYCAGCMGCCGCGGTAA -G GGACTACNVGGGTWTCTAAT -o /scratch4/workspace/jade_fiorilla_student_uml_edu-rawseqorcc/trimmed-cutadapt/2024_Warm02_Both02_G15_gill_S148_R1_trim.fastq -p /scratch4/workspace/jade_fiorilla_student_uml_edu-rawseqorcc/trimmed-cutadapt/2024_Warm02_Both02_G15_gill_S148_R2_trim.fastq /scratch4/workspace/jade_fiorilla_student_uml_edu-rawseqorcc/fastq/2024_Warm02_Both02_G15_gill_S148_R1_001.fastq.gz /scratch4/workspace/jade_fiorilla_student_uml_edu-rawseqorcc/fastq/2024_Warm02_Both02_G15_gill_S148_R2_001.fastq.gz
Processing paired-end reads on 4 cores ...

=== Summary ===

Total read pairs processed:          1,526,935
  Read 1 with adapter:               1,177,296 (77.1%)
  Read 2 with adapter:                 946,661 (62.0%)
Pairs written (passing filters):     1,526,935 (100.0%)

Total basepairs processed:   919,214,870 bp
  Read 1:   459,607,435 bp
  Read 2:   459,607,435 bp
Total written (filtered):    875,786,957 bp (95.3%)
  Read 1:   436,060,169 bp
  Read 2:   439,726,788 bp

=== First read: Adapter 1 ===

Sequence: GTGYCAGCMGCCGCGGTAA; Type: regular 5'; Length: 19; Trimmed: 1177296 times

Minimum overlap: 3
No. of allowed errors:
1-9 bp: 0; 10-19 bp: 1

Overview of removed sequences
length	count	expect	max.err	error counts
3	4	23858.4	0	4
8	2	23.3	0	2
9	2	5.8	0	2
10	5	1.5	1	5
11	1	0.4	1	1
12	50	0.1	1	41 9
13	5	0.0	1	3 2
14	7	0.0	1	4 3
15	9	0.0	1	0 9
16	31	0.0	1	13 18
17	35	0.0	1	14 21
18	144	0.0	1	50 94
19	8510	0.0	1	4542 3968
20	1159285	0.0	1	842972 316313
21	8180	0.0	1	5603 2577
22	946	0.0	1	743 203
23	4	0.0	1	3 1
24	6	0.0	1	6
25	5	0.0	1	2 3
26	17	0.0	1	11 6
27	2	0.0	1	2
28	1	0.0	1	1
29	3	0.0	1	2 1
30	1	0.0	1	1
31	4	0.0	1	4
32	11	0.0	1	7 4
33	2	0.0	1	2
34	1	0.0	1	1
35	4	0.0	1	1 3
36	1	0.0	1	0 1
37	1	0.0	1	1
38	2	0.0	1	0 2
42	3	0.0	1	1 2
44	2	0.0	1	2
46	2	0.0	1	2
49	1	0.0	1	0 1
50	1	0.0	1	1
51	1	0.0	1	1
52	3	0.0	1	0 3
55	1	0.0	1	0 1
62	1	0.0	1	0 1


=== Second read: Adapter 2 ===

Sequence: GGACTACNVGGGTWTCTAAT; Type: regular 5'; Length: 20; Trimmed: 946661 times

Minimum overlap: 3
No. of allowed errors:
1-9 bp: 0; 10-19 bp: 1

Overview of removed sequences
length	count	expect	max.err	error counts
3	2	23858.4	0	2
10	1	1.5	1	1
12	5	0.1	1	4 1
13	7	0.0	1	6 1
14	14	0.0	1	9 5
15	13	0.0	1	7 6
16	15	0.0	1	10 5
17	16	0.0	1	8 8
18	34	0.0	1	21 13
19	85	0.0	1	29 56
20	6845	0.0	1	2933 3912
21	931907	0.0	1	900557 31350
22	7325	0.0	1	5317 2008
23	357	0.0	1	281 76
24	4	0.0	1	3 1
25	4	0.0	1	4
26	6	0.0	1	6
27	2	0.0	1	2
28	1	0.0	1	1
29	1	0.0	1	1
31	1	0.0	1	1
32	7	0.0	1	3 4
34	2	0.0	1	2
35	3	0.0	1	2 1
36	2	0.0	1	1 1
38	1	0.0	1	1
41	1	0.0	1	1
Running cutadapt on: 2024_Warm02_Both02_G15_gut_S43
This is cutadapt 5.2 with Python 3.13.15
Command line parameters: -j 4 -g GTGYCAGCMGCCGCGGTAA -G GGACTACNVGGGTWTCTAAT -o /scratch4/workspace/jade_fiorilla_student_uml_edu-rawseqorcc/trimmed-cutadapt/2024_Warm02_Both02_G15_gut_S43_R1_trim.fastq -p /scratch4/workspace/jade_fiorilla_student_uml_edu-rawseqorcc/trimmed-cutadapt/2024_Warm02_Both02_G15_gut_S43_R2_trim.fastq /scratch4/workspace/jade_fiorilla_student_uml_edu-rawseqorcc/fastq/2024_Warm02_Both02_G15_gut_S43_R1_001.fastq.gz /scratch4/workspace/jade_fiorilla_student_uml_edu-rawseqorcc/fastq/2024_Warm02_Both02_G15_gut_S43_R2_001.fastq.gz
Processing paired-end reads on 4 cores ...

=== Summary ===

Total read pairs processed:            573,872
  Read 1 with adapter:                 464,066 (80.9%)
  Read 2 with adapter:                 360,650 (62.8%)
Pairs written (passing filters):       573,872 (100.0%)

Total basepairs processed:   345,470,944 bp
  Read 1:   172,735,472 bp
  Read 2:   172,735,472 bp
Total written (filtered):    328,617,111 bp (95.1%)
  Read 1:   163,453,653 bp
  Read 2:   165,163,458 bp

=== First read: Adapter 1 ===

Sequence: GTGYCAGCMGCCGCGGTAA; Type: regular 5'; Length: 19; Trimmed: 464066 times

Minimum overlap: 3
No. of allowed errors:
1-9 bp: 0; 10-19 bp: 1

Overview of removed sequences
length	count	expect	max.err	error counts
9	1	2.2	0	1
12	22	0.0	1	11 11
13	1	0.0	1	1
14	1	0.0	1	0 1
15	3	0.0	1	0 3
16	9	0.0	1	6 3
17	15	0.0	1	6 9
18	69	0.0	1	31 38
19	6812	0.0	1	3678 3134
20	450545	0.0	1	338965 111580
21	5793	0.0	1	3538 2255
22	757	0.0	1	653 104
23	7	0.0	1	6 1
24	6	0.0	1	6
28	4	0.0	1	4
31	4	0.0	1	4
32	1	0.0	1	1
33	1	0.0	1	1
34	1	0.0	1	1
35	2	0.0	1	1 1
36	1	0.0	1	1
39	3	0.0	1	2 1
41	5	0.0	1	2 3
42	2	0.0	1	1 1
46	1	0.0	1	0 1


=== Second read: Adapter 2 ===

Sequence: GGACTACNVGGGTWTCTAAT; Type: regular 5'; Length: 20; Trimmed: 360650 times

Minimum overlap: 3
No. of allowed errors:
1-9 bp: 0; 10-19 bp: 1

Overview of removed sequences
length	count	expect	max.err	error counts
3	2	8966.8	0	2
13	7	0.0	1	7
14	4	0.0	1	2 2
15	2	0.0	1	0 2
16	2	0.0	1	1 1
17	5	0.0	1	5
18	16	0.0	1	9 7
19	48	0.0	1	16 32
20	5430	0.0	1	3875 1555
21	351365	0.0	1	345381 5984
22	3477	0.0	1	2654 823
23	286	0.0	1	267 19
24	2	0.0	1	1 1
29	1	0.0	1	1
30	1	0.0	1	1
34	1	0.0	1	1
36	1	0.0	1	1
Running cutadapt on: 2024_Warm02_Both06_G64_gill_S177
This is cutadapt 5.2 with Python 3.13.15
Command line parameters: -j 4 -g GTGYCAGCMGCCGCGGTAA -G GGACTACNVGGGTWTCTAAT -o /scratch4/workspace/jade_fiorilla_student_uml_edu-rawseqorcc/trimmed-cutadapt/2024_Warm02_Both06_G64_gill_S177_R1_trim.fastq -p /scratch4/workspace/jade_fiorilla_student_uml_edu-rawseqorcc/trimmed-cutadapt/2024_Warm02_Both06_G64_gill_S177_R2_trim.fastq /scratch4/workspace/jade_fiorilla_student_uml_edu-rawseqorcc/fastq/2024_Warm02_Both06_G64_gill_S177_R1_001.fastq.gz /scratch4/workspace/jade_fiorilla_student_uml_edu-rawseqorcc/fastq/2024_Warm02_Both06_G64_gill_S177_R2_001.fastq.gz
Processing paired-end reads on 4 cores ...

=== Summary ===

Total read pairs processed:          1,724,957
  Read 1 with adapter:               1,342,678 (77.8%)
  Read 2 with adapter:                 938,221 (54.4%)
Pairs written (passing filters):     1,724,957 (100.0%)

Total basepairs processed: 1,038,424,114 bp
  Read 1:   519,212,057 bp
  Read 2:   519,212,057 bp
Total written (filtered):    991,885,445 bp (95.5%)
  Read 1:   492,367,210 bp
  Read 2:   499,518,235 bp

=== First read: Adapter 1 ===

Sequence: GTGYCAGCMGCCGCGGTAA; Type: regular 5'; Length: 19; Trimmed: 1342678 times

Minimum overlap: 3
No. of allowed errors:
1-9 bp: 0; 10-19 bp: 1

Overview of removed sequences
length	count	expect	max.err	error counts
8	1	26.3	0	1
9	3	6.6	0	3
11	2	0.4	1	1 1
12	66	0.1	1	45 21
13	16	0.0	1	12 4
14	11	0.0	1	3 8
15	15	0.0	1	12 3
16	49	0.0	1	32 17
17	34	0.0	1	8 26
18	139	0.0	1	67 72
19	13289	0.0	1	6724 6565
20	1323943	0.0	1	899074 424869
21	5007	0.0	1	2503 2504
22	24	0.0	1	12 12
23	7	0.0	1	4 3
24	10	0.0	1	9 1
25	5	0.0	1	3 2
26	9	0.0	1	8 1
27	1	0.0	1	0 1
28	6	0.0	1	4 2
29	3	0.0	1	0 3
30	1	0.0	1	1
31	3	0.0	1	1 2
32	5	0.0	1	0 5
33	4	0.0	1	3 1
34	2	0.0	1	0 2
35	4	0.0	1	3 1
36	1	0.0	1	1
37	2	0.0	1	2
38	1	0.0	1	1
39	2	0.0	1	1 1
40	2	0.0	1	2
41	1	0.0	1	1
44	1	0.0	1	0 1
47	3	0.0	1	2 1
53	3	0.0	1	0 3
55	3	0.0	1	3


=== Second read: Adapter 2 ===

Sequence: GGACTACNVGGGTWTCTAAT; Type: regular 5'; Length: 20; Trimmed: 938221 times

Minimum overlap: 3
No. of allowed errors:
1-9 bp: 0; 10-19 bp: 1

Overview of removed sequences
length	count	expect	max.err	error counts
3	5	26952.5	0	5
10	5	1.6	1	5
12	1	0.1	1	1
13	8	0.0	1	6 2
14	3	0.0	1	1 2
15	8	0.0	1	2 6
16	8	0.0	1	7 1
17	28	0.0	1	17 11
18	39	0.0	1	26 13
19	168	0.0	1	40 128
20	12495	0.0	1	7944 4551
21	921244	0.0	1	891822 29422
22	4163	0.0	1	1800 2363
23	13	0.0	1	10 3
24	1	0.0	1	1
25	5	0.0	1	5
26	2	0.0	1	2
28	1	0.0	1	1
29	3	0.0	1	3
30	4	0.0	1	3 1
31	2	0.0	1	2
34	7	0.0	1	3 4
35	1	0.0	1	1
39	1	0.0	1	1
40	1	0.0	1	1
43	2	0.0	1	2
45	2	0.0	1	2
46	1	0.0	1	1
Running cutadapt on: 2024_Warm02_Both06_G64_gut_S178
This is cutadapt 5.2 with Python 3.13.15
Command line parameters: -j 4 -g GTGYCAGCMGCCGCGGTAA -G GGACTACNVGGGTWTCTAAT -o /scratch4/workspace/jade_fiorilla_student_uml_edu-rawseqorcc/trimmed-cutadapt/2024_Warm02_Both06_G64_gut_S178_R1_trim.fastq -p /scratch4/workspace/jade_fiorilla_student_uml_edu-rawseqorcc/trimmed-cutadapt/2024_Warm02_Both06_G64_gut_S178_R2_trim.fastq /scratch4/workspace/jade_fiorilla_student_uml_edu-rawseqorcc/fastq/2024_Warm02_Both06_G64_gut_S178_R1_001.fastq.gz /scratch4/workspace/jade_fiorilla_student_uml_edu-rawseqorcc/fastq/2024_Warm02_Both06_G64_gut_S178_R2_001.fastq.gz
Processing paired-end reads on 4 cores ...

=== Summary ===

Total read pairs processed:            985,686
  Read 1 with adapter:                 855,584 (86.8%)
  Read 2 with adapter:                 736,979 (74.8%)
Pairs written (passing filters):       985,686 (100.0%)

Total basepairs processed:   593,382,972 bp
  Read 1:   296,691,486 bp
  Read 2:   296,691,486 bp
Total written (filtered):    560,806,213 bp (94.5%)
  Read 1:   279,584,298 bp
  Read 2:   281,221,915 bp

=== First read: Adapter 1 ===

Sequence: GTGYCAGCMGCCGCGGTAA; Type: regular 5'; Length: 19; Trimmed: 855584 times

Minimum overlap: 3
No. of allowed errors:
1-9 bp: 0; 10-19 bp: 1

Overview of removed sequences
length	count	expect	max.err	error counts
3	19	15401.3	0	19
12	50	0.1	1	37 13
13	4	0.0	1	0 4
14	8	0.0	1	1 7
15	5	0.0	1	4 1
16	27	0.0	1	18 9
17	31	0.0	1	14 17
18	124	0.0	1	51 73
19	10503	0.0	1	5546 4957
20	838944	0.0	1	708871 130073
21	4962	0.0	1	2977 1985
22	863	0.0	1	390 473
23	5	0.0	1	2 3
24	4	0.0	1	4
26	1	0.0	1	1
27	1	0.0	1	1
29	4	0.0	1	3 1
32	1	0.0	1	1
33	3	0.0	1	2 1
34	2	0.0	1	0 2
35	1	0.0	1	0 1
36	2	0.0	1	1 1
37	7	0.0	1	6 1
38	1	0.0	1	0 1
39	5	0.0	1	4 1
41	1	0.0	1	1
42	3	0.0	1	2 1
43	1	0.0	1	1
44	2	0.0	1	2


=== Second read: Adapter 2 ===

Sequence: GGACTACNVGGGTWTCTAAT; Type: regular 5'; Length: 20; Trimmed: 736979 times

Minimum overlap: 3
No. of allowed errors:
1-9 bp: 0; 10-19 bp: 1

Overview of removed sequences
length	count	expect	max.err	error counts
3	20	15401.3	0	20
10	2	0.9	1	2
12	7	0.1	1	6 1
13	4	0.0	1	4
14	6	0.0	1	1 5
16	2	0.0	1	1 1
17	14	0.0	1	6 8
18	23	0.0	1	9 14
19	154	0.0	1	25 129
20	10452	0.0	1	6954 3498
21	722421	0.0	1	699639 22782
22	3568	0.0	1	1899 1669
23	272	0.0	1	241 31
24	5	0.0	1	1 4
25	5	0.0	1	5
26	1	0.0	1	1
27	4	0.0	1	4
28	2	0.0	1	1 1
29	1	0.0	1	1
30	6	0.0	1	5 1
31	1	0.0	1	0 1
32	1	0.0	1	0 1
35	2	0.0	1	2
36	1	0.0	1	0 1
40	1	0.0	1	1
41	1	0.0	1	1
44	2	0.0	1	2
46	1	0.0	1	1
Running cutadapt on: 2024_Warm02_Null_G15_gill_S263
This is cutadapt 5.2 with Python 3.13.15
Command line parameters: -j 4 -g GTGYCAGCMGCCGCGGTAA -G GGACTACNVGGGTWTCTAAT -o /scratch4/workspace/jade_fiorilla_student_uml_edu-rawseqorcc/trimmed-cutadapt/2024_Warm02_Null_G15_gill_S263_R1_trim.fastq -p /scratch4/workspace/jade_fiorilla_student_uml_edu-rawseqorcc/trimmed-cutadapt/2024_Warm02_Null_G15_gill_S263_R2_trim.fastq /scratch4/workspace/jade_fiorilla_student_uml_edu-rawseqorcc/fastq/2024_Warm02_Null_G15_gill_S263_R1_001.fastq.gz /scratch4/workspace/jade_fiorilla_student_uml_edu-rawseqorcc/fastq/2024_Warm02_Null_G15_gill_S263_R2_001.fastq.gz
Processing paired-end reads on 4 cores ...

=== Summary ===

Total read pairs processed:            723,907
  Read 1 with adapter:                 693,039 (95.7%)
  Read 2 with adapter:                 669,938 (92.5%)
Pairs written (passing filters):       723,907 (100.0%)

Total basepairs processed:   435,792,014 bp
  Read 1:   217,896,007 bp
  Read 2:   217,896,007 bp
Total written (filtered):    407,771,491 bp (93.6%)
  Read 1:   203,982,876 bp
  Read 2:   203,788,615 bp

=== First read: Adapter 1 ===

Sequence: GTGYCAGCMGCCGCGGTAA; Type: regular 5'; Length: 19; Trimmed: 693039 times

Minimum overlap: 3
No. of allowed errors:
1-9 bp: 0; 10-19 bp: 1

Overview of removed sequences
length	count	expect	max.err	error counts
9	5	2.8	0	5
10	4	0.7	1	3 1
12	36	0.0	1	30 6
13	8	0.0	1	3 5
14	8	0.0	1	5 3
15	4	0.0	1	3 1
16	22	0.0	1	15 7
17	20	0.0	1	8 12
18	71	0.0	1	34 37
19	2320	0.0	1	515 1805
20	636090	0.0	1	587775 48315
21	53868	0.0	1	41212 12656
22	544	0.0	1	430 114
23	5	0.0	1	3 2
25	1	0.0	1	1
26	2	0.0	1	2
27	3	0.0	1	3
28	1	0.0	1	0 1
29	1	0.0	1	1
30	1	0.0	1	0 1
31	1	0.0	1	1
32	5	0.0	1	5
33	2	0.0	1	2
34	1	0.0	1	1
35	3	0.0	1	3
37	5	0.0	1	3 2
41	1	0.0	1	1
43	2	0.0	1	2
44	1	0.0	1	0 1
45	4	0.0	1	4


=== Second read: Adapter 2 ===

Sequence: GGACTACNVGGGTWTCTAAT; Type: regular 5'; Length: 20; Trimmed: 669938 times

Minimum overlap: 3
No. of allowed errors:
1-9 bp: 0; 10-19 bp: 1

Overview of removed sequences
length	count	expect	max.err	error counts
3	5	11311.0	0	5
11	3	0.2	1	0 3
12	4	0.0	1	4
13	14	0.0	1	12 2
14	14	0.0	1	8 6
15	2	0.0	1	2
16	3	0.0	1	1 2
17	10	0.0	1	7 3
18	13	0.0	1	9 4
19	41	0.0	1	20 21
20	10643	0.0	1	345 10298
21	610191	0.0	1	592238 17953
22	48362	0.0	1	43248 5114
23	605	0.0	1	319 286
24	5	0.0	1	2 3
26	3	0.0	1	3
28	2	0.0	1	2
29	4	0.0	1	4
31	1	0.0	1	1
32	2	0.0	1	1 1
33	3	0.0	1	3
34	2	0.0	1	2
37	3	0.0	1	3
42	1	0.0	1	0 1
61	2	0.0	1	2
Running cutadapt on: 2024_Warm02_Null_G15_gut_S185
This is cutadapt 5.2 with Python 3.13.15
Command line parameters: -j 4 -g GTGYCAGCMGCCGCGGTAA -G GGACTACNVGGGTWTCTAAT -o /scratch4/workspace/jade_fiorilla_student_uml_edu-rawseqorcc/trimmed-cutadapt/2024_Warm02_Null_G15_gut_S185_R1_trim.fastq -p /scratch4/workspace/jade_fiorilla_student_uml_edu-rawseqorcc/trimmed-cutadapt/2024_Warm02_Null_G15_gut_S185_R2_trim.fastq /scratch4/workspace/jade_fiorilla_student_uml_edu-rawseqorcc/fastq/2024_Warm02_Null_G15_gut_S185_R1_001.fastq.gz /scratch4/workspace/jade_fiorilla_student_uml_edu-rawseqorcc/fastq/2024_Warm02_Null_G15_gut_S185_R2_001.fastq.gz
Processing paired-end reads on 4 cores ...

=== Summary ===

Total read pairs processed:          1,737,238
  Read 1 with adapter:               1,442,960 (83.1%)
  Read 2 with adapter:               1,023,683 (58.9%)
Pairs written (passing filters):     1,737,238 (100.0%)

Total basepairs processed: 1,045,817,276 bp
  Read 1:   522,908,638 bp
  Read 2:   522,908,638 bp
Total written (filtered):    997,873,756 bp (95.4%)
  Read 1:   495,464,829 bp
  Read 2:   502,408,927 bp

=== First read: Adapter 1 ===

Sequence: GTGYCAGCMGCCGCGGTAA; Type: regular 5'; Length: 19; Trimmed: 1442960 times

Minimum overlap: 3
No. of allowed errors:
1-9 bp: 0; 10-19 bp: 1

Overview of removed sequences
length	count	expect	max.err	error counts
3	37	27144.3	0	37
4	1	6786.1	0	1
9	8	6.6	0	8
10	2	1.7	1	2
11	2	0.4	1	2
12	98	0.1	1	80 18
13	7	0.0	1	2 5
14	7	0.0	1	3 4
15	19	0.0	1	13 6
16	67	0.0	1	34 33
17	97	0.0	1	56 41
18	3267	0.0	1	569 2698
19	1419277	0.0	1	994921 424356
20	12588	0.0	1	8069 4519
21	3228	0.0	1	2588 640
22	4167	0.0	1	3271 896
23	13	0.0	1	5 8
24	3	0.0	1	1 2
25	1	0.0	1	1
26	1	0.0	1	0 1
28	4	0.0	1	2 2
29	1	0.0	1	0 1
30	3	0.0	1	2 1
31	3	0.0	1	2 1
32	15	0.0	1	5 10
33	5	0.0	1	1 4
34	5	0.0	1	5
35	2	0.0	1	1 1
36	5	0.0	1	1 4
37	1	0.0	1	0 1
39	3	0.0	1	3
40	16	0.0	1	1 15
41	1	0.0	1	0 1
42	3	0.0	1	3
48	2	0.0	1	2
50	1	0.0	1	0 1


=== Second read: Adapter 2 ===

Sequence: GGACTACNVGGGTWTCTAAT; Type: regular 5'; Length: 20; Trimmed: 1023683 times

Minimum overlap: 3
No. of allowed errors:
1-9 bp: 0; 10-19 bp: 1

Overview of removed sequences
length	count	expect	max.err	error counts
3	67	27144.3	0	67
8	1	26.5	0	1
9	4	6.6	0	4
10	3	1.7	1	3
11	3	0.4	1	2 1
12	8	0.1	1	6 2
13	8	0.0	1	8
14	22	0.0	1	8 14
15	7	0.0	1	6 1
16	17	0.0	1	5 12
17	25	0.0	1	14 11
18	50	0.0	1	34 16
19	4413	0.0	1	660 3753
20	1002881	0.0	1	977661 25220
21	7499	0.0	1	5008 2491
22	1654	0.0	1	1528 126
23	6927	0.0	1	6408 519
24	53	0.0	1	13 40
25	1	0.0	1	1
26	8	0.0	1	8
27	8	0.0	1	6 2
28	1	0.0	1	1
29	2	0.0	1	2
30	5	0.0	1	5
31	1	0.0	1	0 1
32	5	0.0	1	5
34	2	0.0	1	2
38	1	0.0	1	1
39	1	0.0	1	1
40	1	0.0	1	1
41	5	0.0	1	5
Running cutadapt on: 2024_Warm03_Both05_G54_gill_S179
This is cutadapt 5.2 with Python 3.13.15
Command line parameters: -j 4 -g GTGYCAGCMGCCGCGGTAA -G GGACTACNVGGGTWTCTAAT -o /scratch4/workspace/jade_fiorilla_student_uml_edu-rawseqorcc/trimmed-cutadapt/2024_Warm03_Both05_G54_gill_S179_R1_trim.fastq -p /scratch4/workspace/jade_fiorilla_student_uml_edu-rawseqorcc/trimmed-cutadapt/2024_Warm03_Both05_G54_gill_S179_R2_trim.fastq /scratch4/workspace/jade_fiorilla_student_uml_edu-rawseqorcc/fastq/2024_Warm03_Both05_G54_gill_S179_R1_001.fastq.gz /scratch4/workspace/jade_fiorilla_student_uml_edu-rawseqorcc/fastq/2024_Warm03_Both05_G54_gill_S179_R2_001.fastq.gz
Processing paired-end reads on 4 cores ...

=== Summary ===

Total read pairs processed:          2,056,609
  Read 1 with adapter:               1,007,625 (49.0%)
  Read 2 with adapter:               1,007,482 (49.0%)
Pairs written (passing filters):     2,056,609 (100.0%)

Total basepairs processed: 1,238,078,618 bp
  Read 1:   619,039,309 bp
  Read 2:   619,039,309 bp
Total written (filtered):  1,198,762,010 bp (96.8%)
  Read 1:   599,877,456 bp
  Read 2:   598,884,554 bp

=== First read: Adapter 1 ===

Sequence: GTGYCAGCMGCCGCGGTAA; Type: regular 5'; Length: 19; Trimmed: 1007625 times

Minimum overlap: 3
No. of allowed errors:
1-9 bp: 0; 10-19 bp: 1

Overview of removed sequences
length	count	expect	max.err	error counts
4	1	8033.6	0	1
9	2	7.8	0	2
12	43	0.1	1	18 25
13	11	0.0	1	6 5
14	6	0.0	1	0 6
15	6	0.0	1	0 6
16	33	0.0	1	8 25
17	64	0.0	1	18 46
18	1826	0.0	1	207 1619
19	991627	0.0	1	359028 632599
20	10154	0.0	1	6714 3440
21	3090	0.0	1	2625 465
22	695	0.0	1	609 86
23	5	0.0	1	1 4
25	1	0.0	1	1
27	2	0.0	1	0 2
29	2	0.0	1	0 2
30	1	0.0	1	0 1
31	24	0.0	1	0 24
32	7	0.0	1	0 7
33	3	0.0	1	3
34	2	0.0	1	0 2
36	3	0.0	1	0 3
37	3	0.0	1	0 3
38	1	0.0	1	0 1
39	1	0.0	1	0 1
40	1	0.0	1	0 1
41	1	0.0	1	0 1
42	1	0.0	1	0 1
48	1	0.0	1	0 1
56	1	0.0	1	0 1
57	5	0.0	1	0 5
58	2	0.0	1	0 2


=== Second read: Adapter 2 ===

Sequence: GGACTACNVGGGTWTCTAAT; Type: regular 5'; Length: 20; Trimmed: 1007482 times

Minimum overlap: 3
No. of allowed errors:
1-9 bp: 0; 10-19 bp: 1

Overview of removed sequences
length	count	expect	max.err	error counts
10	4	2.0	1	4
12	1	0.1	1	1
13	5	0.0	1	0 5
14	17	0.0	1	4 13
15	4	0.0	1	3 1
16	14	0.0	1	4 10
17	28	0.0	1	20 8
18	53	0.0	1	28 25
19	8451	0.0	1	673 7778
20	987332	0.0	1	956382 30950
21	9675	0.0	1	7194 2481
22	1573	0.0	1	1465 108
23	293	0.0	1	281 12
24	4	0.0	1	4
25	3	0.0	1	3
26	2	0.0	1	2
27	3	0.0	1	3
28	5	0.0	1	5
29	2	0.0	1	2
30	2	0.0	1	1 1
31	1	0.0	1	0 1
32	2	0.0	1	2
34	1	0.0	1	1
35	1	0.0	1	1
37	3	0.0	1	0 3
40	3	0.0	1	3
Running cutadapt on: 2024_Warm03_Both05_G54_gut_S59
This is cutadapt 5.2 with Python 3.13.15
Command line parameters: -j 4 -g GTGYCAGCMGCCGCGGTAA -G GGACTACNVGGGTWTCTAAT -o /scratch4/workspace/jade_fiorilla_student_uml_edu-rawseqorcc/trimmed-cutadapt/2024_Warm03_Both05_G54_gut_S59_R1_trim.fastq -p /scratch4/workspace/jade_fiorilla_student_uml_edu-rawseqorcc/trimmed-cutadapt/2024_Warm03_Both05_G54_gut_S59_R2_trim.fastq /scratch4/workspace/jade_fiorilla_student_uml_edu-rawseqorcc/fastq/2024_Warm03_Both05_G54_gut_S59_R1_001.fastq.gz /scratch4/workspace/jade_fiorilla_student_uml_edu-rawseqorcc/fastq/2024_Warm03_Both05_G54_gut_S59_R2_001.fastq.gz
Processing paired-end reads on 4 cores ...

=== Summary ===

Total read pairs processed:            687,744
  Read 1 with adapter:                 601,854 (87.5%)
  Read 2 with adapter:                 498,769 (72.5%)
Pairs written (passing filters):       687,744 (100.0%)

Total basepairs processed:   414,021,888 bp
  Read 1:   207,010,944 bp
  Read 2:   207,010,944 bp
Total written (filtered):    390,419,709 bp (94.3%)
  Read 1:   194,378,828 bp
  Read 2:   196,040,881 bp

=== First read: Adapter 1 ===

Sequence: GTGYCAGCMGCCGCGGTAA; Type: regular 5'; Length: 19; Trimmed: 601854 times

Minimum overlap: 3
No. of allowed errors:
1-9 bp: 0; 10-19 bp: 1

Overview of removed sequences
length	count	expect	max.err	error counts
3	9	10746.0	0	9
9	1	2.6	0	1
12	30	0.0	1	21 9
13	3	0.0	1	3
14	2	0.0	1	2
15	6	0.0	1	3 3
16	8	0.0	1	6 2
17	21	0.0	1	18 3
18	41	0.0	1	16 25
19	2616	0.0	1	1625 991
20	5464	0.0	1	3434 2030
21	589527	0.0	1	481565 107962
22	4071	0.0	1	2880 1191
23	11	0.0	1	4 7
24	3	0.0	1	3
25	4	0.0	1	2 2
26	2	0.0	1	0 2
27	1	0.0	1	0 1
28	3	0.0	1	3
29	1	0.0	1	1
31	3	0.0	1	3
32	2	0.0	1	2
33	5	0.0	1	1 4
34	1	0.0	1	1
36	2	0.0	1	1 1
37	2	0.0	1	2
38	4	0.0	1	3 1
39	1	0.0	1	0 1
40	3	0.0	1	3
41	2	0.0	1	2
42	2	0.0	1	1 1
43	1	0.0	1	1
44	2	0.0	1	2


=== Second read: Adapter 2 ===

Sequence: GGACTACNVGGGTWTCTAAT; Type: regular 5'; Length: 20; Trimmed: 498769 times

Minimum overlap: 3
No. of allowed errors:
1-9 bp: 0; 10-19 bp: 1

Overview of removed sequences
length	count	expect	max.err	error counts
3	13	10746.0	0	13
4	1	2686.5	0	1
10	2	0.7	1	2
11	1	0.2	1	0 1
12	4	0.0	1	4
13	2	0.0	1	1 1
14	7	0.0	1	4 3
15	8	0.0	1	7 1
16	9	0.0	1	4 5
17	5	0.0	1	4 1
18	16	0.0	1	14 2
19	42	0.0	1	27 15
20	1058	0.0	1	980 78
21	4613	0.0	1	2250 2363
22	488459	0.0	1	478975 9484
23	4504	0.0	1	3588 916
24	13	0.0	1	8 5
25	2	0.0	1	2
26	2	0.0	1	2
28	1	0.0	1	1
29	1	0.0	1	1
30	2	0.0	1	2
31	1	0.0	1	1
32	2	0.0	1	2
33	1	0.0	1	1
Running cutadapt on: 2024_Warm03_Cont03_G29_gill_S160
This is cutadapt 5.2 with Python 3.13.15
Command line parameters: -j 4 -g GTGYCAGCMGCCGCGGTAA -G GGACTACNVGGGTWTCTAAT -o /scratch4/workspace/jade_fiorilla_student_uml_edu-rawseqorcc/trimmed-cutadapt/2024_Warm03_Cont03_G29_gill_S160_R1_trim.fastq -p /scratch4/workspace/jade_fiorilla_student_uml_edu-rawseqorcc/trimmed-cutadapt/2024_Warm03_Cont03_G29_gill_S160_R2_trim.fastq /scratch4/workspace/jade_fiorilla_student_uml_edu-rawseqorcc/fastq/2024_Warm03_Cont03_G29_gill_S160_R1_001.fastq.gz /scratch4/workspace/jade_fiorilla_student_uml_edu-rawseqorcc/fastq/2024_Warm03_Cont03_G29_gill_S160_R2_001.fastq.gz
Processing paired-end reads on 4 cores ...

=== Summary ===

Total read pairs processed:          1,547,156
  Read 1 with adapter:                 819,359 (53.0%)
  Read 2 with adapter:               1,113,070 (71.9%)
Pairs written (passing filters):     1,547,156 (100.0%)

Total basepairs processed:   931,387,912 bp
  Read 1:   465,693,956 bp
  Read 2:   465,693,956 bp
Total written (filtered):    891,630,780 bp (95.7%)
  Read 1:   449,308,767 bp
  Read 2:   442,322,013 bp

=== First read: Adapter 1 ===

Sequence: GTGYCAGCMGCCGCGGTAA; Type: regular 5'; Length: 19; Trimmed: 819359 times

Minimum overlap: 3
No. of allowed errors:
1-9 bp: 0; 10-19 bp: 1

Overview of removed sequences
length	count	expect	max.err	error counts
10	2	1.5	1	2
11	1	0.4	1	0 1
12	34	0.1	1	22 12
13	5	0.0	1	3 2
14	7	0.0	1	6 1
15	3	0.0	1	2 1
16	26	0.0	1	21 5
17	23	0.0	1	12 11
18	97	0.0	1	42 55
19	9776	0.0	1	5326 4450
20	801600	0.0	1	577419 224181
21	7686	0.0	1	5809 1877
22	34	0.0	1	14 20
23	3	0.0	1	2 1
24	4	0.0	1	2 2
25	7	0.0	1	2 5
26	4	0.0	1	4
27	6	0.0	1	6
28	2	0.0	1	2
30	2	0.0	1	0 2
31	2	0.0	1	2
32	6	0.0	1	5 1
34	5	0.0	1	2 3
35	4	0.0	1	0 4
36	4	0.0	1	3 1
37	3	0.0	1	1 2
38	2	0.0	1	1 1
39	3	0.0	1	3
40	3	0.0	1	3
42	1	0.0	1	0 1
45	1	0.0	1	0 1
48	1	0.0	1	0 1
49	1	0.0	1	1
53	1	0.0	1	0 1


=== Second read: Adapter 2 ===

Sequence: GGACTACNVGGGTWTCTAAT; Type: regular 5'; Length: 20; Trimmed: 1113070 times

Minimum overlap: 3
No. of allowed errors:
1-9 bp: 0; 10-19 bp: 1

Overview of removed sequences
length	count	expect	max.err	error counts
3	8	24174.3	0	8
5	1	1510.9	0	1
6	1	377.7	0	1
10	1	1.5	1	1
11	1	0.4	1	1
12	4	0.1	1	4
13	3	0.0	1	2 1
14	13	0.0	1	7 6
15	7	0.0	1	4 3
16	5	0.0	1	3 2
17	24	0.0	1	7 17
18	31	0.0	1	21 10
19	89	0.0	1	60 29
20	9759	0.0	1	3635 6124
21	1095562	0.0	1	1058060 37502
22	7481	0.0	1	5216 2265
23	27	0.0	1	17 10
24	6	0.0	1	6
25	1	0.0	1	1
26	7	0.0	1	7
27	1	0.0	1	1
28	6	0.0	1	6
29	5	0.0	1	5
30	1	0.0	1	1
31	6	0.0	1	3 3
32	8	0.0	1	6 2
33	4	0.0	1	4
34	2	0.0	1	2
37	5	0.0	1	5
43	1	0.0	1	1
Running cutadapt on: 2024_Warm03_Cont03_G29_gut_S52
This is cutadapt 5.2 with Python 3.13.15
Command line parameters: -j 4 -g GTGYCAGCMGCCGCGGTAA -G GGACTACNVGGGTWTCTAAT -o /scratch4/workspace/jade_fiorilla_student_uml_edu-rawseqorcc/trimmed-cutadapt/2024_Warm03_Cont03_G29_gut_S52_R1_trim.fastq -p /scratch4/workspace/jade_fiorilla_student_uml_edu-rawseqorcc/trimmed-cutadapt/2024_Warm03_Cont03_G29_gut_S52_R2_trim.fastq /scratch4/workspace/jade_fiorilla_student_uml_edu-rawseqorcc/fastq/2024_Warm03_Cont03_G29_gut_S52_R1_001.fastq.gz /scratch4/workspace/jade_fiorilla_student_uml_edu-rawseqorcc/fastq/2024_Warm03_Cont03_G29_gut_S52_R2_001.fastq.gz
Processing paired-end reads on 4 cores ...

=== Summary ===

Total read pairs processed:            713,911
  Read 1 with adapter:                 471,970 (66.1%)
  Read 2 with adapter:                 135,609 (19.0%)
Pairs written (passing filters):       713,911 (100.0%)

Total basepairs processed:   429,774,422 bp
  Read 1:   214,887,211 bp
  Read 2:   214,887,211 bp
Total written (filtered):    418,070,625 bp (97.3%)
  Read 1:   205,903,193 bp
  Read 2:   212,167,432 bp

=== First read: Adapter 1 ===

Sequence: GTGYCAGCMGCCGCGGTAA; Type: regular 5'; Length: 19; Trimmed: 471970 times

Minimum overlap: 3
No. of allowed errors:
1-9 bp: 0; 10-19 bp: 1

Overview of removed sequences
length	count	expect	max.err	error counts
3	5	11154.9	0	5
11	3	0.2	1	3
12	42	0.0	1	9 33
13	7	0.0	1	0 7
14	2	0.0	1	0 2
15	3	0.0	1	0 3
16	19	0.0	1	6 13
17	48	0.0	1	8 40
18	643	0.0	1	72 571
19	461959	0.0	1	128532 333427
20	3936	0.0	1	2097 1839
21	2860	0.0	1	1708 1152
22	2361	0.0	1	1905 456
23	15	0.0	1	10 5
24	2	0.0	1	1 1
25	2	0.0	1	0 2
26	2	0.0	1	0 2
27	1	0.0	1	0 1
29	1	0.0	1	0 1
31	26	0.0	1	1 25
32	9	0.0	1	0 9
33	1	0.0	1	0 1
34	1	0.0	1	0 1
35	3	0.0	1	0 3
37	2	0.0	1	0 2
39	2	0.0	1	0 2
40	4	0.0	1	0 4
41	1	0.0	1	1
47	3	0.0	1	0 3
48	1	0.0	1	0 1
50	3	0.0	1	0 3
52	3	0.0	1	0 3


=== Second read: Adapter 2 ===

Sequence: GGACTACNVGGGTWTCTAAT; Type: regular 5'; Length: 20; Trimmed: 135609 times

Minimum overlap: 3
No. of allowed errors:
1-9 bp: 0; 10-19 bp: 1

Overview of removed sequences
length	count	expect	max.err	error counts
3	10	11154.9	0	10
13	1	0.0	1	1
14	3	0.0	1	2 1
15	3	0.0	1	3
16	3	0.0	1	0 3
17	1	0.0	1	0 1
18	6	0.0	1	4 2
19	603	0.0	1	83 520
20	130959	0.0	1	127492 3467
21	1424	0.0	1	1150 274
22	798	0.0	1	750 48
23	1791	0.0	1	1725 66
24	4	0.0	1	1 3
28	1	0.0	1	1
30	1	0.0	1	0 1
32	1	0.0	1	1
Running cutadapt on: 2024_Warm03_Hyp02_G18_gill_S228
This is cutadapt 5.2 with Python 3.13.15
Command line parameters: -j 4 -g GTGYCAGCMGCCGCGGTAA -G GGACTACNVGGGTWTCTAAT -o /scratch4/workspace/jade_fiorilla_student_uml_edu-rawseqorcc/trimmed-cutadapt/2024_Warm03_Hyp02_G18_gill_S228_R1_trim.fastq -p /scratch4/workspace/jade_fiorilla_student_uml_edu-rawseqorcc/trimmed-cutadapt/2024_Warm03_Hyp02_G18_gill_S228_R2_trim.fastq /scratch4/workspace/jade_fiorilla_student_uml_edu-rawseqorcc/fastq/2024_Warm03_Hyp02_G18_gill_S228_R1_001.fastq.gz /scratch4/workspace/jade_fiorilla_student_uml_edu-rawseqorcc/fastq/2024_Warm03_Hyp02_G18_gill_S228_R2_001.fastq.gz
Processing paired-end reads on 4 cores ...

=== Summary ===

Total read pairs processed:          1,192,286
  Read 1 with adapter:                 801,407 (67.2%)
  Read 2 with adapter:                 773,903 (64.9%)
Pairs written (passing filters):     1,192,286 (100.0%)

Total basepairs processed:   717,756,172 bp
  Read 1:   358,878,086 bp
  Read 2:   358,878,086 bp
Total written (filtered):    685,476,466 bp (95.5%)
  Read 1:   342,847,679 bp
  Read 2:   342,628,787 bp

=== First read: Adapter 1 ===

Sequence: GTGYCAGCMGCCGCGGTAA; Type: regular 5'; Length: 19; Trimmed: 801407 times

Minimum overlap: 3
No. of allowed errors:
1-9 bp: 0; 10-19 bp: 1

Overview of removed sequences
length	count	expect	max.err	error counts
3	6	18629.5	0	6
9	3	4.5	0	3
11	4	0.3	1	3 1
12	31	0.1	1	27 4
13	2	0.0	1	2
14	5	0.0	1	5
15	3	0.0	1	2 1
16	13	0.0	1	7 6
17	17	0.0	1	10 7
18	81	0.0	1	39 42
19	3738	0.0	1	1007 2731
20	792890	0.0	1	567128 225762
21	3789	0.0	1	2238 1551
22	678	0.0	1	541 137
23	11	0.0	1	11
24	3	0.0	1	3
25	8	0.0	1	7 1
26	5	0.0	1	5
27	6	0.0	1	5 1
28	5	0.0	1	4 1
29	5	0.0	1	5
30	3	0.0	1	3
31	4	0.0	1	4
32	71	0.0	1	0 71
33	3	0.0	1	1 2
34	3	0.0	1	2 1
35	7	0.0	1	2 5
36	6	0.0	1	1 5
37	1	0.0	1	1
38	1	0.0	1	1
39	1	0.0	1	0 1
43	1	0.0	1	1
44	1	0.0	1	1
45	1	0.0	1	1
47	1	0.0	1	0 1


=== Second read: Adapter 2 ===

Sequence: GGACTACNVGGGTWTCTAAT; Type: regular 5'; Length: 20; Trimmed: 773903 times

Minimum overlap: 3
No. of allowed errors:
1-9 bp: 0; 10-19 bp: 1

Overview of removed sequences
length	count	expect	max.err	error counts
3	12	18629.5	0	12
10	3	1.1	1	3
11	8	0.3	1	6 2
12	1	0.1	1	1
13	4	0.0	1	4
14	10	0.0	1	10
15	8	0.0	1	3 5
16	8	0.0	1	5 3
17	4	0.0	1	4
18	24	0.0	1	17 7
19	32	0.0	1	14 18
20	9138	0.0	1	472 8666
21	758200	0.0	1	661672 96528
22	6080	0.0	1	2837 3243
23	337	0.0	1	307 30
24	4	0.0	1	1 3
25	2	0.0	1	2
26	2	0.0	1	2
27	3	0.0	1	1 2
29	1	0.0	1	0 1
31	3	0.0	1	3
32	4	0.0	1	4
33	1	0.0	1	1
34	4	0.0	1	4
35	1	0.0	1	1
36	1	0.0	1	0 1
38	2	0.0	1	1 1
39	3	0.0	1	3
45	2	0.0	1	2
62	1	0.0	1	1
Running cutadapt on: 2024_Warm03_Hyp02_G18_gut_S249
This is cutadapt 5.2 with Python 3.13.15
Command line parameters: -j 4 -g GTGYCAGCMGCCGCGGTAA -G GGACTACNVGGGTWTCTAAT -o /scratch4/workspace/jade_fiorilla_student_uml_edu-rawseqorcc/trimmed-cutadapt/2024_Warm03_Hyp02_G18_gut_S249_R1_trim.fastq -p /scratch4/workspace/jade_fiorilla_student_uml_edu-rawseqorcc/trimmed-cutadapt/2024_Warm03_Hyp02_G18_gut_S249_R2_trim.fastq /scratch4/workspace/jade_fiorilla_student_uml_edu-rawseqorcc/fastq/2024_Warm03_Hyp02_G18_gut_S249_R1_001.fastq.gz /scratch4/workspace/jade_fiorilla_student_uml_edu-rawseqorcc/fastq/2024_Warm03_Hyp02_G18_gut_S249_R2_001.fastq.gz
Processing paired-end reads on 4 cores ...

=== Summary ===

Total read pairs processed:            673,090
  Read 1 with adapter:                 665,484 (98.9%)
  Read 2 with adapter:                 665,707 (98.9%)
Pairs written (passing filters):       673,090 (100.0%)

Total basepairs processed:   405,200,180 bp
  Read 1:   202,600,090 bp
  Read 2:   202,600,090 bp
Total written (filtered):    375,263,004 bp (92.6%)
  Read 1:   187,968,226 bp
  Read 2:   187,294,778 bp

=== First read: Adapter 1 ===

Sequence: GTGYCAGCMGCCGCGGTAA; Type: regular 5'; Length: 19; Trimmed: 665484 times

Minimum overlap: 3
No. of allowed errors:
1-9 bp: 0; 10-19 bp: 1

Overview of removed sequences
length	count	expect	max.err	error counts
3	123	10517.0	0	123
8	2	10.3	0	2
9	3	2.6	0	3
11	5	0.2	1	4 1
12	118	0.0	1	110 8
13	19	0.0	1	16 3
14	12	0.0	1	6 6
15	35	0.0	1	15 20
16	52	0.0	1	42 10
17	43	0.0	1	11 32
18	106	0.0	1	78 28
19	278	0.0	1	239 39
20	462	0.0	1	299 163
21	3811	0.0	1	1358 2453
22	658862	0.0	1	640857 18005
23	1507	0.0	1	513 994
24	12	0.0	1	10 2
25	4	0.0	1	4
26	11	0.0	1	11
28	3	0.0	1	3
30	1	0.0	1	1
31	2	0.0	1	2
32	1	0.0	1	1
36	2	0.0	1	2
38	4	0.0	1	4
44	1	0.0	1	1
45	1	0.0	1	1
46	1	0.0	1	1
48	2	0.0	1	2
55	1	0.0	1	1


=== Second read: Adapter 2 ===

Sequence: GGACTACNVGGGTWTCTAAT; Type: regular 5'; Length: 20; Trimmed: 665707 times

Minimum overlap: 3
No. of allowed errors:
1-9 bp: 0; 10-19 bp: 1

Overview of removed sequences
length	count	expect	max.err	error counts
3	95	10517.0	0	95
5	2	657.3	0	2
9	2	2.6	0	2
10	1	0.6	1	1
11	1	0.2	1	0 1
12	9	0.0	1	4 5
13	13	0.0	1	8 5
14	6	0.0	1	3 3
15	6	0.0	1	0 6
16	13	0.0	1	6 7
17	13	0.0	1	8 5
18	27	0.0	1	12 15
19	61	0.0	1	33 28
20	152	0.0	1	135 17
21	198	0.0	1	159 39
22	4269	0.0	1	1037 3232
23	659124	0.0	1	626648 32476
24	1678	0.0	1	581 1097
25	4	0.0	1	3 1
26	1	0.0	1	1
28	1	0.0	1	1
29	1	0.0	1	1
30	10	0.0	1	10
31	1	0.0	1	1
32	2	0.0	1	1 1
33	5	0.0	1	1 4
34	3	0.0	1	3
35	1	0.0	1	1
37	2	0.0	1	2
38	1	0.0	1	1
39	1	0.0	1	0 1
40	1	0.0	1	0 1
44	1	0.0	1	1
47	1	0.0	1	1
51	1	0.0	1	1
Running cutadapt on: 2024_Warm03_Hyp03_G30_gill_S67
This is cutadapt 5.2 with Python 3.13.15
Command line parameters: -j 4 -g GTGYCAGCMGCCGCGGTAA -G GGACTACNVGGGTWTCTAAT -o /scratch4/workspace/jade_fiorilla_student_uml_edu-rawseqorcc/trimmed-cutadapt/2024_Warm03_Hyp03_G30_gill_S67_R1_trim.fastq -p /scratch4/workspace/jade_fiorilla_student_uml_edu-rawseqorcc/trimmed-cutadapt/2024_Warm03_Hyp03_G30_gill_S67_R2_trim.fastq /scratch4/workspace/jade_fiorilla_student_uml_edu-rawseqorcc/fastq/2024_Warm03_Hyp03_G30_gill_S67_R1_001.fastq.gz /scratch4/workspace/jade_fiorilla_student_uml_edu-rawseqorcc/fastq/2024_Warm03_Hyp03_G30_gill_S67_R2_001.fastq.gz
Processing paired-end reads on 4 cores ...

=== Summary ===

Total read pairs processed:            302,517
  Read 1 with adapter:                 202,691 (67.0%)
  Read 2 with adapter:                 108,018 (35.7%)
Pairs written (passing filters):       302,517 (100.0%)

Total basepairs processed:   182,115,234 bp
  Read 1:    91,057,617 bp
  Read 2:    91,057,617 bp
Total written (filtered):    175,795,087 bp (96.5%)
  Read 1:    87,004,770 bp
  Read 2:    88,790,317 bp

=== First read: Adapter 1 ===

Sequence: GTGYCAGCMGCCGCGGTAA; Type: regular 5'; Length: 19; Trimmed: 202691 times

Minimum overlap: 3
No. of allowed errors:
1-9 bp: 0; 10-19 bp: 1

Overview of removed sequences
length	count	expect	max.err	error counts
3	1	4726.8	0	1
10	1	0.3	1	0 1
11	1	0.1	1	1
12	16	0.0	1	5 11
14	3	0.0	1	0 3
15	2	0.0	1	0 2
16	5	0.0	1	4 1
17	8	0.0	1	3 5
18	24	0.0	1	6 18
19	6940	0.0	1	2904 4036
20	190311	0.0	1	94846 95465
21	4605	0.0	1	2774 1831
22	764	0.0	1	637 127
23	3	0.0	1	2 1
26	2	0.0	1	2
32	1	0.0	1	0 1
34	1	0.0	1	0 1
42	2	0.0	1	1 1
47	1	0.0	1	0 1


=== Second read: Adapter 2 ===

Sequence: GGACTACNVGGGTWTCTAAT; Type: regular 5'; Length: 20; Trimmed: 108018 times

Minimum overlap: 3
No. of allowed errors:
1-9 bp: 0; 10-19 bp: 1

Overview of removed sequences
length	count	expect	max.err	error counts
3	1	4726.8	0	1
13	2	0.0	1	2
14	2	0.0	1	2
18	3	0.0	1	2 1
19	25	0.0	1	7 18
20	4247	0.0	1	3054 1193
21	100854	0.0	1	96379 4475
22	2517	0.0	1	1697 820
23	362	0.0	1	344 18
24	2	0.0	1	1 1
25	1	0.0	1	1
31	1	0.0	1	1
36	1	0.0	1	1
Running cutadapt on: 2024_Warm03_Hyp03_G30_gut_S68
This is cutadapt 5.2 with Python 3.13.15
Command line parameters: -j 4 -g GTGYCAGCMGCCGCGGTAA -G GGACTACNVGGGTWTCTAAT -o /scratch4/workspace/jade_fiorilla_student_uml_edu-rawseqorcc/trimmed-cutadapt/2024_Warm03_Hyp03_G30_gut_S68_R1_trim.fastq -p /scratch4/workspace/jade_fiorilla_student_uml_edu-rawseqorcc/trimmed-cutadapt/2024_Warm03_Hyp03_G30_gut_S68_R2_trim.fastq /scratch4/workspace/jade_fiorilla_student_uml_edu-rawseqorcc/fastq/2024_Warm03_Hyp03_G30_gut_S68_R1_001.fastq.gz /scratch4/workspace/jade_fiorilla_student_uml_edu-rawseqorcc/fastq/2024_Warm03_Hyp03_G30_gut_S68_R2_001.fastq.gz
Processing paired-end reads on 4 cores ...

=== Summary ===

Total read pairs processed:            732,940
  Read 1 with adapter:                 604,950 (82.5%)
  Read 2 with adapter:                 463,203 (63.2%)
Pairs written (passing filters):       732,940 (100.0%)

Total basepairs processed:   441,229,880 bp
  Read 1:   220,614,940 bp
  Read 2:   220,614,940 bp
Total written (filtered):    419,407,149 bp (95.1%)
  Read 1:   208,517,305 bp
  Read 2:   210,889,844 bp

=== First read: Adapter 1 ===

Sequence: GTGYCAGCMGCCGCGGTAA; Type: regular 5'; Length: 19; Trimmed: 604950 times

Minimum overlap: 3
No. of allowed errors:
1-9 bp: 0; 10-19 bp: 1

Overview of removed sequences
length	count	expect	max.err	error counts
3	6	11452.2	0	6
9	2	2.8	0	2
11	1	0.2	1	1
12	24	0.0	1	19 5
13	3	0.0	1	2 1
14	3	0.0	1	1 2
15	3	0.0	1	1 2
16	20	0.0	1	13 7
17	15	0.0	1	7 8
18	71	0.0	1	42 29
19	9331	0.0	1	3391 5940
20	589053	0.0	1	445962 143091
21	4719	0.0	1	2466 2253
22	1640	0.0	1	1335 305
23	4	0.0	1	3 1
24	7	0.0	1	5 2
25	5	0.0	1	1 4
26	9	0.0	1	7 2
27	3	0.0	1	3
28	5	0.0	1	4 1
29	2	0.0	1	2
30	1	0.0	1	1
31	2	0.0	1	2
33	1	0.0	1	1
34	6	0.0	1	1 5
35	3	0.0	1	2 1
37	2	0.0	1	2
38	1	0.0	1	1
39	2	0.0	1	2
40	2	0.0	1	0 2
41	1	0.0	1	0 1
42	1	0.0	1	0 1
54	2	0.0	1	2


=== Second read: Adapter 2 ===

Sequence: GGACTACNVGGGTWTCTAAT; Type: regular 5'; Length: 20; Trimmed: 463203 times

Minimum overlap: 3
No. of allowed errors:
1-9 bp: 0; 10-19 bp: 1

Overview of removed sequences
length	count	expect	max.err	error counts
3	9	11452.2	0	9
4	1	2863.0	0	1
10	1	0.7	1	1
11	1	0.2	1	1
12	2	0.0	1	0 2
13	1	0.0	1	1
14	7	0.0	1	2 5
15	7	0.0	1	2 5
16	7	0.0	1	2 5
17	7	0.0	1	3 4
18	18	0.0	1	13 5
19	46	0.0	1	21 25
20	5697	0.0	1	3606 2091
21	454219	0.0	1	445139 9080
22	2442	0.0	1	1562 880
23	718	0.0	1	684 34
24	4	0.0	1	1 3
25	2	0.0	1	2
26	1	0.0	1	1
27	2	0.0	1	2
28	3	0.0	1	2 1
29	1	0.0	1	1
30	1	0.0	1	1
32	1	0.0	1	1
33	2	0.0	1	2
40	1	0.0	1	1
45	1	0.0	1	1
46	1	0.0	1	1
Running cutadapt on: 2024_Warm03_Null_G21_gill_S257
This is cutadapt 5.2 with Python 3.13.15
Command line parameters: -j 4 -g GTGYCAGCMGCCGCGGTAA -G GGACTACNVGGGTWTCTAAT -o /scratch4/workspace/jade_fiorilla_student_uml_edu-rawseqorcc/trimmed-cutadapt/2024_Warm03_Null_G21_gill_S257_R1_trim.fastq -p /scratch4/workspace/jade_fiorilla_student_uml_edu-rawseqorcc/trimmed-cutadapt/2024_Warm03_Null_G21_gill_S257_R2_trim.fastq /scratch4/workspace/jade_fiorilla_student_uml_edu-rawseqorcc/fastq/2024_Warm03_Null_G21_gill_S257_R1_001.fastq.gz /scratch4/workspace/jade_fiorilla_student_uml_edu-rawseqorcc/fastq/2024_Warm03_Null_G21_gill_S257_R2_001.fastq.gz
Processing paired-end reads on 4 cores ...

=== Summary ===

Total read pairs processed:            568,994
  Read 1 with adapter:                 235,668 (41.4%)
  Read 2 with adapter:                 525,086 (92.3%)
Pairs written (passing filters):       568,994 (100.0%)

Total basepairs processed:   342,534,388 bp
  Read 1:   171,267,194 bp
  Read 2:   171,267,194 bp
Total written (filtered):    326,036,467 bp (95.2%)
  Read 1:   166,318,865 bp
  Read 2:   159,717,602 bp

=== First read: Adapter 1 ===

Sequence: GTGYCAGCMGCCGCGGTAA; Type: regular 5'; Length: 19; Trimmed: 235668 times

Minimum overlap: 3
No. of allowed errors:
1-9 bp: 0; 10-19 bp: 1

Overview of removed sequences
length	count	expect	max.err	error counts
3	25	8890.5	0	25
9	1	2.2	0	1
11	1	0.1	1	0 1
12	6	0.0	1	5 1
13	1	0.0	1	0 1
14	2	0.0	1	1 1
15	2	0.0	1	0 2
16	4	0.0	1	2 2
17	4	0.0	1	2 2
18	7	0.0	1	1 6
19	273	0.0	1	249 24
20	1080	0.0	1	358 722
21	232829	0.0	1	165409 67420
22	1423	0.0	1	959 464
23	2	0.0	1	1 1
25	1	0.0	1	1
27	1	0.0	1	1
29	1	0.0	1	1
37	2	0.0	1	2
43	2	0.0	1	2
44	1	0.0	1	1


=== Second read: Adapter 2 ===

Sequence: GGACTACNVGGGTWTCTAAT; Type: regular 5'; Length: 20; Trimmed: 525086 times

Minimum overlap: 3
No. of allowed errors:
1-9 bp: 0; 10-19 bp: 1

Overview of removed sequences
length	count	expect	max.err	error counts
3	6	8890.5	0	6
10	4	0.5	1	3 1
12	2	0.0	1	2
13	1	0.0	1	1
14	9	0.0	1	6 3
15	11	0.0	1	4 7
16	3	0.0	1	1 2
17	7	0.0	1	6 1
18	17	0.0	1	12 5
19	45	0.0	1	33 12
20	329	0.0	1	287 42
21	3497	0.0	1	591 2906
22	518836	0.0	1	485948 32888
23	2302	0.0	1	1315 987
24	4	0.0	1	0 4
25	1	0.0	1	1
27	1	0.0	1	1
28	2	0.0	1	2
31	1	0.0	1	1
32	1	0.0	1	1
34	2	0.0	1	2
35	1	0.0	1	1
37	2	0.0	1	2
39	1	0.0	1	1
40	1	0.0	1	0 1
Running cutadapt on: 2024_Warm03_Null_G21_gut_S90
This is cutadapt 5.2 with Python 3.13.15
Command line parameters: -j 4 -g GTGYCAGCMGCCGCGGTAA -G GGACTACNVGGGTWTCTAAT -o /scratch4/workspace/jade_fiorilla_student_uml_edu-rawseqorcc/trimmed-cutadapt/2024_Warm03_Null_G21_gut_S90_R1_trim.fastq -p /scratch4/workspace/jade_fiorilla_student_uml_edu-rawseqorcc/trimmed-cutadapt/2024_Warm03_Null_G21_gut_S90_R2_trim.fastq /scratch4/workspace/jade_fiorilla_student_uml_edu-rawseqorcc/fastq/2024_Warm03_Null_G21_gut_S90_R1_001.fastq.gz /scratch4/workspace/jade_fiorilla_student_uml_edu-rawseqorcc/fastq/2024_Warm03_Null_G21_gut_S90_R2_001.fastq.gz
Processing paired-end reads on 4 cores ...

=== Summary ===

Total read pairs processed:            708,449
  Read 1 with adapter:                 535,855 (75.6%)
  Read 2 with adapter:                 365,583 (51.6%)
Pairs written (passing filters):       708,449 (100.0%)

Total basepairs processed:   426,486,298 bp
  Read 1:   213,243,149 bp
  Read 2:   213,243,149 bp
Total written (filtered):    407,201,915 bp (95.5%)
  Read 1:   201,997,767 bp
  Read 2:   205,204,148 bp

=== First read: Adapter 1 ===

Sequence: GTGYCAGCMGCCGCGGTAA; Type: regular 5'; Length: 19; Trimmed: 535855 times

Minimum overlap: 3
No. of allowed errors:
1-9 bp: 0; 10-19 bp: 1

Overview of removed sequences
length	count	expect	max.err	error counts
3	7	11069.5	0	7
12	30	0.0	1	21 9
13	2	0.0	1	1 1
14	3	0.0	1	0 3
15	7	0.0	1	1 6
16	12	0.0	1	6 6
17	6	0.0	1	0 6
18	34	0.0	1	17 17
19	2373	0.0	1	754 1619
20	4079	0.0	1	2395 1684
21	527959	0.0	1	349555 178404
22	1290	0.0	1	542 748
23	4	0.0	1	1 3
24	9	0.0	1	5 4
25	1	0.0	1	1
26	5	0.0	1	2 3
28	1	0.0	1	0 1
29	2	0.0	1	2
30	3	0.0	1	3
32	5	0.0	1	4 1
33	1	0.0	1	1
34	5	0.0	1	3 2
35	3	0.0	1	2 1
36	1	0.0	1	1
38	2	0.0	1	1 1
40	4	0.0	1	0 4
43	2	0.0	1	1 1
44	1	0.0	1	1
48	1	0.0	1	1
49	1	0.0	1	0 1
65	2	0.0	1	0 2


=== Second read: Adapter 2 ===

Sequence: GGACTACNVGGGTWTCTAAT; Type: regular 5'; Length: 20; Trimmed: 365583 times

Minimum overlap: 3
No. of allowed errors:
1-9 bp: 0; 10-19 bp: 1

Overview of removed sequences
length	count	expect	max.err	error counts
3	9	11069.5	0	9
10	1	0.7	1	0 1
11	8	0.2	1	6 2
12	3	0.0	1	2 1
13	1	0.0	1	1
15	4	0.0	1	2 2
16	11	0.0	1	5 6
17	4	0.0	1	4
18	18	0.0	1	15 3
19	28	0.0	1	13 15
20	428	0.0	1	387 41
21	3455	0.0	1	1515 1940
22	360607	0.0	1	351648 8959
23	993	0.0	1	431 562
24	7	0.0	1	1 6
26	2	0.0	1	2
30	2	0.0	1	2
39	1	0.0	1	1
40	1	0.0	1	1
Running cutadapt on: 2024_Warm04_Cont05_G55_gill_S254
This is cutadapt 5.2 with Python 3.13.15
Command line parameters: -j 4 -g GTGYCAGCMGCCGCGGTAA -G GGACTACNVGGGTWTCTAAT -o /scratch4/workspace/jade_fiorilla_student_uml_edu-rawseqorcc/trimmed-cutadapt/2024_Warm04_Cont05_G55_gill_S254_R1_trim.fastq -p /scratch4/workspace/jade_fiorilla_student_uml_edu-rawseqorcc/trimmed-cutadapt/2024_Warm04_Cont05_G55_gill_S254_R2_trim.fastq /scratch4/workspace/jade_fiorilla_student_uml_edu-rawseqorcc/fastq/2024_Warm04_Cont05_G55_gill_S254_R1_001.fastq.gz /scratch4/workspace/jade_fiorilla_student_uml_edu-rawseqorcc/fastq/2024_Warm04_Cont05_G55_gill_S254_R2_001.fastq.gz
Processing paired-end reads on 4 cores ...

=== Summary ===

Total read pairs processed:            732,450
  Read 1 with adapter:                 718,688 (98.1%)
  Read 2 with adapter:                 716,630 (97.8%)
Pairs written (passing filters):       732,450 (100.0%)

Total basepairs processed:   440,934,900 bp
  Read 1:   220,467,450 bp
  Read 2:   220,467,450 bp
Total written (filtered):    408,686,881 bp (92.7%)
  Read 1:   204,668,535 bp
  Read 2:   204,018,346 bp

=== First read: Adapter 1 ===

Sequence: GTGYCAGCMGCCGCGGTAA; Type: regular 5'; Length: 19; Trimmed: 718688 times

Minimum overlap: 3
No. of allowed errors:
1-9 bp: 0; 10-19 bp: 1

Overview of removed sequences
length	count	expect	max.err	error counts
3	275	11444.5	0	275
9	6	2.8	0	6
11	5	0.2	1	4 1
12	122	0.0	1	108 14
13	30	0.0	1	16 14
14	22	0.0	1	11 11
15	28	0.0	1	18 10
16	75	0.0	1	53 22
17	55	0.0	1	33 22
18	120	0.0	1	75 45
19	232	0.0	1	185 47
20	725	0.0	1	500 225
21	3927	0.0	1	1254 2673
22	711378	0.0	1	664769 46609
23	1638	0.0	1	502 1136
24	4	0.0	1	1 3
25	2	0.0	1	2
26	8	0.0	1	8
27	2	0.0	1	2
28	3	0.0	1	3
29	1	0.0	1	1
31	1	0.0	1	1
32	1	0.0	1	1
33	3	0.0	1	3
35	1	0.0	1	1
37	1	0.0	1	1
38	3	0.0	1	3
39	5	0.0	1	4 1
40	4	0.0	1	4
41	2	0.0	1	2
44	1	0.0	1	1
46	3	0.0	1	3
47	1	0.0	1	1
50	3	0.0	1	3
54	1	0.0	1	1


=== Second read: Adapter 2 ===

Sequence: GGACTACNVGGGTWTCTAAT; Type: regular 5'; Length: 20; Trimmed: 716630 times

Minimum overlap: 3
No. of allowed errors:
1-9 bp: 0; 10-19 bp: 1

Overview of removed sequences
length	count	expect	max.err	error counts
3	220	11444.5	0	220
4	2	2861.1	0	2
5	4	715.3	0	4
10	2	0.7	1	2
11	3	0.2	1	3
12	2	0.0	1	1 1
13	6	0.0	1	2 4
14	10	0.0	1	7 3
15	8	0.0	1	3 5
16	4	0.0	1	1 3
17	22	0.0	1	16 6
18	21	0.0	1	12 9
19	50	0.0	1	34 16
20	154	0.0	1	132 22
21	376	0.0	1	264 112
22	29264	0.0	1	1010 28254
23	684529	0.0	1	666297 18232
24	1895	0.0	1	621 1274
25	12	0.0	1	10 2
26	3	0.0	1	3
27	3	0.0	1	3
28	8	0.0	1	7 1
29	7	0.0	1	7
30	2	0.0	1	1 1
31	4	0.0	1	0 4
32	5	0.0	1	5
33	3	0.0	1	3
37	1	0.0	1	1
38	1	0.0	1	1
40	1	0.0	1	1
42	3	0.0	1	3
46	1	0.0	1	1
47	4	0.0	1	4
Running cutadapt on: 2024_Warm04_Cont05_G55_gut_S180
This is cutadapt 5.2 with Python 3.13.15
Command line parameters: -j 4 -g GTGYCAGCMGCCGCGGTAA -G GGACTACNVGGGTWTCTAAT -o /scratch4/workspace/jade_fiorilla_student_uml_edu-rawseqorcc/trimmed-cutadapt/2024_Warm04_Cont05_G55_gut_S180_R1_trim.fastq -p /scratch4/workspace/jade_fiorilla_student_uml_edu-rawseqorcc/trimmed-cutadapt/2024_Warm04_Cont05_G55_gut_S180_R2_trim.fastq /scratch4/workspace/jade_fiorilla_student_uml_edu-rawseqorcc/fastq/2024_Warm04_Cont05_G55_gut_S180_R1_001.fastq.gz /scratch4/workspace/jade_fiorilla_student_uml_edu-rawseqorcc/fastq/2024_Warm04_Cont05_G55_gut_S180_R2_001.fastq.gz
Processing paired-end reads on 4 cores ...

=== Summary ===

Total read pairs processed:          1,888,990
  Read 1 with adapter:               1,387,069 (73.4%)
  Read 2 with adapter:                 766,045 (40.6%)
Pairs written (passing filters):     1,888,990 (100.0%)

Total basepairs processed: 1,137,171,980 bp
  Read 1:   568,585,990 bp
  Read 2:   568,585,990 bp
Total written (filtered):  1,095,538,576 bp (96.3%)
  Read 1:   542,213,331 bp
  Read 2:   553,325,245 bp

=== First read: Adapter 1 ===

Sequence: GTGYCAGCMGCCGCGGTAA; Type: regular 5'; Length: 19; Trimmed: 1387069 times

Minimum overlap: 3
No. of allowed errors:
1-9 bp: 0; 10-19 bp: 1

Overview of removed sequences
length	count	expect	max.err	error counts
3	3	29515.5	0	3
9	1	7.2	0	1
10	1	1.8	1	1
11	3	0.5	1	0 3
12	69	0.1	1	32 37
13	15	0.0	1	8 7
14	6	0.0	1	1 5
15	12	0.0	1	5 7
16	46	0.0	1	28 18
17	82	0.0	1	47 35
18	2567	0.0	1	350 2217
19	1368732	0.0	1	640414 728318
20	11237	0.0	1	7019 4218
21	3317	0.0	1	2774 543
22	893	0.0	1	655 238
23	4	0.0	1	1 3
24	1	0.0	1	1
25	1	0.0	1	0 1
27	1	0.0	1	0 1
28	1	0.0	1	1
29	4	0.0	1	2 2
30	9	0.0	1	4 5
31	1	0.0	1	1
33	15	0.0	1	13 2
34	5	0.0	1	4 1
35	4	0.0	1	1 3
36	1	0.0	1	0 1
37	7	0.0	1	7
38	8	0.0	1	5 3
39	4	0.0	1	2 2
42	7	0.0	1	0 7
43	2	0.0	1	0 2
44	2	0.0	1	0 2
45	1	0.0	1	0 1
46	2	0.0	1	0 2
48	2	0.0	1	0 2
50	3	0.0	1	0 3


=== Second read: Adapter 2 ===

Sequence: GGACTACNVGGGTWTCTAAT; Type: regular 5'; Length: 20; Trimmed: 766045 times

Minimum overlap: 3
No. of allowed errors:
1-9 bp: 0; 10-19 bp: 1

Overview of removed sequences
length	count	expect	max.err	error counts
11	3	0.5	1	1 2
12	2	0.1	1	2
13	6	0.0	1	2 4
14	12	0.0	1	5 7
15	11	0.0	1	7 4
16	4	0.0	1	0 4
17	20	0.0	1	16 4
18	90	0.0	1	14 76
19	73883	0.0	1	431 73452
20	680280	0.0	1	641517 38763
21	9865	0.0	1	7647 2218
22	1490	0.0	1	1368 122
23	351	0.0	1	282 69
24	7	0.0	1	5 2
25	2	0.0	1	1 1
26	2	0.0	1	2
27	1	0.0	1	1
28	2	0.0	1	2
29	2	0.0	1	0 2
31	1	0.0	1	1
33	5	0.0	1	5
37	2	0.0	1	0 2
38	1	0.0	1	1
43	1	0.0	1	1
45	1	0.0	1	1
51	1	0.0	1	1
Running cutadapt on: 2024_Warm04_Hyp01_G8_gill_S244
This is cutadapt 5.2 with Python 3.13.15
Command line parameters: -j 4 -g GTGYCAGCMGCCGCGGTAA -G GGACTACNVGGGTWTCTAAT -o /scratch4/workspace/jade_fiorilla_student_uml_edu-rawseqorcc/trimmed-cutadapt/2024_Warm04_Hyp01_G8_gill_S244_R1_trim.fastq -p /scratch4/workspace/jade_fiorilla_student_uml_edu-rawseqorcc/trimmed-cutadapt/2024_Warm04_Hyp01_G8_gill_S244_R2_trim.fastq /scratch4/workspace/jade_fiorilla_student_uml_edu-rawseqorcc/fastq/2024_Warm04_Hyp01_G8_gill_S244_R1_001.fastq.gz /scratch4/workspace/jade_fiorilla_student_uml_edu-rawseqorcc/fastq/2024_Warm04_Hyp01_G8_gill_S244_R2_001.fastq.gz
Processing paired-end reads on 4 cores ...

=== Summary ===

Total read pairs processed:            640,951
  Read 1 with adapter:                 630,003 (98.3%)
  Read 2 with adapter:                 632,446 (98.7%)
Pairs written (passing filters):       640,951 (100.0%)

Total basepairs processed:   385,852,502 bp
  Read 1:   192,926,251 bp
  Read 2:   192,926,251 bp
Total written (filtered):    357,484,289 bp (92.6%)
  Read 1:   179,087,759 bp
  Read 2:   178,396,530 bp

=== First read: Adapter 1 ===

Sequence: GTGYCAGCMGCCGCGGTAA; Type: regular 5'; Length: 19; Trimmed: 630003 times

Minimum overlap: 3
No. of allowed errors:
1-9 bp: 0; 10-19 bp: 1

Overview of removed sequences
length	count	expect	max.err	error counts
3	241	10014.9	0	241
8	4	9.8	0	4
9	2	2.4	0	2
11	9	0.2	1	8 1
12	127	0.0	1	121 6
13	3	0.0	1	2 1
14	16	0.0	1	7 9
15	10	0.0	1	5 5
16	51	0.0	1	40 11
17	35	0.0	1	27 8
18	111	0.0	1	90 21
19	3692	0.0	1	3529 163
20	948	0.0	1	719 229
21	3393	0.0	1	1267 2126
22	619655	0.0	1	595514 24141
23	1667	0.0	1	491 1176
24	9	0.0	1	3 6
25	1	0.0	1	1
26	9	0.0	1	9
28	2	0.0	1	2
29	3	0.0	1	3
30	5	0.0	1	5
32	1	0.0	1	1
36	2	0.0	1	2
37	2	0.0	1	2
40	2	0.0	1	2
43	1	0.0	1	1
44	1	0.0	1	1
49	1	0.0	1	1


=== Second read: Adapter 2 ===

Sequence: GGACTACNVGGGTWTCTAAT; Type: regular 5'; Length: 20; Trimmed: 632446 times

Minimum overlap: 3
No. of allowed errors:
1-9 bp: 0; 10-19 bp: 1

Overview of removed sequences
length	count	expect	max.err	error counts
3	69	10014.9	0	69
4	3	2503.7	0	3
5	2	625.9	0	2
10	2	0.6	1	2
11	3	0.2	1	3
12	1	0.0	1	0 1
13	9	0.0	1	8 1
14	9	0.0	1	0 9
15	11	0.0	1	1 10
16	10	0.0	1	2 8
17	24	0.0	1	14 10
18	29	0.0	1	22 7
19	47	0.0	1	25 22
20	3811	0.0	1	3680 131
21	468	0.0	1	380 88
22	3862	0.0	1	882 2980
23	622411	0.0	1	599720 22691
24	1624	0.0	1	552 1072
25	11	0.0	1	6 5
27	8	0.0	1	7 1
29	2	0.0	1	2
30	6	0.0	1	6
32	6	0.0	1	6
33	4	0.0	1	3 1
34	2	0.0	1	2
35	2	0.0	1	2
36	3	0.0	1	1 2
39	2	0.0	1	2
40	2	0.0	1	2
46	3	0.0	1	3
Running cutadapt on: 2024_Warm04_Hyp01_G8_gut_S44
This is cutadapt 5.2 with Python 3.13.15
Command line parameters: -j 4 -g GTGYCAGCMGCCGCGGTAA -G GGACTACNVGGGTWTCTAAT -o /scratch4/workspace/jade_fiorilla_student_uml_edu-rawseqorcc/trimmed-cutadapt/2024_Warm04_Hyp01_G8_gut_S44_R1_trim.fastq -p /scratch4/workspace/jade_fiorilla_student_uml_edu-rawseqorcc/trimmed-cutadapt/2024_Warm04_Hyp01_G8_gut_S44_R2_trim.fastq /scratch4/workspace/jade_fiorilla_student_uml_edu-rawseqorcc/fastq/2024_Warm04_Hyp01_G8_gut_S44_R1_001.fastq.gz /scratch4/workspace/jade_fiorilla_student_uml_edu-rawseqorcc/fastq/2024_Warm04_Hyp01_G8_gut_S44_R2_001.fastq.gz
Processing paired-end reads on 4 cores ...

=== Summary ===

Total read pairs processed:            746,035
  Read 1 with adapter:                 523,510 (70.2%)
  Read 2 with adapter:                 303,467 (40.7%)
Pairs written (passing filters):       746,035 (100.0%)

Total basepairs processed:   449,113,070 bp
  Read 1:   224,556,535 bp
  Read 2:   224,556,535 bp
Total written (filtered):    432,271,061 bp (96.2%)
  Read 1:   214,085,851 bp
  Read 2:   218,185,210 bp

=== First read: Adapter 1 ===

Sequence: GTGYCAGCMGCCGCGGTAA; Type: regular 5'; Length: 19; Trimmed: 523510 times

Minimum overlap: 3
No. of allowed errors:
1-9 bp: 0; 10-19 bp: 1

Overview of removed sequences
length	count	expect	max.err	error counts
3	2	11656.8	0	2
9	2	2.8	0	2
11	2	0.2	1	2
12	25	0.0	1	16 9
13	9	0.0	1	5 4
14	4	0.0	1	2 2
15	5	0.0	1	1 4
16	15	0.0	1	7 8
17	14	0.0	1	6 8
18	66	0.0	1	22 44
19	7526	0.0	1	3930 3596
20	509172	0.0	1	283664 225508
21	5197	0.0	1	3241 1956
22	1421	0.0	1	1224 197
23	6	0.0	1	1 5
24	3	0.0	1	1 2
25	2	0.0	1	1 1
26	1	0.0	1	0 1
27	3	0.0	1	1 2
28	4	0.0	1	1 3
29	3	0.0	1	3
30	1	0.0	1	0 1
31	1	0.0	1	0 1
32	1	0.0	1	0 1
33	3	0.0	1	2 1
34	2	0.0	1	0 2
35	13	0.0	1	1 12
37	1	0.0	1	1
38	1	0.0	1	0 1
41	1	0.0	1	1
43	2	0.0	1	0 2
54	2	0.0	1	0 2


=== Second read: Adapter 2 ===

Sequence: GGACTACNVGGGTWTCTAAT; Type: regular 5'; Length: 20; Trimmed: 303467 times

Minimum overlap: 3
No. of allowed errors:
1-9 bp: 0; 10-19 bp: 1

Overview of removed sequences
length	count	expect	max.err	error counts
3	1	11656.8	0	1
10	1	0.7	1	1
11	1	0.2	1	0 1
13	2	0.0	1	2
14	6	0.0	1	1 5
15	9	0.0	1	2 7
16	3	0.0	1	2 1
17	5	0.0	1	2 3
18	12	0.0	1	11 1
19	43	0.0	1	16 27
20	5482	0.0	1	4182 1300
21	294217	0.0	1	283380 10837
22	3160	0.0	1	2510 650
23	509	0.0	1	483 26
24	1	0.0	1	0 1
25	7	0.0	1	7
27	1	0.0	1	1
28	1	0.0	1	0 1
29	3	0.0	1	3
31	1	0.0	1	0 1
47	2	0.0	1	2
Running cutadapt on: 2024_Warm04_Null_G27_gill_S192
This is cutadapt 5.2 with Python 3.13.15
Command line parameters: -j 4 -g GTGYCAGCMGCCGCGGTAA -G GGACTACNVGGGTWTCTAAT -o /scratch4/workspace/jade_fiorilla_student_uml_edu-rawseqorcc/trimmed-cutadapt/2024_Warm04_Null_G27_gill_S192_R1_trim.fastq -p /scratch4/workspace/jade_fiorilla_student_uml_edu-rawseqorcc/trimmed-cutadapt/2024_Warm04_Null_G27_gill_S192_R2_trim.fastq /scratch4/workspace/jade_fiorilla_student_uml_edu-rawseqorcc/fastq/2024_Warm04_Null_G27_gill_S192_R1_001.fastq.gz /scratch4/workspace/jade_fiorilla_student_uml_edu-rawseqorcc/fastq/2024_Warm04_Null_G27_gill_S192_R2_001.fastq.gz
Processing paired-end reads on 4 cores ...

=== Summary ===

Total read pairs processed:          2,428,871
  Read 1 with adapter:               2,367,950 (97.5%)
  Read 2 with adapter:               2,333,692 (96.1%)
Pairs written (passing filters):     2,428,871 (100.0%)

Total basepairs processed: 1,462,180,342 bp
  Read 1:   731,090,171 bp
  Read 2:   731,090,171 bp
Total written (filtered):  1,369,705,153 bp (93.7%)
  Read 1:   685,694,494 bp
  Read 2:   684,010,659 bp

=== First read: Adapter 1 ===

Sequence: GTGYCAGCMGCCGCGGTAA; Type: regular 5'; Length: 19; Trimmed: 2367950 times

Minimum overlap: 3
No. of allowed errors:
1-9 bp: 0; 10-19 bp: 1

Overview of removed sequences
length	count	expect	max.err	error counts
3	8	37951.1	0	8
5	2	2371.9	0	2
9	6	9.3	0	6
11	6	0.6	1	5 1
12	76	0.1	1	71 5
13	12	0.0	1	9 3
14	16	0.0	1	7 9
15	16	0.0	1	6 10
16	77	0.0	1	49 28
17	130	0.0	1	89 41
18	4820	0.0	1	753 4067
19	1961247	0.0	1	1861735 99512
20	396476	0.0	1	372464 24012
21	1617	0.0	1	726 891
22	3343	0.0	1	2951 392
23	16	0.0	1	11 5
24	2	0.0	1	2
25	3	0.0	1	3
26	2	0.0	1	2
27	1	0.0	1	0 1
28	8	0.0	1	8
29	10	0.0	1	2 8
30	6	0.0	1	5 1
31	1	0.0	1	1
32	10	0.0	1	9 1
33	3	0.0	1	3
34	15	0.0	1	14 1
35	2	0.0	1	2
36	3	0.0	1	3
37	4	0.0	1	4
39	1	0.0	1	1
42	4	0.0	1	4
43	2	0.0	1	2
44	3	0.0	1	3
46	1	0.0	1	1
52	1	0.0	1	1


=== Second read: Adapter 2 ===

Sequence: GGACTACNVGGGTWTCTAAT; Type: regular 5'; Length: 20; Trimmed: 2333692 times

Minimum overlap: 3
No. of allowed errors:
1-9 bp: 0; 10-19 bp: 1

Overview of removed sequences
length	count	expect	max.err	error counts
3	17	37951.1	0	17
9	2	9.3	0	2
10	7	2.3	1	7
11	5	0.6	1	5
12	3	0.1	1	3
13	24	0.0	1	22 2
14	30	0.0	1	8 22
15	19	0.0	1	2 17
16	20	0.0	1	4 16
17	44	0.0	1	31 13
18	86	0.0	1	50 36
19	7712	0.0	1	973 6739
20	1922228	0.0	1	1874388 47840
21	397624	0.0	1	383211 14413
22	1492	0.0	1	661 831
23	4281	0.0	1	4058 223
24	21	0.0	1	12 9
25	7	0.0	1	7
26	6	0.0	1	6
27	2	0.0	1	2
28	1	0.0	1	1
29	4	0.0	1	4
30	13	0.0	1	11 2
31	3	0.0	1	2 1
32	6	0.0	1	6
33	2	0.0	1	2
34	1	0.0	1	1
35	1	0.0	1	1
36	1	0.0	1	1
37	5	0.0	1	4 1
39	4	0.0	1	4
41	2	0.0	1	2
44	1	0.0	1	1
45	11	0.0	1	11
46	4	0.0	1	4
47	2	0.0	1	2
51	1	0.0	1	1
Running cutadapt on: 2024_Warm04_Null_G27_gut_S91
This is cutadapt 5.2 with Python 3.13.15
Command line parameters: -j 4 -g GTGYCAGCMGCCGCGGTAA -G GGACTACNVGGGTWTCTAAT -o /scratch4/workspace/jade_fiorilla_student_uml_edu-rawseqorcc/trimmed-cutadapt/2024_Warm04_Null_G27_gut_S91_R1_trim.fastq -p /scratch4/workspace/jade_fiorilla_student_uml_edu-rawseqorcc/trimmed-cutadapt/2024_Warm04_Null_G27_gut_S91_R2_trim.fastq /scratch4/workspace/jade_fiorilla_student_uml_edu-rawseqorcc/fastq/2024_Warm04_Null_G27_gut_S91_R1_001.fastq.gz /scratch4/workspace/jade_fiorilla_student_uml_edu-rawseqorcc/fastq/2024_Warm04_Null_G27_gut_S91_R2_001.fastq.gz
Processing paired-end reads on 4 cores ...

=== Summary ===

Total read pairs processed:          1,136,069
  Read 1 with adapter:                 663,776 (58.4%)
  Read 2 with adapter:                 226,633 (19.9%)
Pairs written (passing filters):     1,136,069 (100.0%)

Total basepairs processed:   683,913,538 bp
  Read 1:   341,956,769 bp
  Read 2:   341,956,769 bp
Total written (filtered):    665,000,141 bp (97.2%)
  Read 1:   328,024,887 bp
  Read 2:   336,975,254 bp

=== First read: Adapter 1 ===

Sequence: GTGYCAGCMGCCGCGGTAA; Type: regular 5'; Length: 19; Trimmed: 663776 times

Minimum overlap: 3
No. of allowed errors:
1-9 bp: 0; 10-19 bp: 1

Overview of removed sequences
length	count	expect	max.err	error counts
3	26	17751.1	0	26
12	26	0.1	1	6 20
13	6	0.0	1	1 5
14	1	0.0	1	1
16	8	0.0	1	2 6
17	5	0.0	1	1 4
18	35	0.0	1	10 25
19	2354	0.0	1	1325 1029
20	4268	0.0	1	2624 1644
21	655556	0.0	1	199821 455735
22	1403	0.0	1	681 722
23	12	0.0	1	3 9
24	6	0.0	1	3 3
25	3	0.0	1	2 1
26	4	0.0	1	0 4
27	4	0.0	1	0 4
28	4	0.0	1	0 4
29	2	0.0	1	0 2
30	1	0.0	1	0 1
31	1	0.0	1	0 1
32	3	0.0	1	1 2
33	4	0.0	1	0 4
34	4	0.0	1	2 2
35	6	0.0	1	1 5
36	2	0.0	1	2
37	5	0.0	1	2 3
38	2	0.0	1	2
39	2	0.0	1	2
40	1	0.0	1	0 1
41	11	0.0	1	0 11
42	2	0.0	1	0 2
43	1	0.0	1	1
45	1	0.0	1	0 1
46	2	0.0	1	0 2
47	2	0.0	1	1 1
50	1	0.0	1	1
53	1	0.0	1	0 1
54	1	0.0	1	0 1


=== Second read: Adapter 2 ===

Sequence: GGACTACNVGGGTWTCTAAT; Type: regular 5'; Length: 20; Trimmed: 226633 times

Minimum overlap: 3
No. of allowed errors:
1-9 bp: 0; 10-19 bp: 1

Overview of removed sequences
length	count	expect	max.err	error counts
3	12	17751.1	0	12
13	1	0.0	1	1
14	8	0.0	1	5 3
16	2	0.0	1	0 2
17	4	0.0	1	3 1
18	15	0.0	1	11 4
19	20	0.0	1	4 16
20	966	0.0	1	901 65
21	3057	0.0	1	1683 1374
22	221588	0.0	1	214526 7062
23	950	0.0	1	463 487
24	1	0.0	1	0 1
26	2	0.0	1	2
27	3	0.0	1	3
35	3	0.0	1	0 3
39	1	0.0	1	1
Running cutadapt on: 2024_Warm05_Both02_G21_gill_S234
This is cutadapt 5.2 with Python 3.13.15
Command line parameters: -j 4 -g GTGYCAGCMGCCGCGGTAA -G GGACTACNVGGGTWTCTAAT -o /scratch4/workspace/jade_fiorilla_student_uml_edu-rawseqorcc/trimmed-cutadapt/2024_Warm05_Both02_G21_gill_S234_R1_trim.fastq -p /scratch4/workspace/jade_fiorilla_student_uml_edu-rawseqorcc/trimmed-cutadapt/2024_Warm05_Both02_G21_gill_S234_R2_trim.fastq /scratch4/workspace/jade_fiorilla_student_uml_edu-rawseqorcc/fastq/2024_Warm05_Both02_G21_gill_S234_R1_001.fastq.gz /scratch4/workspace/jade_fiorilla_student_uml_edu-rawseqorcc/fastq/2024_Warm05_Both02_G21_gill_S234_R2_001.fastq.gz
Processing paired-end reads on 4 cores ...

=== Summary ===

Total read pairs processed:          2,390,706
  Read 1 with adapter:               2,380,609 (99.6%)
  Read 2 with adapter:               2,359,232 (98.7%)
Pairs written (passing filters):     2,390,706 (100.0%)

Total basepairs processed: 1,439,205,012 bp
  Read 1:   719,602,506 bp
  Read 2:   719,602,506 bp
Total written (filtered):  1,346,793,399 bp (93.6%)
  Read 1:   674,371,688 bp
  Read 2:   672,421,711 bp

=== First read: Adapter 1 ===

Sequence: GTGYCAGCMGCCGCGGTAA; Type: regular 5'; Length: 19; Trimmed: 2380609 times

Minimum overlap: 3
No. of allowed errors:
1-9 bp: 0; 10-19 bp: 1

Overview of removed sequences
length	count	expect	max.err	error counts
5	1	2334.7	0	1
9	3	9.1	0	3
12	39	0.1	1	37 2
13	1	0.0	1	1
14	10	0.0	1	4 6
15	5	0.0	1	3 2
16	54	0.0	1	35 19
17	140	0.0	1	111 29
18	5351	0.0	1	895 4456
19	2370556	0.0	1	2312327 58229
20	3972	0.0	1	817 3155
21	349	0.0	1	301 48
22	86	0.0	1	78 8
23	3	0.0	1	3
24	5	0.0	1	5
25	4	0.0	1	4
26	6	0.0	1	5 1
27	2	0.0	1	2
28	1	0.0	1	1
30	1	0.0	1	1
31	1	0.0	1	1
32	3	0.0	1	3
34	4	0.0	1	4
35	2	0.0	1	2
36	3	0.0	1	3
37	1	0.0	1	1
38	1	0.0	1	1
42	2	0.0	1	2
46	2	0.0	1	2
54	1	0.0	1	1


=== Second read: Adapter 2 ===

Sequence: GGACTACNVGGGTWTCTAAT; Type: regular 5'; Length: 20; Trimmed: 2359232 times

Minimum overlap: 3
No. of allowed errors:
1-9 bp: 0; 10-19 bp: 1

Overview of removed sequences
length	count	expect	max.err	error counts
10	7	2.3	1	7
11	15	0.6	1	12 3
12	11	0.1	1	9 2
13	12	0.0	1	6 6
14	26	0.0	1	9 17
15	14	0.0	1	5 9
16	13	0.0	1	6 7
17	38	0.0	1	24 14
18	84	0.0	1	57 27
19	9124	0.0	1	1201 7923
20	2344399	0.0	1	2272647 71752
21	5225	0.0	1	1288 3937
22	146	0.0	1	123 23
23	70	0.0	1	65 5
24	6	0.0	1	5 1
25	5	0.0	1	0 5
26	8	0.0	1	8
27	4	0.0	1	4
28	4	0.0	1	3 1
29	6	0.0	1	5 1
30	1	0.0	1	1
31	2	0.0	1	2
35	2	0.0	1	2
36	1	0.0	1	0 1
37	1	0.0	1	1
38	2	0.0	1	2
41	3	0.0	1	3
43	1	0.0	1	1
50	1	0.0	1	1
51	1	0.0	1	1
Running cutadapt on: 2024_Warm05_Both02_G21_gut_S69
This is cutadapt 5.2 with Python 3.13.15
Command line parameters: -j 4 -g GTGYCAGCMGCCGCGGTAA -G GGACTACNVGGGTWTCTAAT -o /scratch4/workspace/jade_fiorilla_student_uml_edu-rawseqorcc/trimmed-cutadapt/2024_Warm05_Both02_G21_gut_S69_R1_trim.fastq -p /scratch4/workspace/jade_fiorilla_student_uml_edu-rawseqorcc/trimmed-cutadapt/2024_Warm05_Both02_G21_gut_S69_R2_trim.fastq /scratch4/workspace/jade_fiorilla_student_uml_edu-rawseqorcc/fastq/2024_Warm05_Both02_G21_gut_S69_R1_001.fastq.gz /scratch4/workspace/jade_fiorilla_student_uml_edu-rawseqorcc/fastq/2024_Warm05_Both02_G21_gut_S69_R2_001.fastq.gz
Processing paired-end reads on 4 cores ...

=== Summary ===

Total read pairs processed:            570,623
  Read 1 with adapter:                 466,854 (81.8%)
  Read 2 with adapter:                 363,931 (63.8%)
Pairs written (passing filters):       570,623 (100.0%)

Total basepairs processed:   343,515,046 bp
  Read 1:   171,757,523 bp
  Read 2:   171,757,523 bp
Total written (filtered):    326,539,310 bp (95.1%)
  Read 1:   162,422,706 bp
  Read 2:   164,116,604 bp

=== First read: Adapter 1 ===

Sequence: GTGYCAGCMGCCGCGGTAA; Type: regular 5'; Length: 19; Trimmed: 466854 times

Minimum overlap: 3
No. of allowed errors:
1-9 bp: 0; 10-19 bp: 1

Overview of removed sequences
length	count	expect	max.err	error counts
3	4	8916.0	0	4
9	5	2.2	0	5
10	3	0.5	1	0 3
11	3	0.1	1	0 3
12	29	0.0	1	22 7
14	3	0.0	1	0 3
15	8	0.0	1	2 6
16	21	0.0	1	14 7
17	11	0.0	1	2 9
18	83	0.0	1	38 45
19	8370	0.0	1	3038 5332
20	453082	0.0	1	349460 103622
21	3872	0.0	1	1942 1930
22	1337	0.0	1	1042 295
23	3	0.0	1	1 2
24	2	0.0	1	2
27	2	0.0	1	2
29	1	0.0	1	0 1
30	1	0.0	1	1
32	1	0.0	1	1
33	2	0.0	1	1 1
35	2	0.0	1	2
37	4	0.0	1	4
38	1	0.0	1	1
39	1	0.0	1	1
45	2	0.0	1	2
61	1	0.0	1	0 1


=== Second read: Adapter 2 ===

Sequence: GGACTACNVGGGTWTCTAAT; Type: regular 5'; Length: 20; Trimmed: 363931 times

Minimum overlap: 3
No. of allowed errors:
1-9 bp: 0; 10-19 bp: 1

Overview of removed sequences
length	count	expect	max.err	error counts
3	8	8916.0	0	8
9	3	2.2	0	3
11	2	0.1	1	0 2
13	3	0.0	1	3
14	8	0.0	1	4 4
15	4	0.0	1	3 1
16	4	0.0	1	1 3
17	11	0.0	1	10 1
18	11	0.0	1	7 4
19	48	0.0	1	19 29
20	4828	0.0	1	3135 1693
21	356156	0.0	1	346233 9923
22	2175	0.0	1	1371 804
23	648	0.0	1	618 30
24	3	0.0	1	3
25	2	0.0	1	2
26	3	0.0	1	0 3
27	2	0.0	1	2
28	1	0.0	1	1
29	1	0.0	1	1
30	2	0.0	1	2
31	2	0.0	1	1 1
40	3	0.0	1	3
41	1	0.0	1	1
42	1	0.0	1	1
48	1	0.0	1	1
Running cutadapt on: 2024_Warm05_Cont04_G45_gill_S250
This is cutadapt 5.2 with Python 3.13.15
Command line parameters: -j 4 -g GTGYCAGCMGCCGCGGTAA -G GGACTACNVGGGTWTCTAAT -o /scratch4/workspace/jade_fiorilla_student_uml_edu-rawseqorcc/trimmed-cutadapt/2024_Warm05_Cont04_G45_gill_S250_R1_trim.fastq -p /scratch4/workspace/jade_fiorilla_student_uml_edu-rawseqorcc/trimmed-cutadapt/2024_Warm05_Cont04_G45_gill_S250_R2_trim.fastq /scratch4/workspace/jade_fiorilla_student_uml_edu-rawseqorcc/fastq/2024_Warm05_Cont04_G45_gill_S250_R1_001.fastq.gz /scratch4/workspace/jade_fiorilla_student_uml_edu-rawseqorcc/fastq/2024_Warm05_Cont04_G45_gill_S250_R2_001.fastq.gz
Processing paired-end reads on 4 cores ...

=== Summary ===

Total read pairs processed:            327,803
  Read 1 with adapter:                 326,242 (99.5%)
  Read 2 with adapter:                 324,480 (99.0%)
Pairs written (passing filters):       327,803 (100.0%)

Total basepairs processed:   197,337,406 bp
  Read 1:    98,668,703 bp
  Read 2:    98,668,703 bp
Total written (filtered):    184,636,388 bp (93.6%)
  Read 1:    92,465,672 bp
  Read 2:    92,170,716 bp

=== First read: Adapter 1 ===

Sequence: GTGYCAGCMGCCGCGGTAA; Type: regular 5'; Length: 19; Trimmed: 326242 times

Minimum overlap: 3
No. of allowed errors:
1-9 bp: 0; 10-19 bp: 1

Overview of removed sequences
length	count	expect	max.err	error counts
3	21	5121.9	0	21
12	6	0.0	1	6
13	1	0.0	1	1
14	3	0.0	1	0 3
16	6	0.0	1	1 5
17	26	0.0	1	20 6
18	788	0.0	1	125 663
19	322765	0.0	1	319616 3149
20	896	0.0	1	424 472
21	403	0.0	1	328 75
22	1322	0.0	1	1194 128
23	4	0.0	1	1 3
25	1	0.0	1	1


=== Second read: Adapter 2 ===

Sequence: GGACTACNVGGGTWTCTAAT; Type: regular 5'; Length: 20; Trimmed: 324480 times

Minimum overlap: 3
No. of allowed errors:
1-9 bp: 0; 10-19 bp: 1

Overview of removed sequences
length	count	expect	max.err	error counts
3	1	5121.9	0	1
11	2	0.1	1	2
12	1	0.0	1	1
13	2	0.0	1	2
14	5	0.0	1	1 4
15	2	0.0	1	1 1
16	7	0.0	1	4 3
17	6	0.0	1	3 3
18	12	0.0	1	5 7
19	1381	0.0	1	175 1206
20	319124	0.0	1	314282 4842
21	910	0.0	1	329 581
22	187	0.0	1	143 44
23	2808	0.0	1	2637 171
24	20	0.0	1	4 16
26	3	0.0	1	3
32	3	0.0	1	3
34	5	0.0	1	4 1
43	1	0.0	1	1
Running cutadapt on: 2024_Warm05_Cont04_G45_gut_S161
This is cutadapt 5.2 with Python 3.13.15
Command line parameters: -j 4 -g GTGYCAGCMGCCGCGGTAA -G GGACTACNVGGGTWTCTAAT -o /scratch4/workspace/jade_fiorilla_student_uml_edu-rawseqorcc/trimmed-cutadapt/2024_Warm05_Cont04_G45_gut_S161_R1_trim.fastq -p /scratch4/workspace/jade_fiorilla_student_uml_edu-rawseqorcc/trimmed-cutadapt/2024_Warm05_Cont04_G45_gut_S161_R2_trim.fastq /scratch4/workspace/jade_fiorilla_student_uml_edu-rawseqorcc/fastq/2024_Warm05_Cont04_G45_gut_S161_R1_001.fastq.gz /scratch4/workspace/jade_fiorilla_student_uml_edu-rawseqorcc/fastq/2024_Warm05_Cont04_G45_gut_S161_R2_001.fastq.gz
Processing paired-end reads on 4 cores ...

=== Summary ===

Total read pairs processed:          1,358,279
  Read 1 with adapter:               1,187,735 (87.4%)
  Read 2 with adapter:               1,114,617 (82.1%)
Pairs written (passing filters):     1,358,279 (100.0%)

Total basepairs processed:   817,683,958 bp
  Read 1:   408,841,979 bp
  Read 2:   408,841,979 bp
Total written (filtered):    770,526,608 bp (94.2%)
  Read 1:   385,090,009 bp
  Read 2:   385,436,599 bp

=== First read: Adapter 1 ===

Sequence: GTGYCAGCMGCCGCGGTAA; Type: regular 5'; Length: 19; Trimmed: 1187735 times

Minimum overlap: 3
No. of allowed errors:
1-9 bp: 0; 10-19 bp: 1

Overview of removed sequences
length	count	expect	max.err	error counts
8	1	20.7	0	1
9	5	5.2	0	5
10	1	1.3	1	0 1
12	48	0.1	1	47 1
13	13	0.0	1	11 2
14	11	0.0	1	5 6
15	14	0.0	1	7 7
16	33	0.0	1	29 4
17	37	0.0	1	18 19
18	153	0.0	1	82 71
19	9922	0.0	1	5816 4106
20	1169980	0.0	1	1042486 127494
21	7409	0.0	1	4774 2635
22	29	0.0	1	16 13
23	7	0.0	1	4 3
24	1	0.0	1	1
25	9	0.0	1	5 4
26	3	0.0	1	3
27	3	0.0	1	3
28	6	0.0	1	6
29	6	0.0	1	4 2
30	2	0.0	1	2
31	6	0.0	1	0 6
32	6	0.0	1	3 3
33	2	0.0	1	1 1
34	5	0.0	1	2 3
35	1	0.0	1	1
36	1	0.0	1	1
37	2	0.0	1	2
38	1	0.0	1	1
39	6	0.0	1	6
41	3	0.0	1	3
42	1	0.0	1	1
43	3	0.0	1	1 2
45	1	0.0	1	1
47	1	0.0	1	0 1
50	1	0.0	1	1
52	2	0.0	1	2


=== Second read: Adapter 2 ===

Sequence: GGACTACNVGGGTWTCTAAT; Type: regular 5'; Length: 20; Trimmed: 1114617 times

Minimum overlap: 3
No. of allowed errors:
1-9 bp: 0; 10-19 bp: 1

Overview of removed sequences
length	count	expect	max.err	error counts
3	6	21223.1	0	6
9	1	5.2	0	1
10	5	1.3	1	5
11	11	0.3	1	6 5
12	3	0.1	1	2 1
13	6	0.0	1	5 1
14	19	0.0	1	8 11
15	15	0.0	1	9 6
16	6	0.0	1	4 2
17	11	0.0	1	6 5
18	33	0.0	1	29 4
19	81	0.0	1	41 40
20	8516	0.0	1	3896 4620
21	1098650	0.0	1	1064943 33707
22	7165	0.0	1	4550 2615
23	30	0.0	1	15 15
24	3	0.0	1	3
25	5	0.0	1	5
26	9	0.0	1	8 1
27	8	0.0	1	8
28	1	0.0	1	1
29	3	0.0	1	3
30	3	0.0	1	3
31	4	0.0	1	2 2
32	1	0.0	1	1
33	2	0.0	1	2
34	1	0.0	1	1
35	2	0.0	1	2
37	4	0.0	1	4
39	5	0.0	1	5
40	2	0.0	1	2
42	1	0.0	1	1
43	3	0.0	1	3
45	1	0.0	1	1
54	1	0.0	1	1
Running cutadapt on: 2024_Warm05_Hyp04_G46_gill_S162
This is cutadapt 5.2 with Python 3.13.15
Command line parameters: -j 4 -g GTGYCAGCMGCCGCGGTAA -G GGACTACNVGGGTWTCTAAT -o /scratch4/workspace/jade_fiorilla_student_uml_edu-rawseqorcc/trimmed-cutadapt/2024_Warm05_Hyp04_G46_gill_S162_R1_trim.fastq -p /scratch4/workspace/jade_fiorilla_student_uml_edu-rawseqorcc/trimmed-cutadapt/2024_Warm05_Hyp04_G46_gill_S162_R2_trim.fastq /scratch4/workspace/jade_fiorilla_student_uml_edu-rawseqorcc/fastq/2024_Warm05_Hyp04_G46_gill_S162_R1_001.fastq.gz /scratch4/workspace/jade_fiorilla_student_uml_edu-rawseqorcc/fastq/2024_Warm05_Hyp04_G46_gill_S162_R2_001.fastq.gz
Processing paired-end reads on 4 cores ...

=== Summary ===

Total read pairs processed:          1,704,862
  Read 1 with adapter:               1,163,481 (68.2%)
  Read 2 with adapter:                 840,628 (49.3%)
Pairs written (passing filters):     1,704,862 (100.0%)

Total basepairs processed: 1,026,326,924 bp
  Read 1:   513,163,462 bp
  Read 2:   513,163,462 bp
Total written (filtered):    985,475,450 bp (96.0%)
  Read 1:   489,891,811 bp
  Read 2:   495,583,639 bp

=== First read: Adapter 1 ===

Sequence: GTGYCAGCMGCCGCGGTAA; Type: regular 5'; Length: 19; Trimmed: 1163481 times

Minimum overlap: 3
No. of allowed errors:
1-9 bp: 0; 10-19 bp: 1

Overview of removed sequences
length	count	expect	max.err	error counts
3	18	26638.5	0	18
10	1	1.6	1	0 1
11	1	0.4	1	0 1
12	65	0.1	1	33 32
13	5	0.0	1	3 2
14	6	0.0	1	1 5
15	15	0.0	1	10 5
16	41	0.0	1	15 26
17	37	0.0	1	9 28
18	110	0.0	1	39 71
19	7590	0.0	1	4708 2882
20	1146681	0.0	1	632689 513992
21	7787	0.0	1	5556 2231
22	1044	0.0	1	570 474
23	9	0.0	1	3 6
24	2	0.0	1	0 2
25	2	0.0	1	1 1
26	3	0.0	1	1 2
27	1	0.0	1	1
28	1	0.0	1	0 1
29	2	0.0	1	2
30	6	0.0	1	4 2
31	1	0.0	1	1
32	3	0.0	1	3
33	10	0.0	1	3 7
34	7	0.0	1	0 7
35	5	0.0	1	0 5
36	1	0.0	1	0 1
38	4	0.0	1	0 4
39	2	0.0	1	1 1
40	1	0.0	1	0 1
41	2	0.0	1	1 1
42	2	0.0	1	1 1
43	2	0.0	1	0 2
48	1	0.0	1	0 1
49	2	0.0	1	0 2
51	1	0.0	1	0 1
52	7	0.0	1	0 7
55	2	0.0	1	0 2
57	1	0.0	1	0 1


=== Second read: Adapter 2 ===

Sequence: GGACTACNVGGGTWTCTAAT; Type: regular 5'; Length: 20; Trimmed: 840628 times

Minimum overlap: 3
No. of allowed errors:
1-9 bp: 0; 10-19 bp: 1

Overview of removed sequences
length	count	expect	max.err	error counts
3	25	26638.5	0	25
12	2	0.1	1	2
13	7	0.0	1	7
14	3	0.0	1	0 3
15	13	0.0	1	4 9
16	8	0.0	1	1 7
17	17	0.0	1	8 9
18	26	0.0	1	19 7
19	98	0.0	1	29 69
20	79884	0.0	1	3299 76585
21	753598	0.0	1	712104 41494
22	6554	0.0	1	4593 1961
23	362	0.0	1	315 47
24	13	0.0	1	5 8
25	1	0.0	1	1
27	3	0.0	1	3
28	1	0.0	1	1
30	1	0.0	1	0 1
31	3	0.0	1	2 1
32	3	0.0	1	3
33	1	0.0	1	1
34	1	0.0	1	1
38	1	0.0	1	0 1
40	1	0.0	1	1
42	1	0.0	1	1
45	1	0.0	1	0 1
Running cutadapt on: 2024_Warm05_Hyp04_G46_gut_S163
This is cutadapt 5.2 with Python 3.13.15
Command line parameters: -j 4 -g GTGYCAGCMGCCGCGGTAA -G GGACTACNVGGGTWTCTAAT -o /scratch4/workspace/jade_fiorilla_student_uml_edu-rawseqorcc/trimmed-cutadapt/2024_Warm05_Hyp04_G46_gut_S163_R1_trim.fastq -p /scratch4/workspace/jade_fiorilla_student_uml_edu-rawseqorcc/trimmed-cutadapt/2024_Warm05_Hyp04_G46_gut_S163_R2_trim.fastq /scratch4/workspace/jade_fiorilla_student_uml_edu-rawseqorcc/fastq/2024_Warm05_Hyp04_G46_gut_S163_R1_001.fastq.gz /scratch4/workspace/jade_fiorilla_student_uml_edu-rawseqorcc/fastq/2024_Warm05_Hyp04_G46_gut_S163_R2_001.fastq.gz
Processing paired-end reads on 4 cores ...

=== Summary ===

Total read pairs processed:          1,372,772
  Read 1 with adapter:               1,011,753 (73.7%)
  Read 2 with adapter:                 783,126 (57.0%)
Pairs written (passing filters):     1,372,772 (100.0%)

Total basepairs processed:   826,408,744 bp
  Read 1:   413,204,372 bp
  Read 2:   413,204,372 bp
Total written (filtered):    789,774,242 bp (95.6%)
  Read 1:   392,968,732 bp
  Read 2:   396,805,510 bp

=== First read: Adapter 1 ===

Sequence: GTGYCAGCMGCCGCGGTAA; Type: regular 5'; Length: 19; Trimmed: 1011753 times

Minimum overlap: 3
No. of allowed errors:
1-9 bp: 0; 10-19 bp: 1

Overview of removed sequences
length	count	expect	max.err	error counts
3	2	21449.6	0	2
9	2	5.2	0	2
10	1	1.3	1	1
11	3	0.3	1	0 3
12	57	0.1	1	37 20
13	4	0.0	1	3 1
14	7	0.0	1	5 2
15	7	0.0	1	2 5
16	27	0.0	1	17 10
17	20	0.0	1	7 13
18	108	0.0	1	40 68
19	8988	0.0	1	5266 3722
20	993967	0.0	1	648318 345649
21	7464	0.0	1	5446 2018
22	1020	0.0	1	953 67
23	6	0.0	1	2 4
24	6	0.0	1	6
25	2	0.0	1	1 1
26	3	0.0	1	2 1
27	1	0.0	1	1
29	7	0.0	1	6 1
30	2	0.0	1	2
31	2	0.0	1	1 1
32	7	0.0	1	0 7
33	3	0.0	1	2 1
34	2	0.0	1	2
35	10	0.0	1	9 1
36	5	0.0	1	2 3
37	2	0.0	1	0 2
38	5	0.0	1	5
39	1	0.0	1	0 1
40	1	0.0	1	1
41	1	0.0	1	1
42	1	0.0	1	1
43	2	0.0	1	1 1
45	1	0.0	1	1
47	1	0.0	1	0 1
50	1	0.0	1	0 1
53	2	0.0	1	1 1
57	1	0.0	1	0 1
122	1	0.0	1	1


=== Second read: Adapter 2 ===

Sequence: GGACTACNVGGGTWTCTAAT; Type: regular 5'; Length: 20; Trimmed: 783126 times

Minimum overlap: 3
No. of allowed errors:
1-9 bp: 0; 10-19 bp: 1

Overview of removed sequences
length	count	expect	max.err	error counts
3	4	21449.6	0	4
4	1	5362.4	0	1
10	2	1.3	1	2
11	6	0.3	1	1 5
12	2	0.1	1	1 1
13	1	0.0	1	1
14	12	0.0	1	4 8
15	9	0.0	1	6 3
16	4	0.0	1	0 4
17	8	0.0	1	5 3
18	21	0.0	1	18 3
19	72	0.0	1	24 48
20	54121	0.0	1	3985 50136
21	721712	0.0	1	687740 33972
22	6641	0.0	1	4751 1890
23	473	0.0	1	447 26
24	8	0.0	1	3 5
25	3	0.0	1	3
26	5	0.0	1	5
27	1	0.0	1	0 1
30	3	0.0	1	1 2
31	3	0.0	1	3
32	3	0.0	1	1 2
33	2	0.0	1	2
37	4	0.0	1	0 4
38	3	0.0	1	0 3
40	1	0.0	1	1
50	1	0.0	1	1
Running cutadapt on: 2024_Warm05_Warm02_G22_gill_S212
This is cutadapt 5.2 with Python 3.13.15
Command line parameters: -j 4 -g GTGYCAGCMGCCGCGGTAA -G GGACTACNVGGGTWTCTAAT -o /scratch4/workspace/jade_fiorilla_student_uml_edu-rawseqorcc/trimmed-cutadapt/2024_Warm05_Warm02_G22_gill_S212_R1_trim.fastq -p /scratch4/workspace/jade_fiorilla_student_uml_edu-rawseqorcc/trimmed-cutadapt/2024_Warm05_Warm02_G22_gill_S212_R2_trim.fastq /scratch4/workspace/jade_fiorilla_student_uml_edu-rawseqorcc/fastq/2024_Warm05_Warm02_G22_gill_S212_R1_001.fastq.gz /scratch4/workspace/jade_fiorilla_student_uml_edu-rawseqorcc/fastq/2024_Warm05_Warm02_G22_gill_S212_R2_001.fastq.gz
Processing paired-end reads on 4 cores ...

=== Summary ===

Total read pairs processed:            569,437
  Read 1 with adapter:                 489,863 (86.0%)
  Read 2 with adapter:                 463,677 (81.4%)
Pairs written (passing filters):       569,437 (100.0%)

Total basepairs processed:   342,801,074 bp
  Read 1:   171,400,537 bp
  Read 2:   171,400,537 bp
Total written (filtered):    321,458,504 bp (93.8%)
  Read 1:   160,672,079 bp
  Read 2:   160,786,425 bp

=== First read: Adapter 1 ===

Sequence: GTGYCAGCMGCCGCGGTAA; Type: regular 5'; Length: 19; Trimmed: 489863 times

Minimum overlap: 3
No. of allowed errors:
1-9 bp: 0; 10-19 bp: 1

Overview of removed sequences
length	count	expect	max.err	error counts
3	1765	8897.5	0	1765
9	4	2.2	0	4
10	1	0.5	1	0 1
11	4	0.1	1	2 2
12	111	0.0	1	93 18
13	11	0.0	1	11
14	8	0.0	1	2 6
15	10	0.0	1	2 8
16	65	0.0	1	45 20
17	40	0.0	1	18 22
18	68	0.0	1	27 41
19	2572	0.0	1	2458 114
20	1690	0.0	1	1357 333
21	3073	0.0	1	950 2123
22	479285	0.0	1	415247 64038
23	1109	0.0	1	297 812
24	7	0.0	1	5 2
25	5	0.0	1	4 1
26	3	0.0	1	3
27	1	0.0	1	1
28	3	0.0	1	3
29	2	0.0	1	1 1
30	9	0.0	1	9
31	2	0.0	1	2
32	2	0.0	1	1 1
33	1	0.0	1	0 1
34	4	0.0	1	1 3
36	2	0.0	1	2
37	3	0.0	1	3
39	2	0.0	1	2
48	1	0.0	1	1


=== Second read: Adapter 2 ===

Sequence: GGACTACNVGGGTWTCTAAT; Type: regular 5'; Length: 20; Trimmed: 463677 times

Minimum overlap: 3
No. of allowed errors:
1-9 bp: 0; 10-19 bp: 1

Overview of removed sequences
length	count	expect	max.err	error counts
3	1781	8897.5	0	1781
5	7	556.1	0	7
12	6	0.0	1	2 4
13	5	0.0	1	5
14	10	0.0	1	6 4
15	7	0.0	1	1 6
16	17	0.0	1	6 11
17	9	0.0	1	6 3
18	7	0.0	1	3 4
19	46	0.0	1	19 27
20	3130	0.0	1	2994 136
21	1207	0.0	1	1073 134
22	4126	0.0	1	754 3372
23	451637	0.0	1	430267 21370
24	1654	0.0	1	418 1236
25	11	0.0	1	3 8
26	3	0.0	1	2 1
27	3	0.0	1	1 2
29	2	0.0	1	2
32	1	0.0	1	1
34	1	0.0	1	0 1
36	1	0.0	1	1
39	1	0.0	1	1
40	1	0.0	1	1
46	1	0.0	1	1
47	2	0.0	1	2
48	1	0.0	1	1
Running cutadapt on: 2024_Warm05_Warm02_G22_gut_S24
This is cutadapt 5.2 with Python 3.13.15
Command line parameters: -j 4 -g GTGYCAGCMGCCGCGGTAA -G GGACTACNVGGGTWTCTAAT -o /scratch4/workspace/jade_fiorilla_student_uml_edu-rawseqorcc/trimmed-cutadapt/2024_Warm05_Warm02_G22_gut_S24_R1_trim.fastq -p /scratch4/workspace/jade_fiorilla_student_uml_edu-rawseqorcc/trimmed-cutadapt/2024_Warm05_Warm02_G22_gut_S24_R2_trim.fastq /scratch4/workspace/jade_fiorilla_student_uml_edu-rawseqorcc/fastq/2024_Warm05_Warm02_G22_gut_S24_R1_001.fastq.gz /scratch4/workspace/jade_fiorilla_student_uml_edu-rawseqorcc/fastq/2024_Warm05_Warm02_G22_gut_S24_R2_001.fastq.gz
Processing paired-end reads on 4 cores ...

=== Summary ===

Total read pairs processed:            886,766
  Read 1 with adapter:                 548,796 (61.9%)
  Read 2 with adapter:                 289,747 (32.7%)
Pairs written (passing filters):       886,766 (100.0%)

Total basepairs processed:   533,833,132 bp
  Read 1:   266,916,566 bp
  Read 2:   266,916,566 bp
Total written (filtered):    516,759,775 bp (96.8%)
  Read 1:   255,933,767 bp
  Read 2:   260,826,008 bp

=== First read: Adapter 1 ===

Sequence: GTGYCAGCMGCCGCGGTAA; Type: regular 5'; Length: 19; Trimmed: 548796 times

Minimum overlap: 3
No. of allowed errors:
1-9 bp: 0; 10-19 bp: 1

Overview of removed sequences
length	count	expect	max.err	error counts
3	4	13855.7	0	4
9	1	3.4	0	1
10	1	0.8	1	0 1
11	6	0.2	1	2 4
12	22	0.1	1	9 13
13	2	0.0	1	0 2
14	7	0.0	1	6 1
15	14	0.0	1	5 9
16	12	0.0	1	6 6
17	12	0.0	1	3 9
18	78	0.0	1	24 54
19	5416	0.0	1	2598 2818
20	532799	0.0	1	260977 271822
21	8567	0.0	1	6381 2186
22	1792	0.0	1	1471 321
23	11	0.0	1	5 6
24	6	0.0	1	3 3
25	1	0.0	1	0 1
26	1	0.0	1	1
27	1	0.0	1	0 1
28	3	0.0	1	2 1
29	6	0.0	1	2 4
31	1	0.0	1	1
32	7	0.0	1	0 7
33	1	0.0	1	0 1
34	2	0.0	1	0 2
35	1	0.0	1	0 1
36	1	0.0	1	0 1
37	1	0.0	1	0 1
39	3	0.0	1	0 3
40	1	0.0	1	0 1
42	7	0.0	1	3 4
43	2	0.0	1	0 2
44	1	0.0	1	0 1
47	3	0.0	1	0 3
56	1	0.0	1	0 1
57	2	0.0	1	0 2


=== Second read: Adapter 2 ===

Sequence: GGACTACNVGGGTWTCTAAT; Type: regular 5'; Length: 20; Trimmed: 289747 times

Minimum overlap: 3
No. of allowed errors:
1-9 bp: 0; 10-19 bp: 1

Overview of removed sequences
length	count	expect	max.err	error counts
3	9	13855.7	0	9
13	4	0.0	1	4
14	2	0.0	1	0 2
15	2	0.0	1	0 2
16	4	0.0	1	2 2
17	5	0.0	1	2 3
18	6	0.0	1	5 1
19	32	0.0	1	14 18
20	3930	0.0	1	1881 2049
21	276618	0.0	1	267420 9198
22	8253	0.0	1	7387 866
23	863	0.0	1	795 68
24	5	0.0	1	3 2
25	4	0.0	1	4
27	2	0.0	1	2
30	1	0.0	1	1
32	3	0.0	1	2 1
34	1	0.0	1	1
43	3	0.0	1	3
Running cutadapt on: 2024_Warm06_Both03_G35_gill_S189
This is cutadapt 5.2 with Python 3.13.15
Command line parameters: -j 4 -g GTGYCAGCMGCCGCGGTAA -G GGACTACNVGGGTWTCTAAT -o /scratch4/workspace/jade_fiorilla_student_uml_edu-rawseqorcc/trimmed-cutadapt/2024_Warm06_Both03_G35_gill_S189_R1_trim.fastq -p /scratch4/workspace/jade_fiorilla_student_uml_edu-rawseqorcc/trimmed-cutadapt/2024_Warm06_Both03_G35_gill_S189_R2_trim.fastq /scratch4/workspace/jade_fiorilla_student_uml_edu-rawseqorcc/fastq/2024_Warm06_Both03_G35_gill_S189_R1_001.fastq.gz /scratch4/workspace/jade_fiorilla_student_uml_edu-rawseqorcc/fastq/2024_Warm06_Both03_G35_gill_S189_R2_001.fastq.gz
Processing paired-end reads on 4 cores ...

=== Summary ===

Total read pairs processed:          1,565,552
  Read 1 with adapter:               1,188,956 (75.9%)
  Read 2 with adapter:               1,500,284 (95.8%)
Pairs written (passing filters):     1,565,552 (100.0%)

Total basepairs processed:   942,462,304 bp
  Read 1:   471,231,152 bp
  Read 2:   471,231,152 bp
Total written (filtered):    882,074,330 bp (93.6%)
  Read 1:   445,292,704 bp
  Read 2:   436,781,626 bp

=== First read: Adapter 1 ===

Sequence: GTGYCAGCMGCCGCGGTAA; Type: regular 5'; Length: 19; Trimmed: 1188956 times

Minimum overlap: 3
No. of allowed errors:
1-9 bp: 0; 10-19 bp: 1

Overview of removed sequences
length	count	expect	max.err	error counts
3	8809	24461.8	0	8809
4	11	6115.4	0	11
8	1	23.9	0	1
9	8	6.0	0	8
10	4	1.5	1	1 3
11	4	0.4	1	4
12	202	0.1	1	190 12
13	23	0.0	1	17 6
14	12	0.0	1	6 6
15	24	0.0	1	11 13
16	86	0.0	1	71 15
17	78	0.0	1	39 39
18	186	0.0	1	115 71
19	10527	0.0	1	7916 2611
20	4474	0.0	1	3029 1445
21	10126	0.0	1	5558 4568
22	1151606	0.0	1	1106607 44999
23	2657	0.0	1	885 1772
24	19	0.0	1	19
25	4	0.0	1	4
26	8	0.0	1	7 1
27	4	0.0	1	4
28	8	0.0	1	8
29	4	0.0	1	4
30	6	0.0	1	2 4
31	3	0.0	1	3
32	2	0.0	1	1 1
33	3	0.0	1	3
34	5	0.0	1	1 4
35	5	0.0	1	4 1
36	12	0.0	1	9 3
38	4	0.0	1	4
39	11	0.0	1	11
41	1	0.0	1	1
42	2	0.0	1	1 1
43	2	0.0	1	2
44	3	0.0	1	3
45	2	0.0	1	2
46	3	0.0	1	3
47	2	0.0	1	0 2
51	2	0.0	1	2
52	2	0.0	1	2
53	1	0.0	1	1


=== Second read: Adapter 2 ===

Sequence: GGACTACNVGGGTWTCTAAT; Type: regular 5'; Length: 20; Trimmed: 1500284 times

Minimum overlap: 3
No. of allowed errors:
1-9 bp: 0; 10-19 bp: 1

Overview of removed sequences
length	count	expect	max.err	error counts
3	909	24461.8	0	909
4	1	6115.4	0	1
5	3	1528.9	0	3
10	4	1.5	1	3 1
11	12	0.4	1	9 3
12	13	0.1	1	8 5
13	12	0.0	1	12
14	15	0.0	1	5 10
15	23	0.0	1	9 14
16	18	0.0	1	4 14
17	33	0.0	1	17 16
18	44	0.0	1	29 15
19	162	0.0	1	81 81
20	8928	0.0	1	8489 439
21	2084	0.0	1	1860 224
22	11781	0.0	1	4084 7697
23	1471213	0.0	1	1415371 55842
24	4939	0.0	1	1422 3517
25	12	0.0	1	6 6
26	11	0.0	1	9 2
27	5	0.0	1	5
28	5	0.0	1	4 1
29	4	0.0	1	4
30	3	0.0	1	3
31	3	0.0	1	2 1
32	3	0.0	1	3
33	1	0.0	1	1
34	6	0.0	1	5 1
35	2	0.0	1	2
36	1	0.0	1	1
37	1	0.0	1	1
38	2	0.0	1	2
39	8	0.0	1	7 1
40	4	0.0	1	4
41	2	0.0	1	2
42	3	0.0	1	3
43	1	0.0	1	1
44	2	0.0	1	1 1
46	1	0.0	1	1
48	2	0.0	1	2
50	3	0.0	1	3
53	4	0.0	1	4
54	1	0.0	1	1
Running cutadapt on: 2024_Warm06_Both03_G35_gut_S149
This is cutadapt 5.2 with Python 3.13.15
Command line parameters: -j 4 -g GTGYCAGCMGCCGCGGTAA -G GGACTACNVGGGTWTCTAAT -o /scratch4/workspace/jade_fiorilla_student_uml_edu-rawseqorcc/trimmed-cutadapt/2024_Warm06_Both03_G35_gut_S149_R1_trim.fastq -p /scratch4/workspace/jade_fiorilla_student_uml_edu-rawseqorcc/trimmed-cutadapt/2024_Warm06_Both03_G35_gut_S149_R2_trim.fastq /scratch4/workspace/jade_fiorilla_student_uml_edu-rawseqorcc/fastq/2024_Warm06_Both03_G35_gut_S149_R1_001.fastq.gz /scratch4/workspace/jade_fiorilla_student_uml_edu-rawseqorcc/fastq/2024_Warm06_Both03_G35_gut_S149_R2_001.fastq.gz
Processing paired-end reads on 4 cores ...

=== Summary ===

Total read pairs processed:            455,282
  Read 1 with adapter:                 426,565 (93.7%)
  Read 2 with adapter:                 432,803 (95.1%)
Pairs written (passing filters):       455,282 (100.0%)

Total basepairs processed:   274,079,764 bp
  Read 1:   137,039,882 bp
  Read 2:   137,039,882 bp
Total written (filtered):    255,624,201 bp (93.3%)
  Read 1:   128,093,783 bp
  Read 2:   127,530,418 bp

=== First read: Adapter 1 ===

Sequence: GTGYCAGCMGCCGCGGTAA; Type: regular 5'; Length: 19; Trimmed: 426565 times

Minimum overlap: 3
No. of allowed errors:
1-9 bp: 0; 10-19 bp: 1

Overview of removed sequences
length	count	expect	max.err	error counts
3	9	7113.8	0	9
11	1	0.1	1	0 1
12	13	0.0	1	12 1
13	1	0.0	1	1
14	1	0.0	1	1
15	2	0.0	1	2
16	10	0.0	1	5 5
17	10	0.0	1	3 7
18	31	0.0	1	19 12
19	2242	0.0	1	1984 258
20	8227	0.0	1	6563 1664
21	414871	0.0	1	391538 23333
22	1117	0.0	1	464 653
23	5	0.0	1	3 2
24	1	0.0	1	1
29	1	0.0	1	1
30	4	0.0	1	4
31	4	0.0	1	4
33	5	0.0	1	2 3
34	1	0.0	1	1
35	1	0.0	1	1
36	3	0.0	1	2 1
38	2	0.0	1	2
41	1	0.0	1	1
42	1	0.0	1	1
44	1	0.0	1	1


=== Second read: Adapter 2 ===

Sequence: GGACTACNVGGGTWTCTAAT; Type: regular 5'; Length: 20; Trimmed: 432803 times

Minimum overlap: 3
No. of allowed errors:
1-9 bp: 0; 10-19 bp: 1

Overview of removed sequences
length	count	expect	max.err	error counts
3	1	7113.8	0	1
10	2	0.4	1	2
13	1	0.0	1	1
14	10	0.0	1	6 4
15	6	0.0	1	2 4
16	9	0.0	1	2 7
17	8	0.0	1	1 7
18	23	0.0	1	16 7
19	36	0.0	1	20 16
20	1216	0.0	1	1147 69
21	10712	0.0	1	8203 2509
22	419577	0.0	1	410616 8961
23	1176	0.0	1	487 689
24	7	0.0	1	4 3
25	1	0.0	1	1
26	2	0.0	1	1 1
28	1	0.0	1	1
30	4	0.0	1	4
31	1	0.0	1	0 1
32	2	0.0	1	2
33	2	0.0	1	2
34	2	0.0	1	2
37	1	0.0	1	1
41	1	0.0	1	1
53	2	0.0	1	2
Running cutadapt on: 2024_Warm06_Both04_G48_gill_S164
This is cutadapt 5.2 with Python 3.13.15
Command line parameters: -j 4 -g GTGYCAGCMGCCGCGGTAA -G GGACTACNVGGGTWTCTAAT -o /scratch4/workspace/jade_fiorilla_student_uml_edu-rawseqorcc/trimmed-cutadapt/2024_Warm06_Both04_G48_gill_S164_R1_trim.fastq -p /scratch4/workspace/jade_fiorilla_student_uml_edu-rawseqorcc/trimmed-cutadapt/2024_Warm06_Both04_G48_gill_S164_R2_trim.fastq /scratch4/workspace/jade_fiorilla_student_uml_edu-rawseqorcc/fastq/2024_Warm06_Both04_G48_gill_S164_R1_001.fastq.gz /scratch4/workspace/jade_fiorilla_student_uml_edu-rawseqorcc/fastq/2024_Warm06_Both04_G48_gill_S164_R2_001.fastq.gz
Processing paired-end reads on 4 cores ...

=== Summary ===

Total read pairs processed:          2,261,214
  Read 1 with adapter:               1,346,112 (59.5%)
  Read 2 with adapter:               1,033,634 (45.7%)
Pairs written (passing filters):     2,261,214 (100.0%)

Total basepairs processed: 1,361,250,828 bp
  Read 1:   680,625,414 bp
  Read 2:   680,625,414 bp
Total written (filtered):  1,312,621,997 bp (96.4%)
  Read 1:   653,701,449 bp
  Read 2:   658,920,548 bp

=== First read: Adapter 1 ===

Sequence: GTGYCAGCMGCCGCGGTAA; Type: regular 5'; Length: 19; Trimmed: 1346112 times

Minimum overlap: 3
No. of allowed errors:
1-9 bp: 0; 10-19 bp: 1

Overview of removed sequences
length	count	expect	max.err	error counts
3	4	35331.5	0	4
9	2	8.6	0	2
12	61	0.1	1	33 28
13	10	0.0	1	1 9
14	8	0.0	1	3 5
15	14	0.0	1	7 7
16	23	0.0	1	7 16
17	23	0.0	1	10 13
18	133	0.0	1	39 94
19	9659	0.0	1	5749 3910
20	1326408	0.0	1	716338 610070
21	8527	0.0	1	5938 2589
22	1098	0.0	1	884 214
23	13	0.0	1	7 6
24	9	0.0	1	6 3
25	6	0.0	1	0 6
26	7	0.0	1	4 3
27	3	0.0	1	1 2
28	13	0.0	1	7 6
29	6	0.0	1	1 5
30	6	0.0	1	4 2
31	4	0.0	1	2 2
32	1	0.0	1	0 1
33	19	0.0	1	4 15
34	7	0.0	1	0 7
35	5	0.0	1	1 4
36	5	0.0	1	5
37	5	0.0	1	1 4
38	4	0.0	1	0 4
39	4	0.0	1	0 4
41	1	0.0	1	1
43	6	0.0	1	2 4
44	5	0.0	1	0 5
45	1	0.0	1	0 1
47	3	0.0	1	0 3
48	1	0.0	1	0 1
49	3	0.0	1	1 2
53	1	0.0	1	0 1
54	2	0.0	1	0 2
59	2	0.0	1	0 2


=== Second read: Adapter 2 ===

Sequence: GGACTACNVGGGTWTCTAAT; Type: regular 5'; Length: 20; Trimmed: 1033634 times

Minimum overlap: 3
No. of allowed errors:
1-9 bp: 0; 10-19 bp: 1

Overview of removed sequences
length	count	expect	max.err	error counts
3	8	35331.5	0	8
10	1	2.2	1	0 1
11	2	0.5	1	2
12	3	0.1	1	3
13	11	0.0	1	11
14	11	0.0	1	1 10
15	4	0.0	1	3 1
16	11	0.0	1	5 6
17	15	0.0	1	8 7
18	23	0.0	1	18 5
19	120	0.0	1	46 74
20	9298	0.0	1	3931 5367
21	1016315	0.0	1	986967 29348
22	7294	0.0	1	5057 2237
23	476	0.0	1	370 106
24	9	0.0	1	4 5
25	4	0.0	1	4
26	2	0.0	1	1 1
27	3	0.0	1	1 2
28	6	0.0	1	5 1
29	2	0.0	1	2
31	1	0.0	1	1
32	1	0.0	1	1
33	1	0.0	1	0 1
34	4	0.0	1	2 2
35	3	0.0	1	3
40	1	0.0	1	1
41	1	0.0	1	1
42	1	0.0	1	1
53	2	0.0	1	2
60	1	0.0	1	0 1
Running cutadapt on: 2024_Warm06_Both04_G48_gut_S53
This is cutadapt 5.2 with Python 3.13.15
Command line parameters: -j 4 -g GTGYCAGCMGCCGCGGTAA -G GGACTACNVGGGTWTCTAAT -o /scratch4/workspace/jade_fiorilla_student_uml_edu-rawseqorcc/trimmed-cutadapt/2024_Warm06_Both04_G48_gut_S53_R1_trim.fastq -p /scratch4/workspace/jade_fiorilla_student_uml_edu-rawseqorcc/trimmed-cutadapt/2024_Warm06_Both04_G48_gut_S53_R2_trim.fastq /scratch4/workspace/jade_fiorilla_student_uml_edu-rawseqorcc/fastq/2024_Warm06_Both04_G48_gut_S53_R1_001.fastq.gz /scratch4/workspace/jade_fiorilla_student_uml_edu-rawseqorcc/fastq/2024_Warm06_Both04_G48_gut_S53_R2_001.fastq.gz
Processing paired-end reads on 4 cores ...

=== Summary ===

Total read pairs processed:          1,108,732
  Read 1 with adapter:                 816,773 (73.7%)
  Read 2 with adapter:                 351,682 (31.7%)
Pairs written (passing filters):     1,108,732 (100.0%)

Total basepairs processed:   667,456,664 bp
  Read 1:   333,728,332 bp
  Read 2:   333,728,332 bp
Total written (filtered):    644,882,959 bp (96.6%)
  Read 1:   318,195,647 bp
  Read 2:   326,687,312 bp

=== First read: Adapter 1 ===

Sequence: GTGYCAGCMGCCGCGGTAA; Type: regular 5'; Length: 19; Trimmed: 816773 times

Minimum overlap: 3
No. of allowed errors:
1-9 bp: 0; 10-19 bp: 1

Overview of removed sequences
length	count	expect	max.err	error counts
3	9	17323.9	0	9
11	2	0.3	1	0 2
12	45	0.1	1	24 21
13	7	0.0	1	3 4
14	7	0.0	1	4 3
15	6	0.0	1	0 6
16	34	0.0	1	17 17
17	58	0.0	1	28 30
18	1330	0.0	1	199 1131
19	806065	0.0	1	338940 467125
20	4708	0.0	1	2568 2140
21	2423	0.0	1	1311 1112
22	2042	0.0	1	1583 459
23	7	0.0	1	2 5
24	2	0.0	1	0 2
26	1	0.0	1	1
27	4	0.0	1	3 1
31	1	0.0	1	0 1
32	11	0.0	1	0 11
33	1	0.0	1	0 1
34	1	0.0	1	0 1
36	3	0.0	1	3
39	3	0.0	1	1 2
41	1	0.0	1	0 1
43	2	0.0	1	0 2


=== Second read: Adapter 2 ===

Sequence: GGACTACNVGGGTWTCTAAT; Type: regular 5'; Length: 20; Trimmed: 351682 times

Minimum overlap: 3
No. of allowed errors:
1-9 bp: 0; 10-19 bp: 1

Overview of removed sequences
length	count	expect	max.err	error counts
3	6	17323.9	0	6
12	4	0.1	1	3 1
13	1	0.0	1	1
14	2	0.0	1	2
16	3	0.0	1	1 2
17	5	0.0	1	2 3
18	29	0.0	1	14 15
19	1561	0.0	1	206 1355
20	344884	0.0	1	335083 9801
21	2882	0.0	1	1470 1412
22	672	0.0	1	615 57
23	1619	0.0	1	1553 66
24	8	0.0	1	5 3
25	1	0.0	1	1
29	1	0.0	1	1
30	2	0.0	1	2
33	1	0.0	1	1
37	1	0.0	1	1
Running cutadapt on: 2024_Warm06_Hyp06_G71_gill_S208
This is cutadapt 5.2 with Python 3.13.15
Command line parameters: -j 4 -g GTGYCAGCMGCCGCGGTAA -G GGACTACNVGGGTWTCTAAT -o /scratch4/workspace/jade_fiorilla_student_uml_edu-rawseqorcc/trimmed-cutadapt/2024_Warm06_Hyp06_G71_gill_S208_R1_trim.fastq -p /scratch4/workspace/jade_fiorilla_student_uml_edu-rawseqorcc/trimmed-cutadapt/2024_Warm06_Hyp06_G71_gill_S208_R2_trim.fastq /scratch4/workspace/jade_fiorilla_student_uml_edu-rawseqorcc/fastq/2024_Warm06_Hyp06_G71_gill_S208_R1_001.fastq.gz /scratch4/workspace/jade_fiorilla_student_uml_edu-rawseqorcc/fastq/2024_Warm06_Hyp06_G71_gill_S208_R2_001.fastq.gz
Processing paired-end reads on 4 cores ...

=== Summary ===

Total read pairs processed:          1,689,161
  Read 1 with adapter:               1,645,799 (97.4%)
  Read 2 with adapter:               1,604,595 (95.0%)
Pairs written (passing filters):     1,689,161 (100.0%)

Total basepairs processed: 1,016,874,922 bp
  Read 1:   508,437,461 bp
  Read 2:   508,437,461 bp
Total written (filtered):    953,508,470 bp (93.8%)
  Read 1:   477,161,258 bp
  Read 2:   476,347,212 bp

=== First read: Adapter 1 ===

Sequence: GTGYCAGCMGCCGCGGTAA; Type: regular 5'; Length: 19; Trimmed: 1645799 times

Minimum overlap: 3
No. of allowed errors:
1-9 bp: 0; 10-19 bp: 1

Overview of removed sequences
length	count	expect	max.err	error counts
3	19	26393.1	0	19
8	1	25.8	0	1
9	5	6.4	0	5
10	1	1.6	1	1
12	36	0.1	1	36
13	8	0.0	1	8
14	7	0.0	1	1 6
15	6	0.0	1	5 1
16	49	0.0	1	32 17
17	75	0.0	1	65 10
18	3901	0.0	1	622 3279
19	1635297	0.0	1	1575135 60162
20	4155	0.0	1	1695 2460
21	372	0.0	1	353 19
22	1816	0.0	1	903 913
23	9	0.0	1	7 2
25	5	0.0	1	5
26	4	0.0	1	3 1
28	6	0.0	1	6
29	2	0.0	1	1 1
30	3	0.0	1	2 1
31	3	0.0	1	2 1
32	4	0.0	1	4
33	2	0.0	1	1 1
34	2	0.0	1	2
35	1	0.0	1	1
38	1	0.0	1	0 1
39	1	0.0	1	1
40	2	0.0	1	2
41	1	0.0	1	1
44	2	0.0	1	2
49	3	0.0	1	3


=== Second read: Adapter 2 ===

Sequence: GGACTACNVGGGTWTCTAAT; Type: regular 5'; Length: 20; Trimmed: 1604595 times

Minimum overlap: 3
No. of allowed errors:
1-9 bp: 0; 10-19 bp: 1

Overview of removed sequences
length	count	expect	max.err	error counts
3	51	26393.1	0	51
11	8	0.4	1	7 1
12	3	0.1	1	3
13	6	0.0	1	4 2
14	26	0.0	1	6 20
15	3	0.0	1	0 3
16	14	0.0	1	4 10
17	12	0.0	1	10 2
18	73	0.0	1	56 17
19	8436	0.0	1	767 7669
20	1590059	0.0	1	1549062 40997
21	4828	0.0	1	1724 3104
22	236	0.0	1	215 21
23	794	0.0	1	732 62
24	8	0.0	1	2 6
25	3	0.0	1	3
26	3	0.0	1	3
27	1	0.0	1	1
28	2	0.0	1	2
29	4	0.0	1	3 1
30	1	0.0	1	1
31	1	0.0	1	0 1
32	3	0.0	1	3
33	3	0.0	1	3
34	2	0.0	1	2
35	7	0.0	1	0 7
37	1	0.0	1	1
38	3	0.0	1	3
40	2	0.0	1	2
43	1	0.0	1	1
50	1	0.0	1	1
Running cutadapt on: 2024_Warm06_Hyp06_G71_gut_S21
This is cutadapt 5.2 with Python 3.13.15
Command line parameters: -j 4 -g GTGYCAGCMGCCGCGGTAA -G GGACTACNVGGGTWTCTAAT -o /scratch4/workspace/jade_fiorilla_student_uml_edu-rawseqorcc/trimmed-cutadapt/2024_Warm06_Hyp06_G71_gut_S21_R1_trim.fastq -p /scratch4/workspace/jade_fiorilla_student_uml_edu-rawseqorcc/trimmed-cutadapt/2024_Warm06_Hyp06_G71_gut_S21_R2_trim.fastq /scratch4/workspace/jade_fiorilla_student_uml_edu-rawseqorcc/fastq/2024_Warm06_Hyp06_G71_gut_S21_R1_001.fastq.gz /scratch4/workspace/jade_fiorilla_student_uml_edu-rawseqorcc/fastq/2024_Warm06_Hyp06_G71_gut_S21_R2_001.fastq.gz
Processing paired-end reads on 4 cores ...

=== Summary ===

Total read pairs processed:            646,396
  Read 1 with adapter:                 592,901 (91.7%)
  Read 2 with adapter:                 559,160 (86.5%)
Pairs written (passing filters):       646,396 (100.0%)

Total basepairs processed:   389,130,392 bp
  Read 1:   194,565,196 bp
  Read 2:   194,565,196 bp
Total written (filtered):    364,405,594 bp (93.6%)
  Read 1:   182,130,070 bp
  Read 2:   182,275,524 bp

=== First read: Adapter 1 ===

Sequence: GTGYCAGCMGCCGCGGTAA; Type: regular 5'; Length: 19; Trimmed: 592901 times

Minimum overlap: 3
No. of allowed errors:
1-9 bp: 0; 10-19 bp: 1

Overview of removed sequences
length	count	expect	max.err	error counts
3	6	10099.9	0	6
9	3	2.5	0	3
12	24	0.0	1	24
13	3	0.0	1	3
14	2	0.0	1	1 1
15	5	0.0	1	2 3
16	17	0.0	1	12 5
17	12	0.0	1	3 9
18	26	0.0	1	13 13
19	3428	0.0	1	2076 1352
20	10827	0.0	1	7030 3797
21	576340	0.0	1	528360 47980
22	2169	0.0	1	1245 924
23	8	0.0	1	3 5
24	4	0.0	1	3 1
25	8	0.0	1	8
26	1	0.0	1	1
27	3	0.0	1	3
28	1	0.0	1	1
29	1	0.0	1	0 1
31	1	0.0	1	1
35	1	0.0	1	1
36	2	0.0	1	2
40	2	0.0	1	2
41	2	0.0	1	2
42	2	0.0	1	2
44	2	0.0	1	2
61	1	0.0	1	0 1


=== Second read: Adapter 2 ===

Sequence: GGACTACNVGGGTWTCTAAT; Type: regular 5'; Length: 20; Trimmed: 559160 times

Minimum overlap: 3
No. of allowed errors:
1-9 bp: 0; 10-19 bp: 1

Overview of removed sequences
length	count	expect	max.err	error counts
3	3	10099.9	0	3
8	1	9.9	0	1
9	2	2.5	0	2
11	3	0.2	1	1 2
12	4	0.0	1	0 4
13	8	0.0	1	7 1
14	13	0.0	1	5 8
15	10	0.0	1	5 5
16	6	0.0	1	0 6
17	15	0.0	1	10 5
18	13	0.0	1	9 4
19	47	0.0	1	27 20
20	1631	0.0	1	1526 105
21	10188	0.0	1	7076 3112
22	545328	0.0	1	528069 17259
23	1843	0.0	1	940 903
24	4	0.0	1	4
26	1	0.0	1	1
27	6	0.0	1	6
28	3	0.0	1	2 1
29	1	0.0	1	0 1
30	9	0.0	1	4 5
31	3	0.0	1	3
33	1	0.0	1	0 1
34	1	0.0	1	1
35	2	0.0	1	2
37	3	0.0	1	3
39	2	0.0	1	2
40	1	0.0	1	1
42	7	0.0	1	7
49	1	0.0	1	1
Running cutadapt on: 2024_Warm06_Null_G41_gill_S97
This is cutadapt 5.2 with Python 3.13.15
Command line parameters: -j 4 -g GTGYCAGCMGCCGCGGTAA -G GGACTACNVGGGTWTCTAAT -o /scratch4/workspace/jade_fiorilla_student_uml_edu-rawseqorcc/trimmed-cutadapt/2024_Warm06_Null_G41_gill_S97_R1_trim.fastq -p /scratch4/workspace/jade_fiorilla_student_uml_edu-rawseqorcc/trimmed-cutadapt/2024_Warm06_Null_G41_gill_S97_R2_trim.fastq /scratch4/workspace/jade_fiorilla_student_uml_edu-rawseqorcc/fastq/2024_Warm06_Null_G41_gill_S97_R1_001.fastq.gz /scratch4/workspace/jade_fiorilla_student_uml_edu-rawseqorcc/fastq/2024_Warm06_Null_G41_gill_S97_R2_001.fastq.gz
Processing paired-end reads on 4 cores ...

=== Summary ===

Total read pairs processed:            895,277
  Read 1 with adapter:                 843,304 (94.2%)
  Read 2 with adapter:                 780,907 (87.2%)
Pairs written (passing filters):       895,277 (100.0%)

Total basepairs processed:   538,956,754 bp
  Read 1:   269,478,377 bp
  Read 2:   269,478,377 bp
Total written (filtered):    505,740,705 bp (93.8%)
  Read 1:   252,627,182 bp
  Read 2:   253,113,523 bp

=== First read: Adapter 1 ===

Sequence: GTGYCAGCMGCCGCGGTAA; Type: regular 5'; Length: 19; Trimmed: 843304 times

Minimum overlap: 3
No. of allowed errors:
1-9 bp: 0; 10-19 bp: 1

Overview of removed sequences
length	count	expect	max.err	error counts
3	2	13988.7	0	2
9	10	3.4	0	10
11	1	0.2	1	1
12	33	0.1	1	30 3
13	4	0.0	1	2 2
14	13	0.0	1	6 7
15	12	0.0	1	8 4
16	21	0.0	1	20 1
17	28	0.0	1	12 16
18	153	0.0	1	53 100
19	25208	0.0	1	20487 4721
20	806915	0.0	1	713650 93265
21	10777	0.0	1	8141 2636
22	83	0.0	1	34 49
23	3	0.0	1	2 1
24	10	0.0	1	5 5
25	1	0.0	1	0 1
26	2	0.0	1	2
27	1	0.0	1	1
28	1	0.0	1	1
29	4	0.0	1	0 4
30	1	0.0	1	1
32	2	0.0	1	1 1
33	3	0.0	1	3
34	3	0.0	1	3
35	7	0.0	1	1 6
36	4	0.0	1	3 1
37	1	0.0	1	1
39	1	0.0	1	1


=== Second read: Adapter 2 ===

Sequence: GGACTACNVGGGTWTCTAAT; Type: regular 5'; Length: 20; Trimmed: 780907 times

Minimum overlap: 3
No. of allowed errors:
1-9 bp: 0; 10-19 bp: 1

Overview of removed sequences
length	count	expect	max.err	error counts
3	4	13988.7	0	4
10	1	0.9	1	1
12	7	0.1	1	5 2
13	9	0.0	1	7 2
14	8	0.0	1	3 5
15	14	0.0	1	10 4
16	10	0.0	1	1 9
17	13	0.0	1	8 5
18	39	0.0	1	30 9
19	145	0.0	1	45 100
20	44232	0.0	1	23406 20826
21	725904	0.0	1	700334 25570
22	10432	0.0	1	8692 1740
23	62	0.0	1	33 29
25	1	0.0	1	1
27	2	0.0	1	0 2
28	3	0.0	1	1 2
30	1	0.0	1	1
31	1	0.0	1	1
32	3	0.0	1	3
34	3	0.0	1	3
35	5	0.0	1	4 1
36	3	0.0	1	3
41	2	0.0	1	2
42	1	0.0	1	1
44	2	0.0	1	2
Running cutadapt on: 2024_Warm06_Null_G41_gut_S93
This is cutadapt 5.2 with Python 3.13.15
Command line parameters: -j 4 -g GTGYCAGCMGCCGCGGTAA -G GGACTACNVGGGTWTCTAAT -o /scratch4/workspace/jade_fiorilla_student_uml_edu-rawseqorcc/trimmed-cutadapt/2024_Warm06_Null_G41_gut_S93_R1_trim.fastq -p /scratch4/workspace/jade_fiorilla_student_uml_edu-rawseqorcc/trimmed-cutadapt/2024_Warm06_Null_G41_gut_S93_R2_trim.fastq /scratch4/workspace/jade_fiorilla_student_uml_edu-rawseqorcc/fastq/2024_Warm06_Null_G41_gut_S93_R1_001.fastq.gz /scratch4/workspace/jade_fiorilla_student_uml_edu-rawseqorcc/fastq/2024_Warm06_Null_G41_gut_S93_R2_001.fastq.gz
Processing paired-end reads on 4 cores ...

=== Summary ===

Total read pairs processed:          1,149,327
  Read 1 with adapter:                 770,514 (67.0%)
  Read 2 with adapter:                 429,546 (37.4%)
Pairs written (passing filters):     1,149,327 (100.0%)

Total basepairs processed:   691,894,854 bp
  Read 1:   345,947,427 bp
  Read 2:   345,947,427 bp
Total written (filtered):    666,290,655 bp (96.3%)
  Read 1:   329,774,829 bp
  Read 2:   336,515,826 bp

=== First read: Adapter 1 ===

Sequence: GTGYCAGCMGCCGCGGTAA; Type: regular 5'; Length: 19; Trimmed: 770514 times

Minimum overlap: 3
No. of allowed errors:
1-9 bp: 0; 10-19 bp: 1

Overview of removed sequences
length	count	expect	max.err	error counts
3	30	17958.2	0	30
9	3	4.4	0	3
10	3	1.1	1	3
11	2	0.3	1	2
12	25	0.1	1	10 15
13	2	0.0	1	1 1
14	6	0.0	1	2 4
15	6	0.0	1	5 1
16	13	0.0	1	5 8
17	12	0.0	1	7 5
18	45	0.0	1	14 31
19	2315	0.0	1	1120 1195
20	5993	0.0	1	3184 2809
21	759700	0.0	1	385466 374234
22	2286	0.0	1	1040 1246
23	6	0.0	1	4 2
24	2	0.0	1	0 2
25	2	0.0	1	0 2
26	1	0.0	1	0 1
27	5	0.0	1	5
28	1	0.0	1	0 1
30	1	0.0	1	1
31	5	0.0	1	2 3
32	1	0.0	1	0 1
33	2	0.0	1	0 2
34	1	0.0	1	1
35	4	0.0	1	0 4
36	4	0.0	1	0 4
37	1	0.0	1	1
38	4	0.0	1	1 3
39	3	0.0	1	0 3
40	1	0.0	1	0 1
41	1	0.0	1	1
42	2	0.0	1	0 2
43	1	0.0	1	1
45	1	0.0	1	0 1
46	2	0.0	1	2
47	4	0.0	1	1 3
48	1	0.0	1	0 1
51	1	0.0	1	0 1
52	1	0.0	1	0 1
53	4	0.0	1	0 4
57	2	0.0	1	0 2
58	7	0.0	1	0 7
61	2	0.0	1	0 2


=== Second read: Adapter 2 ===

Sequence: GGACTACNVGGGTWTCTAAT; Type: regular 5'; Length: 20; Trimmed: 429546 times

Minimum overlap: 3
No. of allowed errors:
1-9 bp: 0; 10-19 bp: 1

Overview of removed sequences
length	count	expect	max.err	error counts
3	8	17958.2	0	8
10	1	1.1	1	0 1
11	3	0.3	1	3
12	4	0.1	1	2 2
13	11	0.0	1	9 2
14	3	0.0	1	3
15	2	0.0	1	0 2
16	10	0.0	1	5 5
17	5	0.0	1	3 2
18	17	0.0	1	13 4
19	30	0.0	1	14 16
20	752	0.0	1	665 87
21	18054	0.0	1	2034 16020
22	409098	0.0	1	396708 12390
23	1525	0.0	1	778 747
24	6	0.0	1	3 3
26	2	0.0	1	2
27	1	0.0	1	1
28	1	0.0	1	1
30	2	0.0	1	1 1
31	3	0.0	1	3
33	3	0.0	1	3
38	1	0.0	1	1
47	2	0.0	1	2
55	2	0.0	1	1 1
Running cutadapt on: 2024_Warm06_Null_G45_gill_S271
This is cutadapt 5.2 with Python 3.13.15
Command line parameters: -j 4 -g GTGYCAGCMGCCGCGGTAA -G GGACTACNVGGGTWTCTAAT -o /scratch4/workspace/jade_fiorilla_student_uml_edu-rawseqorcc/trimmed-cutadapt/2024_Warm06_Null_G45_gill_S271_R1_trim.fastq -p /scratch4/workspace/jade_fiorilla_student_uml_edu-rawseqorcc/trimmed-cutadapt/2024_Warm06_Null_G45_gill_S271_R2_trim.fastq /scratch4/workspace/jade_fiorilla_student_uml_edu-rawseqorcc/fastq/2024_Warm06_Null_G45_gill_S271_R1_001.fastq.gz /scratch4/workspace/jade_fiorilla_student_uml_edu-rawseqorcc/fastq/2024_Warm06_Null_G45_gill_S271_R2_001.fastq.gz
Processing paired-end reads on 4 cores ...

=== Summary ===

Total read pairs processed:            791,575
  Read 1 with adapter:                 715,636 (90.4%)
  Read 2 with adapter:                 626,462 (79.1%)
Pairs written (passing filters):       791,575 (100.0%)

Total basepairs processed:   476,528,150 bp
  Read 1:   238,264,075 bp
  Read 2:   238,264,075 bp
Total written (filtered):    449,058,717 bp (94.2%)
  Read 1:   223,950,393 bp
  Read 2:   225,108,324 bp

=== First read: Adapter 1 ===

Sequence: GTGYCAGCMGCCGCGGTAA; Type: regular 5'; Length: 19; Trimmed: 715636 times

Minimum overlap: 3
No. of allowed errors:
1-9 bp: 0; 10-19 bp: 1

Overview of removed sequences
length	count	expect	max.err	error counts
3	3	12368.4	0	3
9	2	3.0	0	2
10	1	0.8	1	1
11	2	0.2	1	2
12	37	0.0	1	24 13
13	3	0.0	1	2 1
14	14	0.0	1	2 12
15	2	0.0	1	0 2
16	17	0.0	1	13 4
17	23	0.0	1	11 12
18	78	0.0	1	37 41
19	2679	0.0	1	721 1958
20	709496	0.0	1	602389 107107
21	2607	0.0	1	1169 1438
22	628	0.0	1	555 73
23	5	0.0	1	1 4
24	5	0.0	1	4 1
25	2	0.0	1	2
26	1	0.0	1	1
27	4	0.0	1	3 1
28	2	0.0	1	2
29	1	0.0	1	1
31	2	0.0	1	0 2
32	2	0.0	1	2
34	1	0.0	1	1
35	3	0.0	1	3
36	2	0.0	1	2
37	2	0.0	1	2
38	2	0.0	1	1 1
41	1	0.0	1	1
42	1	0.0	1	1
43	3	0.0	1	3
46	1	0.0	1	1
52	1	0.0	1	1
54	3	0.0	1	0 3


=== Second read: Adapter 2 ===

Sequence: GGACTACNVGGGTWTCTAAT; Type: regular 5'; Length: 20; Trimmed: 626462 times

Minimum overlap: 3
No. of allowed errors:
1-9 bp: 0; 10-19 bp: 1

Overview of removed sequences
length	count	expect	max.err	error counts
3	1	12368.4	0	1
11	2	0.2	1	1 1
12	4	0.0	1	3 1
13	1	0.0	1	1
14	7	0.0	1	3 4
15	7	0.0	1	1 6
16	5	0.0	1	3 2
17	8	0.0	1	5 3
18	17	0.0	1	16 1
19	52	0.0	1	25 27
20	3248	0.0	1	665 2583
21	620046	0.0	1	598674 21372
22	2652	0.0	1	1389 1263
23	382	0.0	1	355 27
24	5	0.0	1	0 5
25	1	0.0	1	1
26	3	0.0	1	3
27	4	0.0	1	3 1
28	1	0.0	1	0 1
29	1	0.0	1	0 1
31	3	0.0	1	2 1
32	5	0.0	1	3 2
34	1	0.0	1	1
35	2	0.0	1	2
36	3	0.0	1	2 1
43	1	0.0	1	1
Running cutadapt on: 2024_Warm06_Null_G45_gut_S92
This is cutadapt 5.2 with Python 3.13.15
Command line parameters: -j 4 -g GTGYCAGCMGCCGCGGTAA -G GGACTACNVGGGTWTCTAAT -o /scratch4/workspace/jade_fiorilla_student_uml_edu-rawseqorcc/trimmed-cutadapt/2024_Warm06_Null_G45_gut_S92_R1_trim.fastq -p /scratch4/workspace/jade_fiorilla_student_uml_edu-rawseqorcc/trimmed-cutadapt/2024_Warm06_Null_G45_gut_S92_R2_trim.fastq /scratch4/workspace/jade_fiorilla_student_uml_edu-rawseqorcc/fastq/2024_Warm06_Null_G45_gut_S92_R1_001.fastq.gz /scratch4/workspace/jade_fiorilla_student_uml_edu-rawseqorcc/fastq/2024_Warm06_Null_G45_gut_S92_R2_001.fastq.gz
Processing paired-end reads on 4 cores ...

=== Summary ===

Total read pairs processed:          1,197,987
  Read 1 with adapter:               1,160,949 (96.9%)
  Read 2 with adapter:               1,142,010 (95.3%)
Pairs written (passing filters):     1,197,987 (100.0%)

Total basepairs processed:   721,188,174 bp
  Read 1:   360,594,087 bp
  Read 2:   360,594,087 bp
Total written (filtered):    671,700,889 bp (93.1%)
  Read 1:   336,223,061 bp
  Read 2:   335,477,828 bp

=== First read: Adapter 1 ===

Sequence: GTGYCAGCMGCCGCGGTAA; Type: regular 5'; Length: 19; Trimmed: 1160949 times

Minimum overlap: 3
No. of allowed errors:
1-9 bp: 0; 10-19 bp: 1

Overview of removed sequences
length	count	expect	max.err	error counts
3	20	18718.5	0	20
9	1	4.6	0	1
12	37	0.1	1	36 1
13	3	0.0	1	3
14	9	0.0	1	5 4
15	9	0.0	1	4 5
16	24	0.0	1	18 6
17	12	0.0	1	8 4
18	70	0.0	1	51 19
19	2727	0.0	1	1304 1423
20	6938	0.0	1	3121 3817
21	1147311	0.0	1	1107289 40022
22	3701	0.0	1	1840 1861
23	11	0.0	1	9 2
24	8	0.0	1	8
25	4	0.0	1	4
26	2	0.0	1	1 1
27	1	0.0	1	1
28	2	0.0	1	2
29	6	0.0	1	4 2
30	5	0.0	1	5
31	2	0.0	1	2
32	2	0.0	1	1 1
33	3	0.0	1	1 2
34	9	0.0	1	8 1
35	6	0.0	1	4 2
37	6	0.0	1	6
38	2	0.0	1	2
39	2	0.0	1	2
40	1	0.0	1	1
41	1	0.0	1	1
42	2	0.0	1	2
43	5	0.0	1	5
44	1	0.0	1	1
45	4	0.0	1	3 1
56	1	0.0	1	0 1
58	1	0.0	1	1


=== Second read: Adapter 2 ===

Sequence: GGACTACNVGGGTWTCTAAT; Type: regular 5'; Length: 20; Trimmed: 1142010 times

Minimum overlap: 3
No. of allowed errors:
1-9 bp: 0; 10-19 bp: 1

Overview of removed sequences
length	count	expect	max.err	error counts
3	8	18718.5	0	8
4	1	4679.6	0	1
8	3	18.3	0	3
10	6	1.1	1	6
11	5	0.3	1	5
12	4	0.1	1	2 2
13	9	0.0	1	7 2
14	15	0.0	1	9 6
15	17	0.0	1	7 10
16	31	0.0	1	19 12
17	23	0.0	1	16 7
18	51	0.0	1	41 10
19	73	0.0	1	45 28
20	1020	0.0	1	893 127
21	8281	0.0	1	2489 5792
22	1129168	0.0	1	1103911 25257
23	3235	0.0	1	1498 1737
24	9	0.0	1	8 1
25	6	0.0	1	1 5
26	10	0.0	1	10
27	1	0.0	1	1
28	4	0.0	1	3 1
30	2	0.0	1	2
31	4	0.0	1	3 1
32	4	0.0	1	4
33	3	0.0	1	3
34	1	0.0	1	1
36	3	0.0	1	2 1
37	1	0.0	1	1
38	1	0.0	1	0 1
39	1	0.0	1	1
40	3	0.0	1	3
41	1	0.0	1	1
43	1	0.0	1	1
45	3	0.0	1	3
48	1	0.0	1	1
49	1	0.0	1	1
Running cutadapt on: 2024_Warm06_Warm03_G36_gill_S95
This is cutadapt 5.2 with Python 3.13.15
Command line parameters: -j 4 -g GTGYCAGCMGCCGCGGTAA -G GGACTACNVGGGTWTCTAAT -o /scratch4/workspace/jade_fiorilla_student_uml_edu-rawseqorcc/trimmed-cutadapt/2024_Warm06_Warm03_G36_gill_S95_R1_trim.fastq -p /scratch4/workspace/jade_fiorilla_student_uml_edu-rawseqorcc/trimmed-cutadapt/2024_Warm06_Warm03_G36_gill_S95_R2_trim.fastq /scratch4/workspace/jade_fiorilla_student_uml_edu-rawseqorcc/fastq/2024_Warm06_Warm03_G36_gill_S95_R1_001.fastq.gz /scratch4/workspace/jade_fiorilla_student_uml_edu-rawseqorcc/fastq/2024_Warm06_Warm03_G36_gill_S95_R2_001.fastq.gz
Processing paired-end reads on 4 cores ...

=== Summary ===

Total read pairs processed:          1,947,194
  Read 1 with adapter:               1,454,491 (74.7%)
  Read 2 with adapter:               1,113,135 (57.2%)
Pairs written (passing filters):     1,947,194 (100.0%)

Total basepairs processed: 1,172,210,788 bp
  Read 1:   586,105,394 bp
  Read 2:   586,105,394 bp
Total written (filtered):  1,117,289,347 bp (95.3%)
  Read 1:   555,612,593 bp
  Read 2:   561,676,754 bp

=== First read: Adapter 1 ===

Sequence: GTGYCAGCMGCCGCGGTAA; Type: regular 5'; Length: 19; Trimmed: 1454491 times

Minimum overlap: 3
No. of allowed errors:
1-9 bp: 0; 10-19 bp: 1

Overview of removed sequences
length	count	expect	max.err	error counts
3	51	30424.9	0	51
9	1	7.4	0	1
10	1	1.9	1	1
11	2	0.5	1	1 1
12	42	0.1	1	32 10
13	13	0.0	1	5 8
14	13	0.0	1	8 5
15	15	0.0	1	8 7
16	24	0.0	1	13 11
17	36	0.0	1	20 16
18	131	0.0	1	58 73
19	21667	0.0	1	19180 2487
20	11432	0.0	1	7209 4223
21	1417011	0.0	1	969713 447298
22	3931	0.0	1	1726 2205
23	14	0.0	1	11 3
24	2	0.0	1	1 1
25	3	0.0	1	3
26	4	0.0	1	1 3
27	5	0.0	1	4 1
28	6	0.0	1	2 4
29	8	0.0	1	2 6
30	4	0.0	1	1 3
31	3	0.0	1	2 1
32	3	0.0	1	2 1
33	7	0.0	1	6 1
34	7	0.0	1	2 5
35	6	0.0	1	5 1
36	5	0.0	1	4 1
37	4	0.0	1	3 1
38	13	0.0	1	10 3
39	1	0.0	1	1
40	6	0.0	1	3 3
41	4	0.0	1	4
42	2	0.0	1	1 1
43	1	0.0	1	0 1
44	2	0.0	1	2
45	1	0.0	1	0 1
47	1	0.0	1	0 1
50	1	0.0	1	1
53	1	0.0	1	0 1
55	1	0.0	1	0 1
57	5	0.0	1	0 5
60	1	0.0	1	0 1


=== Second read: Adapter 2 ===

Sequence: GGACTACNVGGGTWTCTAAT; Type: regular 5'; Length: 20; Trimmed: 1113135 times

Minimum overlap: 3
No. of allowed errors:
1-9 bp: 0; 10-19 bp: 1

Overview of removed sequences
length	count	expect	max.err	error counts
3	22	30424.9	0	22
4	3	7606.2	0	3
6	1	475.4	0	1
10	6	1.9	1	6
11	5	0.5	1	4 1
12	11	0.1	1	7 4
13	19	0.0	1	19
14	33	0.0	1	15 18
15	22	0.0	1	4 18
16	18	0.0	1	9 9
17	27	0.0	1	16 11
18	75	0.0	1	52 23
19	179	0.0	1	58 121
20	22702	0.0	1	21948 754
21	22568	0.0	1	6521 16047
22	1057992	0.0	1	1014452 43540
23	9390	0.0	1	1539 7851
24	13	0.0	1	6 7
25	4	0.0	1	4
26	3	0.0	1	3
27	2	0.0	1	1 1
28	2	0.0	1	2
29	2	0.0	1	2
30	5	0.0	1	4 1
31	5	0.0	1	4 1
32	3	0.0	1	2 1
33	1	0.0	1	1
34	1	0.0	1	1
36	7	0.0	1	6 1
38	1	0.0	1	1
39	3	0.0	1	3
42	2	0.0	1	2
44	3	0.0	1	3
47	2	0.0	1	2
49	1	0.0	1	1
59	2	0.0	1	2
Running cutadapt on: 2024_Warm06_Warm03_G36_gut_S25
This is cutadapt 5.2 with Python 3.13.15
Command line parameters: -j 4 -g GTGYCAGCMGCCGCGGTAA -G GGACTACNVGGGTWTCTAAT -o /scratch4/workspace/jade_fiorilla_student_uml_edu-rawseqorcc/trimmed-cutadapt/2024_Warm06_Warm03_G36_gut_S25_R1_trim.fastq -p /scratch4/workspace/jade_fiorilla_student_uml_edu-rawseqorcc/trimmed-cutadapt/2024_Warm06_Warm03_G36_gut_S25_R2_trim.fastq /scratch4/workspace/jade_fiorilla_student_uml_edu-rawseqorcc/fastq/2024_Warm06_Warm03_G36_gut_S25_R1_001.fastq.gz /scratch4/workspace/jade_fiorilla_student_uml_edu-rawseqorcc/fastq/2024_Warm06_Warm03_G36_gut_S25_R2_001.fastq.gz
Processing paired-end reads on 4 cores ...

=== Summary ===

Total read pairs processed:            954,647
  Read 1 with adapter:                 825,344 (86.5%)
  Read 2 with adapter:                 689,959 (72.3%)
Pairs written (passing filters):       954,647 (100.0%)

Total basepairs processed:   574,697,494 bp
  Read 1:   287,348,747 bp
  Read 2:   287,348,747 bp
Total written (filtered):    543,699,147 bp (94.6%)
  Read 1:   270,839,632 bp
  Read 2:   272,859,515 bp

=== First read: Adapter 1 ===

Sequence: GTGYCAGCMGCCGCGGTAA; Type: regular 5'; Length: 19; Trimmed: 825344 times

Minimum overlap: 3
No. of allowed errors:
1-9 bp: 0; 10-19 bp: 1

Overview of removed sequences
length	count	expect	max.err	error counts
3	8	14916.4	0	8
10	3	0.9	1	0 3
11	4	0.2	1	3 1
12	54	0.1	1	43 11
13	5	0.0	1	5
14	10	0.0	1	7 3
15	9	0.0	1	2 7
16	24	0.0	1	18 6
17	26	0.0	1	9 17
18	110	0.0	1	49 61
19	5252	0.0	1	1177 4075
20	813771	0.0	1	671439 142332
21	4310	0.0	1	1932 2378
22	1684	0.0	1	1364 320
23	9	0.0	1	5 4
24	2	0.0	1	1 1
25	5	0.0	1	4 1
26	6	0.0	1	3 3
28	2	0.0	1	1 1
29	4	0.0	1	4
30	1	0.0	1	1
31	3	0.0	1	2 1
32	2	0.0	1	0 2
33	4	0.0	1	2 2
34	4	0.0	1	4
35	3	0.0	1	3
36	6	0.0	1	4 2
37	4	0.0	1	4
39	1	0.0	1	1
40	5	0.0	1	5
41	6	0.0	1	5 1
42	1	0.0	1	0 1
45	3	0.0	1	2 1
49	1	0.0	1	1
57	2	0.0	1	0 2


=== Second read: Adapter 2 ===

Sequence: GGACTACNVGGGTWTCTAAT; Type: regular 5'; Length: 20; Trimmed: 689959 times

Minimum overlap: 3
No. of allowed errors:
1-9 bp: 0; 10-19 bp: 1

Overview of removed sequences
length	count	expect	max.err	error counts
3	11	14916.4	0	11
11	2	0.2	1	0 2
12	2	0.1	1	2
13	5	0.0	1	4 1
14	16	0.0	1	9 7
15	8	0.0	1	3 5
16	16	0.0	1	7 9
17	4	0.0	1	4
18	15	0.0	1	9 6
19	64	0.0	1	41 23
20	3504	0.0	1	767 2737
21	682940	0.0	1	672553 10387
22	2667	0.0	1	1273 1394
23	675	0.0	1	633 42
24	7	0.0	1	3 4
25	5	0.0	1	3 2
26	4	0.0	1	4
29	1	0.0	1	1
32	1	0.0	1	1
34	2	0.0	1	2
36	1	0.0	1	1
37	4	0.0	1	4
38	2	0.0	1	2
39	1	0.0	1	0 1
45	2	0.0	1	2
Running cutadapt on: 2024_Warm06_Warm04_G48_gill_S26
This is cutadapt 5.2 with Python 3.13.15
Command line parameters: -j 4 -g GTGYCAGCMGCCGCGGTAA -G GGACTACNVGGGTWTCTAAT -o /scratch4/workspace/jade_fiorilla_student_uml_edu-rawseqorcc/trimmed-cutadapt/2024_Warm06_Warm04_G48_gill_S26_R1_trim.fastq -p /scratch4/workspace/jade_fiorilla_student_uml_edu-rawseqorcc/trimmed-cutadapt/2024_Warm06_Warm04_G48_gill_S26_R2_trim.fastq /scratch4/workspace/jade_fiorilla_student_uml_edu-rawseqorcc/fastq/2024_Warm06_Warm04_G48_gill_S26_R1_001.fastq.gz /scratch4/workspace/jade_fiorilla_student_uml_edu-rawseqorcc/fastq/2024_Warm06_Warm04_G48_gill_S26_R2_001.fastq.gz
Processing paired-end reads on 4 cores ...

=== Summary ===

Total read pairs processed:            828,301
  Read 1 with adapter:                 613,118 (74.0%)
  Read 2 with adapter:                 407,407 (49.2%)
Pairs written (passing filters):       828,301 (100.0%)

Total basepairs processed:   498,637,202 bp
  Read 1:   249,318,601 bp
  Read 2:   249,318,601 bp
Total written (filtered):    477,817,689 bp (95.8%)
  Read 1:   237,054,820 bp
  Read 2:   240,762,869 bp

=== First read: Adapter 1 ===

Sequence: GTGYCAGCMGCCGCGGTAA; Type: regular 5'; Length: 19; Trimmed: 613118 times

Minimum overlap: 3
No. of allowed errors:
1-9 bp: 0; 10-19 bp: 1

Overview of removed sequences
length	count	expect	max.err	error counts
3	7	12942.2	0	7
9	3	3.2	0	3
10	2	0.8	1	2
12	49	0.0	1	34 15
13	4	0.0	1	2 2
14	6	0.0	1	4 2
15	3	0.0	1	2 1
16	27	0.0	1	15 12
17	14	0.0	1	4 10
18	86	0.0	1	42 44
19	5499	0.0	1	1795 3704
20	602107	0.0	1	388268 213839
21	3710	0.0	1	2134 1576
22	1524	0.0	1	1291 233
23	10	0.0	1	5 5
24	1	0.0	1	0 1
25	3	0.0	1	3
26	8	0.0	1	8
27	3	0.0	1	2 1
28	1	0.0	1	1
29	1	0.0	1	0 1
30	4	0.0	1	4
32	3	0.0	1	2 1
33	3	0.0	1	2 1
35	2	0.0	1	1 1
36	2	0.0	1	2
37	18	0.0	1	3 15
39	1	0.0	1	0 1
43	1	0.0	1	1
44	4	0.0	1	1 3
46	1	0.0	1	0 1
47	1	0.0	1	1
49	3	0.0	1	0 3
52	6	0.0	1	4 2
59	1	0.0	1	0 1


=== Second read: Adapter 2 ===

Sequence: GGACTACNVGGGTWTCTAAT; Type: regular 5'; Length: 20; Trimmed: 407407 times

Minimum overlap: 3
No. of allowed errors:
1-9 bp: 0; 10-19 bp: 1

Overview of removed sequences
length	count	expect	max.err	error counts
3	4	12942.2	0	4
5	1	808.9	0	1
11	1	0.2	1	0 1
14	10	0.0	1	7 3
15	6	0.0	1	1 5
16	6	0.0	1	5 1
17	6	0.0	1	3 3
18	15	0.0	1	14 1
19	23	0.0	1	15 8
20	2751	0.0	1	965 1786
21	402042	0.0	1	390485 11557
22	1996	0.0	1	1156 840
23	520	0.0	1	488 32
24	4	0.0	1	4
26	2	0.0	1	2
27	4	0.0	1	4
28	2	0.0	1	2
29	5	0.0	1	3 2
31	2	0.0	1	2
32	1	0.0	1	1
33	1	0.0	1	1
39	1	0.0	1	1
43	4	0.0	1	4
Running cutadapt on: 2024_Warm06_Warm04_G48_gut_S27
This is cutadapt 5.2 with Python 3.13.15
Command line parameters: -j 4 -g GTGYCAGCMGCCGCGGTAA -G GGACTACNVGGGTWTCTAAT -o /scratch4/workspace/jade_fiorilla_student_uml_edu-rawseqorcc/trimmed-cutadapt/2024_Warm06_Warm04_G48_gut_S27_R1_trim.fastq -p /scratch4/workspace/jade_fiorilla_student_uml_edu-rawseqorcc/trimmed-cutadapt/2024_Warm06_Warm04_G48_gut_S27_R2_trim.fastq /scratch4/workspace/jade_fiorilla_student_uml_edu-rawseqorcc/fastq/2024_Warm06_Warm04_G48_gut_S27_R1_001.fastq.gz /scratch4/workspace/jade_fiorilla_student_uml_edu-rawseqorcc/fastq/2024_Warm06_Warm04_G48_gut_S27_R2_001.fastq.gz
Processing paired-end reads on 4 cores ...

=== Summary ===

Total read pairs processed:            922,526
  Read 1 with adapter:                 776,980 (84.2%)
  Read 2 with adapter:                 629,227 (68.2%)
Pairs written (passing filters):       922,526 (100.0%)

Total basepairs processed:   555,360,652 bp
  Read 1:   277,680,326 bp
  Read 2:   277,680,326 bp
Total written (filtered):    526,608,840 bp (94.8%)
  Read 1:   262,141,049 bp
  Read 2:   264,467,791 bp

=== First read: Adapter 1 ===

Sequence: GTGYCAGCMGCCGCGGTAA; Type: regular 5'; Length: 19; Trimmed: 776980 times

Minimum overlap: 3
No. of allowed errors:
1-9 bp: 0; 10-19 bp: 1

Overview of removed sequences
length	count	expect	max.err	error counts
9	4	3.5	0	4
10	1	0.9	1	1
11	1	0.2	1	1
12	42	0.1	1	21 21
13	2	0.0	1	2
14	6	0.0	1	4 2
15	6	0.0	1	4 2
16	29	0.0	1	16 13
17	21	0.0	1	8 13
18	102	0.0	1	45 57
19	6983	0.0	1	2332 4651
20	763625	0.0	1	594107 169518
21	5352	0.0	1	2684 2668
22	762	0.0	1	621 141
23	3	0.0	1	2 1
24	2	0.0	1	1 1
25	1	0.0	1	1
26	1	0.0	1	0 1
28	3	0.0	1	3
29	3	0.0	1	3
31	4	0.0	1	4
32	4	0.0	1	2 2
33	1	0.0	1	1
34	3	0.0	1	3
36	5	0.0	1	1 4
37	1	0.0	1	0 1
38	3	0.0	1	3
41	1	0.0	1	0 1
44	1	0.0	1	1
45	1	0.0	1	1
46	3	0.0	1	0 3
48	2	0.0	1	2
52	1	0.0	1	0 1
53	1	0.0	1	0 1


=== Second read: Adapter 2 ===

Sequence: GGACTACNVGGGTWTCTAAT; Type: regular 5'; Length: 20; Trimmed: 629227 times

Minimum overlap: 3
No. of allowed errors:
1-9 bp: 0; 10-19 bp: 1

Overview of removed sequences
length	count	expect	max.err	error counts
3	6	14414.5	0	6
8	1	14.1	0	1
9	1	3.5	0	1
12	3	0.1	1	3
13	8	0.0	1	8
14	15	0.0	1	5 10
15	7	0.0	1	4 3
16	16	0.0	1	10 6
17	13	0.0	1	10 3
18	18	0.0	1	11 7
19	57	0.0	1	37 20
20	3911	0.0	1	1215 2696
21	622223	0.0	1	609701 12522
22	2669	0.0	1	1539 1130
23	252	0.0	1	213 39
24	8	0.0	1	2 6
25	7	0.0	1	4 3
26	2	0.0	1	2
27	1	0.0	1	1
28	4	0.0	1	4
30	2	0.0	1	2
32	1	0.0	1	0 1
41	1	0.0	1	1
53	1	0.0	1	1
Running cutadapt on: negative_control_NA_S267
This is cutadapt 5.2 with Python 3.13.15
Command line parameters: -j 4 -g GTGYCAGCMGCCGCGGTAA -G GGACTACNVGGGTWTCTAAT -o /scratch4/workspace/jade_fiorilla_student_uml_edu-rawseqorcc/trimmed-cutadapt/negative_control_NA_S267_R1_trim.fastq -p /scratch4/workspace/jade_fiorilla_student_uml_edu-rawseqorcc/trimmed-cutadapt/negative_control_NA_S267_R2_trim.fastq /scratch4/workspace/jade_fiorilla_student_uml_edu-rawseqorcc/fastq/negative_control_NA_S267_R1_001.fastq.gz /scratch4/workspace/jade_fiorilla_student_uml_edu-rawseqorcc/fastq/negative_control_NA_S267_R2_001.fastq.gz
Processing paired-end reads on 4 cores ...

=== Summary ===

Total read pairs processed:            292,047
  Read 1 with adapter:                 241,247 (82.6%)
  Read 2 with adapter:                 217,302 (74.4%)
Pairs written (passing filters):       292,047 (100.0%)

Total basepairs processed:   175,812,294 bp
  Read 1:    87,906,147 bp
  Read 2:    87,906,147 bp
Total written (filtered):    165,970,246 bp (94.4%)
  Read 1:    82,841,825 bp
  Read 2:    83,128,421 bp

=== First read: Adapter 1 ===

Sequence: GTGYCAGCMGCCGCGGTAA; Type: regular 5'; Length: 19; Trimmed: 241247 times

Minimum overlap: 3
No. of allowed errors:
1-9 bp: 0; 10-19 bp: 1

Overview of removed sequences
length	count	expect	max.err	error counts
9	2	1.1	0	2
12	9	0.0	1	9
13	3	0.0	1	3
14	2	0.0	1	1 1
16	3	0.0	1	3
18	17	0.0	1	11 6
19	435	0.0	1	406 29
20	1726	0.0	1	1086 640
21	238272	0.0	1	191098 47174
22	764	0.0	1	443 321
23	2	0.0	1	1 1
25	2	0.0	1	0 2
30	1	0.0	1	1
33	3	0.0	1	3
35	1	0.0	1	1
36	3	0.0	1	2 1
51	2	0.0	1	0 2


=== Second read: Adapter 2 ===

Sequence: GGACTACNVGGGTWTCTAAT; Type: regular 5'; Length: 20; Trimmed: 217302 times

Minimum overlap: 3
No. of allowed errors:
1-9 bp: 0; 10-19 bp: 1

Overview of removed sequences
length	count	expect	max.err	error counts
3	2	4563.2	0	2
11	2	0.1	1	2
12	7	0.0	1	4 3
14	1	0.0	1	0 1
17	6	0.0	1	4 2
18	6	0.0	1	3 3
19	12	0.0	1	9 3
20	161	0.0	1	130 31
21	2964	0.0	1	1712 1252
22	213571	0.0	1	194483 19088
23	562	0.0	1	280 282
24	3	0.0	1	1 2
25	1	0.0	1	0 1
27	1	0.0	1	0 1
28	2	0.0	1	2
30	1	0.0	1	1
Running cutadapt on: Pooled_negative_rack1_NA_S94
This is cutadapt 5.2 with Python 3.13.15
Command line parameters: -j 4 -g GTGYCAGCMGCCGCGGTAA -G GGACTACNVGGGTWTCTAAT -o /scratch4/workspace/jade_fiorilla_student_uml_edu-rawseqorcc/trimmed-cutadapt/Pooled_negative_rack1_NA_S94_R1_trim.fastq -p /scratch4/workspace/jade_fiorilla_student_uml_edu-rawseqorcc/trimmed-cutadapt/Pooled_negative_rack1_NA_S94_R2_trim.fastq /scratch4/workspace/jade_fiorilla_student_uml_edu-rawseqorcc/fastq/Pooled_negative_rack1_NA_S94_R1_001.fastq.gz /scratch4/workspace/jade_fiorilla_student_uml_edu-rawseqorcc/fastq/Pooled_negative_rack1_NA_S94_R2_001.fastq.gz
Processing paired-end reads on 4 cores ...

=== Summary ===

Total read pairs processed:            270,575
  Read 1 with adapter:                 152,469 (56.3%)
  Read 2 with adapter:                  19,095 (7.1%)
Pairs written (passing filters):       270,575 (100.0%)

Total basepairs processed:   162,886,150 bp
  Read 1:    81,443,075 bp
  Read 2:    81,443,075 bp
Total written (filtered):    159,469,214 bp (97.9%)
  Read 1:    78,434,291 bp
  Read 2:    81,034,923 bp

=== First read: Adapter 1 ===

Sequence: GTGYCAGCMGCCGCGGTAA; Type: regular 5'; Length: 19; Trimmed: 152469 times

Minimum overlap: 3
No. of allowed errors:
1-9 bp: 0; 10-19 bp: 1

Overview of removed sequences
length	count	expect	max.err	error counts
3	169	4227.7	0	169
4	1	1056.9	0	1
11	1	0.1	1	0 1
12	8	0.0	1	3 5
13	1	0.0	1	1
14	2	0.0	1	1 1
17	11	0.0	1	0 11
18	65	0.0	1	0 65
19	100485	0.0	1	3651 96834
20	3150	0.0	1	1967 1183
21	34214	0.0	1	7751 26463
22	14341	0.0	1	1605 12736
23	14	0.0	1	1 13
24	1	0.0	1	0 1
31	1	0.0	1	0 1
33	2	0.0	1	0 2
34	1	0.0	1	0 1
36	1	0.0	1	0 1
44	1	0.0	1	0 1


=== Second read: Adapter 2 ===

Sequence: GGACTACNVGGGTWTCTAAT; Type: regular 5'; Length: 20; Trimmed: 19095 times

Minimum overlap: 3
No. of allowed errors:
1-9 bp: 0; 10-19 bp: 1

Overview of removed sequences
length	count	expect	max.err	error counts
3	183	4227.7	0	183
17	1	0.0	1	0 1
18	1	0.0	1	0 1
19	123	0.0	1	2 121
20	4083	0.0	1	3228 855
21	1447	0.0	1	1188 259
22	11731	0.0	1	10588 1143
23	1522	0.0	1	1200 322
24	4	0.0	1	1 3
Running cutadapt on: Pooled_negative_rack2_NA_S190
This is cutadapt 5.2 with Python 3.13.15
Command line parameters: -j 4 -g GTGYCAGCMGCCGCGGTAA -G GGACTACNVGGGTWTCTAAT -o /scratch4/workspace/jade_fiorilla_student_uml_edu-rawseqorcc/trimmed-cutadapt/Pooled_negative_rack2_NA_S190_R1_trim.fastq -p /scratch4/workspace/jade_fiorilla_student_uml_edu-rawseqorcc/trimmed-cutadapt/Pooled_negative_rack2_NA_S190_R2_trim.fastq /scratch4/workspace/jade_fiorilla_student_uml_edu-rawseqorcc/fastq/Pooled_negative_rack2_NA_S190_R1_001.fastq.gz /scratch4/workspace/jade_fiorilla_student_uml_edu-rawseqorcc/fastq/Pooled_negative_rack2_NA_S190_R2_001.fastq.gz
Processing paired-end reads on 4 cores ...

=== Summary ===

Total read pairs processed:          2,869,670
  Read 1 with adapter:                 882,131 (30.7%)
  Read 2 with adapter:                 114,696 (4.0%)
Pairs written (passing filters):     2,869,670 (100.0%)

Total basepairs processed: 1,727,541,340 bp
  Read 1:   863,770,670 bp
  Read 2:   863,770,670 bp
Total written (filtered):  1,707,515,981 bp (98.8%)
  Read 1:   845,391,570 bp
  Read 2:   862,124,411 bp

=== First read: Adapter 1 ===

Sequence: GTGYCAGCMGCCGCGGTAA; Type: regular 5'; Length: 19; Trimmed: 882131 times

Minimum overlap: 3
No. of allowed errors:
1-9 bp: 0; 10-19 bp: 1

Overview of removed sequences
length	count	expect	max.err	error counts
3	37603	44838.6	0	37603
4	18	11209.6	0	18
10	2	2.7	1	0 2
11	1	0.7	1	0 1
12	113	0.2	1	3 110
13	15	0.0	1	2 13
14	5	0.0	1	0 5
15	12	0.0	1	0 12
16	42	0.0	1	2 40
17	30	0.0	1	1 29
18	99	0.0	1	8 91
19	12176	0.0	1	8826 3350
20	89172	0.0	1	11430 77742
21	97937	0.0	1	10757 87180
22	644276	0.0	1	10970 633306
23	530	0.0	1	15 515
24	7	0.0	1	0 7
25	6	0.0	1	1 5
26	3	0.0	1	0 3
27	4	0.0	1	0 4
28	6	0.0	1	1 5
29	4	0.0	1	0 4
30	1	0.0	1	0 1
31	3	0.0	1	0 3
32	1	0.0	1	0 1
33	4	0.0	1	0 4
34	3	0.0	1	0 3
37	6	0.0	1	0 6
38	9	0.0	1	0 9
39	5	0.0	1	0 5
40	1	0.0	1	0 1
41	11	0.0	1	0 11
43	2	0.0	1	0 2
44	3	0.0	1	0 3
45	6	0.0	1	0 6
46	2	0.0	1	0 2
47	1	0.0	1	0 1
48	1	0.0	1	0 1
49	1	0.0	1	0 1
52	3	0.0	1	0 3
53	3	0.0	1	0 3
57	2	0.0	1	0 2
58	1	0.0	1	0 1
62	1	0.0	1	0 1


=== Second read: Adapter 2 ===

Sequence: GGACTACNVGGGTWTCTAAT; Type: regular 5'; Length: 20; Trimmed: 114696 times

Minimum overlap: 3
No. of allowed errors:
1-9 bp: 0; 10-19 bp: 1

Overview of removed sequences
length	count	expect	max.err	error counts
3	45969	44838.6	0	45969
4	6	11209.6	0	6
5	2	2802.4	0	2
13	1	0.0	1	1
16	1	0.0	1	1
17	2	0.0	1	1 1
18	6	0.0	1	3 3
19	64	0.0	1	7 57
20	9720	0.0	1	9219 501
21	13292	0.0	1	10681 2611
22	16279	0.0	1	11951 4328
23	29263	0.0	1	23560 5703
24	87	0.0	1	23 64
26	1	0.0	1	1
28	1	0.0	1	1
31	1	0.0	1	0 1
39	1	0.0	1	1
Running cutadapt on: Pooled_negative_rack3_2_NA_S279
This is cutadapt 5.2 with Python 3.13.15
Command line parameters: -j 4 -g GTGYCAGCMGCCGCGGTAA -G GGACTACNVGGGTWTCTAAT -o /scratch4/workspace/jade_fiorilla_student_uml_edu-rawseqorcc/trimmed-cutadapt/Pooled_negative_rack3_2_NA_S279_R1_trim.fastq -p /scratch4/workspace/jade_fiorilla_student_uml_edu-rawseqorcc/trimmed-cutadapt/Pooled_negative_rack3_2_NA_S279_R2_trim.fastq /scratch4/workspace/jade_fiorilla_student_uml_edu-rawseqorcc/fastq/Pooled_negative_rack3_2_NA_S279_R1_001.fastq.gz /scratch4/workspace/jade_fiorilla_student_uml_edu-rawseqorcc/fastq/Pooled_negative_rack3_2_NA_S279_R2_001.fastq.gz
Processing paired-end reads on 4 cores ...

=== Summary ===

Total read pairs processed:              1,284
  Read 1 with adapter:                   1,184 (92.2%)
  Read 2 with adapter:                   1,069 (83.3%)
Pairs written (passing filters):         1,284 (100.0%)

Total basepairs processed:       772,968 bp
  Read 1:       386,484 bp
  Read 2:       386,484 bp
Total written (filtered):        727,840 bp (94.2%)
  Read 1:       363,167 bp
  Read 2:       364,673 bp

=== First read: Adapter 1 ===

Sequence: GTGYCAGCMGCCGCGGTAA; Type: regular 5'; Length: 19; Trimmed: 1184 times

Minimum overlap: 3
No. of allowed errors:
1-9 bp: 0; 10-19 bp: 1

Overview of removed sequences
length	count	expect	max.err	error counts
3	3	20.1	0	3
19	752	0.0	1	683 69
20	175	0.0	1	148 27
21	68	0.0	1	49 19
22	186	0.0	1	163 23


=== Second read: Adapter 2 ===

Sequence: GGACTACNVGGGTWTCTAAT; Type: regular 5'; Length: 20; Trimmed: 1069 times

Minimum overlap: 3
No. of allowed errors:
1-9 bp: 0; 10-19 bp: 1

Overview of removed sequences
length	count	expect	max.err	error counts
11	1	0.0	1	1
19	3	0.0	1	0 3
20	863	0.0	1	839 24
21	69	0.0	1	61 8
22	25	0.0	1	25
23	108	0.0	1	103 5
Running cutadapt on: Pooled_negative_rack3_3_NA_S281
This is cutadapt 5.2 with Python 3.13.15
Command line parameters: -j 4 -g GTGYCAGCMGCCGCGGTAA -G GGACTACNVGGGTWTCTAAT -o /scratch4/workspace/jade_fiorilla_student_uml_edu-rawseqorcc/trimmed-cutadapt/Pooled_negative_rack3_3_NA_S281_R1_trim.fastq -p /scratch4/workspace/jade_fiorilla_student_uml_edu-rawseqorcc/trimmed-cutadapt/Pooled_negative_rack3_3_NA_S281_R2_trim.fastq /scratch4/workspace/jade_fiorilla_student_uml_edu-rawseqorcc/fastq/Pooled_negative_rack3_3_NA_S281_R1_001.fastq.gz /scratch4/workspace/jade_fiorilla_student_uml_edu-rawseqorcc/fastq/Pooled_negative_rack3_3_NA_S281_R2_001.fastq.gz
Processing paired-end reads on 4 cores ...

=== Summary ===

Total read pairs processed:             43,183
  Read 1 with adapter:                  42,745 (99.0%)
  Read 2 with adapter:                  42,472 (98.4%)
Pairs written (passing filters):        43,183 (100.0%)

Total basepairs processed:    25,996,166 bp
  Read 1:    12,998,083 bp
  Read 2:    12,998,083 bp
Total written (filtered):     24,333,375 bp (93.6%)
  Read 1:    12,185,013 bp
  Read 2:    12,148,362 bp

=== First read: Adapter 1 ===

Sequence: GTGYCAGCMGCCGCGGTAA; Type: regular 5'; Length: 19; Trimmed: 42745 times

Minimum overlap: 3
No. of allowed errors:
1-9 bp: 0; 10-19 bp: 1

Overview of removed sequences
length	count	expect	max.err	error counts
3	6	674.7	0	6
12	1	0.0	1	1
14	1	0.0	1	0 1
17	4	0.0	1	3 1
18	63	0.0	1	8 55
19	42155	0.0	1	37520 4635
20	180	0.0	1	113 67
21	91	0.0	1	70 21
22	244	0.0	1	196 48


=== Second read: Adapter 2 ===

Sequence: GGACTACNVGGGTWTCTAAT; Type: regular 5'; Length: 20; Trimmed: 42472 times

Minimum overlap: 3
No. of allowed errors:
1-9 bp: 0; 10-19 bp: 1

Overview of removed sequences
length	count	expect	max.err	error counts
12	2	0.0	1	2
16	3	0.0	1	0 3
18	3	0.0	1	3
19	176	0.0	1	17 159
20	42029	0.0	1	36844 5185
21	122	0.0	1	66 56
22	44	0.0	1	40 4
23	92	0.0	1	83 9
25	1	0.0	1	1
Running cutadapt on: Pooled_negative_rack3_NA_S278
This is cutadapt 5.2 with Python 3.13.15
Command line parameters: -j 4 -g GTGYCAGCMGCCGCGGTAA -G GGACTACNVGGGTWTCTAAT -o /scratch4/workspace/jade_fiorilla_student_uml_edu-rawseqorcc/trimmed-cutadapt/Pooled_negative_rack3_NA_S278_R1_trim.fastq -p /scratch4/workspace/jade_fiorilla_student_uml_edu-rawseqorcc/trimmed-cutadapt/Pooled_negative_rack3_NA_S278_R2_trim.fastq /scratch4/workspace/jade_fiorilla_student_uml_edu-rawseqorcc/fastq/Pooled_negative_rack3_NA_S278_R1_001.fastq.gz /scratch4/workspace/jade_fiorilla_student_uml_edu-rawseqorcc/fastq/Pooled_negative_rack3_NA_S278_R2_001.fastq.gz
Processing paired-end reads on 4 cores ...

=== Summary ===

Total read pairs processed:            751,490
  Read 1 with adapter:                 563,815 (75.0%)
  Read 2 with adapter:                 476,871 (63.5%)
Pairs written (passing filters):       751,490 (100.0%)

Total basepairs processed:   452,396,980 bp
  Read 1:   226,198,490 bp
  Read 2:   226,198,490 bp
Total written (filtered):    430,777,256 bp (95.2%)
  Read 1:   214,732,805 bp
  Read 2:   216,044,451 bp

=== First read: Adapter 1 ===

Sequence: GTGYCAGCMGCCGCGGTAA; Type: regular 5'; Length: 19; Trimmed: 563815 times

Minimum overlap: 3
No. of allowed errors:
1-9 bp: 0; 10-19 bp: 1

Overview of removed sequences
length	count	expect	max.err	error counts
3	2	11742.0	0	2
11	2	0.2	1	0 2
12	19	0.0	1	15 4
13	5	0.0	1	5
14	2	0.0	1	2
15	3	0.0	1	1 2
16	16	0.0	1	13 3
17	15	0.0	1	6 9
18	50	0.0	1	19 31
19	1488	0.0	1	481 1007
20	372176	0.0	1	298108 74068
21	189261	0.0	1	153749 35512
22	734	0.0	1	396 338
23	1	0.0	1	0 1
24	2	0.0	1	0 2
25	1	0.0	1	1
26	3	0.0	1	2 1
28	3	0.0	1	0 3
29	2	0.0	1	2
30	2	0.0	1	2
31	5	0.0	1	1 4
32	2	0.0	1	1 1
33	3	0.0	1	2 1
35	1	0.0	1	0 1
37	5	0.0	1	0 5
38	1	0.0	1	1
39	3	0.0	1	1 2
40	2	0.0	1	1 1
43	1	0.0	1	0 1
47	2	0.0	1	2
49	1	0.0	1	1
59	1	0.0	1	0 1
65	1	0.0	1	0 1


=== Second read: Adapter 2 ===

Sequence: GGACTACNVGGGTWTCTAAT; Type: regular 5'; Length: 20; Trimmed: 476871 times

Minimum overlap: 3
No. of allowed errors:
1-9 bp: 0; 10-19 bp: 1

Overview of removed sequences
length	count	expect	max.err	error counts
3	3	11742.0	0	3
11	1	0.2	1	1
12	1	0.0	1	1
13	1	0.0	1	1
14	3	0.0	1	0 3
15	1	0.0	1	1
16	5	0.0	1	3 2
17	8	0.0	1	7 1
18	10	0.0	1	6 4
19	32	0.0	1	19 13
20	2083	0.0	1	493 1590
21	333226	0.0	1	321813 11413
22	140979	0.0	1	122898 18081
23	499	0.0	1	249 250
24	2	0.0	1	2
25	4	0.0	1	3 1
26	5	0.0	1	4 1
28	5	0.0	1	5
30	1	0.0	1	0 1
31	1	0.0	1	1
33	1	0.0	1	0 1
Running cutadapt on: Positive_control_NA_S280
This is cutadapt 5.2 with Python 3.13.15
Command line parameters: -j 4 -g GTGYCAGCMGCCGCGGTAA -G GGACTACNVGGGTWTCTAAT -o /scratch4/workspace/jade_fiorilla_student_uml_edu-rawseqorcc/trimmed-cutadapt/Positive_control_NA_S280_R1_trim.fastq -p /scratch4/workspace/jade_fiorilla_student_uml_edu-rawseqorcc/trimmed-cutadapt/Positive_control_NA_S280_R2_trim.fastq /scratch4/workspace/jade_fiorilla_student_uml_edu-rawseqorcc/fastq/Positive_control_NA_S280_R1_001.fastq.gz /scratch4/workspace/jade_fiorilla_student_uml_edu-rawseqorcc/fastq/Positive_control_NA_S280_R2_001.fastq.gz
Processing paired-end reads on 4 cores ...

=== Summary ===

Total read pairs processed:          2,105,187
  Read 1 with adapter:               2,103,168 (99.9%)
  Read 2 with adapter:               2,089,882 (99.3%)
Pairs written (passing filters):     2,105,187 (100.0%)

Total basepairs processed: 1,267,322,574 bp
  Read 1:   633,661,287 bp
  Read 2:   633,661,287 bp
Total written (filtered):  1,185,570,233 bp (93.5%)
  Read 1:   593,702,317 bp
  Read 2:   591,867,916 bp

=== First read: Adapter 1 ===

Sequence: GTGYCAGCMGCCGCGGTAA; Type: regular 5'; Length: 19; Trimmed: 2103168 times

Minimum overlap: 3
No. of allowed errors:
1-9 bp: 0; 10-19 bp: 1

Overview of removed sequences
length	count	expect	max.err	error counts
3	1	32893.5	0	1
9	4	8.0	0	4
10	4	2.0	1	0 4
11	1	0.5	1	1
12	72	0.1	1	71 1
13	17	0.0	1	13 4
14	10	0.0	1	2 8
15	8	0.0	1	4 4
16	55	0.0	1	42 13
17	132	0.0	1	105 27
18	4982	0.0	1	925 4057
19	2094106	0.0	1	2080969 13137
20	3405	0.0	1	771 2634
21	140	0.0	1	119 21
22	174	0.0	1	156 18
23	5	0.0	1	5
25	5	0.0	1	4 1
26	3	0.0	1	3
27	11	0.0	1	11
29	1	0.0	1	1
30	2	0.0	1	2
31	3	0.0	1	2 1
33	4	0.0	1	4
34	4	0.0	1	3 1
35	2	0.0	1	2
37	2	0.0	1	2
40	7	0.0	1	7
42	1	0.0	1	1
43	1	0.0	1	1
44	1	0.0	1	1
47	5	0.0	1	5


=== Second read: Adapter 2 ===

Sequence: GGACTACNVGGGTWTCTAAT; Type: regular 5'; Length: 20; Trimmed: 2089882 times

Minimum overlap: 3
No. of allowed errors:
1-9 bp: 0; 10-19 bp: 1

Overview of removed sequences
length	count	expect	max.err	error counts
10	10	2.0	1	9 1
11	11	0.5	1	10 1
12	12	0.1	1	12
13	18	0.0	1	13 5
14	24	0.0	1	7 17
15	13	0.0	1	8 5
16	29	0.0	1	4 25
17	32	0.0	1	12 20
18	104	0.0	1	62 42
19	9133	0.0	1	1212 7921
20	2075419	0.0	1	2050670 24749
21	4883	0.0	1	1204 3679
22	57	0.0	1	52 5
23	65	0.0	1	63 2
24	7	0.0	1	7
25	17	0.0	1	10 7
26	5	0.0	1	4 1
27	3	0.0	1	2 1
28	6	0.0	1	6
29	5	0.0	1	5
30	2	0.0	1	2
31	1	0.0	1	0 1
32	5	0.0	1	5
33	4	0.0	1	4
34	2	0.0	1	2
35	1	0.0	1	1
37	6	0.0	1	6
38	1	0.0	1	1
39	1	0.0	1	1
40	1	0.0	1	1
42	4	0.0	1	4
52	1	0.0	1	1
Running cutadapt on: Undetermined_S0
This is cutadapt 5.2 with Python 3.13.15
Command line parameters: -j 4 -g GTGYCAGCMGCCGCGGTAA -G GGACTACNVGGGTWTCTAAT -o /scratch4/workspace/jade_fiorilla_student_uml_edu-rawseqorcc/trimmed-cutadapt/Undetermined_S0_R1_trim.fastq -p /scratch4/workspace/jade_fiorilla_student_uml_edu-rawseqorcc/trimmed-cutadapt/Undetermined_S0_R2_trim.fastq /scratch4/workspace/jade_fiorilla_student_uml_edu-rawseqorcc/fastq/Undetermined_S0_R1_001.fastq.gz /scratch4/workspace/jade_fiorilla_student_uml_edu-rawseqorcc/fastq/Undetermined_S0_R2_001.fastq.gz
Processing paired-end reads on 4 cores ...

=== Summary ===

Total read pairs processed:        177,645,686
  Read 1 with adapter:              22,797,208 (12.8%)
  Read 2 with adapter:              19,791,301 (11.1%)
Pairs written (passing filters):   177,645,686 (100.0%)

Total basepairs processed: 106,942,702,972 bp
  Read 1: 53,471,351,486 bp
  Read 2: 53,471,351,486 bp
Total written (filtered):  106,222,183,550 bp (99.3%)
  Read 1: 53,080,284,430 bp
  Read 2: 53,141,899,120 bp

=== First read: Adapter 1 ===

Sequence: GTGYCAGCMGCCGCGGTAA; Type: regular 5'; Length: 19; Trimmed: 22797208 times

Minimum overlap: 3
No. of allowed errors:
1-9 bp: 0; 10-19 bp: 1

Overview of removed sequences
length	count	expect	max.err	error counts
3	3288291	2775713.8	0	3288291
4	507137	693928.5	0	507137
5	184386	173482.1	0	184386
6	39094	43370.5	0	39094
7	15975	10842.6	0	15975
8	26	2710.7	0	26
9	62	677.7	0	49 13
10	210	169.4	1	10 200
11	207	42.4	1	26 181
12	1099	10.6	1	819 280
13	211	2.6	1	103 108
14	143	0.7	1	60 83
15	165	0.2	1	80 85
16	642	0.0	1	419 223
17	757	0.0	1	382 375
18	13079	0.0	1	2690 10389
19	6148248	0.0	1	4470517 1677731
20	5803783	0.0	1	4307547 1496236
21	4761607	0.0	1	3774415 987192
22	2026358	0.0	1	1694915 331443
23	4434	0.0	1	1558 2876
24	172	0.0	1	132 40
25	66	0.0	1	44 22
26	70	0.0	1	48 22
27	53	0.0	1	38 15
28	57	0.0	1	43 14
29	40	0.0	1	27 13
30	46	0.0	1	30 16
31	49	0.0	1	29 20
32	57	0.0	1	28 29
33	50	0.0	1	28 22
34	60	0.0	1	29 31
35	50	0.0	1	30 20
36	50	0.0	1	33 17
37	43	0.0	1	27 16
38	42	0.0	1	29 13
39	45	0.0	1	29 16
40	35	0.0	1	17 18
41	25	0.0	1	12 13
42	32	0.0	1	14 18
43	21	0.0	1	13 8
44	10	0.0	1	5 5
45	20	0.0	1	10 10
46	13	0.0	1	6 7
47	11	0.0	1	7 4
48	13	0.0	1	8 5
49	9	0.0	1	2 7
50	7	0.0	1	1 6
51	7	0.0	1	6 1
52	7	0.0	1	3 4
53	6	0.0	1	3 3
54	6	0.0	1	1 5
55	3	0.0	1	0 3
56	5	0.0	1	3 2
57	4	0.0	1	2 2
58	2	0.0	1	0 2
59	3	0.0	1	3
60	5	0.0	1	2 3
61	2	0.0	1	1 1
62	3	0.0	1	0 3
63	3	0.0	1	1 2
65	1	0.0	1	1
66	2	0.0	1	1 1
67	6	0.0	1	0 6
68	6	0.0	1	2 4
69	4	0.0	1	0 4
70	3	0.0	1	0 3
71	1	0.0	1	1
77	1	0.0	1	1
85	1	0.0	1	0 1
86	1	0.0	1	0 1
89	1	0.0	1	1
93	1	0.0	1	0 1
94	2	0.0	1	0 2
95	1	0.0	1	0 1
96	1	0.0	1	1
99	1	0.0	1	1
102	2	0.0	1	0 2
104	1	0.0	1	1
106	2	0.0	1	1 1
108	1	0.0	1	1
110	1	0.0	1	1
112	1	0.0	1	1
113	1	0.0	1	1
114	2	0.0	1	1 1
119	1	0.0	1	0 1
121	3	0.0	1	2 1
124	1	0.0	1	0 1
128	1	0.0	1	0 1
135	1	0.0	1	1
140	1	0.0	1	1
142	1	0.0	1	0 1
144	2	0.0	1	2
145	1	0.0	1	1
146	1	0.0	1	1
155	1	0.0	1	1
157	1	0.0	1	1
159	1	0.0	1	1
168	1	0.0	1	1
175	1	0.0	1	1
176	1	0.0	1	1
183	2	0.0	1	0 2
185	1	0.0	1	0 1
186	1	0.0	1	0 1
187	1	0.0	1	0 1
188	1	0.0	1	1
193	1	0.0	1	1
195	1	0.0	1	1
200	1	0.0	1	1
208	1	0.0	1	0 1
210	1	0.0	1	1
213	1	0.0	1	1
214	1	0.0	1	1
218	1	0.0	1	0 1
219	1	0.0	1	1
220	1	0.0	1	0 1
227	1	0.0	1	0 1
233	2	0.0	1	2
241	1	0.0	1	1
245	1	0.0	1	0 1
246	1	0.0	1	1
250	1	0.0	1	0 1
254	1	0.0	1	0 1
258	1	0.0	1	1
259	1	0.0	1	1
263	1	0.0	1	0 1
275	1	0.0	1	1
298	1	0.0	1	1


=== Second read: Adapter 2 ===

Sequence: GGACTACNVGGGTWTCTAAT; Type: regular 5'; Length: 20; Trimmed: 19791301 times

Minimum overlap: 3
No. of allowed errors:
1-9 bp: 0; 10-19 bp: 1

Overview of removed sequences
length	count	expect	max.err	error counts
3	3718507	2775713.8	0	3718507
4	986559	693928.5	0	986559
5	203757	173482.1	0	203757
6	112395	43370.5	0	112395
7	18143	10842.6	0	18143
8	12123	2710.7	0	12123
9	10860	677.7	0	82 10778
10	279	169.4	1	55 224
11	198	42.4	1	32 166
12	267	10.6	1	60 207
13	144	2.6	1	97 47
14	219	0.7	1	103 116
15	150	0.2	1	49 101
16	137	0.0	1	38 99
17	258	0.0	1	165 93
18	557	0.0	1	411 146
19	23064	0.0	1	2880 20184
20	4504999	0.0	1	4132445 372554
21	4451870	0.0	1	4065750 386120
22	3912554	0.0	1	3569750 342804
23	1827454	0.0	1	1677105 150349
24	6248	0.0	1	1828 4420
25	81	0.0	1	69 12
26	62	0.0	1	58 4
27	42	0.0	1	30 12
28	48	0.0	1	38 10
29	30	0.0	1	21 9
30	26	0.0	1	25 1
31	36	0.0	1	30 6
32	15	0.0	1	12 3
33	18	0.0	1	12 6
34	16	0.0	1	12 4
35	20	0.0	1	18 2
36	14	0.0	1	10 4
37	14	0.0	1	12 2
38	24	0.0	1	21 3
39	15	0.0	1	12 3
40	12	0.0	1	10 2
41	15	0.0	1	15
42	8	0.0	1	8
43	6	0.0	1	6
44	11	0.0	1	10 1
45	8	0.0	1	8
46	7	0.0	1	4 3
47	9	0.0	1	9
48	2	0.0	1	2
49	4	0.0	1	2 2
50	1	0.0	1	1
51	3	0.0	1	2 1
52	1	0.0	1	1
53	1	0.0	1	1
55	2	0.0	1	2
56	1	0.0	1	1
59	2	0.0	1	1 1
64	1	0.0	1	1
103	1	0.0	1	1
178	1	0.0	1	1
246	2	0.0	1	2
