No conda package cache directories found outside your home directory. To
prevent conda from filling up your home directory, you can create a new
directory at `/work/pi_<your_pi_name>/$USER/.conda/pkgs` and reload the module. 
No conda environment directories found outside your home directory. To prevent
conda from filling up your home directory, you can create a new directory at
`/work/pi_<your_pi_name>/$USER/.conda/envs` and reload the module. 
Loading conda version miniforge3-24.7.1
Running Trim Galore on: 2024_Both01_Both01_O1_gill_S28

Trim Galore v2.3.0
unknown — linux/x86_64 — built 2026-06-27T16:23:35Z
==================================================

Using 6 worker threads (parallel trim + compress)
Adapter: Illumina (AGATCGGAAGAGC)

Scanning for poly-G content...
Poly-G trimming: ENABLED (auto-detected). 215479 of 589066 reads (36.58%) have poly-G tails (>=10bp) — consistent with 2-colour chemistry (NovaSeq/NextSeq). To disable: --no_poly_g
Trimming (paired-end):
  R1: /scratch4/workspace/jade_fiorilla_student_uml_edu-rawseqorcc/fastq/2024_Both01_Both01_O1_gill_S28_R1_001.fastq.gz
  R2: /scratch4/workspace/jade_fiorilla_student_uml_edu-rawseqorcc/fastq/2024_Both01_Both01_O1_gill_S28_R2_001.fastq.gz
  Output R1: /scratch4/workspace/jade_fiorilla_student_uml_edu-rawseqorcc/trim-galore-illumina/2024_Both01_Both01_O1_gill_S28_R1_001_val_1.fq.gz
  Output R2: /scratch4/workspace/jade_fiorilla_student_uml_edu-rawseqorcc/trim-galore-illumina/2024_Both01_Both01_O1_gill_S28_R2_001_val_2.fq.gz

=== Summary (Read 1) ===

Total reads processed:               589066
Reads with adapters:                  72842 (12.4%)

=== Summary (Read 2) ===

Total reads processed:               589066
Reads with adapters:                 224368 (38.1%)
R1 reads with poly-G trimmed:          1394 (0.2%)
  R1 poly-G bases removed:           239588
R2 reads with poly-G trimmed:           576 (0.1%)
  R2 poly-G bases removed:           101122

=== Paired-end validation ===

Pairs analyzed:                      589066
Pairs removed:                         1408 (0.2%)
Unpaired R1 kept:                      1141
Unpaired R2 kept:                        90
Report: /scratch4/workspace/jade_fiorilla_student_uml_edu-rawseqorcc/trim-galore-illumina/2024_Both01_Both01_O1_gill_S28_R1_001.fastq.gz_trimming_report.txt
JSON report: /scratch4/workspace/jade_fiorilla_student_uml_edu-rawseqorcc/trim-galore-illumina/2024_Both01_Both01_O1_gill_S28_R1_001.fastq.gz_trimming_report.json
Report: /scratch4/workspace/jade_fiorilla_student_uml_edu-rawseqorcc/trim-galore-illumina/2024_Both01_Both01_O1_gill_S28_R2_001.fastq.gz_trimming_report.txt
JSON report: /scratch4/workspace/jade_fiorilla_student_uml_edu-rawseqorcc/trim-galore-illumina/2024_Both01_Both01_O1_gill_S28_R2_001.fastq.gz_trimming_report.json

Running FastQC on /scratch4/workspace/jade_fiorilla_student_uml_edu-rawseqorcc/trim-galore-illumina/2024_Both01_Both01_O1_gill_S28_R1_001_val_1.fq.gz

Running FastQC on /scratch4/workspace/jade_fiorilla_student_uml_edu-rawseqorcc/trim-galore-illumina/2024_Both01_Both01_O1_gill_S28_R2_001_val_2.fq.gz
Running Trim Galore on: 2024_Both01_Both01_O1_gut_S29

Trim Galore v2.3.0
unknown — linux/x86_64 — built 2026-06-27T16:23:35Z
==================================================

Using 6 worker threads (parallel trim + compress)
Adapter: Illumina (AGATCGGAAGAGC)

Scanning for poly-G content...
Poly-G trimming: ENABLED (auto-detected). 79735 of 755747 reads (10.55%) have poly-G tails (>=10bp) — consistent with 2-colour chemistry (NovaSeq/NextSeq). To disable: --no_poly_g
Trimming (paired-end):
  R1: /scratch4/workspace/jade_fiorilla_student_uml_edu-rawseqorcc/fastq/2024_Both01_Both01_O1_gut_S29_R1_001.fastq.gz
  R2: /scratch4/workspace/jade_fiorilla_student_uml_edu-rawseqorcc/fastq/2024_Both01_Both01_O1_gut_S29_R2_001.fastq.gz
  Output R1: /scratch4/workspace/jade_fiorilla_student_uml_edu-rawseqorcc/trim-galore-illumina/2024_Both01_Both01_O1_gut_S29_R1_001_val_1.fq.gz
  Output R2: /scratch4/workspace/jade_fiorilla_student_uml_edu-rawseqorcc/trim-galore-illumina/2024_Both01_Both01_O1_gut_S29_R2_001_val_2.fq.gz

=== Summary (Read 1) ===

Total reads processed:               755747
Reads with adapters:                  26857 (3.6%)

=== Summary (Read 2) ===

Total reads processed:               755747
Reads with adapters:                  84164 (11.1%)
R1 reads with poly-G trimmed:           490 (0.1%)
  R1 poly-G bases removed:            78768
R2 reads with poly-G trimmed:           258 (0.0%)
  R2 poly-G bases removed:            48209

=== Paired-end validation ===

Pairs analyzed:                      755747
Pairs removed:                         1665 (0.2%)
Unpaired R1 kept:                      1435
Unpaired R2 kept:                        98
Report: /scratch4/workspace/jade_fiorilla_student_uml_edu-rawseqorcc/trim-galore-illumina/2024_Both01_Both01_O1_gut_S29_R1_001.fastq.gz_trimming_report.txt
JSON report: /scratch4/workspace/jade_fiorilla_student_uml_edu-rawseqorcc/trim-galore-illumina/2024_Both01_Both01_O1_gut_S29_R1_001.fastq.gz_trimming_report.json
Report: /scratch4/workspace/jade_fiorilla_student_uml_edu-rawseqorcc/trim-galore-illumina/2024_Both01_Both01_O1_gut_S29_R2_001.fastq.gz_trimming_report.txt
JSON report: /scratch4/workspace/jade_fiorilla_student_uml_edu-rawseqorcc/trim-galore-illumina/2024_Both01_Both01_O1_gut_S29_R2_001.fastq.gz_trimming_report.json

Running FastQC on /scratch4/workspace/jade_fiorilla_student_uml_edu-rawseqorcc/trim-galore-illumina/2024_Both01_Both01_O1_gut_S29_R1_001_val_1.fq.gz

Running FastQC on /scratch4/workspace/jade_fiorilla_student_uml_edu-rawseqorcc/trim-galore-illumina/2024_Both01_Both01_O1_gut_S29_R2_001_val_2.fq.gz
Running Trim Galore on: 2024_Both01_Null_O03_gill_S235

Trim Galore v2.3.0
unknown — linux/x86_64 — built 2026-06-27T16:23:35Z
==================================================

Using 6 worker threads (parallel trim + compress)
Adapter: Illumina (AGATCGGAAGAGC)

Scanning for poly-G content...
Poly-G trimming: ENABLED (auto-detected). 9403 of 14428 reads (65.17%) have poly-G tails (>=10bp) — consistent with 2-colour chemistry (NovaSeq/NextSeq). To disable: --no_poly_g
Trimming (paired-end):
  R1: /scratch4/workspace/jade_fiorilla_student_uml_edu-rawseqorcc/fastq/2024_Both01_Null_O03_gill_S235_R1_001.fastq.gz
  R2: /scratch4/workspace/jade_fiorilla_student_uml_edu-rawseqorcc/fastq/2024_Both01_Null_O03_gill_S235_R2_001.fastq.gz
  Output R1: /scratch4/workspace/jade_fiorilla_student_uml_edu-rawseqorcc/trim-galore-illumina/2024_Both01_Null_O03_gill_S235_R1_001_val_1.fq.gz
  Output R2: /scratch4/workspace/jade_fiorilla_student_uml_edu-rawseqorcc/trim-galore-illumina/2024_Both01_Null_O03_gill_S235_R2_001_val_2.fq.gz

=== Summary (Read 1) ===

Total reads processed:                14428
Reads with adapters:                   2744 (19.0%)

=== Summary (Read 2) ===

Total reads processed:                14428
Reads with adapters:                  11688 (81.0%)
R1 reads with poly-G trimmed:            44 (0.3%)
  R1 poly-G bases removed:             7900
R2 reads with poly-G trimmed:            24 (0.2%)
  R2 poly-G bases removed:             4425

=== Paired-end validation ===

Pairs analyzed:                       14428
Pairs removed:                           29 (0.2%)
Unpaired R1 kept:                        26
Unpaired R2 kept:                         1
Report: /scratch4/workspace/jade_fiorilla_student_uml_edu-rawseqorcc/trim-galore-illumina/2024_Both01_Null_O03_gill_S235_R1_001.fastq.gz_trimming_report.txt
JSON report: /scratch4/workspace/jade_fiorilla_student_uml_edu-rawseqorcc/trim-galore-illumina/2024_Both01_Null_O03_gill_S235_R1_001.fastq.gz_trimming_report.json
Report: /scratch4/workspace/jade_fiorilla_student_uml_edu-rawseqorcc/trim-galore-illumina/2024_Both01_Null_O03_gill_S235_R2_001.fastq.gz_trimming_report.txt
JSON report: /scratch4/workspace/jade_fiorilla_student_uml_edu-rawseqorcc/trim-galore-illumina/2024_Both01_Null_O03_gill_S235_R2_001.fastq.gz_trimming_report.json

Running FastQC on /scratch4/workspace/jade_fiorilla_student_uml_edu-rawseqorcc/trim-galore-illumina/2024_Both01_Null_O03_gill_S235_R1_001_val_1.fq.gz

Running FastQC on /scratch4/workspace/jade_fiorilla_student_uml_edu-rawseqorcc/trim-galore-illumina/2024_Both01_Null_O03_gill_S235_R2_001_val_2.fq.gz
Running Trim Galore on: 2024_Both01_Null_O03_gut_S70

Trim Galore v2.3.0
unknown — linux/x86_64 — built 2026-06-27T16:23:35Z
==================================================

Using 6 worker threads (parallel trim + compress)
Adapter: Illumina (AGATCGGAAGAGC)

Scanning for poly-G content...
Poly-G trimming: ENABLED (auto-detected). 143354 of 531335 reads (26.98%) have poly-G tails (>=10bp) — consistent with 2-colour chemistry (NovaSeq/NextSeq). To disable: --no_poly_g
Trimming (paired-end):
  R1: /scratch4/workspace/jade_fiorilla_student_uml_edu-rawseqorcc/fastq/2024_Both01_Null_O03_gut_S70_R1_001.fastq.gz
  R2: /scratch4/workspace/jade_fiorilla_student_uml_edu-rawseqorcc/fastq/2024_Both01_Null_O03_gut_S70_R2_001.fastq.gz
  Output R1: /scratch4/workspace/jade_fiorilla_student_uml_edu-rawseqorcc/trim-galore-illumina/2024_Both01_Null_O03_gut_S70_R1_001_val_1.fq.gz
  Output R2: /scratch4/workspace/jade_fiorilla_student_uml_edu-rawseqorcc/trim-galore-illumina/2024_Both01_Null_O03_gut_S70_R2_001_val_2.fq.gz

=== Summary (Read 1) ===

Total reads processed:               531335
Reads with adapters:                  48200 (9.1%)

=== Summary (Read 2) ===

Total reads processed:               531335
Reads with adapters:                 148379 (27.9%)
R1 reads with poly-G trimmed:           808 (0.2%)
  R1 poly-G bases removed:           127301
R2 reads with poly-G trimmed:           359 (0.1%)
  R2 poly-G bases removed:            65087

=== Paired-end validation ===

Pairs analyzed:                      531335
Pairs removed:                         1218 (0.2%)
Unpaired R1 kept:                      1029
Unpaired R2 kept:                        61
Report: /scratch4/workspace/jade_fiorilla_student_uml_edu-rawseqorcc/trim-galore-illumina/2024_Both01_Null_O03_gut_S70_R1_001.fastq.gz_trimming_report.txt
JSON report: /scratch4/workspace/jade_fiorilla_student_uml_edu-rawseqorcc/trim-galore-illumina/2024_Both01_Null_O03_gut_S70_R1_001.fastq.gz_trimming_report.json
Report: /scratch4/workspace/jade_fiorilla_student_uml_edu-rawseqorcc/trim-galore-illumina/2024_Both01_Null_O03_gut_S70_R2_001.fastq.gz_trimming_report.txt
JSON report: /scratch4/workspace/jade_fiorilla_student_uml_edu-rawseqorcc/trim-galore-illumina/2024_Both01_Null_O03_gut_S70_R2_001.fastq.gz_trimming_report.json

Running FastQC on /scratch4/workspace/jade_fiorilla_student_uml_edu-rawseqorcc/trim-galore-illumina/2024_Both01_Null_O03_gut_S70_R1_001_val_1.fq.gz

Running FastQC on /scratch4/workspace/jade_fiorilla_student_uml_edu-rawseqorcc/trim-galore-illumina/2024_Both01_Null_O03_gut_S70_R2_001_val_2.fq.gz
Running Trim Galore on: 2024_Both01_Warm05_O50_gill_S219

Trim Galore v2.3.0
unknown — linux/x86_64 — built 2026-06-27T16:23:35Z
==================================================

Using 6 worker threads (parallel trim + compress)
Adapter: Illumina (AGATCGGAAGAGC)

Scanning for poly-G content...
Poly-G trimming: ENABLED (auto-detected). 53799 of 609876 reads (8.82%) have poly-G tails (>=10bp) — consistent with 2-colour chemistry (NovaSeq/NextSeq). To disable: --no_poly_g
Trimming (paired-end):
  R1: /scratch4/workspace/jade_fiorilla_student_uml_edu-rawseqorcc/fastq/2024_Both01_Warm05_O50_gill_S219_R1_001.fastq.gz
  R2: /scratch4/workspace/jade_fiorilla_student_uml_edu-rawseqorcc/fastq/2024_Both01_Warm05_O50_gill_S219_R2_001.fastq.gz
  Output R1: /scratch4/workspace/jade_fiorilla_student_uml_edu-rawseqorcc/trim-galore-illumina/2024_Both01_Warm05_O50_gill_S219_R1_001_val_1.fq.gz
  Output R2: /scratch4/workspace/jade_fiorilla_student_uml_edu-rawseqorcc/trim-galore-illumina/2024_Both01_Warm05_O50_gill_S219_R2_001_val_2.fq.gz

=== Summary (Read 1) ===

Total reads processed:               609876
Reads with adapters:                  36972 (6.1%)

=== Summary (Read 2) ===

Total reads processed:               609876
Reads with adapters:                  60018 (9.8%)
R1 reads with poly-G trimmed:           776 (0.1%)
  R1 poly-G bases removed:            53395
R2 reads with poly-G trimmed:           193 (0.0%)
  R2 poly-G bases removed:            33584

=== Paired-end validation ===

Pairs analyzed:                      609876
Pairs removed:                         1277 (0.2%)
Unpaired R1 kept:                      1223
Unpaired R2 kept:                        35
Report: /scratch4/workspace/jade_fiorilla_student_uml_edu-rawseqorcc/trim-galore-illumina/2024_Both01_Warm05_O50_gill_S219_R1_001.fastq.gz_trimming_report.txt
JSON report: /scratch4/workspace/jade_fiorilla_student_uml_edu-rawseqorcc/trim-galore-illumina/2024_Both01_Warm05_O50_gill_S219_R1_001.fastq.gz_trimming_report.json
Report: /scratch4/workspace/jade_fiorilla_student_uml_edu-rawseqorcc/trim-galore-illumina/2024_Both01_Warm05_O50_gill_S219_R2_001.fastq.gz_trimming_report.txt
JSON report: /scratch4/workspace/jade_fiorilla_student_uml_edu-rawseqorcc/trim-galore-illumina/2024_Both01_Warm05_O50_gill_S219_R2_001.fastq.gz_trimming_report.json

Running FastQC on /scratch4/workspace/jade_fiorilla_student_uml_edu-rawseqorcc/trim-galore-illumina/2024_Both01_Warm05_O50_gill_S219_R1_001_val_1.fq.gz

Running FastQC on /scratch4/workspace/jade_fiorilla_student_uml_edu-rawseqorcc/trim-galore-illumina/2024_Both01_Warm05_O50_gill_S219_R2_001_val_2.fq.gz
Running Trim Galore on: 2024_Both01_Warm05_O50_gut_S150

Trim Galore v2.3.0
unknown — linux/x86_64 — built 2026-06-27T16:23:35Z
==================================================

Using 6 worker threads (parallel trim + compress)
Adapter: Illumina (AGATCGGAAGAGC)

Scanning for poly-G content...
Poly-G trimming: ENABLED (auto-detected). 214669 of 895513 reads (23.97%) have poly-G tails (>=10bp) — consistent with 2-colour chemistry (NovaSeq/NextSeq). To disable: --no_poly_g
Trimming (paired-end):
  R1: /scratch4/workspace/jade_fiorilla_student_uml_edu-rawseqorcc/fastq/2024_Both01_Warm05_O50_gut_S150_R1_001.fastq.gz
  R2: /scratch4/workspace/jade_fiorilla_student_uml_edu-rawseqorcc/fastq/2024_Both01_Warm05_O50_gut_S150_R2_001.fastq.gz
  Output R1: /scratch4/workspace/jade_fiorilla_student_uml_edu-rawseqorcc/trim-galore-illumina/2024_Both01_Warm05_O50_gut_S150_R1_001_val_1.fq.gz
  Output R2: /scratch4/workspace/jade_fiorilla_student_uml_edu-rawseqorcc/trim-galore-illumina/2024_Both01_Warm05_O50_gut_S150_R2_001_val_2.fq.gz

=== Summary (Read 1) ===

Total reads processed:               895513
Reads with adapters:                  18526 (2.1%)

=== Summary (Read 2) ===

Total reads processed:               895513
Reads with adapters:                 220025 (24.6%)
R1 reads with poly-G trimmed:          1306 (0.1%)
  R1 poly-G bases removed:           210836
R2 reads with poly-G trimmed:           646 (0.1%)
  R2 poly-G bases removed:           110201

=== Paired-end validation ===

Pairs analyzed:                      895513
Pairs removed:                         2548 (0.3%)
Unpaired R1 kept:                      2325
Unpaired R2 kept:                        98
Report: /scratch4/workspace/jade_fiorilla_student_uml_edu-rawseqorcc/trim-galore-illumina/2024_Both01_Warm05_O50_gut_S150_R1_001.fastq.gz_trimming_report.txt
JSON report: /scratch4/workspace/jade_fiorilla_student_uml_edu-rawseqorcc/trim-galore-illumina/2024_Both01_Warm05_O50_gut_S150_R1_001.fastq.gz_trimming_report.json
Report: /scratch4/workspace/jade_fiorilla_student_uml_edu-rawseqorcc/trim-galore-illumina/2024_Both01_Warm05_O50_gut_S150_R2_001.fastq.gz_trimming_report.txt
JSON report: /scratch4/workspace/jade_fiorilla_student_uml_edu-rawseqorcc/trim-galore-illumina/2024_Both01_Warm05_O50_gut_S150_R2_001.fastq.gz_trimming_report.json

Running FastQC on /scratch4/workspace/jade_fiorilla_student_uml_edu-rawseqorcc/trim-galore-illumina/2024_Both01_Warm05_O50_gut_S150_R1_001_val_1.fq.gz

Running FastQC on /scratch4/workspace/jade_fiorilla_student_uml_edu-rawseqorcc/trim-galore-illumina/2024_Both01_Warm05_O50_gut_S150_R2_001_val_2.fq.gz
Running Trim Galore on: 2024_Both02_Both05_O51_gill_S251

Trim Galore v2.3.0
unknown — linux/x86_64 — built 2026-06-27T16:23:35Z
==================================================

Using 6 worker threads (parallel trim + compress)
Adapter: Illumina (AGATCGGAAGAGC)

Scanning for poly-G content...
Poly-G trimming: ENABLED (auto-detected). 28045 of 529722 reads (5.29%) have poly-G tails (>=10bp) — consistent with 2-colour chemistry (NovaSeq/NextSeq). To disable: --no_poly_g
Trimming (paired-end):
  R1: /scratch4/workspace/jade_fiorilla_student_uml_edu-rawseqorcc/fastq/2024_Both02_Both05_O51_gill_S251_R1_001.fastq.gz
  R2: /scratch4/workspace/jade_fiorilla_student_uml_edu-rawseqorcc/fastq/2024_Both02_Both05_O51_gill_S251_R2_001.fastq.gz
  Output R1: /scratch4/workspace/jade_fiorilla_student_uml_edu-rawseqorcc/trim-galore-illumina/2024_Both02_Both05_O51_gill_S251_R1_001_val_1.fq.gz
  Output R2: /scratch4/workspace/jade_fiorilla_student_uml_edu-rawseqorcc/trim-galore-illumina/2024_Both02_Both05_O51_gill_S251_R2_001_val_2.fq.gz

=== Summary (Read 1) ===

Total reads processed:               529722
Reads with adapters:                   9993 (1.9%)

=== Summary (Read 2) ===

Total reads processed:               529722
Reads with adapters:                  41292 (7.8%)
R1 reads with poly-G trimmed:           326 (0.1%)
  R1 poly-G bases removed:            10647
R2 reads with poly-G trimmed:           152 (0.0%)
  R2 poly-G bases removed:            29774

=== Paired-end validation ===

Pairs analyzed:                      529722
Pairs removed:                         1521 (0.3%)
Unpaired R1 kept:                      1470
Unpaired R2 kept:                        29
Report: /scratch4/workspace/jade_fiorilla_student_uml_edu-rawseqorcc/trim-galore-illumina/2024_Both02_Both05_O51_gill_S251_R1_001.fastq.gz_trimming_report.txt
JSON report: /scratch4/workspace/jade_fiorilla_student_uml_edu-rawseqorcc/trim-galore-illumina/2024_Both02_Both05_O51_gill_S251_R1_001.fastq.gz_trimming_report.json
Report: /scratch4/workspace/jade_fiorilla_student_uml_edu-rawseqorcc/trim-galore-illumina/2024_Both02_Both05_O51_gill_S251_R2_001.fastq.gz_trimming_report.txt
JSON report: /scratch4/workspace/jade_fiorilla_student_uml_edu-rawseqorcc/trim-galore-illumina/2024_Both02_Both05_O51_gill_S251_R2_001.fastq.gz_trimming_report.json

Running FastQC on /scratch4/workspace/jade_fiorilla_student_uml_edu-rawseqorcc/trim-galore-illumina/2024_Both02_Both05_O51_gill_S251_R1_001_val_1.fq.gz

Running FastQC on /scratch4/workspace/jade_fiorilla_student_uml_edu-rawseqorcc/trim-galore-illumina/2024_Both02_Both05_O51_gill_S251_R2_001_val_2.fq.gz
Running Trim Galore on: 2024_Both02_Both05_O51_gut_S229

Trim Galore v2.3.0
unknown — linux/x86_64 — built 2026-06-27T16:23:35Z
==================================================

Using 6 worker threads (parallel trim + compress)
Adapter: Illumina (AGATCGGAAGAGC)

Scanning for poly-G content...
Poly-G trimming: ENABLED (auto-detected). 112557 of 955581 reads (11.78%) have poly-G tails (>=10bp) — consistent with 2-colour chemistry (NovaSeq/NextSeq). To disable: --no_poly_g
Trimming (paired-end):
  R1: /scratch4/workspace/jade_fiorilla_student_uml_edu-rawseqorcc/fastq/2024_Both02_Both05_O51_gut_S229_R1_001.fastq.gz
  R2: /scratch4/workspace/jade_fiorilla_student_uml_edu-rawseqorcc/fastq/2024_Both02_Both05_O51_gut_S229_R2_001.fastq.gz
  Output R1: /scratch4/workspace/jade_fiorilla_student_uml_edu-rawseqorcc/trim-galore-illumina/2024_Both02_Both05_O51_gut_S229_R1_001_val_1.fq.gz
  Output R2: /scratch4/workspace/jade_fiorilla_student_uml_edu-rawseqorcc/trim-galore-illumina/2024_Both02_Both05_O51_gut_S229_R2_001_val_2.fq.gz

=== Summary (Read 1) ===

Total reads processed:               955581
Reads with adapters:                  50340 (5.3%)

=== Summary (Read 2) ===

Total reads processed:               955581
Reads with adapters:                 127675 (13.4%)
R1 reads with poly-G trimmed:           589 (0.1%)
  R1 poly-G bases removed:            77601
R2 reads with poly-G trimmed:           338 (0.0%)
  R2 poly-G bases removed:            49857

=== Paired-end validation ===

Pairs analyzed:                      955581
Pairs removed:                         1603 (0.2%)
Unpaired R1 kept:                      1376
Unpaired R2 kept:                       117
Report: /scratch4/workspace/jade_fiorilla_student_uml_edu-rawseqorcc/trim-galore-illumina/2024_Both02_Both05_O51_gut_S229_R1_001.fastq.gz_trimming_report.txt
JSON report: /scratch4/workspace/jade_fiorilla_student_uml_edu-rawseqorcc/trim-galore-illumina/2024_Both02_Both05_O51_gut_S229_R1_001.fastq.gz_trimming_report.json
Report: /scratch4/workspace/jade_fiorilla_student_uml_edu-rawseqorcc/trim-galore-illumina/2024_Both02_Both05_O51_gut_S229_R2_001.fastq.gz_trimming_report.txt
JSON report: /scratch4/workspace/jade_fiorilla_student_uml_edu-rawseqorcc/trim-galore-illumina/2024_Both02_Both05_O51_gut_S229_R2_001.fastq.gz_trimming_report.json

Running FastQC on /scratch4/workspace/jade_fiorilla_student_uml_edu-rawseqorcc/trim-galore-illumina/2024_Both02_Both05_O51_gut_S229_R1_001_val_1.fq.gz

Running FastQC on /scratch4/workspace/jade_fiorilla_student_uml_edu-rawseqorcc/trim-galore-illumina/2024_Both02_Both05_O51_gut_S229_R2_001_val_2.fq.gz
Running Trim Galore on: 2024_Both02_Cont04_O40_gill_S247

Trim Galore v2.3.0
unknown — linux/x86_64 — built 2026-06-27T16:23:35Z
==================================================

Using 6 worker threads (parallel trim + compress)
Adapter: Illumina (AGATCGGAAGAGC)

Scanning for poly-G content...
Poly-G trimming: ENABLED (auto-detected). 29384 of 594090 reads (4.95%) have poly-G tails (>=10bp) — consistent with 2-colour chemistry (NovaSeq/NextSeq). To disable: --no_poly_g
Trimming (paired-end):
  R1: /scratch4/workspace/jade_fiorilla_student_uml_edu-rawseqorcc/fastq/2024_Both02_Cont04_O40_gill_S247_R1_001.fastq.gz
  R2: /scratch4/workspace/jade_fiorilla_student_uml_edu-rawseqorcc/fastq/2024_Both02_Cont04_O40_gill_S247_R2_001.fastq.gz
  Output R1: /scratch4/workspace/jade_fiorilla_student_uml_edu-rawseqorcc/trim-galore-illumina/2024_Both02_Cont04_O40_gill_S247_R1_001_val_1.fq.gz
  Output R2: /scratch4/workspace/jade_fiorilla_student_uml_edu-rawseqorcc/trim-galore-illumina/2024_Both02_Cont04_O40_gill_S247_R2_001_val_2.fq.gz

=== Summary (Read 1) ===

Total reads processed:               594090
Reads with adapters:                  17044 (2.9%)

=== Summary (Read 2) ===

Total reads processed:               594090
Reads with adapters:                  80960 (13.6%)
R1 reads with poly-G trimmed:           359 (0.1%)
  R1 poly-G bases removed:            23064
R2 reads with poly-G trimmed:           193 (0.0%)
  R2 poly-G bases removed:            31484

=== Paired-end validation ===

Pairs analyzed:                      594090
Pairs removed:                         1661 (0.3%)
Unpaired R1 kept:                      1574
Unpaired R2 kept:                        56
Report: /scratch4/workspace/jade_fiorilla_student_uml_edu-rawseqorcc/trim-galore-illumina/2024_Both02_Cont04_O40_gill_S247_R1_001.fastq.gz_trimming_report.txt
JSON report: /scratch4/workspace/jade_fiorilla_student_uml_edu-rawseqorcc/trim-galore-illumina/2024_Both02_Cont04_O40_gill_S247_R1_001.fastq.gz_trimming_report.json
Report: /scratch4/workspace/jade_fiorilla_student_uml_edu-rawseqorcc/trim-galore-illumina/2024_Both02_Cont04_O40_gill_S247_R2_001.fastq.gz_trimming_report.txt
JSON report: /scratch4/workspace/jade_fiorilla_student_uml_edu-rawseqorcc/trim-galore-illumina/2024_Both02_Cont04_O40_gill_S247_R2_001.fastq.gz_trimming_report.json

Running FastQC on /scratch4/workspace/jade_fiorilla_student_uml_edu-rawseqorcc/trim-galore-illumina/2024_Both02_Cont04_O40_gill_S247_R1_001_val_1.fq.gz

Running FastQC on /scratch4/workspace/jade_fiorilla_student_uml_edu-rawseqorcc/trim-galore-illumina/2024_Both02_Cont04_O40_gill_S247_R2_001_val_2.fq.gz
Running Trim Galore on: 2024_Both02_Cont04_O40_gut_S45

Trim Galore v2.3.0
unknown — linux/x86_64 — built 2026-06-27T16:23:35Z
==================================================

Using 6 worker threads (parallel trim + compress)
Adapter: Illumina (AGATCGGAAGAGC)

Scanning for poly-G content...
Poly-G trimming: ENABLED (auto-detected). 329803 of 785726 reads (41.97%) have poly-G tails (>=10bp) — consistent with 2-colour chemistry (NovaSeq/NextSeq). To disable: --no_poly_g
Trimming (paired-end):
  R1: /scratch4/workspace/jade_fiorilla_student_uml_edu-rawseqorcc/fastq/2024_Both02_Cont04_O40_gut_S45_R1_001.fastq.gz
  R2: /scratch4/workspace/jade_fiorilla_student_uml_edu-rawseqorcc/fastq/2024_Both02_Cont04_O40_gut_S45_R2_001.fastq.gz
  Output R1: /scratch4/workspace/jade_fiorilla_student_uml_edu-rawseqorcc/trim-galore-illumina/2024_Both02_Cont04_O40_gut_S45_R1_001_val_1.fq.gz
  Output R2: /scratch4/workspace/jade_fiorilla_student_uml_edu-rawseqorcc/trim-galore-illumina/2024_Both02_Cont04_O40_gut_S45_R2_001_val_2.fq.gz

=== Summary (Read 1) ===

Total reads processed:               785726
Reads with adapters:                  71072 (9.0%)

=== Summary (Read 2) ===

Total reads processed:               785726
Reads with adapters:                 334073 (42.5%)
R1 reads with poly-G trimmed:          4883 (0.6%)
  R1 poly-G bases removed:           315398
R2 reads with poly-G trimmed:           805 (0.1%)
  R2 poly-G bases removed:           145608

=== Paired-end validation ===

Pairs analyzed:                      785726
Pairs removed:                         1694 (0.2%)
Unpaired R1 kept:                      1483
Unpaired R2 kept:                        86
Report: /scratch4/workspace/jade_fiorilla_student_uml_edu-rawseqorcc/trim-galore-illumina/2024_Both02_Cont04_O40_gut_S45_R1_001.fastq.gz_trimming_report.txt
JSON report: /scratch4/workspace/jade_fiorilla_student_uml_edu-rawseqorcc/trim-galore-illumina/2024_Both02_Cont04_O40_gut_S45_R1_001.fastq.gz_trimming_report.json
Report: /scratch4/workspace/jade_fiorilla_student_uml_edu-rawseqorcc/trim-galore-illumina/2024_Both02_Cont04_O40_gut_S45_R2_001.fastq.gz_trimming_report.txt
JSON report: /scratch4/workspace/jade_fiorilla_student_uml_edu-rawseqorcc/trim-galore-illumina/2024_Both02_Cont04_O40_gut_S45_R2_001.fastq.gz_trimming_report.json

Running FastQC on /scratch4/workspace/jade_fiorilla_student_uml_edu-rawseqorcc/trim-galore-illumina/2024_Both02_Cont04_O40_gut_S45_R1_001_val_1.fq.gz

Running FastQC on /scratch4/workspace/jade_fiorilla_student_uml_edu-rawseqorcc/trim-galore-illumina/2024_Both02_Cont04_O40_gut_S45_R2_001_val_2.fq.gz
Running Trim Galore on: 2024_Both02_Null_O12_gill_S236

Trim Galore v2.3.0
unknown — linux/x86_64 — built 2026-06-27T16:23:35Z
==================================================

Using 6 worker threads (parallel trim + compress)
Adapter: Illumina (AGATCGGAAGAGC)

Scanning for poly-G content...
Poly-G trimming: ENABLED (auto-detected). 5390 of 1000000 reads (0.54%) have poly-G tails (>=10bp) — consistent with 2-colour chemistry (NovaSeq/NextSeq). To disable: --no_poly_g
Trimming (paired-end):
  R1: /scratch4/workspace/jade_fiorilla_student_uml_edu-rawseqorcc/fastq/2024_Both02_Null_O12_gill_S236_R1_001.fastq.gz
  R2: /scratch4/workspace/jade_fiorilla_student_uml_edu-rawseqorcc/fastq/2024_Both02_Null_O12_gill_S236_R2_001.fastq.gz
  Output R1: /scratch4/workspace/jade_fiorilla_student_uml_edu-rawseqorcc/trim-galore-illumina/2024_Both02_Null_O12_gill_S236_R1_001_val_1.fq.gz
  Output R2: /scratch4/workspace/jade_fiorilla_student_uml_edu-rawseqorcc/trim-galore-illumina/2024_Both02_Null_O12_gill_S236_R2_001_val_2.fq.gz

=== Summary (Read 1) ===

Total reads processed:              1999442
Reads with adapters:                  46388 (2.3%)

=== Summary (Read 2) ===

Total reads processed:              1999442
Reads with adapters:                  48366 (2.4%)
R1 reads with poly-G trimmed:           114 (0.0%)
  R1 poly-G bases removed:            11741
R2 reads with poly-G trimmed:           137 (0.0%)
  R2 poly-G bases removed:            22882

=== Paired-end validation ===

Pairs analyzed:                     1999442
Pairs removed:                         2710 (0.1%)
Unpaired R1 kept:                      2474
Unpaired R2 kept:                       113
Report: /scratch4/workspace/jade_fiorilla_student_uml_edu-rawseqorcc/trim-galore-illumina/2024_Both02_Null_O12_gill_S236_R1_001.fastq.gz_trimming_report.txt
JSON report: /scratch4/workspace/jade_fiorilla_student_uml_edu-rawseqorcc/trim-galore-illumina/2024_Both02_Null_O12_gill_S236_R1_001.fastq.gz_trimming_report.json
Report: /scratch4/workspace/jade_fiorilla_student_uml_edu-rawseqorcc/trim-galore-illumina/2024_Both02_Null_O12_gill_S236_R2_001.fastq.gz_trimming_report.txt
JSON report: /scratch4/workspace/jade_fiorilla_student_uml_edu-rawseqorcc/trim-galore-illumina/2024_Both02_Null_O12_gill_S236_R2_001.fastq.gz_trimming_report.json

Running FastQC on /scratch4/workspace/jade_fiorilla_student_uml_edu-rawseqorcc/trim-galore-illumina/2024_Both02_Null_O12_gill_S236_R1_001_val_1.fq.gz

Running FastQC on /scratch4/workspace/jade_fiorilla_student_uml_edu-rawseqorcc/trim-galore-illumina/2024_Both02_Null_O12_gill_S236_R2_001_val_2.fq.gz
Running Trim Galore on: 2024_Both02_Null_O12_gut_S71

Trim Galore v2.3.0
unknown — linux/x86_64 — built 2026-06-27T16:23:35Z
==================================================

Using 6 worker threads (parallel trim + compress)
Adapter: Illumina (AGATCGGAAGAGC)

Scanning for poly-G content...
Poly-G trimming: ENABLED (auto-detected). 269509 of 734535 reads (36.69%) have poly-G tails (>=10bp) — consistent with 2-colour chemistry (NovaSeq/NextSeq). To disable: --no_poly_g
Trimming (paired-end):
  R1: /scratch4/workspace/jade_fiorilla_student_uml_edu-rawseqorcc/fastq/2024_Both02_Null_O12_gut_S71_R1_001.fastq.gz
  R2: /scratch4/workspace/jade_fiorilla_student_uml_edu-rawseqorcc/fastq/2024_Both02_Null_O12_gut_S71_R2_001.fastq.gz
  Output R1: /scratch4/workspace/jade_fiorilla_student_uml_edu-rawseqorcc/trim-galore-illumina/2024_Both02_Null_O12_gut_S71_R1_001_val_1.fq.gz
  Output R2: /scratch4/workspace/jade_fiorilla_student_uml_edu-rawseqorcc/trim-galore-illumina/2024_Both02_Null_O12_gut_S71_R2_001_val_2.fq.gz

=== Summary (Read 1) ===

Total reads processed:               734535
Reads with adapters:                  47995 (6.5%)

=== Summary (Read 2) ===

Total reads processed:               734535
Reads with adapters:                 291795 (39.7%)
R1 reads with poly-G trimmed:          7377 (1.0%)
  R1 poly-G bases removed:           352658
R2 reads with poly-G trimmed:           680 (0.1%)
  R2 poly-G bases removed:           119729

=== Paired-end validation ===

Pairs analyzed:                      734535
Pairs removed:                         1375 (0.2%)
Unpaired R1 kept:                      1168
Unpaired R2 kept:                        78
Report: /scratch4/workspace/jade_fiorilla_student_uml_edu-rawseqorcc/trim-galore-illumina/2024_Both02_Null_O12_gut_S71_R1_001.fastq.gz_trimming_report.txt
JSON report: /scratch4/workspace/jade_fiorilla_student_uml_edu-rawseqorcc/trim-galore-illumina/2024_Both02_Null_O12_gut_S71_R1_001.fastq.gz_trimming_report.json
Report: /scratch4/workspace/jade_fiorilla_student_uml_edu-rawseqorcc/trim-galore-illumina/2024_Both02_Null_O12_gut_S71_R2_001.fastq.gz_trimming_report.txt
JSON report: /scratch4/workspace/jade_fiorilla_student_uml_edu-rawseqorcc/trim-galore-illumina/2024_Both02_Null_O12_gut_S71_R2_001.fastq.gz_trimming_report.json

Running FastQC on /scratch4/workspace/jade_fiorilla_student_uml_edu-rawseqorcc/trim-galore-illumina/2024_Both02_Null_O12_gut_S71_R1_001_val_1.fq.gz

Running FastQC on /scratch4/workspace/jade_fiorilla_student_uml_edu-rawseqorcc/trim-galore-illumina/2024_Both02_Null_O12_gut_S71_R2_001_val_2.fq.gz
Running Trim Galore on: 2024_Both03_Both04_O41_gill_S165

Trim Galore v2.3.0
unknown — linux/x86_64 — built 2026-06-27T16:23:35Z
==================================================

Using 6 worker threads (parallel trim + compress)
Adapter: Illumina (AGATCGGAAGAGC)

Scanning for poly-G content...
Poly-G trimming: ENABLED (auto-detected). 349670 of 1000000 reads (34.97%) have poly-G tails (>=10bp) — consistent with 2-colour chemistry (NovaSeq/NextSeq). To disable: --no_poly_g
Trimming (paired-end):
  R1: /scratch4/workspace/jade_fiorilla_student_uml_edu-rawseqorcc/fastq/2024_Both03_Both04_O41_gill_S165_R1_001.fastq.gz
  R2: /scratch4/workspace/jade_fiorilla_student_uml_edu-rawseqorcc/fastq/2024_Both03_Both04_O41_gill_S165_R2_001.fastq.gz
  Output R1: /scratch4/workspace/jade_fiorilla_student_uml_edu-rawseqorcc/trim-galore-illumina/2024_Both03_Both04_O41_gill_S165_R1_001_val_1.fq.gz
  Output R2: /scratch4/workspace/jade_fiorilla_student_uml_edu-rawseqorcc/trim-galore-illumina/2024_Both03_Both04_O41_gill_S165_R2_001_val_2.fq.gz

=== Summary (Read 1) ===

Total reads processed:              1081260
Reads with adapters:                  23861 (2.2%)

=== Summary (Read 2) ===

Total reads processed:              1081260
Reads with adapters:                 480238 (44.4%)
R1 reads with poly-G trimmed:         22789 (2.1%)
  R1 poly-G bases removed:           492248
R2 reads with poly-G trimmed:           967 (0.1%)
  R2 poly-G bases removed:           150755

=== Paired-end validation ===

Pairs analyzed:                     1081260
Pairs removed:                         2066 (0.2%)
Unpaired R1 kept:                      1818
Unpaired R2 kept:                        91
Report: /scratch4/workspace/jade_fiorilla_student_uml_edu-rawseqorcc/trim-galore-illumina/2024_Both03_Both04_O41_gill_S165_R1_001.fastq.gz_trimming_report.txt
JSON report: /scratch4/workspace/jade_fiorilla_student_uml_edu-rawseqorcc/trim-galore-illumina/2024_Both03_Both04_O41_gill_S165_R1_001.fastq.gz_trimming_report.json
Report: /scratch4/workspace/jade_fiorilla_student_uml_edu-rawseqorcc/trim-galore-illumina/2024_Both03_Both04_O41_gill_S165_R2_001.fastq.gz_trimming_report.txt
JSON report: /scratch4/workspace/jade_fiorilla_student_uml_edu-rawseqorcc/trim-galore-illumina/2024_Both03_Both04_O41_gill_S165_R2_001.fastq.gz_trimming_report.json

Running FastQC on /scratch4/workspace/jade_fiorilla_student_uml_edu-rawseqorcc/trim-galore-illumina/2024_Both03_Both04_O41_gill_S165_R1_001_val_1.fq.gz

Running FastQC on /scratch4/workspace/jade_fiorilla_student_uml_edu-rawseqorcc/trim-galore-illumina/2024_Both03_Both04_O41_gill_S165_R2_001_val_2.fq.gz
Running Trim Galore on: 2024_Both03_Both04_O41_gut_S166

Trim Galore v2.3.0
unknown — linux/x86_64 — built 2026-06-27T16:23:35Z
==================================================

Using 6 worker threads (parallel trim + compress)
Adapter: Illumina (AGATCGGAAGAGC)

Scanning for poly-G content...
Poly-G trimming: ENABLED (auto-detected). 382774 of 1000000 reads (38.28%) have poly-G tails (>=10bp) — consistent with 2-colour chemistry (NovaSeq/NextSeq). To disable: --no_poly_g
Trimming (paired-end):
  R1: /scratch4/workspace/jade_fiorilla_student_uml_edu-rawseqorcc/fastq/2024_Both03_Both04_O41_gut_S166_R1_001.fastq.gz
  R2: /scratch4/workspace/jade_fiorilla_student_uml_edu-rawseqorcc/fastq/2024_Both03_Both04_O41_gut_S166_R2_001.fastq.gz
  Output R1: /scratch4/workspace/jade_fiorilla_student_uml_edu-rawseqorcc/trim-galore-illumina/2024_Both03_Both04_O41_gut_S166_R1_001_val_1.fq.gz
  Output R2: /scratch4/workspace/jade_fiorilla_student_uml_edu-rawseqorcc/trim-galore-illumina/2024_Both03_Both04_O41_gut_S166_R2_001_val_2.fq.gz

=== Summary (Read 1) ===

Total reads processed:              1358734
Reads with adapters:                  26716 (2.0%)

=== Summary (Read 2) ===

Total reads processed:              1358734
Reads with adapters:                 586541 (43.2%)
R1 reads with poly-G trimmed:         35543 (2.6%)
  R1 poly-G bases removed:           668255
R2 reads with poly-G trimmed:          1338 (0.1%)
  R2 poly-G bases removed:           223731

=== Paired-end validation ===

Pairs analyzed:                     1358734
Pairs removed:                         2662 (0.2%)
Unpaired R1 kept:                      2297
Unpaired R2 kept:                       147
Report: /scratch4/workspace/jade_fiorilla_student_uml_edu-rawseqorcc/trim-galore-illumina/2024_Both03_Both04_O41_gut_S166_R1_001.fastq.gz_trimming_report.txt
JSON report: /scratch4/workspace/jade_fiorilla_student_uml_edu-rawseqorcc/trim-galore-illumina/2024_Both03_Both04_O41_gut_S166_R1_001.fastq.gz_trimming_report.json
Report: /scratch4/workspace/jade_fiorilla_student_uml_edu-rawseqorcc/trim-galore-illumina/2024_Both03_Both04_O41_gut_S166_R2_001.fastq.gz_trimming_report.txt
JSON report: /scratch4/workspace/jade_fiorilla_student_uml_edu-rawseqorcc/trim-galore-illumina/2024_Both03_Both04_O41_gut_S166_R2_001.fastq.gz_trimming_report.json

Running FastQC on /scratch4/workspace/jade_fiorilla_student_uml_edu-rawseqorcc/trim-galore-illumina/2024_Both03_Both04_O41_gut_S166_R1_001_val_1.fq.gz

Running FastQC on /scratch4/workspace/jade_fiorilla_student_uml_edu-rawseqorcc/trim-galore-illumina/2024_Both03_Both04_O41_gut_S166_R2_001_val_2.fq.gz
Running Trim Galore on: 2024_Both03_Cont03_O30_gill_S138

Trim Galore v2.3.0
unknown — linux/x86_64 — built 2026-06-27T16:23:35Z
==================================================

Using 6 worker threads (parallel trim + compress)
Adapter: Illumina (AGATCGGAAGAGC)

Scanning for poly-G content...
Poly-G trimming: ENABLED (auto-detected). 336293 of 1000000 reads (33.63%) have poly-G tails (>=10bp) — consistent with 2-colour chemistry (NovaSeq/NextSeq). To disable: --no_poly_g
Trimming (paired-end):
  R1: /scratch4/workspace/jade_fiorilla_student_uml_edu-rawseqorcc/fastq/2024_Both03_Cont03_O30_gill_S138_R1_001.fastq.gz
  R2: /scratch4/workspace/jade_fiorilla_student_uml_edu-rawseqorcc/fastq/2024_Both03_Cont03_O30_gill_S138_R2_001.fastq.gz
  Output R1: /scratch4/workspace/jade_fiorilla_student_uml_edu-rawseqorcc/trim-galore-illumina/2024_Both03_Cont03_O30_gill_S138_R1_001_val_1.fq.gz
  Output R2: /scratch4/workspace/jade_fiorilla_student_uml_edu-rawseqorcc/trim-galore-illumina/2024_Both03_Cont03_O30_gill_S138_R2_001_val_2.fq.gz

=== Summary (Read 1) ===

Total reads processed:              1527114
Reads with adapters:                  19995 (1.3%)

=== Summary (Read 2) ===

Total reads processed:              1527114
Reads with adapters:                 562389 (36.8%)
R1 reads with poly-G trimmed:         49640 (3.3%)
  R1 poly-G bases removed:           717017
R2 reads with poly-G trimmed:          1400 (0.1%)
  R2 poly-G bases removed:           240735

=== Paired-end validation ===

Pairs analyzed:                     1527114
Pairs removed:                         3052 (0.2%)
Unpaired R1 kept:                      2721
Unpaired R2 kept:                       152
Report: /scratch4/workspace/jade_fiorilla_student_uml_edu-rawseqorcc/trim-galore-illumina/2024_Both03_Cont03_O30_gill_S138_R1_001.fastq.gz_trimming_report.txt
JSON report: /scratch4/workspace/jade_fiorilla_student_uml_edu-rawseqorcc/trim-galore-illumina/2024_Both03_Cont03_O30_gill_S138_R1_001.fastq.gz_trimming_report.json
Report: /scratch4/workspace/jade_fiorilla_student_uml_edu-rawseqorcc/trim-galore-illumina/2024_Both03_Cont03_O30_gill_S138_R2_001.fastq.gz_trimming_report.txt
JSON report: /scratch4/workspace/jade_fiorilla_student_uml_edu-rawseqorcc/trim-galore-illumina/2024_Both03_Cont03_O30_gill_S138_R2_001.fastq.gz_trimming_report.json

Running FastQC on /scratch4/workspace/jade_fiorilla_student_uml_edu-rawseqorcc/trim-galore-illumina/2024_Both03_Cont03_O30_gill_S138_R1_001_val_1.fq.gz

Running FastQC on /scratch4/workspace/jade_fiorilla_student_uml_edu-rawseqorcc/trim-galore-illumina/2024_Both03_Cont03_O30_gill_S138_R2_001_val_2.fq.gz
Running Trim Galore on: 2024_Both03_Cont03_O30_gut_S34

Trim Galore v2.3.0
unknown — linux/x86_64 — built 2026-06-27T16:23:35Z
==================================================

Using 6 worker threads (parallel trim + compress)
Adapter: Illumina (AGATCGGAAGAGC)

Scanning for poly-G content...
Poly-G trimming: ENABLED (auto-detected). 680447 of 1000000 reads (68.04%) have poly-G tails (>=10bp) — consistent with 2-colour chemistry (NovaSeq/NextSeq). To disable: --no_poly_g
Trimming (paired-end):
  R1: /scratch4/workspace/jade_fiorilla_student_uml_edu-rawseqorcc/fastq/2024_Both03_Cont03_O30_gut_S34_R1_001.fastq.gz
  R2: /scratch4/workspace/jade_fiorilla_student_uml_edu-rawseqorcc/fastq/2024_Both03_Cont03_O30_gut_S34_R2_001.fastq.gz
  Output R1: /scratch4/workspace/jade_fiorilla_student_uml_edu-rawseqorcc/trim-galore-illumina/2024_Both03_Cont03_O30_gut_S34_R1_001_val_1.fq.gz
  Output R2: /scratch4/workspace/jade_fiorilla_student_uml_edu-rawseqorcc/trim-galore-illumina/2024_Both03_Cont03_O30_gut_S34_R2_001_val_2.fq.gz

=== Summary (Read 1) ===

Total reads processed:              1285203
Reads with adapters:                 119388 (9.3%)

=== Summary (Read 2) ===

Total reads processed:              1285203
Reads with adapters:                 894257 (69.6%)
R1 reads with poly-G trimmed:         11626 (0.9%)
  R1 poly-G bases removed:          1011382
R2 reads with poly-G trimmed:          2090 (0.2%)
  R2 poly-G bases removed:           384269

=== Paired-end validation ===

Pairs analyzed:                     1285203
Pairs removed:                         2605 (0.2%)
Unpaired R1 kept:                      2422
Unpaired R2 kept:                        56
Report: /scratch4/workspace/jade_fiorilla_student_uml_edu-rawseqorcc/trim-galore-illumina/2024_Both03_Cont03_O30_gut_S34_R1_001.fastq.gz_trimming_report.txt
JSON report: /scratch4/workspace/jade_fiorilla_student_uml_edu-rawseqorcc/trim-galore-illumina/2024_Both03_Cont03_O30_gut_S34_R1_001.fastq.gz_trimming_report.json
Report: /scratch4/workspace/jade_fiorilla_student_uml_edu-rawseqorcc/trim-galore-illumina/2024_Both03_Cont03_O30_gut_S34_R2_001.fastq.gz_trimming_report.txt
JSON report: /scratch4/workspace/jade_fiorilla_student_uml_edu-rawseqorcc/trim-galore-illumina/2024_Both03_Cont03_O30_gut_S34_R2_001.fastq.gz_trimming_report.json

Running FastQC on /scratch4/workspace/jade_fiorilla_student_uml_edu-rawseqorcc/trim-galore-illumina/2024_Both03_Cont03_O30_gut_S34_R1_001_val_1.fq.gz

Running FastQC on /scratch4/workspace/jade_fiorilla_student_uml_edu-rawseqorcc/trim-galore-illumina/2024_Both03_Cont03_O30_gut_S34_R2_001_val_2.fq.gz
Running Trim Galore on: 2024_Both03_Cont06_O66_gill_S230

Trim Galore v2.3.0
unknown — linux/x86_64 — built 2026-06-27T16:23:35Z
==================================================

Using 6 worker threads (parallel trim + compress)
Adapter: Illumina (AGATCGGAAGAGC)

Scanning for poly-G content...
Poly-G trimming: ENABLED (auto-detected). 286556 of 917781 reads (31.22%) have poly-G tails (>=10bp) — consistent with 2-colour chemistry (NovaSeq/NextSeq). To disable: --no_poly_g
Trimming (paired-end):
  R1: /scratch4/workspace/jade_fiorilla_student_uml_edu-rawseqorcc/fastq/2024_Both03_Cont06_O66_gill_S230_R1_001.fastq.gz
  R2: /scratch4/workspace/jade_fiorilla_student_uml_edu-rawseqorcc/fastq/2024_Both03_Cont06_O66_gill_S230_R2_001.fastq.gz
  Output R1: /scratch4/workspace/jade_fiorilla_student_uml_edu-rawseqorcc/trim-galore-illumina/2024_Both03_Cont06_O66_gill_S230_R1_001_val_1.fq.gz
  Output R2: /scratch4/workspace/jade_fiorilla_student_uml_edu-rawseqorcc/trim-galore-illumina/2024_Both03_Cont06_O66_gill_S230_R2_001_val_2.fq.gz

=== Summary (Read 1) ===

Total reads processed:               917781
Reads with adapters:                 141328 (15.4%)

=== Summary (Read 2) ===

Total reads processed:               917781
Reads with adapters:                 369460 (40.3%)
R1 reads with poly-G trimmed:          1428 (0.2%)
  R1 poly-G bases removed:           184687
R2 reads with poly-G trimmed:           747 (0.1%)
  R2 poly-G bases removed:           111910

=== Paired-end validation ===

Pairs analyzed:                      917781
Pairs removed:                         1440 (0.2%)
Unpaired R1 kept:                      1292
Unpaired R2 kept:                        61
Report: /scratch4/workspace/jade_fiorilla_student_uml_edu-rawseqorcc/trim-galore-illumina/2024_Both03_Cont06_O66_gill_S230_R1_001.fastq.gz_trimming_report.txt
JSON report: /scratch4/workspace/jade_fiorilla_student_uml_edu-rawseqorcc/trim-galore-illumina/2024_Both03_Cont06_O66_gill_S230_R1_001.fastq.gz_trimming_report.json
Report: /scratch4/workspace/jade_fiorilla_student_uml_edu-rawseqorcc/trim-galore-illumina/2024_Both03_Cont06_O66_gill_S230_R2_001.fastq.gz_trimming_report.txt
JSON report: /scratch4/workspace/jade_fiorilla_student_uml_edu-rawseqorcc/trim-galore-illumina/2024_Both03_Cont06_O66_gill_S230_R2_001.fastq.gz_trimming_report.json

Running FastQC on /scratch4/workspace/jade_fiorilla_student_uml_edu-rawseqorcc/trim-galore-illumina/2024_Both03_Cont06_O66_gill_S230_R1_001_val_1.fq.gz

Running FastQC on /scratch4/workspace/jade_fiorilla_student_uml_edu-rawseqorcc/trim-galore-illumina/2024_Both03_Cont06_O66_gill_S230_R2_001_val_2.fq.gz
Running Trim Galore on: 2024_Both03_Cont06_O66_gut_S54

Trim Galore v2.3.0
unknown — linux/x86_64 — built 2026-06-27T16:23:35Z
==================================================

Using 6 worker threads (parallel trim + compress)
Adapter: Illumina (AGATCGGAAGAGC)

Scanning for poly-G content...
Poly-G trimming: ENABLED (auto-detected). 420469 of 611275 reads (68.79%) have poly-G tails (>=10bp) — consistent with 2-colour chemistry (NovaSeq/NextSeq). To disable: --no_poly_g
Trimming (paired-end):
  R1: /scratch4/workspace/jade_fiorilla_student_uml_edu-rawseqorcc/fastq/2024_Both03_Cont06_O66_gut_S54_R1_001.fastq.gz
  R2: /scratch4/workspace/jade_fiorilla_student_uml_edu-rawseqorcc/fastq/2024_Both03_Cont06_O66_gut_S54_R2_001.fastq.gz
  Output R1: /scratch4/workspace/jade_fiorilla_student_uml_edu-rawseqorcc/trim-galore-illumina/2024_Both03_Cont06_O66_gut_S54_R1_001_val_1.fq.gz
  Output R2: /scratch4/workspace/jade_fiorilla_student_uml_edu-rawseqorcc/trim-galore-illumina/2024_Both03_Cont06_O66_gut_S54_R2_001_val_2.fq.gz

=== Summary (Read 1) ===

Total reads processed:               611275
Reads with adapters:                 104017 (17.0%)

=== Summary (Read 2) ===

Total reads processed:               611275
Reads with adapters:                 424846 (69.5%)
R1 reads with poly-G trimmed:          1941 (0.3%)
  R1 poly-G bases removed:           354406
R2 reads with poly-G trimmed:          1054 (0.2%)
  R2 poly-G bases removed:           193227

=== Paired-end validation ===

Pairs analyzed:                      611275
Pairs removed:                         1492 (0.2%)
Unpaired R1 kept:                      1342
Unpaired R2 kept:                        40
Report: /scratch4/workspace/jade_fiorilla_student_uml_edu-rawseqorcc/trim-galore-illumina/2024_Both03_Cont06_O66_gut_S54_R1_001.fastq.gz_trimming_report.txt
JSON report: /scratch4/workspace/jade_fiorilla_student_uml_edu-rawseqorcc/trim-galore-illumina/2024_Both03_Cont06_O66_gut_S54_R1_001.fastq.gz_trimming_report.json
Report: /scratch4/workspace/jade_fiorilla_student_uml_edu-rawseqorcc/trim-galore-illumina/2024_Both03_Cont06_O66_gut_S54_R2_001.fastq.gz_trimming_report.txt
JSON report: /scratch4/workspace/jade_fiorilla_student_uml_edu-rawseqorcc/trim-galore-illumina/2024_Both03_Cont06_O66_gut_S54_R2_001.fastq.gz_trimming_report.json

Running FastQC on /scratch4/workspace/jade_fiorilla_student_uml_edu-rawseqorcc/trim-galore-illumina/2024_Both03_Cont06_O66_gut_S54_R1_001_val_1.fq.gz

Running FastQC on /scratch4/workspace/jade_fiorilla_student_uml_edu-rawseqorcc/trim-galore-illumina/2024_Both03_Cont06_O66_gut_S54_R2_001_val_2.fq.gz
Running Trim Galore on: 2024_Both03_Hyp04_O41_gill_S220

Trim Galore v2.3.0
unknown — linux/x86_64 — built 2026-06-27T16:23:35Z
==================================================

Using 6 worker threads (parallel trim + compress)
Adapter: Illumina (AGATCGGAAGAGC)

Scanning for poly-G content...
Poly-G trimming: ENABLED (auto-detected). 48906 of 847972 reads (5.77%) have poly-G tails (>=10bp) — consistent with 2-colour chemistry (NovaSeq/NextSeq). To disable: --no_poly_g
Trimming (paired-end):
  R1: /scratch4/workspace/jade_fiorilla_student_uml_edu-rawseqorcc/fastq/2024_Both03_Hyp04_O41_gill_S220_R1_001.fastq.gz
  R2: /scratch4/workspace/jade_fiorilla_student_uml_edu-rawseqorcc/fastq/2024_Both03_Hyp04_O41_gill_S220_R2_001.fastq.gz
  Output R1: /scratch4/workspace/jade_fiorilla_student_uml_edu-rawseqorcc/trim-galore-illumina/2024_Both03_Hyp04_O41_gill_S220_R1_001_val_1.fq.gz
  Output R2: /scratch4/workspace/jade_fiorilla_student_uml_edu-rawseqorcc/trim-galore-illumina/2024_Both03_Hyp04_O41_gill_S220_R2_001_val_2.fq.gz

=== Summary (Read 1) ===

Total reads processed:               847972
Reads with adapters:                   9467 (1.1%)

=== Summary (Read 2) ===

Total reads processed:               847972
Reads with adapters:                  72549 (8.6%)
R1 reads with poly-G trimmed:           799 (0.1%)
  R1 poly-G bases removed:            41960
R2 reads with poly-G trimmed:           265 (0.0%)
  R2 poly-G bases removed:            44639

=== Paired-end validation ===

Pairs analyzed:                      847972
Pairs removed:                         2101 (0.2%)
Unpaired R1 kept:                      1881
Unpaired R2 kept:                        93
Report: /scratch4/workspace/jade_fiorilla_student_uml_edu-rawseqorcc/trim-galore-illumina/2024_Both03_Hyp04_O41_gill_S220_R1_001.fastq.gz_trimming_report.txt
JSON report: /scratch4/workspace/jade_fiorilla_student_uml_edu-rawseqorcc/trim-galore-illumina/2024_Both03_Hyp04_O41_gill_S220_R1_001.fastq.gz_trimming_report.json
Report: /scratch4/workspace/jade_fiorilla_student_uml_edu-rawseqorcc/trim-galore-illumina/2024_Both03_Hyp04_O41_gill_S220_R2_001.fastq.gz_trimming_report.txt
JSON report: /scratch4/workspace/jade_fiorilla_student_uml_edu-rawseqorcc/trim-galore-illumina/2024_Both03_Hyp04_O41_gill_S220_R2_001.fastq.gz_trimming_report.json

Running FastQC on /scratch4/workspace/jade_fiorilla_student_uml_edu-rawseqorcc/trim-galore-illumina/2024_Both03_Hyp04_O41_gill_S220_R1_001_val_1.fq.gz

Running FastQC on /scratch4/workspace/jade_fiorilla_student_uml_edu-rawseqorcc/trim-galore-illumina/2024_Both03_Hyp04_O41_gill_S220_R2_001_val_2.fq.gz
Running Trim Galore on: 2024_Both03_Hyp04_O41_gut_S221

Trim Galore v2.3.0
unknown — linux/x86_64 — built 2026-06-27T16:23:35Z
==================================================

Using 6 worker threads (parallel trim + compress)
Adapter: Illumina (AGATCGGAAGAGC)

Scanning for poly-G content...
Poly-G trimming: ENABLED (auto-detected). 81116 of 802502 reads (10.11%) have poly-G tails (>=10bp) — consistent with 2-colour chemistry (NovaSeq/NextSeq). To disable: --no_poly_g
Trimming (paired-end):
  R1: /scratch4/workspace/jade_fiorilla_student_uml_edu-rawseqorcc/fastq/2024_Both03_Hyp04_O41_gut_S221_R1_001.fastq.gz
  R2: /scratch4/workspace/jade_fiorilla_student_uml_edu-rawseqorcc/fastq/2024_Both03_Hyp04_O41_gut_S221_R2_001.fastq.gz
  Output R1: /scratch4/workspace/jade_fiorilla_student_uml_edu-rawseqorcc/trim-galore-illumina/2024_Both03_Hyp04_O41_gut_S221_R1_001_val_1.fq.gz
  Output R2: /scratch4/workspace/jade_fiorilla_student_uml_edu-rawseqorcc/trim-galore-illumina/2024_Both03_Hyp04_O41_gut_S221_R2_001_val_2.fq.gz

=== Summary (Read 1) ===

Total reads processed:               802502
Reads with adapters:                  10198 (1.3%)

=== Summary (Read 2) ===

Total reads processed:               802502
Reads with adapters:                  95928 (12.0%)
R1 reads with poly-G trimmed:          1064 (0.1%)
  R1 poly-G bases removed:            70077
R2 reads with poly-G trimmed:           271 (0.0%)
  R2 poly-G bases removed:            49868

=== Paired-end validation ===

Pairs analyzed:                      802502
Pairs removed:                         1942 (0.2%)
Unpaired R1 kept:                      1789
Unpaired R2 kept:                        84
Report: /scratch4/workspace/jade_fiorilla_student_uml_edu-rawseqorcc/trim-galore-illumina/2024_Both03_Hyp04_O41_gut_S221_R1_001.fastq.gz_trimming_report.txt
JSON report: /scratch4/workspace/jade_fiorilla_student_uml_edu-rawseqorcc/trim-galore-illumina/2024_Both03_Hyp04_O41_gut_S221_R1_001.fastq.gz_trimming_report.json
Report: /scratch4/workspace/jade_fiorilla_student_uml_edu-rawseqorcc/trim-galore-illumina/2024_Both03_Hyp04_O41_gut_S221_R2_001.fastq.gz_trimming_report.txt
JSON report: /scratch4/workspace/jade_fiorilla_student_uml_edu-rawseqorcc/trim-galore-illumina/2024_Both03_Hyp04_O41_gut_S221_R2_001.fastq.gz_trimming_report.json

Running FastQC on /scratch4/workspace/jade_fiorilla_student_uml_edu-rawseqorcc/trim-galore-illumina/2024_Both03_Hyp04_O41_gut_S221_R1_001_val_1.fq.gz

Running FastQC on /scratch4/workspace/jade_fiorilla_student_uml_edu-rawseqorcc/trim-galore-illumina/2024_Both03_Hyp04_O41_gut_S221_R2_001_val_2.fq.gz
Running Trim Galore on: 2024_Both03_Null_O24_gill_S269

Trim Galore v2.3.0
unknown — linux/x86_64 — built 2026-06-27T16:23:35Z
==================================================

Using 6 worker threads (parallel trim + compress)
Adapter: Illumina (AGATCGGAAGAGC)

Scanning for poly-G content...
Poly-G trimming: ENABLED (auto-detected). 30463 of 739597 reads (4.12%) have poly-G tails (>=10bp) — consistent with 2-colour chemistry (NovaSeq/NextSeq). To disable: --no_poly_g
Trimming (paired-end):
  R1: /scratch4/workspace/jade_fiorilla_student_uml_edu-rawseqorcc/fastq/2024_Both03_Null_O24_gill_S269_R1_001.fastq.gz
  R2: /scratch4/workspace/jade_fiorilla_student_uml_edu-rawseqorcc/fastq/2024_Both03_Null_O24_gill_S269_R2_001.fastq.gz
  Output R1: /scratch4/workspace/jade_fiorilla_student_uml_edu-rawseqorcc/trim-galore-illumina/2024_Both03_Null_O24_gill_S269_R1_001_val_1.fq.gz
  Output R2: /scratch4/workspace/jade_fiorilla_student_uml_edu-rawseqorcc/trim-galore-illumina/2024_Both03_Null_O24_gill_S269_R2_001_val_2.fq.gz

=== Summary (Read 1) ===

Total reads processed:               739597
Reads with adapters:                   9383 (1.3%)

=== Summary (Read 2) ===

Total reads processed:               739597
Reads with adapters:                  37914 (5.1%)
R1 reads with poly-G trimmed:           301 (0.0%)
  R1 poly-G bases removed:            24315
R2 reads with poly-G trimmed:           126 (0.0%)
  R2 poly-G bases removed:            17883

=== Paired-end validation ===

Pairs analyzed:                      739597
Pairs removed:                         1168 (0.2%)
Unpaired R1 kept:                       977
Unpaired R2 kept:                       103
Report: /scratch4/workspace/jade_fiorilla_student_uml_edu-rawseqorcc/trim-galore-illumina/2024_Both03_Null_O24_gill_S269_R1_001.fastq.gz_trimming_report.txt
JSON report: /scratch4/workspace/jade_fiorilla_student_uml_edu-rawseqorcc/trim-galore-illumina/2024_Both03_Null_O24_gill_S269_R1_001.fastq.gz_trimming_report.json
Report: /scratch4/workspace/jade_fiorilla_student_uml_edu-rawseqorcc/trim-galore-illumina/2024_Both03_Null_O24_gill_S269_R2_001.fastq.gz_trimming_report.txt
JSON report: /scratch4/workspace/jade_fiorilla_student_uml_edu-rawseqorcc/trim-galore-illumina/2024_Both03_Null_O24_gill_S269_R2_001.fastq.gz_trimming_report.json

Running FastQC on /scratch4/workspace/jade_fiorilla_student_uml_edu-rawseqorcc/trim-galore-illumina/2024_Both03_Null_O24_gill_S269_R1_001_val_1.fq.gz

Running FastQC on /scratch4/workspace/jade_fiorilla_student_uml_edu-rawseqorcc/trim-galore-illumina/2024_Both03_Null_O24_gill_S269_R2_001_val_2.fq.gz
Running Trim Galore on: 2024_Both03_Null_O24_gut_S181

Trim Galore v2.3.0
unknown — linux/x86_64 — built 2026-06-27T16:23:35Z
==================================================

Using 6 worker threads (parallel trim + compress)
Adapter: Illumina (AGATCGGAAGAGC)

Scanning for poly-G content...
Poly-G trimming: ENABLED (auto-detected). 635452 of 1000000 reads (63.55%) have poly-G tails (>=10bp) — consistent with 2-colour chemistry (NovaSeq/NextSeq). To disable: --no_poly_g
Trimming (paired-end):
  R1: /scratch4/workspace/jade_fiorilla_student_uml_edu-rawseqorcc/fastq/2024_Both03_Null_O24_gut_S181_R1_001.fastq.gz
  R2: /scratch4/workspace/jade_fiorilla_student_uml_edu-rawseqorcc/fastq/2024_Both03_Null_O24_gut_S181_R2_001.fastq.gz
  Output R1: /scratch4/workspace/jade_fiorilla_student_uml_edu-rawseqorcc/trim-galore-illumina/2024_Both03_Null_O24_gut_S181_R1_001_val_1.fq.gz
  Output R2: /scratch4/workspace/jade_fiorilla_student_uml_edu-rawseqorcc/trim-galore-illumina/2024_Both03_Null_O24_gut_S181_R2_001_val_2.fq.gz

=== Summary (Read 1) ===

Total reads processed:              1648189
Reads with adapters:                 213950 (13.0%)

=== Summary (Read 2) ===

Total reads processed:              1648189
Reads with adapters:                1111283 (67.4%)
R1 reads with poly-G trimmed:          7474 (0.5%)
  R1 poly-G bases removed:          1213168
R2 reads with poly-G trimmed:          2126 (0.1%)
  R2 poly-G bases removed:           356044

=== Paired-end validation ===

Pairs analyzed:                     1648189
Pairs removed:                         3526 (0.2%)
Unpaired R1 kept:                      3307
Unpaired R2 kept:                        75
Report: /scratch4/workspace/jade_fiorilla_student_uml_edu-rawseqorcc/trim-galore-illumina/2024_Both03_Null_O24_gut_S181_R1_001.fastq.gz_trimming_report.txt
JSON report: /scratch4/workspace/jade_fiorilla_student_uml_edu-rawseqorcc/trim-galore-illumina/2024_Both03_Null_O24_gut_S181_R1_001.fastq.gz_trimming_report.json
Report: /scratch4/workspace/jade_fiorilla_student_uml_edu-rawseqorcc/trim-galore-illumina/2024_Both03_Null_O24_gut_S181_R2_001.fastq.gz_trimming_report.txt
JSON report: /scratch4/workspace/jade_fiorilla_student_uml_edu-rawseqorcc/trim-galore-illumina/2024_Both03_Null_O24_gut_S181_R2_001.fastq.gz_trimming_report.json

Running FastQC on /scratch4/workspace/jade_fiorilla_student_uml_edu-rawseqorcc/trim-galore-illumina/2024_Both03_Null_O24_gut_S181_R1_001_val_1.fq.gz

Running FastQC on /scratch4/workspace/jade_fiorilla_student_uml_edu-rawseqorcc/trim-galore-illumina/2024_Both03_Null_O24_gut_S181_R2_001_val_2.fq.gz
Running Trim Galore on: 2024_Both03_Warm01_O6_gill_S197

Trim Galore v2.3.0
unknown — linux/x86_64 — built 2026-06-27T16:23:35Z
==================================================

Using 6 worker threads (parallel trim + compress)
Adapter: Illumina (AGATCGGAAGAGC)

Scanning for poly-G content...
Poly-G trimming: ENABLED (auto-detected). 18652 of 1000000 reads (1.87%) have poly-G tails (>=10bp) — consistent with 2-colour chemistry (NovaSeq/NextSeq). To disable: --no_poly_g
Trimming (paired-end):
  R1: /scratch4/workspace/jade_fiorilla_student_uml_edu-rawseqorcc/fastq/2024_Both03_Warm01_O6_gill_S197_R1_001.fastq.gz
  R2: /scratch4/workspace/jade_fiorilla_student_uml_edu-rawseqorcc/fastq/2024_Both03_Warm01_O6_gill_S197_R2_001.fastq.gz
  Output R1: /scratch4/workspace/jade_fiorilla_student_uml_edu-rawseqorcc/trim-galore-illumina/2024_Both03_Warm01_O6_gill_S197_R1_001_val_1.fq.gz
  Output R2: /scratch4/workspace/jade_fiorilla_student_uml_edu-rawseqorcc/trim-galore-illumina/2024_Both03_Warm01_O6_gill_S197_R2_001_val_2.fq.gz

=== Summary (Read 1) ===

Total reads processed:              1658469
Reads with adapters:                  13355 (0.8%)

=== Summary (Read 2) ===

Total reads processed:              1658469
Reads with adapters:                  70221 (4.2%)
R1 reads with poly-G trimmed:           399 (0.0%)
  R1 poly-G bases removed:            25745
R2 reads with poly-G trimmed:           405 (0.0%)
  R2 poly-G bases removed:            70856

=== Paired-end validation ===

Pairs analyzed:                     1658469
Pairs removed:                         5154 (0.3%)
Unpaired R1 kept:                      4895
Unpaired R2 kept:                       132
Report: /scratch4/workspace/jade_fiorilla_student_uml_edu-rawseqorcc/trim-galore-illumina/2024_Both03_Warm01_O6_gill_S197_R1_001.fastq.gz_trimming_report.txt
JSON report: /scratch4/workspace/jade_fiorilla_student_uml_edu-rawseqorcc/trim-galore-illumina/2024_Both03_Warm01_O6_gill_S197_R1_001.fastq.gz_trimming_report.json
Report: /scratch4/workspace/jade_fiorilla_student_uml_edu-rawseqorcc/trim-galore-illumina/2024_Both03_Warm01_O6_gill_S197_R2_001.fastq.gz_trimming_report.txt
JSON report: /scratch4/workspace/jade_fiorilla_student_uml_edu-rawseqorcc/trim-galore-illumina/2024_Both03_Warm01_O6_gill_S197_R2_001.fastq.gz_trimming_report.json

Running FastQC on /scratch4/workspace/jade_fiorilla_student_uml_edu-rawseqorcc/trim-galore-illumina/2024_Both03_Warm01_O6_gill_S197_R1_001_val_1.fq.gz

Running FastQC on /scratch4/workspace/jade_fiorilla_student_uml_edu-rawseqorcc/trim-galore-illumina/2024_Both03_Warm01_O6_gill_S197_R2_001_val_2.fq.gz
Running Trim Galore on: 2024_Both03_Warm01_O6_gut_S4

Trim Galore v2.3.0
unknown — linux/x86_64 — built 2026-06-27T16:23:35Z
==================================================

Using 6 worker threads (parallel trim + compress)
Adapter: Illumina (AGATCGGAAGAGC)

Scanning for poly-G content...
Poly-G trimming: ENABLED (auto-detected). 111920 of 871444 reads (12.84%) have poly-G tails (>=10bp) — consistent with 2-colour chemistry (NovaSeq/NextSeq). To disable: --no_poly_g
Trimming (paired-end):
  R1: /scratch4/workspace/jade_fiorilla_student_uml_edu-rawseqorcc/fastq/2024_Both03_Warm01_O6_gut_S4_R1_001.fastq.gz
  R2: /scratch4/workspace/jade_fiorilla_student_uml_edu-rawseqorcc/fastq/2024_Both03_Warm01_O6_gut_S4_R2_001.fastq.gz
  Output R1: /scratch4/workspace/jade_fiorilla_student_uml_edu-rawseqorcc/trim-galore-illumina/2024_Both03_Warm01_O6_gut_S4_R1_001_val_1.fq.gz
  Output R2: /scratch4/workspace/jade_fiorilla_student_uml_edu-rawseqorcc/trim-galore-illumina/2024_Both03_Warm01_O6_gut_S4_R2_001_val_2.fq.gz

=== Summary (Read 1) ===

Total reads processed:               871444
Reads with adapters:                  19152 (2.2%)

=== Summary (Read 2) ===

Total reads processed:               871444
Reads with adapters:                 120959 (13.9%)
R1 reads with poly-G trimmed:          4319 (0.5%)
  R1 poly-G bases removed:           137143
R2 reads with poly-G trimmed:           378 (0.0%)
  R2 poly-G bases removed:            67301

=== Paired-end validation ===

Pairs analyzed:                      871444
Pairs removed:                         2279 (0.3%)
Unpaired R1 kept:                      2132
Unpaired R2 kept:                        70
Report: /scratch4/workspace/jade_fiorilla_student_uml_edu-rawseqorcc/trim-galore-illumina/2024_Both03_Warm01_O6_gut_S4_R1_001.fastq.gz_trimming_report.txt
JSON report: /scratch4/workspace/jade_fiorilla_student_uml_edu-rawseqorcc/trim-galore-illumina/2024_Both03_Warm01_O6_gut_S4_R1_001.fastq.gz_trimming_report.json
Report: /scratch4/workspace/jade_fiorilla_student_uml_edu-rawseqorcc/trim-galore-illumina/2024_Both03_Warm01_O6_gut_S4_R2_001.fastq.gz_trimming_report.txt
JSON report: /scratch4/workspace/jade_fiorilla_student_uml_edu-rawseqorcc/trim-galore-illumina/2024_Both03_Warm01_O6_gut_S4_R2_001.fastq.gz_trimming_report.json

Running FastQC on /scratch4/workspace/jade_fiorilla_student_uml_edu-rawseqorcc/trim-galore-illumina/2024_Both03_Warm01_O6_gut_S4_R1_001_val_1.fq.gz

Running FastQC on /scratch4/workspace/jade_fiorilla_student_uml_edu-rawseqorcc/trim-galore-illumina/2024_Both03_Warm01_O6_gut_S4_R2_001_val_2.fq.gz
Running Trim Galore on: 2024_Both03_Warm04_O41_gill_S198

Trim Galore v2.3.0
unknown — linux/x86_64 — built 2026-06-27T16:23:35Z
==================================================

Using 6 worker threads (parallel trim + compress)
Adapter: Illumina (AGATCGGAAGAGC)

Scanning for poly-G content...
Poly-G trimming: ENABLED (auto-detected). 86758 of 1000000 reads (8.68%) have poly-G tails (>=10bp) — consistent with 2-colour chemistry (NovaSeq/NextSeq). To disable: --no_poly_g
Trimming (paired-end):
  R1: /scratch4/workspace/jade_fiorilla_student_uml_edu-rawseqorcc/fastq/2024_Both03_Warm04_O41_gill_S198_R1_001.fastq.gz
  R2: /scratch4/workspace/jade_fiorilla_student_uml_edu-rawseqorcc/fastq/2024_Both03_Warm04_O41_gill_S198_R2_001.fastq.gz
  Output R1: /scratch4/workspace/jade_fiorilla_student_uml_edu-rawseqorcc/trim-galore-illumina/2024_Both03_Warm04_O41_gill_S198_R1_001_val_1.fq.gz
  Output R2: /scratch4/workspace/jade_fiorilla_student_uml_edu-rawseqorcc/trim-galore-illumina/2024_Both03_Warm04_O41_gill_S198_R2_001_val_2.fq.gz

=== Summary (Read 1) ===

Total reads processed:              1331602
Reads with adapters:                 166897 (12.5%)

=== Summary (Read 2) ===

Total reads processed:              1331602
Reads with adapters:                 142242 (10.7%)
R1 reads with poly-G trimmed:          1447 (0.1%)
  R1 poly-G bases removed:            95895
R2 reads with poly-G trimmed:           560 (0.0%)
  R2 poly-G bases removed:            96737

=== Paired-end validation ===

Pairs analyzed:                     1331602
Pairs removed:                         3713 (0.3%)
Unpaired R1 kept:                      3554
Unpaired R2 kept:                        87
Report: /scratch4/workspace/jade_fiorilla_student_uml_edu-rawseqorcc/trim-galore-illumina/2024_Both03_Warm04_O41_gill_S198_R1_001.fastq.gz_trimming_report.txt
JSON report: /scratch4/workspace/jade_fiorilla_student_uml_edu-rawseqorcc/trim-galore-illumina/2024_Both03_Warm04_O41_gill_S198_R1_001.fastq.gz_trimming_report.json
Report: /scratch4/workspace/jade_fiorilla_student_uml_edu-rawseqorcc/trim-galore-illumina/2024_Both03_Warm04_O41_gill_S198_R2_001.fastq.gz_trimming_report.txt
JSON report: /scratch4/workspace/jade_fiorilla_student_uml_edu-rawseqorcc/trim-galore-illumina/2024_Both03_Warm04_O41_gill_S198_R2_001.fastq.gz_trimming_report.json

Running FastQC on /scratch4/workspace/jade_fiorilla_student_uml_edu-rawseqorcc/trim-galore-illumina/2024_Both03_Warm04_O41_gill_S198_R1_001_val_1.fq.gz

Running FastQC on /scratch4/workspace/jade_fiorilla_student_uml_edu-rawseqorcc/trim-galore-illumina/2024_Both03_Warm04_O41_gill_S198_R2_001_val_2.fq.gz
Running Trim Galore on: 2024_Both03_Warm04_O41_gut_S5

Trim Galore v2.3.0
unknown — linux/x86_64 — built 2026-06-27T16:23:35Z
==================================================

Using 6 worker threads (parallel trim + compress)
Adapter: Illumina (AGATCGGAAGAGC)

Scanning for poly-G content...
Poly-G trimming: ENABLED (auto-detected). 60577 of 914117 reads (6.63%) have poly-G tails (>=10bp) — consistent with 2-colour chemistry (NovaSeq/NextSeq). To disable: --no_poly_g
Trimming (paired-end):
  R1: /scratch4/workspace/jade_fiorilla_student_uml_edu-rawseqorcc/fastq/2024_Both03_Warm04_O41_gut_S5_R1_001.fastq.gz
  R2: /scratch4/workspace/jade_fiorilla_student_uml_edu-rawseqorcc/fastq/2024_Both03_Warm04_O41_gut_S5_R2_001.fastq.gz
  Output R1: /scratch4/workspace/jade_fiorilla_student_uml_edu-rawseqorcc/trim-galore-illumina/2024_Both03_Warm04_O41_gut_S5_R1_001_val_1.fq.gz
  Output R2: /scratch4/workspace/jade_fiorilla_student_uml_edu-rawseqorcc/trim-galore-illumina/2024_Both03_Warm04_O41_gut_S5_R2_001_val_2.fq.gz

=== Summary (Read 1) ===

Total reads processed:               914117
Reads with adapters:                   8427 (0.9%)

=== Summary (Read 2) ===

Total reads processed:               914117
Reads with adapters:                  67038 (7.3%)
R1 reads with poly-G trimmed:          2248 (0.2%)
  R1 poly-G bases removed:            81540
R2 reads with poly-G trimmed:           295 (0.0%)
  R2 poly-G bases removed:            61964

=== Paired-end validation ===

Pairs analyzed:                      914117
Pairs removed:                         2594 (0.3%)
Unpaired R1 kept:                      2472
Unpaired R2 kept:                        62
Report: /scratch4/workspace/jade_fiorilla_student_uml_edu-rawseqorcc/trim-galore-illumina/2024_Both03_Warm04_O41_gut_S5_R1_001.fastq.gz_trimming_report.txt
JSON report: /scratch4/workspace/jade_fiorilla_student_uml_edu-rawseqorcc/trim-galore-illumina/2024_Both03_Warm04_O41_gut_S5_R1_001.fastq.gz_trimming_report.json
Report: /scratch4/workspace/jade_fiorilla_student_uml_edu-rawseqorcc/trim-galore-illumina/2024_Both03_Warm04_O41_gut_S5_R2_001.fastq.gz_trimming_report.txt
JSON report: /scratch4/workspace/jade_fiorilla_student_uml_edu-rawseqorcc/trim-galore-illumina/2024_Both03_Warm04_O41_gut_S5_R2_001.fastq.gz_trimming_report.json

Running FastQC on /scratch4/workspace/jade_fiorilla_student_uml_edu-rawseqorcc/trim-galore-illumina/2024_Both03_Warm04_O41_gut_S5_R1_001_val_1.fq.gz

Running FastQC on /scratch4/workspace/jade_fiorilla_student_uml_edu-rawseqorcc/trim-galore-illumina/2024_Both03_Warm04_O41_gut_S5_R2_001_val_2.fq.gz
Running Trim Galore on: 2024_Both04_Both02_O19_gill_S139

Trim Galore v2.3.0
unknown — linux/x86_64 — built 2026-06-27T16:23:35Z
==================================================

Using 6 worker threads (parallel trim + compress)
Adapter: Illumina (AGATCGGAAGAGC)

Scanning for poly-G content...
Poly-G trimming: ENABLED (auto-detected). 299845 of 1000000 reads (29.98%) have poly-G tails (>=10bp) — consistent with 2-colour chemistry (NovaSeq/NextSeq). To disable: --no_poly_g
Trimming (paired-end):
  R1: /scratch4/workspace/jade_fiorilla_student_uml_edu-rawseqorcc/fastq/2024_Both04_Both02_O19_gill_S139_R1_001.fastq.gz
  R2: /scratch4/workspace/jade_fiorilla_student_uml_edu-rawseqorcc/fastq/2024_Both04_Both02_O19_gill_S139_R2_001.fastq.gz
  Output R1: /scratch4/workspace/jade_fiorilla_student_uml_edu-rawseqorcc/trim-galore-illumina/2024_Both04_Both02_O19_gill_S139_R1_001_val_1.fq.gz
  Output R2: /scratch4/workspace/jade_fiorilla_student_uml_edu-rawseqorcc/trim-galore-illumina/2024_Both04_Both02_O19_gill_S139_R2_001_val_2.fq.gz

=== Summary (Read 1) ===

Total reads processed:              1574921
Reads with adapters:                  15131 (1.0%)

=== Summary (Read 2) ===

Total reads processed:              1574921
Reads with adapters:                 506210 (32.1%)
R1 reads with poly-G trimmed:         39555 (2.5%)
  R1 poly-G bases removed:           638454
R2 reads with poly-G trimmed:          1414 (0.1%)
  R2 poly-G bases removed:           227085

=== Paired-end validation ===

Pairs analyzed:                     1574921
Pairs removed:                         3114 (0.2%)
Unpaired R1 kept:                      2746
Unpaired R2 kept:                       178
Report: /scratch4/workspace/jade_fiorilla_student_uml_edu-rawseqorcc/trim-galore-illumina/2024_Both04_Both02_O19_gill_S139_R1_001.fastq.gz_trimming_report.txt
JSON report: /scratch4/workspace/jade_fiorilla_student_uml_edu-rawseqorcc/trim-galore-illumina/2024_Both04_Both02_O19_gill_S139_R1_001.fastq.gz_trimming_report.json
Report: /scratch4/workspace/jade_fiorilla_student_uml_edu-rawseqorcc/trim-galore-illumina/2024_Both04_Both02_O19_gill_S139_R2_001.fastq.gz_trimming_report.txt
JSON report: /scratch4/workspace/jade_fiorilla_student_uml_edu-rawseqorcc/trim-galore-illumina/2024_Both04_Both02_O19_gill_S139_R2_001.fastq.gz_trimming_report.json

Running FastQC on /scratch4/workspace/jade_fiorilla_student_uml_edu-rawseqorcc/trim-galore-illumina/2024_Both04_Both02_O19_gill_S139_R1_001_val_1.fq.gz

Running FastQC on /scratch4/workspace/jade_fiorilla_student_uml_edu-rawseqorcc/trim-galore-illumina/2024_Both04_Both02_O19_gill_S139_R2_001_val_2.fq.gz
Running Trim Galore on: 2024_Both04_Both02_O19_gut_S35

Trim Galore v2.3.0
unknown — linux/x86_64 — built 2026-06-27T16:23:35Z
==================================================

Using 6 worker threads (parallel trim + compress)
Adapter: Illumina (AGATCGGAAGAGC)

Scanning for poly-G content...
Poly-G trimming: ENABLED (auto-detected). 519636 of 685555 reads (75.80%) have poly-G tails (>=10bp) — consistent with 2-colour chemistry (NovaSeq/NextSeq). To disable: --no_poly_g
Trimming (paired-end):
  R1: /scratch4/workspace/jade_fiorilla_student_uml_edu-rawseqorcc/fastq/2024_Both04_Both02_O19_gut_S35_R1_001.fastq.gz
  R2: /scratch4/workspace/jade_fiorilla_student_uml_edu-rawseqorcc/fastq/2024_Both04_Both02_O19_gut_S35_R2_001.fastq.gz
  Output R1: /scratch4/workspace/jade_fiorilla_student_uml_edu-rawseqorcc/trim-galore-illumina/2024_Both04_Both02_O19_gut_S35_R1_001_val_1.fq.gz
  Output R2: /scratch4/workspace/jade_fiorilla_student_uml_edu-rawseqorcc/trim-galore-illumina/2024_Both04_Both02_O19_gut_S35_R2_001_val_2.fq.gz

=== Summary (Read 1) ===

Total reads processed:               685555
Reads with adapters:                  77293 (11.3%)

=== Summary (Read 2) ===

Total reads processed:               685555
Reads with adapters:                 527878 (77.0%)
R1 reads with poly-G trimmed:          7052 (1.0%)
  R1 poly-G bases removed:           736817
R2 reads with poly-G trimmed:          1273 (0.2%)
  R2 poly-G bases removed:           229603

=== Paired-end validation ===

Pairs analyzed:                      685555
Pairs removed:                         1767 (0.3%)
Unpaired R1 kept:                      1588
Unpaired R2 kept:                        37
Report: /scratch4/workspace/jade_fiorilla_student_uml_edu-rawseqorcc/trim-galore-illumina/2024_Both04_Both02_O19_gut_S35_R1_001.fastq.gz_trimming_report.txt
JSON report: /scratch4/workspace/jade_fiorilla_student_uml_edu-rawseqorcc/trim-galore-illumina/2024_Both04_Both02_O19_gut_S35_R1_001.fastq.gz_trimming_report.json
Report: /scratch4/workspace/jade_fiorilla_student_uml_edu-rawseqorcc/trim-galore-illumina/2024_Both04_Both02_O19_gut_S35_R2_001.fastq.gz_trimming_report.txt
JSON report: /scratch4/workspace/jade_fiorilla_student_uml_edu-rawseqorcc/trim-galore-illumina/2024_Both04_Both02_O19_gut_S35_R2_001.fastq.gz_trimming_report.json

Running FastQC on /scratch4/workspace/jade_fiorilla_student_uml_edu-rawseqorcc/trim-galore-illumina/2024_Both04_Both02_O19_gut_S35_R1_001_val_1.fq.gz

Running FastQC on /scratch4/workspace/jade_fiorilla_student_uml_edu-rawseqorcc/trim-galore-illumina/2024_Both04_Both02_O19_gut_S35_R2_001_val_2.fq.gz
Running Trim Galore on: 2024_Both04_Both03_O32_gill_S140

Trim Galore v2.3.0
unknown — linux/x86_64 — built 2026-06-27T16:23:35Z
==================================================

Using 6 worker threads (parallel trim + compress)
Adapter: Illumina (AGATCGGAAGAGC)

Scanning for poly-G content...
Poly-G trimming: ENABLED (auto-detected). 466844 of 1000000 reads (46.68%) have poly-G tails (>=10bp) — consistent with 2-colour chemistry (NovaSeq/NextSeq). To disable: --no_poly_g
Trimming (paired-end):
  R1: /scratch4/workspace/jade_fiorilla_student_uml_edu-rawseqorcc/fastq/2024_Both04_Both03_O32_gill_S140_R1_001.fastq.gz
  R2: /scratch4/workspace/jade_fiorilla_student_uml_edu-rawseqorcc/fastq/2024_Both04_Both03_O32_gill_S140_R2_001.fastq.gz
  Output R1: /scratch4/workspace/jade_fiorilla_student_uml_edu-rawseqorcc/trim-galore-illumina/2024_Both04_Both03_O32_gill_S140_R1_001_val_1.fq.gz
  Output R2: /scratch4/workspace/jade_fiorilla_student_uml_edu-rawseqorcc/trim-galore-illumina/2024_Both04_Both03_O32_gill_S140_R2_001_val_2.fq.gz

=== Summary (Read 1) ===

Total reads processed:              1930002
Reads with adapters:                  19485 (1.0%)

=== Summary (Read 2) ===

Total reads processed:              1930002
Reads with adapters:                 953367 (49.4%)
R1 reads with poly-G trimmed:         90338 (4.7%)
  R1 poly-G bases removed:          1371447
R2 reads with poly-G trimmed:          2394 (0.1%)
  R2 poly-G bases removed:           415393

=== Paired-end validation ===

Pairs analyzed:                     1930002
Pairs removed:                         3735 (0.2%)
Unpaired R1 kept:                      3284
Unpaired R2 kept:                       189
Report: /scratch4/workspace/jade_fiorilla_student_uml_edu-rawseqorcc/trim-galore-illumina/2024_Both04_Both03_O32_gill_S140_R1_001.fastq.gz_trimming_report.txt
JSON report: /scratch4/workspace/jade_fiorilla_student_uml_edu-rawseqorcc/trim-galore-illumina/2024_Both04_Both03_O32_gill_S140_R1_001.fastq.gz_trimming_report.json
Report: /scratch4/workspace/jade_fiorilla_student_uml_edu-rawseqorcc/trim-galore-illumina/2024_Both04_Both03_O32_gill_S140_R2_001.fastq.gz_trimming_report.txt
JSON report: /scratch4/workspace/jade_fiorilla_student_uml_edu-rawseqorcc/trim-galore-illumina/2024_Both04_Both03_O32_gill_S140_R2_001.fastq.gz_trimming_report.json

Running FastQC on /scratch4/workspace/jade_fiorilla_student_uml_edu-rawseqorcc/trim-galore-illumina/2024_Both04_Both03_O32_gill_S140_R1_001_val_1.fq.gz

Running FastQC on /scratch4/workspace/jade_fiorilla_student_uml_edu-rawseqorcc/trim-galore-illumina/2024_Both04_Both03_O32_gill_S140_R2_001_val_2.fq.gz
Running Trim Galore on: 2024_Both04_Both03_O32_gut_S141

Trim Galore v2.3.0
unknown — linux/x86_64 — built 2026-06-27T16:23:35Z
==================================================

Using 6 worker threads (parallel trim + compress)
Adapter: Illumina (AGATCGGAAGAGC)

Scanning for poly-G content...
Poly-G trimming: ENABLED (auto-detected). 171840 of 1000000 reads (17.18%) have poly-G tails (>=10bp) — consistent with 2-colour chemistry (NovaSeq/NextSeq). To disable: --no_poly_g
Trimming (paired-end):
  R1: /scratch4/workspace/jade_fiorilla_student_uml_edu-rawseqorcc/fastq/2024_Both04_Both03_O32_gut_S141_R1_001.fastq.gz
  R2: /scratch4/workspace/jade_fiorilla_student_uml_edu-rawseqorcc/fastq/2024_Both04_Both03_O32_gut_S141_R2_001.fastq.gz
  Output R1: /scratch4/workspace/jade_fiorilla_student_uml_edu-rawseqorcc/trim-galore-illumina/2024_Both04_Both03_O32_gut_S141_R1_001_val_1.fq.gz
  Output R2: /scratch4/workspace/jade_fiorilla_student_uml_edu-rawseqorcc/trim-galore-illumina/2024_Both04_Both03_O32_gut_S141_R2_001_val_2.fq.gz

=== Summary (Read 1) ===

Total reads processed:              1163391
Reads with adapters:                   8049 (0.7%)

=== Summary (Read 2) ===

Total reads processed:              1163391
Reads with adapters:                 209752 (18.0%)
R1 reads with poly-G trimmed:         18884 (1.6%)
  R1 poly-G bases removed:           327411
R2 reads with poly-G trimmed:           554 (0.0%)
  R2 poly-G bases removed:            99676

=== Paired-end validation ===

Pairs analyzed:                     1163391
Pairs removed:                         2442 (0.2%)
Unpaired R1 kept:                      2161
Unpaired R2 kept:                       137
Report: /scratch4/workspace/jade_fiorilla_student_uml_edu-rawseqorcc/trim-galore-illumina/2024_Both04_Both03_O32_gut_S141_R1_001.fastq.gz_trimming_report.txt
JSON report: /scratch4/workspace/jade_fiorilla_student_uml_edu-rawseqorcc/trim-galore-illumina/2024_Both04_Both03_O32_gut_S141_R1_001.fastq.gz_trimming_report.json
Report: /scratch4/workspace/jade_fiorilla_student_uml_edu-rawseqorcc/trim-galore-illumina/2024_Both04_Both03_O32_gut_S141_R2_001.fastq.gz_trimming_report.txt
JSON report: /scratch4/workspace/jade_fiorilla_student_uml_edu-rawseqorcc/trim-galore-illumina/2024_Both04_Both03_O32_gut_S141_R2_001.fastq.gz_trimming_report.json

Running FastQC on /scratch4/workspace/jade_fiorilla_student_uml_edu-rawseqorcc/trim-galore-illumina/2024_Both04_Both03_O32_gut_S141_R1_001_val_1.fq.gz

Running FastQC on /scratch4/workspace/jade_fiorilla_student_uml_edu-rawseqorcc/trim-galore-illumina/2024_Both04_Both03_O32_gut_S141_R2_001_val_2.fq.gz
Running Trim Galore on: 2024_Both04_Cont05_O56_gill_S245

Trim Galore v2.3.0
unknown — linux/x86_64 — built 2026-06-27T16:23:35Z
==================================================

Using 6 worker threads (parallel trim + compress)
Adapter: Illumina (AGATCGGAAGAGC)

Scanning for poly-G content...
Poly-G trimming: ENABLED (auto-detected). 36066 of 595703 reads (6.05%) have poly-G tails (>=10bp) — consistent with 2-colour chemistry (NovaSeq/NextSeq). To disable: --no_poly_g
Trimming (paired-end):
  R1: /scratch4/workspace/jade_fiorilla_student_uml_edu-rawseqorcc/fastq/2024_Both04_Cont05_O56_gill_S245_R1_001.fastq.gz
  R2: /scratch4/workspace/jade_fiorilla_student_uml_edu-rawseqorcc/fastq/2024_Both04_Cont05_O56_gill_S245_R2_001.fastq.gz
  Output R1: /scratch4/workspace/jade_fiorilla_student_uml_edu-rawseqorcc/trim-galore-illumina/2024_Both04_Cont05_O56_gill_S245_R1_001_val_1.fq.gz
  Output R2: /scratch4/workspace/jade_fiorilla_student_uml_edu-rawseqorcc/trim-galore-illumina/2024_Both04_Cont05_O56_gill_S245_R2_001_val_2.fq.gz

=== Summary (Read 1) ===

Total reads processed:               595703
Reads with adapters:                   9144 (1.5%)

=== Summary (Read 2) ===

Total reads processed:               595703
Reads with adapters:                  44548 (7.5%)
R1 reads with poly-G trimmed:           455 (0.1%)
  R1 poly-G bases removed:            28148
R2 reads with poly-G trimmed:           203 (0.0%)
  R2 poly-G bases removed:            34555

=== Paired-end validation ===

Pairs analyzed:                      595703
Pairs removed:                         1746 (0.3%)
Unpaired R1 kept:                      1665
Unpaired R2 kept:                        50
Report: /scratch4/workspace/jade_fiorilla_student_uml_edu-rawseqorcc/trim-galore-illumina/2024_Both04_Cont05_O56_gill_S245_R1_001.fastq.gz_trimming_report.txt
JSON report: /scratch4/workspace/jade_fiorilla_student_uml_edu-rawseqorcc/trim-galore-illumina/2024_Both04_Cont05_O56_gill_S245_R1_001.fastq.gz_trimming_report.json
Report: /scratch4/workspace/jade_fiorilla_student_uml_edu-rawseqorcc/trim-galore-illumina/2024_Both04_Cont05_O56_gill_S245_R2_001.fastq.gz_trimming_report.txt
JSON report: /scratch4/workspace/jade_fiorilla_student_uml_edu-rawseqorcc/trim-galore-illumina/2024_Both04_Cont05_O56_gill_S245_R2_001.fastq.gz_trimming_report.json

Running FastQC on /scratch4/workspace/jade_fiorilla_student_uml_edu-rawseqorcc/trim-galore-illumina/2024_Both04_Cont05_O56_gill_S245_R1_001_val_1.fq.gz

Running FastQC on /scratch4/workspace/jade_fiorilla_student_uml_edu-rawseqorcc/trim-galore-illumina/2024_Both04_Cont05_O56_gill_S245_R2_001_val_2.fq.gz
Running Trim Galore on: 2024_Both04_Cont05_O56_gut_S76

Trim Galore v2.3.0
unknown — linux/x86_64 — built 2026-06-27T16:23:35Z
==================================================

Using 6 worker threads (parallel trim + compress)
Adapter: Illumina (AGATCGGAAGAGC)

Scanning for poly-G content...
Poly-G trimming: ENABLED (auto-detected). 97499 of 1000000 reads (9.75%) have poly-G tails (>=10bp) — consistent with 2-colour chemistry (NovaSeq/NextSeq). To disable: --no_poly_g
Trimming (paired-end):
  R1: /scratch4/workspace/jade_fiorilla_student_uml_edu-rawseqorcc/fastq/2024_Both04_Cont05_O56_gut_S76_R1_001.fastq.gz
  R2: /scratch4/workspace/jade_fiorilla_student_uml_edu-rawseqorcc/fastq/2024_Both04_Cont05_O56_gut_S76_R2_001.fastq.gz
  Output R1: /scratch4/workspace/jade_fiorilla_student_uml_edu-rawseqorcc/trim-galore-illumina/2024_Both04_Cont05_O56_gut_S76_R1_001_val_1.fq.gz
  Output R2: /scratch4/workspace/jade_fiorilla_student_uml_edu-rawseqorcc/trim-galore-illumina/2024_Both04_Cont05_O56_gut_S76_R2_001_val_2.fq.gz

=== Summary (Read 1) ===

Total reads processed:              1021916
Reads with adapters:                  10799 (1.1%)

=== Summary (Read 2) ===

Total reads processed:              1021916
Reads with adapters:                 111350 (10.9%)
R1 reads with poly-G trimmed:          1233 (0.1%)
  R1 poly-G bases removed:            81373
R2 reads with poly-G trimmed:           419 (0.0%)
  R2 poly-G bases removed:            68459

=== Paired-end validation ===

Pairs analyzed:                     1021916
Pairs removed:                         2948 (0.3%)
Unpaired R1 kept:                      2685
Unpaired R2 kept:                       122
Report: /scratch4/workspace/jade_fiorilla_student_uml_edu-rawseqorcc/trim-galore-illumina/2024_Both04_Cont05_O56_gut_S76_R1_001.fastq.gz_trimming_report.txt
JSON report: /scratch4/workspace/jade_fiorilla_student_uml_edu-rawseqorcc/trim-galore-illumina/2024_Both04_Cont05_O56_gut_S76_R1_001.fastq.gz_trimming_report.json
Report: /scratch4/workspace/jade_fiorilla_student_uml_edu-rawseqorcc/trim-galore-illumina/2024_Both04_Cont05_O56_gut_S76_R2_001.fastq.gz_trimming_report.txt
JSON report: /scratch4/workspace/jade_fiorilla_student_uml_edu-rawseqorcc/trim-galore-illumina/2024_Both04_Cont05_O56_gut_S76_R2_001.fastq.gz_trimming_report.json

Running FastQC on /scratch4/workspace/jade_fiorilla_student_uml_edu-rawseqorcc/trim-galore-illumina/2024_Both04_Cont05_O56_gut_S76_R1_001_val_1.fq.gz

Running FastQC on /scratch4/workspace/jade_fiorilla_student_uml_edu-rawseqorcc/trim-galore-illumina/2024_Both04_Cont05_O56_gut_S76_R2_001_val_2.fq.gz
Running Trim Galore on: 2024_Both04_Hyp01_O7_gill_S213

Trim Galore v2.3.0
unknown — linux/x86_64 — built 2026-06-27T16:23:35Z
==================================================

Using 6 worker threads (parallel trim + compress)
Adapter: Illumina (AGATCGGAAGAGC)

Scanning for poly-G content...
Poly-G trimming: ENABLED (auto-detected). 1687 of 1000000 reads (0.17%) have poly-G tails (>=10bp) — consistent with 2-colour chemistry (NovaSeq/NextSeq). To disable: --no_poly_g
Trimming (paired-end):
  R1: /scratch4/workspace/jade_fiorilla_student_uml_edu-rawseqorcc/fastq/2024_Both04_Hyp01_O7_gill_S213_R1_001.fastq.gz
  R2: /scratch4/workspace/jade_fiorilla_student_uml_edu-rawseqorcc/fastq/2024_Both04_Hyp01_O7_gill_S213_R2_001.fastq.gz
  Output R1: /scratch4/workspace/jade_fiorilla_student_uml_edu-rawseqorcc/trim-galore-illumina/2024_Both04_Hyp01_O7_gill_S213_R1_001_val_1.fq.gz
  Output R2: /scratch4/workspace/jade_fiorilla_student_uml_edu-rawseqorcc/trim-galore-illumina/2024_Both04_Hyp01_O7_gill_S213_R2_001_val_2.fq.gz

=== Summary (Read 1) ===

Total reads processed:              1918775
Reads with adapters:                  23326 (1.2%)

=== Summary (Read 2) ===

Total reads processed:              1918775
Reads with adapters:                  20563 (1.1%)
R1 reads with poly-G trimmed:            92 (0.0%)
  R1 poly-G bases removed:             4467
R2 reads with poly-G trimmed:           121 (0.0%)
  R2 poly-G bases removed:            19562

=== Paired-end validation ===

Pairs analyzed:                     1918775
Pairs removed:                         2591 (0.1%)
Unpaired R1 kept:                      2360
Unpaired R2 kept:                       106
Report: /scratch4/workspace/jade_fiorilla_student_uml_edu-rawseqorcc/trim-galore-illumina/2024_Both04_Hyp01_O7_gill_S213_R1_001.fastq.gz_trimming_report.txt
JSON report: /scratch4/workspace/jade_fiorilla_student_uml_edu-rawseqorcc/trim-galore-illumina/2024_Both04_Hyp01_O7_gill_S213_R1_001.fastq.gz_trimming_report.json
Report: /scratch4/workspace/jade_fiorilla_student_uml_edu-rawseqorcc/trim-galore-illumina/2024_Both04_Hyp01_O7_gill_S213_R2_001.fastq.gz_trimming_report.txt
JSON report: /scratch4/workspace/jade_fiorilla_student_uml_edu-rawseqorcc/trim-galore-illumina/2024_Both04_Hyp01_O7_gill_S213_R2_001.fastq.gz_trimming_report.json

Running FastQC on /scratch4/workspace/jade_fiorilla_student_uml_edu-rawseqorcc/trim-galore-illumina/2024_Both04_Hyp01_O7_gill_S213_R1_001_val_1.fq.gz

Running FastQC on /scratch4/workspace/jade_fiorilla_student_uml_edu-rawseqorcc/trim-galore-illumina/2024_Both04_Hyp01_O7_gill_S213_R2_001_val_2.fq.gz
Running Trim Galore on: 2024_Both04_Hyp01_O7_gut_S30

Trim Galore v2.3.0
unknown — linux/x86_64 — built 2026-06-27T16:23:35Z
==================================================

Using 6 worker threads (parallel trim + compress)
Adapter: Illumina (AGATCGGAAGAGC)

Scanning for poly-G content...
Poly-G trimming: ENABLED (auto-detected). 475827 of 913657 reads (52.08%) have poly-G tails (>=10bp) — consistent with 2-colour chemistry (NovaSeq/NextSeq). To disable: --no_poly_g
Trimming (paired-end):
  R1: /scratch4/workspace/jade_fiorilla_student_uml_edu-rawseqorcc/fastq/2024_Both04_Hyp01_O7_gut_S30_R1_001.fastq.gz
  R2: /scratch4/workspace/jade_fiorilla_student_uml_edu-rawseqorcc/fastq/2024_Both04_Hyp01_O7_gut_S30_R2_001.fastq.gz
  Output R1: /scratch4/workspace/jade_fiorilla_student_uml_edu-rawseqorcc/trim-galore-illumina/2024_Both04_Hyp01_O7_gut_S30_R1_001_val_1.fq.gz
  Output R2: /scratch4/workspace/jade_fiorilla_student_uml_edu-rawseqorcc/trim-galore-illumina/2024_Both04_Hyp01_O7_gut_S30_R2_001_val_2.fq.gz

=== Summary (Read 1) ===

Total reads processed:               913657
Reads with adapters:                 147957 (16.2%)

=== Summary (Read 2) ===

Total reads processed:               913657
Reads with adapters:                 479589 (52.5%)
R1 reads with poly-G trimmed:          2837 (0.3%)
  R1 poly-G bases removed:           473459
R2 reads with poly-G trimmed:          1225 (0.1%)
  R2 poly-G bases removed:           216029

=== Paired-end validation ===

Pairs analyzed:                      913657
Pairs removed:                         1942 (0.2%)
Unpaired R1 kept:                      1599
Unpaired R2 kept:                       129
Report: /scratch4/workspace/jade_fiorilla_student_uml_edu-rawseqorcc/trim-galore-illumina/2024_Both04_Hyp01_O7_gut_S30_R1_001.fastq.gz_trimming_report.txt
JSON report: /scratch4/workspace/jade_fiorilla_student_uml_edu-rawseqorcc/trim-galore-illumina/2024_Both04_Hyp01_O7_gut_S30_R1_001.fastq.gz_trimming_report.json
Report: /scratch4/workspace/jade_fiorilla_student_uml_edu-rawseqorcc/trim-galore-illumina/2024_Both04_Hyp01_O7_gut_S30_R2_001.fastq.gz_trimming_report.txt
JSON report: /scratch4/workspace/jade_fiorilla_student_uml_edu-rawseqorcc/trim-galore-illumina/2024_Both04_Hyp01_O7_gut_S30_R2_001.fastq.gz_trimming_report.json

Running FastQC on /scratch4/workspace/jade_fiorilla_student_uml_edu-rawseqorcc/trim-galore-illumina/2024_Both04_Hyp01_O7_gut_S30_R1_001_val_1.fq.gz

Running FastQC on /scratch4/workspace/jade_fiorilla_student_uml_edu-rawseqorcc/trim-galore-illumina/2024_Both04_Hyp01_O7_gut_S30_R2_001_val_2.fq.gz
Running Trim Galore on: 2024_Both04_Hyp05_O55_gill_S222

Trim Galore v2.3.0
unknown — linux/x86_64 — built 2026-06-27T16:23:35Z
==================================================

Using 6 worker threads (parallel trim + compress)
Adapter: Illumina (AGATCGGAAGAGC)

Scanning for poly-G content...
Poly-G trimming: ENABLED (auto-detected). 108527 of 958513 reads (11.32%) have poly-G tails (>=10bp) — consistent with 2-colour chemistry (NovaSeq/NextSeq). To disable: --no_poly_g
Trimming (paired-end):
  R1: /scratch4/workspace/jade_fiorilla_student_uml_edu-rawseqorcc/fastq/2024_Both04_Hyp05_O55_gill_S222_R1_001.fastq.gz
  R2: /scratch4/workspace/jade_fiorilla_student_uml_edu-rawseqorcc/fastq/2024_Both04_Hyp05_O55_gill_S222_R2_001.fastq.gz
  Output R1: /scratch4/workspace/jade_fiorilla_student_uml_edu-rawseqorcc/trim-galore-illumina/2024_Both04_Hyp05_O55_gill_S222_R1_001_val_1.fq.gz
  Output R2: /scratch4/workspace/jade_fiorilla_student_uml_edu-rawseqorcc/trim-galore-illumina/2024_Both04_Hyp05_O55_gill_S222_R2_001_val_2.fq.gz

=== Summary (Read 1) ===

Total reads processed:               958513
Reads with adapters:                  37272 (3.9%)

=== Summary (Read 2) ===

Total reads processed:               958513
Reads with adapters:                 116619 (12.2%)
R1 reads with poly-G trimmed:          1502 (0.2%)
  R1 poly-G bases removed:            91806
R2 reads with poly-G trimmed:           386 (0.0%)
  R2 poly-G bases removed:            67158

=== Paired-end validation ===

Pairs analyzed:                      958513
Pairs removed:                         2028 (0.2%)
Unpaired R1 kept:                      1920
Unpaired R2 kept:                        70
Report: /scratch4/workspace/jade_fiorilla_student_uml_edu-rawseqorcc/trim-galore-illumina/2024_Both04_Hyp05_O55_gill_S222_R1_001.fastq.gz_trimming_report.txt
JSON report: /scratch4/workspace/jade_fiorilla_student_uml_edu-rawseqorcc/trim-galore-illumina/2024_Both04_Hyp05_O55_gill_S222_R1_001.fastq.gz_trimming_report.json
Report: /scratch4/workspace/jade_fiorilla_student_uml_edu-rawseqorcc/trim-galore-illumina/2024_Both04_Hyp05_O55_gill_S222_R2_001.fastq.gz_trimming_report.txt
JSON report: /scratch4/workspace/jade_fiorilla_student_uml_edu-rawseqorcc/trim-galore-illumina/2024_Both04_Hyp05_O55_gill_S222_R2_001.fastq.gz_trimming_report.json

Running FastQC on /scratch4/workspace/jade_fiorilla_student_uml_edu-rawseqorcc/trim-galore-illumina/2024_Both04_Hyp05_O55_gill_S222_R1_001_val_1.fq.gz

Running FastQC on /scratch4/workspace/jade_fiorilla_student_uml_edu-rawseqorcc/trim-galore-illumina/2024_Both04_Hyp05_O55_gill_S222_R2_001_val_2.fq.gz
Running Trim Galore on: 2024_Both04_Hyp05_O55_gut_S223

Trim Galore v2.3.0
unknown — linux/x86_64 — built 2026-06-27T16:23:35Z
==================================================

Using 6 worker threads (parallel trim + compress)
Adapter: Illumina (AGATCGGAAGAGC)

Scanning for poly-G content...
Poly-G trimming: ENABLED (auto-detected). 22730 of 815369 reads (2.79%) have poly-G tails (>=10bp) — consistent with 2-colour chemistry (NovaSeq/NextSeq). To disable: --no_poly_g
Trimming (paired-end):
  R1: /scratch4/workspace/jade_fiorilla_student_uml_edu-rawseqorcc/fastq/2024_Both04_Hyp05_O55_gut_S223_R1_001.fastq.gz
  R2: /scratch4/workspace/jade_fiorilla_student_uml_edu-rawseqorcc/fastq/2024_Both04_Hyp05_O55_gut_S223_R2_001.fastq.gz
  Output R1: /scratch4/workspace/jade_fiorilla_student_uml_edu-rawseqorcc/trim-galore-illumina/2024_Both04_Hyp05_O55_gut_S223_R1_001_val_1.fq.gz
  Output R2: /scratch4/workspace/jade_fiorilla_student_uml_edu-rawseqorcc/trim-galore-illumina/2024_Both04_Hyp05_O55_gut_S223_R2_001_val_2.fq.gz

=== Summary (Read 1) ===

Total reads processed:               815369
Reads with adapters:                   8850 (1.1%)

=== Summary (Read 2) ===

Total reads processed:               815369
Reads with adapters:                  25244 (3.1%)
R1 reads with poly-G trimmed:           257 (0.0%)
  R1 poly-G bases removed:            29207
R2 reads with poly-G trimmed:           142 (0.0%)
  R2 poly-G bases removed:            27903

=== Paired-end validation ===

Pairs analyzed:                      815369
Pairs removed:                         1894 (0.2%)
Unpaired R1 kept:                      1781
Unpaired R2 kept:                        62
Report: /scratch4/workspace/jade_fiorilla_student_uml_edu-rawseqorcc/trim-galore-illumina/2024_Both04_Hyp05_O55_gut_S223_R1_001.fastq.gz_trimming_report.txt
JSON report: /scratch4/workspace/jade_fiorilla_student_uml_edu-rawseqorcc/trim-galore-illumina/2024_Both04_Hyp05_O55_gut_S223_R1_001.fastq.gz_trimming_report.json
Report: /scratch4/workspace/jade_fiorilla_student_uml_edu-rawseqorcc/trim-galore-illumina/2024_Both04_Hyp05_O55_gut_S223_R2_001.fastq.gz_trimming_report.txt
JSON report: /scratch4/workspace/jade_fiorilla_student_uml_edu-rawseqorcc/trim-galore-illumina/2024_Both04_Hyp05_O55_gut_S223_R2_001.fastq.gz_trimming_report.json

Running FastQC on /scratch4/workspace/jade_fiorilla_student_uml_edu-rawseqorcc/trim-galore-illumina/2024_Both04_Hyp05_O55_gut_S223_R1_001_val_1.fq.gz

Running FastQC on /scratch4/workspace/jade_fiorilla_student_uml_edu-rawseqorcc/trim-galore-illumina/2024_Both04_Hyp05_O55_gut_S223_R2_001_val_2.fq.gz
Running Trim Galore on: 2024_Both04_Null_O32_gill_S237

Trim Galore v2.3.0
unknown — linux/x86_64 — built 2026-06-27T16:23:35Z
==================================================

Using 6 worker threads (parallel trim + compress)
Adapter: Illumina (AGATCGGAAGAGC)

Scanning for poly-G content...
Poly-G trimming: ENABLED (auto-detected). 545 of 2478 reads (21.99%) have poly-G tails (>=10bp) — consistent with 2-colour chemistry (NovaSeq/NextSeq). To disable: --no_poly_g
Trimming (paired-end):
  R1: /scratch4/workspace/jade_fiorilla_student_uml_edu-rawseqorcc/fastq/2024_Both04_Null_O32_gill_S237_R1_001.fastq.gz
  R2: /scratch4/workspace/jade_fiorilla_student_uml_edu-rawseqorcc/fastq/2024_Both04_Null_O32_gill_S237_R2_001.fastq.gz
  Output R1: /scratch4/workspace/jade_fiorilla_student_uml_edu-rawseqorcc/trim-galore-illumina/2024_Both04_Null_O32_gill_S237_R1_001_val_1.fq.gz
  Output R2: /scratch4/workspace/jade_fiorilla_student_uml_edu-rawseqorcc/trim-galore-illumina/2024_Both04_Null_O32_gill_S237_R2_001_val_2.fq.gz

=== Summary (Read 1) ===

Total reads processed:                 2478
Reads with adapters:                    177 (7.1%)

=== Summary (Read 2) ===

Total reads processed:                 2478
Reads with adapters:                    611 (24.7%)
R1 reads with poly-G trimmed:             4 (0.2%)
  R1 poly-G bases removed:              812
R2 reads with poly-G trimmed:             3 (0.1%)
  R2 poly-G bases removed:              590

=== Paired-end validation ===

Pairs analyzed:                        2478
Pairs removed:                           14 (0.6%)
Unpaired R1 kept:                        12
Unpaired R2 kept:                         2
Report: /scratch4/workspace/jade_fiorilla_student_uml_edu-rawseqorcc/trim-galore-illumina/2024_Both04_Null_O32_gill_S237_R1_001.fastq.gz_trimming_report.txt
JSON report: /scratch4/workspace/jade_fiorilla_student_uml_edu-rawseqorcc/trim-galore-illumina/2024_Both04_Null_O32_gill_S237_R1_001.fastq.gz_trimming_report.json
Report: /scratch4/workspace/jade_fiorilla_student_uml_edu-rawseqorcc/trim-galore-illumina/2024_Both04_Null_O32_gill_S237_R2_001.fastq.gz_trimming_report.txt
JSON report: /scratch4/workspace/jade_fiorilla_student_uml_edu-rawseqorcc/trim-galore-illumina/2024_Both04_Null_O32_gill_S237_R2_001.fastq.gz_trimming_report.json

Running FastQC on /scratch4/workspace/jade_fiorilla_student_uml_edu-rawseqorcc/trim-galore-illumina/2024_Both04_Null_O32_gill_S237_R1_001_val_1.fq.gz

Running FastQC on /scratch4/workspace/jade_fiorilla_student_uml_edu-rawseqorcc/trim-galore-illumina/2024_Both04_Null_O32_gill_S237_R2_001_val_2.fq.gz
Running Trim Galore on: 2024_Both04_Null_O32_gut_S72

Trim Galore v2.3.0
unknown — linux/x86_64 — built 2026-06-27T16:23:35Z
==================================================

Using 6 worker threads (parallel trim + compress)
Adapter: Illumina (AGATCGGAAGAGC)

Scanning for poly-G content...
Poly-G trimming: ENABLED (auto-detected). 140358 of 911298 reads (15.40%) have poly-G tails (>=10bp) — consistent with 2-colour chemistry (NovaSeq/NextSeq). To disable: --no_poly_g
Trimming (paired-end):
  R1: /scratch4/workspace/jade_fiorilla_student_uml_edu-rawseqorcc/fastq/2024_Both04_Null_O32_gut_S72_R1_001.fastq.gz
  R2: /scratch4/workspace/jade_fiorilla_student_uml_edu-rawseqorcc/fastq/2024_Both04_Null_O32_gut_S72_R2_001.fastq.gz
  Output R1: /scratch4/workspace/jade_fiorilla_student_uml_edu-rawseqorcc/trim-galore-illumina/2024_Both04_Null_O32_gut_S72_R1_001_val_1.fq.gz
  Output R2: /scratch4/workspace/jade_fiorilla_student_uml_edu-rawseqorcc/trim-galore-illumina/2024_Both04_Null_O32_gut_S72_R2_001_val_2.fq.gz

=== Summary (Read 1) ===

Total reads processed:               911298
Reads with adapters:                  27033 (3.0%)

=== Summary (Read 2) ===

Total reads processed:               911298
Reads with adapters:                 145262 (15.9%)
R1 reads with poly-G trimmed:          4154 (0.5%)
  R1 poly-G bases removed:           159941
R2 reads with poly-G trimmed:           461 (0.1%)
  R2 poly-G bases removed:            80042

=== Paired-end validation ===

Pairs analyzed:                      911298
Pairs removed:                         1775 (0.2%)
Unpaired R1 kept:                      1546
Unpaired R2 kept:                       102
Report: /scratch4/workspace/jade_fiorilla_student_uml_edu-rawseqorcc/trim-galore-illumina/2024_Both04_Null_O32_gut_S72_R1_001.fastq.gz_trimming_report.txt
JSON report: /scratch4/workspace/jade_fiorilla_student_uml_edu-rawseqorcc/trim-galore-illumina/2024_Both04_Null_O32_gut_S72_R1_001.fastq.gz_trimming_report.json
Report: /scratch4/workspace/jade_fiorilla_student_uml_edu-rawseqorcc/trim-galore-illumina/2024_Both04_Null_O32_gut_S72_R2_001.fastq.gz_trimming_report.txt
JSON report: /scratch4/workspace/jade_fiorilla_student_uml_edu-rawseqorcc/trim-galore-illumina/2024_Both04_Null_O32_gut_S72_R2_001.fastq.gz_trimming_report.json

Running FastQC on /scratch4/workspace/jade_fiorilla_student_uml_edu-rawseqorcc/trim-galore-illumina/2024_Both04_Null_O32_gut_S72_R1_001_val_1.fq.gz

Running FastQC on /scratch4/workspace/jade_fiorilla_student_uml_edu-rawseqorcc/trim-galore-illumina/2024_Both04_Null_O32_gut_S72_R2_001_val_2.fq.gz
Running Trim Galore on: 2024_Both04_Warm02_O19_gill_S199

Trim Galore v2.3.0
unknown — linux/x86_64 — built 2026-06-27T16:23:35Z
==================================================

Using 6 worker threads (parallel trim + compress)
Adapter: Illumina (AGATCGGAAGAGC)

Scanning for poly-G content...
Poly-G trimming: ENABLED (auto-detected). 61644 of 255260 reads (24.15%) have poly-G tails (>=10bp) — consistent with 2-colour chemistry (NovaSeq/NextSeq). To disable: --no_poly_g
Trimming (paired-end):
  R1: /scratch4/workspace/jade_fiorilla_student_uml_edu-rawseqorcc/fastq/2024_Both04_Warm02_O19_gill_S199_R1_001.fastq.gz
  R2: /scratch4/workspace/jade_fiorilla_student_uml_edu-rawseqorcc/fastq/2024_Both04_Warm02_O19_gill_S199_R2_001.fastq.gz
  Output R1: /scratch4/workspace/jade_fiorilla_student_uml_edu-rawseqorcc/trim-galore-illumina/2024_Both04_Warm02_O19_gill_S199_R1_001_val_1.fq.gz
  Output R2: /scratch4/workspace/jade_fiorilla_student_uml_edu-rawseqorcc/trim-galore-illumina/2024_Both04_Warm02_O19_gill_S199_R2_001_val_2.fq.gz

=== Summary (Read 1) ===

Total reads processed:               255260
Reads with adapters:                   2253 (0.9%)

=== Summary (Read 2) ===

Total reads processed:               255260
Reads with adapters:                  65619 (25.7%)
R1 reads with poly-G trimmed:           818 (0.3%)
  R1 poly-G bases removed:            58026
R2 reads with poly-G trimmed:           172 (0.1%)
  R2 poly-G bases removed:            31351

=== Paired-end validation ===

Pairs analyzed:                      255260
Pairs removed:                         1136 (0.4%)
Unpaired R1 kept:                      1093
Unpaired R2 kept:                        27
Report: /scratch4/workspace/jade_fiorilla_student_uml_edu-rawseqorcc/trim-galore-illumina/2024_Both04_Warm02_O19_gill_S199_R1_001.fastq.gz_trimming_report.txt
JSON report: /scratch4/workspace/jade_fiorilla_student_uml_edu-rawseqorcc/trim-galore-illumina/2024_Both04_Warm02_O19_gill_S199_R1_001.fastq.gz_trimming_report.json
Report: /scratch4/workspace/jade_fiorilla_student_uml_edu-rawseqorcc/trim-galore-illumina/2024_Both04_Warm02_O19_gill_S199_R2_001.fastq.gz_trimming_report.txt
JSON report: /scratch4/workspace/jade_fiorilla_student_uml_edu-rawseqorcc/trim-galore-illumina/2024_Both04_Warm02_O19_gill_S199_R2_001.fastq.gz_trimming_report.json

Running FastQC on /scratch4/workspace/jade_fiorilla_student_uml_edu-rawseqorcc/trim-galore-illumina/2024_Both04_Warm02_O19_gill_S199_R1_001_val_1.fq.gz

Running FastQC on /scratch4/workspace/jade_fiorilla_student_uml_edu-rawseqorcc/trim-galore-illumina/2024_Both04_Warm02_O19_gill_S199_R2_001_val_2.fq.gz
Running Trim Galore on: 2024_Both04_Warm02_O19_gut_S6

Trim Galore v2.3.0
unknown — linux/x86_64 — built 2026-06-27T16:23:35Z
==================================================

Using 6 worker threads (parallel trim + compress)
Adapter: Illumina (AGATCGGAAGAGC)

Scanning for poly-G content...
Poly-G trimming: ENABLED (auto-detected). 122676 of 1000000 reads (12.27%) have poly-G tails (>=10bp) — consistent with 2-colour chemistry (NovaSeq/NextSeq). To disable: --no_poly_g
Trimming (paired-end):
  R1: /scratch4/workspace/jade_fiorilla_student_uml_edu-rawseqorcc/fastq/2024_Both04_Warm02_O19_gut_S6_R1_001.fastq.gz
  R2: /scratch4/workspace/jade_fiorilla_student_uml_edu-rawseqorcc/fastq/2024_Both04_Warm02_O19_gut_S6_R2_001.fastq.gz
  Output R1: /scratch4/workspace/jade_fiorilla_student_uml_edu-rawseqorcc/trim-galore-illumina/2024_Both04_Warm02_O19_gut_S6_R1_001_val_1.fq.gz
  Output R2: /scratch4/workspace/jade_fiorilla_student_uml_edu-rawseqorcc/trim-galore-illumina/2024_Both04_Warm02_O19_gut_S6_R2_001_val_2.fq.gz

=== Summary (Read 1) ===

Total reads processed:              1363963
Reads with adapters:                  12629 (0.9%)

=== Summary (Read 2) ===

Total reads processed:              1363963
Reads with adapters:                 174029 (12.8%)
R1 reads with poly-G trimmed:          6960 (0.5%)
  R1 poly-G bases removed:           207337
R2 reads with poly-G trimmed:           752 (0.1%)
  R2 poly-G bases removed:           122908

=== Paired-end validation ===

Pairs analyzed:                     1363963
Pairs removed:                         3652 (0.3%)
Unpaired R1 kept:                      3409
Unpaired R2 kept:                       133
Report: /scratch4/workspace/jade_fiorilla_student_uml_edu-rawseqorcc/trim-galore-illumina/2024_Both04_Warm02_O19_gut_S6_R1_001.fastq.gz_trimming_report.txt
JSON report: /scratch4/workspace/jade_fiorilla_student_uml_edu-rawseqorcc/trim-galore-illumina/2024_Both04_Warm02_O19_gut_S6_R1_001.fastq.gz_trimming_report.json
Report: /scratch4/workspace/jade_fiorilla_student_uml_edu-rawseqorcc/trim-galore-illumina/2024_Both04_Warm02_O19_gut_S6_R2_001.fastq.gz_trimming_report.txt
JSON report: /scratch4/workspace/jade_fiorilla_student_uml_edu-rawseqorcc/trim-galore-illumina/2024_Both04_Warm02_O19_gut_S6_R2_001.fastq.gz_trimming_report.json

Running FastQC on /scratch4/workspace/jade_fiorilla_student_uml_edu-rawseqorcc/trim-galore-illumina/2024_Both04_Warm02_O19_gut_S6_R1_001_val_1.fq.gz

Running FastQC on /scratch4/workspace/jade_fiorilla_student_uml_edu-rawseqorcc/trim-galore-illumina/2024_Both04_Warm02_O19_gut_S6_R2_001_val_2.fq.gz
Running Trim Galore on: 2024_Both04_Warm06_O67_gill_S200

Trim Galore v2.3.0
unknown — linux/x86_64 — built 2026-06-27T16:23:35Z
==================================================

Using 6 worker threads (parallel trim + compress)
Adapter: Illumina (AGATCGGAAGAGC)

Scanning for poly-G content...
Poly-G trimming: ENABLED (auto-detected). 160569 of 512818 reads (31.31%) have poly-G tails (>=10bp) — consistent with 2-colour chemistry (NovaSeq/NextSeq). To disable: --no_poly_g
Trimming (paired-end):
  R1: /scratch4/workspace/jade_fiorilla_student_uml_edu-rawseqorcc/fastq/2024_Both04_Warm06_O67_gill_S200_R1_001.fastq.gz
  R2: /scratch4/workspace/jade_fiorilla_student_uml_edu-rawseqorcc/fastq/2024_Both04_Warm06_O67_gill_S200_R2_001.fastq.gz
  Output R1: /scratch4/workspace/jade_fiorilla_student_uml_edu-rawseqorcc/trim-galore-illumina/2024_Both04_Warm06_O67_gill_S200_R1_001_val_1.fq.gz
  Output R2: /scratch4/workspace/jade_fiorilla_student_uml_edu-rawseqorcc/trim-galore-illumina/2024_Both04_Warm06_O67_gill_S200_R2_001_val_2.fq.gz

=== Summary (Read 1) ===

Total reads processed:               512818
Reads with adapters:                   8381 (1.6%)

=== Summary (Read 2) ===

Total reads processed:               512818
Reads with adapters:                 169625 (33.1%)
R1 reads with poly-G trimmed:          2142 (0.4%)
  R1 poly-G bases removed:           156966
R2 reads with poly-G trimmed:           433 (0.1%)
  R2 poly-G bases removed:            69637

=== Paired-end validation ===

Pairs analyzed:                      512818
Pairs removed:                         1531 (0.3%)
Unpaired R1 kept:                      1471
Unpaired R2 kept:                        23
Report: /scratch4/workspace/jade_fiorilla_student_uml_edu-rawseqorcc/trim-galore-illumina/2024_Both04_Warm06_O67_gill_S200_R1_001.fastq.gz_trimming_report.txt
JSON report: /scratch4/workspace/jade_fiorilla_student_uml_edu-rawseqorcc/trim-galore-illumina/2024_Both04_Warm06_O67_gill_S200_R1_001.fastq.gz_trimming_report.json
Report: /scratch4/workspace/jade_fiorilla_student_uml_edu-rawseqorcc/trim-galore-illumina/2024_Both04_Warm06_O67_gill_S200_R2_001.fastq.gz_trimming_report.txt
JSON report: /scratch4/workspace/jade_fiorilla_student_uml_edu-rawseqorcc/trim-galore-illumina/2024_Both04_Warm06_O67_gill_S200_R2_001.fastq.gz_trimming_report.json

Running FastQC on /scratch4/workspace/jade_fiorilla_student_uml_edu-rawseqorcc/trim-galore-illumina/2024_Both04_Warm06_O67_gill_S200_R1_001_val_1.fq.gz

Running FastQC on /scratch4/workspace/jade_fiorilla_student_uml_edu-rawseqorcc/trim-galore-illumina/2024_Both04_Warm06_O67_gill_S200_R2_001_val_2.fq.gz
Running Trim Galore on: 2024_Both04_Warm06_O67_gut_S7

Trim Galore v2.3.0
unknown — linux/x86_64 — built 2026-06-27T16:23:35Z
==================================================

Using 6 worker threads (parallel trim + compress)
Adapter: Illumina (AGATCGGAAGAGC)

Scanning for poly-G content...
Poly-G trimming: ENABLED (auto-detected). 133156 of 739941 reads (18.00%) have poly-G tails (>=10bp) — consistent with 2-colour chemistry (NovaSeq/NextSeq). To disable: --no_poly_g
Trimming (paired-end):
  R1: /scratch4/workspace/jade_fiorilla_student_uml_edu-rawseqorcc/fastq/2024_Both04_Warm06_O67_gut_S7_R1_001.fastq.gz
  R2: /scratch4/workspace/jade_fiorilla_student_uml_edu-rawseqorcc/fastq/2024_Both04_Warm06_O67_gut_S7_R2_001.fastq.gz
  Output R1: /scratch4/workspace/jade_fiorilla_student_uml_edu-rawseqorcc/trim-galore-illumina/2024_Both04_Warm06_O67_gut_S7_R1_001_val_1.fq.gz
  Output R2: /scratch4/workspace/jade_fiorilla_student_uml_edu-rawseqorcc/trim-galore-illumina/2024_Both04_Warm06_O67_gut_S7_R2_001_val_2.fq.gz

=== Summary (Read 1) ===

Total reads processed:               739941
Reads with adapters:                  16453 (2.2%)

=== Summary (Read 2) ===

Total reads processed:               739941
Reads with adapters:                 139752 (18.9%)
R1 reads with poly-G trimmed:          5065 (0.7%)
  R1 poly-G bases removed:           165566
R2 reads with poly-G trimmed:           426 (0.1%)
  R2 poly-G bases removed:            79019

=== Paired-end validation ===

Pairs analyzed:                      739941
Pairs removed:                         2096 (0.3%)
Unpaired R1 kept:                      1984
Unpaired R2 kept:                        61
Report: /scratch4/workspace/jade_fiorilla_student_uml_edu-rawseqorcc/trim-galore-illumina/2024_Both04_Warm06_O67_gut_S7_R1_001.fastq.gz_trimming_report.txt
JSON report: /scratch4/workspace/jade_fiorilla_student_uml_edu-rawseqorcc/trim-galore-illumina/2024_Both04_Warm06_O67_gut_S7_R1_001.fastq.gz_trimming_report.json
Report: /scratch4/workspace/jade_fiorilla_student_uml_edu-rawseqorcc/trim-galore-illumina/2024_Both04_Warm06_O67_gut_S7_R2_001.fastq.gz_trimming_report.txt
JSON report: /scratch4/workspace/jade_fiorilla_student_uml_edu-rawseqorcc/trim-galore-illumina/2024_Both04_Warm06_O67_gut_S7_R2_001.fastq.gz_trimming_report.json

Running FastQC on /scratch4/workspace/jade_fiorilla_student_uml_edu-rawseqorcc/trim-galore-illumina/2024_Both04_Warm06_O67_gut_S7_R1_001_val_1.fq.gz

Running FastQC on /scratch4/workspace/jade_fiorilla_student_uml_edu-rawseqorcc/trim-galore-illumina/2024_Both04_Warm06_O67_gut_S7_R2_001_val_2.fq.gz
Running Trim Galore on: 2024_Both05_Both06_O69_gill_S231

Trim Galore v2.3.0
unknown — linux/x86_64 — built 2026-06-27T16:23:35Z
==================================================

Using 6 worker threads (parallel trim + compress)
Adapter: Illumina (AGATCGGAAGAGC)

Scanning for poly-G content...
Poly-G trimming: ENABLED (auto-detected). 1281 of 4664 reads (27.47%) have poly-G tails (>=10bp) — consistent with 2-colour chemistry (NovaSeq/NextSeq). To disable: --no_poly_g
Trimming (paired-end):
  R1: /scratch4/workspace/jade_fiorilla_student_uml_edu-rawseqorcc/fastq/2024_Both05_Both06_O69_gill_S231_R1_001.fastq.gz
  R2: /scratch4/workspace/jade_fiorilla_student_uml_edu-rawseqorcc/fastq/2024_Both05_Both06_O69_gill_S231_R2_001.fastq.gz
  Output R1: /scratch4/workspace/jade_fiorilla_student_uml_edu-rawseqorcc/trim-galore-illumina/2024_Both05_Both06_O69_gill_S231_R1_001_val_1.fq.gz
  Output R2: /scratch4/workspace/jade_fiorilla_student_uml_edu-rawseqorcc/trim-galore-illumina/2024_Both05_Both06_O69_gill_S231_R2_001_val_2.fq.gz

=== Summary (Read 1) ===

Total reads processed:                 4664
Reads with adapters:                    529 (11.3%)

=== Summary (Read 2) ===

Total reads processed:                 4664
Reads with adapters:                   1544 (33.1%)
R1 reads with poly-G trimmed:            13 (0.3%)
  R1 poly-G bases removed:             1596
R2 reads with poly-G trimmed:             2 (0.0%)
  R2 poly-G bases removed:              501

=== Paired-end validation ===

Pairs analyzed:                        4664
Pairs removed:                           29 (0.6%)
Unpaired R1 kept:                        26
Unpaired R2 kept:                         2
Report: /scratch4/workspace/jade_fiorilla_student_uml_edu-rawseqorcc/trim-galore-illumina/2024_Both05_Both06_O69_gill_S231_R1_001.fastq.gz_trimming_report.txt
JSON report: /scratch4/workspace/jade_fiorilla_student_uml_edu-rawseqorcc/trim-galore-illumina/2024_Both05_Both06_O69_gill_S231_R1_001.fastq.gz_trimming_report.json
Report: /scratch4/workspace/jade_fiorilla_student_uml_edu-rawseqorcc/trim-galore-illumina/2024_Both05_Both06_O69_gill_S231_R2_001.fastq.gz_trimming_report.txt
JSON report: /scratch4/workspace/jade_fiorilla_student_uml_edu-rawseqorcc/trim-galore-illumina/2024_Both05_Both06_O69_gill_S231_R2_001.fastq.gz_trimming_report.json

Running FastQC on /scratch4/workspace/jade_fiorilla_student_uml_edu-rawseqorcc/trim-galore-illumina/2024_Both05_Both06_O69_gill_S231_R1_001_val_1.fq.gz

Running FastQC on /scratch4/workspace/jade_fiorilla_student_uml_edu-rawseqorcc/trim-galore-illumina/2024_Both05_Both06_O69_gill_S231_R2_001_val_2.fq.gz
Running Trim Galore on: 2024_Both05_Both06_O69_gut_S55

Trim Galore v2.3.0
unknown — linux/x86_64 — built 2026-06-27T16:23:35Z
==================================================

Using 6 worker threads (parallel trim + compress)
Adapter: Illumina (AGATCGGAAGAGC)

Scanning for poly-G content...
Poly-G trimming: ENABLED (auto-detected). 437991 of 948112 reads (46.20%) have poly-G tails (>=10bp) — consistent with 2-colour chemistry (NovaSeq/NextSeq). To disable: --no_poly_g
Trimming (paired-end):
  R1: /scratch4/workspace/jade_fiorilla_student_uml_edu-rawseqorcc/fastq/2024_Both05_Both06_O69_gut_S55_R1_001.fastq.gz
  R2: /scratch4/workspace/jade_fiorilla_student_uml_edu-rawseqorcc/fastq/2024_Both05_Both06_O69_gut_S55_R2_001.fastq.gz
  Output R1: /scratch4/workspace/jade_fiorilla_student_uml_edu-rawseqorcc/trim-galore-illumina/2024_Both05_Both06_O69_gut_S55_R1_001_val_1.fq.gz
  Output R2: /scratch4/workspace/jade_fiorilla_student_uml_edu-rawseqorcc/trim-galore-illumina/2024_Both05_Both06_O69_gut_S55_R2_001_val_2.fq.gz

=== Summary (Read 1) ===

Total reads processed:               948112
Reads with adapters:                  10065 (1.1%)

=== Summary (Read 2) ===

Total reads processed:               948112
Reads with adapters:                 445053 (46.9%)
R1 reads with poly-G trimmed:          4473 (0.5%)
  R1 poly-G bases removed:           477513
R2 reads with poly-G trimmed:          1134 (0.1%)
  R2 poly-G bases removed:           203838

=== Paired-end validation ===

Pairs analyzed:                      948112
Pairs removed:                         2896 (0.3%)
Unpaired R1 kept:                      2580
Unpaired R2 kept:                       124
Report: /scratch4/workspace/jade_fiorilla_student_uml_edu-rawseqorcc/trim-galore-illumina/2024_Both05_Both06_O69_gut_S55_R1_001.fastq.gz_trimming_report.txt
JSON report: /scratch4/workspace/jade_fiorilla_student_uml_edu-rawseqorcc/trim-galore-illumina/2024_Both05_Both06_O69_gut_S55_R1_001.fastq.gz_trimming_report.json
Report: /scratch4/workspace/jade_fiorilla_student_uml_edu-rawseqorcc/trim-galore-illumina/2024_Both05_Both06_O69_gut_S55_R2_001.fastq.gz_trimming_report.txt
JSON report: /scratch4/workspace/jade_fiorilla_student_uml_edu-rawseqorcc/trim-galore-illumina/2024_Both05_Both06_O69_gut_S55_R2_001.fastq.gz_trimming_report.json

Running FastQC on /scratch4/workspace/jade_fiorilla_student_uml_edu-rawseqorcc/trim-galore-illumina/2024_Both05_Both06_O69_gut_S55_R1_001_val_1.fq.gz

Running FastQC on /scratch4/workspace/jade_fiorilla_student_uml_edu-rawseqorcc/trim-galore-illumina/2024_Both05_Both06_O69_gut_S55_R2_001_val_2.fq.gz
Running Trim Galore on: 2024_Both05_Cont01_O9_gill_S142

Trim Galore v2.3.0
unknown — linux/x86_64 — built 2026-06-27T16:23:35Z
==================================================

Using 6 worker threads (parallel trim + compress)
Adapter: Illumina (AGATCGGAAGAGC)

Scanning for poly-G content...
Poly-G trimming: ENABLED (auto-detected). 357666 of 931699 reads (38.39%) have poly-G tails (>=10bp) — consistent with 2-colour chemistry (NovaSeq/NextSeq). To disable: --no_poly_g
Trimming (paired-end):
  R1: /scratch4/workspace/jade_fiorilla_student_uml_edu-rawseqorcc/fastq/2024_Both05_Cont01_O9_gill_S142_R1_001.fastq.gz
  R2: /scratch4/workspace/jade_fiorilla_student_uml_edu-rawseqorcc/fastq/2024_Both05_Cont01_O9_gill_S142_R2_001.fastq.gz
  Output R1: /scratch4/workspace/jade_fiorilla_student_uml_edu-rawseqorcc/trim-galore-illumina/2024_Both05_Cont01_O9_gill_S142_R1_001_val_1.fq.gz
  Output R2: /scratch4/workspace/jade_fiorilla_student_uml_edu-rawseqorcc/trim-galore-illumina/2024_Both05_Cont01_O9_gill_S142_R2_001_val_2.fq.gz

=== Summary (Read 1) ===

Total reads processed:               931699
Reads with adapters:                   8315 (0.9%)

=== Summary (Read 2) ===

Total reads processed:               931699
Reads with adapters:                 401514 (43.1%)
R1 reads with poly-G trimmed:         33413 (3.6%)
  R1 poly-G bases removed:           496310
R2 reads with poly-G trimmed:           924 (0.1%)
  R2 poly-G bases removed:           163336

=== Paired-end validation ===

Pairs analyzed:                      931699
Pairs removed:                         2115 (0.2%)
Unpaired R1 kept:                      1846
Unpaired R2 kept:                       115
Report: /scratch4/workspace/jade_fiorilla_student_uml_edu-rawseqorcc/trim-galore-illumina/2024_Both05_Cont01_O9_gill_S142_R1_001.fastq.gz_trimming_report.txt
JSON report: /scratch4/workspace/jade_fiorilla_student_uml_edu-rawseqorcc/trim-galore-illumina/2024_Both05_Cont01_O9_gill_S142_R1_001.fastq.gz_trimming_report.json
Report: /scratch4/workspace/jade_fiorilla_student_uml_edu-rawseqorcc/trim-galore-illumina/2024_Both05_Cont01_O9_gill_S142_R2_001.fastq.gz_trimming_report.txt
JSON report: /scratch4/workspace/jade_fiorilla_student_uml_edu-rawseqorcc/trim-galore-illumina/2024_Both05_Cont01_O9_gill_S142_R2_001.fastq.gz_trimming_report.json

Running FastQC on /scratch4/workspace/jade_fiorilla_student_uml_edu-rawseqorcc/trim-galore-illumina/2024_Both05_Cont01_O9_gill_S142_R1_001_val_1.fq.gz

Running FastQC on /scratch4/workspace/jade_fiorilla_student_uml_edu-rawseqorcc/trim-galore-illumina/2024_Both05_Cont01_O9_gill_S142_R2_001_val_2.fq.gz
Running Trim Galore on: 2024_Both05_Cont01_O9_gut_S36

Trim Galore v2.3.0
unknown — linux/x86_64 — built 2026-06-27T16:23:35Z
==================================================

Using 6 worker threads (parallel trim + compress)
Adapter: Illumina (AGATCGGAAGAGC)

Scanning for poly-G content...
Poly-G trimming: ENABLED (auto-detected). 610155 of 839990 reads (72.64%) have poly-G tails (>=10bp) — consistent with 2-colour chemistry (NovaSeq/NextSeq). To disable: --no_poly_g
Trimming (paired-end):
  R1: /scratch4/workspace/jade_fiorilla_student_uml_edu-rawseqorcc/fastq/2024_Both05_Cont01_O9_gut_S36_R1_001.fastq.gz
  R2: /scratch4/workspace/jade_fiorilla_student_uml_edu-rawseqorcc/fastq/2024_Both05_Cont01_O9_gut_S36_R2_001.fastq.gz
  Output R1: /scratch4/workspace/jade_fiorilla_student_uml_edu-rawseqorcc/trim-galore-illumina/2024_Both05_Cont01_O9_gut_S36_R1_001_val_1.fq.gz
  Output R2: /scratch4/workspace/jade_fiorilla_student_uml_edu-rawseqorcc/trim-galore-illumina/2024_Both05_Cont01_O9_gut_S36_R2_001_val_2.fq.gz

=== Summary (Read 1) ===

Total reads processed:               839990
Reads with adapters:                  79911 (9.5%)

=== Summary (Read 2) ===

Total reads processed:               839990
Reads with adapters:                 620607 (73.9%)
R1 reads with poly-G trimmed:          7723 (0.9%)
  R1 poly-G bases removed:           632775
R2 reads with poly-G trimmed:          1461 (0.2%)
  R2 poly-G bases removed:           271926

=== Paired-end validation ===

Pairs analyzed:                      839990
Pairs removed:                         1877 (0.2%)
Unpaired R1 kept:                      1738
Unpaired R2 kept:                        32
Report: /scratch4/workspace/jade_fiorilla_student_uml_edu-rawseqorcc/trim-galore-illumina/2024_Both05_Cont01_O9_gut_S36_R1_001.fastq.gz_trimming_report.txt
JSON report: /scratch4/workspace/jade_fiorilla_student_uml_edu-rawseqorcc/trim-galore-illumina/2024_Both05_Cont01_O9_gut_S36_R1_001.fastq.gz_trimming_report.json
Report: /scratch4/workspace/jade_fiorilla_student_uml_edu-rawseqorcc/trim-galore-illumina/2024_Both05_Cont01_O9_gut_S36_R2_001.fastq.gz_trimming_report.txt
JSON report: /scratch4/workspace/jade_fiorilla_student_uml_edu-rawseqorcc/trim-galore-illumina/2024_Both05_Cont01_O9_gut_S36_R2_001.fastq.gz_trimming_report.json

Running FastQC on /scratch4/workspace/jade_fiorilla_student_uml_edu-rawseqorcc/trim-galore-illumina/2024_Both05_Cont01_O9_gut_S36_R1_001_val_1.fq.gz

Running FastQC on /scratch4/workspace/jade_fiorilla_student_uml_edu-rawseqorcc/trim-galore-illumina/2024_Both05_Cont01_O9_gut_S36_R2_001_val_2.fq.gz
Running Trim Galore on: 2024_Both05_Hyp02_O21_gill_S240

Trim Galore v2.3.0
unknown — linux/x86_64 — built 2026-06-27T16:23:35Z
==================================================

Using 6 worker threads (parallel trim + compress)
Adapter: Illumina (AGATCGGAAGAGC)

Scanning for poly-G content...
Poly-G trimming: ENABLED (auto-detected). 39482 of 690526 reads (5.72%) have poly-G tails (>=10bp) — consistent with 2-colour chemistry (NovaSeq/NextSeq). To disable: --no_poly_g
Trimming (paired-end):
  R1: /scratch4/workspace/jade_fiorilla_student_uml_edu-rawseqorcc/fastq/2024_Both05_Hyp02_O21_gill_S240_R1_001.fastq.gz
  R2: /scratch4/workspace/jade_fiorilla_student_uml_edu-rawseqorcc/fastq/2024_Both05_Hyp02_O21_gill_S240_R2_001.fastq.gz
  Output R1: /scratch4/workspace/jade_fiorilla_student_uml_edu-rawseqorcc/trim-galore-illumina/2024_Both05_Hyp02_O21_gill_S240_R1_001_val_1.fq.gz
  Output R2: /scratch4/workspace/jade_fiorilla_student_uml_edu-rawseqorcc/trim-galore-illumina/2024_Both05_Hyp02_O21_gill_S240_R2_001_val_2.fq.gz

=== Summary (Read 1) ===

Total reads processed:               690526
Reads with adapters:                  35083 (5.1%)

=== Summary (Read 2) ===

Total reads processed:               690526
Reads with adapters:                 230561 (33.4%)
R1 reads with poly-G trimmed:           691 (0.1%)
  R1 poly-G bases removed:            45136
R2 reads with poly-G trimmed:           323 (0.0%)
  R2 poly-G bases removed:            25987

=== Paired-end validation ===

Pairs analyzed:                      690526
Pairs removed:                         1377 (0.2%)
Unpaired R1 kept:                      1331
Unpaired R2 kept:                        26
Report: /scratch4/workspace/jade_fiorilla_student_uml_edu-rawseqorcc/trim-galore-illumina/2024_Both05_Hyp02_O21_gill_S240_R1_001.fastq.gz_trimming_report.txt
JSON report: /scratch4/workspace/jade_fiorilla_student_uml_edu-rawseqorcc/trim-galore-illumina/2024_Both05_Hyp02_O21_gill_S240_R1_001.fastq.gz_trimming_report.json
Report: /scratch4/workspace/jade_fiorilla_student_uml_edu-rawseqorcc/trim-galore-illumina/2024_Both05_Hyp02_O21_gill_S240_R2_001.fastq.gz_trimming_report.txt
JSON report: /scratch4/workspace/jade_fiorilla_student_uml_edu-rawseqorcc/trim-galore-illumina/2024_Both05_Hyp02_O21_gill_S240_R2_001.fastq.gz_trimming_report.json

Running FastQC on /scratch4/workspace/jade_fiorilla_student_uml_edu-rawseqorcc/trim-galore-illumina/2024_Both05_Hyp02_O21_gill_S240_R1_001_val_1.fq.gz

Running FastQC on /scratch4/workspace/jade_fiorilla_student_uml_edu-rawseqorcc/trim-galore-illumina/2024_Both05_Hyp02_O21_gill_S240_R2_001_val_2.fq.gz
Running Trim Galore on: 2024_Both05_Hyp02_O21_gut_S37

Trim Galore v2.3.0
unknown — linux/x86_64 — built 2026-06-27T16:23:35Z
==================================================

Using 6 worker threads (parallel trim + compress)
Adapter: Illumina (AGATCGGAAGAGC)

Scanning for poly-G content...
Poly-G trimming: ENABLED (auto-detected). 494698 of 716630 reads (69.03%) have poly-G tails (>=10bp) — consistent with 2-colour chemistry (NovaSeq/NextSeq). To disable: --no_poly_g
Trimming (paired-end):
  R1: /scratch4/workspace/jade_fiorilla_student_uml_edu-rawseqorcc/fastq/2024_Both05_Hyp02_O21_gut_S37_R1_001.fastq.gz
  R2: /scratch4/workspace/jade_fiorilla_student_uml_edu-rawseqorcc/fastq/2024_Both05_Hyp02_O21_gut_S37_R2_001.fastq.gz
  Output R1: /scratch4/workspace/jade_fiorilla_student_uml_edu-rawseqorcc/trim-galore-illumina/2024_Both05_Hyp02_O21_gut_S37_R1_001_val_1.fq.gz
  Output R2: /scratch4/workspace/jade_fiorilla_student_uml_edu-rawseqorcc/trim-galore-illumina/2024_Both05_Hyp02_O21_gut_S37_R2_001_val_2.fq.gz

=== Summary (Read 1) ===

Total reads processed:               716630
Reads with adapters:                  63824 (8.9%)

=== Summary (Read 2) ===

Total reads processed:               716630
Reads with adapters:                 497850 (69.5%)
R1 reads with poly-G trimmed:          6483 (0.9%)
  R1 poly-G bases removed:           529627
R2 reads with poly-G trimmed:          1279 (0.2%)
  R2 poly-G bases removed:           236636

=== Paired-end validation ===

Pairs analyzed:                      716630
Pairs removed:                         1939 (0.3%)
Unpaired R1 kept:                      1739
Unpaired R2 kept:                        52
Report: /scratch4/workspace/jade_fiorilla_student_uml_edu-rawseqorcc/trim-galore-illumina/2024_Both05_Hyp02_O21_gut_S37_R1_001.fastq.gz_trimming_report.txt
JSON report: /scratch4/workspace/jade_fiorilla_student_uml_edu-rawseqorcc/trim-galore-illumina/2024_Both05_Hyp02_O21_gut_S37_R1_001.fastq.gz_trimming_report.json
Report: /scratch4/workspace/jade_fiorilla_student_uml_edu-rawseqorcc/trim-galore-illumina/2024_Both05_Hyp02_O21_gut_S37_R2_001.fastq.gz_trimming_report.txt
JSON report: /scratch4/workspace/jade_fiorilla_student_uml_edu-rawseqorcc/trim-galore-illumina/2024_Both05_Hyp02_O21_gut_S37_R2_001.fastq.gz_trimming_report.json

Running FastQC on /scratch4/workspace/jade_fiorilla_student_uml_edu-rawseqorcc/trim-galore-illumina/2024_Both05_Hyp02_O21_gut_S37_R1_001_val_1.fq.gz

Running FastQC on /scratch4/workspace/jade_fiorilla_student_uml_edu-rawseqorcc/trim-galore-illumina/2024_Both05_Hyp02_O21_gut_S37_R2_001_val_2.fq.gz
Running Trim Galore on: 2024_Both05_Null_O36_gill_S270

Trim Galore v2.3.0
unknown — linux/x86_64 — built 2026-06-27T16:23:35Z
==================================================

Using 6 worker threads (parallel trim + compress)
Adapter: Illumina (AGATCGGAAGAGC)

Scanning for poly-G content...
Poly-G trimming: ENABLED (auto-detected). 19867 of 675108 reads (2.94%) have poly-G tails (>=10bp) — consistent with 2-colour chemistry (NovaSeq/NextSeq). To disable: --no_poly_g
Trimming (paired-end):
  R1: /scratch4/workspace/jade_fiorilla_student_uml_edu-rawseqorcc/fastq/2024_Both05_Null_O36_gill_S270_R1_001.fastq.gz
  R2: /scratch4/workspace/jade_fiorilla_student_uml_edu-rawseqorcc/fastq/2024_Both05_Null_O36_gill_S270_R2_001.fastq.gz
  Output R1: /scratch4/workspace/jade_fiorilla_student_uml_edu-rawseqorcc/trim-galore-illumina/2024_Both05_Null_O36_gill_S270_R1_001_val_1.fq.gz
  Output R2: /scratch4/workspace/jade_fiorilla_student_uml_edu-rawseqorcc/trim-galore-illumina/2024_Both05_Null_O36_gill_S270_R2_001_val_2.fq.gz

=== Summary (Read 1) ===

Total reads processed:               675108
Reads with adapters:                   9285 (1.4%)

=== Summary (Read 2) ===

Total reads processed:               675108
Reads with adapters:                  29562 (4.4%)
R1 reads with poly-G trimmed:           167 (0.0%)
  R1 poly-G bases removed:            20200
R2 reads with poly-G trimmed:           148 (0.0%)
  R2 poly-G bases removed:            15759

=== Paired-end validation ===

Pairs analyzed:                      675108
Pairs removed:                          955 (0.1%)
Unpaired R1 kept:                       876
Unpaired R2 kept:                        40
Report: /scratch4/workspace/jade_fiorilla_student_uml_edu-rawseqorcc/trim-galore-illumina/2024_Both05_Null_O36_gill_S270_R1_001.fastq.gz_trimming_report.txt
JSON report: /scratch4/workspace/jade_fiorilla_student_uml_edu-rawseqorcc/trim-galore-illumina/2024_Both05_Null_O36_gill_S270_R1_001.fastq.gz_trimming_report.json
Report: /scratch4/workspace/jade_fiorilla_student_uml_edu-rawseqorcc/trim-galore-illumina/2024_Both05_Null_O36_gill_S270_R2_001.fastq.gz_trimming_report.txt
JSON report: /scratch4/workspace/jade_fiorilla_student_uml_edu-rawseqorcc/trim-galore-illumina/2024_Both05_Null_O36_gill_S270_R2_001.fastq.gz_trimming_report.json

Running FastQC on /scratch4/workspace/jade_fiorilla_student_uml_edu-rawseqorcc/trim-galore-illumina/2024_Both05_Null_O36_gill_S270_R1_001_val_1.fq.gz

Running FastQC on /scratch4/workspace/jade_fiorilla_student_uml_edu-rawseqorcc/trim-galore-illumina/2024_Both05_Null_O36_gill_S270_R2_001_val_2.fq.gz
Running Trim Galore on: 2024_Both05_Null_O36_gut_S73

Trim Galore v2.3.0
unknown — linux/x86_64 — built 2026-06-27T16:23:35Z
==================================================

Using 6 worker threads (parallel trim + compress)
Adapter: Illumina (AGATCGGAAGAGC)

Scanning for poly-G content...
Poly-G trimming: ENABLED (auto-detected). 325400 of 893274 reads (36.43%) have poly-G tails (>=10bp) — consistent with 2-colour chemistry (NovaSeq/NextSeq). To disable: --no_poly_g
Trimming (paired-end):
  R1: /scratch4/workspace/jade_fiorilla_student_uml_edu-rawseqorcc/fastq/2024_Both05_Null_O36_gut_S73_R1_001.fastq.gz
  R2: /scratch4/workspace/jade_fiorilla_student_uml_edu-rawseqorcc/fastq/2024_Both05_Null_O36_gut_S73_R2_001.fastq.gz
  Output R1: /scratch4/workspace/jade_fiorilla_student_uml_edu-rawseqorcc/trim-galore-illumina/2024_Both05_Null_O36_gut_S73_R1_001_val_1.fq.gz
  Output R2: /scratch4/workspace/jade_fiorilla_student_uml_edu-rawseqorcc/trim-galore-illumina/2024_Both05_Null_O36_gut_S73_R2_001_val_2.fq.gz

=== Summary (Read 1) ===

Total reads processed:               893274
Reads with adapters:                  58590 (6.6%)

=== Summary (Read 2) ===

Total reads processed:               893274
Reads with adapters:                 332110 (37.2%)
R1 reads with poly-G trimmed:          9556 (1.1%)
  R1 poly-G bases removed:           391478
R2 reads with poly-G trimmed:           879 (0.1%)
  R2 poly-G bases removed:           155702

=== Paired-end validation ===

Pairs analyzed:                      893274
Pairs removed:                         1794 (0.2%)
Unpaired R1 kept:                      1531
Unpaired R2 kept:                        75
Report: /scratch4/workspace/jade_fiorilla_student_uml_edu-rawseqorcc/trim-galore-illumina/2024_Both05_Null_O36_gut_S73_R1_001.fastq.gz_trimming_report.txt
JSON report: /scratch4/workspace/jade_fiorilla_student_uml_edu-rawseqorcc/trim-galore-illumina/2024_Both05_Null_O36_gut_S73_R1_001.fastq.gz_trimming_report.json
Report: /scratch4/workspace/jade_fiorilla_student_uml_edu-rawseqorcc/trim-galore-illumina/2024_Both05_Null_O36_gut_S73_R2_001.fastq.gz_trimming_report.txt
JSON report: /scratch4/workspace/jade_fiorilla_student_uml_edu-rawseqorcc/trim-galore-illumina/2024_Both05_Null_O36_gut_S73_R2_001.fastq.gz_trimming_report.json

Running FastQC on /scratch4/workspace/jade_fiorilla_student_uml_edu-rawseqorcc/trim-galore-illumina/2024_Both05_Null_O36_gut_S73_R1_001_val_1.fq.gz

Running FastQC on /scratch4/workspace/jade_fiorilla_student_uml_edu-rawseqorcc/trim-galore-illumina/2024_Both05_Null_O36_gut_S73_R2_001_val_2.fq.gz
Running Trim Galore on: 2024_Both05_Warm03_O33_gill_S272

Trim Galore v2.3.0
unknown — linux/x86_64 — built 2026-06-27T16:23:35Z
==================================================

Using 6 worker threads (parallel trim + compress)
Adapter: Illumina (AGATCGGAAGAGC)

Scanning for poly-G content...
Poly-G trimming: ENABLED (auto-detected). 71139 of 753768 reads (9.44%) have poly-G tails (>=10bp) — consistent with 2-colour chemistry (NovaSeq/NextSeq). To disable: --no_poly_g
Trimming (paired-end):
  R1: /scratch4/workspace/jade_fiorilla_student_uml_edu-rawseqorcc/fastq/2024_Both05_Warm03_O33_gill_S272_R1_001.fastq.gz
  R2: /scratch4/workspace/jade_fiorilla_student_uml_edu-rawseqorcc/fastq/2024_Both05_Warm03_O33_gill_S272_R2_001.fastq.gz
  Output R1: /scratch4/workspace/jade_fiorilla_student_uml_edu-rawseqorcc/trim-galore-illumina/2024_Both05_Warm03_O33_gill_S272_R1_001_val_1.fq.gz
  Output R2: /scratch4/workspace/jade_fiorilla_student_uml_edu-rawseqorcc/trim-galore-illumina/2024_Both05_Warm03_O33_gill_S272_R2_001_val_2.fq.gz

=== Summary (Read 1) ===

Total reads processed:               753768
Reads with adapters:                  16397 (2.2%)

=== Summary (Read 2) ===

Total reads processed:               753768
Reads with adapters:                  76876 (10.2%)
R1 reads with poly-G trimmed:          1316 (0.2%)
  R1 poly-G bases removed:            72540
R2 reads with poly-G trimmed:           211 (0.0%)
  R2 poly-G bases removed:            34276

=== Paired-end validation ===

Pairs analyzed:                      753768
Pairs removed:                         1167 (0.2%)
Unpaired R1 kept:                      1004
Unpaired R2 kept:                        96
Report: /scratch4/workspace/jade_fiorilla_student_uml_edu-rawseqorcc/trim-galore-illumina/2024_Both05_Warm03_O33_gill_S272_R1_001.fastq.gz_trimming_report.txt
JSON report: /scratch4/workspace/jade_fiorilla_student_uml_edu-rawseqorcc/trim-galore-illumina/2024_Both05_Warm03_O33_gill_S272_R1_001.fastq.gz_trimming_report.json
Report: /scratch4/workspace/jade_fiorilla_student_uml_edu-rawseqorcc/trim-galore-illumina/2024_Both05_Warm03_O33_gill_S272_R2_001.fastq.gz_trimming_report.txt
JSON report: /scratch4/workspace/jade_fiorilla_student_uml_edu-rawseqorcc/trim-galore-illumina/2024_Both05_Warm03_O33_gill_S272_R2_001.fastq.gz_trimming_report.json

Running FastQC on /scratch4/workspace/jade_fiorilla_student_uml_edu-rawseqorcc/trim-galore-illumina/2024_Both05_Warm03_O33_gill_S272_R1_001_val_1.fq.gz

Running FastQC on /scratch4/workspace/jade_fiorilla_student_uml_edu-rawseqorcc/trim-galore-illumina/2024_Both05_Warm03_O33_gill_S272_R2_001_val_2.fq.gz
Running Trim Galore on: 2024_Both05_Warm03_O33_gut_S1

Trim Galore v2.3.0
unknown — linux/x86_64 — built 2026-06-27T16:23:35Z
==================================================

Using 6 worker threads (parallel trim + compress)
Adapter: Illumina (AGATCGGAAGAGC)

Scanning for poly-G content...
Poly-G trimming: ENABLED (auto-detected). 149379 of 839725 reads (17.79%) have poly-G tails (>=10bp) — consistent with 2-colour chemistry (NovaSeq/NextSeq). To disable: --no_poly_g
Trimming (paired-end):
  R1: /scratch4/workspace/jade_fiorilla_student_uml_edu-rawseqorcc/fastq/2024_Both05_Warm03_O33_gut_S1_R1_001.fastq.gz
  R2: /scratch4/workspace/jade_fiorilla_student_uml_edu-rawseqorcc/fastq/2024_Both05_Warm03_O33_gut_S1_R2_001.fastq.gz
  Output R1: /scratch4/workspace/jade_fiorilla_student_uml_edu-rawseqorcc/trim-galore-illumina/2024_Both05_Warm03_O33_gut_S1_R1_001_val_1.fq.gz
  Output R2: /scratch4/workspace/jade_fiorilla_student_uml_edu-rawseqorcc/trim-galore-illumina/2024_Both05_Warm03_O33_gut_S1_R2_001_val_2.fq.gz

=== Summary (Read 1) ===

Total reads processed:               839725
Reads with adapters:                  11610 (1.4%)

=== Summary (Read 2) ===

Total reads processed:               839725
Reads with adapters:                 157028 (18.7%)
R1 reads with poly-G trimmed:          5005 (0.6%)
  R1 poly-G bases removed:           146172
R2 reads with poly-G trimmed:           483 (0.1%)
  R2 poly-G bases removed:            83866

=== Paired-end validation ===

Pairs analyzed:                      839725
Pairs removed:                         2405 (0.3%)
Unpaired R1 kept:                      2256
Unpaired R2 kept:                        69
Report: /scratch4/workspace/jade_fiorilla_student_uml_edu-rawseqorcc/trim-galore-illumina/2024_Both05_Warm03_O33_gut_S1_R1_001.fastq.gz_trimming_report.txt
JSON report: /scratch4/workspace/jade_fiorilla_student_uml_edu-rawseqorcc/trim-galore-illumina/2024_Both05_Warm03_O33_gut_S1_R1_001.fastq.gz_trimming_report.json
Report: /scratch4/workspace/jade_fiorilla_student_uml_edu-rawseqorcc/trim-galore-illumina/2024_Both05_Warm03_O33_gut_S1_R2_001.fastq.gz_trimming_report.txt
JSON report: /scratch4/workspace/jade_fiorilla_student_uml_edu-rawseqorcc/trim-galore-illumina/2024_Both05_Warm03_O33_gut_S1_R2_001.fastq.gz_trimming_report.json

Running FastQC on /scratch4/workspace/jade_fiorilla_student_uml_edu-rawseqorcc/trim-galore-illumina/2024_Both05_Warm03_O33_gut_S1_R1_001_val_1.fq.gz

Running FastQC on /scratch4/workspace/jade_fiorilla_student_uml_edu-rawseqorcc/trim-galore-illumina/2024_Both05_Warm03_O33_gut_S1_R2_001_val_2.fq.gz
Running Trim Galore on: 2024_Both06_Cont02_O24_gill_S216

Trim Galore v2.3.0
unknown — linux/x86_64 — built 2026-06-27T16:23:35Z
==================================================

Using 6 worker threads (parallel trim + compress)
Adapter: Illumina (AGATCGGAAGAGC)

Scanning for poly-G content...
Poly-G trimming: ENABLED (auto-detected). 28556 of 451731 reads (6.32%) have poly-G tails (>=10bp) — consistent with 2-colour chemistry (NovaSeq/NextSeq). To disable: --no_poly_g
Trimming (paired-end):
  R1: /scratch4/workspace/jade_fiorilla_student_uml_edu-rawseqorcc/fastq/2024_Both06_Cont02_O24_gill_S216_R1_001.fastq.gz
  R2: /scratch4/workspace/jade_fiorilla_student_uml_edu-rawseqorcc/fastq/2024_Both06_Cont02_O24_gill_S216_R2_001.fastq.gz
  Output R1: /scratch4/workspace/jade_fiorilla_student_uml_edu-rawseqorcc/trim-galore-illumina/2024_Both06_Cont02_O24_gill_S216_R1_001_val_1.fq.gz
  Output R2: /scratch4/workspace/jade_fiorilla_student_uml_edu-rawseqorcc/trim-galore-illumina/2024_Both06_Cont02_O24_gill_S216_R2_001_val_2.fq.gz

=== Summary (Read 1) ===

Total reads processed:               451731
Reads with adapters:                  10042 (2.2%)

=== Summary (Read 2) ===

Total reads processed:               451731
Reads with adapters:                  80477 (17.8%)
R1 reads with poly-G trimmed:           580 (0.1%)
  R1 poly-G bases removed:            28541
R2 reads with poly-G trimmed:            73 (0.0%)
  R2 poly-G bases removed:            12222

=== Paired-end validation ===

Pairs analyzed:                      451731
Pairs removed:                          570 (0.1%)
Unpaired R1 kept:                       519
Unpaired R2 kept:                        40
Report: /scratch4/workspace/jade_fiorilla_student_uml_edu-rawseqorcc/trim-galore-illumina/2024_Both06_Cont02_O24_gill_S216_R1_001.fastq.gz_trimming_report.txt
JSON report: /scratch4/workspace/jade_fiorilla_student_uml_edu-rawseqorcc/trim-galore-illumina/2024_Both06_Cont02_O24_gill_S216_R1_001.fastq.gz_trimming_report.json
Report: /scratch4/workspace/jade_fiorilla_student_uml_edu-rawseqorcc/trim-galore-illumina/2024_Both06_Cont02_O24_gill_S216_R2_001.fastq.gz_trimming_report.txt
JSON report: /scratch4/workspace/jade_fiorilla_student_uml_edu-rawseqorcc/trim-galore-illumina/2024_Both06_Cont02_O24_gill_S216_R2_001.fastq.gz_trimming_report.json

Running FastQC on /scratch4/workspace/jade_fiorilla_student_uml_edu-rawseqorcc/trim-galore-illumina/2024_Both06_Cont02_O24_gill_S216_R1_001_val_1.fq.gz

Running FastQC on /scratch4/workspace/jade_fiorilla_student_uml_edu-rawseqorcc/trim-galore-illumina/2024_Both06_Cont02_O24_gill_S216_R2_001_val_2.fq.gz
Running Trim Galore on: 2024_Both06_Cont02_O24_gut_S38

Trim Galore v2.3.0
unknown — linux/x86_64 — built 2026-06-27T16:23:35Z
==================================================

Using 6 worker threads (parallel trim + compress)
Adapter: Illumina (AGATCGGAAGAGC)

Scanning for poly-G content...
Poly-G trimming: ENABLED (auto-detected). 367394 of 807539 reads (45.50%) have poly-G tails (>=10bp) — consistent with 2-colour chemistry (NovaSeq/NextSeq). To disable: --no_poly_g
Trimming (paired-end):
  R1: /scratch4/workspace/jade_fiorilla_student_uml_edu-rawseqorcc/fastq/2024_Both06_Cont02_O24_gut_S38_R1_001.fastq.gz
  R2: /scratch4/workspace/jade_fiorilla_student_uml_edu-rawseqorcc/fastq/2024_Both06_Cont02_O24_gut_S38_R2_001.fastq.gz
  Output R1: /scratch4/workspace/jade_fiorilla_student_uml_edu-rawseqorcc/trim-galore-illumina/2024_Both06_Cont02_O24_gut_S38_R1_001_val_1.fq.gz
  Output R2: /scratch4/workspace/jade_fiorilla_student_uml_edu-rawseqorcc/trim-galore-illumina/2024_Both06_Cont02_O24_gut_S38_R2_001_val_2.fq.gz

=== Summary (Read 1) ===

Total reads processed:               807539
Reads with adapters:                  54843 (6.8%)

=== Summary (Read 2) ===

Total reads processed:               807539
Reads with adapters:                 376496 (46.6%)
R1 reads with poly-G trimmed:          4865 (0.6%)
  R1 poly-G bases removed:           410896
R2 reads with poly-G trimmed:           924 (0.1%)
  R2 poly-G bases removed:           167874

=== Paired-end validation ===

Pairs analyzed:                      807539
Pairs removed:                         1927 (0.2%)
Unpaired R1 kept:                      1729
Unpaired R2 kept:                        69
Report: /scratch4/workspace/jade_fiorilla_student_uml_edu-rawseqorcc/trim-galore-illumina/2024_Both06_Cont02_O24_gut_S38_R1_001.fastq.gz_trimming_report.txt
JSON report: /scratch4/workspace/jade_fiorilla_student_uml_edu-rawseqorcc/trim-galore-illumina/2024_Both06_Cont02_O24_gut_S38_R1_001.fastq.gz_trimming_report.json
Report: /scratch4/workspace/jade_fiorilla_student_uml_edu-rawseqorcc/trim-galore-illumina/2024_Both06_Cont02_O24_gut_S38_R2_001.fastq.gz_trimming_report.txt
JSON report: /scratch4/workspace/jade_fiorilla_student_uml_edu-rawseqorcc/trim-galore-illumina/2024_Both06_Cont02_O24_gut_S38_R2_001.fastq.gz_trimming_report.json

Running FastQC on /scratch4/workspace/jade_fiorilla_student_uml_edu-rawseqorcc/trim-galore-illumina/2024_Both06_Cont02_O24_gut_S38_R1_001_val_1.fq.gz

Running FastQC on /scratch4/workspace/jade_fiorilla_student_uml_edu-rawseqorcc/trim-galore-illumina/2024_Both06_Cont02_O24_gut_S38_R2_001_val_2.fq.gz
Running Trim Galore on: 2024_Both06_Hyp03_O35_gill_S258

Trim Galore v2.3.0
unknown — linux/x86_64 — built 2026-06-27T16:23:35Z
==================================================

Using 6 worker threads (parallel trim + compress)
Adapter: Illumina (AGATCGGAAGAGC)

Scanning for poly-G content...
Poly-G trimming: ENABLED (auto-detected). 17595 of 637523 reads (2.76%) have poly-G tails (>=10bp) — consistent with 2-colour chemistry (NovaSeq/NextSeq). To disable: --no_poly_g
Trimming (paired-end):
  R1: /scratch4/workspace/jade_fiorilla_student_uml_edu-rawseqorcc/fastq/2024_Both06_Hyp03_O35_gill_S258_R1_001.fastq.gz
  R2: /scratch4/workspace/jade_fiorilla_student_uml_edu-rawseqorcc/fastq/2024_Both06_Hyp03_O35_gill_S258_R2_001.fastq.gz
  Output R1: /scratch4/workspace/jade_fiorilla_student_uml_edu-rawseqorcc/trim-galore-illumina/2024_Both06_Hyp03_O35_gill_S258_R1_001_val_1.fq.gz
  Output R2: /scratch4/workspace/jade_fiorilla_student_uml_edu-rawseqorcc/trim-galore-illumina/2024_Both06_Hyp03_O35_gill_S258_R2_001_val_2.fq.gz

=== Summary (Read 1) ===

Total reads processed:               637523
Reads with adapters:                  11325 (1.8%)

=== Summary (Read 2) ===

Total reads processed:               637523
Reads with adapters:                  27007 (4.2%)
R1 reads with poly-G trimmed:           164 (0.0%)
  R1 poly-G bases removed:            15296
R2 reads with poly-G trimmed:           221 (0.0%)
  R2 poly-G bases removed:            16648

=== Paired-end validation ===

Pairs analyzed:                      637523
Pairs removed:                         1586 (0.2%)
Unpaired R1 kept:                      1451
Unpaired R2 kept:                        73
Report: /scratch4/workspace/jade_fiorilla_student_uml_edu-rawseqorcc/trim-galore-illumina/2024_Both06_Hyp03_O35_gill_S258_R1_001.fastq.gz_trimming_report.txt
JSON report: /scratch4/workspace/jade_fiorilla_student_uml_edu-rawseqorcc/trim-galore-illumina/2024_Both06_Hyp03_O35_gill_S258_R1_001.fastq.gz_trimming_report.json
Report: /scratch4/workspace/jade_fiorilla_student_uml_edu-rawseqorcc/trim-galore-illumina/2024_Both06_Hyp03_O35_gill_S258_R2_001.fastq.gz_trimming_report.txt
JSON report: /scratch4/workspace/jade_fiorilla_student_uml_edu-rawseqorcc/trim-galore-illumina/2024_Both06_Hyp03_O35_gill_S258_R2_001.fastq.gz_trimming_report.json

Running FastQC on /scratch4/workspace/jade_fiorilla_student_uml_edu-rawseqorcc/trim-galore-illumina/2024_Both06_Hyp03_O35_gill_S258_R1_001_val_1.fq.gz

Running FastQC on /scratch4/workspace/jade_fiorilla_student_uml_edu-rawseqorcc/trim-galore-illumina/2024_Both06_Hyp03_O35_gill_S258_R2_001_val_2.fq.gz
Running Trim Galore on: 2024_Both06_Hyp03_O35_gut_S266

Trim Galore v2.3.0
unknown — linux/x86_64 — built 2026-06-27T16:23:35Z
==================================================

Using 6 worker threads (parallel trim + compress)
Adapter: Illumina (AGATCGGAAGAGC)

Scanning for poly-G content...
Poly-G trimming: ENABLED (auto-detected). 43686 of 801425 reads (5.45%) have poly-G tails (>=10bp) — consistent with 2-colour chemistry (NovaSeq/NextSeq). To disable: --no_poly_g
Trimming (paired-end):
  R1: /scratch4/workspace/jade_fiorilla_student_uml_edu-rawseqorcc/fastq/2024_Both06_Hyp03_O35_gut_S266_R1_001.fastq.gz
  R2: /scratch4/workspace/jade_fiorilla_student_uml_edu-rawseqorcc/fastq/2024_Both06_Hyp03_O35_gut_S266_R2_001.fastq.gz
  Output R1: /scratch4/workspace/jade_fiorilla_student_uml_edu-rawseqorcc/trim-galore-illumina/2024_Both06_Hyp03_O35_gut_S266_R1_001_val_1.fq.gz
  Output R2: /scratch4/workspace/jade_fiorilla_student_uml_edu-rawseqorcc/trim-galore-illumina/2024_Both06_Hyp03_O35_gut_S266_R2_001_val_2.fq.gz

=== Summary (Read 1) ===

Total reads processed:               801425
Reads with adapters:                  13615 (1.7%)

=== Summary (Read 2) ===

Total reads processed:               801425
Reads with adapters:                  56064 (7.0%)
R1 reads with poly-G trimmed:           344 (0.0%)
  R1 poly-G bases removed:            42799
R2 reads with poly-G trimmed:           205 (0.0%)
  R2 poly-G bases removed:            29344

=== Paired-end validation ===

Pairs analyzed:                      801425
Pairs removed:                         1373 (0.2%)
Unpaired R1 kept:                      1150
Unpaired R2 kept:                       116
Report: /scratch4/workspace/jade_fiorilla_student_uml_edu-rawseqorcc/trim-galore-illumina/2024_Both06_Hyp03_O35_gut_S266_R1_001.fastq.gz_trimming_report.txt
JSON report: /scratch4/workspace/jade_fiorilla_student_uml_edu-rawseqorcc/trim-galore-illumina/2024_Both06_Hyp03_O35_gut_S266_R1_001.fastq.gz_trimming_report.json
Report: /scratch4/workspace/jade_fiorilla_student_uml_edu-rawseqorcc/trim-galore-illumina/2024_Both06_Hyp03_O35_gut_S266_R2_001.fastq.gz_trimming_report.txt
JSON report: /scratch4/workspace/jade_fiorilla_student_uml_edu-rawseqorcc/trim-galore-illumina/2024_Both06_Hyp03_O35_gut_S266_R2_001.fastq.gz_trimming_report.json

Running FastQC on /scratch4/workspace/jade_fiorilla_student_uml_edu-rawseqorcc/trim-galore-illumina/2024_Both06_Hyp03_O35_gut_S266_R1_001_val_1.fq.gz

Running FastQC on /scratch4/workspace/jade_fiorilla_student_uml_edu-rawseqorcc/trim-galore-illumina/2024_Both06_Hyp03_O35_gut_S266_R2_001_val_2.fq.gz
Running Trim Galore on: 2024_Both06_Hyp06_O72_gill_S193

Trim Galore v2.3.0
unknown — linux/x86_64 — built 2026-06-27T16:23:35Z
==================================================

Using 6 worker threads (parallel trim + compress)
Adapter: Illumina (AGATCGGAAGAGC)

Scanning for poly-G content...
Poly-G trimming: ENABLED (auto-detected). 55961 of 917630 reads (6.10%) have poly-G tails (>=10bp) — consistent with 2-colour chemistry (NovaSeq/NextSeq). To disable: --no_poly_g
Trimming (paired-end):
  R1: /scratch4/workspace/jade_fiorilla_student_uml_edu-rawseqorcc/fastq/2024_Both06_Hyp06_O72_gill_S193_R1_001.fastq.gz
  R2: /scratch4/workspace/jade_fiorilla_student_uml_edu-rawseqorcc/fastq/2024_Both06_Hyp06_O72_gill_S193_R2_001.fastq.gz
  Output R1: /scratch4/workspace/jade_fiorilla_student_uml_edu-rawseqorcc/trim-galore-illumina/2024_Both06_Hyp06_O72_gill_S193_R1_001_val_1.fq.gz
  Output R2: /scratch4/workspace/jade_fiorilla_student_uml_edu-rawseqorcc/trim-galore-illumina/2024_Both06_Hyp06_O72_gill_S193_R2_001_val_2.fq.gz

=== Summary (Read 1) ===

Total reads processed:               917630
Reads with adapters:                   6797 (0.7%)

=== Summary (Read 2) ===

Total reads processed:               917630
Reads with adapters:                  71137 (7.8%)
R1 reads with poly-G trimmed:           678 (0.1%)
  R1 poly-G bases removed:            56545
R2 reads with poly-G trimmed:           311 (0.0%)
  R2 poly-G bases removed:            55039

=== Paired-end validation ===

Pairs analyzed:                      917630
Pairs removed:                         2801 (0.3%)
Unpaired R1 kept:                      2699
Unpaired R2 kept:                        59
Report: /scratch4/workspace/jade_fiorilla_student_uml_edu-rawseqorcc/trim-galore-illumina/2024_Both06_Hyp06_O72_gill_S193_R1_001.fastq.gz_trimming_report.txt
JSON report: /scratch4/workspace/jade_fiorilla_student_uml_edu-rawseqorcc/trim-galore-illumina/2024_Both06_Hyp06_O72_gill_S193_R1_001.fastq.gz_trimming_report.json
Report: /scratch4/workspace/jade_fiorilla_student_uml_edu-rawseqorcc/trim-galore-illumina/2024_Both06_Hyp06_O72_gill_S193_R2_001.fastq.gz_trimming_report.txt
JSON report: /scratch4/workspace/jade_fiorilla_student_uml_edu-rawseqorcc/trim-galore-illumina/2024_Both06_Hyp06_O72_gill_S193_R2_001.fastq.gz_trimming_report.json

Running FastQC on /scratch4/workspace/jade_fiorilla_student_uml_edu-rawseqorcc/trim-galore-illumina/2024_Both06_Hyp06_O72_gill_S193_R1_001_val_1.fq.gz

Running FastQC on /scratch4/workspace/jade_fiorilla_student_uml_edu-rawseqorcc/trim-galore-illumina/2024_Both06_Hyp06_O72_gill_S193_R2_001_val_2.fq.gz
Running Trim Galore on: 2024_Both06_Hyp06_O72_gut_S2

Trim Galore v2.3.0
unknown — linux/x86_64 — built 2026-06-27T16:23:35Z
==================================================

Using 6 worker threads (parallel trim + compress)
Adapter: Illumina (AGATCGGAAGAGC)

Scanning for poly-G content...
Poly-G trimming: ENABLED (auto-detected). 86024 of 1000000 reads (8.60%) have poly-G tails (>=10bp) — consistent with 2-colour chemistry (NovaSeq/NextSeq). To disable: --no_poly_g
Trimming (paired-end):
  R1: /scratch4/workspace/jade_fiorilla_student_uml_edu-rawseqorcc/fastq/2024_Both06_Hyp06_O72_gut_S2_R1_001.fastq.gz
  R2: /scratch4/workspace/jade_fiorilla_student_uml_edu-rawseqorcc/fastq/2024_Both06_Hyp06_O72_gut_S2_R2_001.fastq.gz
  Output R1: /scratch4/workspace/jade_fiorilla_student_uml_edu-rawseqorcc/trim-galore-illumina/2024_Both06_Hyp06_O72_gut_S2_R1_001_val_1.fq.gz
  Output R2: /scratch4/workspace/jade_fiorilla_student_uml_edu-rawseqorcc/trim-galore-illumina/2024_Both06_Hyp06_O72_gut_S2_R2_001_val_2.fq.gz

=== Summary (Read 1) ===

Total reads processed:              1319425
Reads with adapters:                  10458 (0.8%)

=== Summary (Read 2) ===

Total reads processed:              1319425
Reads with adapters:                 125391 (9.5%)
R1 reads with poly-G trimmed:          4690 (0.4%)
  R1 poly-G bases removed:           140655
R2 reads with poly-G trimmed:           481 (0.0%)
  R2 poly-G bases removed:            93387

=== Paired-end validation ===

Pairs analyzed:                     1319425
Pairs removed:                         3465 (0.3%)
Unpaired R1 kept:                      3305
Unpaired R2 kept:                        86
Report: /scratch4/workspace/jade_fiorilla_student_uml_edu-rawseqorcc/trim-galore-illumina/2024_Both06_Hyp06_O72_gut_S2_R1_001.fastq.gz_trimming_report.txt
JSON report: /scratch4/workspace/jade_fiorilla_student_uml_edu-rawseqorcc/trim-galore-illumina/2024_Both06_Hyp06_O72_gut_S2_R1_001.fastq.gz_trimming_report.json
Report: /scratch4/workspace/jade_fiorilla_student_uml_edu-rawseqorcc/trim-galore-illumina/2024_Both06_Hyp06_O72_gut_S2_R2_001.fastq.gz_trimming_report.txt
JSON report: /scratch4/workspace/jade_fiorilla_student_uml_edu-rawseqorcc/trim-galore-illumina/2024_Both06_Hyp06_O72_gut_S2_R2_001.fastq.gz_trimming_report.json

Running FastQC on /scratch4/workspace/jade_fiorilla_student_uml_edu-rawseqorcc/trim-galore-illumina/2024_Both06_Hyp06_O72_gut_S2_R1_001_val_1.fq.gz

Running FastQC on /scratch4/workspace/jade_fiorilla_student_uml_edu-rawseqorcc/trim-galore-illumina/2024_Both06_Hyp06_O72_gut_S2_R2_001_val_2.fq.gz
Running Trim Galore on: 2024_Both06_Null_O47_gill_S74

Trim Galore v2.3.0
unknown — linux/x86_64 — built 2026-06-27T16:23:35Z
==================================================

Using 6 worker threads (parallel trim + compress)
Adapter: Illumina (AGATCGGAAGAGC)

Scanning for poly-G content...
Poly-G trimming: ENABLED (auto-detected). 333864 of 789410 reads (42.29%) have poly-G tails (>=10bp) — consistent with 2-colour chemistry (NovaSeq/NextSeq). To disable: --no_poly_g
Trimming (paired-end):
  R1: /scratch4/workspace/jade_fiorilla_student_uml_edu-rawseqorcc/fastq/2024_Both06_Null_O47_gill_S74_R1_001.fastq.gz
  R2: /scratch4/workspace/jade_fiorilla_student_uml_edu-rawseqorcc/fastq/2024_Both06_Null_O47_gill_S74_R2_001.fastq.gz
  Output R1: /scratch4/workspace/jade_fiorilla_student_uml_edu-rawseqorcc/trim-galore-illumina/2024_Both06_Null_O47_gill_S74_R1_001_val_1.fq.gz
  Output R2: /scratch4/workspace/jade_fiorilla_student_uml_edu-rawseqorcc/trim-galore-illumina/2024_Both06_Null_O47_gill_S74_R2_001_val_2.fq.gz

=== Summary (Read 1) ===

Total reads processed:               789410
Reads with adapters:                  62109 (7.9%)

=== Summary (Read 2) ===

Total reads processed:               789410
Reads with adapters:                 395794 (50.1%)
R1 reads with poly-G trimmed:          9026 (1.1%)
  R1 poly-G bases removed:           384357
R2 reads with poly-G trimmed:           851 (0.1%)
  R2 poly-G bases removed:           148544

=== Paired-end validation ===

Pairs analyzed:                      789410
Pairs removed:                         1620 (0.2%)
Unpaired R1 kept:                      1372
Unpaired R2 kept:                        99
Report: /scratch4/workspace/jade_fiorilla_student_uml_edu-rawseqorcc/trim-galore-illumina/2024_Both06_Null_O47_gill_S74_R1_001.fastq.gz_trimming_report.txt
JSON report: /scratch4/workspace/jade_fiorilla_student_uml_edu-rawseqorcc/trim-galore-illumina/2024_Both06_Null_O47_gill_S74_R1_001.fastq.gz_trimming_report.json
Report: /scratch4/workspace/jade_fiorilla_student_uml_edu-rawseqorcc/trim-galore-illumina/2024_Both06_Null_O47_gill_S74_R2_001.fastq.gz_trimming_report.txt
JSON report: /scratch4/workspace/jade_fiorilla_student_uml_edu-rawseqorcc/trim-galore-illumina/2024_Both06_Null_O47_gill_S74_R2_001.fastq.gz_trimming_report.json

Running FastQC on /scratch4/workspace/jade_fiorilla_student_uml_edu-rawseqorcc/trim-galore-illumina/2024_Both06_Null_O47_gill_S74_R1_001_val_1.fq.gz

Running FastQC on /scratch4/workspace/jade_fiorilla_student_uml_edu-rawseqorcc/trim-galore-illumina/2024_Both06_Null_O47_gill_S74_R2_001_val_2.fq.gz
Running Trim Galore on: 2024_Both06_Null_O47_gut_S75

Trim Galore v2.3.0
unknown — linux/x86_64 — built 2026-06-27T16:23:35Z
==================================================

Using 6 worker threads (parallel trim + compress)
Adapter: Illumina (AGATCGGAAGAGC)

Scanning for poly-G content...
Poly-G trimming: ENABLED (auto-detected). 133928 of 664508 reads (20.15%) have poly-G tails (>=10bp) — consistent with 2-colour chemistry (NovaSeq/NextSeq). To disable: --no_poly_g
Trimming (paired-end):
  R1: /scratch4/workspace/jade_fiorilla_student_uml_edu-rawseqorcc/fastq/2024_Both06_Null_O47_gut_S75_R1_001.fastq.gz
  R2: /scratch4/workspace/jade_fiorilla_student_uml_edu-rawseqorcc/fastq/2024_Both06_Null_O47_gut_S75_R2_001.fastq.gz
  Output R1: /scratch4/workspace/jade_fiorilla_student_uml_edu-rawseqorcc/trim-galore-illumina/2024_Both06_Null_O47_gut_S75_R1_001_val_1.fq.gz
  Output R2: /scratch4/workspace/jade_fiorilla_student_uml_edu-rawseqorcc/trim-galore-illumina/2024_Both06_Null_O47_gut_S75_R2_001_val_2.fq.gz

=== Summary (Read 1) ===

Total reads processed:               664508
Reads with adapters:                  24363 (3.7%)

=== Summary (Read 2) ===

Total reads processed:               664508
Reads with adapters:                 143177 (21.5%)
R1 reads with poly-G trimmed:          3995 (0.6%)
  R1 poly-G bases removed:           153699
R2 reads with poly-G trimmed:           386 (0.1%)
  R2 poly-G bases removed:            68345

=== Paired-end validation ===

Pairs analyzed:                      664508
Pairs removed:                         1353 (0.2%)
Unpaired R1 kept:                      1212
Unpaired R2 kept:                        58
Report: /scratch4/workspace/jade_fiorilla_student_uml_edu-rawseqorcc/trim-galore-illumina/2024_Both06_Null_O47_gut_S75_R1_001.fastq.gz_trimming_report.txt
JSON report: /scratch4/workspace/jade_fiorilla_student_uml_edu-rawseqorcc/trim-galore-illumina/2024_Both06_Null_O47_gut_S75_R1_001.fastq.gz_trimming_report.json
Report: /scratch4/workspace/jade_fiorilla_student_uml_edu-rawseqorcc/trim-galore-illumina/2024_Both06_Null_O47_gut_S75_R2_001.fastq.gz_trimming_report.txt
JSON report: /scratch4/workspace/jade_fiorilla_student_uml_edu-rawseqorcc/trim-galore-illumina/2024_Both06_Null_O47_gut_S75_R2_001.fastq.gz_trimming_report.json

Running FastQC on /scratch4/workspace/jade_fiorilla_student_uml_edu-rawseqorcc/trim-galore-illumina/2024_Both06_Null_O47_gut_S75_R1_001_val_1.fq.gz

Running FastQC on /scratch4/workspace/jade_fiorilla_student_uml_edu-rawseqorcc/trim-galore-illumina/2024_Both06_Null_O47_gut_S75_R2_001_val_2.fq.gz
Running Trim Galore on: 2024_Cont01_Cont04_W37_gill_S151

Trim Galore v2.3.0
unknown — linux/x86_64 — built 2026-06-27T16:23:35Z
==================================================

Using 6 worker threads (parallel trim + compress)
Adapter: Illumina (AGATCGGAAGAGC)

Scanning for poly-G content...
Poly-G trimming: ENABLED (auto-detected). 245893 of 1000000 reads (24.59%) have poly-G tails (>=10bp) — consistent with 2-colour chemistry (NovaSeq/NextSeq). To disable: --no_poly_g
Trimming (paired-end):
  R1: /scratch4/workspace/jade_fiorilla_student_uml_edu-rawseqorcc/fastq/2024_Cont01_Cont04_W37_gill_S151_R1_001.fastq.gz
  R2: /scratch4/workspace/jade_fiorilla_student_uml_edu-rawseqorcc/fastq/2024_Cont01_Cont04_W37_gill_S151_R2_001.fastq.gz
  Output R1: /scratch4/workspace/jade_fiorilla_student_uml_edu-rawseqorcc/trim-galore-illumina/2024_Cont01_Cont04_W37_gill_S151_R1_001_val_1.fq.gz
  Output R2: /scratch4/workspace/jade_fiorilla_student_uml_edu-rawseqorcc/trim-galore-illumina/2024_Cont01_Cont04_W37_gill_S151_R2_001_val_2.fq.gz

=== Summary (Read 1) ===

Total reads processed:              1076437
Reads with adapters:                 120185 (11.2%)

=== Summary (Read 2) ===

Total reads processed:              1076437
Reads with adapters:                 272782 (25.3%)
R1 reads with poly-G trimmed:          1747 (0.2%)
  R1 poly-G bases removed:           262790
R2 reads with poly-G trimmed:           753 (0.1%)
  R2 poly-G bases removed:           136118

=== Paired-end validation ===

Pairs analyzed:                     1076437
Pairs removed:                         2747 (0.3%)
Unpaired R1 kept:                      2458
Unpaired R2 kept:                       129
Report: /scratch4/workspace/jade_fiorilla_student_uml_edu-rawseqorcc/trim-galore-illumina/2024_Cont01_Cont04_W37_gill_S151_R1_001.fastq.gz_trimming_report.txt
JSON report: /scratch4/workspace/jade_fiorilla_student_uml_edu-rawseqorcc/trim-galore-illumina/2024_Cont01_Cont04_W37_gill_S151_R1_001.fastq.gz_trimming_report.json
Report: /scratch4/workspace/jade_fiorilla_student_uml_edu-rawseqorcc/trim-galore-illumina/2024_Cont01_Cont04_W37_gill_S151_R2_001.fastq.gz_trimming_report.txt
JSON report: /scratch4/workspace/jade_fiorilla_student_uml_edu-rawseqorcc/trim-galore-illumina/2024_Cont01_Cont04_W37_gill_S151_R2_001.fastq.gz_trimming_report.json

Running FastQC on /scratch4/workspace/jade_fiorilla_student_uml_edu-rawseqorcc/trim-galore-illumina/2024_Cont01_Cont04_W37_gill_S151_R1_001_val_1.fq.gz

Running FastQC on /scratch4/workspace/jade_fiorilla_student_uml_edu-rawseqorcc/trim-galore-illumina/2024_Cont01_Cont04_W37_gill_S151_R2_001_val_2.fq.gz
Running Trim Galore on: 2024_Cont01_Cont04_W37_gut_S224

Trim Galore v2.3.0
unknown — linux/x86_64 — built 2026-06-27T16:23:35Z
==================================================

Using 6 worker threads (parallel trim + compress)
Adapter: Illumina (AGATCGGAAGAGC)

Scanning for poly-G content...
Poly-G trimming: ENABLED (auto-detected). 32177 of 835926 reads (3.85%) have poly-G tails (>=10bp) — consistent with 2-colour chemistry (NovaSeq/NextSeq). To disable: --no_poly_g
Trimming (paired-end):
  R1: /scratch4/workspace/jade_fiorilla_student_uml_edu-rawseqorcc/fastq/2024_Cont01_Cont04_W37_gut_S224_R1_001.fastq.gz
  R2: /scratch4/workspace/jade_fiorilla_student_uml_edu-rawseqorcc/fastq/2024_Cont01_Cont04_W37_gut_S224_R2_001.fastq.gz
  Output R1: /scratch4/workspace/jade_fiorilla_student_uml_edu-rawseqorcc/trim-galore-illumina/2024_Cont01_Cont04_W37_gut_S224_R1_001_val_1.fq.gz
  Output R2: /scratch4/workspace/jade_fiorilla_student_uml_edu-rawseqorcc/trim-galore-illumina/2024_Cont01_Cont04_W37_gut_S224_R2_001_val_2.fq.gz

=== Summary (Read 1) ===

Total reads processed:               835926
Reads with adapters:                  13412 (1.6%)

=== Summary (Read 2) ===

Total reads processed:               835926
Reads with adapters:                  34861 (4.2%)
R1 reads with poly-G trimmed:           242 (0.0%)
  R1 poly-G bases removed:            31838
R2 reads with poly-G trimmed:           172 (0.0%)
  R2 poly-G bases removed:            33336

=== Paired-end validation ===

Pairs analyzed:                      835926
Pairs removed:                         2007 (0.2%)
Unpaired R1 kept:                      1866
Unpaired R2 kept:                        75
Report: /scratch4/workspace/jade_fiorilla_student_uml_edu-rawseqorcc/trim-galore-illumina/2024_Cont01_Cont04_W37_gut_S224_R1_001.fastq.gz_trimming_report.txt
JSON report: /scratch4/workspace/jade_fiorilla_student_uml_edu-rawseqorcc/trim-galore-illumina/2024_Cont01_Cont04_W37_gut_S224_R1_001.fastq.gz_trimming_report.json
Report: /scratch4/workspace/jade_fiorilla_student_uml_edu-rawseqorcc/trim-galore-illumina/2024_Cont01_Cont04_W37_gut_S224_R2_001.fastq.gz_trimming_report.txt
JSON report: /scratch4/workspace/jade_fiorilla_student_uml_edu-rawseqorcc/trim-galore-illumina/2024_Cont01_Cont04_W37_gut_S224_R2_001.fastq.gz_trimming_report.json

Running FastQC on /scratch4/workspace/jade_fiorilla_student_uml_edu-rawseqorcc/trim-galore-illumina/2024_Cont01_Cont04_W37_gut_S224_R1_001_val_1.fq.gz

Running FastQC on /scratch4/workspace/jade_fiorilla_student_uml_edu-rawseqorcc/trim-galore-illumina/2024_Cont01_Cont04_W37_gut_S224_R2_001_val_2.fq.gz
Running Trim Galore on: 2024_Cont01_Hyp02_W13_gill_S255

Trim Galore v2.3.0
unknown — linux/x86_64 — built 2026-06-27T16:23:35Z
==================================================

Using 6 worker threads (parallel trim + compress)
Adapter: Illumina (AGATCGGAAGAGC)

Scanning for poly-G content...
Poly-G trimming: ENABLED (auto-detected). 3939 of 668174 reads (0.59%) have poly-G tails (>=10bp) — consistent with 2-colour chemistry (NovaSeq/NextSeq). To disable: --no_poly_g
Trimming (paired-end):
  R1: /scratch4/workspace/jade_fiorilla_student_uml_edu-rawseqorcc/fastq/2024_Cont01_Hyp02_W13_gill_S255_R1_001.fastq.gz
  R2: /scratch4/workspace/jade_fiorilla_student_uml_edu-rawseqorcc/fastq/2024_Cont01_Hyp02_W13_gill_S255_R2_001.fastq.gz
  Output R1: /scratch4/workspace/jade_fiorilla_student_uml_edu-rawseqorcc/trim-galore-illumina/2024_Cont01_Hyp02_W13_gill_S255_R1_001_val_1.fq.gz
  Output R2: /scratch4/workspace/jade_fiorilla_student_uml_edu-rawseqorcc/trim-galore-illumina/2024_Cont01_Hyp02_W13_gill_S255_R2_001_val_2.fq.gz

=== Summary (Read 1) ===

Total reads processed:               668174
Reads with adapters:                   4341 (0.6%)

=== Summary (Read 2) ===

Total reads processed:               668174
Reads with adapters:                   8064 (1.2%)
R1 reads with poly-G trimmed:            84 (0.0%)
  R1 poly-G bases removed:             2963
R2 reads with poly-G trimmed:            99 (0.0%)
  R2 poly-G bases removed:            25607

=== Paired-end validation ===

Pairs analyzed:                      668174
Pairs removed:                         1858 (0.3%)
Unpaired R1 kept:                      1736
Unpaired R2 kept:                        71
Report: /scratch4/workspace/jade_fiorilla_student_uml_edu-rawseqorcc/trim-galore-illumina/2024_Cont01_Hyp02_W13_gill_S255_R1_001.fastq.gz_trimming_report.txt
JSON report: /scratch4/workspace/jade_fiorilla_student_uml_edu-rawseqorcc/trim-galore-illumina/2024_Cont01_Hyp02_W13_gill_S255_R1_001.fastq.gz_trimming_report.json
Report: /scratch4/workspace/jade_fiorilla_student_uml_edu-rawseqorcc/trim-galore-illumina/2024_Cont01_Hyp02_W13_gill_S255_R2_001.fastq.gz_trimming_report.txt
JSON report: /scratch4/workspace/jade_fiorilla_student_uml_edu-rawseqorcc/trim-galore-illumina/2024_Cont01_Hyp02_W13_gill_S255_R2_001.fastq.gz_trimming_report.json

Running FastQC on /scratch4/workspace/jade_fiorilla_student_uml_edu-rawseqorcc/trim-galore-illumina/2024_Cont01_Hyp02_W13_gill_S255_R1_001_val_1.fq.gz

Running FastQC on /scratch4/workspace/jade_fiorilla_student_uml_edu-rawseqorcc/trim-galore-illumina/2024_Cont01_Hyp02_W13_gill_S255_R2_001_val_2.fq.gz
Running Trim Galore on: 2024_Cont01_Hyp02_W13_gut_S60

Trim Galore v2.3.0
unknown — linux/x86_64 — built 2026-06-27T16:23:35Z
==================================================

Using 6 worker threads (parallel trim + compress)
Adapter: Illumina (AGATCGGAAGAGC)

Scanning for poly-G content...
Poly-G trimming: ENABLED (auto-detected). 325907 of 967328 reads (33.69%) have poly-G tails (>=10bp) — consistent with 2-colour chemistry (NovaSeq/NextSeq). To disable: --no_poly_g
Trimming (paired-end):
  R1: /scratch4/workspace/jade_fiorilla_student_uml_edu-rawseqorcc/fastq/2024_Cont01_Hyp02_W13_gut_S60_R1_001.fastq.gz
  R2: /scratch4/workspace/jade_fiorilla_student_uml_edu-rawseqorcc/fastq/2024_Cont01_Hyp02_W13_gut_S60_R2_001.fastq.gz
  Output R1: /scratch4/workspace/jade_fiorilla_student_uml_edu-rawseqorcc/trim-galore-illumina/2024_Cont01_Hyp02_W13_gut_S60_R1_001_val_1.fq.gz
  Output R2: /scratch4/workspace/jade_fiorilla_student_uml_edu-rawseqorcc/trim-galore-illumina/2024_Cont01_Hyp02_W13_gut_S60_R2_001_val_2.fq.gz

=== Summary (Read 1) ===

Total reads processed:               967328
Reads with adapters:                   9116 (0.9%)

=== Summary (Read 2) ===

Total reads processed:               967328
Reads with adapters:                 327454 (33.9%)
R1 reads with poly-G trimmed:          3058 (0.3%)
  R1 poly-G bases removed:           318702
R2 reads with poly-G trimmed:           898 (0.1%)
  R2 poly-G bases removed:           154801

=== Paired-end validation ===

Pairs analyzed:                      967328
Pairs removed:                         2919 (0.3%)
Unpaired R1 kept:                      2604
Unpaired R2 kept:                       107
Report: /scratch4/workspace/jade_fiorilla_student_uml_edu-rawseqorcc/trim-galore-illumina/2024_Cont01_Hyp02_W13_gut_S60_R1_001.fastq.gz_trimming_report.txt
JSON report: /scratch4/workspace/jade_fiorilla_student_uml_edu-rawseqorcc/trim-galore-illumina/2024_Cont01_Hyp02_W13_gut_S60_R1_001.fastq.gz_trimming_report.json
Report: /scratch4/workspace/jade_fiorilla_student_uml_edu-rawseqorcc/trim-galore-illumina/2024_Cont01_Hyp02_W13_gut_S60_R2_001.fastq.gz_trimming_report.txt
JSON report: /scratch4/workspace/jade_fiorilla_student_uml_edu-rawseqorcc/trim-galore-illumina/2024_Cont01_Hyp02_W13_gut_S60_R2_001.fastq.gz_trimming_report.json

Running FastQC on /scratch4/workspace/jade_fiorilla_student_uml_edu-rawseqorcc/trim-galore-illumina/2024_Cont01_Hyp02_W13_gut_S60_R1_001_val_1.fq.gz

Running FastQC on /scratch4/workspace/jade_fiorilla_student_uml_edu-rawseqorcc/trim-galore-illumina/2024_Cont01_Hyp02_W13_gut_S60_R2_001_val_2.fq.gz
Running Trim Galore on: 2024_Cont01_Hyp06_W62_gill_S194

Trim Galore v2.3.0
unknown — linux/x86_64 — built 2026-06-27T16:23:35Z
==================================================

Using 6 worker threads (parallel trim + compress)
Adapter: Illumina (AGATCGGAAGAGC)

Scanning for poly-G content...
Poly-G trimming: ENABLED (auto-detected). 21964 of 102139 reads (21.50%) have poly-G tails (>=10bp) — consistent with 2-colour chemistry (NovaSeq/NextSeq). To disable: --no_poly_g
Trimming (paired-end):
  R1: /scratch4/workspace/jade_fiorilla_student_uml_edu-rawseqorcc/fastq/2024_Cont01_Hyp06_W62_gill_S194_R1_001.fastq.gz
  R2: /scratch4/workspace/jade_fiorilla_student_uml_edu-rawseqorcc/fastq/2024_Cont01_Hyp06_W62_gill_S194_R2_001.fastq.gz
  Output R1: /scratch4/workspace/jade_fiorilla_student_uml_edu-rawseqorcc/trim-galore-illumina/2024_Cont01_Hyp06_W62_gill_S194_R1_001_val_1.fq.gz
  Output R2: /scratch4/workspace/jade_fiorilla_student_uml_edu-rawseqorcc/trim-galore-illumina/2024_Cont01_Hyp06_W62_gill_S194_R2_001_val_2.fq.gz

=== Summary (Read 1) ===

Total reads processed:               102139
Reads with adapters:                   1552 (1.5%)

=== Summary (Read 2) ===

Total reads processed:               102139
Reads with adapters:                  23564 (23.1%)
R1 reads with poly-G trimmed:           242 (0.2%)
  R1 poly-G bases removed:            24626
R2 reads with poly-G trimmed:            57 (0.1%)
  R2 poly-G bases removed:            10625

=== Paired-end validation ===

Pairs analyzed:                      102139
Pairs removed:                          462 (0.5%)
Unpaired R1 kept:                       438
Unpaired R2 kept:                        15
Report: /scratch4/workspace/jade_fiorilla_student_uml_edu-rawseqorcc/trim-galore-illumina/2024_Cont01_Hyp06_W62_gill_S194_R1_001.fastq.gz_trimming_report.txt
JSON report: /scratch4/workspace/jade_fiorilla_student_uml_edu-rawseqorcc/trim-galore-illumina/2024_Cont01_Hyp06_W62_gill_S194_R1_001.fastq.gz_trimming_report.json
Report: /scratch4/workspace/jade_fiorilla_student_uml_edu-rawseqorcc/trim-galore-illumina/2024_Cont01_Hyp06_W62_gill_S194_R2_001.fastq.gz_trimming_report.txt
JSON report: /scratch4/workspace/jade_fiorilla_student_uml_edu-rawseqorcc/trim-galore-illumina/2024_Cont01_Hyp06_W62_gill_S194_R2_001.fastq.gz_trimming_report.json

Running FastQC on /scratch4/workspace/jade_fiorilla_student_uml_edu-rawseqorcc/trim-galore-illumina/2024_Cont01_Hyp06_W62_gill_S194_R1_001_val_1.fq.gz

Running FastQC on /scratch4/workspace/jade_fiorilla_student_uml_edu-rawseqorcc/trim-galore-illumina/2024_Cont01_Hyp06_W62_gill_S194_R2_001_val_2.fq.gz
Running Trim Galore on: 2024_Cont01_Hyp06_W62_gut_S195

Trim Galore v2.3.0
unknown — linux/x86_64 — built 2026-06-27T16:23:35Z
==================================================

Using 6 worker threads (parallel trim + compress)
Adapter: Illumina (AGATCGGAAGAGC)

Scanning for poly-G content...
Poly-G trimming: ENABLED (auto-detected). 35262 of 910889 reads (3.87%) have poly-G tails (>=10bp) — consistent with 2-colour chemistry (NovaSeq/NextSeq). To disable: --no_poly_g
Trimming (paired-end):
  R1: /scratch4/workspace/jade_fiorilla_student_uml_edu-rawseqorcc/fastq/2024_Cont01_Hyp06_W62_gut_S195_R1_001.fastq.gz
  R2: /scratch4/workspace/jade_fiorilla_student_uml_edu-rawseqorcc/fastq/2024_Cont01_Hyp06_W62_gut_S195_R2_001.fastq.gz
  Output R1: /scratch4/workspace/jade_fiorilla_student_uml_edu-rawseqorcc/trim-galore-illumina/2024_Cont01_Hyp06_W62_gut_S195_R1_001_val_1.fq.gz
  Output R2: /scratch4/workspace/jade_fiorilla_student_uml_edu-rawseqorcc/trim-galore-illumina/2024_Cont01_Hyp06_W62_gut_S195_R2_001_val_2.fq.gz

=== Summary (Read 1) ===

Total reads processed:               910889
Reads with adapters:                   4631 (0.5%)

=== Summary (Read 2) ===

Total reads processed:               910889
Reads with adapters:                  48707 (5.3%)
R1 reads with poly-G trimmed:           364 (0.0%)
  R1 poly-G bases removed:            30481
R2 reads with poly-G trimmed:           219 (0.0%)
  R2 poly-G bases removed:            44864

=== Paired-end validation ===

Pairs analyzed:                      910889
Pairs removed:                         2559 (0.3%)
Unpaired R1 kept:                      2468
Unpaired R2 kept:                        53
Report: /scratch4/workspace/jade_fiorilla_student_uml_edu-rawseqorcc/trim-galore-illumina/2024_Cont01_Hyp06_W62_gut_S195_R1_001.fastq.gz_trimming_report.txt
JSON report: /scratch4/workspace/jade_fiorilla_student_uml_edu-rawseqorcc/trim-galore-illumina/2024_Cont01_Hyp06_W62_gut_S195_R1_001.fastq.gz_trimming_report.json
Report: /scratch4/workspace/jade_fiorilla_student_uml_edu-rawseqorcc/trim-galore-illumina/2024_Cont01_Hyp06_W62_gut_S195_R2_001.fastq.gz_trimming_report.txt
JSON report: /scratch4/workspace/jade_fiorilla_student_uml_edu-rawseqorcc/trim-galore-illumina/2024_Cont01_Hyp06_W62_gut_S195_R2_001.fastq.gz_trimming_report.json

Running FastQC on /scratch4/workspace/jade_fiorilla_student_uml_edu-rawseqorcc/trim-galore-illumina/2024_Cont01_Hyp06_W62_gut_S195_R1_001_val_1.fq.gz

Running FastQC on /scratch4/workspace/jade_fiorilla_student_uml_edu-rawseqorcc/trim-galore-illumina/2024_Cont01_Hyp06_W62_gut_S195_R2_001_val_2.fq.gz
Running Trim Galore on: 2024_Cont01_Null_W01_gill_S191

Trim Galore v2.3.0
unknown — linux/x86_64 — built 2026-06-27T16:23:35Z
==================================================

Using 6 worker threads (parallel trim + compress)
Adapter: Illumina (AGATCGGAAGAGC)

Scanning for poly-G content...
Poly-G trimming: ENABLED (auto-detected). 305547 of 1000000 reads (30.55%) have poly-G tails (>=10bp) — consistent with 2-colour chemistry (NovaSeq/NextSeq). To disable: --no_poly_g
Trimming (paired-end):
  R1: /scratch4/workspace/jade_fiorilla_student_uml_edu-rawseqorcc/fastq/2024_Cont01_Null_W01_gill_S191_R1_001.fastq.gz
  R2: /scratch4/workspace/jade_fiorilla_student_uml_edu-rawseqorcc/fastq/2024_Cont01_Null_W01_gill_S191_R2_001.fastq.gz
  Output R1: /scratch4/workspace/jade_fiorilla_student_uml_edu-rawseqorcc/trim-galore-illumina/2024_Cont01_Null_W01_gill_S191_R1_001_val_1.fq.gz
  Output R2: /scratch4/workspace/jade_fiorilla_student_uml_edu-rawseqorcc/trim-galore-illumina/2024_Cont01_Null_W01_gill_S191_R2_001_val_2.fq.gz

=== Summary (Read 1) ===

Total reads processed:              1146298
Reads with adapters:                 284891 (24.9%)

=== Summary (Read 2) ===

Total reads processed:              1146298
Reads with adapters:                 408618 (35.6%)
R1 reads with poly-G trimmed:          4067 (0.4%)
  R1 poly-G bases removed:           276873
R2 reads with poly-G trimmed:           884 (0.1%)
  R2 poly-G bases removed:           147839

=== Paired-end validation ===

Pairs analyzed:                     1146298
Pairs removed:                         3345 (0.3%)
Unpaired R1 kept:                      3195
Unpaired R2 kept:                        87
Report: /scratch4/workspace/jade_fiorilla_student_uml_edu-rawseqorcc/trim-galore-illumina/2024_Cont01_Null_W01_gill_S191_R1_001.fastq.gz_trimming_report.txt
JSON report: /scratch4/workspace/jade_fiorilla_student_uml_edu-rawseqorcc/trim-galore-illumina/2024_Cont01_Null_W01_gill_S191_R1_001.fastq.gz_trimming_report.json
Report: /scratch4/workspace/jade_fiorilla_student_uml_edu-rawseqorcc/trim-galore-illumina/2024_Cont01_Null_W01_gill_S191_R2_001.fastq.gz_trimming_report.txt
JSON report: /scratch4/workspace/jade_fiorilla_student_uml_edu-rawseqorcc/trim-galore-illumina/2024_Cont01_Null_W01_gill_S191_R2_001.fastq.gz_trimming_report.json

Running FastQC on /scratch4/workspace/jade_fiorilla_student_uml_edu-rawseqorcc/trim-galore-illumina/2024_Cont01_Null_W01_gill_S191_R1_001_val_1.fq.gz

Running FastQC on /scratch4/workspace/jade_fiorilla_student_uml_edu-rawseqorcc/trim-galore-illumina/2024_Cont01_Null_W01_gill_S191_R2_001_val_2.fq.gz
Running Trim Galore on: 2024_Cont01_Null_W01_gut_S81

Trim Galore v2.3.0
unknown — linux/x86_64 — built 2026-06-27T16:23:35Z
==================================================

Using 6 worker threads (parallel trim + compress)
Adapter: Illumina (AGATCGGAAGAGC)

Scanning for poly-G content...
Poly-G trimming: ENABLED (auto-detected). 660606 of 1000000 reads (66.06%) have poly-G tails (>=10bp) — consistent with 2-colour chemistry (NovaSeq/NextSeq). To disable: --no_poly_g
Trimming (paired-end):
  R1: /scratch4/workspace/jade_fiorilla_student_uml_edu-rawseqorcc/fastq/2024_Cont01_Null_W01_gut_S81_R1_001.fastq.gz
  R2: /scratch4/workspace/jade_fiorilla_student_uml_edu-rawseqorcc/fastq/2024_Cont01_Null_W01_gut_S81_R2_001.fastq.gz
  Output R1: /scratch4/workspace/jade_fiorilla_student_uml_edu-rawseqorcc/trim-galore-illumina/2024_Cont01_Null_W01_gut_S81_R1_001_val_1.fq.gz
  Output R2: /scratch4/workspace/jade_fiorilla_student_uml_edu-rawseqorcc/trim-galore-illumina/2024_Cont01_Null_W01_gut_S81_R2_001_val_2.fq.gz

=== Summary (Read 1) ===

Total reads processed:              1276316
Reads with adapters:                 166557 (13.0%)

=== Summary (Read 2) ===

Total reads processed:              1276316
Reads with adapters:                 851906 (66.7%)
R1 reads with poly-G trimmed:          3751 (0.3%)
  R1 poly-G bases removed:           672043
R2 reads with poly-G trimmed:          2072 (0.2%)
  R2 poly-G bases removed:           367872

=== Paired-end validation ===

Pairs analyzed:                     1276316
Pairs removed:                         3262 (0.3%)
Unpaired R1 kept:                      3007
Unpaired R2 kept:                       101
Report: /scratch4/workspace/jade_fiorilla_student_uml_edu-rawseqorcc/trim-galore-illumina/2024_Cont01_Null_W01_gut_S81_R1_001.fastq.gz_trimming_report.txt
JSON report: /scratch4/workspace/jade_fiorilla_student_uml_edu-rawseqorcc/trim-galore-illumina/2024_Cont01_Null_W01_gut_S81_R1_001.fastq.gz_trimming_report.json
Report: /scratch4/workspace/jade_fiorilla_student_uml_edu-rawseqorcc/trim-galore-illumina/2024_Cont01_Null_W01_gut_S81_R2_001.fastq.gz_trimming_report.txt
JSON report: /scratch4/workspace/jade_fiorilla_student_uml_edu-rawseqorcc/trim-galore-illumina/2024_Cont01_Null_W01_gut_S81_R2_001.fastq.gz_trimming_report.json

Running FastQC on /scratch4/workspace/jade_fiorilla_student_uml_edu-rawseqorcc/trim-galore-illumina/2024_Cont01_Null_W01_gut_S81_R1_001_val_1.fq.gz

Running FastQC on /scratch4/workspace/jade_fiorilla_student_uml_edu-rawseqorcc/trim-galore-illumina/2024_Cont01_Null_W01_gut_S81_R2_001_val_2.fq.gz
Running Trim Galore on: 2024_Cont01_Null_W05_gill_S264

Trim Galore v2.3.0
unknown — linux/x86_64 — built 2026-06-27T16:23:35Z
==================================================

Using 6 worker threads (parallel trim + compress)
Adapter: Illumina (AGATCGGAAGAGC)

Scanning for poly-G content...
Poly-G trimming: ENABLED (auto-detected). 38003 of 713868 reads (5.32%) have poly-G tails (>=10bp) — consistent with 2-colour chemistry (NovaSeq/NextSeq). To disable: --no_poly_g
Trimming (paired-end):
  R1: /scratch4/workspace/jade_fiorilla_student_uml_edu-rawseqorcc/fastq/2024_Cont01_Null_W05_gill_S264_R1_001.fastq.gz
  R2: /scratch4/workspace/jade_fiorilla_student_uml_edu-rawseqorcc/fastq/2024_Cont01_Null_W05_gill_S264_R2_001.fastq.gz
  Output R1: /scratch4/workspace/jade_fiorilla_student_uml_edu-rawseqorcc/trim-galore-illumina/2024_Cont01_Null_W05_gill_S264_R1_001_val_1.fq.gz
  Output R2: /scratch4/workspace/jade_fiorilla_student_uml_edu-rawseqorcc/trim-galore-illumina/2024_Cont01_Null_W05_gill_S264_R2_001_val_2.fq.gz

=== Summary (Read 1) ===

Total reads processed:               713868
Reads with adapters:                  12243 (1.7%)

=== Summary (Read 2) ===

Total reads processed:               713868
Reads with adapters:                  44109 (6.2%)
R1 reads with poly-G trimmed:           310 (0.0%)
  R1 poly-G bases removed:            32476
R2 reads with poly-G trimmed:           146 (0.0%)
  R2 poly-G bases removed:            24539

=== Paired-end validation ===

Pairs analyzed:                      713868
Pairs removed:                         1098 (0.2%)
Unpaired R1 kept:                       963
Unpaired R2 kept:                        78
Report: /scratch4/workspace/jade_fiorilla_student_uml_edu-rawseqorcc/trim-galore-illumina/2024_Cont01_Null_W05_gill_S264_R1_001.fastq.gz_trimming_report.txt
JSON report: /scratch4/workspace/jade_fiorilla_student_uml_edu-rawseqorcc/trim-galore-illumina/2024_Cont01_Null_W05_gill_S264_R1_001.fastq.gz_trimming_report.json
Report: /scratch4/workspace/jade_fiorilla_student_uml_edu-rawseqorcc/trim-galore-illumina/2024_Cont01_Null_W05_gill_S264_R2_001.fastq.gz_trimming_report.txt
JSON report: /scratch4/workspace/jade_fiorilla_student_uml_edu-rawseqorcc/trim-galore-illumina/2024_Cont01_Null_W05_gill_S264_R2_001.fastq.gz_trimming_report.json

Running FastQC on /scratch4/workspace/jade_fiorilla_student_uml_edu-rawseqorcc/trim-galore-illumina/2024_Cont01_Null_W05_gill_S264_R1_001_val_1.fq.gz

Running FastQC on /scratch4/workspace/jade_fiorilla_student_uml_edu-rawseqorcc/trim-galore-illumina/2024_Cont01_Null_W05_gill_S264_R2_001_val_2.fq.gz
Running Trim Galore on: 2024_Cont01_Null_W05_gut_S82

Trim Galore v2.3.0
unknown — linux/x86_64 — built 2026-06-27T16:23:35Z
==================================================

Using 6 worker threads (parallel trim + compress)
Adapter: Illumina (AGATCGGAAGAGC)

Scanning for poly-G content...
Poly-G trimming: ENABLED (auto-detected). 386037 of 828282 reads (46.61%) have poly-G tails (>=10bp) — consistent with 2-colour chemistry (NovaSeq/NextSeq). To disable: --no_poly_g
Trimming (paired-end):
  R1: /scratch4/workspace/jade_fiorilla_student_uml_edu-rawseqorcc/fastq/2024_Cont01_Null_W05_gut_S82_R1_001.fastq.gz
  R2: /scratch4/workspace/jade_fiorilla_student_uml_edu-rawseqorcc/fastq/2024_Cont01_Null_W05_gut_S82_R2_001.fastq.gz
  Output R1: /scratch4/workspace/jade_fiorilla_student_uml_edu-rawseqorcc/trim-galore-illumina/2024_Cont01_Null_W05_gut_S82_R1_001_val_1.fq.gz
  Output R2: /scratch4/workspace/jade_fiorilla_student_uml_edu-rawseqorcc/trim-galore-illumina/2024_Cont01_Null_W05_gut_S82_R2_001_val_2.fq.gz

=== Summary (Read 1) ===

Total reads processed:               828282
Reads with adapters:                  74335 (9.0%)

=== Summary (Read 2) ===

Total reads processed:               828282
Reads with adapters:                 389537 (47.0%)
R1 reads with poly-G trimmed:          1763 (0.2%)
  R1 poly-G bases removed:           307787
R2 reads with poly-G trimmed:           966 (0.1%)
  R2 poly-G bases removed:           162756

=== Paired-end validation ===

Pairs analyzed:                      828282
Pairs removed:                         2236 (0.3%)
Unpaired R1 kept:                      2002
Unpaired R2 kept:                        78
Report: /scratch4/workspace/jade_fiorilla_student_uml_edu-rawseqorcc/trim-galore-illumina/2024_Cont01_Null_W05_gut_S82_R1_001.fastq.gz_trimming_report.txt
JSON report: /scratch4/workspace/jade_fiorilla_student_uml_edu-rawseqorcc/trim-galore-illumina/2024_Cont01_Null_W05_gut_S82_R1_001.fastq.gz_trimming_report.json
Report: /scratch4/workspace/jade_fiorilla_student_uml_edu-rawseqorcc/trim-galore-illumina/2024_Cont01_Null_W05_gut_S82_R2_001.fastq.gz_trimming_report.txt
JSON report: /scratch4/workspace/jade_fiorilla_student_uml_edu-rawseqorcc/trim-galore-illumina/2024_Cont01_Null_W05_gut_S82_R2_001.fastq.gz_trimming_report.json

Running FastQC on /scratch4/workspace/jade_fiorilla_student_uml_edu-rawseqorcc/trim-galore-illumina/2024_Cont01_Null_W05_gut_S82_R1_001_val_1.fq.gz

Running FastQC on /scratch4/workspace/jade_fiorilla_student_uml_edu-rawseqorcc/trim-galore-illumina/2024_Cont01_Null_W05_gut_S82_R2_001_val_2.fq.gz
Running Trim Galore on: 2024_Cont02_Both02_W16_gill_S246

Trim Galore v2.3.0
unknown — linux/x86_64 — built 2026-06-27T16:23:35Z
==================================================

Using 6 worker threads (parallel trim + compress)
Adapter: Illumina (AGATCGGAAGAGC)

Scanning for poly-G content...
Poly-G trimming: ENABLED (auto-detected). 200309 of 723750 reads (27.68%) have poly-G tails (>=10bp) — consistent with 2-colour chemistry (NovaSeq/NextSeq). To disable: --no_poly_g
Trimming (paired-end):
  R1: /scratch4/workspace/jade_fiorilla_student_uml_edu-rawseqorcc/fastq/2024_Cont02_Both02_W16_gill_S246_R1_001.fastq.gz
  R2: /scratch4/workspace/jade_fiorilla_student_uml_edu-rawseqorcc/fastq/2024_Cont02_Both02_W16_gill_S246_R2_001.fastq.gz
  Output R1: /scratch4/workspace/jade_fiorilla_student_uml_edu-rawseqorcc/trim-galore-illumina/2024_Cont02_Both02_W16_gill_S246_R1_001_val_1.fq.gz
  Output R2: /scratch4/workspace/jade_fiorilla_student_uml_edu-rawseqorcc/trim-galore-illumina/2024_Cont02_Both02_W16_gill_S246_R2_001_val_2.fq.gz

=== Summary (Read 1) ===

Total reads processed:               723750
Reads with adapters:                  30091 (4.2%)

=== Summary (Read 2) ===

Total reads processed:               723750
Reads with adapters:                 277166 (38.3%)
R1 reads with poly-G trimmed:          1961 (0.3%)
  R1 poly-G bases removed:            67601
R2 reads with poly-G trimmed:           448 (0.1%)
  R2 poly-G bases removed:            47408

=== Paired-end validation ===

Pairs analyzed:                      723750
Pairs removed:                         1975 (0.3%)
Unpaired R1 kept:                      1889
Unpaired R2 kept:                        44
Report: /scratch4/workspace/jade_fiorilla_student_uml_edu-rawseqorcc/trim-galore-illumina/2024_Cont02_Both02_W16_gill_S246_R1_001.fastq.gz_trimming_report.txt
JSON report: /scratch4/workspace/jade_fiorilla_student_uml_edu-rawseqorcc/trim-galore-illumina/2024_Cont02_Both02_W16_gill_S246_R1_001.fastq.gz_trimming_report.json
Report: /scratch4/workspace/jade_fiorilla_student_uml_edu-rawseqorcc/trim-galore-illumina/2024_Cont02_Both02_W16_gill_S246_R2_001.fastq.gz_trimming_report.txt
JSON report: /scratch4/workspace/jade_fiorilla_student_uml_edu-rawseqorcc/trim-galore-illumina/2024_Cont02_Both02_W16_gill_S246_R2_001.fastq.gz_trimming_report.json

Running FastQC on /scratch4/workspace/jade_fiorilla_student_uml_edu-rawseqorcc/trim-galore-illumina/2024_Cont02_Both02_W16_gill_S246_R1_001_val_1.fq.gz

Running FastQC on /scratch4/workspace/jade_fiorilla_student_uml_edu-rawseqorcc/trim-galore-illumina/2024_Cont02_Both02_W16_gill_S246_R2_001_val_2.fq.gz
Running Trim Galore on: 2024_Cont02_Both02_W16_gut_S39

Trim Galore v2.3.0
unknown — linux/x86_64 — built 2026-06-27T16:23:35Z
==================================================

Using 6 worker threads (parallel trim + compress)
Adapter: Illumina (AGATCGGAAGAGC)

Scanning for poly-G content...
Poly-G trimming: ENABLED (auto-detected). 835874 of 1000000 reads (83.59%) have poly-G tails (>=10bp) — consistent with 2-colour chemistry (NovaSeq/NextSeq). To disable: --no_poly_g
Trimming (paired-end):
  R1: /scratch4/workspace/jade_fiorilla_student_uml_edu-rawseqorcc/fastq/2024_Cont02_Both02_W16_gut_S39_R1_001.fastq.gz
  R2: /scratch4/workspace/jade_fiorilla_student_uml_edu-rawseqorcc/fastq/2024_Cont02_Both02_W16_gut_S39_R2_001.fastq.gz
  Output R1: /scratch4/workspace/jade_fiorilla_student_uml_edu-rawseqorcc/trim-galore-illumina/2024_Cont02_Both02_W16_gut_S39_R1_001_val_1.fq.gz
  Output R2: /scratch4/workspace/jade_fiorilla_student_uml_edu-rawseqorcc/trim-galore-illumina/2024_Cont02_Both02_W16_gut_S39_R2_001_val_2.fq.gz

=== Summary (Read 1) ===

Total reads processed:              1019168
Reads with adapters:                 113144 (11.1%)

=== Summary (Read 2) ===

Total reads processed:              1019168
Reads with adapters:                 862871 (84.7%)
R1 reads with poly-G trimmed:         10707 (1.1%)
  R1 poly-G bases removed:           897770
R2 reads with poly-G trimmed:          1996 (0.2%)
  R2 poly-G bases removed:           368249

=== Paired-end validation ===

Pairs analyzed:                     1019168
Pairs removed:                         2135 (0.2%)
Unpaired R1 kept:                      1923
Unpaired R2 kept:                        46
Report: /scratch4/workspace/jade_fiorilla_student_uml_edu-rawseqorcc/trim-galore-illumina/2024_Cont02_Both02_W16_gut_S39_R1_001.fastq.gz_trimming_report.txt
JSON report: /scratch4/workspace/jade_fiorilla_student_uml_edu-rawseqorcc/trim-galore-illumina/2024_Cont02_Both02_W16_gut_S39_R1_001.fastq.gz_trimming_report.json
Report: /scratch4/workspace/jade_fiorilla_student_uml_edu-rawseqorcc/trim-galore-illumina/2024_Cont02_Both02_W16_gut_S39_R2_001.fastq.gz_trimming_report.txt
JSON report: /scratch4/workspace/jade_fiorilla_student_uml_edu-rawseqorcc/trim-galore-illumina/2024_Cont02_Both02_W16_gut_S39_R2_001.fastq.gz_trimming_report.json

Running FastQC on /scratch4/workspace/jade_fiorilla_student_uml_edu-rawseqorcc/trim-galore-illumina/2024_Cont02_Both02_W16_gut_S39_R1_001_val_1.fq.gz

Running FastQC on /scratch4/workspace/jade_fiorilla_student_uml_edu-rawseqorcc/trim-galore-illumina/2024_Cont02_Both02_W16_gut_S39_R2_001_val_2.fq.gz
Running Trim Galore on: 2024_Cont02_Cont01_W3_gill_S214

Trim Galore v2.3.0
unknown — linux/x86_64 — built 2026-06-27T16:23:35Z
==================================================

Using 6 worker threads (parallel trim + compress)
Adapter: Illumina (AGATCGGAAGAGC)

Scanning for poly-G content...
Poly-G trimming: ENABLED (auto-detected). 189028 of 863875 reads (21.88%) have poly-G tails (>=10bp) — consistent with 2-colour chemistry (NovaSeq/NextSeq). To disable: --no_poly_g
Trimming (paired-end):
  R1: /scratch4/workspace/jade_fiorilla_student_uml_edu-rawseqorcc/fastq/2024_Cont02_Cont01_W3_gill_S214_R1_001.fastq.gz
  R2: /scratch4/workspace/jade_fiorilla_student_uml_edu-rawseqorcc/fastq/2024_Cont02_Cont01_W3_gill_S214_R2_001.fastq.gz
  Output R1: /scratch4/workspace/jade_fiorilla_student_uml_edu-rawseqorcc/trim-galore-illumina/2024_Cont02_Cont01_W3_gill_S214_R1_001_val_1.fq.gz
  Output R2: /scratch4/workspace/jade_fiorilla_student_uml_edu-rawseqorcc/trim-galore-illumina/2024_Cont02_Cont01_W3_gill_S214_R2_001_val_2.fq.gz

=== Summary (Read 1) ===

Total reads processed:               863875
Reads with adapters:                  68571 (7.9%)

=== Summary (Read 2) ===

Total reads processed:               863875
Reads with adapters:                 194710 (22.5%)
R1 reads with poly-G trimmed:          1251 (0.1%)
  R1 poly-G bases removed:           123039
R2 reads with poly-G trimmed:           991 (0.1%)
  R2 poly-G bases removed:            76619

=== Paired-end validation ===

Pairs analyzed:                      863875
Pairs removed:                         1245 (0.1%)
Unpaired R1 kept:                      1135
Unpaired R2 kept:                        53
Report: /scratch4/workspace/jade_fiorilla_student_uml_edu-rawseqorcc/trim-galore-illumina/2024_Cont02_Cont01_W3_gill_S214_R1_001.fastq.gz_trimming_report.txt
JSON report: /scratch4/workspace/jade_fiorilla_student_uml_edu-rawseqorcc/trim-galore-illumina/2024_Cont02_Cont01_W3_gill_S214_R1_001.fastq.gz_trimming_report.json
Report: /scratch4/workspace/jade_fiorilla_student_uml_edu-rawseqorcc/trim-galore-illumina/2024_Cont02_Cont01_W3_gill_S214_R2_001.fastq.gz_trimming_report.txt
JSON report: /scratch4/workspace/jade_fiorilla_student_uml_edu-rawseqorcc/trim-galore-illumina/2024_Cont02_Cont01_W3_gill_S214_R2_001.fastq.gz_trimming_report.json

Running FastQC on /scratch4/workspace/jade_fiorilla_student_uml_edu-rawseqorcc/trim-galore-illumina/2024_Cont02_Cont01_W3_gill_S214_R1_001_val_1.fq.gz

Running FastQC on /scratch4/workspace/jade_fiorilla_student_uml_edu-rawseqorcc/trim-galore-illumina/2024_Cont02_Cont01_W3_gill_S214_R2_001_val_2.fq.gz
Running Trim Galore on: 2024_Cont02_Cont01_W3_gut_S31

Trim Galore v2.3.0
unknown — linux/x86_64 — built 2026-06-27T16:23:35Z
==================================================

Using 6 worker threads (parallel trim + compress)
Adapter: Illumina (AGATCGGAAGAGC)

Scanning for poly-G content...
Poly-G trimming: ENABLED (auto-detected). 275734 of 1000000 reads (27.57%) have poly-G tails (>=10bp) — consistent with 2-colour chemistry (NovaSeq/NextSeq). To disable: --no_poly_g
Trimming (paired-end):
  R1: /scratch4/workspace/jade_fiorilla_student_uml_edu-rawseqorcc/fastq/2024_Cont02_Cont01_W3_gut_S31_R1_001.fastq.gz
  R2: /scratch4/workspace/jade_fiorilla_student_uml_edu-rawseqorcc/fastq/2024_Cont02_Cont01_W3_gut_S31_R2_001.fastq.gz
  Output R1: /scratch4/workspace/jade_fiorilla_student_uml_edu-rawseqorcc/trim-galore-illumina/2024_Cont02_Cont01_W3_gut_S31_R1_001_val_1.fq.gz
  Output R2: /scratch4/workspace/jade_fiorilla_student_uml_edu-rawseqorcc/trim-galore-illumina/2024_Cont02_Cont01_W3_gut_S31_R2_001_val_2.fq.gz

=== Summary (Read 1) ===

Total reads processed:              1052434
Reads with adapters:                  95113 (9.0%)

=== Summary (Read 2) ===

Total reads processed:              1052434
Reads with adapters:                 297816 (28.3%)
R1 reads with poly-G trimmed:          1631 (0.2%)
  R1 poly-G bases removed:           270536
R2 reads with poly-G trimmed:          1089 (0.1%)
  R2 poly-G bases removed:           142406

=== Paired-end validation ===

Pairs analyzed:                     1052434
Pairs removed:                         1987 (0.2%)
Unpaired R1 kept:                      1696
Unpaired R2 kept:                       103
Report: /scratch4/workspace/jade_fiorilla_student_uml_edu-rawseqorcc/trim-galore-illumina/2024_Cont02_Cont01_W3_gut_S31_R1_001.fastq.gz_trimming_report.txt
JSON report: /scratch4/workspace/jade_fiorilla_student_uml_edu-rawseqorcc/trim-galore-illumina/2024_Cont02_Cont01_W3_gut_S31_R1_001.fastq.gz_trimming_report.json
Report: /scratch4/workspace/jade_fiorilla_student_uml_edu-rawseqorcc/trim-galore-illumina/2024_Cont02_Cont01_W3_gut_S31_R2_001.fastq.gz_trimming_report.txt
JSON report: /scratch4/workspace/jade_fiorilla_student_uml_edu-rawseqorcc/trim-galore-illumina/2024_Cont02_Cont01_W3_gut_S31_R2_001.fastq.gz_trimming_report.json

Running FastQC on /scratch4/workspace/jade_fiorilla_student_uml_edu-rawseqorcc/trim-galore-illumina/2024_Cont02_Cont01_W3_gut_S31_R1_001_val_1.fq.gz

Running FastQC on /scratch4/workspace/jade_fiorilla_student_uml_edu-rawseqorcc/trim-galore-illumina/2024_Cont02_Cont01_W3_gut_S31_R2_001_val_2.fq.gz
Running Trim Galore on: 2024_Cont02_Hyp01_W4_gill_S136

Trim Galore v2.3.0
unknown — linux/x86_64 — built 2026-06-27T16:23:35Z
==================================================

Using 6 worker threads (parallel trim + compress)
Adapter: Illumina (AGATCGGAAGAGC)

Scanning for poly-G content...
Poly-G trimming: ENABLED (auto-detected). 600349 of 1000000 reads (60.03%) have poly-G tails (>=10bp) — consistent with 2-colour chemistry (NovaSeq/NextSeq). To disable: --no_poly_g
Trimming (paired-end):
  R1: /scratch4/workspace/jade_fiorilla_student_uml_edu-rawseqorcc/fastq/2024_Cont02_Hyp01_W4_gill_S136_R1_001.fastq.gz
  R2: /scratch4/workspace/jade_fiorilla_student_uml_edu-rawseqorcc/fastq/2024_Cont02_Hyp01_W4_gill_S136_R2_001.fastq.gz
  Output R1: /scratch4/workspace/jade_fiorilla_student_uml_edu-rawseqorcc/trim-galore-illumina/2024_Cont02_Hyp01_W4_gill_S136_R1_001_val_1.fq.gz
  Output R2: /scratch4/workspace/jade_fiorilla_student_uml_edu-rawseqorcc/trim-galore-illumina/2024_Cont02_Hyp01_W4_gill_S136_R2_001_val_2.fq.gz

=== Summary (Read 1) ===

Total reads processed:              2077617
Reads with adapters:                  21280 (1.0%)

=== Summary (Read 2) ===

Total reads processed:              2077617
Reads with adapters:                1332420 (64.1%)
R1 reads with poly-G trimmed:         91256 (4.4%)
  R1 poly-G bases removed:          1366832
R2 reads with poly-G trimmed:          3050 (0.1%)
  R2 poly-G bases removed:           448948

=== Paired-end validation ===

Pairs analyzed:                     2077617
Pairs removed:                         3954 (0.2%)
Unpaired R1 kept:                      3488
Unpaired R2 kept:                       189
Report: /scratch4/workspace/jade_fiorilla_student_uml_edu-rawseqorcc/trim-galore-illumina/2024_Cont02_Hyp01_W4_gill_S136_R1_001.fastq.gz_trimming_report.txt
JSON report: /scratch4/workspace/jade_fiorilla_student_uml_edu-rawseqorcc/trim-galore-illumina/2024_Cont02_Hyp01_W4_gill_S136_R1_001.fastq.gz_trimming_report.json
Report: /scratch4/workspace/jade_fiorilla_student_uml_edu-rawseqorcc/trim-galore-illumina/2024_Cont02_Hyp01_W4_gill_S136_R2_001.fastq.gz_trimming_report.txt
JSON report: /scratch4/workspace/jade_fiorilla_student_uml_edu-rawseqorcc/trim-galore-illumina/2024_Cont02_Hyp01_W4_gill_S136_R2_001.fastq.gz_trimming_report.json

Running FastQC on /scratch4/workspace/jade_fiorilla_student_uml_edu-rawseqorcc/trim-galore-illumina/2024_Cont02_Hyp01_W4_gill_S136_R1_001_val_1.fq.gz

Running FastQC on /scratch4/workspace/jade_fiorilla_student_uml_edu-rawseqorcc/trim-galore-illumina/2024_Cont02_Hyp01_W4_gill_S136_R2_001_val_2.fq.gz
Running Trim Galore on: 2024_Cont02_Hyp01_W4_gut_S137

Trim Galore v2.3.0
unknown — linux/x86_64 — built 2026-06-27T16:23:35Z
==================================================

Using 6 worker threads (parallel trim + compress)
Adapter: Illumina (AGATCGGAAGAGC)

Scanning for poly-G content...
Poly-G trimming: ENABLED (auto-detected). 145567 of 1000000 reads (14.56%) have poly-G tails (>=10bp) — consistent with 2-colour chemistry (NovaSeq/NextSeq). To disable: --no_poly_g
Trimming (paired-end):
  R1: /scratch4/workspace/jade_fiorilla_student_uml_edu-rawseqorcc/fastq/2024_Cont02_Hyp01_W4_gut_S137_R1_001.fastq.gz
  R2: /scratch4/workspace/jade_fiorilla_student_uml_edu-rawseqorcc/fastq/2024_Cont02_Hyp01_W4_gut_S137_R2_001.fastq.gz
  Output R1: /scratch4/workspace/jade_fiorilla_student_uml_edu-rawseqorcc/trim-galore-illumina/2024_Cont02_Hyp01_W4_gut_S137_R1_001_val_1.fq.gz
  Output R2: /scratch4/workspace/jade_fiorilla_student_uml_edu-rawseqorcc/trim-galore-illumina/2024_Cont02_Hyp01_W4_gut_S137_R2_001_val_2.fq.gz

=== Summary (Read 1) ===

Total reads processed:              1177209
Reads with adapters:                   6854 (0.6%)

=== Summary (Read 2) ===

Total reads processed:              1177209
Reads with adapters:                 179765 (15.3%)
R1 reads with poly-G trimmed:         15150 (1.3%)
  R1 poly-G bases removed:           226161
R2 reads with poly-G trimmed:           513 (0.0%)
  R2 poly-G bases removed:            83458

=== Paired-end validation ===

Pairs analyzed:                     1177209
Pairs removed:                         2514 (0.2%)
Unpaired R1 kept:                      2160
Unpaired R2 kept:                       176
Report: /scratch4/workspace/jade_fiorilla_student_uml_edu-rawseqorcc/trim-galore-illumina/2024_Cont02_Hyp01_W4_gut_S137_R1_001.fastq.gz_trimming_report.txt
JSON report: /scratch4/workspace/jade_fiorilla_student_uml_edu-rawseqorcc/trim-galore-illumina/2024_Cont02_Hyp01_W4_gut_S137_R1_001.fastq.gz_trimming_report.json
Report: /scratch4/workspace/jade_fiorilla_student_uml_edu-rawseqorcc/trim-galore-illumina/2024_Cont02_Hyp01_W4_gut_S137_R2_001.fastq.gz_trimming_report.txt
JSON report: /scratch4/workspace/jade_fiorilla_student_uml_edu-rawseqorcc/trim-galore-illumina/2024_Cont02_Hyp01_W4_gut_S137_R2_001.fastq.gz_trimming_report.json

Running FastQC on /scratch4/workspace/jade_fiorilla_student_uml_edu-rawseqorcc/trim-galore-illumina/2024_Cont02_Hyp01_W4_gut_S137_R1_001_val_1.fq.gz

Running FastQC on /scratch4/workspace/jade_fiorilla_student_uml_edu-rawseqorcc/trim-galore-illumina/2024_Cont02_Hyp01_W4_gut_S137_R2_001_val_2.fq.gz
Running Trim Galore on: 2024_Cont02_Null_W15_gill_S83

Trim Galore v2.3.0
unknown — linux/x86_64 — built 2026-06-27T16:23:35Z
==================================================

Using 6 worker threads (parallel trim + compress)
Adapter: Illumina (AGATCGGAAGAGC)

Scanning for poly-G content...
Poly-G trimming: ENABLED (auto-detected). 709521 of 1000000 reads (70.95%) have poly-G tails (>=10bp) — consistent with 2-colour chemistry (NovaSeq/NextSeq). To disable: --no_poly_g
Trimming (paired-end):
  R1: /scratch4/workspace/jade_fiorilla_student_uml_edu-rawseqorcc/fastq/2024_Cont02_Null_W15_gill_S83_R1_001.fastq.gz
  R2: /scratch4/workspace/jade_fiorilla_student_uml_edu-rawseqorcc/fastq/2024_Cont02_Null_W15_gill_S83_R2_001.fastq.gz
  Output R1: /scratch4/workspace/jade_fiorilla_student_uml_edu-rawseqorcc/trim-galore-illumina/2024_Cont02_Null_W15_gill_S83_R1_001_val_1.fq.gz
  Output R2: /scratch4/workspace/jade_fiorilla_student_uml_edu-rawseqorcc/trim-galore-illumina/2024_Cont02_Null_W15_gill_S83_R2_001_val_2.fq.gz

=== Summary (Read 1) ===

Total reads processed:              1029704
Reads with adapters:                 138357 (13.4%)

=== Summary (Read 2) ===

Total reads processed:              1029704
Reads with adapters:                 734203 (71.3%)
R1 reads with poly-G trimmed:          3223 (0.3%)
  R1 poly-G bases removed:           585200
R2 reads with poly-G trimmed:          1860 (0.2%)
  R2 poly-G bases removed:           331676

=== Paired-end validation ===

Pairs analyzed:                     1029704
Pairs removed:                         2672 (0.3%)
Unpaired R1 kept:                      2443
Unpaired R2 kept:                        72
Report: /scratch4/workspace/jade_fiorilla_student_uml_edu-rawseqorcc/trim-galore-illumina/2024_Cont02_Null_W15_gill_S83_R1_001.fastq.gz_trimming_report.txt
JSON report: /scratch4/workspace/jade_fiorilla_student_uml_edu-rawseqorcc/trim-galore-illumina/2024_Cont02_Null_W15_gill_S83_R1_001.fastq.gz_trimming_report.json
Report: /scratch4/workspace/jade_fiorilla_student_uml_edu-rawseqorcc/trim-galore-illumina/2024_Cont02_Null_W15_gill_S83_R2_001.fastq.gz_trimming_report.txt
JSON report: /scratch4/workspace/jade_fiorilla_student_uml_edu-rawseqorcc/trim-galore-illumina/2024_Cont02_Null_W15_gill_S83_R2_001.fastq.gz_trimming_report.json

Running FastQC on /scratch4/workspace/jade_fiorilla_student_uml_edu-rawseqorcc/trim-galore-illumina/2024_Cont02_Null_W15_gill_S83_R1_001_val_1.fq.gz

Running FastQC on /scratch4/workspace/jade_fiorilla_student_uml_edu-rawseqorcc/trim-galore-illumina/2024_Cont02_Null_W15_gill_S83_R2_001_val_2.fq.gz
Running Trim Galore on: 2024_Cont02_Null_W15_gut_S84

Trim Galore v2.3.0
unknown — linux/x86_64 — built 2026-06-27T16:23:35Z
==================================================

Using 6 worker threads (parallel trim + compress)
Adapter: Illumina (AGATCGGAAGAGC)

Scanning for poly-G content...
Poly-G trimming: ENABLED (auto-detected). 488855 of 883866 reads (55.31%) have poly-G tails (>=10bp) — consistent with 2-colour chemistry (NovaSeq/NextSeq). To disable: --no_poly_g
Trimming (paired-end):
  R1: /scratch4/workspace/jade_fiorilla_student_uml_edu-rawseqorcc/fastq/2024_Cont02_Null_W15_gut_S84_R1_001.fastq.gz
  R2: /scratch4/workspace/jade_fiorilla_student_uml_edu-rawseqorcc/fastq/2024_Cont02_Null_W15_gut_S84_R2_001.fastq.gz
  Output R1: /scratch4/workspace/jade_fiorilla_student_uml_edu-rawseqorcc/trim-galore-illumina/2024_Cont02_Null_W15_gut_S84_R1_001_val_1.fq.gz
  Output R2: /scratch4/workspace/jade_fiorilla_student_uml_edu-rawseqorcc/trim-galore-illumina/2024_Cont02_Null_W15_gut_S84_R2_001_val_2.fq.gz

=== Summary (Read 1) ===

Total reads processed:               883866
Reads with adapters:                  92606 (10.5%)

=== Summary (Read 2) ===

Total reads processed:               883866
Reads with adapters:                 487084 (55.1%)
R1 reads with poly-G trimmed:          2201 (0.2%)
  R1 poly-G bases removed:           392356
R2 reads with poly-G trimmed:          1331 (0.2%)
  R2 poly-G bases removed:           235030

=== Paired-end validation ===

Pairs analyzed:                      883866
Pairs removed:                         2616 (0.3%)
Unpaired R1 kept:                      2374
Unpaired R2 kept:                        72
Report: /scratch4/workspace/jade_fiorilla_student_uml_edu-rawseqorcc/trim-galore-illumina/2024_Cont02_Null_W15_gut_S84_R1_001.fastq.gz_trimming_report.txt
JSON report: /scratch4/workspace/jade_fiorilla_student_uml_edu-rawseqorcc/trim-galore-illumina/2024_Cont02_Null_W15_gut_S84_R1_001.fastq.gz_trimming_report.json
Report: /scratch4/workspace/jade_fiorilla_student_uml_edu-rawseqorcc/trim-galore-illumina/2024_Cont02_Null_W15_gut_S84_R2_001.fastq.gz_trimming_report.txt
JSON report: /scratch4/workspace/jade_fiorilla_student_uml_edu-rawseqorcc/trim-galore-illumina/2024_Cont02_Null_W15_gut_S84_R2_001.fastq.gz_trimming_report.json

Running FastQC on /scratch4/workspace/jade_fiorilla_student_uml_edu-rawseqorcc/trim-galore-illumina/2024_Cont02_Null_W15_gut_S84_R1_001_val_1.fq.gz

Running FastQC on /scratch4/workspace/jade_fiorilla_student_uml_edu-rawseqorcc/trim-galore-illumina/2024_Cont02_Null_W15_gut_S84_R2_001_val_2.fq.gz
Running Trim Galore on: 2024_Cont02_Warm02_W15_gill_S196

Trim Galore v2.3.0
unknown — linux/x86_64 — built 2026-06-27T16:23:35Z
==================================================

Using 6 worker threads (parallel trim + compress)
Adapter: Illumina (AGATCGGAAGAGC)

Scanning for poly-G content...
Poly-G trimming: ENABLED (auto-detected). 473968 of 1000000 reads (47.40%) have poly-G tails (>=10bp) — consistent with 2-colour chemistry (NovaSeq/NextSeq). To disable: --no_poly_g
Trimming (paired-end):
  R1: /scratch4/workspace/jade_fiorilla_student_uml_edu-rawseqorcc/fastq/2024_Cont02_Warm02_W15_gill_S196_R1_001.fastq.gz
  R2: /scratch4/workspace/jade_fiorilla_student_uml_edu-rawseqorcc/fastq/2024_Cont02_Warm02_W15_gill_S196_R2_001.fastq.gz
  Output R1: /scratch4/workspace/jade_fiorilla_student_uml_edu-rawseqorcc/trim-galore-illumina/2024_Cont02_Warm02_W15_gill_S196_R1_001_val_1.fq.gz
  Output R2: /scratch4/workspace/jade_fiorilla_student_uml_edu-rawseqorcc/trim-galore-illumina/2024_Cont02_Warm02_W15_gill_S196_R2_001_val_2.fq.gz

=== Summary (Read 1) ===

Total reads processed:              1159104
Reads with adapters:                  26132 (2.3%)

=== Summary (Read 2) ===

Total reads processed:              1159104
Reads with adapters:                 563414 (48.6%)
R1 reads with poly-G trimmed:          4115 (0.4%)
  R1 poly-G bases removed:           490456
R2 reads with poly-G trimmed:          1454 (0.1%)
  R2 poly-G bases removed:           249595

=== Paired-end validation ===

Pairs analyzed:                     1159104
Pairs removed:                         3580 (0.3%)
Unpaired R1 kept:                      3333
Unpaired R2 kept:                       108
Report: /scratch4/workspace/jade_fiorilla_student_uml_edu-rawseqorcc/trim-galore-illumina/2024_Cont02_Warm02_W15_gill_S196_R1_001.fastq.gz_trimming_report.txt
JSON report: /scratch4/workspace/jade_fiorilla_student_uml_edu-rawseqorcc/trim-galore-illumina/2024_Cont02_Warm02_W15_gill_S196_R1_001.fastq.gz_trimming_report.json
Report: /scratch4/workspace/jade_fiorilla_student_uml_edu-rawseqorcc/trim-galore-illumina/2024_Cont02_Warm02_W15_gill_S196_R2_001.fastq.gz_trimming_report.txt
JSON report: /scratch4/workspace/jade_fiorilla_student_uml_edu-rawseqorcc/trim-galore-illumina/2024_Cont02_Warm02_W15_gill_S196_R2_001.fastq.gz_trimming_report.json

Running FastQC on /scratch4/workspace/jade_fiorilla_student_uml_edu-rawseqorcc/trim-galore-illumina/2024_Cont02_Warm02_W15_gill_S196_R1_001_val_1.fq.gz

Running FastQC on /scratch4/workspace/jade_fiorilla_student_uml_edu-rawseqorcc/trim-galore-illumina/2024_Cont02_Warm02_W15_gill_S196_R2_001_val_2.fq.gz
Running Trim Galore on: 2024_Cont02_Warm02_W15_gut_S3

Trim Galore v2.3.0
unknown — linux/x86_64 — built 2026-06-27T16:23:35Z
==================================================

Using 6 worker threads (parallel trim + compress)
Adapter: Illumina (AGATCGGAAGAGC)

Scanning for poly-G content...
Poly-G trimming: ENABLED (auto-detected). 66119 of 546673 reads (12.09%) have poly-G tails (>=10bp) — consistent with 2-colour chemistry (NovaSeq/NextSeq). To disable: --no_poly_g
Trimming (paired-end):
  R1: /scratch4/workspace/jade_fiorilla_student_uml_edu-rawseqorcc/fastq/2024_Cont02_Warm02_W15_gut_S3_R1_001.fastq.gz
  R2: /scratch4/workspace/jade_fiorilla_student_uml_edu-rawseqorcc/fastq/2024_Cont02_Warm02_W15_gut_S3_R2_001.fastq.gz
  Output R1: /scratch4/workspace/jade_fiorilla_student_uml_edu-rawseqorcc/trim-galore-illumina/2024_Cont02_Warm02_W15_gut_S3_R1_001_val_1.fq.gz
  Output R2: /scratch4/workspace/jade_fiorilla_student_uml_edu-rawseqorcc/trim-galore-illumina/2024_Cont02_Warm02_W15_gut_S3_R2_001_val_2.fq.gz

=== Summary (Read 1) ===

Total reads processed:               546673
Reads with adapters:                  28157 (5.2%)

=== Summary (Read 2) ===

Total reads processed:               546673
Reads with adapters:                  73060 (13.4%)
R1 reads with poly-G trimmed:          2368 (0.4%)
  R1 poly-G bases removed:            99897
R2 reads with poly-G trimmed:           179 (0.0%)
  R2 poly-G bases removed:            33384

=== Paired-end validation ===

Pairs analyzed:                      546673
Pairs removed:                         1527 (0.3%)
Unpaired R1 kept:                      1442
Unpaired R2 kept:                        45
Report: /scratch4/workspace/jade_fiorilla_student_uml_edu-rawseqorcc/trim-galore-illumina/2024_Cont02_Warm02_W15_gut_S3_R1_001.fastq.gz_trimming_report.txt
JSON report: /scratch4/workspace/jade_fiorilla_student_uml_edu-rawseqorcc/trim-galore-illumina/2024_Cont02_Warm02_W15_gut_S3_R1_001.fastq.gz_trimming_report.json
Report: /scratch4/workspace/jade_fiorilla_student_uml_edu-rawseqorcc/trim-galore-illumina/2024_Cont02_Warm02_W15_gut_S3_R2_001.fastq.gz_trimming_report.txt
JSON report: /scratch4/workspace/jade_fiorilla_student_uml_edu-rawseqorcc/trim-galore-illumina/2024_Cont02_Warm02_W15_gut_S3_R2_001.fastq.gz_trimming_report.json

Running FastQC on /scratch4/workspace/jade_fiorilla_student_uml_edu-rawseqorcc/trim-galore-illumina/2024_Cont02_Warm02_W15_gut_S3_R1_001_val_1.fq.gz

Running FastQC on /scratch4/workspace/jade_fiorilla_student_uml_edu-rawseqorcc/trim-galore-illumina/2024_Cont02_Warm02_W15_gut_S3_R2_001_val_2.fq.gz
Running Trim Galore on: 2024_Cont03_Both03_W30_gill_S217

Trim Galore v2.3.0
unknown — linux/x86_64 — built 2026-06-27T16:23:35Z
==================================================

Using 6 worker threads (parallel trim + compress)
Adapter: Illumina (AGATCGGAAGAGC)

Scanning for poly-G content...
Poly-G trimming: ENABLED (auto-detected). 146640 of 568383 reads (25.80%) have poly-G tails (>=10bp) — consistent with 2-colour chemistry (NovaSeq/NextSeq). To disable: --no_poly_g
Trimming (paired-end):
  R1: /scratch4/workspace/jade_fiorilla_student_uml_edu-rawseqorcc/fastq/2024_Cont03_Both03_W30_gill_S217_R1_001.fastq.gz
  R2: /scratch4/workspace/jade_fiorilla_student_uml_edu-rawseqorcc/fastq/2024_Cont03_Both03_W30_gill_S217_R2_001.fastq.gz
  Output R1: /scratch4/workspace/jade_fiorilla_student_uml_edu-rawseqorcc/trim-galore-illumina/2024_Cont03_Both03_W30_gill_S217_R1_001_val_1.fq.gz
  Output R2: /scratch4/workspace/jade_fiorilla_student_uml_edu-rawseqorcc/trim-galore-illumina/2024_Cont03_Both03_W30_gill_S217_R2_001_val_2.fq.gz

=== Summary (Read 1) ===

Total reads processed:               568383
Reads with adapters:                  47134 (8.3%)

=== Summary (Read 2) ===

Total reads processed:               568383
Reads with adapters:                 173670 (30.6%)
R1 reads with poly-G trimmed:          1784 (0.3%)
  R1 poly-G bases removed:           167153
R2 reads with poly-G trimmed:           440 (0.1%)
  R2 poly-G bases removed:            63964

=== Paired-end validation ===

Pairs analyzed:                      568383
Pairs removed:                          969 (0.2%)
Unpaired R1 kept:                       888
Unpaired R2 kept:                        44
Report: /scratch4/workspace/jade_fiorilla_student_uml_edu-rawseqorcc/trim-galore-illumina/2024_Cont03_Both03_W30_gill_S217_R1_001.fastq.gz_trimming_report.txt
JSON report: /scratch4/workspace/jade_fiorilla_student_uml_edu-rawseqorcc/trim-galore-illumina/2024_Cont03_Both03_W30_gill_S217_R1_001.fastq.gz_trimming_report.json
Report: /scratch4/workspace/jade_fiorilla_student_uml_edu-rawseqorcc/trim-galore-illumina/2024_Cont03_Both03_W30_gill_S217_R2_001.fastq.gz_trimming_report.txt
JSON report: /scratch4/workspace/jade_fiorilla_student_uml_edu-rawseqorcc/trim-galore-illumina/2024_Cont03_Both03_W30_gill_S217_R2_001.fastq.gz_trimming_report.json

Running FastQC on /scratch4/workspace/jade_fiorilla_student_uml_edu-rawseqorcc/trim-galore-illumina/2024_Cont03_Both03_W30_gill_S217_R1_001_val_1.fq.gz

Running FastQC on /scratch4/workspace/jade_fiorilla_student_uml_edu-rawseqorcc/trim-galore-illumina/2024_Cont03_Both03_W30_gill_S217_R2_001_val_2.fq.gz
Running Trim Galore on: 2024_Cont03_Both03_W30_gut_S40

Trim Galore v2.3.0
unknown — linux/x86_64 — built 2026-06-27T16:23:35Z
==================================================

Using 6 worker threads (parallel trim + compress)
Adapter: Illumina (AGATCGGAAGAGC)

Scanning for poly-G content...
Poly-G trimming: ENABLED (auto-detected). 711978 of 906243 reads (78.56%) have poly-G tails (>=10bp) — consistent with 2-colour chemistry (NovaSeq/NextSeq). To disable: --no_poly_g
Trimming (paired-end):
  R1: /scratch4/workspace/jade_fiorilla_student_uml_edu-rawseqorcc/fastq/2024_Cont03_Both03_W30_gut_S40_R1_001.fastq.gz
  R2: /scratch4/workspace/jade_fiorilla_student_uml_edu-rawseqorcc/fastq/2024_Cont03_Both03_W30_gut_S40_R2_001.fastq.gz
  Output R1: /scratch4/workspace/jade_fiorilla_student_uml_edu-rawseqorcc/trim-galore-illumina/2024_Cont03_Both03_W30_gut_S40_R1_001_val_1.fq.gz
  Output R2: /scratch4/workspace/jade_fiorilla_student_uml_edu-rawseqorcc/trim-galore-illumina/2024_Cont03_Both03_W30_gut_S40_R2_001_val_2.fq.gz

=== Summary (Read 1) ===

Total reads processed:               906243
Reads with adapters:                  67410 (7.4%)

=== Summary (Read 2) ===

Total reads processed:               906243
Reads with adapters:                 724219 (79.9%)
R1 reads with poly-G trimmed:          9060 (1.0%)
  R1 poly-G bases removed:           769678
R2 reads with poly-G trimmed:          1756 (0.2%)
  R2 poly-G bases removed:           319078

=== Paired-end validation ===

Pairs analyzed:                      906243
Pairs removed:                         2016 (0.2%)
Unpaired R1 kept:                      1840
Unpaired R2 kept:                        52
Report: /scratch4/workspace/jade_fiorilla_student_uml_edu-rawseqorcc/trim-galore-illumina/2024_Cont03_Both03_W30_gut_S40_R1_001.fastq.gz_trimming_report.txt
JSON report: /scratch4/workspace/jade_fiorilla_student_uml_edu-rawseqorcc/trim-galore-illumina/2024_Cont03_Both03_W30_gut_S40_R1_001.fastq.gz_trimming_report.json
Report: /scratch4/workspace/jade_fiorilla_student_uml_edu-rawseqorcc/trim-galore-illumina/2024_Cont03_Both03_W30_gut_S40_R2_001.fastq.gz_trimming_report.txt
JSON report: /scratch4/workspace/jade_fiorilla_student_uml_edu-rawseqorcc/trim-galore-illumina/2024_Cont03_Both03_W30_gut_S40_R2_001.fastq.gz_trimming_report.json

Running FastQC on /scratch4/workspace/jade_fiorilla_student_uml_edu-rawseqorcc/trim-galore-illumina/2024_Cont03_Both03_W30_gut_S40_R1_001_val_1.fq.gz

Running FastQC on /scratch4/workspace/jade_fiorilla_student_uml_edu-rawseqorcc/trim-galore-illumina/2024_Cont03_Both03_W30_gut_S40_R2_001_val_2.fq.gz
Running Trim Galore on: 2024_Cont03_Cont02_W17_gill_S218

Trim Galore v2.3.0
unknown — linux/x86_64 — built 2026-06-27T16:23:35Z
==================================================

Using 6 worker threads (parallel trim + compress)
Adapter: Illumina (AGATCGGAAGAGC)

Scanning for poly-G content...
Poly-G trimming: ENABLED (auto-detected). 114283 of 715767 reads (15.97%) have poly-G tails (>=10bp) — consistent with 2-colour chemistry (NovaSeq/NextSeq). To disable: --no_poly_g
Trimming (paired-end):
  R1: /scratch4/workspace/jade_fiorilla_student_uml_edu-rawseqorcc/fastq/2024_Cont03_Cont02_W17_gill_S218_R1_001.fastq.gz
  R2: /scratch4/workspace/jade_fiorilla_student_uml_edu-rawseqorcc/fastq/2024_Cont03_Cont02_W17_gill_S218_R2_001.fastq.gz
  Output R1: /scratch4/workspace/jade_fiorilla_student_uml_edu-rawseqorcc/trim-galore-illumina/2024_Cont03_Cont02_W17_gill_S218_R1_001_val_1.fq.gz
  Output R2: /scratch4/workspace/jade_fiorilla_student_uml_edu-rawseqorcc/trim-galore-illumina/2024_Cont03_Cont02_W17_gill_S218_R2_001_val_2.fq.gz

=== Summary (Read 1) ===

Total reads processed:               715767
Reads with adapters:                  42429 (5.9%)

=== Summary (Read 2) ===

Total reads processed:               715767
Reads with adapters:                 141271 (19.7%)
R1 reads with poly-G trimmed:          1337 (0.2%)
  R1 poly-G bases removed:           100533
R2 reads with poly-G trimmed:           321 (0.0%)
  R2 poly-G bases removed:            51819

=== Paired-end validation ===

Pairs analyzed:                      715767
Pairs removed:                         1222 (0.2%)
Unpaired R1 kept:                      1077
Unpaired R2 kept:                        73
Report: /scratch4/workspace/jade_fiorilla_student_uml_edu-rawseqorcc/trim-galore-illumina/2024_Cont03_Cont02_W17_gill_S218_R1_001.fastq.gz_trimming_report.txt
JSON report: /scratch4/workspace/jade_fiorilla_student_uml_edu-rawseqorcc/trim-galore-illumina/2024_Cont03_Cont02_W17_gill_S218_R1_001.fastq.gz_trimming_report.json
Report: /scratch4/workspace/jade_fiorilla_student_uml_edu-rawseqorcc/trim-galore-illumina/2024_Cont03_Cont02_W17_gill_S218_R2_001.fastq.gz_trimming_report.txt
JSON report: /scratch4/workspace/jade_fiorilla_student_uml_edu-rawseqorcc/trim-galore-illumina/2024_Cont03_Cont02_W17_gill_S218_R2_001.fastq.gz_trimming_report.json

Running FastQC on /scratch4/workspace/jade_fiorilla_student_uml_edu-rawseqorcc/trim-galore-illumina/2024_Cont03_Cont02_W17_gill_S218_R1_001_val_1.fq.gz

Running FastQC on /scratch4/workspace/jade_fiorilla_student_uml_edu-rawseqorcc/trim-galore-illumina/2024_Cont03_Cont02_W17_gill_S218_R2_001_val_2.fq.gz
Running Trim Galore on: 2024_Cont03_Cont02_W17_gut_S41

Trim Galore v2.3.0
unknown — linux/x86_64 — built 2026-06-27T16:23:35Z
==================================================

Using 6 worker threads (parallel trim + compress)
Adapter: Illumina (AGATCGGAAGAGC)

Scanning for poly-G content...
Poly-G trimming: ENABLED (auto-detected). 419071 of 825849 reads (50.74%) have poly-G tails (>=10bp) — consistent with 2-colour chemistry (NovaSeq/NextSeq). To disable: --no_poly_g
Trimming (paired-end):
  R1: /scratch4/workspace/jade_fiorilla_student_uml_edu-rawseqorcc/fastq/2024_Cont03_Cont02_W17_gut_S41_R1_001.fastq.gz
  R2: /scratch4/workspace/jade_fiorilla_student_uml_edu-rawseqorcc/fastq/2024_Cont03_Cont02_W17_gut_S41_R2_001.fastq.gz
  Output R1: /scratch4/workspace/jade_fiorilla_student_uml_edu-rawseqorcc/trim-galore-illumina/2024_Cont03_Cont02_W17_gut_S41_R1_001_val_1.fq.gz
  Output R2: /scratch4/workspace/jade_fiorilla_student_uml_edu-rawseqorcc/trim-galore-illumina/2024_Cont03_Cont02_W17_gut_S41_R2_001_val_2.fq.gz

=== Summary (Read 1) ===

Total reads processed:               825849
Reads with adapters:                  50752 (6.1%)

=== Summary (Read 2) ===

Total reads processed:               825849
Reads with adapters:                 433024 (52.4%)
R1 reads with poly-G trimmed:          5487 (0.7%)
  R1 poly-G bases removed:           445611
R2 reads with poly-G trimmed:          1029 (0.1%)
  R2 poly-G bases removed:           190128

=== Paired-end validation ===

Pairs analyzed:                      825849
Pairs removed:                         1898 (0.2%)
Unpaired R1 kept:                      1765
Unpaired R2 kept:                        37
Report: /scratch4/workspace/jade_fiorilla_student_uml_edu-rawseqorcc/trim-galore-illumina/2024_Cont03_Cont02_W17_gut_S41_R1_001.fastq.gz_trimming_report.txt
JSON report: /scratch4/workspace/jade_fiorilla_student_uml_edu-rawseqorcc/trim-galore-illumina/2024_Cont03_Cont02_W17_gut_S41_R1_001.fastq.gz_trimming_report.json
Report: /scratch4/workspace/jade_fiorilla_student_uml_edu-rawseqorcc/trim-galore-illumina/2024_Cont03_Cont02_W17_gut_S41_R2_001.fastq.gz_trimming_report.txt
JSON report: /scratch4/workspace/jade_fiorilla_student_uml_edu-rawseqorcc/trim-galore-illumina/2024_Cont03_Cont02_W17_gut_S41_R2_001.fastq.gz_trimming_report.json

Running FastQC on /scratch4/workspace/jade_fiorilla_student_uml_edu-rawseqorcc/trim-galore-illumina/2024_Cont03_Cont02_W17_gut_S41_R1_001_val_1.fq.gz

Running FastQC on /scratch4/workspace/jade_fiorilla_student_uml_edu-rawseqorcc/trim-galore-illumina/2024_Cont03_Cont02_W17_gut_S41_R2_001_val_2.fq.gz
Running Trim Galore on: 2024_Cont03_Null_W21_gill_S238

Trim Galore v2.3.0
unknown — linux/x86_64 — built 2026-06-27T16:23:35Z
==================================================

Using 6 worker threads (parallel trim + compress)
Adapter: Illumina (AGATCGGAAGAGC)

Scanning for poly-G content...
Poly-G trimming: ENABLED (auto-detected). 2379 of 3657 reads (65.05%) have poly-G tails (>=10bp) — consistent with 2-colour chemistry (NovaSeq/NextSeq). To disable: --no_poly_g
Trimming (paired-end):
  R1: /scratch4/workspace/jade_fiorilla_student_uml_edu-rawseqorcc/fastq/2024_Cont03_Null_W21_gill_S238_R1_001.fastq.gz
  R2: /scratch4/workspace/jade_fiorilla_student_uml_edu-rawseqorcc/fastq/2024_Cont03_Null_W21_gill_S238_R2_001.fastq.gz
  Output R1: /scratch4/workspace/jade_fiorilla_student_uml_edu-rawseqorcc/trim-galore-illumina/2024_Cont03_Null_W21_gill_S238_R1_001_val_1.fq.gz
  Output R2: /scratch4/workspace/jade_fiorilla_student_uml_edu-rawseqorcc/trim-galore-illumina/2024_Cont03_Null_W21_gill_S238_R2_001_val_2.fq.gz

=== Summary (Read 1) ===

Total reads processed:                 3657
Reads with adapters:                    612 (16.7%)

=== Summary (Read 2) ===

Total reads processed:                 3657
Reads with adapters:                   2512 (68.7%)
R1 reads with poly-G trimmed:             9 (0.2%)
  R1 poly-G bases removed:             1774
R2 reads with poly-G trimmed:             3 (0.1%)
  R2 poly-G bases removed:              427

=== Paired-end validation ===

Pairs analyzed:                        3657
Pairs removed:                           35 (1.0%)
Unpaired R1 kept:                        32
Unpaired R2 kept:                         1
Report: /scratch4/workspace/jade_fiorilla_student_uml_edu-rawseqorcc/trim-galore-illumina/2024_Cont03_Null_W21_gill_S238_R1_001.fastq.gz_trimming_report.txt
JSON report: /scratch4/workspace/jade_fiorilla_student_uml_edu-rawseqorcc/trim-galore-illumina/2024_Cont03_Null_W21_gill_S238_R1_001.fastq.gz_trimming_report.json
Report: /scratch4/workspace/jade_fiorilla_student_uml_edu-rawseqorcc/trim-galore-illumina/2024_Cont03_Null_W21_gill_S238_R2_001.fastq.gz_trimming_report.txt
JSON report: /scratch4/workspace/jade_fiorilla_student_uml_edu-rawseqorcc/trim-galore-illumina/2024_Cont03_Null_W21_gill_S238_R2_001.fastq.gz_trimming_report.json

Running FastQC on /scratch4/workspace/jade_fiorilla_student_uml_edu-rawseqorcc/trim-galore-illumina/2024_Cont03_Null_W21_gill_S238_R1_001_val_1.fq.gz

Running FastQC on /scratch4/workspace/jade_fiorilla_student_uml_edu-rawseqorcc/trim-galore-illumina/2024_Cont03_Null_W21_gill_S238_R2_001_val_2.fq.gz
Running Trim Galore on: 2024_Cont03_Null_W21_gut_S85

Trim Galore v2.3.0
unknown — linux/x86_64 — built 2026-06-27T16:23:35Z
==================================================

Using 6 worker threads (parallel trim + compress)
Adapter: Illumina (AGATCGGAAGAGC)

Scanning for poly-G content...
Poly-G trimming: ENABLED (auto-detected). 467972 of 959278 reads (48.78%) have poly-G tails (>=10bp) — consistent with 2-colour chemistry (NovaSeq/NextSeq). To disable: --no_poly_g
Trimming (paired-end):
  R1: /scratch4/workspace/jade_fiorilla_student_uml_edu-rawseqorcc/fastq/2024_Cont03_Null_W21_gut_S85_R1_001.fastq.gz
  R2: /scratch4/workspace/jade_fiorilla_student_uml_edu-rawseqorcc/fastq/2024_Cont03_Null_W21_gut_S85_R2_001.fastq.gz
  Output R1: /scratch4/workspace/jade_fiorilla_student_uml_edu-rawseqorcc/trim-galore-illumina/2024_Cont03_Null_W21_gut_S85_R1_001_val_1.fq.gz
  Output R2: /scratch4/workspace/jade_fiorilla_student_uml_edu-rawseqorcc/trim-galore-illumina/2024_Cont03_Null_W21_gut_S85_R2_001_val_2.fq.gz

=== Summary (Read 1) ===

Total reads processed:               959278
Reads with adapters:                  89893 (9.4%)

=== Summary (Read 2) ===

Total reads processed:               959278
Reads with adapters:                 471023 (49.1%)
R1 reads with poly-G trimmed:          2168 (0.2%)
  R1 poly-G bases removed:           384579
R2 reads with poly-G trimmed:          1313 (0.1%)
  R2 poly-G bases removed:           213001

=== Paired-end validation ===

Pairs analyzed:                      959278
Pairs removed:                         2779 (0.3%)
Unpaired R1 kept:                      2541
Unpaired R2 kept:                        79
Report: /scratch4/workspace/jade_fiorilla_student_uml_edu-rawseqorcc/trim-galore-illumina/2024_Cont03_Null_W21_gut_S85_R1_001.fastq.gz_trimming_report.txt
JSON report: /scratch4/workspace/jade_fiorilla_student_uml_edu-rawseqorcc/trim-galore-illumina/2024_Cont03_Null_W21_gut_S85_R1_001.fastq.gz_trimming_report.json
Report: /scratch4/workspace/jade_fiorilla_student_uml_edu-rawseqorcc/trim-galore-illumina/2024_Cont03_Null_W21_gut_S85_R2_001.fastq.gz_trimming_report.txt
JSON report: /scratch4/workspace/jade_fiorilla_student_uml_edu-rawseqorcc/trim-galore-illumina/2024_Cont03_Null_W21_gut_S85_R2_001.fastq.gz_trimming_report.json

Running FastQC on /scratch4/workspace/jade_fiorilla_student_uml_edu-rawseqorcc/trim-galore-illumina/2024_Cont03_Null_W21_gut_S85_R1_001_val_1.fq.gz

Running FastQC on /scratch4/workspace/jade_fiorilla_student_uml_edu-rawseqorcc/trim-galore-illumina/2024_Cont03_Null_W21_gut_S85_R2_001_val_2.fq.gz
Running Trim Galore on: 2024_Cont03_Warm03_W29_gill_S8

Trim Galore v2.3.0
unknown — linux/x86_64 — built 2026-06-27T16:23:35Z
==================================================

Using 6 worker threads (parallel trim + compress)
Adapter: Illumina (AGATCGGAAGAGC)

Scanning for poly-G content...
Poly-G trimming: ENABLED (auto-detected). 87287 of 837642 reads (10.42%) have poly-G tails (>=10bp) — consistent with 2-colour chemistry (NovaSeq/NextSeq). To disable: --no_poly_g
Trimming (paired-end):
  R1: /scratch4/workspace/jade_fiorilla_student_uml_edu-rawseqorcc/fastq/2024_Cont03_Warm03_W29_gill_S8_R1_001.fastq.gz
  R2: /scratch4/workspace/jade_fiorilla_student_uml_edu-rawseqorcc/fastq/2024_Cont03_Warm03_W29_gill_S8_R2_001.fastq.gz
  Output R1: /scratch4/workspace/jade_fiorilla_student_uml_edu-rawseqorcc/trim-galore-illumina/2024_Cont03_Warm03_W29_gill_S8_R1_001_val_1.fq.gz
  Output R2: /scratch4/workspace/jade_fiorilla_student_uml_edu-rawseqorcc/trim-galore-illumina/2024_Cont03_Warm03_W29_gill_S8_R2_001_val_2.fq.gz

=== Summary (Read 1) ===

Total reads processed:               837642
Reads with adapters:                  31145 (3.7%)

=== Summary (Read 2) ===

Total reads processed:               837642
Reads with adapters:                  95569 (11.4%)
R1 reads with poly-G trimmed:          2552 (0.3%)
  R1 poly-G bases removed:            83937
R2 reads with poly-G trimmed:           346 (0.0%)
  R2 poly-G bases removed:            60893

=== Paired-end validation ===

Pairs analyzed:                      837642
Pairs removed:                         2227 (0.3%)
Unpaired R1 kept:                      2111
Unpaired R2 kept:                        61
Report: /scratch4/workspace/jade_fiorilla_student_uml_edu-rawseqorcc/trim-galore-illumina/2024_Cont03_Warm03_W29_gill_S8_R1_001.fastq.gz_trimming_report.txt
JSON report: /scratch4/workspace/jade_fiorilla_student_uml_edu-rawseqorcc/trim-galore-illumina/2024_Cont03_Warm03_W29_gill_S8_R1_001.fastq.gz_trimming_report.json
Report: /scratch4/workspace/jade_fiorilla_student_uml_edu-rawseqorcc/trim-galore-illumina/2024_Cont03_Warm03_W29_gill_S8_R2_001.fastq.gz_trimming_report.txt
JSON report: /scratch4/workspace/jade_fiorilla_student_uml_edu-rawseqorcc/trim-galore-illumina/2024_Cont03_Warm03_W29_gill_S8_R2_001.fastq.gz_trimming_report.json

Running FastQC on /scratch4/workspace/jade_fiorilla_student_uml_edu-rawseqorcc/trim-galore-illumina/2024_Cont03_Warm03_W29_gill_S8_R1_001_val_1.fq.gz

Running FastQC on /scratch4/workspace/jade_fiorilla_student_uml_edu-rawseqorcc/trim-galore-illumina/2024_Cont03_Warm03_W29_gill_S8_R2_001_val_2.fq.gz
Running Trim Galore on: 2024_Cont03_Warm03_W29_gut_S9

Trim Galore v2.3.0
unknown — linux/x86_64 — built 2026-06-27T16:23:35Z
==================================================

Using 6 worker threads (parallel trim + compress)
Adapter: Illumina (AGATCGGAAGAGC)

Scanning for poly-G content...
Poly-G trimming: ENABLED (auto-detected). 99996 of 716136 reads (13.96%) have poly-G tails (>=10bp) — consistent with 2-colour chemistry (NovaSeq/NextSeq). To disable: --no_poly_g
Trimming (paired-end):
  R1: /scratch4/workspace/jade_fiorilla_student_uml_edu-rawseqorcc/fastq/2024_Cont03_Warm03_W29_gut_S9_R1_001.fastq.gz
  R2: /scratch4/workspace/jade_fiorilla_student_uml_edu-rawseqorcc/fastq/2024_Cont03_Warm03_W29_gut_S9_R2_001.fastq.gz
  Output R1: /scratch4/workspace/jade_fiorilla_student_uml_edu-rawseqorcc/trim-galore-illumina/2024_Cont03_Warm03_W29_gut_S9_R1_001_val_1.fq.gz
  Output R2: /scratch4/workspace/jade_fiorilla_student_uml_edu-rawseqorcc/trim-galore-illumina/2024_Cont03_Warm03_W29_gut_S9_R2_001_val_2.fq.gz

=== Summary (Read 1) ===

Total reads processed:               716136
Reads with adapters:                   6351 (0.9%)

=== Summary (Read 2) ===

Total reads processed:               716136
Reads with adapters:                 105951 (14.8%)
R1 reads with poly-G trimmed:          3366 (0.5%)
  R1 poly-G bases removed:           112357
R2 reads with poly-G trimmed:           381 (0.1%)
  R2 poly-G bases removed:            70706

=== Paired-end validation ===

Pairs analyzed:                      716136
Pairs removed:                         2294 (0.3%)
Unpaired R1 kept:                      2148
Unpaired R2 kept:                        66
Report: /scratch4/workspace/jade_fiorilla_student_uml_edu-rawseqorcc/trim-galore-illumina/2024_Cont03_Warm03_W29_gut_S9_R1_001.fastq.gz_trimming_report.txt
JSON report: /scratch4/workspace/jade_fiorilla_student_uml_edu-rawseqorcc/trim-galore-illumina/2024_Cont03_Warm03_W29_gut_S9_R1_001.fastq.gz_trimming_report.json
Report: /scratch4/workspace/jade_fiorilla_student_uml_edu-rawseqorcc/trim-galore-illumina/2024_Cont03_Warm03_W29_gut_S9_R2_001.fastq.gz_trimming_report.txt
JSON report: /scratch4/workspace/jade_fiorilla_student_uml_edu-rawseqorcc/trim-galore-illumina/2024_Cont03_Warm03_W29_gut_S9_R2_001.fastq.gz_trimming_report.json

Running FastQC on /scratch4/workspace/jade_fiorilla_student_uml_edu-rawseqorcc/trim-galore-illumina/2024_Cont03_Warm03_W29_gut_S9_R1_001_val_1.fq.gz

Running FastQC on /scratch4/workspace/jade_fiorilla_student_uml_edu-rawseqorcc/trim-galore-illumina/2024_Cont03_Warm03_W29_gut_S9_R2_001_val_2.fq.gz
Running Trim Galore on: 2024_Cont04_Both01_W7_gill_S143

Trim Galore v2.3.0
unknown — linux/x86_64 — built 2026-06-27T16:23:35Z
==================================================

Using 6 worker threads (parallel trim + compress)
Adapter: Illumina (AGATCGGAAGAGC)

Scanning for poly-G content...
Poly-G trimming: ENABLED (auto-detected). 200463 of 1000000 reads (20.05%) have poly-G tails (>=10bp) — consistent with 2-colour chemistry (NovaSeq/NextSeq). To disable: --no_poly_g
Trimming (paired-end):
  R1: /scratch4/workspace/jade_fiorilla_student_uml_edu-rawseqorcc/fastq/2024_Cont04_Both01_W7_gill_S143_R1_001.fastq.gz
  R2: /scratch4/workspace/jade_fiorilla_student_uml_edu-rawseqorcc/fastq/2024_Cont04_Both01_W7_gill_S143_R2_001.fastq.gz
  Output R1: /scratch4/workspace/jade_fiorilla_student_uml_edu-rawseqorcc/trim-galore-illumina/2024_Cont04_Both01_W7_gill_S143_R1_001_val_1.fq.gz
  Output R2: /scratch4/workspace/jade_fiorilla_student_uml_edu-rawseqorcc/trim-galore-illumina/2024_Cont04_Both01_W7_gill_S143_R2_001_val_2.fq.gz

=== Summary (Read 1) ===

Total reads processed:              1159871
Reads with adapters:                  77756 (6.7%)

=== Summary (Read 2) ===

Total reads processed:              1159871
Reads with adapters:                 247536 (21.3%)
R1 reads with poly-G trimmed:          1443 (0.1%)
  R1 poly-G bases removed:           231956
R2 reads with poly-G trimmed:           697 (0.1%)
  R2 poly-G bases removed:           120489

=== Paired-end validation ===

Pairs analyzed:                     1159871
Pairs removed:                         2424 (0.2%)
Unpaired R1 kept:                      2005
Unpaired R2 kept:                       168
Report: /scratch4/workspace/jade_fiorilla_student_uml_edu-rawseqorcc/trim-galore-illumina/2024_Cont04_Both01_W7_gill_S143_R1_001.fastq.gz_trimming_report.txt
JSON report: /scratch4/workspace/jade_fiorilla_student_uml_edu-rawseqorcc/trim-galore-illumina/2024_Cont04_Both01_W7_gill_S143_R1_001.fastq.gz_trimming_report.json
Report: /scratch4/workspace/jade_fiorilla_student_uml_edu-rawseqorcc/trim-galore-illumina/2024_Cont04_Both01_W7_gill_S143_R2_001.fastq.gz_trimming_report.txt
JSON report: /scratch4/workspace/jade_fiorilla_student_uml_edu-rawseqorcc/trim-galore-illumina/2024_Cont04_Both01_W7_gill_S143_R2_001.fastq.gz_trimming_report.json

Running FastQC on /scratch4/workspace/jade_fiorilla_student_uml_edu-rawseqorcc/trim-galore-illumina/2024_Cont04_Both01_W7_gill_S143_R1_001_val_1.fq.gz

Running FastQC on /scratch4/workspace/jade_fiorilla_student_uml_edu-rawseqorcc/trim-galore-illumina/2024_Cont04_Both01_W7_gill_S143_R2_001_val_2.fq.gz
Running Trim Galore on: 2024_Cont04_Both01_W7_gut_S144

Trim Galore v2.3.0
unknown — linux/x86_64 — built 2026-06-27T16:23:35Z
==================================================

Using 6 worker threads (parallel trim + compress)
Adapter: Illumina (AGATCGGAAGAGC)

Scanning for poly-G content...
Poly-G trimming: ENABLED (auto-detected). 346843 of 1000000 reads (34.68%) have poly-G tails (>=10bp) — consistent with 2-colour chemistry (NovaSeq/NextSeq). To disable: --no_poly_g
Trimming (paired-end):
  R1: /scratch4/workspace/jade_fiorilla_student_uml_edu-rawseqorcc/fastq/2024_Cont04_Both01_W7_gut_S144_R1_001.fastq.gz
  R2: /scratch4/workspace/jade_fiorilla_student_uml_edu-rawseqorcc/fastq/2024_Cont04_Both01_W7_gut_S144_R2_001.fastq.gz
  Output R1: /scratch4/workspace/jade_fiorilla_student_uml_edu-rawseqorcc/trim-galore-illumina/2024_Cont04_Both01_W7_gut_S144_R1_001_val_1.fq.gz
  Output R2: /scratch4/workspace/jade_fiorilla_student_uml_edu-rawseqorcc/trim-galore-illumina/2024_Cont04_Both01_W7_gut_S144_R2_001_val_2.fq.gz

=== Summary (Read 1) ===

Total reads processed:              1382629
Reads with adapters:                 160693 (11.6%)

=== Summary (Read 2) ===

Total reads processed:              1382629
Reads with adapters:                 500381 (36.2%)
R1 reads with poly-G trimmed:          2707 (0.2%)
  R1 poly-G bases removed:           455615
R2 reads with poly-G trimmed:          1229 (0.1%)
  R2 poly-G bases removed:           215493

=== Paired-end validation ===

Pairs analyzed:                     1382629
Pairs removed:                         2493 (0.2%)
Unpaired R1 kept:                      2109
Unpaired R2 kept:                       163
Report: /scratch4/workspace/jade_fiorilla_student_uml_edu-rawseqorcc/trim-galore-illumina/2024_Cont04_Both01_W7_gut_S144_R1_001.fastq.gz_trimming_report.txt
JSON report: /scratch4/workspace/jade_fiorilla_student_uml_edu-rawseqorcc/trim-galore-illumina/2024_Cont04_Both01_W7_gut_S144_R1_001.fastq.gz_trimming_report.json
Report: /scratch4/workspace/jade_fiorilla_student_uml_edu-rawseqorcc/trim-galore-illumina/2024_Cont04_Both01_W7_gut_S144_R2_001.fastq.gz_trimming_report.txt
JSON report: /scratch4/workspace/jade_fiorilla_student_uml_edu-rawseqorcc/trim-galore-illumina/2024_Cont04_Both01_W7_gut_S144_R2_001.fastq.gz_trimming_report.json

Running FastQC on /scratch4/workspace/jade_fiorilla_student_uml_edu-rawseqorcc/trim-galore-illumina/2024_Cont04_Both01_W7_gut_S144_R1_001_val_1.fq.gz

Running FastQC on /scratch4/workspace/jade_fiorilla_student_uml_edu-rawseqorcc/trim-galore-illumina/2024_Cont04_Both01_W7_gut_S144_R2_001_val_2.fq.gz
Running Trim Galore on: 2024_Cont04_Both05_W56_gill_S252

Trim Galore v2.3.0
unknown — linux/x86_64 — built 2026-06-27T16:23:35Z
==================================================

Using 6 worker threads (parallel trim + compress)
Adapter: Illumina (AGATCGGAAGAGC)

Scanning for poly-G content...
Poly-G trimming: ENABLED (auto-detected). 11819 of 799711 reads (1.48%) have poly-G tails (>=10bp) — consistent with 2-colour chemistry (NovaSeq/NextSeq). To disable: --no_poly_g
Trimming (paired-end):
  R1: /scratch4/workspace/jade_fiorilla_student_uml_edu-rawseqorcc/fastq/2024_Cont04_Both05_W56_gill_S252_R1_001.fastq.gz
  R2: /scratch4/workspace/jade_fiorilla_student_uml_edu-rawseqorcc/fastq/2024_Cont04_Both05_W56_gill_S252_R2_001.fastq.gz
  Output R1: /scratch4/workspace/jade_fiorilla_student_uml_edu-rawseqorcc/trim-galore-illumina/2024_Cont04_Both05_W56_gill_S252_R1_001_val_1.fq.gz
  Output R2: /scratch4/workspace/jade_fiorilla_student_uml_edu-rawseqorcc/trim-galore-illumina/2024_Cont04_Both05_W56_gill_S252_R2_001_val_2.fq.gz

=== Summary (Read 1) ===

Total reads processed:               799711
Reads with adapters:                 153505 (19.2%)

=== Summary (Read 2) ===

Total reads processed:               799711
Reads with adapters:                  24967 (3.1%)
R1 reads with poly-G trimmed:           179 (0.0%)
  R1 poly-G bases removed:             4721
R2 reads with poly-G trimmed:           174 (0.0%)
  R2 poly-G bases removed:            26574

=== Paired-end validation ===

Pairs analyzed:                      799711
Pairs removed:                         2278 (0.3%)
Unpaired R1 kept:                      2117
Unpaired R2 kept:                        78
Report: /scratch4/workspace/jade_fiorilla_student_uml_edu-rawseqorcc/trim-galore-illumina/2024_Cont04_Both05_W56_gill_S252_R1_001.fastq.gz_trimming_report.txt
JSON report: /scratch4/workspace/jade_fiorilla_student_uml_edu-rawseqorcc/trim-galore-illumina/2024_Cont04_Both05_W56_gill_S252_R1_001.fastq.gz_trimming_report.json
Report: /scratch4/workspace/jade_fiorilla_student_uml_edu-rawseqorcc/trim-galore-illumina/2024_Cont04_Both05_W56_gill_S252_R2_001.fastq.gz_trimming_report.txt
JSON report: /scratch4/workspace/jade_fiorilla_student_uml_edu-rawseqorcc/trim-galore-illumina/2024_Cont04_Both05_W56_gill_S252_R2_001.fastq.gz_trimming_report.json

Running FastQC on /scratch4/workspace/jade_fiorilla_student_uml_edu-rawseqorcc/trim-galore-illumina/2024_Cont04_Both05_W56_gill_S252_R1_001_val_1.fq.gz

Running FastQC on /scratch4/workspace/jade_fiorilla_student_uml_edu-rawseqorcc/trim-galore-illumina/2024_Cont04_Both05_W56_gill_S252_R2_001_val_2.fq.gz
Running Trim Galore on: 2024_Cont04_Both05_W56_gut_S167

Trim Galore v2.3.0
unknown — linux/x86_64 — built 2026-06-27T16:23:35Z
==================================================

Using 6 worker threads (parallel trim + compress)
Adapter: Illumina (AGATCGGAAGAGC)

Scanning for poly-G content...
Poly-G trimming: ENABLED (auto-detected). 546613 of 1000000 reads (54.66%) have poly-G tails (>=10bp) — consistent with 2-colour chemistry (NovaSeq/NextSeq). To disable: --no_poly_g
Trimming (paired-end):
  R1: /scratch4/workspace/jade_fiorilla_student_uml_edu-rawseqorcc/fastq/2024_Cont04_Both05_W56_gut_S167_R1_001.fastq.gz
  R2: /scratch4/workspace/jade_fiorilla_student_uml_edu-rawseqorcc/fastq/2024_Cont04_Both05_W56_gut_S167_R2_001.fastq.gz
  Output R1: /scratch4/workspace/jade_fiorilla_student_uml_edu-rawseqorcc/trim-galore-illumina/2024_Cont04_Both05_W56_gut_S167_R1_001_val_1.fq.gz
  Output R2: /scratch4/workspace/jade_fiorilla_student_uml_edu-rawseqorcc/trim-galore-illumina/2024_Cont04_Both05_W56_gut_S167_R2_001_val_2.fq.gz

=== Summary (Read 1) ===

Total reads processed:              2401824
Reads with adapters:                 184876 (7.7%)

=== Summary (Read 2) ===

Total reads processed:              2401824
Reads with adapters:                1368951 (57.0%)
R1 reads with poly-G trimmed:         37764 (1.6%)
  R1 poly-G bases removed:          1449538
R2 reads with poly-G trimmed:          3322 (0.1%)
  R2 poly-G bases removed:           584488

=== Paired-end validation ===

Pairs analyzed:                     2401824
Pairs removed:                         4430 (0.2%)
Unpaired R1 kept:                      3671
Unpaired R2 kept:                       251
Report: /scratch4/workspace/jade_fiorilla_student_uml_edu-rawseqorcc/trim-galore-illumina/2024_Cont04_Both05_W56_gut_S167_R1_001.fastq.gz_trimming_report.txt
JSON report: /scratch4/workspace/jade_fiorilla_student_uml_edu-rawseqorcc/trim-galore-illumina/2024_Cont04_Both05_W56_gut_S167_R1_001.fastq.gz_trimming_report.json
Report: /scratch4/workspace/jade_fiorilla_student_uml_edu-rawseqorcc/trim-galore-illumina/2024_Cont04_Both05_W56_gut_S167_R2_001.fastq.gz_trimming_report.txt
JSON report: /scratch4/workspace/jade_fiorilla_student_uml_edu-rawseqorcc/trim-galore-illumina/2024_Cont04_Both05_W56_gut_S167_R2_001.fastq.gz_trimming_report.json

Running FastQC on /scratch4/workspace/jade_fiorilla_student_uml_edu-rawseqorcc/trim-galore-illumina/2024_Cont04_Both05_W56_gut_S167_R1_001_val_1.fq.gz

Running FastQC on /scratch4/workspace/jade_fiorilla_student_uml_edu-rawseqorcc/trim-galore-illumina/2024_Cont04_Both05_W56_gut_S167_R2_001_val_2.fq.gz
Running Trim Galore on: 2024_Cont04_Cont06_W67_gill_S232

Trim Galore v2.3.0
unknown — linux/x86_64 — built 2026-06-27T16:23:35Z
==================================================

Using 6 worker threads (parallel trim + compress)
Adapter: Illumina (AGATCGGAAGAGC)

Scanning for poly-G content...
Poly-G trimming: ENABLED (auto-detected). 3782 of 13180 reads (28.69%) have poly-G tails (>=10bp) — consistent with 2-colour chemistry (NovaSeq/NextSeq). To disable: --no_poly_g
Trimming (paired-end):
  R1: /scratch4/workspace/jade_fiorilla_student_uml_edu-rawseqorcc/fastq/2024_Cont04_Cont06_W67_gill_S232_R1_001.fastq.gz
  R2: /scratch4/workspace/jade_fiorilla_student_uml_edu-rawseqorcc/fastq/2024_Cont04_Cont06_W67_gill_S232_R2_001.fastq.gz
  Output R1: /scratch4/workspace/jade_fiorilla_student_uml_edu-rawseqorcc/trim-galore-illumina/2024_Cont04_Cont06_W67_gill_S232_R1_001_val_1.fq.gz
  Output R2: /scratch4/workspace/jade_fiorilla_student_uml_edu-rawseqorcc/trim-galore-illumina/2024_Cont04_Cont06_W67_gill_S232_R2_001_val_2.fq.gz

=== Summary (Read 1) ===

Total reads processed:                13180
Reads with adapters:                   1442 (10.9%)

=== Summary (Read 2) ===

Total reads processed:                13180
Reads with adapters:                   4384 (33.3%)
R1 reads with poly-G trimmed:            32 (0.2%)
  R1 poly-G bases removed:             5783
R2 reads with poly-G trimmed:             7 (0.1%)
  R2 poly-G bases removed:             1172

=== Paired-end validation ===

Pairs analyzed:                       13180
Pairs removed:                           21 (0.2%)
Unpaired R1 kept:                        19
Unpaired R2 kept:                         2
Report: /scratch4/workspace/jade_fiorilla_student_uml_edu-rawseqorcc/trim-galore-illumina/2024_Cont04_Cont06_W67_gill_S232_R1_001.fastq.gz_trimming_report.txt
JSON report: /scratch4/workspace/jade_fiorilla_student_uml_edu-rawseqorcc/trim-galore-illumina/2024_Cont04_Cont06_W67_gill_S232_R1_001.fastq.gz_trimming_report.json
Report: /scratch4/workspace/jade_fiorilla_student_uml_edu-rawseqorcc/trim-galore-illumina/2024_Cont04_Cont06_W67_gill_S232_R2_001.fastq.gz_trimming_report.txt
JSON report: /scratch4/workspace/jade_fiorilla_student_uml_edu-rawseqorcc/trim-galore-illumina/2024_Cont04_Cont06_W67_gill_S232_R2_001.fastq.gz_trimming_report.json

Running FastQC on /scratch4/workspace/jade_fiorilla_student_uml_edu-rawseqorcc/trim-galore-illumina/2024_Cont04_Cont06_W67_gill_S232_R1_001_val_1.fq.gz

Running FastQC on /scratch4/workspace/jade_fiorilla_student_uml_edu-rawseqorcc/trim-galore-illumina/2024_Cont04_Cont06_W67_gill_S232_R2_001_val_2.fq.gz
Running Trim Galore on: 2024_Cont04_Cont06_W67_gut_S168

Trim Galore v2.3.0
unknown — linux/x86_64 — built 2026-06-27T16:23:35Z
==================================================

Using 6 worker threads (parallel trim + compress)
Adapter: Illumina (AGATCGGAAGAGC)

Scanning for poly-G content...
Poly-G trimming: ENABLED (auto-detected). 682751 of 1000000 reads (68.28%) have poly-G tails (>=10bp) — consistent with 2-colour chemistry (NovaSeq/NextSeq). To disable: --no_poly_g
Trimming (paired-end):
  R1: /scratch4/workspace/jade_fiorilla_student_uml_edu-rawseqorcc/fastq/2024_Cont04_Cont06_W67_gut_S168_R1_001.fastq.gz
  R2: /scratch4/workspace/jade_fiorilla_student_uml_edu-rawseqorcc/fastq/2024_Cont04_Cont06_W67_gut_S168_R2_001.fastq.gz
  Output R1: /scratch4/workspace/jade_fiorilla_student_uml_edu-rawseqorcc/trim-galore-illumina/2024_Cont04_Cont06_W67_gut_S168_R1_001_val_1.fq.gz
  Output R2: /scratch4/workspace/jade_fiorilla_student_uml_edu-rawseqorcc/trim-galore-illumina/2024_Cont04_Cont06_W67_gut_S168_R2_001_val_2.fq.gz

=== Summary (Read 1) ===

Total reads processed:              2512695
Reads with adapters:                 240822 (9.6%)

=== Summary (Read 2) ===

Total reads processed:              2512695
Reads with adapters:                1764341 (70.2%)
R1 reads with poly-G trimmed:         50080 (2.0%)
  R1 poly-G bases removed:          1852331
R2 reads with poly-G trimmed:          4367 (0.2%)
  R2 poly-G bases removed:           765942

=== Paired-end validation ===

Pairs analyzed:                     2512695
Pairs removed:                         3969 (0.2%)
Unpaired R1 kept:                      3502
Unpaired R2 kept:                       145
Report: /scratch4/workspace/jade_fiorilla_student_uml_edu-rawseqorcc/trim-galore-illumina/2024_Cont04_Cont06_W67_gut_S168_R1_001.fastq.gz_trimming_report.txt
JSON report: /scratch4/workspace/jade_fiorilla_student_uml_edu-rawseqorcc/trim-galore-illumina/2024_Cont04_Cont06_W67_gut_S168_R1_001.fastq.gz_trimming_report.json
Report: /scratch4/workspace/jade_fiorilla_student_uml_edu-rawseqorcc/trim-galore-illumina/2024_Cont04_Cont06_W67_gut_S168_R2_001.fastq.gz_trimming_report.txt
JSON report: /scratch4/workspace/jade_fiorilla_student_uml_edu-rawseqorcc/trim-galore-illumina/2024_Cont04_Cont06_W67_gut_S168_R2_001.fastq.gz_trimming_report.json

Running FastQC on /scratch4/workspace/jade_fiorilla_student_uml_edu-rawseqorcc/trim-galore-illumina/2024_Cont04_Cont06_W67_gut_S168_R1_001_val_1.fq.gz

Running FastQC on /scratch4/workspace/jade_fiorilla_student_uml_edu-rawseqorcc/trim-galore-illumina/2024_Cont04_Cont06_W67_gut_S168_R2_001_val_2.fq.gz
Running Trim Galore on: 2024_Cont04_Hyp05_W56_gill_S225

Trim Galore v2.3.0
unknown — linux/x86_64 — built 2026-06-27T16:23:35Z
==================================================

Using 6 worker threads (parallel trim + compress)
Adapter: Illumina (AGATCGGAAGAGC)

Scanning for poly-G content...
Poly-G trimming: ENABLED (auto-detected). 78340 of 590347 reads (13.27%) have poly-G tails (>=10bp) — consistent with 2-colour chemistry (NovaSeq/NextSeq). To disable: --no_poly_g
Trimming (paired-end):
  R1: /scratch4/workspace/jade_fiorilla_student_uml_edu-rawseqorcc/fastq/2024_Cont04_Hyp05_W56_gill_S225_R1_001.fastq.gz
  R2: /scratch4/workspace/jade_fiorilla_student_uml_edu-rawseqorcc/fastq/2024_Cont04_Hyp05_W56_gill_S225_R2_001.fastq.gz
  Output R1: /scratch4/workspace/jade_fiorilla_student_uml_edu-rawseqorcc/trim-galore-illumina/2024_Cont04_Hyp05_W56_gill_S225_R1_001_val_1.fq.gz
  Output R2: /scratch4/workspace/jade_fiorilla_student_uml_edu-rawseqorcc/trim-galore-illumina/2024_Cont04_Hyp05_W56_gill_S225_R2_001_val_2.fq.gz

=== Summary (Read 1) ===

Total reads processed:               590347
Reads with adapters:                  53605 (9.1%)

=== Summary (Read 2) ===

Total reads processed:               590347
Reads with adapters:                  82451 (14.0%)
R1 reads with poly-G trimmed:           634 (0.1%)
  R1 poly-G bases removed:            89912
R2 reads with poly-G trimmed:           202 (0.0%)
  R2 poly-G bases removed:            35472

=== Paired-end validation ===

Pairs analyzed:                      590347
Pairs removed:                         1238 (0.2%)
Unpaired R1 kept:                      1131
Unpaired R2 kept:                        65
Report: /scratch4/workspace/jade_fiorilla_student_uml_edu-rawseqorcc/trim-galore-illumina/2024_Cont04_Hyp05_W56_gill_S225_R1_001.fastq.gz_trimming_report.txt
JSON report: /scratch4/workspace/jade_fiorilla_student_uml_edu-rawseqorcc/trim-galore-illumina/2024_Cont04_Hyp05_W56_gill_S225_R1_001.fastq.gz_trimming_report.json
Report: /scratch4/workspace/jade_fiorilla_student_uml_edu-rawseqorcc/trim-galore-illumina/2024_Cont04_Hyp05_W56_gill_S225_R2_001.fastq.gz_trimming_report.txt
JSON report: /scratch4/workspace/jade_fiorilla_student_uml_edu-rawseqorcc/trim-galore-illumina/2024_Cont04_Hyp05_W56_gill_S225_R2_001.fastq.gz_trimming_report.json

Running FastQC on /scratch4/workspace/jade_fiorilla_student_uml_edu-rawseqorcc/trim-galore-illumina/2024_Cont04_Hyp05_W56_gill_S225_R1_001_val_1.fq.gz

Running FastQC on /scratch4/workspace/jade_fiorilla_student_uml_edu-rawseqorcc/trim-galore-illumina/2024_Cont04_Hyp05_W56_gill_S225_R2_001_val_2.fq.gz
Running Trim Galore on: 2024_Cont04_Hyp05_W56_gut_S46

Trim Galore v2.3.0
unknown — linux/x86_64 — built 2026-06-27T16:23:35Z
==================================================

Using 6 worker threads (parallel trim + compress)
Adapter: Illumina (AGATCGGAAGAGC)

Scanning for poly-G content...
Poly-G trimming: ENABLED (auto-detected). 407373 of 970195 reads (41.99%) have poly-G tails (>=10bp) — consistent with 2-colour chemistry (NovaSeq/NextSeq). To disable: --no_poly_g
Trimming (paired-end):
  R1: /scratch4/workspace/jade_fiorilla_student_uml_edu-rawseqorcc/fastq/2024_Cont04_Hyp05_W56_gut_S46_R1_001.fastq.gz
  R2: /scratch4/workspace/jade_fiorilla_student_uml_edu-rawseqorcc/fastq/2024_Cont04_Hyp05_W56_gut_S46_R2_001.fastq.gz
  Output R1: /scratch4/workspace/jade_fiorilla_student_uml_edu-rawseqorcc/trim-galore-illumina/2024_Cont04_Hyp05_W56_gut_S46_R1_001_val_1.fq.gz
  Output R2: /scratch4/workspace/jade_fiorilla_student_uml_edu-rawseqorcc/trim-galore-illumina/2024_Cont04_Hyp05_W56_gut_S46_R2_001_val_2.fq.gz

=== Summary (Read 1) ===

Total reads processed:               970195
Reads with adapters:                  12308 (1.3%)

=== Summary (Read 2) ===

Total reads processed:               970195
Reads with adapters:                 411828 (42.4%)
R1 reads with poly-G trimmed:          8009 (0.8%)
  R1 poly-G bases removed:           421803
R2 reads with poly-G trimmed:          1033 (0.1%)
  R2 poly-G bases removed:           187382

=== Paired-end validation ===

Pairs analyzed:                      970195
Pairs removed:                         2629 (0.3%)
Unpaired R1 kept:                      2401
Unpaired R2 kept:                        86
Report: /scratch4/workspace/jade_fiorilla_student_uml_edu-rawseqorcc/trim-galore-illumina/2024_Cont04_Hyp05_W56_gut_S46_R1_001.fastq.gz_trimming_report.txt
JSON report: /scratch4/workspace/jade_fiorilla_student_uml_edu-rawseqorcc/trim-galore-illumina/2024_Cont04_Hyp05_W56_gut_S46_R1_001.fastq.gz_trimming_report.json
Report: /scratch4/workspace/jade_fiorilla_student_uml_edu-rawseqorcc/trim-galore-illumina/2024_Cont04_Hyp05_W56_gut_S46_R2_001.fastq.gz_trimming_report.txt
JSON report: /scratch4/workspace/jade_fiorilla_student_uml_edu-rawseqorcc/trim-galore-illumina/2024_Cont04_Hyp05_W56_gut_S46_R2_001.fastq.gz_trimming_report.json

Running FastQC on /scratch4/workspace/jade_fiorilla_student_uml_edu-rawseqorcc/trim-galore-illumina/2024_Cont04_Hyp05_W56_gut_S46_R1_001_val_1.fq.gz

Running FastQC on /scratch4/workspace/jade_fiorilla_student_uml_edu-rawseqorcc/trim-galore-illumina/2024_Cont04_Hyp05_W56_gut_S46_R2_001_val_2.fq.gz
Running Trim Galore on: 2024_Cont04_Null_W29_gill_S265

Trim Galore v2.3.0
unknown — linux/x86_64 — built 2026-06-27T16:23:35Z
==================================================

Using 6 worker threads (parallel trim + compress)
Adapter: Illumina (AGATCGGAAGAGC)

Scanning for poly-G content...
Poly-G trimming: ENABLED (auto-detected). 70364 of 557941 reads (12.61%) have poly-G tails (>=10bp) — consistent with 2-colour chemistry (NovaSeq/NextSeq). To disable: --no_poly_g
Trimming (paired-end):
  R1: /scratch4/workspace/jade_fiorilla_student_uml_edu-rawseqorcc/fastq/2024_Cont04_Null_W29_gill_S265_R1_001.fastq.gz
  R2: /scratch4/workspace/jade_fiorilla_student_uml_edu-rawseqorcc/fastq/2024_Cont04_Null_W29_gill_S265_R2_001.fastq.gz
  Output R1: /scratch4/workspace/jade_fiorilla_student_uml_edu-rawseqorcc/trim-galore-illumina/2024_Cont04_Null_W29_gill_S265_R1_001_val_1.fq.gz
  Output R2: /scratch4/workspace/jade_fiorilla_student_uml_edu-rawseqorcc/trim-galore-illumina/2024_Cont04_Null_W29_gill_S265_R2_001_val_2.fq.gz

=== Summary (Read 1) ===

Total reads processed:               557941
Reads with adapters:                  19191 (3.4%)

=== Summary (Read 2) ===

Total reads processed:               557941
Reads with adapters:                  98530 (17.7%)
R1 reads with poly-G trimmed:           770 (0.1%)
  R1 poly-G bases removed:            85397
R2 reads with poly-G trimmed:           134 (0.0%)
  R2 poly-G bases removed:            22853

=== Paired-end validation ===

Pairs analyzed:                      557941
Pairs removed:                          706 (0.1%)
Unpaired R1 kept:                       621
Unpaired R2 kept:                        52
Report: /scratch4/workspace/jade_fiorilla_student_uml_edu-rawseqorcc/trim-galore-illumina/2024_Cont04_Null_W29_gill_S265_R1_001.fastq.gz_trimming_report.txt
JSON report: /scratch4/workspace/jade_fiorilla_student_uml_edu-rawseqorcc/trim-galore-illumina/2024_Cont04_Null_W29_gill_S265_R1_001.fastq.gz_trimming_report.json
Report: /scratch4/workspace/jade_fiorilla_student_uml_edu-rawseqorcc/trim-galore-illumina/2024_Cont04_Null_W29_gill_S265_R2_001.fastq.gz_trimming_report.txt
JSON report: /scratch4/workspace/jade_fiorilla_student_uml_edu-rawseqorcc/trim-galore-illumina/2024_Cont04_Null_W29_gill_S265_R2_001.fastq.gz_trimming_report.json

Running FastQC on /scratch4/workspace/jade_fiorilla_student_uml_edu-rawseqorcc/trim-galore-illumina/2024_Cont04_Null_W29_gill_S265_R1_001_val_1.fq.gz

Running FastQC on /scratch4/workspace/jade_fiorilla_student_uml_edu-rawseqorcc/trim-galore-illumina/2024_Cont04_Null_W29_gill_S265_R2_001_val_2.fq.gz
Running Trim Galore on: 2024_Cont04_Null_W29_gut_S77

Trim Galore v2.3.0
unknown — linux/x86_64 — built 2026-06-27T16:23:35Z
==================================================

Using 6 worker threads (parallel trim + compress)
Adapter: Illumina (AGATCGGAAGAGC)

Scanning for poly-G content...
Poly-G trimming: ENABLED (auto-detected). 162266 of 770812 reads (21.05%) have poly-G tails (>=10bp) — consistent with 2-colour chemistry (NovaSeq/NextSeq). To disable: --no_poly_g
Trimming (paired-end):
  R1: /scratch4/workspace/jade_fiorilla_student_uml_edu-rawseqorcc/fastq/2024_Cont04_Null_W29_gut_S77_R1_001.fastq.gz
  R2: /scratch4/workspace/jade_fiorilla_student_uml_edu-rawseqorcc/fastq/2024_Cont04_Null_W29_gut_S77_R2_001.fastq.gz
  Output R1: /scratch4/workspace/jade_fiorilla_student_uml_edu-rawseqorcc/trim-galore-illumina/2024_Cont04_Null_W29_gut_S77_R1_001_val_1.fq.gz
  Output R2: /scratch4/workspace/jade_fiorilla_student_uml_edu-rawseqorcc/trim-galore-illumina/2024_Cont04_Null_W29_gut_S77_R2_001_val_2.fq.gz

=== Summary (Read 1) ===

Total reads processed:               770812
Reads with adapters:                  29564 (3.8%)

=== Summary (Read 2) ===

Total reads processed:               770812
Reads with adapters:                 167809 (21.8%)
R1 reads with poly-G trimmed:          4711 (0.6%)
  R1 poly-G bases removed:           193691
R2 reads with poly-G trimmed:           457 (0.1%)
  R2 poly-G bases removed:            81615

=== Paired-end validation ===

Pairs analyzed:                      770812
Pairs removed:                         1584 (0.2%)
Unpaired R1 kept:                      1374
Unpaired R2 kept:                        93
Report: /scratch4/workspace/jade_fiorilla_student_uml_edu-rawseqorcc/trim-galore-illumina/2024_Cont04_Null_W29_gut_S77_R1_001.fastq.gz_trimming_report.txt
JSON report: /scratch4/workspace/jade_fiorilla_student_uml_edu-rawseqorcc/trim-galore-illumina/2024_Cont04_Null_W29_gut_S77_R1_001.fastq.gz_trimming_report.json
Report: /scratch4/workspace/jade_fiorilla_student_uml_edu-rawseqorcc/trim-galore-illumina/2024_Cont04_Null_W29_gut_S77_R2_001.fastq.gz_trimming_report.txt
JSON report: /scratch4/workspace/jade_fiorilla_student_uml_edu-rawseqorcc/trim-galore-illumina/2024_Cont04_Null_W29_gut_S77_R2_001.fastq.gz_trimming_report.json

Running FastQC on /scratch4/workspace/jade_fiorilla_student_uml_edu-rawseqorcc/trim-galore-illumina/2024_Cont04_Null_W29_gut_S77_R1_001_val_1.fq.gz

Running FastQC on /scratch4/workspace/jade_fiorilla_student_uml_edu-rawseqorcc/trim-galore-illumina/2024_Cont04_Null_W29_gut_S77_R2_001_val_2.fq.gz
Running Trim Galore on: 2024_Cont05_Both04_W46_gill_S226

Trim Galore v2.3.0
unknown — linux/x86_64 — built 2026-06-27T16:23:35Z
==================================================

Using 6 worker threads (parallel trim + compress)
Adapter: Illumina (AGATCGGAAGAGC)

Scanning for poly-G content...
Poly-G trimming: ENABLED (auto-detected). 217060 of 930537 reads (23.33%) have poly-G tails (>=10bp) — consistent with 2-colour chemistry (NovaSeq/NextSeq). To disable: --no_poly_g
Trimming (paired-end):
  R1: /scratch4/workspace/jade_fiorilla_student_uml_edu-rawseqorcc/fastq/2024_Cont05_Both04_W46_gill_S226_R1_001.fastq.gz
  R2: /scratch4/workspace/jade_fiorilla_student_uml_edu-rawseqorcc/fastq/2024_Cont05_Both04_W46_gill_S226_R2_001.fastq.gz
  Output R1: /scratch4/workspace/jade_fiorilla_student_uml_edu-rawseqorcc/trim-galore-illumina/2024_Cont05_Both04_W46_gill_S226_R1_001_val_1.fq.gz
  Output R2: /scratch4/workspace/jade_fiorilla_student_uml_edu-rawseqorcc/trim-galore-illumina/2024_Cont05_Both04_W46_gill_S226_R2_001_val_2.fq.gz

=== Summary (Read 1) ===

Total reads processed:               930537
Reads with adapters:                 157014 (16.9%)

=== Summary (Read 2) ===

Total reads processed:               930537
Reads with adapters:                 227660 (24.5%)
R1 reads with poly-G trimmed:          1079 (0.1%)
  R1 poly-G bases removed:           167457
R2 reads with poly-G trimmed:           566 (0.1%)
  R2 poly-G bases removed:            99126

=== Paired-end validation ===

Pairs analyzed:                      930537
Pairs removed:                         2068 (0.2%)
Unpaired R1 kept:                      1899
Unpaired R2 kept:                        80
Report: /scratch4/workspace/jade_fiorilla_student_uml_edu-rawseqorcc/trim-galore-illumina/2024_Cont05_Both04_W46_gill_S226_R1_001.fastq.gz_trimming_report.txt
JSON report: /scratch4/workspace/jade_fiorilla_student_uml_edu-rawseqorcc/trim-galore-illumina/2024_Cont05_Both04_W46_gill_S226_R1_001.fastq.gz_trimming_report.json
Report: /scratch4/workspace/jade_fiorilla_student_uml_edu-rawseqorcc/trim-galore-illumina/2024_Cont05_Both04_W46_gill_S226_R2_001.fastq.gz_trimming_report.txt
JSON report: /scratch4/workspace/jade_fiorilla_student_uml_edu-rawseqorcc/trim-galore-illumina/2024_Cont05_Both04_W46_gill_S226_R2_001.fastq.gz_trimming_report.json

Running FastQC on /scratch4/workspace/jade_fiorilla_student_uml_edu-rawseqorcc/trim-galore-illumina/2024_Cont05_Both04_W46_gill_S226_R1_001_val_1.fq.gz

Running FastQC on /scratch4/workspace/jade_fiorilla_student_uml_edu-rawseqorcc/trim-galore-illumina/2024_Cont05_Both04_W46_gill_S226_R2_001_val_2.fq.gz
Running Trim Galore on: 2024_Cont05_Both04_W46_gut_S47

Trim Galore v2.3.0
unknown — linux/x86_64 — built 2026-06-27T16:23:35Z
==================================================

Using 6 worker threads (parallel trim + compress)
Adapter: Illumina (AGATCGGAAGAGC)

Scanning for poly-G content...
Poly-G trimming: ENABLED (auto-detected). 240287 of 796138 reads (30.18%) have poly-G tails (>=10bp) — consistent with 2-colour chemistry (NovaSeq/NextSeq). To disable: --no_poly_g
Trimming (paired-end):
  R1: /scratch4/workspace/jade_fiorilla_student_uml_edu-rawseqorcc/fastq/2024_Cont05_Both04_W46_gut_S47_R1_001.fastq.gz
  R2: /scratch4/workspace/jade_fiorilla_student_uml_edu-rawseqorcc/fastq/2024_Cont05_Both04_W46_gut_S47_R2_001.fastq.gz
  Output R1: /scratch4/workspace/jade_fiorilla_student_uml_edu-rawseqorcc/trim-galore-illumina/2024_Cont05_Both04_W46_gut_S47_R1_001_val_1.fq.gz
  Output R2: /scratch4/workspace/jade_fiorilla_student_uml_edu-rawseqorcc/trim-galore-illumina/2024_Cont05_Both04_W46_gut_S47_R2_001_val_2.fq.gz

=== Summary (Read 1) ===

Total reads processed:               796138
Reads with adapters:                  29817 (3.7%)

=== Summary (Read 2) ===

Total reads processed:               796138
Reads with adapters:                 246139 (30.9%)
R1 reads with poly-G trimmed:          1191 (0.1%)
  R1 poly-G bases removed:           200265
R2 reads with poly-G trimmed:           733 (0.1%)
  R2 poly-G bases removed:           134259

=== Paired-end validation ===

Pairs analyzed:                      796138
Pairs removed:                         2422 (0.3%)
Unpaired R1 kept:                      2250
Unpaired R2 kept:                        76
Report: /scratch4/workspace/jade_fiorilla_student_uml_edu-rawseqorcc/trim-galore-illumina/2024_Cont05_Both04_W46_gut_S47_R1_001.fastq.gz_trimming_report.txt
JSON report: /scratch4/workspace/jade_fiorilla_student_uml_edu-rawseqorcc/trim-galore-illumina/2024_Cont05_Both04_W46_gut_S47_R1_001.fastq.gz_trimming_report.json
Report: /scratch4/workspace/jade_fiorilla_student_uml_edu-rawseqorcc/trim-galore-illumina/2024_Cont05_Both04_W46_gut_S47_R2_001.fastq.gz_trimming_report.txt
JSON report: /scratch4/workspace/jade_fiorilla_student_uml_edu-rawseqorcc/trim-galore-illumina/2024_Cont05_Both04_W46_gut_S47_R2_001.fastq.gz_trimming_report.json

Running FastQC on /scratch4/workspace/jade_fiorilla_student_uml_edu-rawseqorcc/trim-galore-illumina/2024_Cont05_Both04_W46_gut_S47_R1_001_val_1.fq.gz

Running FastQC on /scratch4/workspace/jade_fiorilla_student_uml_edu-rawseqorcc/trim-galore-illumina/2024_Cont05_Both04_W46_gut_S47_R2_001_val_2.fq.gz
Running Trim Galore on: 2024_Cont05_Cont03_W33_gill_S61

Trim Galore v2.3.0
unknown — linux/x86_64 — built 2026-06-27T16:23:35Z
==================================================

Using 6 worker threads (parallel trim + compress)
Adapter: Illumina (AGATCGGAAGAGC)

Scanning for poly-G content...
Poly-G trimming: ENABLED (auto-detected). 155010 of 826250 reads (18.76%) have poly-G tails (>=10bp) — consistent with 2-colour chemistry (NovaSeq/NextSeq). To disable: --no_poly_g
Trimming (paired-end):
  R1: /scratch4/workspace/jade_fiorilla_student_uml_edu-rawseqorcc/fastq/2024_Cont05_Cont03_W33_gill_S61_R1_001.fastq.gz
  R2: /scratch4/workspace/jade_fiorilla_student_uml_edu-rawseqorcc/fastq/2024_Cont05_Cont03_W33_gill_S61_R2_001.fastq.gz
  Output R1: /scratch4/workspace/jade_fiorilla_student_uml_edu-rawseqorcc/trim-galore-illumina/2024_Cont05_Cont03_W33_gill_S61_R1_001_val_1.fq.gz
  Output R2: /scratch4/workspace/jade_fiorilla_student_uml_edu-rawseqorcc/trim-galore-illumina/2024_Cont05_Cont03_W33_gill_S61_R2_001_val_2.fq.gz

=== Summary (Read 1) ===

Total reads processed:               826250
Reads with adapters:                   9001 (1.1%)

=== Summary (Read 2) ===

Total reads processed:               826250
Reads with adapters:                 160748 (19.5%)
R1 reads with poly-G trimmed:          1126 (0.1%)
  R1 poly-G bases removed:           125328
R2 reads with poly-G trimmed:           548 (0.1%)
  R2 poly-G bases removed:            95671

=== Paired-end validation ===

Pairs analyzed:                      826250
Pairs removed:                         2874 (0.3%)
Unpaired R1 kept:                      2658
Unpaired R2 kept:                        82
Report: /scratch4/workspace/jade_fiorilla_student_uml_edu-rawseqorcc/trim-galore-illumina/2024_Cont05_Cont03_W33_gill_S61_R1_001.fastq.gz_trimming_report.txt
JSON report: /scratch4/workspace/jade_fiorilla_student_uml_edu-rawseqorcc/trim-galore-illumina/2024_Cont05_Cont03_W33_gill_S61_R1_001.fastq.gz_trimming_report.json
Report: /scratch4/workspace/jade_fiorilla_student_uml_edu-rawseqorcc/trim-galore-illumina/2024_Cont05_Cont03_W33_gill_S61_R2_001.fastq.gz_trimming_report.txt
JSON report: /scratch4/workspace/jade_fiorilla_student_uml_edu-rawseqorcc/trim-galore-illumina/2024_Cont05_Cont03_W33_gill_S61_R2_001.fastq.gz_trimming_report.json

Running FastQC on /scratch4/workspace/jade_fiorilla_student_uml_edu-rawseqorcc/trim-galore-illumina/2024_Cont05_Cont03_W33_gill_S61_R1_001_val_1.fq.gz

Running FastQC on /scratch4/workspace/jade_fiorilla_student_uml_edu-rawseqorcc/trim-galore-illumina/2024_Cont05_Cont03_W33_gill_S61_R2_001_val_2.fq.gz
Running Trim Galore on: 2024_Cont05_Cont03_W33_gut_S62

Trim Galore v2.3.0
unknown — linux/x86_64 — built 2026-06-27T16:23:35Z
==================================================

Using 6 worker threads (parallel trim + compress)
Adapter: Illumina (AGATCGGAAGAGC)

Scanning for poly-G content...
Poly-G trimming: ENABLED (auto-detected). 166920 of 708370 reads (23.56%) have poly-G tails (>=10bp) — consistent with 2-colour chemistry (NovaSeq/NextSeq). To disable: --no_poly_g
Trimming (paired-end):
  R1: /scratch4/workspace/jade_fiorilla_student_uml_edu-rawseqorcc/fastq/2024_Cont05_Cont03_W33_gut_S62_R1_001.fastq.gz
  R2: /scratch4/workspace/jade_fiorilla_student_uml_edu-rawseqorcc/fastq/2024_Cont05_Cont03_W33_gut_S62_R2_001.fastq.gz
  Output R1: /scratch4/workspace/jade_fiorilla_student_uml_edu-rawseqorcc/trim-galore-illumina/2024_Cont05_Cont03_W33_gut_S62_R1_001_val_1.fq.gz
  Output R2: /scratch4/workspace/jade_fiorilla_student_uml_edu-rawseqorcc/trim-galore-illumina/2024_Cont05_Cont03_W33_gut_S62_R2_001_val_2.fq.gz

=== Summary (Read 1) ===

Total reads processed:               708370
Reads with adapters:                  10745 (1.5%)

=== Summary (Read 2) ===

Total reads processed:               708370
Reads with adapters:                 171781 (24.3%)
R1 reads with poly-G trimmed:          1344 (0.2%)
  R1 poly-G bases removed:           162013
R2 reads with poly-G trimmed:           474 (0.1%)
  R2 poly-G bases removed:            84552

=== Paired-end validation ===

Pairs analyzed:                      708370
Pairs removed:                         2338 (0.3%)
Unpaired R1 kept:                      2180
Unpaired R2 kept:                        52
Report: /scratch4/workspace/jade_fiorilla_student_uml_edu-rawseqorcc/trim-galore-illumina/2024_Cont05_Cont03_W33_gut_S62_R1_001.fastq.gz_trimming_report.txt
JSON report: /scratch4/workspace/jade_fiorilla_student_uml_edu-rawseqorcc/trim-galore-illumina/2024_Cont05_Cont03_W33_gut_S62_R1_001.fastq.gz_trimming_report.json
Report: /scratch4/workspace/jade_fiorilla_student_uml_edu-rawseqorcc/trim-galore-illumina/2024_Cont05_Cont03_W33_gut_S62_R2_001.fastq.gz_trimming_report.txt
JSON report: /scratch4/workspace/jade_fiorilla_student_uml_edu-rawseqorcc/trim-galore-illumina/2024_Cont05_Cont03_W33_gut_S62_R2_001.fastq.gz_trimming_report.json

Running FastQC on /scratch4/workspace/jade_fiorilla_student_uml_edu-rawseqorcc/trim-galore-illumina/2024_Cont05_Cont03_W33_gut_S62_R1_001_val_1.fq.gz

Running FastQC on /scratch4/workspace/jade_fiorilla_student_uml_edu-rawseqorcc/trim-galore-illumina/2024_Cont05_Cont03_W33_gut_S62_R2_001_val_2.fq.gz
Running Trim Galore on: 2024_Cont05_Warm01_W9_gill_S201

Trim Galore v2.3.0
unknown — linux/x86_64 — built 2026-06-27T16:23:35Z
==================================================

Using 6 worker threads (parallel trim + compress)
Adapter: Illumina (AGATCGGAAGAGC)

Scanning for poly-G content...
Poly-G trimming: ENABLED (auto-detected). 285683 of 653075 reads (43.74%) have poly-G tails (>=10bp) — consistent with 2-colour chemistry (NovaSeq/NextSeq). To disable: --no_poly_g
Trimming (paired-end):
  R1: /scratch4/workspace/jade_fiorilla_student_uml_edu-rawseqorcc/fastq/2024_Cont05_Warm01_W9_gill_S201_R1_001.fastq.gz
  R2: /scratch4/workspace/jade_fiorilla_student_uml_edu-rawseqorcc/fastq/2024_Cont05_Warm01_W9_gill_S201_R2_001.fastq.gz
  Output R1: /scratch4/workspace/jade_fiorilla_student_uml_edu-rawseqorcc/trim-galore-illumina/2024_Cont05_Warm01_W9_gill_S201_R1_001_val_1.fq.gz
  Output R2: /scratch4/workspace/jade_fiorilla_student_uml_edu-rawseqorcc/trim-galore-illumina/2024_Cont05_Warm01_W9_gill_S201_R2_001_val_2.fq.gz

=== Summary (Read 1) ===

Total reads processed:               653075
Reads with adapters:                  12508 (1.9%)

=== Summary (Read 2) ===

Total reads processed:               653075
Reads with adapters:                 292512 (44.8%)
R1 reads with poly-G trimmed:          3077 (0.5%)
  R1 poly-G bases removed:           207144
R2 reads with poly-G trimmed:           702 (0.1%)
  R2 poly-G bases removed:           101349

=== Paired-end validation ===

Pairs analyzed:                      653075
Pairs removed:                         2226 (0.3%)
Unpaired R1 kept:                      2130
Unpaired R2 kept:                        43
Report: /scratch4/workspace/jade_fiorilla_student_uml_edu-rawseqorcc/trim-galore-illumina/2024_Cont05_Warm01_W9_gill_S201_R1_001.fastq.gz_trimming_report.txt
JSON report: /scratch4/workspace/jade_fiorilla_student_uml_edu-rawseqorcc/trim-galore-illumina/2024_Cont05_Warm01_W9_gill_S201_R1_001.fastq.gz_trimming_report.json
Report: /scratch4/workspace/jade_fiorilla_student_uml_edu-rawseqorcc/trim-galore-illumina/2024_Cont05_Warm01_W9_gill_S201_R2_001.fastq.gz_trimming_report.txt
JSON report: /scratch4/workspace/jade_fiorilla_student_uml_edu-rawseqorcc/trim-galore-illumina/2024_Cont05_Warm01_W9_gill_S201_R2_001.fastq.gz_trimming_report.json

Running FastQC on /scratch4/workspace/jade_fiorilla_student_uml_edu-rawseqorcc/trim-galore-illumina/2024_Cont05_Warm01_W9_gill_S201_R1_001_val_1.fq.gz

Running FastQC on /scratch4/workspace/jade_fiorilla_student_uml_edu-rawseqorcc/trim-galore-illumina/2024_Cont05_Warm01_W9_gill_S201_R2_001_val_2.fq.gz
Running Trim Galore on: 2024_Cont05_Warm01_W9_gut_S10

Trim Galore v2.3.0
unknown — linux/x86_64 — built 2026-06-27T16:23:35Z
==================================================

Using 6 worker threads (parallel trim + compress)
Adapter: Illumina (AGATCGGAAGAGC)

Scanning for poly-G content...
Poly-G trimming: ENABLED (auto-detected). 144762 of 870966 reads (16.62%) have poly-G tails (>=10bp) — consistent with 2-colour chemistry (NovaSeq/NextSeq). To disable: --no_poly_g
Trimming (paired-end):
  R1: /scratch4/workspace/jade_fiorilla_student_uml_edu-rawseqorcc/fastq/2024_Cont05_Warm01_W9_gut_S10_R1_001.fastq.gz
  R2: /scratch4/workspace/jade_fiorilla_student_uml_edu-rawseqorcc/fastq/2024_Cont05_Warm01_W9_gut_S10_R2_001.fastq.gz
  Output R1: /scratch4/workspace/jade_fiorilla_student_uml_edu-rawseqorcc/trim-galore-illumina/2024_Cont05_Warm01_W9_gut_S10_R1_001_val_1.fq.gz
  Output R2: /scratch4/workspace/jade_fiorilla_student_uml_edu-rawseqorcc/trim-galore-illumina/2024_Cont05_Warm01_W9_gut_S10_R2_001_val_2.fq.gz

=== Summary (Read 1) ===

Total reads processed:               870966
Reads with adapters:                   6303 (0.7%)

=== Summary (Read 2) ===

Total reads processed:               870966
Reads with adapters:                 152118 (17.5%)
R1 reads with poly-G trimmed:          5314 (0.6%)
  R1 poly-G bases removed:           162417
R2 reads with poly-G trimmed:           468 (0.1%)
  R2 poly-G bases removed:            87023

=== Paired-end validation ===

Pairs analyzed:                      870966
Pairs removed:                         2693 (0.3%)
Unpaired R1 kept:                      2577
Unpaired R2 kept:                        56
Report: /scratch4/workspace/jade_fiorilla_student_uml_edu-rawseqorcc/trim-galore-illumina/2024_Cont05_Warm01_W9_gut_S10_R1_001.fastq.gz_trimming_report.txt
JSON report: /scratch4/workspace/jade_fiorilla_student_uml_edu-rawseqorcc/trim-galore-illumina/2024_Cont05_Warm01_W9_gut_S10_R1_001.fastq.gz_trimming_report.json
Report: /scratch4/workspace/jade_fiorilla_student_uml_edu-rawseqorcc/trim-galore-illumina/2024_Cont05_Warm01_W9_gut_S10_R2_001.fastq.gz_trimming_report.txt
JSON report: /scratch4/workspace/jade_fiorilla_student_uml_edu-rawseqorcc/trim-galore-illumina/2024_Cont05_Warm01_W9_gut_S10_R2_001.fastq.gz_trimming_report.json

Running FastQC on /scratch4/workspace/jade_fiorilla_student_uml_edu-rawseqorcc/trim-galore-illumina/2024_Cont05_Warm01_W9_gut_S10_R1_001_val_1.fq.gz

Running FastQC on /scratch4/workspace/jade_fiorilla_student_uml_edu-rawseqorcc/trim-galore-illumina/2024_Cont05_Warm01_W9_gut_S10_R2_001_val_2.fq.gz
Running Trim Galore on: 2024_Cont05_Warm04_W45_gill_S202

Trim Galore v2.3.0
unknown — linux/x86_64 — built 2026-06-27T16:23:35Z
==================================================

Using 6 worker threads (parallel trim + compress)
Adapter: Illumina (AGATCGGAAGAGC)

Scanning for poly-G content...
Poly-G trimming: ENABLED (auto-detected). 4242 of 1000000 reads (0.42%) have poly-G tails (>=10bp) — consistent with 2-colour chemistry (NovaSeq/NextSeq). To disable: --no_poly_g
Trimming (paired-end):
  R1: /scratch4/workspace/jade_fiorilla_student_uml_edu-rawseqorcc/fastq/2024_Cont05_Warm04_W45_gill_S202_R1_001.fastq.gz
  R2: /scratch4/workspace/jade_fiorilla_student_uml_edu-rawseqorcc/fastq/2024_Cont05_Warm04_W45_gill_S202_R2_001.fastq.gz
  Output R1: /scratch4/workspace/jade_fiorilla_student_uml_edu-rawseqorcc/trim-galore-illumina/2024_Cont05_Warm04_W45_gill_S202_R1_001_val_1.fq.gz
  Output R2: /scratch4/workspace/jade_fiorilla_student_uml_edu-rawseqorcc/trim-galore-illumina/2024_Cont05_Warm04_W45_gill_S202_R2_001_val_2.fq.gz

=== Summary (Read 1) ===

Total reads processed:              2007437
Reads with adapters:                  47042 (2.3%)

=== Summary (Read 2) ===

Total reads processed:              2007437
Reads with adapters:                  48718 (2.4%)
R1 reads with poly-G trimmed:           173 (0.0%)
  R1 poly-G bases removed:             7669
R2 reads with poly-G trimmed:           155 (0.0%)
  R2 poly-G bases removed:            24894

=== Paired-end validation ===

Pairs analyzed:                     2007437
Pairs removed:                         3336 (0.2%)
Unpaired R1 kept:                      3045
Unpaired R2 kept:                       148
Report: /scratch4/workspace/jade_fiorilla_student_uml_edu-rawseqorcc/trim-galore-illumina/2024_Cont05_Warm04_W45_gill_S202_R1_001.fastq.gz_trimming_report.txt
JSON report: /scratch4/workspace/jade_fiorilla_student_uml_edu-rawseqorcc/trim-galore-illumina/2024_Cont05_Warm04_W45_gill_S202_R1_001.fastq.gz_trimming_report.json
Report: /scratch4/workspace/jade_fiorilla_student_uml_edu-rawseqorcc/trim-galore-illumina/2024_Cont05_Warm04_W45_gill_S202_R2_001.fastq.gz_trimming_report.txt
JSON report: /scratch4/workspace/jade_fiorilla_student_uml_edu-rawseqorcc/trim-galore-illumina/2024_Cont05_Warm04_W45_gill_S202_R2_001.fastq.gz_trimming_report.json

Running FastQC on /scratch4/workspace/jade_fiorilla_student_uml_edu-rawseqorcc/trim-galore-illumina/2024_Cont05_Warm04_W45_gill_S202_R1_001_val_1.fq.gz

Running FastQC on /scratch4/workspace/jade_fiorilla_student_uml_edu-rawseqorcc/trim-galore-illumina/2024_Cont05_Warm04_W45_gill_S202_R2_001_val_2.fq.gz
Running Trim Galore on: 2024_Cont05_Warm04_W45_gut_S134

Trim Galore v2.3.0
unknown — linux/x86_64 — built 2026-06-27T16:23:35Z
==================================================

Using 6 worker threads (parallel trim + compress)
Adapter: Illumina (AGATCGGAAGAGC)

Scanning for poly-G content...
Poly-G trimming: ENABLED (auto-detected). 193451 of 1000000 reads (19.35%) have poly-G tails (>=10bp) — consistent with 2-colour chemistry (NovaSeq/NextSeq). To disable: --no_poly_g
Trimming (paired-end):
  R1: /scratch4/workspace/jade_fiorilla_student_uml_edu-rawseqorcc/fastq/2024_Cont05_Warm04_W45_gut_S134_R1_001.fastq.gz
  R2: /scratch4/workspace/jade_fiorilla_student_uml_edu-rawseqorcc/fastq/2024_Cont05_Warm04_W45_gut_S134_R2_001.fastq.gz
  Output R1: /scratch4/workspace/jade_fiorilla_student_uml_edu-rawseqorcc/trim-galore-illumina/2024_Cont05_Warm04_W45_gut_S134_R1_001_val_1.fq.gz
  Output R2: /scratch4/workspace/jade_fiorilla_student_uml_edu-rawseqorcc/trim-galore-illumina/2024_Cont05_Warm04_W45_gut_S134_R2_001_val_2.fq.gz

=== Summary (Read 1) ===

Total reads processed:              1337897
Reads with adapters:                  41540 (3.1%)

=== Summary (Read 2) ===

Total reads processed:              1337897
Reads with adapters:                 276300 (20.7%)
R1 reads with poly-G trimmed:          5682 (0.4%)
  R1 poly-G bases removed:           275456
R2 reads with poly-G trimmed:           824 (0.1%)
  R2 poly-G bases removed:           143923

=== Paired-end validation ===

Pairs analyzed:                     1337897
Pairs removed:                         4107 (0.3%)
Unpaired R1 kept:                      3893
Unpaired R2 kept:                       131
Report: /scratch4/workspace/jade_fiorilla_student_uml_edu-rawseqorcc/trim-galore-illumina/2024_Cont05_Warm04_W45_gut_S134_R1_001.fastq.gz_trimming_report.txt
JSON report: /scratch4/workspace/jade_fiorilla_student_uml_edu-rawseqorcc/trim-galore-illumina/2024_Cont05_Warm04_W45_gut_S134_R1_001.fastq.gz_trimming_report.json
Report: /scratch4/workspace/jade_fiorilla_student_uml_edu-rawseqorcc/trim-galore-illumina/2024_Cont05_Warm04_W45_gut_S134_R2_001.fastq.gz_trimming_report.txt
JSON report: /scratch4/workspace/jade_fiorilla_student_uml_edu-rawseqorcc/trim-galore-illumina/2024_Cont05_Warm04_W45_gut_S134_R2_001.fastq.gz_trimming_report.json

Running FastQC on /scratch4/workspace/jade_fiorilla_student_uml_edu-rawseqorcc/trim-galore-illumina/2024_Cont05_Warm04_W45_gut_S134_R1_001_val_1.fq.gz

Running FastQC on /scratch4/workspace/jade_fiorilla_student_uml_edu-rawseqorcc/trim-galore-illumina/2024_Cont05_Warm04_W45_gut_S134_R2_001_val_2.fq.gz
Running Trim Galore on: 2024_Cont06_Both06_W71_gill_S169

Trim Galore v2.3.0
unknown — linux/x86_64 — built 2026-06-27T16:23:35Z
==================================================

Using 6 worker threads (parallel trim + compress)
Adapter: Illumina (AGATCGGAAGAGC)

Scanning for poly-G content...
Poly-G trimming: ENABLED (auto-detected). 547223 of 1000000 reads (54.72%) have poly-G tails (>=10bp) — consistent with 2-colour chemistry (NovaSeq/NextSeq). To disable: --no_poly_g
Trimming (paired-end):
  R1: /scratch4/workspace/jade_fiorilla_student_uml_edu-rawseqorcc/fastq/2024_Cont06_Both06_W71_gill_S169_R1_001.fastq.gz
  R2: /scratch4/workspace/jade_fiorilla_student_uml_edu-rawseqorcc/fastq/2024_Cont06_Both06_W71_gill_S169_R2_001.fastq.gz
  Output R1: /scratch4/workspace/jade_fiorilla_student_uml_edu-rawseqorcc/trim-galore-illumina/2024_Cont06_Both06_W71_gill_S169_R1_001_val_1.fq.gz
  Output R2: /scratch4/workspace/jade_fiorilla_student_uml_edu-rawseqorcc/trim-galore-illumina/2024_Cont06_Both06_W71_gill_S169_R2_001_val_2.fq.gz

=== Summary (Read 1) ===

Total reads processed:              2119016
Reads with adapters:                 161863 (7.6%)

=== Summary (Read 2) ===

Total reads processed:              2119016
Reads with adapters:                1232064 (58.1%)
R1 reads with poly-G trimmed:         32340 (1.5%)
  R1 poly-G bases removed:          1247327
R2 reads with poly-G trimmed:          3053 (0.1%)
  R2 poly-G bases removed:           525959

=== Paired-end validation ===

Pairs analyzed:                     2119016
Pairs removed:                         3618 (0.2%)
Unpaired R1 kept:                      3223
Unpaired R2 kept:                       160
Report: /scratch4/workspace/jade_fiorilla_student_uml_edu-rawseqorcc/trim-galore-illumina/2024_Cont06_Both06_W71_gill_S169_R1_001.fastq.gz_trimming_report.txt
JSON report: /scratch4/workspace/jade_fiorilla_student_uml_edu-rawseqorcc/trim-galore-illumina/2024_Cont06_Both06_W71_gill_S169_R1_001.fastq.gz_trimming_report.json
Report: /scratch4/workspace/jade_fiorilla_student_uml_edu-rawseqorcc/trim-galore-illumina/2024_Cont06_Both06_W71_gill_S169_R2_001.fastq.gz_trimming_report.txt
JSON report: /scratch4/workspace/jade_fiorilla_student_uml_edu-rawseqorcc/trim-galore-illumina/2024_Cont06_Both06_W71_gill_S169_R2_001.fastq.gz_trimming_report.json

Running FastQC on /scratch4/workspace/jade_fiorilla_student_uml_edu-rawseqorcc/trim-galore-illumina/2024_Cont06_Both06_W71_gill_S169_R1_001_val_1.fq.gz

Running FastQC on /scratch4/workspace/jade_fiorilla_student_uml_edu-rawseqorcc/trim-galore-illumina/2024_Cont06_Both06_W71_gill_S169_R2_001_val_2.fq.gz
Running Trim Galore on: 2024_Cont06_Both06_W71_gut_S170

Trim Galore v2.3.0
unknown — linux/x86_64 — built 2026-06-27T16:23:35Z
==================================================

Using 6 worker threads (parallel trim + compress)
Adapter: Illumina (AGATCGGAAGAGC)

Scanning for poly-G content...
Poly-G trimming: ENABLED (auto-detected). 554422 of 1000000 reads (55.44%) have poly-G tails (>=10bp) — consistent with 2-colour chemistry (NovaSeq/NextSeq). To disable: --no_poly_g
Trimming (paired-end):
  R1: /scratch4/workspace/jade_fiorilla_student_uml_edu-rawseqorcc/fastq/2024_Cont06_Both06_W71_gut_S170_R1_001.fastq.gz
  R2: /scratch4/workspace/jade_fiorilla_student_uml_edu-rawseqorcc/fastq/2024_Cont06_Both06_W71_gut_S170_R2_001.fastq.gz
  Output R1: /scratch4/workspace/jade_fiorilla_student_uml_edu-rawseqorcc/trim-galore-illumina/2024_Cont06_Both06_W71_gut_S170_R1_001_val_1.fq.gz
  Output R2: /scratch4/workspace/jade_fiorilla_student_uml_edu-rawseqorcc/trim-galore-illumina/2024_Cont06_Both06_W71_gut_S170_R2_001_val_2.fq.gz

=== Summary (Read 1) ===

Total reads processed:              2008029
Reads with adapters:                 150518 (7.5%)

=== Summary (Read 2) ===

Total reads processed:              2008029
Reads with adapters:                1152420 (57.4%)
R1 reads with poly-G trimmed:         33388 (1.7%)
  R1 poly-G bases removed:          1180753
R2 reads with poly-G trimmed:          2764 (0.1%)
  R2 poly-G bases removed:           488741

=== Paired-end validation ===

Pairs analyzed:                     2008029
Pairs removed:                         3442 (0.2%)
Unpaired R1 kept:                      3067
Unpaired R2 kept:                       129
Report: /scratch4/workspace/jade_fiorilla_student_uml_edu-rawseqorcc/trim-galore-illumina/2024_Cont06_Both06_W71_gut_S170_R1_001.fastq.gz_trimming_report.txt
JSON report: /scratch4/workspace/jade_fiorilla_student_uml_edu-rawseqorcc/trim-galore-illumina/2024_Cont06_Both06_W71_gut_S170_R1_001.fastq.gz_trimming_report.json
Report: /scratch4/workspace/jade_fiorilla_student_uml_edu-rawseqorcc/trim-galore-illumina/2024_Cont06_Both06_W71_gut_S170_R2_001.fastq.gz_trimming_report.txt
JSON report: /scratch4/workspace/jade_fiorilla_student_uml_edu-rawseqorcc/trim-galore-illumina/2024_Cont06_Both06_W71_gut_S170_R2_001.fastq.gz_trimming_report.json

Running FastQC on /scratch4/workspace/jade_fiorilla_student_uml_edu-rawseqorcc/trim-galore-illumina/2024_Cont06_Both06_W71_gut_S170_R1_001_val_1.fq.gz

Running FastQC on /scratch4/workspace/jade_fiorilla_student_uml_edu-rawseqorcc/trim-galore-illumina/2024_Cont06_Both06_W71_gut_S170_R2_001_val_2.fq.gz
Running Trim Galore on: 2024_Cont06_Cont05_W59_gill_S48

Trim Galore v2.3.0
unknown — linux/x86_64 — built 2026-06-27T16:23:35Z
==================================================

Using 6 worker threads (parallel trim + compress)
Adapter: Illumina (AGATCGGAAGAGC)

Scanning for poly-G content...
Poly-G trimming: ENABLED (auto-detected). 872945 of 1000000 reads (87.29%) have poly-G tails (>=10bp) — consistent with 2-colour chemistry (NovaSeq/NextSeq). To disable: --no_poly_g
Trimming (paired-end):
  R1: /scratch4/workspace/jade_fiorilla_student_uml_edu-rawseqorcc/fastq/2024_Cont06_Cont05_W59_gill_S48_R1_001.fastq.gz
  R2: /scratch4/workspace/jade_fiorilla_student_uml_edu-rawseqorcc/fastq/2024_Cont06_Cont05_W59_gill_S48_R2_001.fastq.gz
  Output R1: /scratch4/workspace/jade_fiorilla_student_uml_edu-rawseqorcc/trim-galore-illumina/2024_Cont06_Cont05_W59_gill_S48_R1_001_val_1.fq.gz
  Output R2: /scratch4/workspace/jade_fiorilla_student_uml_edu-rawseqorcc/trim-galore-illumina/2024_Cont06_Cont05_W59_gill_S48_R2_001_val_2.fq.gz

=== Summary (Read 1) ===

Total reads processed:              1313422
Reads with adapters:                 277802 (21.2%)

=== Summary (Read 2) ===

Total reads processed:              1313422
Reads with adapters:                1154920 (87.9%)
R1 reads with poly-G trimmed:          5343 (0.4%)
  R1 poly-G bases removed:           967384
R2 reads with poly-G trimmed:          2726 (0.2%)
  R2 poly-G bases removed:           506903

=== Paired-end validation ===

Pairs analyzed:                     1313422
Pairs removed:                         2799 (0.2%)
Unpaired R1 kept:                      2562
Unpaired R2 kept:                        52
Report: /scratch4/workspace/jade_fiorilla_student_uml_edu-rawseqorcc/trim-galore-illumina/2024_Cont06_Cont05_W59_gill_S48_R1_001.fastq.gz_trimming_report.txt
JSON report: /scratch4/workspace/jade_fiorilla_student_uml_edu-rawseqorcc/trim-galore-illumina/2024_Cont06_Cont05_W59_gill_S48_R1_001.fastq.gz_trimming_report.json
Report: /scratch4/workspace/jade_fiorilla_student_uml_edu-rawseqorcc/trim-galore-illumina/2024_Cont06_Cont05_W59_gill_S48_R2_001.fastq.gz_trimming_report.txt
JSON report: /scratch4/workspace/jade_fiorilla_student_uml_edu-rawseqorcc/trim-galore-illumina/2024_Cont06_Cont05_W59_gill_S48_R2_001.fastq.gz_trimming_report.json

Running FastQC on /scratch4/workspace/jade_fiorilla_student_uml_edu-rawseqorcc/trim-galore-illumina/2024_Cont06_Cont05_W59_gill_S48_R1_001_val_1.fq.gz

Running FastQC on /scratch4/workspace/jade_fiorilla_student_uml_edu-rawseqorcc/trim-galore-illumina/2024_Cont06_Cont05_W59_gill_S48_R2_001_val_2.fq.gz
Running Trim Galore on: 2024_Cont06_Cont05_W59_gut_S49

Trim Galore v2.3.0
unknown — linux/x86_64 — built 2026-06-27T16:23:35Z
==================================================

Using 6 worker threads (parallel trim + compress)
Adapter: Illumina (AGATCGGAAGAGC)

Scanning for poly-G content...
Poly-G trimming: ENABLED (auto-detected). 669031 of 963996 reads (69.40%) have poly-G tails (>=10bp) — consistent with 2-colour chemistry (NovaSeq/NextSeq). To disable: --no_poly_g
Trimming (paired-end):
  R1: /scratch4/workspace/jade_fiorilla_student_uml_edu-rawseqorcc/fastq/2024_Cont06_Cont05_W59_gut_S49_R1_001.fastq.gz
  R2: /scratch4/workspace/jade_fiorilla_student_uml_edu-rawseqorcc/fastq/2024_Cont06_Cont05_W59_gut_S49_R2_001.fastq.gz
  Output R1: /scratch4/workspace/jade_fiorilla_student_uml_edu-rawseqorcc/trim-galore-illumina/2024_Cont06_Cont05_W59_gut_S49_R1_001_val_1.fq.gz
  Output R2: /scratch4/workspace/jade_fiorilla_student_uml_edu-rawseqorcc/trim-galore-illumina/2024_Cont06_Cont05_W59_gut_S49_R2_001_val_2.fq.gz

=== Summary (Read 1) ===

Total reads processed:               963996
Reads with adapters:                 171281 (17.8%)

=== Summary (Read 2) ===

Total reads processed:               963996
Reads with adapters:                 680790 (70.6%)
R1 reads with poly-G trimmed:          3331 (0.3%)
  R1 poly-G bases removed:           593781
R2 reads with poly-G trimmed:          1576 (0.2%)
  R2 poly-G bases removed:           290135

=== Paired-end validation ===

Pairs analyzed:                      963996
Pairs removed:                         2131 (0.2%)
Unpaired R1 kept:                      1969
Unpaired R2 kept:                        51
Report: /scratch4/workspace/jade_fiorilla_student_uml_edu-rawseqorcc/trim-galore-illumina/2024_Cont06_Cont05_W59_gut_S49_R1_001.fastq.gz_trimming_report.txt
JSON report: /scratch4/workspace/jade_fiorilla_student_uml_edu-rawseqorcc/trim-galore-illumina/2024_Cont06_Cont05_W59_gut_S49_R1_001.fastq.gz_trimming_report.json
Report: /scratch4/workspace/jade_fiorilla_student_uml_edu-rawseqorcc/trim-galore-illumina/2024_Cont06_Cont05_W59_gut_S49_R2_001.fastq.gz_trimming_report.txt
JSON report: /scratch4/workspace/jade_fiorilla_student_uml_edu-rawseqorcc/trim-galore-illumina/2024_Cont06_Cont05_W59_gut_S49_R2_001.fastq.gz_trimming_report.json

Running FastQC on /scratch4/workspace/jade_fiorilla_student_uml_edu-rawseqorcc/trim-galore-illumina/2024_Cont06_Cont05_W59_gut_S49_R1_001_val_1.fq.gz

Running FastQC on /scratch4/workspace/jade_fiorilla_student_uml_edu-rawseqorcc/trim-galore-illumina/2024_Cont06_Cont05_W59_gut_S49_R2_001_val_2.fq.gz
Running Trim Galore on: 2024_Cont06_Hyp03_W36_gill_S63

Trim Galore v2.3.0
unknown — linux/x86_64 — built 2026-06-27T16:23:35Z
==================================================

Using 6 worker threads (parallel trim + compress)
Adapter: Illumina (AGATCGGAAGAGC)

Scanning for poly-G content...
Poly-G trimming: ENABLED (auto-detected). 873021 of 1000000 reads (87.30%) have poly-G tails (>=10bp) — consistent with 2-colour chemistry (NovaSeq/NextSeq). To disable: --no_poly_g
Trimming (paired-end):
  R1: /scratch4/workspace/jade_fiorilla_student_uml_edu-rawseqorcc/fastq/2024_Cont06_Hyp03_W36_gill_S63_R1_001.fastq.gz
  R2: /scratch4/workspace/jade_fiorilla_student_uml_edu-rawseqorcc/fastq/2024_Cont06_Hyp03_W36_gill_S63_R2_001.fastq.gz
  Output R1: /scratch4/workspace/jade_fiorilla_student_uml_edu-rawseqorcc/trim-galore-illumina/2024_Cont06_Hyp03_W36_gill_S63_R1_001_val_1.fq.gz
  Output R2: /scratch4/workspace/jade_fiorilla_student_uml_edu-rawseqorcc/trim-galore-illumina/2024_Cont06_Hyp03_W36_gill_S63_R2_001_val_2.fq.gz

=== Summary (Read 1) ===

Total reads processed:              1459763
Reads with adapters:                 169768 (11.6%)

=== Summary (Read 2) ===

Total reads processed:              1459763
Reads with adapters:                1292029 (88.5%)
R1 reads with poly-G trimmed:          6957 (0.5%)
  R1 poly-G bases removed:          1307432
R2 reads with poly-G trimmed:          3098 (0.2%)
  R2 poly-G bases removed:           561083

=== Paired-end validation ===

Pairs analyzed:                     1459763
Pairs removed:                         3330 (0.2%)
Unpaired R1 kept:                      3004
Unpaired R2 kept:                        56
Report: /scratch4/workspace/jade_fiorilla_student_uml_edu-rawseqorcc/trim-galore-illumina/2024_Cont06_Hyp03_W36_gill_S63_R1_001.fastq.gz_trimming_report.txt
JSON report: /scratch4/workspace/jade_fiorilla_student_uml_edu-rawseqorcc/trim-galore-illumina/2024_Cont06_Hyp03_W36_gill_S63_R1_001.fastq.gz_trimming_report.json
Report: /scratch4/workspace/jade_fiorilla_student_uml_edu-rawseqorcc/trim-galore-illumina/2024_Cont06_Hyp03_W36_gill_S63_R2_001.fastq.gz_trimming_report.txt
JSON report: /scratch4/workspace/jade_fiorilla_student_uml_edu-rawseqorcc/trim-galore-illumina/2024_Cont06_Hyp03_W36_gill_S63_R2_001.fastq.gz_trimming_report.json

Running FastQC on /scratch4/workspace/jade_fiorilla_student_uml_edu-rawseqorcc/trim-galore-illumina/2024_Cont06_Hyp03_W36_gill_S63_R1_001_val_1.fq.gz

Running FastQC on /scratch4/workspace/jade_fiorilla_student_uml_edu-rawseqorcc/trim-galore-illumina/2024_Cont06_Hyp03_W36_gill_S63_R2_001_val_2.fq.gz
Running Trim Galore on: 2024_Cont06_Hyp03_W36_gut_S64

Trim Galore v2.3.0
unknown — linux/x86_64 — built 2026-06-27T16:23:35Z
==================================================

Using 6 worker threads (parallel trim + compress)
Adapter: Illumina (AGATCGGAAGAGC)

Scanning for poly-G content...
Poly-G trimming: ENABLED (auto-detected). 643533 of 1000000 reads (64.35%) have poly-G tails (>=10bp) — consistent with 2-colour chemistry (NovaSeq/NextSeq). To disable: --no_poly_g
Trimming (paired-end):
  R1: /scratch4/workspace/jade_fiorilla_student_uml_edu-rawseqorcc/fastq/2024_Cont06_Hyp03_W36_gut_S64_R1_001.fastq.gz
  R2: /scratch4/workspace/jade_fiorilla_student_uml_edu-rawseqorcc/fastq/2024_Cont06_Hyp03_W36_gut_S64_R2_001.fastq.gz
  Output R1: /scratch4/workspace/jade_fiorilla_student_uml_edu-rawseqorcc/trim-galore-illumina/2024_Cont06_Hyp03_W36_gut_S64_R1_001_val_1.fq.gz
  Output R2: /scratch4/workspace/jade_fiorilla_student_uml_edu-rawseqorcc/trim-galore-illumina/2024_Cont06_Hyp03_W36_gut_S64_R2_001_val_2.fq.gz

=== Summary (Read 1) ===

Total reads processed:              1235922
Reads with adapters:                 115921 (9.4%)

=== Summary (Read 2) ===

Total reads processed:              1235922
Reads with adapters:                 813653 (65.8%)
R1 reads with poly-G trimmed:          4262 (0.3%)
  R1 poly-G bases removed:           803593
R2 reads with poly-G trimmed:          1903 (0.2%)
  R2 poly-G bases removed:           351494

=== Paired-end validation ===

Pairs analyzed:                     1235922
Pairs removed:                         2746 (0.2%)
Unpaired R1 kept:                      2465
Unpaired R2 kept:                        54
Report: /scratch4/workspace/jade_fiorilla_student_uml_edu-rawseqorcc/trim-galore-illumina/2024_Cont06_Hyp03_W36_gut_S64_R1_001.fastq.gz_trimming_report.txt
JSON report: /scratch4/workspace/jade_fiorilla_student_uml_edu-rawseqorcc/trim-galore-illumina/2024_Cont06_Hyp03_W36_gut_S64_R1_001.fastq.gz_trimming_report.json
Report: /scratch4/workspace/jade_fiorilla_student_uml_edu-rawseqorcc/trim-galore-illumina/2024_Cont06_Hyp03_W36_gut_S64_R2_001.fastq.gz_trimming_report.txt
JSON report: /scratch4/workspace/jade_fiorilla_student_uml_edu-rawseqorcc/trim-galore-illumina/2024_Cont06_Hyp03_W36_gut_S64_R2_001.fastq.gz_trimming_report.json

Running FastQC on /scratch4/workspace/jade_fiorilla_student_uml_edu-rawseqorcc/trim-galore-illumina/2024_Cont06_Hyp03_W36_gut_S64_R1_001_val_1.fq.gz

Running FastQC on /scratch4/workspace/jade_fiorilla_student_uml_edu-rawseqorcc/trim-galore-illumina/2024_Cont06_Hyp03_W36_gut_S64_R2_001_val_2.fq.gz
Running Trim Galore on: 2024_Cont06_Hyp04_W48_gill_S227

Trim Galore v2.3.0
unknown — linux/x86_64 — built 2026-06-27T16:23:35Z
==================================================

Using 6 worker threads (parallel trim + compress)
Adapter: Illumina (AGATCGGAAGAGC)

Scanning for poly-G content...
Poly-G trimming: ENABLED (auto-detected). 187881 of 820625 reads (22.89%) have poly-G tails (>=10bp) — consistent with 2-colour chemistry (NovaSeq/NextSeq). To disable: --no_poly_g
Trimming (paired-end):
  R1: /scratch4/workspace/jade_fiorilla_student_uml_edu-rawseqorcc/fastq/2024_Cont06_Hyp04_W48_gill_S227_R1_001.fastq.gz
  R2: /scratch4/workspace/jade_fiorilla_student_uml_edu-rawseqorcc/fastq/2024_Cont06_Hyp04_W48_gill_S227_R2_001.fastq.gz
  Output R1: /scratch4/workspace/jade_fiorilla_student_uml_edu-rawseqorcc/trim-galore-illumina/2024_Cont06_Hyp04_W48_gill_S227_R1_001_val_1.fq.gz
  Output R2: /scratch4/workspace/jade_fiorilla_student_uml_edu-rawseqorcc/trim-galore-illumina/2024_Cont06_Hyp04_W48_gill_S227_R2_001_val_2.fq.gz

=== Summary (Read 1) ===

Total reads processed:               820625
Reads with adapters:                 153882 (18.8%)

=== Summary (Read 2) ===

Total reads processed:               820625
Reads with adapters:                 201202 (24.5%)
R1 reads with poly-G trimmed:          1004 (0.1%)
  R1 poly-G bases removed:           155047
R2 reads with poly-G trimmed:           560 (0.1%)
  R2 poly-G bases removed:            94259

=== Paired-end validation ===

Pairs analyzed:                      820625
Pairs removed:                         1744 (0.2%)
Unpaired R1 kept:                      1633
Unpaired R2 kept:                        50
Report: /scratch4/workspace/jade_fiorilla_student_uml_edu-rawseqorcc/trim-galore-illumina/2024_Cont06_Hyp04_W48_gill_S227_R1_001.fastq.gz_trimming_report.txt
JSON report: /scratch4/workspace/jade_fiorilla_student_uml_edu-rawseqorcc/trim-galore-illumina/2024_Cont06_Hyp04_W48_gill_S227_R1_001.fastq.gz_trimming_report.json
Report: /scratch4/workspace/jade_fiorilla_student_uml_edu-rawseqorcc/trim-galore-illumina/2024_Cont06_Hyp04_W48_gill_S227_R2_001.fastq.gz_trimming_report.txt
JSON report: /scratch4/workspace/jade_fiorilla_student_uml_edu-rawseqorcc/trim-galore-illumina/2024_Cont06_Hyp04_W48_gill_S227_R2_001.fastq.gz_trimming_report.json

Running FastQC on /scratch4/workspace/jade_fiorilla_student_uml_edu-rawseqorcc/trim-galore-illumina/2024_Cont06_Hyp04_W48_gill_S227_R1_001_val_1.fq.gz

Running FastQC on /scratch4/workspace/jade_fiorilla_student_uml_edu-rawseqorcc/trim-galore-illumina/2024_Cont06_Hyp04_W48_gill_S227_R2_001_val_2.fq.gz
Running Trim Galore on: 2024_Cont06_Hyp04_W48_gut_S152

Trim Galore v2.3.0
unknown — linux/x86_64 — built 2026-06-27T16:23:35Z
==================================================

Using 6 worker threads (parallel trim + compress)
Adapter: Illumina (AGATCGGAAGAGC)

Scanning for poly-G content...
Poly-G trimming: ENABLED (auto-detected). 94837 of 1000000 reads (9.48%) have poly-G tails (>=10bp) — consistent with 2-colour chemistry (NovaSeq/NextSeq). To disable: --no_poly_g
Trimming (paired-end):
  R1: /scratch4/workspace/jade_fiorilla_student_uml_edu-rawseqorcc/fastq/2024_Cont06_Hyp04_W48_gut_S152_R1_001.fastq.gz
  R2: /scratch4/workspace/jade_fiorilla_student_uml_edu-rawseqorcc/fastq/2024_Cont06_Hyp04_W48_gut_S152_R2_001.fastq.gz
  Output R1: /scratch4/workspace/jade_fiorilla_student_uml_edu-rawseqorcc/trim-galore-illumina/2024_Cont06_Hyp04_W48_gut_S152_R1_001_val_1.fq.gz
  Output R2: /scratch4/workspace/jade_fiorilla_student_uml_edu-rawseqorcc/trim-galore-illumina/2024_Cont06_Hyp04_W48_gut_S152_R2_001_val_2.fq.gz

=== Summary (Read 1) ===

Total reads processed:              1280230
Reads with adapters:                  52547 (4.1%)

=== Summary (Read 2) ===

Total reads processed:              1280230
Reads with adapters:                 128460 (10.0%)
R1 reads with poly-G trimmed:           860 (0.1%)
  R1 poly-G bases removed:           119509
R2 reads with poly-G trimmed:           472 (0.0%)
  R2 poly-G bases removed:            83923

=== Paired-end validation ===

Pairs analyzed:                     1280230
Pairs removed:                         3087 (0.2%)
Unpaired R1 kept:                      2819
Unpaired R2 kept:                       144
Report: /scratch4/workspace/jade_fiorilla_student_uml_edu-rawseqorcc/trim-galore-illumina/2024_Cont06_Hyp04_W48_gut_S152_R1_001.fastq.gz_trimming_report.txt
JSON report: /scratch4/workspace/jade_fiorilla_student_uml_edu-rawseqorcc/trim-galore-illumina/2024_Cont06_Hyp04_W48_gut_S152_R1_001.fastq.gz_trimming_report.json
Report: /scratch4/workspace/jade_fiorilla_student_uml_edu-rawseqorcc/trim-galore-illumina/2024_Cont06_Hyp04_W48_gut_S152_R2_001.fastq.gz_trimming_report.txt
JSON report: /scratch4/workspace/jade_fiorilla_student_uml_edu-rawseqorcc/trim-galore-illumina/2024_Cont06_Hyp04_W48_gut_S152_R2_001.fastq.gz_trimming_report.json

Running FastQC on /scratch4/workspace/jade_fiorilla_student_uml_edu-rawseqorcc/trim-galore-illumina/2024_Cont06_Hyp04_W48_gut_S152_R1_001_val_1.fq.gz

Running FastQC on /scratch4/workspace/jade_fiorilla_student_uml_edu-rawseqorcc/trim-galore-illumina/2024_Cont06_Hyp04_W48_gut_S152_R2_001_val_2.fq.gz
Running Trim Galore on: 2024_Cont06_Null_W42_gill_S260

Trim Galore v2.3.0
unknown — linux/x86_64 — built 2026-06-27T16:23:35Z
==================================================

Using 6 worker threads (parallel trim + compress)
Adapter: Illumina (AGATCGGAAGAGC)

Scanning for poly-G content...
Poly-G trimming: ENABLED (auto-detected). 25311 of 1000000 reads (2.53%) have poly-G tails (>=10bp) — consistent with 2-colour chemistry (NovaSeq/NextSeq). To disable: --no_poly_g
Trimming (paired-end):
  R1: /scratch4/workspace/jade_fiorilla_student_uml_edu-rawseqorcc/fastq/2024_Cont06_Null_W42_gill_S260_R1_001.fastq.gz
  R2: /scratch4/workspace/jade_fiorilla_student_uml_edu-rawseqorcc/fastq/2024_Cont06_Null_W42_gill_S260_R2_001.fastq.gz
  Output R1: /scratch4/workspace/jade_fiorilla_student_uml_edu-rawseqorcc/trim-galore-illumina/2024_Cont06_Null_W42_gill_S260_R1_001_val_1.fq.gz
  Output R2: /scratch4/workspace/jade_fiorilla_student_uml_edu-rawseqorcc/trim-galore-illumina/2024_Cont06_Null_W42_gill_S260_R2_001_val_2.fq.gz

=== Summary (Read 1) ===

Total reads processed:              2295041
Reads with adapters:                 109258 (4.8%)

=== Summary (Read 2) ===

Total reads processed:              2295041
Reads with adapters:                 125909 (5.5%)
R1 reads with poly-G trimmed:          1051 (0.0%)
  R1 poly-G bases removed:            57280
R2 reads with poly-G trimmed:           361 (0.0%)
  R2 poly-G bases removed:            54859

=== Paired-end validation ===

Pairs analyzed:                     2295041
Pairs removed:                         3960 (0.2%)
Unpaired R1 kept:                      3454
Unpaired R2 kept:                       224
Report: /scratch4/workspace/jade_fiorilla_student_uml_edu-rawseqorcc/trim-galore-illumina/2024_Cont06_Null_W42_gill_S260_R1_001.fastq.gz_trimming_report.txt
JSON report: /scratch4/workspace/jade_fiorilla_student_uml_edu-rawseqorcc/trim-galore-illumina/2024_Cont06_Null_W42_gill_S260_R1_001.fastq.gz_trimming_report.json
Report: /scratch4/workspace/jade_fiorilla_student_uml_edu-rawseqorcc/trim-galore-illumina/2024_Cont06_Null_W42_gill_S260_R2_001.fastq.gz_trimming_report.txt
JSON report: /scratch4/workspace/jade_fiorilla_student_uml_edu-rawseqorcc/trim-galore-illumina/2024_Cont06_Null_W42_gill_S260_R2_001.fastq.gz_trimming_report.json

Running FastQC on /scratch4/workspace/jade_fiorilla_student_uml_edu-rawseqorcc/trim-galore-illumina/2024_Cont06_Null_W42_gill_S260_R1_001_val_1.fq.gz

Running FastQC on /scratch4/workspace/jade_fiorilla_student_uml_edu-rawseqorcc/trim-galore-illumina/2024_Cont06_Null_W42_gill_S260_R2_001_val_2.fq.gz
Running Trim Galore on: 2024_Cont06_Null_W42_gut_S78

Trim Galore v2.3.0
unknown — linux/x86_64 — built 2026-06-27T16:23:35Z
==================================================

Using 6 worker threads (parallel trim + compress)
Adapter: Illumina (AGATCGGAAGAGC)

Scanning for poly-G content...
Poly-G trimming: ENABLED (auto-detected). 243966 of 705351 reads (34.59%) have poly-G tails (>=10bp) — consistent with 2-colour chemistry (NovaSeq/NextSeq). To disable: --no_poly_g
Trimming (paired-end):
  R1: /scratch4/workspace/jade_fiorilla_student_uml_edu-rawseqorcc/fastq/2024_Cont06_Null_W42_gut_S78_R1_001.fastq.gz
  R2: /scratch4/workspace/jade_fiorilla_student_uml_edu-rawseqorcc/fastq/2024_Cont06_Null_W42_gut_S78_R2_001.fastq.gz
  Output R1: /scratch4/workspace/jade_fiorilla_student_uml_edu-rawseqorcc/trim-galore-illumina/2024_Cont06_Null_W42_gut_S78_R1_001_val_1.fq.gz
  Output R2: /scratch4/workspace/jade_fiorilla_student_uml_edu-rawseqorcc/trim-galore-illumina/2024_Cont06_Null_W42_gut_S78_R2_001_val_2.fq.gz

=== Summary (Read 1) ===

Total reads processed:               705351
Reads with adapters:                  43378 (6.1%)

=== Summary (Read 2) ===

Total reads processed:               705351
Reads with adapters:                 249998 (35.4%)
R1 reads with poly-G trimmed:          6864 (1.0%)
  R1 poly-G bases removed:           297675
R2 reads with poly-G trimmed:           723 (0.1%)
  R2 poly-G bases removed:           119923

=== Paired-end validation ===

Pairs analyzed:                      705351
Pairs removed:                         1471 (0.2%)
Unpaired R1 kept:                      1295
Unpaired R2 kept:                        63
Report: /scratch4/workspace/jade_fiorilla_student_uml_edu-rawseqorcc/trim-galore-illumina/2024_Cont06_Null_W42_gut_S78_R1_001.fastq.gz_trimming_report.txt
JSON report: /scratch4/workspace/jade_fiorilla_student_uml_edu-rawseqorcc/trim-galore-illumina/2024_Cont06_Null_W42_gut_S78_R1_001.fastq.gz_trimming_report.json
Report: /scratch4/workspace/jade_fiorilla_student_uml_edu-rawseqorcc/trim-galore-illumina/2024_Cont06_Null_W42_gut_S78_R2_001.fastq.gz_trimming_report.txt
JSON report: /scratch4/workspace/jade_fiorilla_student_uml_edu-rawseqorcc/trim-galore-illumina/2024_Cont06_Null_W42_gut_S78_R2_001.fastq.gz_trimming_report.json

Running FastQC on /scratch4/workspace/jade_fiorilla_student_uml_edu-rawseqorcc/trim-galore-illumina/2024_Cont06_Null_W42_gut_S78_R1_001_val_1.fq.gz

Running FastQC on /scratch4/workspace/jade_fiorilla_student_uml_edu-rawseqorcc/trim-galore-illumina/2024_Cont06_Null_W42_gut_S78_R2_001_val_2.fq.gz
Running Trim Galore on: 2024_Cont06_Warm06_W72_gill_S203

Trim Galore v2.3.0
unknown — linux/x86_64 — built 2026-06-27T16:23:35Z
==================================================

Using 6 worker threads (parallel trim + compress)
Adapter: Illumina (AGATCGGAAGAGC)

Scanning for poly-G content...
Poly-G trimming: ENABLED (auto-detected). 3158 of 1000000 reads (0.32%) have poly-G tails (>=10bp) — consistent with 2-colour chemistry (NovaSeq/NextSeq). To disable: --no_poly_g
Trimming (paired-end):
  R1: /scratch4/workspace/jade_fiorilla_student_uml_edu-rawseqorcc/fastq/2024_Cont06_Warm06_W72_gill_S203_R1_001.fastq.gz
  R2: /scratch4/workspace/jade_fiorilla_student_uml_edu-rawseqorcc/fastq/2024_Cont06_Warm06_W72_gill_S203_R2_001.fastq.gz
  Output R1: /scratch4/workspace/jade_fiorilla_student_uml_edu-rawseqorcc/trim-galore-illumina/2024_Cont06_Warm06_W72_gill_S203_R1_001_val_1.fq.gz
  Output R2: /scratch4/workspace/jade_fiorilla_student_uml_edu-rawseqorcc/trim-galore-illumina/2024_Cont06_Warm06_W72_gill_S203_R2_001_val_2.fq.gz

=== Summary (Read 1) ===

Total reads processed:              1987852
Reads with adapters:                  44088 (2.2%)

=== Summary (Read 2) ===

Total reads processed:              1987852
Reads with adapters:                  39879 (2.0%)
R1 reads with poly-G trimmed:           181 (0.0%)
  R1 poly-G bases removed:             6259
R2 reads with poly-G trimmed:           142 (0.0%)
  R2 poly-G bases removed:            23963

=== Paired-end validation ===

Pairs analyzed:                     1987852
Pairs removed:                         2848 (0.1%)
Unpaired R1 kept:                      2720
Unpaired R2 kept:                        60
Report: /scratch4/workspace/jade_fiorilla_student_uml_edu-rawseqorcc/trim-galore-illumina/2024_Cont06_Warm06_W72_gill_S203_R1_001.fastq.gz_trimming_report.txt
JSON report: /scratch4/workspace/jade_fiorilla_student_uml_edu-rawseqorcc/trim-galore-illumina/2024_Cont06_Warm06_W72_gill_S203_R1_001.fastq.gz_trimming_report.json
Report: /scratch4/workspace/jade_fiorilla_student_uml_edu-rawseqorcc/trim-galore-illumina/2024_Cont06_Warm06_W72_gill_S203_R2_001.fastq.gz_trimming_report.txt
JSON report: /scratch4/workspace/jade_fiorilla_student_uml_edu-rawseqorcc/trim-galore-illumina/2024_Cont06_Warm06_W72_gill_S203_R2_001.fastq.gz_trimming_report.json

Running FastQC on /scratch4/workspace/jade_fiorilla_student_uml_edu-rawseqorcc/trim-galore-illumina/2024_Cont06_Warm06_W72_gill_S203_R1_001_val_1.fq.gz

Running FastQC on /scratch4/workspace/jade_fiorilla_student_uml_edu-rawseqorcc/trim-galore-illumina/2024_Cont06_Warm06_W72_gill_S203_R2_001_val_2.fq.gz
Running Trim Galore on: 2024_Cont06_Warm06_W72_gut_S11

Trim Galore v2.3.0
unknown — linux/x86_64 — built 2026-06-27T16:23:35Z
==================================================

Using 6 worker threads (parallel trim + compress)
Adapter: Illumina (AGATCGGAAGAGC)

Scanning for poly-G content...
Poly-G trimming: ENABLED (auto-detected). 138155 of 482545 reads (28.63%) have poly-G tails (>=10bp) — consistent with 2-colour chemistry (NovaSeq/NextSeq). To disable: --no_poly_g
Trimming (paired-end):
  R1: /scratch4/workspace/jade_fiorilla_student_uml_edu-rawseqorcc/fastq/2024_Cont06_Warm06_W72_gut_S11_R1_001.fastq.gz
  R2: /scratch4/workspace/jade_fiorilla_student_uml_edu-rawseqorcc/fastq/2024_Cont06_Warm06_W72_gut_S11_R2_001.fastq.gz
  Output R1: /scratch4/workspace/jade_fiorilla_student_uml_edu-rawseqorcc/trim-galore-illumina/2024_Cont06_Warm06_W72_gut_S11_R1_001_val_1.fq.gz
  Output R2: /scratch4/workspace/jade_fiorilla_student_uml_edu-rawseqorcc/trim-galore-illumina/2024_Cont06_Warm06_W72_gut_S11_R2_001_val_2.fq.gz

=== Summary (Read 1) ===

Total reads processed:               482545
Reads with adapters:                  76132 (15.8%)

=== Summary (Read 2) ===

Total reads processed:               482545
Reads with adapters:                 150459 (31.2%)
R1 reads with poly-G trimmed:          4735 (1.0%)
  R1 poly-G bases removed:           169411
R2 reads with poly-G trimmed:           344 (0.1%)
  R2 poly-G bases removed:            59116

=== Paired-end validation ===

Pairs analyzed:                      482545
Pairs removed:                         1504 (0.3%)
Unpaired R1 kept:                      1433
Unpaired R2 kept:                        32
Report: /scratch4/workspace/jade_fiorilla_student_uml_edu-rawseqorcc/trim-galore-illumina/2024_Cont06_Warm06_W72_gut_S11_R1_001.fastq.gz_trimming_report.txt
JSON report: /scratch4/workspace/jade_fiorilla_student_uml_edu-rawseqorcc/trim-galore-illumina/2024_Cont06_Warm06_W72_gut_S11_R1_001.fastq.gz_trimming_report.json
Report: /scratch4/workspace/jade_fiorilla_student_uml_edu-rawseqorcc/trim-galore-illumina/2024_Cont06_Warm06_W72_gut_S11_R2_001.fastq.gz_trimming_report.txt
JSON report: /scratch4/workspace/jade_fiorilla_student_uml_edu-rawseqorcc/trim-galore-illumina/2024_Cont06_Warm06_W72_gut_S11_R2_001.fastq.gz_trimming_report.json

Running FastQC on /scratch4/workspace/jade_fiorilla_student_uml_edu-rawseqorcc/trim-galore-illumina/2024_Cont06_Warm06_W72_gut_S11_R1_001_val_1.fq.gz

Running FastQC on /scratch4/workspace/jade_fiorilla_student_uml_edu-rawseqorcc/trim-galore-illumina/2024_Cont06_Warm06_W72_gut_S11_R2_001_val_2.fq.gz
Running Trim Galore on: 2024_ContNA_Warm05_W52_gill_S153

Trim Galore v2.3.0
unknown — linux/x86_64 — built 2026-06-27T16:23:35Z
==================================================

Using 6 worker threads (parallel trim + compress)
Adapter: Illumina (AGATCGGAAGAGC)

Scanning for poly-G content...
Poly-G trimming: ENABLED (auto-detected). 169634 of 1000000 reads (16.96%) have poly-G tails (>=10bp) — consistent with 2-colour chemistry (NovaSeq/NextSeq). To disable: --no_poly_g
Trimming (paired-end):
  R1: /scratch4/workspace/jade_fiorilla_student_uml_edu-rawseqorcc/fastq/2024_ContNA_Warm05_W52_gill_S153_R1_001.fastq.gz
  R2: /scratch4/workspace/jade_fiorilla_student_uml_edu-rawseqorcc/fastq/2024_ContNA_Warm05_W52_gill_S153_R2_001.fastq.gz
  Output R1: /scratch4/workspace/jade_fiorilla_student_uml_edu-rawseqorcc/trim-galore-illumina/2024_ContNA_Warm05_W52_gill_S153_R1_001_val_1.fq.gz
  Output R2: /scratch4/workspace/jade_fiorilla_student_uml_edu-rawseqorcc/trim-galore-illumina/2024_ContNA_Warm05_W52_gill_S153_R2_001_val_2.fq.gz

=== Summary (Read 1) ===

Total reads processed:              1446888
Reads with adapters:                 103256 (7.1%)

=== Summary (Read 2) ===

Total reads processed:              1446888
Reads with adapters:                 263576 (18.2%)
R1 reads with poly-G trimmed:          1673 (0.1%)
  R1 poly-G bases removed:           227140
R2 reads with poly-G trimmed:           760 (0.1%)
  R2 poly-G bases removed:           137296

=== Paired-end validation ===

Pairs analyzed:                     1446888
Pairs removed:                         3648 (0.3%)
Unpaired R1 kept:                      3361
Unpaired R2 kept:                       138
Report: /scratch4/workspace/jade_fiorilla_student_uml_edu-rawseqorcc/trim-galore-illumina/2024_ContNA_Warm05_W52_gill_S153_R1_001.fastq.gz_trimming_report.txt
JSON report: /scratch4/workspace/jade_fiorilla_student_uml_edu-rawseqorcc/trim-galore-illumina/2024_ContNA_Warm05_W52_gill_S153_R1_001.fastq.gz_trimming_report.json
Report: /scratch4/workspace/jade_fiorilla_student_uml_edu-rawseqorcc/trim-galore-illumina/2024_ContNA_Warm05_W52_gill_S153_R2_001.fastq.gz_trimming_report.txt
JSON report: /scratch4/workspace/jade_fiorilla_student_uml_edu-rawseqorcc/trim-galore-illumina/2024_ContNA_Warm05_W52_gill_S153_R2_001.fastq.gz_trimming_report.json

Running FastQC on /scratch4/workspace/jade_fiorilla_student_uml_edu-rawseqorcc/trim-galore-illumina/2024_ContNA_Warm05_W52_gill_S153_R1_001_val_1.fq.gz

Running FastQC on /scratch4/workspace/jade_fiorilla_student_uml_edu-rawseqorcc/trim-galore-illumina/2024_ContNA_Warm05_W52_gill_S153_R2_001_val_2.fq.gz
Running Trim Galore on: 2024_ContNA_Warm05_W52_gut_S154

Trim Galore v2.3.0
unknown — linux/x86_64 — built 2026-06-27T16:23:35Z
==================================================

Using 6 worker threads (parallel trim + compress)
Adapter: Illumina (AGATCGGAAGAGC)

Scanning for poly-G content...
Poly-G trimming: ENABLED (auto-detected). 134286 of 1000000 reads (13.43%) have poly-G tails (>=10bp) — consistent with 2-colour chemistry (NovaSeq/NextSeq). To disable: --no_poly_g
Trimming (paired-end):
  R1: /scratch4/workspace/jade_fiorilla_student_uml_edu-rawseqorcc/fastq/2024_ContNA_Warm05_W52_gut_S154_R1_001.fastq.gz
  R2: /scratch4/workspace/jade_fiorilla_student_uml_edu-rawseqorcc/fastq/2024_ContNA_Warm05_W52_gut_S154_R2_001.fastq.gz
  Output R1: /scratch4/workspace/jade_fiorilla_student_uml_edu-rawseqorcc/trim-galore-illumina/2024_ContNA_Warm05_W52_gut_S154_R1_001_val_1.fq.gz
  Output R2: /scratch4/workspace/jade_fiorilla_student_uml_edu-rawseqorcc/trim-galore-illumina/2024_ContNA_Warm05_W52_gut_S154_R2_001_val_2.fq.gz

=== Summary (Read 1) ===

Total reads processed:              1313593
Reads with adapters:                  74370 (5.7%)

=== Summary (Read 2) ===

Total reads processed:              1313593
Reads with adapters:                 187741 (14.3%)
R1 reads with poly-G trimmed:          1237 (0.1%)
  R1 poly-G bases removed:           159649
R2 reads with poly-G trimmed:           594 (0.0%)
  R2 poly-G bases removed:           108000

=== Paired-end validation ===

Pairs analyzed:                     1313593
Pairs removed:                         3230 (0.2%)
Unpaired R1 kept:                      2967
Unpaired R2 kept:                       133
Report: /scratch4/workspace/jade_fiorilla_student_uml_edu-rawseqorcc/trim-galore-illumina/2024_ContNA_Warm05_W52_gut_S154_R1_001.fastq.gz_trimming_report.txt
JSON report: /scratch4/workspace/jade_fiorilla_student_uml_edu-rawseqorcc/trim-galore-illumina/2024_ContNA_Warm05_W52_gut_S154_R1_001.fastq.gz_trimming_report.json
Report: /scratch4/workspace/jade_fiorilla_student_uml_edu-rawseqorcc/trim-galore-illumina/2024_ContNA_Warm05_W52_gut_S154_R2_001.fastq.gz_trimming_report.txt
JSON report: /scratch4/workspace/jade_fiorilla_student_uml_edu-rawseqorcc/trim-galore-illumina/2024_ContNA_Warm05_W52_gut_S154_R2_001.fastq.gz_trimming_report.json

Running FastQC on /scratch4/workspace/jade_fiorilla_student_uml_edu-rawseqorcc/trim-galore-illumina/2024_ContNA_Warm05_W52_gut_S154_R1_001_val_1.fq.gz

Running FastQC on /scratch4/workspace/jade_fiorilla_student_uml_edu-rawseqorcc/trim-galore-illumina/2024_ContNA_Warm05_W52_gut_S154_R2_001_val_2.fq.gz
Running Trim Galore on: 2024_Hyp01_Both02_B13_gill_S32

Trim Galore v2.3.0
unknown — linux/x86_64 — built 2026-06-27T16:23:35Z
==================================================

Using 6 worker threads (parallel trim + compress)
Adapter: Illumina (AGATCGGAAGAGC)

Scanning for poly-G content...
Poly-G trimming: ENABLED (auto-detected). 475435 of 1000000 reads (47.54%) have poly-G tails (>=10bp) — consistent with 2-colour chemistry (NovaSeq/NextSeq). To disable: --no_poly_g
Trimming (paired-end):
  R1: /scratch4/workspace/jade_fiorilla_student_uml_edu-rawseqorcc/fastq/2024_Hyp01_Both02_B13_gill_S32_R1_001.fastq.gz
  R2: /scratch4/workspace/jade_fiorilla_student_uml_edu-rawseqorcc/fastq/2024_Hyp01_Both02_B13_gill_S32_R2_001.fastq.gz
  Output R1: /scratch4/workspace/jade_fiorilla_student_uml_edu-rawseqorcc/trim-galore-illumina/2024_Hyp01_Both02_B13_gill_S32_R1_001_val_1.fq.gz
  Output R2: /scratch4/workspace/jade_fiorilla_student_uml_edu-rawseqorcc/trim-galore-illumina/2024_Hyp01_Both02_B13_gill_S32_R2_001_val_2.fq.gz

=== Summary (Read 1) ===

Total reads processed:              1010054
Reads with adapters:                 161375 (16.0%)

=== Summary (Read 2) ===

Total reads processed:              1010054
Reads with adapters:                 531075 (52.6%)
R1 reads with poly-G trimmed:          2748 (0.3%)
  R1 poly-G bases removed:           456545
R2 reads with poly-G trimmed:          1230 (0.1%)
  R2 poly-G bases removed:           221360

=== Paired-end validation ===

Pairs analyzed:                     1010054
Pairs removed:                         2024 (0.2%)
Unpaired R1 kept:                      1729
Unpaired R2 kept:                        82
Report: /scratch4/workspace/jade_fiorilla_student_uml_edu-rawseqorcc/trim-galore-illumina/2024_Hyp01_Both02_B13_gill_S32_R1_001.fastq.gz_trimming_report.txt
JSON report: /scratch4/workspace/jade_fiorilla_student_uml_edu-rawseqorcc/trim-galore-illumina/2024_Hyp01_Both02_B13_gill_S32_R1_001.fastq.gz_trimming_report.json
Report: /scratch4/workspace/jade_fiorilla_student_uml_edu-rawseqorcc/trim-galore-illumina/2024_Hyp01_Both02_B13_gill_S32_R2_001.fastq.gz_trimming_report.txt
JSON report: /scratch4/workspace/jade_fiorilla_student_uml_edu-rawseqorcc/trim-galore-illumina/2024_Hyp01_Both02_B13_gill_S32_R2_001.fastq.gz_trimming_report.json

Running FastQC on /scratch4/workspace/jade_fiorilla_student_uml_edu-rawseqorcc/trim-galore-illumina/2024_Hyp01_Both02_B13_gill_S32_R1_001_val_1.fq.gz

Running FastQC on /scratch4/workspace/jade_fiorilla_student_uml_edu-rawseqorcc/trim-galore-illumina/2024_Hyp01_Both02_B13_gill_S32_R2_001_val_2.fq.gz
Running Trim Galore on: 2024_Hyp01_Both02_B13_gut_S276

Trim Galore v2.3.0
unknown — linux/x86_64 — built 2026-06-27T16:23:35Z
==================================================

Using 6 worker threads (parallel trim + compress)
Adapter: Illumina (AGATCGGAAGAGC)

Scanning for poly-G content...
Poly-G trimming: ENABLED (auto-detected). 249289 of 849270 reads (29.35%) have poly-G tails (>=10bp) — consistent with 2-colour chemistry (NovaSeq/NextSeq). To disable: --no_poly_g
Trimming (paired-end):
  R1: /scratch4/workspace/jade_fiorilla_student_uml_edu-rawseqorcc/fastq/2024_Hyp01_Both02_B13_gut_S276_R1_001.fastq.gz
  R2: /scratch4/workspace/jade_fiorilla_student_uml_edu-rawseqorcc/fastq/2024_Hyp01_Both02_B13_gut_S276_R2_001.fastq.gz
  Output R1: /scratch4/workspace/jade_fiorilla_student_uml_edu-rawseqorcc/trim-galore-illumina/2024_Hyp01_Both02_B13_gut_S276_R1_001_val_1.fq.gz
  Output R2: /scratch4/workspace/jade_fiorilla_student_uml_edu-rawseqorcc/trim-galore-illumina/2024_Hyp01_Both02_B13_gut_S276_R2_001_val_2.fq.gz

=== Summary (Read 1) ===

Total reads processed:               849270
Reads with adapters:                  62308 (7.3%)

=== Summary (Read 2) ===

Total reads processed:               849270
Reads with adapters:                 257008 (30.3%)
R1 reads with poly-G trimmed:          3617 (0.4%)
  R1 poly-G bases removed:           268529
R2 reads with poly-G trimmed:           724 (0.1%)
  R2 poly-G bases removed:           130210

=== Paired-end validation ===

Pairs analyzed:                      849270
Pairs removed:                         1640 (0.2%)
Unpaired R1 kept:                      1353
Unpaired R2 kept:                       101
Report: /scratch4/workspace/jade_fiorilla_student_uml_edu-rawseqorcc/trim-galore-illumina/2024_Hyp01_Both02_B13_gut_S276_R1_001.fastq.gz_trimming_report.txt
JSON report: /scratch4/workspace/jade_fiorilla_student_uml_edu-rawseqorcc/trim-galore-illumina/2024_Hyp01_Both02_B13_gut_S276_R1_001.fastq.gz_trimming_report.json
Report: /scratch4/workspace/jade_fiorilla_student_uml_edu-rawseqorcc/trim-galore-illumina/2024_Hyp01_Both02_B13_gut_S276_R2_001.fastq.gz_trimming_report.txt
JSON report: /scratch4/workspace/jade_fiorilla_student_uml_edu-rawseqorcc/trim-galore-illumina/2024_Hyp01_Both02_B13_gut_S276_R2_001.fastq.gz_trimming_report.json

Running FastQC on /scratch4/workspace/jade_fiorilla_student_uml_edu-rawseqorcc/trim-galore-illumina/2024_Hyp01_Both02_B13_gut_S276_R1_001_val_1.fq.gz

Running FastQC on /scratch4/workspace/jade_fiorilla_student_uml_edu-rawseqorcc/trim-galore-illumina/2024_Hyp01_Both02_B13_gut_S276_R2_001_val_2.fq.gz
Running Trim Galore on: 2024_Hyp01_Both06_B61_gill_S204

Trim Galore v2.3.0
unknown — linux/x86_64 — built 2026-06-27T16:23:35Z
==================================================

Using 6 worker threads (parallel trim + compress)
Adapter: Illumina (AGATCGGAAGAGC)

Scanning for poly-G content...
Poly-G trimming: ENABLED (auto-detected). 104523 of 1000000 reads (10.45%) have poly-G tails (>=10bp) — consistent with 2-colour chemistry (NovaSeq/NextSeq). To disable: --no_poly_g
Trimming (paired-end):
  R1: /scratch4/workspace/jade_fiorilla_student_uml_edu-rawseqorcc/fastq/2024_Hyp01_Both06_B61_gill_S204_R1_001.fastq.gz
  R2: /scratch4/workspace/jade_fiorilla_student_uml_edu-rawseqorcc/fastq/2024_Hyp01_Both06_B61_gill_S204_R2_001.fastq.gz
  Output R1: /scratch4/workspace/jade_fiorilla_student_uml_edu-rawseqorcc/trim-galore-illumina/2024_Hyp01_Both06_B61_gill_S204_R1_001_val_1.fq.gz
  Output R2: /scratch4/workspace/jade_fiorilla_student_uml_edu-rawseqorcc/trim-galore-illumina/2024_Hyp01_Both06_B61_gill_S204_R2_001_val_2.fq.gz

=== Summary (Read 1) ===

Total reads processed:              1958578
Reads with adapters:                  42786 (2.2%)

=== Summary (Read 2) ===

Total reads processed:              1958578
Reads with adapters:                 240437 (12.3%)
R1 reads with poly-G trimmed:          2695 (0.1%)
  R1 poly-G bases removed:           243415
R2 reads with poly-G trimmed:           652 (0.0%)
  R2 poly-G bases removed:            94564

=== Paired-end validation ===

Pairs analyzed:                     1958578
Pairs removed:                         3756 (0.2%)
Unpaired R1 kept:                      3306
Unpaired R2 kept:                       207
Report: /scratch4/workspace/jade_fiorilla_student_uml_edu-rawseqorcc/trim-galore-illumina/2024_Hyp01_Both06_B61_gill_S204_R1_001.fastq.gz_trimming_report.txt
JSON report: /scratch4/workspace/jade_fiorilla_student_uml_edu-rawseqorcc/trim-galore-illumina/2024_Hyp01_Both06_B61_gill_S204_R1_001.fastq.gz_trimming_report.json
Report: /scratch4/workspace/jade_fiorilla_student_uml_edu-rawseqorcc/trim-galore-illumina/2024_Hyp01_Both06_B61_gill_S204_R2_001.fastq.gz_trimming_report.txt
JSON report: /scratch4/workspace/jade_fiorilla_student_uml_edu-rawseqorcc/trim-galore-illumina/2024_Hyp01_Both06_B61_gill_S204_R2_001.fastq.gz_trimming_report.json

Running FastQC on /scratch4/workspace/jade_fiorilla_student_uml_edu-rawseqorcc/trim-galore-illumina/2024_Hyp01_Both06_B61_gill_S204_R1_001_val_1.fq.gz

Running FastQC on /scratch4/workspace/jade_fiorilla_student_uml_edu-rawseqorcc/trim-galore-illumina/2024_Hyp01_Both06_B61_gill_S204_R2_001_val_2.fq.gz
Running Trim Galore on: 2024_Hyp01_Both06_B61_gut_S12

Trim Galore v2.3.0
unknown — linux/x86_64 — built 2026-06-27T16:23:35Z
==================================================

Using 6 worker threads (parallel trim + compress)
Adapter: Illumina (AGATCGGAAGAGC)

Scanning for poly-G content...
Poly-G trimming: ENABLED (auto-detected). 157529 of 615615 reads (25.59%) have poly-G tails (>=10bp) — consistent with 2-colour chemistry (NovaSeq/NextSeq). To disable: --no_poly_g
Trimming (paired-end):
  R1: /scratch4/workspace/jade_fiorilla_student_uml_edu-rawseqorcc/fastq/2024_Hyp01_Both06_B61_gut_S12_R1_001.fastq.gz
  R2: /scratch4/workspace/jade_fiorilla_student_uml_edu-rawseqorcc/fastq/2024_Hyp01_Both06_B61_gut_S12_R2_001.fastq.gz
  Output R1: /scratch4/workspace/jade_fiorilla_student_uml_edu-rawseqorcc/trim-galore-illumina/2024_Hyp01_Both06_B61_gut_S12_R1_001_val_1.fq.gz
  Output R2: /scratch4/workspace/jade_fiorilla_student_uml_edu-rawseqorcc/trim-galore-illumina/2024_Hyp01_Both06_B61_gut_S12_R2_001_val_2.fq.gz

=== Summary (Read 1) ===

Total reads processed:               615615
Reads with adapters:                   5191 (0.8%)

=== Summary (Read 2) ===

Total reads processed:               615615
Reads with adapters:                 161332 (26.2%)
R1 reads with poly-G trimmed:          5199 (0.8%)
  R1 poly-G bases removed:           173289
R2 reads with poly-G trimmed:           458 (0.1%)
  R2 poly-G bases removed:            81707

=== Paired-end validation ===

Pairs analyzed:                      615615
Pairs removed:                         1707 (0.3%)
Unpaired R1 kept:                      1574
Unpaired R2 kept:                        75
Report: /scratch4/workspace/jade_fiorilla_student_uml_edu-rawseqorcc/trim-galore-illumina/2024_Hyp01_Both06_B61_gut_S12_R1_001.fastq.gz_trimming_report.txt
JSON report: /scratch4/workspace/jade_fiorilla_student_uml_edu-rawseqorcc/trim-galore-illumina/2024_Hyp01_Both06_B61_gut_S12_R1_001.fastq.gz_trimming_report.json
Report: /scratch4/workspace/jade_fiorilla_student_uml_edu-rawseqorcc/trim-galore-illumina/2024_Hyp01_Both06_B61_gut_S12_R2_001.fastq.gz_trimming_report.txt
JSON report: /scratch4/workspace/jade_fiorilla_student_uml_edu-rawseqorcc/trim-galore-illumina/2024_Hyp01_Both06_B61_gut_S12_R2_001.fastq.gz_trimming_report.json

Running FastQC on /scratch4/workspace/jade_fiorilla_student_uml_edu-rawseqorcc/trim-galore-illumina/2024_Hyp01_Both06_B61_gut_S12_R1_001_val_1.fq.gz

Running FastQC on /scratch4/workspace/jade_fiorilla_student_uml_edu-rawseqorcc/trim-galore-illumina/2024_Hyp01_Both06_B61_gut_S12_R2_001_val_2.fq.gz
Running Trim Galore on: 2024_Hyp01_Cont06_B62_gill_S171

Trim Galore v2.3.0
unknown — linux/x86_64 — built 2026-06-27T16:23:35Z
==================================================

Using 6 worker threads (parallel trim + compress)
Adapter: Illumina (AGATCGGAAGAGC)

Scanning for poly-G content...
Poly-G trimming: ENABLED (auto-detected). 406583 of 1000000 reads (40.66%) have poly-G tails (>=10bp) — consistent with 2-colour chemistry (NovaSeq/NextSeq). To disable: --no_poly_g
Trimming (paired-end):
  R1: /scratch4/workspace/jade_fiorilla_student_uml_edu-rawseqorcc/fastq/2024_Hyp01_Cont06_B62_gill_S171_R1_001.fastq.gz
  R2: /scratch4/workspace/jade_fiorilla_student_uml_edu-rawseqorcc/fastq/2024_Hyp01_Cont06_B62_gill_S171_R2_001.fastq.gz
  Output R1: /scratch4/workspace/jade_fiorilla_student_uml_edu-rawseqorcc/trim-galore-illumina/2024_Hyp01_Cont06_B62_gill_S171_R1_001_val_1.fq.gz
  Output R2: /scratch4/workspace/jade_fiorilla_student_uml_edu-rawseqorcc/trim-galore-illumina/2024_Hyp01_Cont06_B62_gill_S171_R2_001_val_2.fq.gz

=== Summary (Read 1) ===

Total reads processed:              1449494
Reads with adapters:                  84414 (5.8%)

=== Summary (Read 2) ===

Total reads processed:              1449494
Reads with adapters:                 629070 (43.4%)
R1 reads with poly-G trimmed:         16681 (1.2%)
  R1 poly-G bases removed:           631844
R2 reads with poly-G trimmed:          1507 (0.1%)
  R2 poly-G bases removed:           261913

=== Paired-end validation ===

Pairs analyzed:                     1449494
Pairs removed:                         2465 (0.2%)
Unpaired R1 kept:                      2168
Unpaired R2 kept:                       136
Report: /scratch4/workspace/jade_fiorilla_student_uml_edu-rawseqorcc/trim-galore-illumina/2024_Hyp01_Cont06_B62_gill_S171_R1_001.fastq.gz_trimming_report.txt
JSON report: /scratch4/workspace/jade_fiorilla_student_uml_edu-rawseqorcc/trim-galore-illumina/2024_Hyp01_Cont06_B62_gill_S171_R1_001.fastq.gz_trimming_report.json
Report: /scratch4/workspace/jade_fiorilla_student_uml_edu-rawseqorcc/trim-galore-illumina/2024_Hyp01_Cont06_B62_gill_S171_R2_001.fastq.gz_trimming_report.txt
JSON report: /scratch4/workspace/jade_fiorilla_student_uml_edu-rawseqorcc/trim-galore-illumina/2024_Hyp01_Cont06_B62_gill_S171_R2_001.fastq.gz_trimming_report.json

Running FastQC on /scratch4/workspace/jade_fiorilla_student_uml_edu-rawseqorcc/trim-galore-illumina/2024_Hyp01_Cont06_B62_gill_S171_R1_001_val_1.fq.gz

Running FastQC on /scratch4/workspace/jade_fiorilla_student_uml_edu-rawseqorcc/trim-galore-illumina/2024_Hyp01_Cont06_B62_gill_S171_R2_001_val_2.fq.gz
Running Trim Galore on: 2024_Hyp01_Cont06_B62_gut_S172

Trim Galore v2.3.0
unknown — linux/x86_64 — built 2026-06-27T16:23:35Z
==================================================

Using 6 worker threads (parallel trim + compress)
Adapter: Illumina (AGATCGGAAGAGC)

Scanning for poly-G content...
Poly-G trimming: ENABLED (auto-detected). 89550 of 1000000 reads (8.96%) have poly-G tails (>=10bp) — consistent with 2-colour chemistry (NovaSeq/NextSeq). To disable: --no_poly_g
Trimming (paired-end):
  R1: /scratch4/workspace/jade_fiorilla_student_uml_edu-rawseqorcc/fastq/2024_Hyp01_Cont06_B62_gut_S172_R1_001.fastq.gz
  R2: /scratch4/workspace/jade_fiorilla_student_uml_edu-rawseqorcc/fastq/2024_Hyp01_Cont06_B62_gut_S172_R2_001.fastq.gz
  Output R1: /scratch4/workspace/jade_fiorilla_student_uml_edu-rawseqorcc/trim-galore-illumina/2024_Hyp01_Cont06_B62_gut_S172_R1_001_val_1.fq.gz
  Output R2: /scratch4/workspace/jade_fiorilla_student_uml_edu-rawseqorcc/trim-galore-illumina/2024_Hyp01_Cont06_B62_gut_S172_R2_001_val_2.fq.gz

=== Summary (Read 1) ===

Total reads processed:              1407875
Reads with adapters:                  19897 (1.4%)

=== Summary (Read 2) ===

Total reads processed:              1407875
Reads with adapters:                 136893 (9.7%)
R1 reads with poly-G trimmed:          3774 (0.3%)
  R1 poly-G bases removed:           145062
R2 reads with poly-G trimmed:           426 (0.0%)
  R2 poly-G bases removed:            66695

=== Paired-end validation ===

Pairs analyzed:                     1407875
Pairs removed:                         2508 (0.2%)
Unpaired R1 kept:                      2220
Unpaired R2 kept:                       150
Report: /scratch4/workspace/jade_fiorilla_student_uml_edu-rawseqorcc/trim-galore-illumina/2024_Hyp01_Cont06_B62_gut_S172_R1_001.fastq.gz_trimming_report.txt
JSON report: /scratch4/workspace/jade_fiorilla_student_uml_edu-rawseqorcc/trim-galore-illumina/2024_Hyp01_Cont06_B62_gut_S172_R1_001.fastq.gz_trimming_report.json
Report: /scratch4/workspace/jade_fiorilla_student_uml_edu-rawseqorcc/trim-galore-illumina/2024_Hyp01_Cont06_B62_gut_S172_R2_001.fastq.gz_trimming_report.txt
JSON report: /scratch4/workspace/jade_fiorilla_student_uml_edu-rawseqorcc/trim-galore-illumina/2024_Hyp01_Cont06_B62_gut_S172_R2_001.fastq.gz_trimming_report.json

Running FastQC on /scratch4/workspace/jade_fiorilla_student_uml_edu-rawseqorcc/trim-galore-illumina/2024_Hyp01_Cont06_B62_gut_S172_R1_001_val_1.fq.gz

Running FastQC on /scratch4/workspace/jade_fiorilla_student_uml_edu-rawseqorcc/trim-galore-illumina/2024_Hyp01_Cont06_B62_gut_S172_R2_001_val_2.fq.gz
Running Trim Galore on: 2024_Hyp01_Null_B08_gill_S261

Trim Galore v2.3.0
unknown — linux/x86_64 — built 2026-06-27T16:23:35Z
==================================================

Using 6 worker threads (parallel trim + compress)
Adapter: Illumina (AGATCGGAAGAGC)

Scanning for poly-G content...
Poly-G trimming: ENABLED (auto-detected). 145993 of 862841 reads (16.92%) have poly-G tails (>=10bp) — consistent with 2-colour chemistry (NovaSeq/NextSeq). To disable: --no_poly_g
Trimming (paired-end):
  R1: /scratch4/workspace/jade_fiorilla_student_uml_edu-rawseqorcc/fastq/2024_Hyp01_Null_B08_gill_S261_R1_001.fastq.gz
  R2: /scratch4/workspace/jade_fiorilla_student_uml_edu-rawseqorcc/fastq/2024_Hyp01_Null_B08_gill_S261_R2_001.fastq.gz
  Output R1: /scratch4/workspace/jade_fiorilla_student_uml_edu-rawseqorcc/trim-galore-illumina/2024_Hyp01_Null_B08_gill_S261_R1_001_val_1.fq.gz
  Output R2: /scratch4/workspace/jade_fiorilla_student_uml_edu-rawseqorcc/trim-galore-illumina/2024_Hyp01_Null_B08_gill_S261_R2_001_val_2.fq.gz

=== Summary (Read 1) ===

Total reads processed:               862841
Reads with adapters:                  41496 (4.8%)

=== Summary (Read 2) ===

Total reads processed:               862841
Reads with adapters:                 152105 (17.6%)
R1 reads with poly-G trimmed:           987 (0.1%)
  R1 poly-G bases removed:            99091
R2 reads with poly-G trimmed:           472 (0.1%)
  R2 poly-G bases removed:            66512

=== Paired-end validation ===

Pairs analyzed:                      862841
Pairs removed:                         1955 (0.2%)
Unpaired R1 kept:                      1790
Unpaired R2 kept:                        75
Report: /scratch4/workspace/jade_fiorilla_student_uml_edu-rawseqorcc/trim-galore-illumina/2024_Hyp01_Null_B08_gill_S261_R1_001.fastq.gz_trimming_report.txt
JSON report: /scratch4/workspace/jade_fiorilla_student_uml_edu-rawseqorcc/trim-galore-illumina/2024_Hyp01_Null_B08_gill_S261_R1_001.fastq.gz_trimming_report.json
Report: /scratch4/workspace/jade_fiorilla_student_uml_edu-rawseqorcc/trim-galore-illumina/2024_Hyp01_Null_B08_gill_S261_R2_001.fastq.gz_trimming_report.txt
JSON report: /scratch4/workspace/jade_fiorilla_student_uml_edu-rawseqorcc/trim-galore-illumina/2024_Hyp01_Null_B08_gill_S261_R2_001.fastq.gz_trimming_report.json

Running FastQC on /scratch4/workspace/jade_fiorilla_student_uml_edu-rawseqorcc/trim-galore-illumina/2024_Hyp01_Null_B08_gill_S261_R1_001_val_1.fq.gz

Running FastQC on /scratch4/workspace/jade_fiorilla_student_uml_edu-rawseqorcc/trim-galore-illumina/2024_Hyp01_Null_B08_gill_S261_R2_001_val_2.fq.gz
Running Trim Galore on: 2024_Hyp01_Null_B08_gut_S79

Trim Galore v2.3.0
unknown — linux/x86_64 — built 2026-06-27T16:23:35Z
==================================================

Using 6 worker threads (parallel trim + compress)
Adapter: Illumina (AGATCGGAAGAGC)

Scanning for poly-G content...
Poly-G trimming: ENABLED (auto-detected). 107986 of 517265 reads (20.88%) have poly-G tails (>=10bp) — consistent with 2-colour chemistry (NovaSeq/NextSeq). To disable: --no_poly_g
Trimming (paired-end):
  R1: /scratch4/workspace/jade_fiorilla_student_uml_edu-rawseqorcc/fastq/2024_Hyp01_Null_B08_gut_S79_R1_001.fastq.gz
  R2: /scratch4/workspace/jade_fiorilla_student_uml_edu-rawseqorcc/fastq/2024_Hyp01_Null_B08_gut_S79_R2_001.fastq.gz
  Output R1: /scratch4/workspace/jade_fiorilla_student_uml_edu-rawseqorcc/trim-galore-illumina/2024_Hyp01_Null_B08_gut_S79_R1_001_val_1.fq.gz
  Output R2: /scratch4/workspace/jade_fiorilla_student_uml_edu-rawseqorcc/trim-galore-illumina/2024_Hyp01_Null_B08_gut_S79_R2_001_val_2.fq.gz

=== Summary (Read 1) ===

Total reads processed:               517265
Reads with adapters:                  51065 (9.9%)

=== Summary (Read 2) ===

Total reads processed:               517265
Reads with adapters:                 110275 (21.3%)
R1 reads with poly-G trimmed:           470 (0.1%)
  R1 poly-G bases removed:            80048
R2 reads with poly-G trimmed:           319 (0.1%)
  R2 poly-G bases removed:            54677

=== Paired-end validation ===

Pairs analyzed:                      517265
Pairs removed:                         1375 (0.3%)
Unpaired R1 kept:                      1205
Unpaired R2 kept:                        72
Report: /scratch4/workspace/jade_fiorilla_student_uml_edu-rawseqorcc/trim-galore-illumina/2024_Hyp01_Null_B08_gut_S79_R1_001.fastq.gz_trimming_report.txt
JSON report: /scratch4/workspace/jade_fiorilla_student_uml_edu-rawseqorcc/trim-galore-illumina/2024_Hyp01_Null_B08_gut_S79_R1_001.fastq.gz_trimming_report.json
Report: /scratch4/workspace/jade_fiorilla_student_uml_edu-rawseqorcc/trim-galore-illumina/2024_Hyp01_Null_B08_gut_S79_R2_001.fastq.gz_trimming_report.txt
JSON report: /scratch4/workspace/jade_fiorilla_student_uml_edu-rawseqorcc/trim-galore-illumina/2024_Hyp01_Null_B08_gut_S79_R2_001.fastq.gz_trimming_report.json

Running FastQC on /scratch4/workspace/jade_fiorilla_student_uml_edu-rawseqorcc/trim-galore-illumina/2024_Hyp01_Null_B08_gut_S79_R1_001_val_1.fq.gz

Running FastQC on /scratch4/workspace/jade_fiorilla_student_uml_edu-rawseqorcc/trim-galore-illumina/2024_Hyp01_Null_B08_gut_S79_R2_001_val_2.fq.gz
Running Trim Galore on: 2024_Hyp01_Warm04_B38_gill_S205

Trim Galore v2.3.0
unknown — linux/x86_64 — built 2026-06-27T16:23:35Z
==================================================

Using 6 worker threads (parallel trim + compress)
Adapter: Illumina (AGATCGGAAGAGC)

Scanning for poly-G content...
Poly-G trimming: ENABLED (auto-detected). 4884 of 1000000 reads (0.49%) have poly-G tails (>=10bp) — consistent with 2-colour chemistry (NovaSeq/NextSeq). To disable: --no_poly_g
Trimming (paired-end):
  R1: /scratch4/workspace/jade_fiorilla_student_uml_edu-rawseqorcc/fastq/2024_Hyp01_Warm04_B38_gill_S205_R1_001.fastq.gz
  R2: /scratch4/workspace/jade_fiorilla_student_uml_edu-rawseqorcc/fastq/2024_Hyp01_Warm04_B38_gill_S205_R2_001.fastq.gz
  Output R1: /scratch4/workspace/jade_fiorilla_student_uml_edu-rawseqorcc/trim-galore-illumina/2024_Hyp01_Warm04_B38_gill_S205_R1_001_val_1.fq.gz
  Output R2: /scratch4/workspace/jade_fiorilla_student_uml_edu-rawseqorcc/trim-galore-illumina/2024_Hyp01_Warm04_B38_gill_S205_R2_001_val_2.fq.gz

=== Summary (Read 1) ===

Total reads processed:              2053290
Reads with adapters:                  25862 (1.3%)

=== Summary (Read 2) ===

Total reads processed:              2053290
Reads with adapters:                  34582 (1.7%)
R1 reads with poly-G trimmed:           185 (0.0%)
  R1 poly-G bases removed:             7325
R2 reads with poly-G trimmed:           174 (0.0%)
  R2 poly-G bases removed:            24131

=== Paired-end validation ===

Pairs analyzed:                     2053290
Pairs removed:                         3341 (0.2%)
Unpaired R1 kept:                      3042
Unpaired R2 kept:                       163
Report: /scratch4/workspace/jade_fiorilla_student_uml_edu-rawseqorcc/trim-galore-illumina/2024_Hyp01_Warm04_B38_gill_S205_R1_001.fastq.gz_trimming_report.txt
JSON report: /scratch4/workspace/jade_fiorilla_student_uml_edu-rawseqorcc/trim-galore-illumina/2024_Hyp01_Warm04_B38_gill_S205_R1_001.fastq.gz_trimming_report.json
Report: /scratch4/workspace/jade_fiorilla_student_uml_edu-rawseqorcc/trim-galore-illumina/2024_Hyp01_Warm04_B38_gill_S205_R2_001.fastq.gz_trimming_report.txt
JSON report: /scratch4/workspace/jade_fiorilla_student_uml_edu-rawseqorcc/trim-galore-illumina/2024_Hyp01_Warm04_B38_gill_S205_R2_001.fastq.gz_trimming_report.json

Running FastQC on /scratch4/workspace/jade_fiorilla_student_uml_edu-rawseqorcc/trim-galore-illumina/2024_Hyp01_Warm04_B38_gill_S205_R1_001_val_1.fq.gz

Running FastQC on /scratch4/workspace/jade_fiorilla_student_uml_edu-rawseqorcc/trim-galore-illumina/2024_Hyp01_Warm04_B38_gill_S205_R2_001_val_2.fq.gz
Running Trim Galore on: 2024_Hyp01_Warm04_B38_gut_S13

Trim Galore v2.3.0
unknown — linux/x86_64 — built 2026-06-27T16:23:35Z
==================================================

Using 6 worker threads (parallel trim + compress)
Adapter: Illumina (AGATCGGAAGAGC)

Scanning for poly-G content...
Poly-G trimming: ENABLED (auto-detected). 65504 of 486219 reads (13.47%) have poly-G tails (>=10bp) — consistent with 2-colour chemistry (NovaSeq/NextSeq). To disable: --no_poly_g
Trimming (paired-end):
  R1: /scratch4/workspace/jade_fiorilla_student_uml_edu-rawseqorcc/fastq/2024_Hyp01_Warm04_B38_gut_S13_R1_001.fastq.gz
  R2: /scratch4/workspace/jade_fiorilla_student_uml_edu-rawseqorcc/fastq/2024_Hyp01_Warm04_B38_gut_S13_R2_001.fastq.gz
  Output R1: /scratch4/workspace/jade_fiorilla_student_uml_edu-rawseqorcc/trim-galore-illumina/2024_Hyp01_Warm04_B38_gut_S13_R1_001_val_1.fq.gz
  Output R2: /scratch4/workspace/jade_fiorilla_student_uml_edu-rawseqorcc/trim-galore-illumina/2024_Hyp01_Warm04_B38_gut_S13_R2_001_val_2.fq.gz

=== Summary (Read 1) ===

Total reads processed:               486219
Reads with adapters:                   2444 (0.5%)

=== Summary (Read 2) ===

Total reads processed:               486219
Reads with adapters:                  67388 (13.9%)
R1 reads with poly-G trimmed:          2014 (0.4%)
  R1 poly-G bases removed:            75638
R2 reads with poly-G trimmed:           272 (0.1%)
  R2 poly-G bases removed:            48815

=== Paired-end validation ===

Pairs analyzed:                      486219
Pairs removed:                         1538 (0.3%)
Unpaired R1 kept:                      1457
Unpaired R2 kept:                        52
Report: /scratch4/workspace/jade_fiorilla_student_uml_edu-rawseqorcc/trim-galore-illumina/2024_Hyp01_Warm04_B38_gut_S13_R1_001.fastq.gz_trimming_report.txt
JSON report: /scratch4/workspace/jade_fiorilla_student_uml_edu-rawseqorcc/trim-galore-illumina/2024_Hyp01_Warm04_B38_gut_S13_R1_001.fastq.gz_trimming_report.json
Report: /scratch4/workspace/jade_fiorilla_student_uml_edu-rawseqorcc/trim-galore-illumina/2024_Hyp01_Warm04_B38_gut_S13_R2_001.fastq.gz_trimming_report.txt
JSON report: /scratch4/workspace/jade_fiorilla_student_uml_edu-rawseqorcc/trim-galore-illumina/2024_Hyp01_Warm04_B38_gut_S13_R2_001.fastq.gz_trimming_report.json

Running FastQC on /scratch4/workspace/jade_fiorilla_student_uml_edu-rawseqorcc/trim-galore-illumina/2024_Hyp01_Warm04_B38_gut_S13_R1_001_val_1.fq.gz

Running FastQC on /scratch4/workspace/jade_fiorilla_student_uml_edu-rawseqorcc/trim-galore-illumina/2024_Hyp01_Warm04_B38_gut_S13_R2_001_val_2.fq.gz
Running Trim Galore on: 2024_Hyp01_Warm05_B49_gill_S206

Trim Galore v2.3.0
unknown — linux/x86_64 — built 2026-06-27T16:23:35Z
==================================================

Using 6 worker threads (parallel trim + compress)
Adapter: Illumina (AGATCGGAAGAGC)

Scanning for poly-G content...
Poly-G trimming: ENABLED (auto-detected). 62635 of 1000000 reads (6.26%) have poly-G tails (>=10bp) — consistent with 2-colour chemistry (NovaSeq/NextSeq). To disable: --no_poly_g
Trimming (paired-end):
  R1: /scratch4/workspace/jade_fiorilla_student_uml_edu-rawseqorcc/fastq/2024_Hyp01_Warm05_B49_gill_S206_R1_001.fastq.gz
  R2: /scratch4/workspace/jade_fiorilla_student_uml_edu-rawseqorcc/fastq/2024_Hyp01_Warm05_B49_gill_S206_R2_001.fastq.gz
  Output R1: /scratch4/workspace/jade_fiorilla_student_uml_edu-rawseqorcc/trim-galore-illumina/2024_Hyp01_Warm05_B49_gill_S206_R1_001_val_1.fq.gz
  Output R2: /scratch4/workspace/jade_fiorilla_student_uml_edu-rawseqorcc/trim-galore-illumina/2024_Hyp01_Warm05_B49_gill_S206_R2_001_val_2.fq.gz

=== Summary (Read 1) ===

Total reads processed:              2068558
Reads with adapters:                  79518 (3.8%)

=== Summary (Read 2) ===

Total reads processed:              2068558
Reads with adapters:                 192091 (9.3%)
R1 reads with poly-G trimmed:          1747 (0.1%)
  R1 poly-G bases removed:           155104
R2 reads with poly-G trimmed:           479 (0.0%)
  R2 poly-G bases removed:            71831

=== Paired-end validation ===

Pairs analyzed:                     2068558
Pairs removed:                         3192 (0.2%)
Unpaired R1 kept:                      3025
Unpaired R2 kept:                        77
Report: /scratch4/workspace/jade_fiorilla_student_uml_edu-rawseqorcc/trim-galore-illumina/2024_Hyp01_Warm05_B49_gill_S206_R1_001.fastq.gz_trimming_report.txt
JSON report: /scratch4/workspace/jade_fiorilla_student_uml_edu-rawseqorcc/trim-galore-illumina/2024_Hyp01_Warm05_B49_gill_S206_R1_001.fastq.gz_trimming_report.json
Report: /scratch4/workspace/jade_fiorilla_student_uml_edu-rawseqorcc/trim-galore-illumina/2024_Hyp01_Warm05_B49_gill_S206_R2_001.fastq.gz_trimming_report.txt
JSON report: /scratch4/workspace/jade_fiorilla_student_uml_edu-rawseqorcc/trim-galore-illumina/2024_Hyp01_Warm05_B49_gill_S206_R2_001.fastq.gz_trimming_report.json

Running FastQC on /scratch4/workspace/jade_fiorilla_student_uml_edu-rawseqorcc/trim-galore-illumina/2024_Hyp01_Warm05_B49_gill_S206_R1_001_val_1.fq.gz

Running FastQC on /scratch4/workspace/jade_fiorilla_student_uml_edu-rawseqorcc/trim-galore-illumina/2024_Hyp01_Warm05_B49_gill_S206_R2_001_val_2.fq.gz
Running Trim Galore on: 2024_Hyp01_Warm05_B49_gut_S14

Trim Galore v2.3.0
unknown — linux/x86_64 — built 2026-06-27T16:23:35Z
==================================================

Using 6 worker threads (parallel trim + compress)
Adapter: Illumina (AGATCGGAAGAGC)

Scanning for poly-G content...
Poly-G trimming: ENABLED (auto-detected). 103634 of 741747 reads (13.97%) have poly-G tails (>=10bp) — consistent with 2-colour chemistry (NovaSeq/NextSeq). To disable: --no_poly_g
Trimming (paired-end):
  R1: /scratch4/workspace/jade_fiorilla_student_uml_edu-rawseqorcc/fastq/2024_Hyp01_Warm05_B49_gut_S14_R1_001.fastq.gz
  R2: /scratch4/workspace/jade_fiorilla_student_uml_edu-rawseqorcc/fastq/2024_Hyp01_Warm05_B49_gut_S14_R2_001.fastq.gz
  Output R1: /scratch4/workspace/jade_fiorilla_student_uml_edu-rawseqorcc/trim-galore-illumina/2024_Hyp01_Warm05_B49_gut_S14_R1_001_val_1.fq.gz
  Output R2: /scratch4/workspace/jade_fiorilla_student_uml_edu-rawseqorcc/trim-galore-illumina/2024_Hyp01_Warm05_B49_gut_S14_R2_001_val_2.fq.gz

=== Summary (Read 1) ===

Total reads processed:               741747
Reads with adapters:                   6617 (0.9%)

=== Summary (Read 2) ===

Total reads processed:               741747
Reads with adapters:                 106865 (14.4%)
R1 reads with poly-G trimmed:          3469 (0.5%)
  R1 poly-G bases removed:           134323
R2 reads with poly-G trimmed:           360 (0.0%)
  R2 poly-G bases removed:            67753

=== Paired-end validation ===

Pairs analyzed:                      741747
Pairs removed:                         2233 (0.3%)
Unpaired R1 kept:                      2079
Unpaired R2 kept:                        78
Report: /scratch4/workspace/jade_fiorilla_student_uml_edu-rawseqorcc/trim-galore-illumina/2024_Hyp01_Warm05_B49_gut_S14_R1_001.fastq.gz_trimming_report.txt
JSON report: /scratch4/workspace/jade_fiorilla_student_uml_edu-rawseqorcc/trim-galore-illumina/2024_Hyp01_Warm05_B49_gut_S14_R1_001.fastq.gz_trimming_report.json
Report: /scratch4/workspace/jade_fiorilla_student_uml_edu-rawseqorcc/trim-galore-illumina/2024_Hyp01_Warm05_B49_gut_S14_R2_001.fastq.gz_trimming_report.txt
JSON report: /scratch4/workspace/jade_fiorilla_student_uml_edu-rawseqorcc/trim-galore-illumina/2024_Hyp01_Warm05_B49_gut_S14_R2_001.fastq.gz_trimming_report.json

Running FastQC on /scratch4/workspace/jade_fiorilla_student_uml_edu-rawseqorcc/trim-galore-illumina/2024_Hyp01_Warm05_B49_gut_S14_R1_001_val_1.fq.gz

Running FastQC on /scratch4/workspace/jade_fiorilla_student_uml_edu-rawseqorcc/trim-galore-illumina/2024_Hyp01_Warm05_B49_gut_S14_R2_001_val_2.fq.gz
Running Trim Galore on: 2024_Hyp02_Both05_B51_gill_S173

Trim Galore v2.3.0
unknown — linux/x86_64 — built 2026-06-27T16:23:35Z
==================================================

Using 6 worker threads (parallel trim + compress)
Adapter: Illumina (AGATCGGAAGAGC)

Scanning for poly-G content...
Poly-G trimming: ENABLED (auto-detected). 484376 of 1000000 reads (48.44%) have poly-G tails (>=10bp) — consistent with 2-colour chemistry (NovaSeq/NextSeq). To disable: --no_poly_g
Trimming (paired-end):
  R1: /scratch4/workspace/jade_fiorilla_student_uml_edu-rawseqorcc/fastq/2024_Hyp02_Both05_B51_gill_S173_R1_001.fastq.gz
  R2: /scratch4/workspace/jade_fiorilla_student_uml_edu-rawseqorcc/fastq/2024_Hyp02_Both05_B51_gill_S173_R2_001.fastq.gz
  Output R1: /scratch4/workspace/jade_fiorilla_student_uml_edu-rawseqorcc/trim-galore-illumina/2024_Hyp02_Both05_B51_gill_S173_R1_001_val_1.fq.gz
  Output R2: /scratch4/workspace/jade_fiorilla_student_uml_edu-rawseqorcc/trim-galore-illumina/2024_Hyp02_Both05_B51_gill_S173_R2_001_val_2.fq.gz

=== Summary (Read 1) ===

Total reads processed:              1500579
Reads with adapters:                 118533 (7.9%)

=== Summary (Read 2) ===

Total reads processed:              1500579
Reads with adapters:                 850549 (56.7%)
R1 reads with poly-G trimmed:         19257 (1.3%)
  R1 poly-G bases removed:          1038320
R2 reads with poly-G trimmed:          1490 (0.1%)
  R2 poly-G bases removed:           250029

=== Paired-end validation ===

Pairs analyzed:                     1500579
Pairs removed:                         2478 (0.2%)
Unpaired R1 kept:                      2233
Unpaired R2 kept:                        89
Report: /scratch4/workspace/jade_fiorilla_student_uml_edu-rawseqorcc/trim-galore-illumina/2024_Hyp02_Both05_B51_gill_S173_R1_001.fastq.gz_trimming_report.txt
JSON report: /scratch4/workspace/jade_fiorilla_student_uml_edu-rawseqorcc/trim-galore-illumina/2024_Hyp02_Both05_B51_gill_S173_R1_001.fastq.gz_trimming_report.json
Report: /scratch4/workspace/jade_fiorilla_student_uml_edu-rawseqorcc/trim-galore-illumina/2024_Hyp02_Both05_B51_gill_S173_R2_001.fastq.gz_trimming_report.txt
JSON report: /scratch4/workspace/jade_fiorilla_student_uml_edu-rawseqorcc/trim-galore-illumina/2024_Hyp02_Both05_B51_gill_S173_R2_001.fastq.gz_trimming_report.json

Running FastQC on /scratch4/workspace/jade_fiorilla_student_uml_edu-rawseqorcc/trim-galore-illumina/2024_Hyp02_Both05_B51_gill_S173_R1_001_val_1.fq.gz

Running FastQC on /scratch4/workspace/jade_fiorilla_student_uml_edu-rawseqorcc/trim-galore-illumina/2024_Hyp02_Both05_B51_gill_S173_R2_001_val_2.fq.gz
Running Trim Galore on: 2024_Hyp02_Both05_B51_gut_S174

Trim Galore v2.3.0
unknown — linux/x86_64 — built 2026-06-27T16:23:35Z
==================================================

Using 6 worker threads (parallel trim + compress)
Adapter: Illumina (AGATCGGAAGAGC)

Scanning for poly-G content...
Poly-G trimming: ENABLED (auto-detected). 198289 of 1000000 reads (19.83%) have poly-G tails (>=10bp) — consistent with 2-colour chemistry (NovaSeq/NextSeq). To disable: --no_poly_g
Trimming (paired-end):
  R1: /scratch4/workspace/jade_fiorilla_student_uml_edu-rawseqorcc/fastq/2024_Hyp02_Both05_B51_gut_S174_R1_001.fastq.gz
  R2: /scratch4/workspace/jade_fiorilla_student_uml_edu-rawseqorcc/fastq/2024_Hyp02_Both05_B51_gut_S174_R2_001.fastq.gz
  Output R1: /scratch4/workspace/jade_fiorilla_student_uml_edu-rawseqorcc/trim-galore-illumina/2024_Hyp02_Both05_B51_gut_S174_R1_001_val_1.fq.gz
  Output R2: /scratch4/workspace/jade_fiorilla_student_uml_edu-rawseqorcc/trim-galore-illumina/2024_Hyp02_Both05_B51_gut_S174_R2_001_val_2.fq.gz

=== Summary (Read 1) ===

Total reads processed:              1442669
Reads with adapters:                  41383 (2.9%)

=== Summary (Read 2) ===

Total reads processed:              1442669
Reads with adapters:                 317812 (22.0%)
R1 reads with poly-G trimmed:          7996 (0.6%)
  R1 poly-G bases removed:           295357
R2 reads with poly-G trimmed:           765 (0.1%)
  R2 poly-G bases removed:           127775

=== Paired-end validation ===

Pairs analyzed:                     1442669
Pairs removed:                         2420 (0.2%)
Unpaired R1 kept:                      2140
Unpaired R2 kept:                       142
Report: /scratch4/workspace/jade_fiorilla_student_uml_edu-rawseqorcc/trim-galore-illumina/2024_Hyp02_Both05_B51_gut_S174_R1_001.fastq.gz_trimming_report.txt
JSON report: /scratch4/workspace/jade_fiorilla_student_uml_edu-rawseqorcc/trim-galore-illumina/2024_Hyp02_Both05_B51_gut_S174_R1_001.fastq.gz_trimming_report.json
Report: /scratch4/workspace/jade_fiorilla_student_uml_edu-rawseqorcc/trim-galore-illumina/2024_Hyp02_Both05_B51_gut_S174_R2_001.fastq.gz_trimming_report.txt
JSON report: /scratch4/workspace/jade_fiorilla_student_uml_edu-rawseqorcc/trim-galore-illumina/2024_Hyp02_Both05_B51_gut_S174_R2_001.fastq.gz_trimming_report.json

Running FastQC on /scratch4/workspace/jade_fiorilla_student_uml_edu-rawseqorcc/trim-galore-illumina/2024_Hyp02_Both05_B51_gut_S174_R1_001_val_1.fq.gz

Running FastQC on /scratch4/workspace/jade_fiorilla_student_uml_edu-rawseqorcc/trim-galore-illumina/2024_Hyp02_Both05_B51_gut_S174_R2_001_val_2.fq.gz
Running Trim Galore on: 2024_Hyp02_Cont01_B4_gill_S215

Trim Galore v2.3.0
unknown — linux/x86_64 — built 2026-06-27T16:23:35Z
==================================================

Using 6 worker threads (parallel trim + compress)
Adapter: Illumina (AGATCGGAAGAGC)

Scanning for poly-G content...
Poly-G trimming: ENABLED (auto-detected). 303549 of 839894 reads (36.14%) have poly-G tails (>=10bp) — consistent with 2-colour chemistry (NovaSeq/NextSeq). To disable: --no_poly_g
Trimming (paired-end):
  R1: /scratch4/workspace/jade_fiorilla_student_uml_edu-rawseqorcc/fastq/2024_Hyp02_Cont01_B4_gill_S215_R1_001.fastq.gz
  R2: /scratch4/workspace/jade_fiorilla_student_uml_edu-rawseqorcc/fastq/2024_Hyp02_Cont01_B4_gill_S215_R2_001.fastq.gz
  Output R1: /scratch4/workspace/jade_fiorilla_student_uml_edu-rawseqorcc/trim-galore-illumina/2024_Hyp02_Cont01_B4_gill_S215_R1_001_val_1.fq.gz
  Output R2: /scratch4/workspace/jade_fiorilla_student_uml_edu-rawseqorcc/trim-galore-illumina/2024_Hyp02_Cont01_B4_gill_S215_R2_001_val_2.fq.gz

=== Summary (Read 1) ===

Total reads processed:               839894
Reads with adapters:                 107521 (12.8%)

=== Summary (Read 2) ===

Total reads processed:               839894
Reads with adapters:                 422723 (50.3%)
R1 reads with poly-G trimmed:          3792 (0.5%)
  R1 poly-G bases removed:           343349
R2 reads with poly-G trimmed:           686 (0.1%)
  R2 poly-G bases removed:           116378

=== Paired-end validation ===

Pairs analyzed:                      839894
Pairs removed:                         1225 (0.1%)
Unpaired R1 kept:                      1120
Unpaired R2 kept:                        49
Report: /scratch4/workspace/jade_fiorilla_student_uml_edu-rawseqorcc/trim-galore-illumina/2024_Hyp02_Cont01_B4_gill_S215_R1_001.fastq.gz_trimming_report.txt
JSON report: /scratch4/workspace/jade_fiorilla_student_uml_edu-rawseqorcc/trim-galore-illumina/2024_Hyp02_Cont01_B4_gill_S215_R1_001.fastq.gz_trimming_report.json
Report: /scratch4/workspace/jade_fiorilla_student_uml_edu-rawseqorcc/trim-galore-illumina/2024_Hyp02_Cont01_B4_gill_S215_R2_001.fastq.gz_trimming_report.txt
JSON report: /scratch4/workspace/jade_fiorilla_student_uml_edu-rawseqorcc/trim-galore-illumina/2024_Hyp02_Cont01_B4_gill_S215_R2_001.fastq.gz_trimming_report.json

Running FastQC on /scratch4/workspace/jade_fiorilla_student_uml_edu-rawseqorcc/trim-galore-illumina/2024_Hyp02_Cont01_B4_gill_S215_R1_001_val_1.fq.gz

Running FastQC on /scratch4/workspace/jade_fiorilla_student_uml_edu-rawseqorcc/trim-galore-illumina/2024_Hyp02_Cont01_B4_gill_S215_R2_001_val_2.fq.gz
Running Trim Galore on: 2024_Hyp02_Cont01_B4_gut_S33

Trim Galore v2.3.0
unknown — linux/x86_64 — built 2026-06-27T16:23:35Z
==================================================

Using 6 worker threads (parallel trim + compress)
Adapter: Illumina (AGATCGGAAGAGC)

Scanning for poly-G content...
Poly-G trimming: ENABLED (auto-detected). 175884 of 891187 reads (19.74%) have poly-G tails (>=10bp) — consistent with 2-colour chemistry (NovaSeq/NextSeq). To disable: --no_poly_g
Trimming (paired-end):
  R1: /scratch4/workspace/jade_fiorilla_student_uml_edu-rawseqorcc/fastq/2024_Hyp02_Cont01_B4_gut_S33_R1_001.fastq.gz
  R2: /scratch4/workspace/jade_fiorilla_student_uml_edu-rawseqorcc/fastq/2024_Hyp02_Cont01_B4_gut_S33_R2_001.fastq.gz
  Output R1: /scratch4/workspace/jade_fiorilla_student_uml_edu-rawseqorcc/trim-galore-illumina/2024_Hyp02_Cont01_B4_gut_S33_R1_001_val_1.fq.gz
  Output R2: /scratch4/workspace/jade_fiorilla_student_uml_edu-rawseqorcc/trim-galore-illumina/2024_Hyp02_Cont01_B4_gut_S33_R2_001_val_2.fq.gz

=== Summary (Read 1) ===

Total reads processed:               891187
Reads with adapters:                  62274 (7.0%)

=== Summary (Read 2) ===

Total reads processed:               891187
Reads with adapters:                 183129 (20.5%)
R1 reads with poly-G trimmed:          2239 (0.3%)
  R1 poly-G bases removed:           172016
R2 reads with poly-G trimmed:           527 (0.1%)
  R2 poly-G bases removed:            91805

=== Paired-end validation ===

Pairs analyzed:                      891187
Pairs removed:                         1927 (0.2%)
Unpaired R1 kept:                      1692
Unpaired R2 kept:                        91
Report: /scratch4/workspace/jade_fiorilla_student_uml_edu-rawseqorcc/trim-galore-illumina/2024_Hyp02_Cont01_B4_gut_S33_R1_001.fastq.gz_trimming_report.txt
JSON report: /scratch4/workspace/jade_fiorilla_student_uml_edu-rawseqorcc/trim-galore-illumina/2024_Hyp02_Cont01_B4_gut_S33_R1_001.fastq.gz_trimming_report.json
Report: /scratch4/workspace/jade_fiorilla_student_uml_edu-rawseqorcc/trim-galore-illumina/2024_Hyp02_Cont01_B4_gut_S33_R2_001.fastq.gz_trimming_report.txt
JSON report: /scratch4/workspace/jade_fiorilla_student_uml_edu-rawseqorcc/trim-galore-illumina/2024_Hyp02_Cont01_B4_gut_S33_R2_001.fastq.gz_trimming_report.json

Running FastQC on /scratch4/workspace/jade_fiorilla_student_uml_edu-rawseqorcc/trim-galore-illumina/2024_Hyp02_Cont01_B4_gut_S33_R1_001_val_1.fq.gz

Running FastQC on /scratch4/workspace/jade_fiorilla_student_uml_edu-rawseqorcc/trim-galore-illumina/2024_Hyp02_Cont01_B4_gut_S33_R2_001_val_2.fq.gz
Running Trim Galore on: 2024_Hyp02_Hyp01_B3_gill_S145

Trim Galore v2.3.0
unknown — linux/x86_64 — built 2026-06-27T16:23:35Z
==================================================

Using 6 worker threads (parallel trim + compress)
Adapter: Illumina (AGATCGGAAGAGC)

Scanning for poly-G content...
Poly-G trimming: ENABLED (auto-detected). 384313 of 1000000 reads (38.43%) have poly-G tails (>=10bp) — consistent with 2-colour chemistry (NovaSeq/NextSeq). To disable: --no_poly_g
Trimming (paired-end):
  R1: /scratch4/workspace/jade_fiorilla_student_uml_edu-rawseqorcc/fastq/2024_Hyp02_Hyp01_B3_gill_S145_R1_001.fastq.gz
  R2: /scratch4/workspace/jade_fiorilla_student_uml_edu-rawseqorcc/fastq/2024_Hyp02_Hyp01_B3_gill_S145_R2_001.fastq.gz
  Output R1: /scratch4/workspace/jade_fiorilla_student_uml_edu-rawseqorcc/trim-galore-illumina/2024_Hyp02_Hyp01_B3_gill_S145_R1_001_val_1.fq.gz
  Output R2: /scratch4/workspace/jade_fiorilla_student_uml_edu-rawseqorcc/trim-galore-illumina/2024_Hyp02_Hyp01_B3_gill_S145_R2_001_val_2.fq.gz

=== Summary (Read 1) ===

Total reads processed:              1664820
Reads with adapters:                 215324 (12.9%)

=== Summary (Read 2) ===

Total reads processed:              1664820
Reads with adapters:                 681423 (40.9%)
R1 reads with poly-G trimmed:          3677 (0.2%)
  R1 poly-G bases removed:           621541
R2 reads with poly-G trimmed:          1793 (0.1%)
  R2 poly-G bases removed:           313895

=== Paired-end validation ===

Pairs analyzed:                     1664820
Pairs removed:                         3064 (0.2%)
Unpaired R1 kept:                      2621
Unpaired R2 kept:                       159
Report: /scratch4/workspace/jade_fiorilla_student_uml_edu-rawseqorcc/trim-galore-illumina/2024_Hyp02_Hyp01_B3_gill_S145_R1_001.fastq.gz_trimming_report.txt
JSON report: /scratch4/workspace/jade_fiorilla_student_uml_edu-rawseqorcc/trim-galore-illumina/2024_Hyp02_Hyp01_B3_gill_S145_R1_001.fastq.gz_trimming_report.json
Report: /scratch4/workspace/jade_fiorilla_student_uml_edu-rawseqorcc/trim-galore-illumina/2024_Hyp02_Hyp01_B3_gill_S145_R2_001.fastq.gz_trimming_report.txt
JSON report: /scratch4/workspace/jade_fiorilla_student_uml_edu-rawseqorcc/trim-galore-illumina/2024_Hyp02_Hyp01_B3_gill_S145_R2_001.fastq.gz_trimming_report.json

Running FastQC on /scratch4/workspace/jade_fiorilla_student_uml_edu-rawseqorcc/trim-galore-illumina/2024_Hyp02_Hyp01_B3_gill_S145_R1_001_val_1.fq.gz

Running FastQC on /scratch4/workspace/jade_fiorilla_student_uml_edu-rawseqorcc/trim-galore-illumina/2024_Hyp02_Hyp01_B3_gill_S145_R2_001_val_2.fq.gz
Running Trim Galore on: 2024_Hyp02_Hyp01_B3_gut_S277

Trim Galore v2.3.0
unknown — linux/x86_64 — built 2026-06-27T16:23:35Z
==================================================

Using 6 worker threads (parallel trim + compress)
Adapter: Illumina (AGATCGGAAGAGC)

Scanning for poly-G content...
Poly-G trimming: ENABLED (auto-detected). 631 of 1000000 reads (0.06%) have poly-G tails (>=10bp) — consistent with 2-colour chemistry (NovaSeq/NextSeq). To disable: --no_poly_g
Trimming (paired-end):
  R1: /scratch4/workspace/jade_fiorilla_student_uml_edu-rawseqorcc/fastq/2024_Hyp02_Hyp01_B3_gut_S277_R1_001.fastq.gz
  R2: /scratch4/workspace/jade_fiorilla_student_uml_edu-rawseqorcc/fastq/2024_Hyp02_Hyp01_B3_gut_S277_R2_001.fastq.gz
  Output R1: /scratch4/workspace/jade_fiorilla_student_uml_edu-rawseqorcc/trim-galore-illumina/2024_Hyp02_Hyp01_B3_gut_S277_R1_001_val_1.fq.gz
  Output R2: /scratch4/workspace/jade_fiorilla_student_uml_edu-rawseqorcc/trim-galore-illumina/2024_Hyp02_Hyp01_B3_gut_S277_R2_001_val_2.fq.gz

=== Summary (Read 1) ===

Total reads processed:              2284365
Reads with adapters:                  97631 (4.3%)

=== Summary (Read 2) ===

Total reads processed:              2284365
Reads with adapters:                  71417 (3.1%)
R1 reads with poly-G trimmed:           126 (0.0%)
  R1 poly-G bases removed:             2950
R2 reads with poly-G trimmed:           143 (0.0%)
  R2 poly-G bases removed:            25811

=== Paired-end validation ===

Pairs analyzed:                     2284365
Pairs removed:                         3565 (0.2%)
Unpaired R1 kept:                      3145
Unpaired R2 kept:                       204
Report: /scratch4/workspace/jade_fiorilla_student_uml_edu-rawseqorcc/trim-galore-illumina/2024_Hyp02_Hyp01_B3_gut_S277_R1_001.fastq.gz_trimming_report.txt
JSON report: /scratch4/workspace/jade_fiorilla_student_uml_edu-rawseqorcc/trim-galore-illumina/2024_Hyp02_Hyp01_B3_gut_S277_R1_001.fastq.gz_trimming_report.json
Report: /scratch4/workspace/jade_fiorilla_student_uml_edu-rawseqorcc/trim-galore-illumina/2024_Hyp02_Hyp01_B3_gut_S277_R2_001.fastq.gz_trimming_report.txt
JSON report: /scratch4/workspace/jade_fiorilla_student_uml_edu-rawseqorcc/trim-galore-illumina/2024_Hyp02_Hyp01_B3_gut_S277_R2_001.fastq.gz_trimming_report.json

Running FastQC on /scratch4/workspace/jade_fiorilla_student_uml_edu-rawseqorcc/trim-galore-illumina/2024_Hyp02_Hyp01_B3_gut_S277_R1_001_val_1.fq.gz

Running FastQC on /scratch4/workspace/jade_fiorilla_student_uml_edu-rawseqorcc/trim-galore-illumina/2024_Hyp02_Hyp01_B3_gut_S277_R2_001_val_2.fq.gz
Running Trim Galore on: 2024_Hyp02_Hyp05_B51_gill_S155

Trim Galore v2.3.0
unknown — linux/x86_64 — built 2026-06-27T16:23:35Z
==================================================

Using 6 worker threads (parallel trim + compress)
Adapter: Illumina (AGATCGGAAGAGC)

Scanning for poly-G content...
Poly-G trimming: ENABLED (auto-detected). 176537 of 1000000 reads (17.65%) have poly-G tails (>=10bp) — consistent with 2-colour chemistry (NovaSeq/NextSeq). To disable: --no_poly_g
Trimming (paired-end):
  R1: /scratch4/workspace/jade_fiorilla_student_uml_edu-rawseqorcc/fastq/2024_Hyp02_Hyp05_B51_gill_S155_R1_001.fastq.gz
  R2: /scratch4/workspace/jade_fiorilla_student_uml_edu-rawseqorcc/fastq/2024_Hyp02_Hyp05_B51_gill_S155_R2_001.fastq.gz
  Output R1: /scratch4/workspace/jade_fiorilla_student_uml_edu-rawseqorcc/trim-galore-illumina/2024_Hyp02_Hyp05_B51_gill_S155_R1_001_val_1.fq.gz
  Output R2: /scratch4/workspace/jade_fiorilla_student_uml_edu-rawseqorcc/trim-galore-illumina/2024_Hyp02_Hyp05_B51_gill_S155_R2_001_val_2.fq.gz

=== Summary (Read 1) ===

Total reads processed:              1039394
Reads with adapters:                  80865 (7.8%)

=== Summary (Read 2) ===

Total reads processed:              1039394
Reads with adapters:                 189008 (18.2%)
R1 reads with poly-G trimmed:          1251 (0.1%)
  R1 poly-G bases removed:           181296
R2 reads with poly-G trimmed:           597 (0.1%)
  R2 poly-G bases removed:           112866

=== Paired-end validation ===

Pairs analyzed:                     1039394
Pairs removed:                         2652 (0.3%)
Unpaired R1 kept:                      2426
Unpaired R2 kept:                       134
Report: /scratch4/workspace/jade_fiorilla_student_uml_edu-rawseqorcc/trim-galore-illumina/2024_Hyp02_Hyp05_B51_gill_S155_R1_001.fastq.gz_trimming_report.txt
JSON report: /scratch4/workspace/jade_fiorilla_student_uml_edu-rawseqorcc/trim-galore-illumina/2024_Hyp02_Hyp05_B51_gill_S155_R1_001.fastq.gz_trimming_report.json
Report: /scratch4/workspace/jade_fiorilla_student_uml_edu-rawseqorcc/trim-galore-illumina/2024_Hyp02_Hyp05_B51_gill_S155_R2_001.fastq.gz_trimming_report.txt
JSON report: /scratch4/workspace/jade_fiorilla_student_uml_edu-rawseqorcc/trim-galore-illumina/2024_Hyp02_Hyp05_B51_gill_S155_R2_001.fastq.gz_trimming_report.json

Running FastQC on /scratch4/workspace/jade_fiorilla_student_uml_edu-rawseqorcc/trim-galore-illumina/2024_Hyp02_Hyp05_B51_gill_S155_R1_001_val_1.fq.gz

Running FastQC on /scratch4/workspace/jade_fiorilla_student_uml_edu-rawseqorcc/trim-galore-illumina/2024_Hyp02_Hyp05_B51_gill_S155_R2_001_val_2.fq.gz
Running Trim Galore on: 2024_Hyp02_Hyp05_B51_gut_S273

Trim Galore v2.3.0
unknown — linux/x86_64 — built 2026-06-27T16:23:35Z
==================================================

Using 6 worker threads (parallel trim + compress)
Adapter: Illumina (AGATCGGAAGAGC)

Scanning for poly-G content...
Poly-G trimming: ENABLED (auto-detected). 57322 of 711575 reads (8.06%) have poly-G tails (>=10bp) — consistent with 2-colour chemistry (NovaSeq/NextSeq). To disable: --no_poly_g
Trimming (paired-end):
  R1: /scratch4/workspace/jade_fiorilla_student_uml_edu-rawseqorcc/fastq/2024_Hyp02_Hyp05_B51_gut_S273_R1_001.fastq.gz
  R2: /scratch4/workspace/jade_fiorilla_student_uml_edu-rawseqorcc/fastq/2024_Hyp02_Hyp05_B51_gut_S273_R2_001.fastq.gz
  Output R1: /scratch4/workspace/jade_fiorilla_student_uml_edu-rawseqorcc/trim-galore-illumina/2024_Hyp02_Hyp05_B51_gut_S273_R1_001_val_1.fq.gz
  Output R2: /scratch4/workspace/jade_fiorilla_student_uml_edu-rawseqorcc/trim-galore-illumina/2024_Hyp02_Hyp05_B51_gut_S273_R2_001_val_2.fq.gz

=== Summary (Read 1) ===

Total reads processed:               711575
Reads with adapters:                  17777 (2.5%)

=== Summary (Read 2) ===

Total reads processed:               711575
Reads with adapters:                  60980 (8.6%)
R1 reads with poly-G trimmed:          1190 (0.2%)
  R1 poly-G bases removed:            62956
R2 reads with poly-G trimmed:           152 (0.0%)
  R2 poly-G bases removed:            27909

=== Paired-end validation ===

Pairs analyzed:                      711575
Pairs removed:                         1365 (0.2%)
Unpaired R1 kept:                      1239
Unpaired R2 kept:                        86
Report: /scratch4/workspace/jade_fiorilla_student_uml_edu-rawseqorcc/trim-galore-illumina/2024_Hyp02_Hyp05_B51_gut_S273_R1_001.fastq.gz_trimming_report.txt
JSON report: /scratch4/workspace/jade_fiorilla_student_uml_edu-rawseqorcc/trim-galore-illumina/2024_Hyp02_Hyp05_B51_gut_S273_R1_001.fastq.gz_trimming_report.json
Report: /scratch4/workspace/jade_fiorilla_student_uml_edu-rawseqorcc/trim-galore-illumina/2024_Hyp02_Hyp05_B51_gut_S273_R2_001.fastq.gz_trimming_report.txt
JSON report: /scratch4/workspace/jade_fiorilla_student_uml_edu-rawseqorcc/trim-galore-illumina/2024_Hyp02_Hyp05_B51_gut_S273_R2_001.fastq.gz_trimming_report.json

Running FastQC on /scratch4/workspace/jade_fiorilla_student_uml_edu-rawseqorcc/trim-galore-illumina/2024_Hyp02_Hyp05_B51_gut_S273_R1_001_val_1.fq.gz

Running FastQC on /scratch4/workspace/jade_fiorilla_student_uml_edu-rawseqorcc/trim-galore-illumina/2024_Hyp02_Hyp05_B51_gut_S273_R2_001_val_2.fq.gz
Running Trim Galore on: 2024_Hyp02_Null_B14_gill_S268

Trim Galore v2.3.0
unknown — linux/x86_64 — built 2026-06-27T16:23:35Z
==================================================

Using 6 worker threads (parallel trim + compress)
Adapter: Illumina (AGATCGGAAGAGC)

Scanning for poly-G content...
Poly-G trimming: ENABLED (auto-detected). 10885 of 776931 reads (1.40%) have poly-G tails (>=10bp) — consistent with 2-colour chemistry (NovaSeq/NextSeq). To disable: --no_poly_g
Trimming (paired-end):
  R1: /scratch4/workspace/jade_fiorilla_student_uml_edu-rawseqorcc/fastq/2024_Hyp02_Null_B14_gill_S268_R1_001.fastq.gz
  R2: /scratch4/workspace/jade_fiorilla_student_uml_edu-rawseqorcc/fastq/2024_Hyp02_Null_B14_gill_S268_R2_001.fastq.gz
  Output R1: /scratch4/workspace/jade_fiorilla_student_uml_edu-rawseqorcc/trim-galore-illumina/2024_Hyp02_Null_B14_gill_S268_R1_001_val_1.fq.gz
  Output R2: /scratch4/workspace/jade_fiorilla_student_uml_edu-rawseqorcc/trim-galore-illumina/2024_Hyp02_Null_B14_gill_S268_R2_001_val_2.fq.gz

=== Summary (Read 1) ===

Total reads processed:               776931
Reads with adapters:                   4661 (0.6%)

=== Summary (Read 2) ===

Total reads processed:               776931
Reads with adapters:                  21625 (2.8%)
R1 reads with poly-G trimmed:           122 (0.0%)
  R1 poly-G bases removed:             7477
R2 reads with poly-G trimmed:            92 (0.0%)
  R2 poly-G bases removed:            12859

=== Paired-end validation ===

Pairs analyzed:                      776931
Pairs removed:                         1262 (0.2%)
Unpaired R1 kept:                       974
Unpaired R2 kept:                       127
Report: /scratch4/workspace/jade_fiorilla_student_uml_edu-rawseqorcc/trim-galore-illumina/2024_Hyp02_Null_B14_gill_S268_R1_001.fastq.gz_trimming_report.txt
JSON report: /scratch4/workspace/jade_fiorilla_student_uml_edu-rawseqorcc/trim-galore-illumina/2024_Hyp02_Null_B14_gill_S268_R1_001.fastq.gz_trimming_report.json
Report: /scratch4/workspace/jade_fiorilla_student_uml_edu-rawseqorcc/trim-galore-illumina/2024_Hyp02_Null_B14_gill_S268_R2_001.fastq.gz_trimming_report.txt
JSON report: /scratch4/workspace/jade_fiorilla_student_uml_edu-rawseqorcc/trim-galore-illumina/2024_Hyp02_Null_B14_gill_S268_R2_001.fastq.gz_trimming_report.json

Running FastQC on /scratch4/workspace/jade_fiorilla_student_uml_edu-rawseqorcc/trim-galore-illumina/2024_Hyp02_Null_B14_gill_S268_R1_001_val_1.fq.gz

Running FastQC on /scratch4/workspace/jade_fiorilla_student_uml_edu-rawseqorcc/trim-galore-illumina/2024_Hyp02_Null_B14_gill_S268_R2_001_val_2.fq.gz
Running Trim Galore on: 2024_Hyp02_Null_B14_gut_S80

Trim Galore v2.3.0
unknown — linux/x86_64 — built 2026-06-27T16:23:35Z
==================================================

Using 6 worker threads (parallel trim + compress)
Adapter: Illumina (AGATCGGAAGAGC)

Scanning for poly-G content...
Poly-G trimming: ENABLED (auto-detected). 244344 of 897349 reads (27.23%) have poly-G tails (>=10bp) — consistent with 2-colour chemistry (NovaSeq/NextSeq). To disable: --no_poly_g
Trimming (paired-end):
  R1: /scratch4/workspace/jade_fiorilla_student_uml_edu-rawseqorcc/fastq/2024_Hyp02_Null_B14_gut_S80_R1_001.fastq.gz
  R2: /scratch4/workspace/jade_fiorilla_student_uml_edu-rawseqorcc/fastq/2024_Hyp02_Null_B14_gut_S80_R2_001.fastq.gz
  Output R1: /scratch4/workspace/jade_fiorilla_student_uml_edu-rawseqorcc/trim-galore-illumina/2024_Hyp02_Null_B14_gut_S80_R1_001_val_1.fq.gz
  Output R2: /scratch4/workspace/jade_fiorilla_student_uml_edu-rawseqorcc/trim-galore-illumina/2024_Hyp02_Null_B14_gut_S80_R2_001_val_2.fq.gz

=== Summary (Read 1) ===

Total reads processed:               897349
Reads with adapters:                 120537 (13.4%)

=== Summary (Read 2) ===

Total reads processed:               897349
Reads with adapters:                 256719 (28.6%)
R1 reads with poly-G trimmed:          1042 (0.1%)
  R1 poly-G bases removed:           183833
R2 reads with poly-G trimmed:           636 (0.1%)
  R2 poly-G bases removed:           112250

=== Paired-end validation ===

Pairs analyzed:                      897349
Pairs removed:                         2038 (0.2%)
Unpaired R1 kept:                      1784
Unpaired R2 kept:                        95
Report: /scratch4/workspace/jade_fiorilla_student_uml_edu-rawseqorcc/trim-galore-illumina/2024_Hyp02_Null_B14_gut_S80_R1_001.fastq.gz_trimming_report.txt
JSON report: /scratch4/workspace/jade_fiorilla_student_uml_edu-rawseqorcc/trim-galore-illumina/2024_Hyp02_Null_B14_gut_S80_R1_001.fastq.gz_trimming_report.json
Report: /scratch4/workspace/jade_fiorilla_student_uml_edu-rawseqorcc/trim-galore-illumina/2024_Hyp02_Null_B14_gut_S80_R2_001.fastq.gz_trimming_report.txt
JSON report: /scratch4/workspace/jade_fiorilla_student_uml_edu-rawseqorcc/trim-galore-illumina/2024_Hyp02_Null_B14_gut_S80_R2_001.fastq.gz_trimming_report.json

Running FastQC on /scratch4/workspace/jade_fiorilla_student_uml_edu-rawseqorcc/trim-galore-illumina/2024_Hyp02_Null_B14_gut_S80_R1_001_val_1.fq.gz

Running FastQC on /scratch4/workspace/jade_fiorilla_student_uml_edu-rawseqorcc/trim-galore-illumina/2024_Hyp02_Null_B14_gut_S80_R2_001_val_2.fq.gz
Running Trim Galore on: 2024_Hyp02_Warm02_B16_gill_S209

Trim Galore v2.3.0
unknown — linux/x86_64 — built 2026-06-27T16:23:35Z
==================================================

Using 6 worker threads (parallel trim + compress)
Adapter: Illumina (AGATCGGAAGAGC)

Scanning for poly-G content...
Poly-G trimming: ENABLED (auto-detected). 17650 of 1000000 reads (1.76%) have poly-G tails (>=10bp) — consistent with 2-colour chemistry (NovaSeq/NextSeq). To disable: --no_poly_g
Trimming (paired-end):
  R1: /scratch4/workspace/jade_fiorilla_student_uml_edu-rawseqorcc/fastq/2024_Hyp02_Warm02_B16_gill_S209_R1_001.fastq.gz
  R2: /scratch4/workspace/jade_fiorilla_student_uml_edu-rawseqorcc/fastq/2024_Hyp02_Warm02_B16_gill_S209_R2_001.fastq.gz
  Output R1: /scratch4/workspace/jade_fiorilla_student_uml_edu-rawseqorcc/trim-galore-illumina/2024_Hyp02_Warm02_B16_gill_S209_R1_001_val_1.fq.gz
  Output R2: /scratch4/workspace/jade_fiorilla_student_uml_edu-rawseqorcc/trim-galore-illumina/2024_Hyp02_Warm02_B16_gill_S209_R2_001_val_2.fq.gz

=== Summary (Read 1) ===

Total reads processed:              1719626
Reads with adapters:                  52140 (3.0%)

=== Summary (Read 2) ===

Total reads processed:              1719626
Reads with adapters:                  72323 (4.2%)
R1 reads with poly-G trimmed:           288 (0.0%)
  R1 poly-G bases removed:            36163
R2 reads with poly-G trimmed:           199 (0.0%)
  R2 poly-G bases removed:            27055

=== Paired-end validation ===

Pairs analyzed:                     1719626
Pairs removed:                         2627 (0.2%)
Unpaired R1 kept:                      2455
Unpaired R2 kept:                        85
Report: /scratch4/workspace/jade_fiorilla_student_uml_edu-rawseqorcc/trim-galore-illumina/2024_Hyp02_Warm02_B16_gill_S209_R1_001.fastq.gz_trimming_report.txt
JSON report: /scratch4/workspace/jade_fiorilla_student_uml_edu-rawseqorcc/trim-galore-illumina/2024_Hyp02_Warm02_B16_gill_S209_R1_001.fastq.gz_trimming_report.json
Report: /scratch4/workspace/jade_fiorilla_student_uml_edu-rawseqorcc/trim-galore-illumina/2024_Hyp02_Warm02_B16_gill_S209_R2_001.fastq.gz_trimming_report.txt
JSON report: /scratch4/workspace/jade_fiorilla_student_uml_edu-rawseqorcc/trim-galore-illumina/2024_Hyp02_Warm02_B16_gill_S209_R2_001.fastq.gz_trimming_report.json

Running FastQC on /scratch4/workspace/jade_fiorilla_student_uml_edu-rawseqorcc/trim-galore-illumina/2024_Hyp02_Warm02_B16_gill_S209_R1_001_val_1.fq.gz

Running FastQC on /scratch4/workspace/jade_fiorilla_student_uml_edu-rawseqorcc/trim-galore-illumina/2024_Hyp02_Warm02_B16_gill_S209_R2_001_val_2.fq.gz
Running Trim Galore on: 2024_Hyp02_Warm02_B16_gut_S22

Trim Galore v2.3.0
unknown — linux/x86_64 — built 2026-06-27T16:23:35Z
==================================================

Using 6 worker threads (parallel trim + compress)
Adapter: Illumina (AGATCGGAAGAGC)

Scanning for poly-G content...
Poly-G trimming: ENABLED (auto-detected). 663131 of 1000000 reads (66.31%) have poly-G tails (>=10bp) — consistent with 2-colour chemistry (NovaSeq/NextSeq). To disable: --no_poly_g
Trimming (paired-end):
  R1: /scratch4/workspace/jade_fiorilla_student_uml_edu-rawseqorcc/fastq/2024_Hyp02_Warm02_B16_gut_S22_R1_001.fastq.gz
  R2: /scratch4/workspace/jade_fiorilla_student_uml_edu-rawseqorcc/fastq/2024_Hyp02_Warm02_B16_gut_S22_R2_001.fastq.gz
  Output R1: /scratch4/workspace/jade_fiorilla_student_uml_edu-rawseqorcc/trim-galore-illumina/2024_Hyp02_Warm02_B16_gut_S22_R1_001_val_1.fq.gz
  Output R2: /scratch4/workspace/jade_fiorilla_student_uml_edu-rawseqorcc/trim-galore-illumina/2024_Hyp02_Warm02_B16_gut_S22_R2_001_val_2.fq.gz

=== Summary (Read 1) ===

Total reads processed:              1053316
Reads with adapters:                 150832 (14.3%)

=== Summary (Read 2) ===

Total reads processed:              1053316
Reads with adapters:                 701821 (66.6%)
R1 reads with poly-G trimmed:         17867 (1.7%)
  R1 poly-G bases removed:           770026
R2 reads with poly-G trimmed:          1812 (0.2%)
  R2 poly-G bases removed:           328678

=== Paired-end validation ===

Pairs analyzed:                     1053316
Pairs removed:                         2343 (0.2%)
Unpaired R1 kept:                      1996
Unpaired R2 kept:                       100
Report: /scratch4/workspace/jade_fiorilla_student_uml_edu-rawseqorcc/trim-galore-illumina/2024_Hyp02_Warm02_B16_gut_S22_R1_001.fastq.gz_trimming_report.txt
JSON report: /scratch4/workspace/jade_fiorilla_student_uml_edu-rawseqorcc/trim-galore-illumina/2024_Hyp02_Warm02_B16_gut_S22_R1_001.fastq.gz_trimming_report.json
Report: /scratch4/workspace/jade_fiorilla_student_uml_edu-rawseqorcc/trim-galore-illumina/2024_Hyp02_Warm02_B16_gut_S22_R2_001.fastq.gz_trimming_report.txt
JSON report: /scratch4/workspace/jade_fiorilla_student_uml_edu-rawseqorcc/trim-galore-illumina/2024_Hyp02_Warm02_B16_gut_S22_R2_001.fastq.gz_trimming_report.json

Running FastQC on /scratch4/workspace/jade_fiorilla_student_uml_edu-rawseqorcc/trim-galore-illumina/2024_Hyp02_Warm02_B16_gut_S22_R1_001_val_1.fq.gz

Running FastQC on /scratch4/workspace/jade_fiorilla_student_uml_edu-rawseqorcc/trim-galore-illumina/2024_Hyp02_Warm02_B16_gut_S22_R2_001_val_2.fq.gz
Running Trim Galore on: 2024_Hyp03_Both04_B41_gill_S248

Trim Galore v2.3.0
unknown — linux/x86_64 — built 2026-06-27T16:23:35Z
==================================================

Using 6 worker threads (parallel trim + compress)
Adapter: Illumina (AGATCGGAAGAGC)

Scanning for poly-G content...
Poly-G trimming: ENABLED (auto-detected). 4721 of 646468 reads (0.73%) have poly-G tails (>=10bp) — consistent with 2-colour chemistry (NovaSeq/NextSeq). To disable: --no_poly_g
Trimming (paired-end):
  R1: /scratch4/workspace/jade_fiorilla_student_uml_edu-rawseqorcc/fastq/2024_Hyp03_Both04_B41_gill_S248_R1_001.fastq.gz
  R2: /scratch4/workspace/jade_fiorilla_student_uml_edu-rawseqorcc/fastq/2024_Hyp03_Both04_B41_gill_S248_R2_001.fastq.gz
  Output R1: /scratch4/workspace/jade_fiorilla_student_uml_edu-rawseqorcc/trim-galore-illumina/2024_Hyp03_Both04_B41_gill_S248_R1_001_val_1.fq.gz
  Output R2: /scratch4/workspace/jade_fiorilla_student_uml_edu-rawseqorcc/trim-galore-illumina/2024_Hyp03_Both04_B41_gill_S248_R2_001_val_2.fq.gz

=== Summary (Read 1) ===

Total reads processed:               646468
Reads with adapters:                   9693 (1.5%)

=== Summary (Read 2) ===

Total reads processed:               646468
Reads with adapters:                  14071 (2.2%)
R1 reads with poly-G trimmed:           116 (0.0%)
  R1 poly-G bases removed:             2586
R2 reads with poly-G trimmed:           110 (0.0%)
  R2 poly-G bases removed:            24131

=== Paired-end validation ===

Pairs analyzed:                      646468
Pairs removed:                         1814 (0.3%)
Unpaired R1 kept:                      1735
Unpaired R2 kept:                        48
Report: /scratch4/workspace/jade_fiorilla_student_uml_edu-rawseqorcc/trim-galore-illumina/2024_Hyp03_Both04_B41_gill_S248_R1_001.fastq.gz_trimming_report.txt
JSON report: /scratch4/workspace/jade_fiorilla_student_uml_edu-rawseqorcc/trim-galore-illumina/2024_Hyp03_Both04_B41_gill_S248_R1_001.fastq.gz_trimming_report.json
Report: /scratch4/workspace/jade_fiorilla_student_uml_edu-rawseqorcc/trim-galore-illumina/2024_Hyp03_Both04_B41_gill_S248_R2_001.fastq.gz_trimming_report.txt
JSON report: /scratch4/workspace/jade_fiorilla_student_uml_edu-rawseqorcc/trim-galore-illumina/2024_Hyp03_Both04_B41_gill_S248_R2_001.fastq.gz_trimming_report.json

Running FastQC on /scratch4/workspace/jade_fiorilla_student_uml_edu-rawseqorcc/trim-galore-illumina/2024_Hyp03_Both04_B41_gill_S248_R1_001_val_1.fq.gz

Running FastQC on /scratch4/workspace/jade_fiorilla_student_uml_edu-rawseqorcc/trim-galore-illumina/2024_Hyp03_Both04_B41_gill_S248_R2_001_val_2.fq.gz
Running Trim Galore on: 2024_Hyp03_Both04_B41_gut_S50

Trim Galore v2.3.0
unknown — linux/x86_64 — built 2026-06-27T16:23:35Z
==================================================

Using 6 worker threads (parallel trim + compress)
Adapter: Illumina (AGATCGGAAGAGC)

Scanning for poly-G content...
Poly-G trimming: ENABLED (auto-detected). 807529 of 1000000 reads (80.75%) have poly-G tails (>=10bp) — consistent with 2-colour chemistry (NovaSeq/NextSeq). To disable: --no_poly_g
Trimming (paired-end):
  R1: /scratch4/workspace/jade_fiorilla_student_uml_edu-rawseqorcc/fastq/2024_Hyp03_Both04_B41_gut_S50_R1_001.fastq.gz
  R2: /scratch4/workspace/jade_fiorilla_student_uml_edu-rawseqorcc/fastq/2024_Hyp03_Both04_B41_gut_S50_R2_001.fastq.gz
  Output R1: /scratch4/workspace/jade_fiorilla_student_uml_edu-rawseqorcc/trim-galore-illumina/2024_Hyp03_Both04_B41_gut_S50_R1_001_val_1.fq.gz
  Output R2: /scratch4/workspace/jade_fiorilla_student_uml_edu-rawseqorcc/trim-galore-illumina/2024_Hyp03_Both04_B41_gut_S50_R2_001_val_2.fq.gz

=== Summary (Read 1) ===

Total reads processed:              1457719
Reads with adapters:                 296952 (20.4%)

=== Summary (Read 2) ===

Total reads processed:              1457719
Reads with adapters:                1197484 (82.1%)
R1 reads with poly-G trimmed:          5748 (0.4%)
  R1 poly-G bases removed:          1046347
R2 reads with poly-G trimmed:          2796 (0.2%)
  R2 poly-G bases removed:           512222

=== Paired-end validation ===

Pairs analyzed:                     1457719
Pairs removed:                         3264 (0.2%)
Unpaired R1 kept:                      2928
Unpaired R2 kept:                        90
Report: /scratch4/workspace/jade_fiorilla_student_uml_edu-rawseqorcc/trim-galore-illumina/2024_Hyp03_Both04_B41_gut_S50_R1_001.fastq.gz_trimming_report.txt
JSON report: /scratch4/workspace/jade_fiorilla_student_uml_edu-rawseqorcc/trim-galore-illumina/2024_Hyp03_Both04_B41_gut_S50_R1_001.fastq.gz_trimming_report.json
Report: /scratch4/workspace/jade_fiorilla_student_uml_edu-rawseqorcc/trim-galore-illumina/2024_Hyp03_Both04_B41_gut_S50_R2_001.fastq.gz_trimming_report.txt
JSON report: /scratch4/workspace/jade_fiorilla_student_uml_edu-rawseqorcc/trim-galore-illumina/2024_Hyp03_Both04_B41_gut_S50_R2_001.fastq.gz_trimming_report.json

Running FastQC on /scratch4/workspace/jade_fiorilla_student_uml_edu-rawseqorcc/trim-galore-illumina/2024_Hyp03_Both04_B41_gut_S50_R1_001_val_1.fq.gz

Running FastQC on /scratch4/workspace/jade_fiorilla_student_uml_edu-rawseqorcc/trim-galore-illumina/2024_Hyp03_Both04_B41_gut_S50_R2_001_val_2.fq.gz
Running Trim Galore on: 2024_Hyp03_Cont05_B54_gill_S274

Trim Galore v2.3.0
unknown — linux/x86_64 — built 2026-06-27T16:23:35Z
==================================================

Using 6 worker threads (parallel trim + compress)
Adapter: Illumina (AGATCGGAAGAGC)

Scanning for poly-G content...
Poly-G trimming: ENABLED (auto-detected). 124517 of 873713 reads (14.25%) have poly-G tails (>=10bp) — consistent with 2-colour chemistry (NovaSeq/NextSeq). To disable: --no_poly_g
Trimming (paired-end):
  R1: /scratch4/workspace/jade_fiorilla_student_uml_edu-rawseqorcc/fastq/2024_Hyp03_Cont05_B54_gill_S274_R1_001.fastq.gz
  R2: /scratch4/workspace/jade_fiorilla_student_uml_edu-rawseqorcc/fastq/2024_Hyp03_Cont05_B54_gill_S274_R2_001.fastq.gz
  Output R1: /scratch4/workspace/jade_fiorilla_student_uml_edu-rawseqorcc/trim-galore-illumina/2024_Hyp03_Cont05_B54_gill_S274_R1_001_val_1.fq.gz
  Output R2: /scratch4/workspace/jade_fiorilla_student_uml_edu-rawseqorcc/trim-galore-illumina/2024_Hyp03_Cont05_B54_gill_S274_R2_001_val_2.fq.gz

=== Summary (Read 1) ===

Total reads processed:               873713
Reads with adapters:                  64757 (7.4%)

=== Summary (Read 2) ===

Total reads processed:               873713
Reads with adapters:                 134783 (15.4%)
R1 reads with poly-G trimmed:          1927 (0.2%)
  R1 poly-G bases removed:           134351
R2 reads with poly-G trimmed:           401 (0.0%)
  R2 poly-G bases removed:            66308

=== Paired-end validation ===

Pairs analyzed:                      873713
Pairs removed:                         1954 (0.2%)
Unpaired R1 kept:                      1729
Unpaired R2 kept:                       107
Report: /scratch4/workspace/jade_fiorilla_student_uml_edu-rawseqorcc/trim-galore-illumina/2024_Hyp03_Cont05_B54_gill_S274_R1_001.fastq.gz_trimming_report.txt
JSON report: /scratch4/workspace/jade_fiorilla_student_uml_edu-rawseqorcc/trim-galore-illumina/2024_Hyp03_Cont05_B54_gill_S274_R1_001.fastq.gz_trimming_report.json
Report: /scratch4/workspace/jade_fiorilla_student_uml_edu-rawseqorcc/trim-galore-illumina/2024_Hyp03_Cont05_B54_gill_S274_R2_001.fastq.gz_trimming_report.txt
JSON report: /scratch4/workspace/jade_fiorilla_student_uml_edu-rawseqorcc/trim-galore-illumina/2024_Hyp03_Cont05_B54_gill_S274_R2_001.fastq.gz_trimming_report.json

Running FastQC on /scratch4/workspace/jade_fiorilla_student_uml_edu-rawseqorcc/trim-galore-illumina/2024_Hyp03_Cont05_B54_gill_S274_R1_001_val_1.fq.gz

Running FastQC on /scratch4/workspace/jade_fiorilla_student_uml_edu-rawseqorcc/trim-galore-illumina/2024_Hyp03_Cont05_B54_gill_S274_R2_001_val_2.fq.gz
Running Trim Galore on: 2024_Hyp03_Cont05_B54_gut_S96

Trim Galore v2.3.0
unknown — linux/x86_64 — built 2026-06-27T16:23:35Z
==================================================

Using 6 worker threads (parallel trim + compress)
Adapter: Illumina (AGATCGGAAGAGC)

Scanning for poly-G content...
Poly-G trimming: ENABLED (auto-detected). 14267 of 1000000 reads (1.43%) have poly-G tails (>=10bp) — consistent with 2-colour chemistry (NovaSeq/NextSeq). To disable: --no_poly_g
Trimming (paired-end):
  R1: /scratch4/workspace/jade_fiorilla_student_uml_edu-rawseqorcc/fastq/2024_Hyp03_Cont05_B54_gut_S96_R1_001.fastq.gz
  R2: /scratch4/workspace/jade_fiorilla_student_uml_edu-rawseqorcc/fastq/2024_Hyp03_Cont05_B54_gut_S96_R2_001.fastq.gz
  Output R1: /scratch4/workspace/jade_fiorilla_student_uml_edu-rawseqorcc/trim-galore-illumina/2024_Hyp03_Cont05_B54_gut_S96_R1_001_val_1.fq.gz
  Output R2: /scratch4/workspace/jade_fiorilla_student_uml_edu-rawseqorcc/trim-galore-illumina/2024_Hyp03_Cont05_B54_gut_S96_R2_001_val_2.fq.gz

=== Summary (Read 1) ===

Total reads processed:              1034630
Reads with adapters:                   3884 (0.4%)

=== Summary (Read 2) ===

Total reads processed:              1034630
Reads with adapters:                  18850 (1.8%)
R1 reads with poly-G trimmed:           270 (0.0%)
  R1 poly-G bases removed:            17386
R2 reads with poly-G trimmed:           192 (0.0%)
  R2 poly-G bases removed:            40876

=== Paired-end validation ===

Pairs analyzed:                     1034630
Pairs removed:                         3219 (0.3%)
Unpaired R1 kept:                      2965
Unpaired R2 kept:                       142
Report: /scratch4/workspace/jade_fiorilla_student_uml_edu-rawseqorcc/trim-galore-illumina/2024_Hyp03_Cont05_B54_gut_S96_R1_001.fastq.gz_trimming_report.txt
JSON report: /scratch4/workspace/jade_fiorilla_student_uml_edu-rawseqorcc/trim-galore-illumina/2024_Hyp03_Cont05_B54_gut_S96_R1_001.fastq.gz_trimming_report.json
Report: /scratch4/workspace/jade_fiorilla_student_uml_edu-rawseqorcc/trim-galore-illumina/2024_Hyp03_Cont05_B54_gut_S96_R2_001.fastq.gz_trimming_report.txt
JSON report: /scratch4/workspace/jade_fiorilla_student_uml_edu-rawseqorcc/trim-galore-illumina/2024_Hyp03_Cont05_B54_gut_S96_R2_001.fastq.gz_trimming_report.json

Running FastQC on /scratch4/workspace/jade_fiorilla_student_uml_edu-rawseqorcc/trim-galore-illumina/2024_Hyp03_Cont05_B54_gut_S96_R1_001_val_1.fq.gz

Running FastQC on /scratch4/workspace/jade_fiorilla_student_uml_edu-rawseqorcc/trim-galore-illumina/2024_Hyp03_Cont05_B54_gut_S96_R2_001_val_2.fq.gz
Running Trim Galore on: 2024_Hyp03_Hyp04_B41_gill_S156

Trim Galore v2.3.0
unknown — linux/x86_64 — built 2026-06-27T16:23:35Z
==================================================

Using 6 worker threads (parallel trim + compress)
Adapter: Illumina (AGATCGGAAGAGC)

Scanning for poly-G content...
Poly-G trimming: ENABLED (auto-detected). 163730 of 1000000 reads (16.37%) have poly-G tails (>=10bp) — consistent with 2-colour chemistry (NovaSeq/NextSeq). To disable: --no_poly_g
Trimming (paired-end):
  R1: /scratch4/workspace/jade_fiorilla_student_uml_edu-rawseqorcc/fastq/2024_Hyp03_Hyp04_B41_gill_S156_R1_001.fastq.gz
  R2: /scratch4/workspace/jade_fiorilla_student_uml_edu-rawseqorcc/fastq/2024_Hyp03_Hyp04_B41_gill_S156_R2_001.fastq.gz
  Output R1: /scratch4/workspace/jade_fiorilla_student_uml_edu-rawseqorcc/trim-galore-illumina/2024_Hyp03_Hyp04_B41_gill_S156_R1_001_val_1.fq.gz
  Output R2: /scratch4/workspace/jade_fiorilla_student_uml_edu-rawseqorcc/trim-galore-illumina/2024_Hyp03_Hyp04_B41_gill_S156_R2_001_val_2.fq.gz

=== Summary (Read 1) ===

Total reads processed:              1530057
Reads with adapters:                 123507 (8.1%)

=== Summary (Read 2) ===

Total reads processed:              1530057
Reads with adapters:                 267186 (17.5%)
R1 reads with poly-G trimmed:          1960 (0.1%)
  R1 poly-G bases removed:           289653
R2 reads with poly-G trimmed:           778 (0.1%)
  R2 poly-G bases removed:           138477

=== Paired-end validation ===

Pairs analyzed:                     1530057
Pairs removed:                         3545 (0.2%)
Unpaired R1 kept:                      3291
Unpaired R2 kept:                       132
Report: /scratch4/workspace/jade_fiorilla_student_uml_edu-rawseqorcc/trim-galore-illumina/2024_Hyp03_Hyp04_B41_gill_S156_R1_001.fastq.gz_trimming_report.txt
JSON report: /scratch4/workspace/jade_fiorilla_student_uml_edu-rawseqorcc/trim-galore-illumina/2024_Hyp03_Hyp04_B41_gill_S156_R1_001.fastq.gz_trimming_report.json
Report: /scratch4/workspace/jade_fiorilla_student_uml_edu-rawseqorcc/trim-galore-illumina/2024_Hyp03_Hyp04_B41_gill_S156_R2_001.fastq.gz_trimming_report.txt
JSON report: /scratch4/workspace/jade_fiorilla_student_uml_edu-rawseqorcc/trim-galore-illumina/2024_Hyp03_Hyp04_B41_gill_S156_R2_001.fastq.gz_trimming_report.json

Running FastQC on /scratch4/workspace/jade_fiorilla_student_uml_edu-rawseqorcc/trim-galore-illumina/2024_Hyp03_Hyp04_B41_gill_S156_R1_001_val_1.fq.gz

Running FastQC on /scratch4/workspace/jade_fiorilla_student_uml_edu-rawseqorcc/trim-galore-illumina/2024_Hyp03_Hyp04_B41_gill_S156_R2_001_val_2.fq.gz
Running Trim Galore on: 2024_Hyp03_Hyp04_B41_gut_S157

Trim Galore v2.3.0
unknown — linux/x86_64 — built 2026-06-27T16:23:35Z
==================================================

Using 6 worker threads (parallel trim + compress)
Adapter: Illumina (AGATCGGAAGAGC)

Scanning for poly-G content...
Poly-G trimming: ENABLED (auto-detected). 116289 of 1000000 reads (11.63%) have poly-G tails (>=10bp) — consistent with 2-colour chemistry (NovaSeq/NextSeq). To disable: --no_poly_g
Trimming (paired-end):
  R1: /scratch4/workspace/jade_fiorilla_student_uml_edu-rawseqorcc/fastq/2024_Hyp03_Hyp04_B41_gut_S157_R1_001.fastq.gz
  R2: /scratch4/workspace/jade_fiorilla_student_uml_edu-rawseqorcc/fastq/2024_Hyp03_Hyp04_B41_gut_S157_R2_001.fastq.gz
  Output R1: /scratch4/workspace/jade_fiorilla_student_uml_edu-rawseqorcc/trim-galore-illumina/2024_Hyp03_Hyp04_B41_gut_S157_R1_001_val_1.fq.gz
  Output R2: /scratch4/workspace/jade_fiorilla_student_uml_edu-rawseqorcc/trim-galore-illumina/2024_Hyp03_Hyp04_B41_gut_S157_R2_001_val_2.fq.gz

=== Summary (Read 1) ===

Total reads processed:              1096756
Reads with adapters:                  55801 (5.1%)

=== Summary (Read 2) ===

Total reads processed:              1096756
Reads with adapters:                 132815 (12.1%)
R1 reads with poly-G trimmed:          1056 (0.1%)
  R1 poly-G bases removed:           167563
R2 reads with poly-G trimmed:           430 (0.0%)
  R2 poly-G bases removed:            81320

=== Paired-end validation ===

Pairs analyzed:                     1096756
Pairs removed:                         2638 (0.2%)
Unpaired R1 kept:                      2446
Unpaired R2 kept:                        98
Report: /scratch4/workspace/jade_fiorilla_student_uml_edu-rawseqorcc/trim-galore-illumina/2024_Hyp03_Hyp04_B41_gut_S157_R1_001.fastq.gz_trimming_report.txt
JSON report: /scratch4/workspace/jade_fiorilla_student_uml_edu-rawseqorcc/trim-galore-illumina/2024_Hyp03_Hyp04_B41_gut_S157_R1_001.fastq.gz_trimming_report.json
Report: /scratch4/workspace/jade_fiorilla_student_uml_edu-rawseqorcc/trim-galore-illumina/2024_Hyp03_Hyp04_B41_gut_S157_R2_001.fastq.gz_trimming_report.txt
JSON report: /scratch4/workspace/jade_fiorilla_student_uml_edu-rawseqorcc/trim-galore-illumina/2024_Hyp03_Hyp04_B41_gut_S157_R2_001.fastq.gz_trimming_report.json

Running FastQC on /scratch4/workspace/jade_fiorilla_student_uml_edu-rawseqorcc/trim-galore-illumina/2024_Hyp03_Hyp04_B41_gut_S157_R1_001_val_1.fq.gz

Running FastQC on /scratch4/workspace/jade_fiorilla_student_uml_edu-rawseqorcc/trim-galore-illumina/2024_Hyp03_Hyp04_B41_gut_S157_R2_001_val_2.fq.gz
Running Trim Galore on: 2024_Hyp03_Hyp06_B66_gill_S253

Trim Galore v2.3.0
unknown — linux/x86_64 — built 2026-06-27T16:23:35Z
==================================================

Using 6 worker threads (parallel trim + compress)
Adapter: Illumina (AGATCGGAAGAGC)

Scanning for poly-G content...
Poly-G trimming: ENABLED (auto-detected). 16421 of 681584 reads (2.41%) have poly-G tails (>=10bp) — consistent with 2-colour chemistry (NovaSeq/NextSeq). To disable: --no_poly_g
Trimming (paired-end):
  R1: /scratch4/workspace/jade_fiorilla_student_uml_edu-rawseqorcc/fastq/2024_Hyp03_Hyp06_B66_gill_S253_R1_001.fastq.gz
  R2: /scratch4/workspace/jade_fiorilla_student_uml_edu-rawseqorcc/fastq/2024_Hyp03_Hyp06_B66_gill_S253_R2_001.fastq.gz
  Output R1: /scratch4/workspace/jade_fiorilla_student_uml_edu-rawseqorcc/trim-galore-illumina/2024_Hyp03_Hyp06_B66_gill_S253_R1_001_val_1.fq.gz
  Output R2: /scratch4/workspace/jade_fiorilla_student_uml_edu-rawseqorcc/trim-galore-illumina/2024_Hyp03_Hyp06_B66_gill_S253_R2_001_val_2.fq.gz

=== Summary (Read 1) ===

Total reads processed:               681584
Reads with adapters:                   8192 (1.2%)

=== Summary (Read 2) ===

Total reads processed:               681584
Reads with adapters:                  31799 (4.7%)
R1 reads with poly-G trimmed:           174 (0.0%)
  R1 poly-G bases removed:             5073
R2 reads with poly-G trimmed:           155 (0.0%)
  R2 poly-G bases removed:            25958

=== Paired-end validation ===

Pairs analyzed:                      681584
Pairs removed:                         2051 (0.3%)
Unpaired R1 kept:                      1951
Unpaired R2 kept:                        49
Report: /scratch4/workspace/jade_fiorilla_student_uml_edu-rawseqorcc/trim-galore-illumina/2024_Hyp03_Hyp06_B66_gill_S253_R1_001.fastq.gz_trimming_report.txt
JSON report: /scratch4/workspace/jade_fiorilla_student_uml_edu-rawseqorcc/trim-galore-illumina/2024_Hyp03_Hyp06_B66_gill_S253_R1_001.fastq.gz_trimming_report.json
Report: /scratch4/workspace/jade_fiorilla_student_uml_edu-rawseqorcc/trim-galore-illumina/2024_Hyp03_Hyp06_B66_gill_S253_R2_001.fastq.gz_trimming_report.txt
JSON report: /scratch4/workspace/jade_fiorilla_student_uml_edu-rawseqorcc/trim-galore-illumina/2024_Hyp03_Hyp06_B66_gill_S253_R2_001.fastq.gz_trimming_report.json

Running FastQC on /scratch4/workspace/jade_fiorilla_student_uml_edu-rawseqorcc/trim-galore-illumina/2024_Hyp03_Hyp06_B66_gill_S253_R1_001_val_1.fq.gz

Running FastQC on /scratch4/workspace/jade_fiorilla_student_uml_edu-rawseqorcc/trim-galore-illumina/2024_Hyp03_Hyp06_B66_gill_S253_R2_001_val_2.fq.gz
Running Trim Galore on: 2024_Hyp03_Hyp06_B66_gut_S56

Trim Galore v2.3.0
unknown — linux/x86_64 — built 2026-06-27T16:23:35Z
==================================================

Using 6 worker threads (parallel trim + compress)
Adapter: Illumina (AGATCGGAAGAGC)

Scanning for poly-G content...
Poly-G trimming: ENABLED (auto-detected). 533876 of 1000000 reads (53.39%) have poly-G tails (>=10bp) — consistent with 2-colour chemistry (NovaSeq/NextSeq). To disable: --no_poly_g
Trimming (paired-end):
  R1: /scratch4/workspace/jade_fiorilla_student_uml_edu-rawseqorcc/fastq/2024_Hyp03_Hyp06_B66_gut_S56_R1_001.fastq.gz
  R2: /scratch4/workspace/jade_fiorilla_student_uml_edu-rawseqorcc/fastq/2024_Hyp03_Hyp06_B66_gut_S56_R2_001.fastq.gz
  Output R1: /scratch4/workspace/jade_fiorilla_student_uml_edu-rawseqorcc/trim-galore-illumina/2024_Hyp03_Hyp06_B66_gut_S56_R1_001_val_1.fq.gz
  Output R2: /scratch4/workspace/jade_fiorilla_student_uml_edu-rawseqorcc/trim-galore-illumina/2024_Hyp03_Hyp06_B66_gut_S56_R2_001_val_2.fq.gz

=== Summary (Read 1) ===

Total reads processed:              1045968
Reads with adapters:                  12511 (1.2%)

=== Summary (Read 2) ===

Total reads processed:              1045968
Reads with adapters:                 566161 (54.1%)
R1 reads with poly-G trimmed:          5591 (0.5%)
  R1 poly-G bases removed:           585463
R2 reads with poly-G trimmed:          1458 (0.1%)
  R2 poly-G bases removed:           262006

=== Paired-end validation ===

Pairs analyzed:                     1045968
Pairs removed:                         3001 (0.3%)
Unpaired R1 kept:                      2724
Unpaired R2 kept:                        91
Report: /scratch4/workspace/jade_fiorilla_student_uml_edu-rawseqorcc/trim-galore-illumina/2024_Hyp03_Hyp06_B66_gut_S56_R1_001.fastq.gz_trimming_report.txt
JSON report: /scratch4/workspace/jade_fiorilla_student_uml_edu-rawseqorcc/trim-galore-illumina/2024_Hyp03_Hyp06_B66_gut_S56_R1_001.fastq.gz_trimming_report.json
Report: /scratch4/workspace/jade_fiorilla_student_uml_edu-rawseqorcc/trim-galore-illumina/2024_Hyp03_Hyp06_B66_gut_S56_R2_001.fastq.gz_trimming_report.txt
JSON report: /scratch4/workspace/jade_fiorilla_student_uml_edu-rawseqorcc/trim-galore-illumina/2024_Hyp03_Hyp06_B66_gut_S56_R2_001.fastq.gz_trimming_report.json

Running FastQC on /scratch4/workspace/jade_fiorilla_student_uml_edu-rawseqorcc/trim-galore-illumina/2024_Hyp03_Hyp06_B66_gut_S56_R1_001_val_1.fq.gz

Running FastQC on /scratch4/workspace/jade_fiorilla_student_uml_edu-rawseqorcc/trim-galore-illumina/2024_Hyp03_Hyp06_B66_gut_S56_R2_001_val_2.fq.gz
Running Trim Galore on: 2024_Hyp03_Null_B18_gill_S182

Trim Galore v2.3.0
unknown — linux/x86_64 — built 2026-06-27T16:23:35Z
==================================================

Using 6 worker threads (parallel trim + compress)
Adapter: Illumina (AGATCGGAAGAGC)

Scanning for poly-G content...
Poly-G trimming: ENABLED (auto-detected). 763934 of 1000000 reads (76.39%) have poly-G tails (>=10bp) — consistent with 2-colour chemistry (NovaSeq/NextSeq). To disable: --no_poly_g
Trimming (paired-end):
  R1: /scratch4/workspace/jade_fiorilla_student_uml_edu-rawseqorcc/fastq/2024_Hyp03_Null_B18_gill_S182_R1_001.fastq.gz
  R2: /scratch4/workspace/jade_fiorilla_student_uml_edu-rawseqorcc/fastq/2024_Hyp03_Null_B18_gill_S182_R2_001.fastq.gz
  Output R1: /scratch4/workspace/jade_fiorilla_student_uml_edu-rawseqorcc/trim-galore-illumina/2024_Hyp03_Null_B18_gill_S182_R1_001_val_1.fq.gz
  Output R2: /scratch4/workspace/jade_fiorilla_student_uml_edu-rawseqorcc/trim-galore-illumina/2024_Hyp03_Null_B18_gill_S182_R2_001_val_2.fq.gz

=== Summary (Read 1) ===

Total reads processed:              2339041
Reads with adapters:                 432788 (18.5%)

=== Summary (Read 2) ===

Total reads processed:              2339041
Reads with adapters:                1831776 (78.3%)
R1 reads with poly-G trimmed:          8755 (0.4%)
  R1 poly-G bases removed:          1613695
R2 reads with poly-G trimmed:          4433 (0.2%)
  R2 poly-G bases removed:           812387

=== Paired-end validation ===

Pairs analyzed:                     2339041
Pairs removed:                         5196 (0.2%)
Unpaired R1 kept:                      4852
Unpaired R2 kept:                        85
Report: /scratch4/workspace/jade_fiorilla_student_uml_edu-rawseqorcc/trim-galore-illumina/2024_Hyp03_Null_B18_gill_S182_R1_001.fastq.gz_trimming_report.txt
JSON report: /scratch4/workspace/jade_fiorilla_student_uml_edu-rawseqorcc/trim-galore-illumina/2024_Hyp03_Null_B18_gill_S182_R1_001.fastq.gz_trimming_report.json
Report: /scratch4/workspace/jade_fiorilla_student_uml_edu-rawseqorcc/trim-galore-illumina/2024_Hyp03_Null_B18_gill_S182_R2_001.fastq.gz_trimming_report.txt
JSON report: /scratch4/workspace/jade_fiorilla_student_uml_edu-rawseqorcc/trim-galore-illumina/2024_Hyp03_Null_B18_gill_S182_R2_001.fastq.gz_trimming_report.json

Running FastQC on /scratch4/workspace/jade_fiorilla_student_uml_edu-rawseqorcc/trim-galore-illumina/2024_Hyp03_Null_B18_gill_S182_R1_001_val_1.fq.gz

Running FastQC on /scratch4/workspace/jade_fiorilla_student_uml_edu-rawseqorcc/trim-galore-illumina/2024_Hyp03_Null_B18_gill_S182_R2_001_val_2.fq.gz
Running Trim Galore on: 2024_Hyp03_Null_B18_gut_S86

Trim Galore v2.3.0
unknown — linux/x86_64 — built 2026-06-27T16:23:35Z
==================================================

Using 6 worker threads (parallel trim + compress)
Adapter: Illumina (AGATCGGAAGAGC)

Scanning for poly-G content...
Poly-G trimming: ENABLED (auto-detected). 436671 of 833098 reads (52.42%) have poly-G tails (>=10bp) — consistent with 2-colour chemistry (NovaSeq/NextSeq). To disable: --no_poly_g
Trimming (paired-end):
  R1: /scratch4/workspace/jade_fiorilla_student_uml_edu-rawseqorcc/fastq/2024_Hyp03_Null_B18_gut_S86_R1_001.fastq.gz
  R2: /scratch4/workspace/jade_fiorilla_student_uml_edu-rawseqorcc/fastq/2024_Hyp03_Null_B18_gut_S86_R2_001.fastq.gz
  Output R1: /scratch4/workspace/jade_fiorilla_student_uml_edu-rawseqorcc/trim-galore-illumina/2024_Hyp03_Null_B18_gut_S86_R1_001_val_1.fq.gz
  Output R2: /scratch4/workspace/jade_fiorilla_student_uml_edu-rawseqorcc/trim-galore-illumina/2024_Hyp03_Null_B18_gut_S86_R2_001_val_2.fq.gz

=== Summary (Read 1) ===

Total reads processed:               833098
Reads with adapters:                  83700 (10.0%)

=== Summary (Read 2) ===

Total reads processed:               833098
Reads with adapters:                 438864 (52.7%)
R1 reads with poly-G trimmed:          1975 (0.2%)
  R1 poly-G bases removed:           351528
R2 reads with poly-G trimmed:          1108 (0.1%)
  R2 poly-G bases removed:           199309

=== Paired-end validation ===

Pairs analyzed:                      833098
Pairs removed:                         2409 (0.3%)
Unpaired R1 kept:                      2206
Unpaired R2 kept:                        60
Report: /scratch4/workspace/jade_fiorilla_student_uml_edu-rawseqorcc/trim-galore-illumina/2024_Hyp03_Null_B18_gut_S86_R1_001.fastq.gz_trimming_report.txt
JSON report: /scratch4/workspace/jade_fiorilla_student_uml_edu-rawseqorcc/trim-galore-illumina/2024_Hyp03_Null_B18_gut_S86_R1_001.fastq.gz_trimming_report.json
Report: /scratch4/workspace/jade_fiorilla_student_uml_edu-rawseqorcc/trim-galore-illumina/2024_Hyp03_Null_B18_gut_S86_R2_001.fastq.gz_trimming_report.txt
JSON report: /scratch4/workspace/jade_fiorilla_student_uml_edu-rawseqorcc/trim-galore-illumina/2024_Hyp03_Null_B18_gut_S86_R2_001.fastq.gz_trimming_report.json

Running FastQC on /scratch4/workspace/jade_fiorilla_student_uml_edu-rawseqorcc/trim-galore-illumina/2024_Hyp03_Null_B18_gut_S86_R1_001_val_1.fq.gz

Running FastQC on /scratch4/workspace/jade_fiorilla_student_uml_edu-rawseqorcc/trim-galore-illumina/2024_Hyp03_Null_B18_gut_S86_R2_001_val_2.fq.gz
Running Trim Galore on: 2024_Hyp03_Warm03_B30_gill_S210

Trim Galore v2.3.0
unknown — linux/x86_64 — built 2026-06-27T16:23:35Z
==================================================

Using 6 worker threads (parallel trim + compress)
Adapter: Illumina (AGATCGGAAGAGC)

Scanning for poly-G content...
Poly-G trimming: ENABLED (auto-detected). 902 of 1000000 reads (0.09%) have poly-G tails (>=10bp) — consistent with 2-colour chemistry (NovaSeq/NextSeq). To disable: --no_poly_g
Trimming (paired-end):
  R1: /scratch4/workspace/jade_fiorilla_student_uml_edu-rawseqorcc/fastq/2024_Hyp03_Warm03_B30_gill_S210_R1_001.fastq.gz
  R2: /scratch4/workspace/jade_fiorilla_student_uml_edu-rawseqorcc/fastq/2024_Hyp03_Warm03_B30_gill_S210_R2_001.fastq.gz
  Output R1: /scratch4/workspace/jade_fiorilla_student_uml_edu-rawseqorcc/trim-galore-illumina/2024_Hyp03_Warm03_B30_gill_S210_R1_001_val_1.fq.gz
  Output R2: /scratch4/workspace/jade_fiorilla_student_uml_edu-rawseqorcc/trim-galore-illumina/2024_Hyp03_Warm03_B30_gill_S210_R2_001_val_2.fq.gz

=== Summary (Read 1) ===

Total reads processed:              2107768
Reads with adapters:                  25248 (1.2%)

=== Summary (Read 2) ===

Total reads processed:              2107768
Reads with adapters:                  26938 (1.3%)
R1 reads with poly-G trimmed:            73 (0.0%)
  R1 poly-G bases removed:             2024
R2 reads with poly-G trimmed:           162 (0.0%)
  R2 poly-G bases removed:            24336

=== Paired-end validation ===

Pairs analyzed:                     2107768
Pairs removed:                         2941 (0.1%)
Unpaired R1 kept:                      2709
Unpaired R2 kept:                       103
Report: /scratch4/workspace/jade_fiorilla_student_uml_edu-rawseqorcc/trim-galore-illumina/2024_Hyp03_Warm03_B30_gill_S210_R1_001.fastq.gz_trimming_report.txt
JSON report: /scratch4/workspace/jade_fiorilla_student_uml_edu-rawseqorcc/trim-galore-illumina/2024_Hyp03_Warm03_B30_gill_S210_R1_001.fastq.gz_trimming_report.json
Report: /scratch4/workspace/jade_fiorilla_student_uml_edu-rawseqorcc/trim-galore-illumina/2024_Hyp03_Warm03_B30_gill_S210_R2_001.fastq.gz_trimming_report.txt
JSON report: /scratch4/workspace/jade_fiorilla_student_uml_edu-rawseqorcc/trim-galore-illumina/2024_Hyp03_Warm03_B30_gill_S210_R2_001.fastq.gz_trimming_report.json

Running FastQC on /scratch4/workspace/jade_fiorilla_student_uml_edu-rawseqorcc/trim-galore-illumina/2024_Hyp03_Warm03_B30_gill_S210_R1_001_val_1.fq.gz

Running FastQC on /scratch4/workspace/jade_fiorilla_student_uml_edu-rawseqorcc/trim-galore-illumina/2024_Hyp03_Warm03_B30_gill_S210_R2_001_val_2.fq.gz
Running Trim Galore on: 2024_Hyp03_Warm03_B30_gut_S135

Trim Galore v2.3.0
unknown — linux/x86_64 — built 2026-06-27T16:23:35Z
==================================================

Using 6 worker threads (parallel trim + compress)
Adapter: Illumina (AGATCGGAAGAGC)

Scanning for poly-G content...
Poly-G trimming: ENABLED (auto-detected). 338244 of 1000000 reads (33.82%) have poly-G tails (>=10bp) — consistent with 2-colour chemistry (NovaSeq/NextSeq). To disable: --no_poly_g
Trimming (paired-end):
  R1: /scratch4/workspace/jade_fiorilla_student_uml_edu-rawseqorcc/fastq/2024_Hyp03_Warm03_B30_gut_S135_R1_001.fastq.gz
  R2: /scratch4/workspace/jade_fiorilla_student_uml_edu-rawseqorcc/fastq/2024_Hyp03_Warm03_B30_gut_S135_R2_001.fastq.gz
  Output R1: /scratch4/workspace/jade_fiorilla_student_uml_edu-rawseqorcc/trim-galore-illumina/2024_Hyp03_Warm03_B30_gut_S135_R1_001_val_1.fq.gz
  Output R2: /scratch4/workspace/jade_fiorilla_student_uml_edu-rawseqorcc/trim-galore-illumina/2024_Hyp03_Warm03_B30_gut_S135_R2_001_val_2.fq.gz

=== Summary (Read 1) ===

Total reads processed:              1691598
Reads with adapters:                 100830 (6.0%)

=== Summary (Read 2) ===

Total reads processed:              1691598
Reads with adapters:                 596577 (35.3%)
R1 reads with poly-G trimmed:         10153 (0.6%)
  R1 poly-G bases removed:           407031
R2 reads with poly-G trimmed:          1445 (0.1%)
  R2 poly-G bases removed:           222505

=== Paired-end validation ===

Pairs analyzed:                     1691598
Pairs removed:                         5726 (0.3%)
Unpaired R1 kept:                      5214
Unpaired R2 kept:                       251
Report: /scratch4/workspace/jade_fiorilla_student_uml_edu-rawseqorcc/trim-galore-illumina/2024_Hyp03_Warm03_B30_gut_S135_R1_001.fastq.gz_trimming_report.txt
JSON report: /scratch4/workspace/jade_fiorilla_student_uml_edu-rawseqorcc/trim-galore-illumina/2024_Hyp03_Warm03_B30_gut_S135_R1_001.fastq.gz_trimming_report.json
Report: /scratch4/workspace/jade_fiorilla_student_uml_edu-rawseqorcc/trim-galore-illumina/2024_Hyp03_Warm03_B30_gut_S135_R2_001.fastq.gz_trimming_report.txt
JSON report: /scratch4/workspace/jade_fiorilla_student_uml_edu-rawseqorcc/trim-galore-illumina/2024_Hyp03_Warm03_B30_gut_S135_R2_001.fastq.gz_trimming_report.json

Running FastQC on /scratch4/workspace/jade_fiorilla_student_uml_edu-rawseqorcc/trim-galore-illumina/2024_Hyp03_Warm03_B30_gut_S135_R1_001_val_1.fq.gz

Running FastQC on /scratch4/workspace/jade_fiorilla_student_uml_edu-rawseqorcc/trim-galore-illumina/2024_Hyp03_Warm03_B30_gut_S135_R2_001_val_2.fq.gz
Running Trim Galore on: 2024_Hyp03_Warm06_B66_gill_S207

Trim Galore v2.3.0
unknown — linux/x86_64 — built 2026-06-27T16:23:35Z
==================================================

Using 6 worker threads (parallel trim + compress)
Adapter: Illumina (AGATCGGAAGAGC)

Scanning for poly-G content...
Poly-G trimming: ENABLED (auto-detected). 19700 of 1000000 reads (1.97%) have poly-G tails (>=10bp) — consistent with 2-colour chemistry (NovaSeq/NextSeq). To disable: --no_poly_g
Trimming (paired-end):
  R1: /scratch4/workspace/jade_fiorilla_student_uml_edu-rawseqorcc/fastq/2024_Hyp03_Warm06_B66_gill_S207_R1_001.fastq.gz
  R2: /scratch4/workspace/jade_fiorilla_student_uml_edu-rawseqorcc/fastq/2024_Hyp03_Warm06_B66_gill_S207_R2_001.fastq.gz
  Output R1: /scratch4/workspace/jade_fiorilla_student_uml_edu-rawseqorcc/trim-galore-illumina/2024_Hyp03_Warm06_B66_gill_S207_R1_001_val_1.fq.gz
  Output R2: /scratch4/workspace/jade_fiorilla_student_uml_edu-rawseqorcc/trim-galore-illumina/2024_Hyp03_Warm06_B66_gill_S207_R2_001_val_2.fq.gz

=== Summary (Read 1) ===

Total reads processed:              1803614
Reads with adapters:                  65540 (3.6%)

=== Summary (Read 2) ===

Total reads processed:              1803614
Reads with adapters:                  82045 (4.5%)
R1 reads with poly-G trimmed:           293 (0.0%)
  R1 poly-G bases removed:            34180
R2 reads with poly-G trimmed:           180 (0.0%)
  R2 poly-G bases removed:            33368

=== Paired-end validation ===

Pairs analyzed:                     1803614
Pairs removed:                         2501 (0.1%)
Unpaired R1 kept:                      2304
Unpaired R2 kept:                       107
Report: /scratch4/workspace/jade_fiorilla_student_uml_edu-rawseqorcc/trim-galore-illumina/2024_Hyp03_Warm06_B66_gill_S207_R1_001.fastq.gz_trimming_report.txt
JSON report: /scratch4/workspace/jade_fiorilla_student_uml_edu-rawseqorcc/trim-galore-illumina/2024_Hyp03_Warm06_B66_gill_S207_R1_001.fastq.gz_trimming_report.json
Report: /scratch4/workspace/jade_fiorilla_student_uml_edu-rawseqorcc/trim-galore-illumina/2024_Hyp03_Warm06_B66_gill_S207_R2_001.fastq.gz_trimming_report.txt
JSON report: /scratch4/workspace/jade_fiorilla_student_uml_edu-rawseqorcc/trim-galore-illumina/2024_Hyp03_Warm06_B66_gill_S207_R2_001.fastq.gz_trimming_report.json

Running FastQC on /scratch4/workspace/jade_fiorilla_student_uml_edu-rawseqorcc/trim-galore-illumina/2024_Hyp03_Warm06_B66_gill_S207_R1_001_val_1.fq.gz

Running FastQC on /scratch4/workspace/jade_fiorilla_student_uml_edu-rawseqorcc/trim-galore-illumina/2024_Hyp03_Warm06_B66_gill_S207_R2_001_val_2.fq.gz
Running Trim Galore on: 2024_Hyp03_Warm06_B66_gut_S15

Trim Galore v2.3.0
unknown — linux/x86_64 — built 2026-06-27T16:23:35Z
==================================================

Using 6 worker threads (parallel trim + compress)
Adapter: Illumina (AGATCGGAAGAGC)

Scanning for poly-G content...
Poly-G trimming: ENABLED (auto-detected). 200127 of 627744 reads (31.88%) have poly-G tails (>=10bp) — consistent with 2-colour chemistry (NovaSeq/NextSeq). To disable: --no_poly_g
Trimming (paired-end):
  R1: /scratch4/workspace/jade_fiorilla_student_uml_edu-rawseqorcc/fastq/2024_Hyp03_Warm06_B66_gut_S15_R1_001.fastq.gz
  R2: /scratch4/workspace/jade_fiorilla_student_uml_edu-rawseqorcc/fastq/2024_Hyp03_Warm06_B66_gut_S15_R2_001.fastq.gz
  Output R1: /scratch4/workspace/jade_fiorilla_student_uml_edu-rawseqorcc/trim-galore-illumina/2024_Hyp03_Warm06_B66_gut_S15_R1_001_val_1.fq.gz
  Output R2: /scratch4/workspace/jade_fiorilla_student_uml_edu-rawseqorcc/trim-galore-illumina/2024_Hyp03_Warm06_B66_gut_S15_R2_001_val_2.fq.gz

=== Summary (Read 1) ===

Total reads processed:               627744
Reads with adapters:                  11387 (1.8%)

=== Summary (Read 2) ===

Total reads processed:               627744
Reads with adapters:                 206095 (32.8%)
R1 reads with poly-G trimmed:          6049 (1.0%)
  R1 poly-G bases removed:           263962
R2 reads with poly-G trimmed:           482 (0.1%)
  R2 poly-G bases removed:            74976

=== Paired-end validation ===

Pairs analyzed:                      627744
Pairs removed:                         1732 (0.3%)
Unpaired R1 kept:                      1623
Unpaired R2 kept:                        61
Report: /scratch4/workspace/jade_fiorilla_student_uml_edu-rawseqorcc/trim-galore-illumina/2024_Hyp03_Warm06_B66_gut_S15_R1_001.fastq.gz_trimming_report.txt
JSON report: /scratch4/workspace/jade_fiorilla_student_uml_edu-rawseqorcc/trim-galore-illumina/2024_Hyp03_Warm06_B66_gut_S15_R1_001.fastq.gz_trimming_report.json
Report: /scratch4/workspace/jade_fiorilla_student_uml_edu-rawseqorcc/trim-galore-illumina/2024_Hyp03_Warm06_B66_gut_S15_R2_001.fastq.gz_trimming_report.txt
JSON report: /scratch4/workspace/jade_fiorilla_student_uml_edu-rawseqorcc/trim-galore-illumina/2024_Hyp03_Warm06_B66_gut_S15_R2_001.fastq.gz_trimming_report.json

Running FastQC on /scratch4/workspace/jade_fiorilla_student_uml_edu-rawseqorcc/trim-galore-illumina/2024_Hyp03_Warm06_B66_gut_S15_R1_001_val_1.fq.gz

Running FastQC on /scratch4/workspace/jade_fiorilla_student_uml_edu-rawseqorcc/trim-galore-illumina/2024_Hyp03_Warm06_B66_gut_S15_R2_001_val_2.fq.gz
Running Trim Galore on: 2024_Hyp04_Hyp02_B19_gill_S186

Trim Galore v2.3.0
unknown — linux/x86_64 — built 2026-06-27T16:23:35Z
==================================================

Using 6 worker threads (parallel trim + compress)
Adapter: Illumina (AGATCGGAAGAGC)

Scanning for poly-G content...
Poly-G trimming: ENABLED (auto-detected). 681120 of 1000000 reads (68.11%) have poly-G tails (>=10bp) — consistent with 2-colour chemistry (NovaSeq/NextSeq). To disable: --no_poly_g
Trimming (paired-end):
  R1: /scratch4/workspace/jade_fiorilla_student_uml_edu-rawseqorcc/fastq/2024_Hyp04_Hyp02_B19_gill_S186_R1_001.fastq.gz
  R2: /scratch4/workspace/jade_fiorilla_student_uml_edu-rawseqorcc/fastq/2024_Hyp04_Hyp02_B19_gill_S186_R2_001.fastq.gz
  Output R1: /scratch4/workspace/jade_fiorilla_student_uml_edu-rawseqorcc/trim-galore-illumina/2024_Hyp04_Hyp02_B19_gill_S186_R1_001_val_1.fq.gz
  Output R2: /scratch4/workspace/jade_fiorilla_student_uml_edu-rawseqorcc/trim-galore-illumina/2024_Hyp04_Hyp02_B19_gill_S186_R2_001_val_2.fq.gz

=== Summary (Read 1) ===

Total reads processed:              2100937
Reads with adapters:                  50313 (2.4%)

=== Summary (Read 2) ===

Total reads processed:              2100937
Reads with adapters:                1465557 (69.8%)
R1 reads with poly-G trimmed:          7394 (0.4%)
  R1 poly-G bases removed:          1054694
R2 reads with poly-G trimmed:          3662 (0.2%)
  R2 poly-G bases removed:           569934

=== Paired-end validation ===

Pairs analyzed:                     2100937
Pairs removed:                         5844 (0.3%)
Unpaired R1 kept:                      5524
Unpaired R2 kept:                       115
Report: /scratch4/workspace/jade_fiorilla_student_uml_edu-rawseqorcc/trim-galore-illumina/2024_Hyp04_Hyp02_B19_gill_S186_R1_001.fastq.gz_trimming_report.txt
JSON report: /scratch4/workspace/jade_fiorilla_student_uml_edu-rawseqorcc/trim-galore-illumina/2024_Hyp04_Hyp02_B19_gill_S186_R1_001.fastq.gz_trimming_report.json
Report: /scratch4/workspace/jade_fiorilla_student_uml_edu-rawseqorcc/trim-galore-illumina/2024_Hyp04_Hyp02_B19_gill_S186_R2_001.fastq.gz_trimming_report.txt
JSON report: /scratch4/workspace/jade_fiorilla_student_uml_edu-rawseqorcc/trim-galore-illumina/2024_Hyp04_Hyp02_B19_gill_S186_R2_001.fastq.gz_trimming_report.json

Running FastQC on /scratch4/workspace/jade_fiorilla_student_uml_edu-rawseqorcc/trim-galore-illumina/2024_Hyp04_Hyp02_B19_gill_S186_R1_001_val_1.fq.gz

Running FastQC on /scratch4/workspace/jade_fiorilla_student_uml_edu-rawseqorcc/trim-galore-illumina/2024_Hyp04_Hyp02_B19_gill_S186_R2_001_val_2.fq.gz
Running Trim Galore on: 2024_Hyp04_Hyp02_B19_gut_S16

Trim Galore v2.3.0
unknown — linux/x86_64 — built 2026-06-27T16:23:35Z
==================================================

Using 6 worker threads (parallel trim + compress)
Adapter: Illumina (AGATCGGAAGAGC)

Scanning for poly-G content...
Poly-G trimming: ENABLED (auto-detected). 102183 of 644153 reads (15.86%) have poly-G tails (>=10bp) — consistent with 2-colour chemistry (NovaSeq/NextSeq). To disable: --no_poly_g
Trimming (paired-end):
  R1: /scratch4/workspace/jade_fiorilla_student_uml_edu-rawseqorcc/fastq/2024_Hyp04_Hyp02_B19_gut_S16_R1_001.fastq.gz
  R2: /scratch4/workspace/jade_fiorilla_student_uml_edu-rawseqorcc/fastq/2024_Hyp04_Hyp02_B19_gut_S16_R2_001.fastq.gz
  Output R1: /scratch4/workspace/jade_fiorilla_student_uml_edu-rawseqorcc/trim-galore-illumina/2024_Hyp04_Hyp02_B19_gut_S16_R1_001_val_1.fq.gz
  Output R2: /scratch4/workspace/jade_fiorilla_student_uml_edu-rawseqorcc/trim-galore-illumina/2024_Hyp04_Hyp02_B19_gut_S16_R2_001_val_2.fq.gz

=== Summary (Read 1) ===

Total reads processed:               644153
Reads with adapters:                   4668 (0.7%)

=== Summary (Read 2) ===

Total reads processed:               644153
Reads with adapters:                 105015 (16.3%)
R1 reads with poly-G trimmed:          3292 (0.5%)
  R1 poly-G bases removed:           118094
R2 reads with poly-G trimmed:           347 (0.1%)
  R2 poly-G bases removed:            64779

=== Paired-end validation ===

Pairs analyzed:                      644153
Pairs removed:                         1890 (0.3%)
Unpaired R1 kept:                      1762
Unpaired R2 kept:                        68
Report: /scratch4/workspace/jade_fiorilla_student_uml_edu-rawseqorcc/trim-galore-illumina/2024_Hyp04_Hyp02_B19_gut_S16_R1_001.fastq.gz_trimming_report.txt
JSON report: /scratch4/workspace/jade_fiorilla_student_uml_edu-rawseqorcc/trim-galore-illumina/2024_Hyp04_Hyp02_B19_gut_S16_R1_001.fastq.gz_trimming_report.json
Report: /scratch4/workspace/jade_fiorilla_student_uml_edu-rawseqorcc/trim-galore-illumina/2024_Hyp04_Hyp02_B19_gut_S16_R2_001.fastq.gz_trimming_report.txt
JSON report: /scratch4/workspace/jade_fiorilla_student_uml_edu-rawseqorcc/trim-galore-illumina/2024_Hyp04_Hyp02_B19_gut_S16_R2_001.fastq.gz_trimming_report.json

Running FastQC on /scratch4/workspace/jade_fiorilla_student_uml_edu-rawseqorcc/trim-galore-illumina/2024_Hyp04_Hyp02_B19_gut_S16_R1_001_val_1.fq.gz

Running FastQC on /scratch4/workspace/jade_fiorilla_student_uml_edu-rawseqorcc/trim-galore-illumina/2024_Hyp04_Hyp02_B19_gut_S16_R2_001_val_2.fq.gz
Running Trim Galore on: 2024_Hyp04_Null_B28_gill_S256

Trim Galore v2.3.0
unknown — linux/x86_64 — built 2026-06-27T16:23:35Z
==================================================

Using 6 worker threads (parallel trim + compress)
Adapter: Illumina (AGATCGGAAGAGC)

Scanning for poly-G content...
Poly-G trimming: ENABLED (auto-detected). 36639 of 641993 reads (5.71%) have poly-G tails (>=10bp) — consistent with 2-colour chemistry (NovaSeq/NextSeq). To disable: --no_poly_g
Trimming (paired-end):
  R1: /scratch4/workspace/jade_fiorilla_student_uml_edu-rawseqorcc/fastq/2024_Hyp04_Null_B28_gill_S256_R1_001.fastq.gz
  R2: /scratch4/workspace/jade_fiorilla_student_uml_edu-rawseqorcc/fastq/2024_Hyp04_Null_B28_gill_S256_R2_001.fastq.gz
  Output R1: /scratch4/workspace/jade_fiorilla_student_uml_edu-rawseqorcc/trim-galore-illumina/2024_Hyp04_Null_B28_gill_S256_R1_001_val_1.fq.gz
  Output R2: /scratch4/workspace/jade_fiorilla_student_uml_edu-rawseqorcc/trim-galore-illumina/2024_Hyp04_Null_B28_gill_S256_R2_001_val_2.fq.gz

=== Summary (Read 1) ===

Total reads processed:               641993
Reads with adapters:                  25300 (3.9%)

=== Summary (Read 2) ===

Total reads processed:               641993
Reads with adapters:                  44194 (6.9%)
R1 reads with poly-G trimmed:           278 (0.0%)
  R1 poly-G bases removed:            17059
R2 reads with poly-G trimmed:           154 (0.0%)
  R2 poly-G bases removed:            25971

=== Paired-end validation ===

Pairs analyzed:                      641993
Pairs removed:                         1752 (0.3%)
Unpaired R1 kept:                      1660
Unpaired R2 kept:                        49
Report: /scratch4/workspace/jade_fiorilla_student_uml_edu-rawseqorcc/trim-galore-illumina/2024_Hyp04_Null_B28_gill_S256_R1_001.fastq.gz_trimming_report.txt
JSON report: /scratch4/workspace/jade_fiorilla_student_uml_edu-rawseqorcc/trim-galore-illumina/2024_Hyp04_Null_B28_gill_S256_R1_001.fastq.gz_trimming_report.json
Report: /scratch4/workspace/jade_fiorilla_student_uml_edu-rawseqorcc/trim-galore-illumina/2024_Hyp04_Null_B28_gill_S256_R2_001.fastq.gz_trimming_report.txt
JSON report: /scratch4/workspace/jade_fiorilla_student_uml_edu-rawseqorcc/trim-galore-illumina/2024_Hyp04_Null_B28_gill_S256_R2_001.fastq.gz_trimming_report.json

Running FastQC on /scratch4/workspace/jade_fiorilla_student_uml_edu-rawseqorcc/trim-galore-illumina/2024_Hyp04_Null_B28_gill_S256_R1_001_val_1.fq.gz

Running FastQC on /scratch4/workspace/jade_fiorilla_student_uml_edu-rawseqorcc/trim-galore-illumina/2024_Hyp04_Null_B28_gill_S256_R2_001_val_2.fq.gz
Running Trim Galore on: 2024_Hyp04_Null_B28_gut_S87

Trim Galore v2.3.0
unknown — linux/x86_64 — built 2026-06-27T16:23:35Z
==================================================

Using 6 worker threads (parallel trim + compress)
Adapter: Illumina (AGATCGGAAGAGC)

Scanning for poly-G content...
Poly-G trimming: ENABLED (auto-detected). 473508 of 905112 reads (52.31%) have poly-G tails (>=10bp) — consistent with 2-colour chemistry (NovaSeq/NextSeq). To disable: --no_poly_g
Trimming (paired-end):
  R1: /scratch4/workspace/jade_fiorilla_student_uml_edu-rawseqorcc/fastq/2024_Hyp04_Null_B28_gut_S87_R1_001.fastq.gz
  R2: /scratch4/workspace/jade_fiorilla_student_uml_edu-rawseqorcc/fastq/2024_Hyp04_Null_B28_gut_S87_R2_001.fastq.gz
  Output R1: /scratch4/workspace/jade_fiorilla_student_uml_edu-rawseqorcc/trim-galore-illumina/2024_Hyp04_Null_B28_gut_S87_R1_001_val_1.fq.gz
  Output R2: /scratch4/workspace/jade_fiorilla_student_uml_edu-rawseqorcc/trim-galore-illumina/2024_Hyp04_Null_B28_gut_S87_R2_001_val_2.fq.gz

=== Summary (Read 1) ===

Total reads processed:               905112
Reads with adapters:                  69226 (7.6%)

=== Summary (Read 2) ===

Total reads processed:               905112
Reads with adapters:                 478440 (52.9%)
R1 reads with poly-G trimmed:          2932 (0.3%)
  R1 poly-G bases removed:           432041
R2 reads with poly-G trimmed:          1202 (0.1%)
  R2 poly-G bases removed:           215960

=== Paired-end validation ===

Pairs analyzed:                      905112
Pairs removed:                         2443 (0.3%)
Unpaired R1 kept:                      2216
Unpaired R2 kept:                        75
Report: /scratch4/workspace/jade_fiorilla_student_uml_edu-rawseqorcc/trim-galore-illumina/2024_Hyp04_Null_B28_gut_S87_R1_001.fastq.gz_trimming_report.txt
JSON report: /scratch4/workspace/jade_fiorilla_student_uml_edu-rawseqorcc/trim-galore-illumina/2024_Hyp04_Null_B28_gut_S87_R1_001.fastq.gz_trimming_report.json
Report: /scratch4/workspace/jade_fiorilla_student_uml_edu-rawseqorcc/trim-galore-illumina/2024_Hyp04_Null_B28_gut_S87_R2_001.fastq.gz_trimming_report.txt
JSON report: /scratch4/workspace/jade_fiorilla_student_uml_edu-rawseqorcc/trim-galore-illumina/2024_Hyp04_Null_B28_gut_S87_R2_001.fastq.gz_trimming_report.json

Running FastQC on /scratch4/workspace/jade_fiorilla_student_uml_edu-rawseqorcc/trim-galore-illumina/2024_Hyp04_Null_B28_gut_S87_R1_001_val_1.fq.gz

Running FastQC on /scratch4/workspace/jade_fiorilla_student_uml_edu-rawseqorcc/trim-galore-illumina/2024_Hyp04_Null_B28_gut_S87_R2_001_val_2.fq.gz
Running Trim Galore on: 2024_Hyp04_Warm01_B7_gill_S17

Trim Galore v2.3.0
unknown — linux/x86_64 — built 2026-06-27T16:23:35Z
==================================================

Using 6 worker threads (parallel trim + compress)
Adapter: Illumina (AGATCGGAAGAGC)

Scanning for poly-G content...
Poly-G trimming: ENABLED (auto-detected). 131615 of 988119 reads (13.32%) have poly-G tails (>=10bp) — consistent with 2-colour chemistry (NovaSeq/NextSeq). To disable: --no_poly_g
Trimming (paired-end):
  R1: /scratch4/workspace/jade_fiorilla_student_uml_edu-rawseqorcc/fastq/2024_Hyp04_Warm01_B7_gill_S17_R1_001.fastq.gz
  R2: /scratch4/workspace/jade_fiorilla_student_uml_edu-rawseqorcc/fastq/2024_Hyp04_Warm01_B7_gill_S17_R2_001.fastq.gz
  Output R1: /scratch4/workspace/jade_fiorilla_student_uml_edu-rawseqorcc/trim-galore-illumina/2024_Hyp04_Warm01_B7_gill_S17_R1_001_val_1.fq.gz
  Output R2: /scratch4/workspace/jade_fiorilla_student_uml_edu-rawseqorcc/trim-galore-illumina/2024_Hyp04_Warm01_B7_gill_S17_R2_001_val_2.fq.gz

=== Summary (Read 1) ===

Total reads processed:               988119
Reads with adapters:                  19831 (2.0%)

=== Summary (Read 2) ===

Total reads processed:               988119
Reads with adapters:                 138212 (14.0%)
R1 reads with poly-G trimmed:          3121 (0.3%)
  R1 poly-G bases removed:           153180
R2 reads with poly-G trimmed:           485 (0.0%)
  R2 poly-G bases removed:            91147

=== Paired-end validation ===

Pairs analyzed:                      988119
Pairs removed:                         3069 (0.3%)
Unpaired R1 kept:                      2766
Unpaired R2 kept:                       132
Report: /scratch4/workspace/jade_fiorilla_student_uml_edu-rawseqorcc/trim-galore-illumina/2024_Hyp04_Warm01_B7_gill_S17_R1_001.fastq.gz_trimming_report.txt
JSON report: /scratch4/workspace/jade_fiorilla_student_uml_edu-rawseqorcc/trim-galore-illumina/2024_Hyp04_Warm01_B7_gill_S17_R1_001.fastq.gz_trimming_report.json
Report: /scratch4/workspace/jade_fiorilla_student_uml_edu-rawseqorcc/trim-galore-illumina/2024_Hyp04_Warm01_B7_gill_S17_R2_001.fastq.gz_trimming_report.txt
JSON report: /scratch4/workspace/jade_fiorilla_student_uml_edu-rawseqorcc/trim-galore-illumina/2024_Hyp04_Warm01_B7_gill_S17_R2_001.fastq.gz_trimming_report.json

Running FastQC on /scratch4/workspace/jade_fiorilla_student_uml_edu-rawseqorcc/trim-galore-illumina/2024_Hyp04_Warm01_B7_gill_S17_R1_001_val_1.fq.gz

Running FastQC on /scratch4/workspace/jade_fiorilla_student_uml_edu-rawseqorcc/trim-galore-illumina/2024_Hyp04_Warm01_B7_gill_S17_R2_001_val_2.fq.gz
Running Trim Galore on: 2024_Hyp04_Warm01_B7_gut_S18

Trim Galore v2.3.0
unknown — linux/x86_64 — built 2026-06-27T16:23:35Z
==================================================

Using 6 worker threads (parallel trim + compress)
Adapter: Illumina (AGATCGGAAGAGC)

Scanning for poly-G content...
Poly-G trimming: ENABLED (auto-detected). 52454 of 1000000 reads (5.25%) have poly-G tails (>=10bp) — consistent with 2-colour chemistry (NovaSeq/NextSeq). To disable: --no_poly_g
Trimming (paired-end):
  R1: /scratch4/workspace/jade_fiorilla_student_uml_edu-rawseqorcc/fastq/2024_Hyp04_Warm01_B7_gut_S18_R1_001.fastq.gz
  R2: /scratch4/workspace/jade_fiorilla_student_uml_edu-rawseqorcc/fastq/2024_Hyp04_Warm01_B7_gut_S18_R2_001.fastq.gz
  Output R1: /scratch4/workspace/jade_fiorilla_student_uml_edu-rawseqorcc/trim-galore-illumina/2024_Hyp04_Warm01_B7_gut_S18_R1_001_val_1.fq.gz
  Output R2: /scratch4/workspace/jade_fiorilla_student_uml_edu-rawseqorcc/trim-galore-illumina/2024_Hyp04_Warm01_B7_gut_S18_R2_001_val_2.fq.gz

=== Summary (Read 1) ===

Total reads processed:              1112307
Reads with adapters:                   6842 (0.6%)

=== Summary (Read 2) ===

Total reads processed:              1112307
Reads with adapters:                  63369 (5.7%)
R1 reads with poly-G trimmed:          1566 (0.1%)
  R1 poly-G bases removed:            73936
R2 reads with poly-G trimmed:           344 (0.0%)
  R2 poly-G bases removed:            65909

=== Paired-end validation ===

Pairs analyzed:                     1112307
Pairs removed:                         3326 (0.3%)
Unpaired R1 kept:                      3089
Unpaired R2 kept:                       113
Report: /scratch4/workspace/jade_fiorilla_student_uml_edu-rawseqorcc/trim-galore-illumina/2024_Hyp04_Warm01_B7_gut_S18_R1_001.fastq.gz_trimming_report.txt
JSON report: /scratch4/workspace/jade_fiorilla_student_uml_edu-rawseqorcc/trim-galore-illumina/2024_Hyp04_Warm01_B7_gut_S18_R1_001.fastq.gz_trimming_report.json
Report: /scratch4/workspace/jade_fiorilla_student_uml_edu-rawseqorcc/trim-galore-illumina/2024_Hyp04_Warm01_B7_gut_S18_R2_001.fastq.gz_trimming_report.txt
JSON report: /scratch4/workspace/jade_fiorilla_student_uml_edu-rawseqorcc/trim-galore-illumina/2024_Hyp04_Warm01_B7_gut_S18_R2_001.fastq.gz_trimming_report.json

Running FastQC on /scratch4/workspace/jade_fiorilla_student_uml_edu-rawseqorcc/trim-galore-illumina/2024_Hyp04_Warm01_B7_gut_S18_R1_001_val_1.fq.gz

Running FastQC on /scratch4/workspace/jade_fiorilla_student_uml_edu-rawseqorcc/trim-galore-illumina/2024_Hyp04_Warm01_B7_gut_S18_R2_001_val_2.fq.gz
Running Trim Galore on: 2024_Hyp05_Both01_B9_gill_S19

Trim Galore v2.3.0
unknown — linux/x86_64 — built 2026-06-27T16:23:35Z
==================================================

Using 6 worker threads (parallel trim + compress)
Adapter: Illumina (AGATCGGAAGAGC)

Scanning for poly-G content...
Poly-G trimming: ENABLED (auto-detected). 211107 of 1000000 reads (21.11%) have poly-G tails (>=10bp) — consistent with 2-colour chemistry (NovaSeq/NextSeq). To disable: --no_poly_g
Trimming (paired-end):
  R1: /scratch4/workspace/jade_fiorilla_student_uml_edu-rawseqorcc/fastq/2024_Hyp05_Both01_B9_gill_S19_R1_001.fastq.gz
  R2: /scratch4/workspace/jade_fiorilla_student_uml_edu-rawseqorcc/fastq/2024_Hyp05_Both01_B9_gill_S19_R2_001.fastq.gz
  Output R1: /scratch4/workspace/jade_fiorilla_student_uml_edu-rawseqorcc/trim-galore-illumina/2024_Hyp05_Both01_B9_gill_S19_R1_001_val_1.fq.gz
  Output R2: /scratch4/workspace/jade_fiorilla_student_uml_edu-rawseqorcc/trim-galore-illumina/2024_Hyp05_Both01_B9_gill_S19_R2_001_val_2.fq.gz

=== Summary (Read 1) ===

Total reads processed:              1092196
Reads with adapters:                  26396 (2.4%)

=== Summary (Read 2) ===

Total reads processed:              1092196
Reads with adapters:                 254448 (23.3%)
R1 reads with poly-G trimmed:          5392 (0.5%)
  R1 poly-G bases removed:           280653
R2 reads with poly-G trimmed:           719 (0.1%)
  R2 poly-G bases removed:           120943

=== Paired-end validation ===

Pairs analyzed:                     1092196
Pairs removed:                         3289 (0.3%)
Unpaired R1 kept:                      3028
Unpaired R2 kept:                       106
Report: /scratch4/workspace/jade_fiorilla_student_uml_edu-rawseqorcc/trim-galore-illumina/2024_Hyp05_Both01_B9_gill_S19_R1_001.fastq.gz_trimming_report.txt
JSON report: /scratch4/workspace/jade_fiorilla_student_uml_edu-rawseqorcc/trim-galore-illumina/2024_Hyp05_Both01_B9_gill_S19_R1_001.fastq.gz_trimming_report.json
Report: /scratch4/workspace/jade_fiorilla_student_uml_edu-rawseqorcc/trim-galore-illumina/2024_Hyp05_Both01_B9_gill_S19_R2_001.fastq.gz_trimming_report.txt
JSON report: /scratch4/workspace/jade_fiorilla_student_uml_edu-rawseqorcc/trim-galore-illumina/2024_Hyp05_Both01_B9_gill_S19_R2_001.fastq.gz_trimming_report.json

Running FastQC on /scratch4/workspace/jade_fiorilla_student_uml_edu-rawseqorcc/trim-galore-illumina/2024_Hyp05_Both01_B9_gill_S19_R1_001_val_1.fq.gz

Running FastQC on /scratch4/workspace/jade_fiorilla_student_uml_edu-rawseqorcc/trim-galore-illumina/2024_Hyp05_Both01_B9_gill_S19_R2_001_val_2.fq.gz
Running Trim Galore on: 2024_Hyp05_Both01_B9_gut_S20

Trim Galore v2.3.0
unknown — linux/x86_64 — built 2026-06-27T16:23:35Z
==================================================

Using 6 worker threads (parallel trim + compress)
Adapter: Illumina (AGATCGGAAGAGC)

Scanning for poly-G content...
Poly-G trimming: ENABLED (auto-detected). 82467 of 748779 reads (11.01%) have poly-G tails (>=10bp) — consistent with 2-colour chemistry (NovaSeq/NextSeq). To disable: --no_poly_g
Trimming (paired-end):
  R1: /scratch4/workspace/jade_fiorilla_student_uml_edu-rawseqorcc/fastq/2024_Hyp05_Both01_B9_gut_S20_R1_001.fastq.gz
  R2: /scratch4/workspace/jade_fiorilla_student_uml_edu-rawseqorcc/fastq/2024_Hyp05_Both01_B9_gut_S20_R2_001.fastq.gz
  Output R1: /scratch4/workspace/jade_fiorilla_student_uml_edu-rawseqorcc/trim-galore-illumina/2024_Hyp05_Both01_B9_gut_S20_R1_001_val_1.fq.gz
  Output R2: /scratch4/workspace/jade_fiorilla_student_uml_edu-rawseqorcc/trim-galore-illumina/2024_Hyp05_Both01_B9_gut_S20_R2_001_val_2.fq.gz

=== Summary (Read 1) ===

Total reads processed:               748779
Reads with adapters:                   5883 (0.8%)

=== Summary (Read 2) ===

Total reads processed:               748779
Reads with adapters:                  86564 (11.6%)
R1 reads with poly-G trimmed:          1949 (0.3%)
  R1 poly-G bases removed:            94663
R2 reads with poly-G trimmed:           302 (0.0%)
  R2 poly-G bases removed:            58089

=== Paired-end validation ===

Pairs analyzed:                      748779
Pairs removed:                         2262 (0.3%)
Unpaired R1 kept:                      2044
Unpaired R2 kept:                        84
Report: /scratch4/workspace/jade_fiorilla_student_uml_edu-rawseqorcc/trim-galore-illumina/2024_Hyp05_Both01_B9_gut_S20_R1_001.fastq.gz_trimming_report.txt
JSON report: /scratch4/workspace/jade_fiorilla_student_uml_edu-rawseqorcc/trim-galore-illumina/2024_Hyp05_Both01_B9_gut_S20_R1_001.fastq.gz_trimming_report.json
Report: /scratch4/workspace/jade_fiorilla_student_uml_edu-rawseqorcc/trim-galore-illumina/2024_Hyp05_Both01_B9_gut_S20_R2_001.fastq.gz_trimming_report.txt
JSON report: /scratch4/workspace/jade_fiorilla_student_uml_edu-rawseqorcc/trim-galore-illumina/2024_Hyp05_Both01_B9_gut_S20_R2_001.fastq.gz_trimming_report.json

Running FastQC on /scratch4/workspace/jade_fiorilla_student_uml_edu-rawseqorcc/trim-galore-illumina/2024_Hyp05_Both01_B9_gut_S20_R1_001_val_1.fq.gz

Running FastQC on /scratch4/workspace/jade_fiorilla_student_uml_edu-rawseqorcc/trim-galore-illumina/2024_Hyp05_Both01_B9_gut_S20_R2_001_val_2.fq.gz
Running Trim Galore on: 2024_Hyp05_Both03_B34_gill_S241

Trim Galore v2.3.0
unknown — linux/x86_64 — built 2026-06-27T16:23:35Z
==================================================

Using 6 worker threads (parallel trim + compress)
Adapter: Illumina (AGATCGGAAGAGC)

Scanning for poly-G content...
Poly-G trimming: ENABLED (auto-detected). 45904 of 735381 reads (6.24%) have poly-G tails (>=10bp) — consistent with 2-colour chemistry (NovaSeq/NextSeq). To disable: --no_poly_g
Trimming (paired-end):
  R1: /scratch4/workspace/jade_fiorilla_student_uml_edu-rawseqorcc/fastq/2024_Hyp05_Both03_B34_gill_S241_R1_001.fastq.gz
  R2: /scratch4/workspace/jade_fiorilla_student_uml_edu-rawseqorcc/fastq/2024_Hyp05_Both03_B34_gill_S241_R2_001.fastq.gz
  Output R1: /scratch4/workspace/jade_fiorilla_student_uml_edu-rawseqorcc/trim-galore-illumina/2024_Hyp05_Both03_B34_gill_S241_R1_001_val_1.fq.gz
  Output R2: /scratch4/workspace/jade_fiorilla_student_uml_edu-rawseqorcc/trim-galore-illumina/2024_Hyp05_Both03_B34_gill_S241_R2_001_val_2.fq.gz

=== Summary (Read 1) ===

Total reads processed:               735381
Reads with adapters:                 117379 (16.0%)

=== Summary (Read 2) ===

Total reads processed:               735381
Reads with adapters:                  68371 (9.3%)
R1 reads with poly-G trimmed:           952 (0.1%)
  R1 poly-G bases removed:            52711
R2 reads with poly-G trimmed:           243 (0.0%)
  R2 poly-G bases removed:            30141

=== Paired-end validation ===

Pairs analyzed:                      735381
Pairs removed:                         1942 (0.3%)
Unpaired R1 kept:                      1836
Unpaired R2 kept:                        57
Report: /scratch4/workspace/jade_fiorilla_student_uml_edu-rawseqorcc/trim-galore-illumina/2024_Hyp05_Both03_B34_gill_S241_R1_001.fastq.gz_trimming_report.txt
JSON report: /scratch4/workspace/jade_fiorilla_student_uml_edu-rawseqorcc/trim-galore-illumina/2024_Hyp05_Both03_B34_gill_S241_R1_001.fastq.gz_trimming_report.json
Report: /scratch4/workspace/jade_fiorilla_student_uml_edu-rawseqorcc/trim-galore-illumina/2024_Hyp05_Both03_B34_gill_S241_R2_001.fastq.gz_trimming_report.txt
JSON report: /scratch4/workspace/jade_fiorilla_student_uml_edu-rawseqorcc/trim-galore-illumina/2024_Hyp05_Both03_B34_gill_S241_R2_001.fastq.gz_trimming_report.json

Running FastQC on /scratch4/workspace/jade_fiorilla_student_uml_edu-rawseqorcc/trim-galore-illumina/2024_Hyp05_Both03_B34_gill_S241_R1_001_val_1.fq.gz

Running FastQC on /scratch4/workspace/jade_fiorilla_student_uml_edu-rawseqorcc/trim-galore-illumina/2024_Hyp05_Both03_B34_gill_S241_R2_001_val_2.fq.gz
Running Trim Galore on: 2024_Hyp05_Both03_B34_gut_S242

Trim Galore v2.3.0
unknown — linux/x86_64 — built 2026-06-27T16:23:35Z
==================================================

Using 6 worker threads (parallel trim + compress)
Adapter: Illumina (AGATCGGAAGAGC)

Scanning for poly-G content...
Poly-G trimming: ENABLED (auto-detected). 1160 of 1000000 reads (0.12%) have poly-G tails (>=10bp) — consistent with 2-colour chemistry (NovaSeq/NextSeq). To disable: --no_poly_g
Trimming (paired-end):
  R1: /scratch4/workspace/jade_fiorilla_student_uml_edu-rawseqorcc/fastq/2024_Hyp05_Both03_B34_gut_S242_R1_001.fastq.gz
  R2: /scratch4/workspace/jade_fiorilla_student_uml_edu-rawseqorcc/fastq/2024_Hyp05_Both03_B34_gut_S242_R2_001.fastq.gz
  Output R1: /scratch4/workspace/jade_fiorilla_student_uml_edu-rawseqorcc/trim-galore-illumina/2024_Hyp05_Both03_B34_gut_S242_R1_001_val_1.fq.gz
  Output R2: /scratch4/workspace/jade_fiorilla_student_uml_edu-rawseqorcc/trim-galore-illumina/2024_Hyp05_Both03_B34_gut_S242_R2_001_val_2.fq.gz

=== Summary (Read 1) ===

Total reads processed:              4439431
Reads with adapters:                  74773 (1.7%)

=== Summary (Read 2) ===

Total reads processed:              4439431
Reads with adapters:                  63495 (1.4%)
R1 reads with poly-G trimmed:           240 (0.0%)
  R1 poly-G bases removed:             7865
R2 reads with poly-G trimmed:           360 (0.0%)
  R2 poly-G bases removed:            49067

=== Paired-end validation ===

Pairs analyzed:                     4439431
Pairs removed:                         6691 (0.2%)
Unpaired R1 kept:                      6177
Unpaired R2 kept:                       262
Report: /scratch4/workspace/jade_fiorilla_student_uml_edu-rawseqorcc/trim-galore-illumina/2024_Hyp05_Both03_B34_gut_S242_R1_001.fastq.gz_trimming_report.txt
JSON report: /scratch4/workspace/jade_fiorilla_student_uml_edu-rawseqorcc/trim-galore-illumina/2024_Hyp05_Both03_B34_gut_S242_R1_001.fastq.gz_trimming_report.json
Report: /scratch4/workspace/jade_fiorilla_student_uml_edu-rawseqorcc/trim-galore-illumina/2024_Hyp05_Both03_B34_gut_S242_R2_001.fastq.gz_trimming_report.txt
JSON report: /scratch4/workspace/jade_fiorilla_student_uml_edu-rawseqorcc/trim-galore-illumina/2024_Hyp05_Both03_B34_gut_S242_R2_001.fastq.gz_trimming_report.json

Running FastQC on /scratch4/workspace/jade_fiorilla_student_uml_edu-rawseqorcc/trim-galore-illumina/2024_Hyp05_Both03_B34_gut_S242_R1_001_val_1.fq.gz

Running FastQC on /scratch4/workspace/jade_fiorilla_student_uml_edu-rawseqorcc/trim-galore-illumina/2024_Hyp05_Both03_B34_gut_S242_R2_001_val_2.fq.gz
Running Trim Galore on: 2024_Hyp05_Cont02_B22_gill_S243

Trim Galore v2.3.0
unknown — linux/x86_64 — built 2026-06-27T16:23:35Z
==================================================

Using 6 worker threads (parallel trim + compress)
Adapter: Illumina (AGATCGGAAGAGC)

Scanning for poly-G content...
Poly-G trimming: ENABLED (auto-detected). 55839 of 631856 reads (8.84%) have poly-G tails (>=10bp) — consistent with 2-colour chemistry (NovaSeq/NextSeq). To disable: --no_poly_g
Trimming (paired-end):
  R1: /scratch4/workspace/jade_fiorilla_student_uml_edu-rawseqorcc/fastq/2024_Hyp05_Cont02_B22_gill_S243_R1_001.fastq.gz
  R2: /scratch4/workspace/jade_fiorilla_student_uml_edu-rawseqorcc/fastq/2024_Hyp05_Cont02_B22_gill_S243_R2_001.fastq.gz
  Output R1: /scratch4/workspace/jade_fiorilla_student_uml_edu-rawseqorcc/trim-galore-illumina/2024_Hyp05_Cont02_B22_gill_S243_R1_001_val_1.fq.gz
  Output R2: /scratch4/workspace/jade_fiorilla_student_uml_edu-rawseqorcc/trim-galore-illumina/2024_Hyp05_Cont02_B22_gill_S243_R2_001_val_2.fq.gz

=== Summary (Read 1) ===

Total reads processed:               631856
Reads with adapters:                  11544 (1.8%)

=== Summary (Read 2) ===

Total reads processed:               631856
Reads with adapters:                  66086 (10.5%)
R1 reads with poly-G trimmed:           945 (0.1%)
  R1 poly-G bases removed:            32640
R2 reads with poly-G trimmed:           195 (0.0%)
  R2 poly-G bases removed:            31538

=== Paired-end validation ===

Pairs analyzed:                      631856
Pairs removed:                         1765 (0.3%)
Unpaired R1 kept:                      1688
Unpaired R2 kept:                        41
Report: /scratch4/workspace/jade_fiorilla_student_uml_edu-rawseqorcc/trim-galore-illumina/2024_Hyp05_Cont02_B22_gill_S243_R1_001.fastq.gz_trimming_report.txt
JSON report: /scratch4/workspace/jade_fiorilla_student_uml_edu-rawseqorcc/trim-galore-illumina/2024_Hyp05_Cont02_B22_gill_S243_R1_001.fastq.gz_trimming_report.json
Report: /scratch4/workspace/jade_fiorilla_student_uml_edu-rawseqorcc/trim-galore-illumina/2024_Hyp05_Cont02_B22_gill_S243_R2_001.fastq.gz_trimming_report.txt
JSON report: /scratch4/workspace/jade_fiorilla_student_uml_edu-rawseqorcc/trim-galore-illumina/2024_Hyp05_Cont02_B22_gill_S243_R2_001.fastq.gz_trimming_report.json

Running FastQC on /scratch4/workspace/jade_fiorilla_student_uml_edu-rawseqorcc/trim-galore-illumina/2024_Hyp05_Cont02_B22_gill_S243_R1_001_val_1.fq.gz

Running FastQC on /scratch4/workspace/jade_fiorilla_student_uml_edu-rawseqorcc/trim-galore-illumina/2024_Hyp05_Cont02_B22_gill_S243_R2_001_val_2.fq.gz
Running Trim Galore on: 2024_Hyp05_Cont02_B22_gut_S187

Trim Galore v2.3.0
unknown — linux/x86_64 — built 2026-06-27T16:23:35Z
==================================================

Using 6 worker threads (parallel trim + compress)
Adapter: Illumina (AGATCGGAAGAGC)

Scanning for poly-G content...
Poly-G trimming: ENABLED (auto-detected). 25260 of 1000000 reads (2.53%) have poly-G tails (>=10bp) — consistent with 2-colour chemistry (NovaSeq/NextSeq). To disable: --no_poly_g
Trimming (paired-end):
  R1: /scratch4/workspace/jade_fiorilla_student_uml_edu-rawseqorcc/fastq/2024_Hyp05_Cont02_B22_gut_S187_R1_001.fastq.gz
  R2: /scratch4/workspace/jade_fiorilla_student_uml_edu-rawseqorcc/fastq/2024_Hyp05_Cont02_B22_gut_S187_R2_001.fastq.gz
  Output R1: /scratch4/workspace/jade_fiorilla_student_uml_edu-rawseqorcc/trim-galore-illumina/2024_Hyp05_Cont02_B22_gut_S187_R1_001_val_1.fq.gz
  Output R2: /scratch4/workspace/jade_fiorilla_student_uml_edu-rawseqorcc/trim-galore-illumina/2024_Hyp05_Cont02_B22_gut_S187_R2_001_val_2.fq.gz

=== Summary (Read 1) ===

Total reads processed:              1340986
Reads with adapters:                   7392 (0.6%)

=== Summary (Read 2) ===

Total reads processed:              1340986
Reads with adapters:                  44286 (3.3%)
R1 reads with poly-G trimmed:           301 (0.0%)
  R1 poly-G bases removed:            31237
R2 reads with poly-G trimmed:           273 (0.0%)
  R2 poly-G bases removed:            54225

=== Paired-end validation ===

Pairs analyzed:                     1340986
Pairs removed:                         4002 (0.3%)
Unpaired R1 kept:                      3758
Unpaired R2 kept:                       126
Report: /scratch4/workspace/jade_fiorilla_student_uml_edu-rawseqorcc/trim-galore-illumina/2024_Hyp05_Cont02_B22_gut_S187_R1_001.fastq.gz_trimming_report.txt
JSON report: /scratch4/workspace/jade_fiorilla_student_uml_edu-rawseqorcc/trim-galore-illumina/2024_Hyp05_Cont02_B22_gut_S187_R1_001.fastq.gz_trimming_report.json
Report: /scratch4/workspace/jade_fiorilla_student_uml_edu-rawseqorcc/trim-galore-illumina/2024_Hyp05_Cont02_B22_gut_S187_R2_001.fastq.gz_trimming_report.txt
JSON report: /scratch4/workspace/jade_fiorilla_student_uml_edu-rawseqorcc/trim-galore-illumina/2024_Hyp05_Cont02_B22_gut_S187_R2_001.fastq.gz_trimming_report.json

Running FastQC on /scratch4/workspace/jade_fiorilla_student_uml_edu-rawseqorcc/trim-galore-illumina/2024_Hyp05_Cont02_B22_gut_S187_R1_001_val_1.fq.gz

Running FastQC on /scratch4/workspace/jade_fiorilla_student_uml_edu-rawseqorcc/trim-galore-illumina/2024_Hyp05_Cont02_B22_gut_S187_R2_001_val_2.fq.gz
Running Trim Galore on: 2024_Hyp05_Cont04_B46_gill_S275

Trim Galore v2.3.0
unknown — linux/x86_64 — built 2026-06-27T16:23:35Z
==================================================

Using 6 worker threads (parallel trim + compress)
Adapter: Illumina (AGATCGGAAGAGC)

Scanning for poly-G content...
Poly-G trimming: ENABLED (auto-detected). 100729 of 826968 reads (12.18%) have poly-G tails (>=10bp) — consistent with 2-colour chemistry (NovaSeq/NextSeq). To disable: --no_poly_g
Trimming (paired-end):
  R1: /scratch4/workspace/jade_fiorilla_student_uml_edu-rawseqorcc/fastq/2024_Hyp05_Cont04_B46_gill_S275_R1_001.fastq.gz
  R2: /scratch4/workspace/jade_fiorilla_student_uml_edu-rawseqorcc/fastq/2024_Hyp05_Cont04_B46_gill_S275_R2_001.fastq.gz
  Output R1: /scratch4/workspace/jade_fiorilla_student_uml_edu-rawseqorcc/trim-galore-illumina/2024_Hyp05_Cont04_B46_gill_S275_R1_001_val_1.fq.gz
  Output R2: /scratch4/workspace/jade_fiorilla_student_uml_edu-rawseqorcc/trim-galore-illumina/2024_Hyp05_Cont04_B46_gill_S275_R2_001_val_2.fq.gz

=== Summary (Read 1) ===

Total reads processed:               826968
Reads with adapters:                  39446 (4.8%)

=== Summary (Read 2) ===

Total reads processed:               826968
Reads with adapters:                 107236 (13.0%)
R1 reads with poly-G trimmed:          1845 (0.2%)
  R1 poly-G bases removed:           113749
R2 reads with poly-G trimmed:           391 (0.0%)
  R2 poly-G bases removed:            66664

=== Paired-end validation ===

Pairs analyzed:                      826968
Pairs removed:                         1762 (0.2%)
Unpaired R1 kept:                      1619
Unpaired R2 kept:                        69
Report: /scratch4/workspace/jade_fiorilla_student_uml_edu-rawseqorcc/trim-galore-illumina/2024_Hyp05_Cont04_B46_gill_S275_R1_001.fastq.gz_trimming_report.txt
JSON report: /scratch4/workspace/jade_fiorilla_student_uml_edu-rawseqorcc/trim-galore-illumina/2024_Hyp05_Cont04_B46_gill_S275_R1_001.fastq.gz_trimming_report.json
Report: /scratch4/workspace/jade_fiorilla_student_uml_edu-rawseqorcc/trim-galore-illumina/2024_Hyp05_Cont04_B46_gill_S275_R2_001.fastq.gz_trimming_report.txt
JSON report: /scratch4/workspace/jade_fiorilla_student_uml_edu-rawseqorcc/trim-galore-illumina/2024_Hyp05_Cont04_B46_gill_S275_R2_001.fastq.gz_trimming_report.json

Running FastQC on /scratch4/workspace/jade_fiorilla_student_uml_edu-rawseqorcc/trim-galore-illumina/2024_Hyp05_Cont04_B46_gill_S275_R1_001_val_1.fq.gz

Running FastQC on /scratch4/workspace/jade_fiorilla_student_uml_edu-rawseqorcc/trim-galore-illumina/2024_Hyp05_Cont04_B46_gill_S275_R2_001_val_2.fq.gz
Running Trim Galore on: 2024_Hyp05_Cont04_B46_gut_S158

Trim Galore v2.3.0
unknown — linux/x86_64 — built 2026-06-27T16:23:35Z
==================================================

Using 6 worker threads (parallel trim + compress)
Adapter: Illumina (AGATCGGAAGAGC)

Scanning for poly-G content...
Poly-G trimming: ENABLED (auto-detected). 87631 of 699169 reads (12.53%) have poly-G tails (>=10bp) — consistent with 2-colour chemistry (NovaSeq/NextSeq). To disable: --no_poly_g
Trimming (paired-end):
  R1: /scratch4/workspace/jade_fiorilla_student_uml_edu-rawseqorcc/fastq/2024_Hyp05_Cont04_B46_gut_S158_R1_001.fastq.gz
  R2: /scratch4/workspace/jade_fiorilla_student_uml_edu-rawseqorcc/fastq/2024_Hyp05_Cont04_B46_gut_S158_R2_001.fastq.gz
  Output R1: /scratch4/workspace/jade_fiorilla_student_uml_edu-rawseqorcc/trim-galore-illumina/2024_Hyp05_Cont04_B46_gut_S158_R1_001_val_1.fq.gz
  Output R2: /scratch4/workspace/jade_fiorilla_student_uml_edu-rawseqorcc/trim-galore-illumina/2024_Hyp05_Cont04_B46_gut_S158_R2_001_val_2.fq.gz

=== Summary (Read 1) ===

Total reads processed:               699169
Reads with adapters:                  35685 (5.1%)

=== Summary (Read 2) ===

Total reads processed:               699169
Reads with adapters:                  90682 (13.0%)
R1 reads with poly-G trimmed:           605 (0.1%)
  R1 poly-G bases removed:            80904
R2 reads with poly-G trimmed:           339 (0.0%)
  R2 poly-G bases removed:            60165

=== Paired-end validation ===

Pairs analyzed:                      699169
Pairs removed:                         1948 (0.3%)
Unpaired R1 kept:                      1805
Unpaired R2 kept:                        78
Report: /scratch4/workspace/jade_fiorilla_student_uml_edu-rawseqorcc/trim-galore-illumina/2024_Hyp05_Cont04_B46_gut_S158_R1_001.fastq.gz_trimming_report.txt
JSON report: /scratch4/workspace/jade_fiorilla_student_uml_edu-rawseqorcc/trim-galore-illumina/2024_Hyp05_Cont04_B46_gut_S158_R1_001.fastq.gz_trimming_report.json
Report: /scratch4/workspace/jade_fiorilla_student_uml_edu-rawseqorcc/trim-galore-illumina/2024_Hyp05_Cont04_B46_gut_S158_R2_001.fastq.gz_trimming_report.txt
JSON report: /scratch4/workspace/jade_fiorilla_student_uml_edu-rawseqorcc/trim-galore-illumina/2024_Hyp05_Cont04_B46_gut_S158_R2_001.fastq.gz_trimming_report.json

Running FastQC on /scratch4/workspace/jade_fiorilla_student_uml_edu-rawseqorcc/trim-galore-illumina/2024_Hyp05_Cont04_B46_gut_S158_R1_001_val_1.fq.gz

Running FastQC on /scratch4/workspace/jade_fiorilla_student_uml_edu-rawseqorcc/trim-galore-illumina/2024_Hyp05_Cont04_B46_gut_S158_R2_001_val_2.fq.gz
Running Trim Galore on: 2024_Hyp05_Null_B35_gill_S262

Trim Galore v2.3.0
unknown — linux/x86_64 — built 2026-06-27T16:23:35Z
==================================================

Using 6 worker threads (parallel trim + compress)
Adapter: Illumina (AGATCGGAAGAGC)

Scanning for poly-G content...
Poly-G trimming: ENABLED (auto-detected). 305332 of 793563 reads (38.48%) have poly-G tails (>=10bp) — consistent with 2-colour chemistry (NovaSeq/NextSeq). To disable: --no_poly_g
Trimming (paired-end):
  R1: /scratch4/workspace/jade_fiorilla_student_uml_edu-rawseqorcc/fastq/2024_Hyp05_Null_B35_gill_S262_R1_001.fastq.gz
  R2: /scratch4/workspace/jade_fiorilla_student_uml_edu-rawseqorcc/fastq/2024_Hyp05_Null_B35_gill_S262_R2_001.fastq.gz
  Output R1: /scratch4/workspace/jade_fiorilla_student_uml_edu-rawseqorcc/trim-galore-illumina/2024_Hyp05_Null_B35_gill_S262_R1_001_val_1.fq.gz
  Output R2: /scratch4/workspace/jade_fiorilla_student_uml_edu-rawseqorcc/trim-galore-illumina/2024_Hyp05_Null_B35_gill_S262_R2_001_val_2.fq.gz

=== Summary (Read 1) ===

Total reads processed:               793563
Reads with adapters:                  53208 (6.7%)

=== Summary (Read 2) ===

Total reads processed:               793563
Reads with adapters:                 320364 (40.4%)
R1 reads with poly-G trimmed:          2274 (0.3%)
  R1 poly-G bases removed:           203365
R2 reads with poly-G trimmed:           770 (0.1%)
  R2 poly-G bases removed:           112633

=== Paired-end validation ===

Pairs analyzed:                      793563
Pairs removed:                         1879 (0.2%)
Unpaired R1 kept:                      1772
Unpaired R2 kept:                        40
Report: /scratch4/workspace/jade_fiorilla_student_uml_edu-rawseqorcc/trim-galore-illumina/2024_Hyp05_Null_B35_gill_S262_R1_001.fastq.gz_trimming_report.txt
JSON report: /scratch4/workspace/jade_fiorilla_student_uml_edu-rawseqorcc/trim-galore-illumina/2024_Hyp05_Null_B35_gill_S262_R1_001.fastq.gz_trimming_report.json
Report: /scratch4/workspace/jade_fiorilla_student_uml_edu-rawseqorcc/trim-galore-illumina/2024_Hyp05_Null_B35_gill_S262_R2_001.fastq.gz_trimming_report.txt
JSON report: /scratch4/workspace/jade_fiorilla_student_uml_edu-rawseqorcc/trim-galore-illumina/2024_Hyp05_Null_B35_gill_S262_R2_001.fastq.gz_trimming_report.json

Running FastQC on /scratch4/workspace/jade_fiorilla_student_uml_edu-rawseqorcc/trim-galore-illumina/2024_Hyp05_Null_B35_gill_S262_R1_001_val_1.fq.gz

Running FastQC on /scratch4/workspace/jade_fiorilla_student_uml_edu-rawseqorcc/trim-galore-illumina/2024_Hyp05_Null_B35_gill_S262_R2_001_val_2.fq.gz
Running Trim Galore on: 2024_Hyp05_Null_B35_gut_S88

Trim Galore v2.3.0
unknown — linux/x86_64 — built 2026-06-27T16:23:35Z
==================================================

Using 6 worker threads (parallel trim + compress)
Adapter: Illumina (AGATCGGAAGAGC)

Scanning for poly-G content...
Poly-G trimming: ENABLED (auto-detected). 270307 of 1000000 reads (27.03%) have poly-G tails (>=10bp) — consistent with 2-colour chemistry (NovaSeq/NextSeq). To disable: --no_poly_g
Trimming (paired-end):
  R1: /scratch4/workspace/jade_fiorilla_student_uml_edu-rawseqorcc/fastq/2024_Hyp05_Null_B35_gut_S88_R1_001.fastq.gz
  R2: /scratch4/workspace/jade_fiorilla_student_uml_edu-rawseqorcc/fastq/2024_Hyp05_Null_B35_gut_S88_R2_001.fastq.gz
  Output R1: /scratch4/workspace/jade_fiorilla_student_uml_edu-rawseqorcc/trim-galore-illumina/2024_Hyp05_Null_B35_gut_S88_R1_001_val_1.fq.gz
  Output R2: /scratch4/workspace/jade_fiorilla_student_uml_edu-rawseqorcc/trim-galore-illumina/2024_Hyp05_Null_B35_gut_S88_R2_001_val_2.fq.gz

=== Summary (Read 1) ===

Total reads processed:              1007965
Reads with adapters:                  43927 (4.4%)

=== Summary (Read 2) ===

Total reads processed:              1007965
Reads with adapters:                 276728 (27.5%)
R1 reads with poly-G trimmed:          1700 (0.2%)
  R1 poly-G bases removed:           242465
R2 reads with poly-G trimmed:           834 (0.1%)
  R2 poly-G bases removed:           152352

=== Paired-end validation ===

Pairs analyzed:                     1007965
Pairs removed:                         2626 (0.3%)
Unpaired R1 kept:                      2460
Unpaired R2 kept:                        66
Report: /scratch4/workspace/jade_fiorilla_student_uml_edu-rawseqorcc/trim-galore-illumina/2024_Hyp05_Null_B35_gut_S88_R1_001.fastq.gz_trimming_report.txt
JSON report: /scratch4/workspace/jade_fiorilla_student_uml_edu-rawseqorcc/trim-galore-illumina/2024_Hyp05_Null_B35_gut_S88_R1_001.fastq.gz_trimming_report.json
Report: /scratch4/workspace/jade_fiorilla_student_uml_edu-rawseqorcc/trim-galore-illumina/2024_Hyp05_Null_B35_gut_S88_R2_001.fastq.gz_trimming_report.txt
JSON report: /scratch4/workspace/jade_fiorilla_student_uml_edu-rawseqorcc/trim-galore-illumina/2024_Hyp05_Null_B35_gut_S88_R2_001.fastq.gz_trimming_report.json

Running FastQC on /scratch4/workspace/jade_fiorilla_student_uml_edu-rawseqorcc/trim-galore-illumina/2024_Hyp05_Null_B35_gut_S88_R1_001_val_1.fq.gz

Running FastQC on /scratch4/workspace/jade_fiorilla_student_uml_edu-rawseqorcc/trim-galore-illumina/2024_Hyp05_Null_B35_gut_S88_R2_001_val_2.fq.gz
Running Trim Galore on: 2024_Hyp06_Cont03_B36_gill_S159

Trim Galore v2.3.0
unknown — linux/x86_64 — built 2026-06-27T16:23:35Z
==================================================

Using 6 worker threads (parallel trim + compress)
Adapter: Illumina (AGATCGGAAGAGC)

Scanning for poly-G content...
Poly-G trimming: ENABLED (auto-detected). 183567 of 1000000 reads (18.36%) have poly-G tails (>=10bp) — consistent with 2-colour chemistry (NovaSeq/NextSeq). To disable: --no_poly_g
Trimming (paired-end):
  R1: /scratch4/workspace/jade_fiorilla_student_uml_edu-rawseqorcc/fastq/2024_Hyp06_Cont03_B36_gill_S159_R1_001.fastq.gz
  R2: /scratch4/workspace/jade_fiorilla_student_uml_edu-rawseqorcc/fastq/2024_Hyp06_Cont03_B36_gill_S159_R2_001.fastq.gz
  Output R1: /scratch4/workspace/jade_fiorilla_student_uml_edu-rawseqorcc/trim-galore-illumina/2024_Hyp06_Cont03_B36_gill_S159_R1_001_val_1.fq.gz
  Output R2: /scratch4/workspace/jade_fiorilla_student_uml_edu-rawseqorcc/trim-galore-illumina/2024_Hyp06_Cont03_B36_gill_S159_R2_001_val_2.fq.gz

=== Summary (Read 1) ===

Total reads processed:              1299177
Reads with adapters:                  45529 (3.5%)

=== Summary (Read 2) ===

Total reads processed:              1299177
Reads with adapters:                 251889 (19.4%)
R1 reads with poly-G trimmed:          9463 (0.7%)
  R1 poly-G bases removed:           286873
R2 reads with poly-G trimmed:           733 (0.1%)
  R2 poly-G bases removed:           128439

=== Paired-end validation ===

Pairs analyzed:                     1299177
Pairs removed:                         3741 (0.3%)
Unpaired R1 kept:                      3233
Unpaired R2 kept:                       208
Report: /scratch4/workspace/jade_fiorilla_student_uml_edu-rawseqorcc/trim-galore-illumina/2024_Hyp06_Cont03_B36_gill_S159_R1_001.fastq.gz_trimming_report.txt
JSON report: /scratch4/workspace/jade_fiorilla_student_uml_edu-rawseqorcc/trim-galore-illumina/2024_Hyp06_Cont03_B36_gill_S159_R1_001.fastq.gz_trimming_report.json
Report: /scratch4/workspace/jade_fiorilla_student_uml_edu-rawseqorcc/trim-galore-illumina/2024_Hyp06_Cont03_B36_gill_S159_R2_001.fastq.gz_trimming_report.txt
JSON report: /scratch4/workspace/jade_fiorilla_student_uml_edu-rawseqorcc/trim-galore-illumina/2024_Hyp06_Cont03_B36_gill_S159_R2_001.fastq.gz_trimming_report.json

Running FastQC on /scratch4/workspace/jade_fiorilla_student_uml_edu-rawseqorcc/trim-galore-illumina/2024_Hyp06_Cont03_B36_gill_S159_R1_001_val_1.fq.gz

Running FastQC on /scratch4/workspace/jade_fiorilla_student_uml_edu-rawseqorcc/trim-galore-illumina/2024_Hyp06_Cont03_B36_gill_S159_R2_001_val_2.fq.gz
Running Trim Galore on: 2024_Hyp06_Cont03_B36_gut_S51

Trim Galore v2.3.0
unknown — linux/x86_64 — built 2026-06-27T16:23:35Z
==================================================

Using 6 worker threads (parallel trim + compress)
Adapter: Illumina (AGATCGGAAGAGC)

Scanning for poly-G content...
Poly-G trimming: ENABLED (auto-detected). 279501 of 363522 reads (76.89%) have poly-G tails (>=10bp) — consistent with 2-colour chemistry (NovaSeq/NextSeq). To disable: --no_poly_g
Trimming (paired-end):
  R1: /scratch4/workspace/jade_fiorilla_student_uml_edu-rawseqorcc/fastq/2024_Hyp06_Cont03_B36_gut_S51_R1_001.fastq.gz
  R2: /scratch4/workspace/jade_fiorilla_student_uml_edu-rawseqorcc/fastq/2024_Hyp06_Cont03_B36_gut_S51_R2_001.fastq.gz
  Output R1: /scratch4/workspace/jade_fiorilla_student_uml_edu-rawseqorcc/trim-galore-illumina/2024_Hyp06_Cont03_B36_gut_S51_R1_001_val_1.fq.gz
  Output R2: /scratch4/workspace/jade_fiorilla_student_uml_edu-rawseqorcc/trim-galore-illumina/2024_Hyp06_Cont03_B36_gut_S51_R2_001_val_2.fq.gz

=== Summary (Read 1) ===

Total reads processed:               363522
Reads with adapters:                  66109 (18.2%)

=== Summary (Read 2) ===

Total reads processed:               363522
Reads with adapters:                 281821 (77.5%)
R1 reads with poly-G trimmed:          1375 (0.4%)
  R1 poly-G bases removed:           243719
R2 reads with poly-G trimmed:           706 (0.2%)
  R2 poly-G bases removed:           131455

=== Paired-end validation ===

Pairs analyzed:                      363522
Pairs removed:                         1020 (0.3%)
Unpaired R1 kept:                       922
Unpaired R2 kept:                        26
Report: /scratch4/workspace/jade_fiorilla_student_uml_edu-rawseqorcc/trim-galore-illumina/2024_Hyp06_Cont03_B36_gut_S51_R1_001.fastq.gz_trimming_report.txt
JSON report: /scratch4/workspace/jade_fiorilla_student_uml_edu-rawseqorcc/trim-galore-illumina/2024_Hyp06_Cont03_B36_gut_S51_R1_001.fastq.gz_trimming_report.json
Report: /scratch4/workspace/jade_fiorilla_student_uml_edu-rawseqorcc/trim-galore-illumina/2024_Hyp06_Cont03_B36_gut_S51_R2_001.fastq.gz_trimming_report.txt
JSON report: /scratch4/workspace/jade_fiorilla_student_uml_edu-rawseqorcc/trim-galore-illumina/2024_Hyp06_Cont03_B36_gut_S51_R2_001.fastq.gz_trimming_report.json

Running FastQC on /scratch4/workspace/jade_fiorilla_student_uml_edu-rawseqorcc/trim-galore-illumina/2024_Hyp06_Cont03_B36_gut_S51_R1_001_val_1.fq.gz

Running FastQC on /scratch4/workspace/jade_fiorilla_student_uml_edu-rawseqorcc/trim-galore-illumina/2024_Hyp06_Cont03_B36_gut_S51_R2_001_val_2.fq.gz
Running Trim Galore on: 2024_Hyp06_Hyp03_B35_gill_S259

Trim Galore v2.3.0
unknown — linux/x86_64 — built 2026-06-27T16:23:35Z
==================================================

Using 6 worker threads (parallel trim + compress)
Adapter: Illumina (AGATCGGAAGAGC)

Scanning for poly-G content...
Poly-G trimming: ENABLED (auto-detected). 12382 of 472817 reads (2.62%) have poly-G tails (>=10bp) — consistent with 2-colour chemistry (NovaSeq/NextSeq). To disable: --no_poly_g
Trimming (paired-end):
  R1: /scratch4/workspace/jade_fiorilla_student_uml_edu-rawseqorcc/fastq/2024_Hyp06_Hyp03_B35_gill_S259_R1_001.fastq.gz
  R2: /scratch4/workspace/jade_fiorilla_student_uml_edu-rawseqorcc/fastq/2024_Hyp06_Hyp03_B35_gill_S259_R2_001.fastq.gz
  Output R1: /scratch4/workspace/jade_fiorilla_student_uml_edu-rawseqorcc/trim-galore-illumina/2024_Hyp06_Hyp03_B35_gill_S259_R1_001_val_1.fq.gz
  Output R2: /scratch4/workspace/jade_fiorilla_student_uml_edu-rawseqorcc/trim-galore-illumina/2024_Hyp06_Hyp03_B35_gill_S259_R2_001_val_2.fq.gz

=== Summary (Read 1) ===

Total reads processed:               472817
Reads with adapters:                   4162 (0.9%)

=== Summary (Read 2) ===

Total reads processed:               472817
Reads with adapters:                  17621 (3.7%)
R1 reads with poly-G trimmed:           185 (0.0%)
  R1 poly-G bases removed:             9639
R2 reads with poly-G trimmed:            95 (0.0%)
  R2 poly-G bases removed:            17734

=== Paired-end validation ===

Pairs analyzed:                      472817
Pairs removed:                         1076 (0.2%)
Unpaired R1 kept:                      1028
Unpaired R2 kept:                        28
Report: /scratch4/workspace/jade_fiorilla_student_uml_edu-rawseqorcc/trim-galore-illumina/2024_Hyp06_Hyp03_B35_gill_S259_R1_001.fastq.gz_trimming_report.txt
JSON report: /scratch4/workspace/jade_fiorilla_student_uml_edu-rawseqorcc/trim-galore-illumina/2024_Hyp06_Hyp03_B35_gill_S259_R1_001.fastq.gz_trimming_report.json
Report: /scratch4/workspace/jade_fiorilla_student_uml_edu-rawseqorcc/trim-galore-illumina/2024_Hyp06_Hyp03_B35_gill_S259_R2_001.fastq.gz_trimming_report.txt
JSON report: /scratch4/workspace/jade_fiorilla_student_uml_edu-rawseqorcc/trim-galore-illumina/2024_Hyp06_Hyp03_B35_gill_S259_R2_001.fastq.gz_trimming_report.json

Running FastQC on /scratch4/workspace/jade_fiorilla_student_uml_edu-rawseqorcc/trim-galore-illumina/2024_Hyp06_Hyp03_B35_gill_S259_R1_001_val_1.fq.gz

Running FastQC on /scratch4/workspace/jade_fiorilla_student_uml_edu-rawseqorcc/trim-galore-illumina/2024_Hyp06_Hyp03_B35_gill_S259_R2_001_val_2.fq.gz
Running Trim Galore on: 2024_Hyp06_Hyp03_B35_gut_S65

Trim Galore v2.3.0
unknown — linux/x86_64 — built 2026-06-27T16:23:35Z
==================================================

Using 6 worker threads (parallel trim + compress)
Adapter: Illumina (AGATCGGAAGAGC)

Scanning for poly-G content...
Poly-G trimming: ENABLED (auto-detected). 851003 of 1000000 reads (85.10%) have poly-G tails (>=10bp) — consistent with 2-colour chemistry (NovaSeq/NextSeq). To disable: --no_poly_g
Trimming (paired-end):
  R1: /scratch4/workspace/jade_fiorilla_student_uml_edu-rawseqorcc/fastq/2024_Hyp06_Hyp03_B35_gut_S65_R1_001.fastq.gz
  R2: /scratch4/workspace/jade_fiorilla_student_uml_edu-rawseqorcc/fastq/2024_Hyp06_Hyp03_B35_gut_S65_R2_001.fastq.gz
  Output R1: /scratch4/workspace/jade_fiorilla_student_uml_edu-rawseqorcc/trim-galore-illumina/2024_Hyp06_Hyp03_B35_gut_S65_R1_001_val_1.fq.gz
  Output R2: /scratch4/workspace/jade_fiorilla_student_uml_edu-rawseqorcc/trim-galore-illumina/2024_Hyp06_Hyp03_B35_gut_S65_R2_001_val_2.fq.gz

=== Summary (Read 1) ===

Total reads processed:              1511126
Reads with adapters:                 174443 (11.5%)

=== Summary (Read 2) ===

Total reads processed:              1511126
Reads with adapters:                1303297 (86.2%)
R1 reads with poly-G trimmed:          6797 (0.4%)
  R1 poly-G bases removed:          1272490
R2 reads with poly-G trimmed:          3067 (0.2%)
  R2 poly-G bases removed:           558034

=== Paired-end validation ===

Pairs analyzed:                     1511126
Pairs removed:                         3329 (0.2%)
Unpaired R1 kept:                      3054
Unpaired R2 kept:                        58
Report: /scratch4/workspace/jade_fiorilla_student_uml_edu-rawseqorcc/trim-galore-illumina/2024_Hyp06_Hyp03_B35_gut_S65_R1_001.fastq.gz_trimming_report.txt
JSON report: /scratch4/workspace/jade_fiorilla_student_uml_edu-rawseqorcc/trim-galore-illumina/2024_Hyp06_Hyp03_B35_gut_S65_R1_001.fastq.gz_trimming_report.json
Report: /scratch4/workspace/jade_fiorilla_student_uml_edu-rawseqorcc/trim-galore-illumina/2024_Hyp06_Hyp03_B35_gut_S65_R2_001.fastq.gz_trimming_report.txt
JSON report: /scratch4/workspace/jade_fiorilla_student_uml_edu-rawseqorcc/trim-galore-illumina/2024_Hyp06_Hyp03_B35_gut_S65_R2_001.fastq.gz_trimming_report.json

Running FastQC on /scratch4/workspace/jade_fiorilla_student_uml_edu-rawseqorcc/trim-galore-illumina/2024_Hyp06_Hyp03_B35_gut_S65_R1_001_val_1.fq.gz

Running FastQC on /scratch4/workspace/jade_fiorilla_student_uml_edu-rawseqorcc/trim-galore-illumina/2024_Hyp06_Hyp03_B35_gut_S65_R2_001_val_2.fq.gz
Running Trim Galore on: 2024_Hyp06_Null_B45_gill_S89

Trim Galore v2.3.0
unknown — linux/x86_64 — built 2026-06-27T16:23:35Z
==================================================

Using 6 worker threads (parallel trim + compress)
Adapter: Illumina (AGATCGGAAGAGC)

Scanning for poly-G content...
Poly-G trimming: ENABLED (auto-detected). 537335 of 1000000 reads (53.73%) have poly-G tails (>=10bp) — consistent with 2-colour chemistry (NovaSeq/NextSeq). To disable: --no_poly_g
Trimming (paired-end):
  R1: /scratch4/workspace/jade_fiorilla_student_uml_edu-rawseqorcc/fastq/2024_Hyp06_Null_B45_gill_S89_R1_001.fastq.gz
  R2: /scratch4/workspace/jade_fiorilla_student_uml_edu-rawseqorcc/fastq/2024_Hyp06_Null_B45_gill_S89_R2_001.fastq.gz
  Output R1: /scratch4/workspace/jade_fiorilla_student_uml_edu-rawseqorcc/trim-galore-illumina/2024_Hyp06_Null_B45_gill_S89_R1_001_val_1.fq.gz
  Output R2: /scratch4/workspace/jade_fiorilla_student_uml_edu-rawseqorcc/trim-galore-illumina/2024_Hyp06_Null_B45_gill_S89_R2_001_val_2.fq.gz

=== Summary (Read 1) ===

Total reads processed:              1116254
Reads with adapters:                  96168 (8.6%)

=== Summary (Read 2) ===

Total reads processed:              1116254
Reads with adapters:                 608592 (54.5%)
R1 reads with poly-G trimmed:          3885 (0.3%)
  R1 poly-G bases removed:           575995
R2 reads with poly-G trimmed:          1501 (0.1%)
  R2 poly-G bases removed:           271565

=== Paired-end validation ===

Pairs analyzed:                     1116254
Pairs removed:                         3026 (0.3%)
Unpaired R1 kept:                      2821
Unpaired R2 kept:                        65
Report: /scratch4/workspace/jade_fiorilla_student_uml_edu-rawseqorcc/trim-galore-illumina/2024_Hyp06_Null_B45_gill_S89_R1_001.fastq.gz_trimming_report.txt
JSON report: /scratch4/workspace/jade_fiorilla_student_uml_edu-rawseqorcc/trim-galore-illumina/2024_Hyp06_Null_B45_gill_S89_R1_001.fastq.gz_trimming_report.json
Report: /scratch4/workspace/jade_fiorilla_student_uml_edu-rawseqorcc/trim-galore-illumina/2024_Hyp06_Null_B45_gill_S89_R2_001.fastq.gz_trimming_report.txt
JSON report: /scratch4/workspace/jade_fiorilla_student_uml_edu-rawseqorcc/trim-galore-illumina/2024_Hyp06_Null_B45_gill_S89_R2_001.fastq.gz_trimming_report.json

Running FastQC on /scratch4/workspace/jade_fiorilla_student_uml_edu-rawseqorcc/trim-galore-illumina/2024_Hyp06_Null_B45_gill_S89_R1_001_val_1.fq.gz

Running FastQC on /scratch4/workspace/jade_fiorilla_student_uml_edu-rawseqorcc/trim-galore-illumina/2024_Hyp06_Null_B45_gill_S89_R2_001_val_2.fq.gz
Running Trim Galore on: 2024_Hyp06_Null_B45_gut_S183

Trim Galore v2.3.0
unknown — linux/x86_64 — built 2026-06-27T16:23:35Z
==================================================

Using 6 worker threads (parallel trim + compress)
Adapter: Illumina (AGATCGGAAGAGC)

Scanning for poly-G content...
Poly-G trimming: ENABLED (auto-detected). 578485 of 1000000 reads (57.85%) have poly-G tails (>=10bp) — consistent with 2-colour chemistry (NovaSeq/NextSeq). To disable: --no_poly_g
Trimming (paired-end):
  R1: /scratch4/workspace/jade_fiorilla_student_uml_edu-rawseqorcc/fastq/2024_Hyp06_Null_B45_gut_S183_R1_001.fastq.gz
  R2: /scratch4/workspace/jade_fiorilla_student_uml_edu-rawseqorcc/fastq/2024_Hyp06_Null_B45_gut_S183_R2_001.fastq.gz
  Output R1: /scratch4/workspace/jade_fiorilla_student_uml_edu-rawseqorcc/trim-galore-illumina/2024_Hyp06_Null_B45_gut_S183_R1_001_val_1.fq.gz
  Output R2: /scratch4/workspace/jade_fiorilla_student_uml_edu-rawseqorcc/trim-galore-illumina/2024_Hyp06_Null_B45_gut_S183_R2_001_val_2.fq.gz

=== Summary (Read 1) ===

Total reads processed:              1810483
Reads with adapters:                 196450 (10.9%)

=== Summary (Read 2) ===

Total reads processed:              1810483
Reads with adapters:                1095238 (60.5%)
R1 reads with poly-G trimmed:          5721 (0.3%)
  R1 poly-G bases removed:          1068674
R2 reads with poly-G trimmed:          2620 (0.1%)
  R2 poly-G bases removed:           477171

=== Paired-end validation ===

Pairs analyzed:                     1810483
Pairs removed:                         4108 (0.2%)
Unpaired R1 kept:                      3738
Unpaired R2 kept:                       139
Report: /scratch4/workspace/jade_fiorilla_student_uml_edu-rawseqorcc/trim-galore-illumina/2024_Hyp06_Null_B45_gut_S183_R1_001.fastq.gz_trimming_report.txt
JSON report: /scratch4/workspace/jade_fiorilla_student_uml_edu-rawseqorcc/trim-galore-illumina/2024_Hyp06_Null_B45_gut_S183_R1_001.fastq.gz_trimming_report.json
Report: /scratch4/workspace/jade_fiorilla_student_uml_edu-rawseqorcc/trim-galore-illumina/2024_Hyp06_Null_B45_gut_S183_R2_001.fastq.gz_trimming_report.txt
JSON report: /scratch4/workspace/jade_fiorilla_student_uml_edu-rawseqorcc/trim-galore-illumina/2024_Hyp06_Null_B45_gut_S183_R2_001.fastq.gz_trimming_report.json

Running FastQC on /scratch4/workspace/jade_fiorilla_student_uml_edu-rawseqorcc/trim-galore-illumina/2024_Hyp06_Null_B45_gut_S183_R1_001_val_1.fq.gz

Running FastQC on /scratch4/workspace/jade_fiorilla_student_uml_edu-rawseqorcc/trim-galore-illumina/2024_Hyp06_Null_B45_gut_S183_R2_001_val_2.fq.gz
Running Trim Galore on: 2024_phase1_both01_hyp_filter_S107

Trim Galore v2.3.0
unknown — linux/x86_64 — built 2026-06-27T16:23:35Z
==================================================

Using 6 worker threads (parallel trim + compress)
Adapter: Illumina (AGATCGGAAGAGC)

Scanning for poly-G content...
Poly-G trimming: ENABLED (auto-detected). 10561 of 532638 reads (1.98%) have poly-G tails (>=10bp) — consistent with 2-colour chemistry (NovaSeq/NextSeq). To disable: --no_poly_g
Trimming (paired-end):
  R1: /scratch4/workspace/jade_fiorilla_student_uml_edu-rawseqorcc/fastq/2024_phase1_both01_hyp_filter_S107_R1_001.fastq.gz
  R2: /scratch4/workspace/jade_fiorilla_student_uml_edu-rawseqorcc/fastq/2024_phase1_both01_hyp_filter_S107_R2_001.fastq.gz
  Output R1: /scratch4/workspace/jade_fiorilla_student_uml_edu-rawseqorcc/trim-galore-illumina/2024_phase1_both01_hyp_filter_S107_R1_001_val_1.fq.gz
  Output R2: /scratch4/workspace/jade_fiorilla_student_uml_edu-rawseqorcc/trim-galore-illumina/2024_phase1_both01_hyp_filter_S107_R2_001_val_2.fq.gz

=== Summary (Read 1) ===

Total reads processed:               532638
Reads with adapters:                   6842 (1.3%)

=== Summary (Read 2) ===

Total reads processed:               532638
Reads with adapters:                  15696 (2.9%)
R1 reads with poly-G trimmed:           138 (0.0%)
  R1 poly-G bases removed:            11064
R2 reads with poly-G trimmed:            90 (0.0%)
  R2 poly-G bases removed:            15896

=== Paired-end validation ===

Pairs analyzed:                      532638
Pairs removed:                         1554 (0.3%)
Unpaired R1 kept:                      1384
Unpaired R2 kept:                        95
Report: /scratch4/workspace/jade_fiorilla_student_uml_edu-rawseqorcc/trim-galore-illumina/2024_phase1_both01_hyp_filter_S107_R1_001.fastq.gz_trimming_report.txt
JSON report: /scratch4/workspace/jade_fiorilla_student_uml_edu-rawseqorcc/trim-galore-illumina/2024_phase1_both01_hyp_filter_S107_R1_001.fastq.gz_trimming_report.json
Report: /scratch4/workspace/jade_fiorilla_student_uml_edu-rawseqorcc/trim-galore-illumina/2024_phase1_both01_hyp_filter_S107_R2_001.fastq.gz_trimming_report.txt
JSON report: /scratch4/workspace/jade_fiorilla_student_uml_edu-rawseqorcc/trim-galore-illumina/2024_phase1_both01_hyp_filter_S107_R2_001.fastq.gz_trimming_report.json

Running FastQC on /scratch4/workspace/jade_fiorilla_student_uml_edu-rawseqorcc/trim-galore-illumina/2024_phase1_both01_hyp_filter_S107_R1_001_val_1.fq.gz

Running FastQC on /scratch4/workspace/jade_fiorilla_student_uml_edu-rawseqorcc/trim-galore-illumina/2024_phase1_both01_hyp_filter_S107_R2_001_val_2.fq.gz
Running Trim Galore on: 2024_phase1_both03_hyp_filter_S108

Trim Galore v2.3.0
unknown — linux/x86_64 — built 2026-06-27T16:23:35Z
==================================================

Using 6 worker threads (parallel trim + compress)
Adapter: Illumina (AGATCGGAAGAGC)

Scanning for poly-G content...
Poly-G trimming: ENABLED (auto-detected). 10714 of 602262 reads (1.78%) have poly-G tails (>=10bp) — consistent with 2-colour chemistry (NovaSeq/NextSeq). To disable: --no_poly_g
Trimming (paired-end):
  R1: /scratch4/workspace/jade_fiorilla_student_uml_edu-rawseqorcc/fastq/2024_phase1_both03_hyp_filter_S108_R1_001.fastq.gz
  R2: /scratch4/workspace/jade_fiorilla_student_uml_edu-rawseqorcc/fastq/2024_phase1_both03_hyp_filter_S108_R2_001.fastq.gz
  Output R1: /scratch4/workspace/jade_fiorilla_student_uml_edu-rawseqorcc/trim-galore-illumina/2024_phase1_both03_hyp_filter_S108_R1_001_val_1.fq.gz
  Output R2: /scratch4/workspace/jade_fiorilla_student_uml_edu-rawseqorcc/trim-galore-illumina/2024_phase1_both03_hyp_filter_S108_R2_001_val_2.fq.gz

=== Summary (Read 1) ===

Total reads processed:               602262
Reads with adapters:                   7856 (1.3%)

=== Summary (Read 2) ===

Total reads processed:               602262
Reads with adapters:                  16128 (2.7%)
R1 reads with poly-G trimmed:           178 (0.0%)
  R1 poly-G bases removed:            15259
R2 reads with poly-G trimmed:            95 (0.0%)
  R2 poly-G bases removed:            17573

=== Paired-end validation ===

Pairs analyzed:                      602262
Pairs removed:                         1780 (0.3%)
Unpaired R1 kept:                      1602
Unpaired R2 kept:                       102
Report: /scratch4/workspace/jade_fiorilla_student_uml_edu-rawseqorcc/trim-galore-illumina/2024_phase1_both03_hyp_filter_S108_R1_001.fastq.gz_trimming_report.txt
JSON report: /scratch4/workspace/jade_fiorilla_student_uml_edu-rawseqorcc/trim-galore-illumina/2024_phase1_both03_hyp_filter_S108_R1_001.fastq.gz_trimming_report.json
Report: /scratch4/workspace/jade_fiorilla_student_uml_edu-rawseqorcc/trim-galore-illumina/2024_phase1_both03_hyp_filter_S108_R2_001.fastq.gz_trimming_report.txt
JSON report: /scratch4/workspace/jade_fiorilla_student_uml_edu-rawseqorcc/trim-galore-illumina/2024_phase1_both03_hyp_filter_S108_R2_001.fastq.gz_trimming_report.json

Running FastQC on /scratch4/workspace/jade_fiorilla_student_uml_edu-rawseqorcc/trim-galore-illumina/2024_phase1_both03_hyp_filter_S108_R1_001_val_1.fq.gz

Running FastQC on /scratch4/workspace/jade_fiorilla_student_uml_edu-rawseqorcc/trim-galore-illumina/2024_phase1_both03_hyp_filter_S108_R2_001_val_2.fq.gz
Running Trim Galore on: 2024_phase1_both06_hyp_filter_S109

Trim Galore v2.3.0
unknown — linux/x86_64 — built 2026-06-27T16:23:35Z
==================================================

Using 6 worker threads (parallel trim + compress)
Adapter: Illumina (AGATCGGAAGAGC)

Scanning for poly-G content...
Poly-G trimming: ENABLED (auto-detected). 12503 of 726979 reads (1.72%) have poly-G tails (>=10bp) — consistent with 2-colour chemistry (NovaSeq/NextSeq). To disable: --no_poly_g
Trimming (paired-end):
  R1: /scratch4/workspace/jade_fiorilla_student_uml_edu-rawseqorcc/fastq/2024_phase1_both06_hyp_filter_S109_R1_001.fastq.gz
  R2: /scratch4/workspace/jade_fiorilla_student_uml_edu-rawseqorcc/fastq/2024_phase1_both06_hyp_filter_S109_R2_001.fastq.gz
  Output R1: /scratch4/workspace/jade_fiorilla_student_uml_edu-rawseqorcc/trim-galore-illumina/2024_phase1_both06_hyp_filter_S109_R1_001_val_1.fq.gz
  Output R2: /scratch4/workspace/jade_fiorilla_student_uml_edu-rawseqorcc/trim-galore-illumina/2024_phase1_both06_hyp_filter_S109_R2_001_val_2.fq.gz

=== Summary (Read 1) ===

Total reads processed:               726979
Reads with adapters:                   9068 (1.2%)

=== Summary (Read 2) ===

Total reads processed:               726979
Reads with adapters:                  18967 (2.6%)
R1 reads with poly-G trimmed:           159 (0.0%)
  R1 poly-G bases removed:            16890
R2 reads with poly-G trimmed:           136 (0.0%)
  R2 poly-G bases removed:            25782

=== Paired-end validation ===

Pairs analyzed:                      726979
Pairs removed:                         1722 (0.2%)
Unpaired R1 kept:                      1599
Unpaired R2 kept:                        63
Report: /scratch4/workspace/jade_fiorilla_student_uml_edu-rawseqorcc/trim-galore-illumina/2024_phase1_both06_hyp_filter_S109_R1_001.fastq.gz_trimming_report.txt
JSON report: /scratch4/workspace/jade_fiorilla_student_uml_edu-rawseqorcc/trim-galore-illumina/2024_phase1_both06_hyp_filter_S109_R1_001.fastq.gz_trimming_report.json
Report: /scratch4/workspace/jade_fiorilla_student_uml_edu-rawseqorcc/trim-galore-illumina/2024_phase1_both06_hyp_filter_S109_R2_001.fastq.gz_trimming_report.txt
JSON report: /scratch4/workspace/jade_fiorilla_student_uml_edu-rawseqorcc/trim-galore-illumina/2024_phase1_both06_hyp_filter_S109_R2_001.fastq.gz_trimming_report.json

Running FastQC on /scratch4/workspace/jade_fiorilla_student_uml_edu-rawseqorcc/trim-galore-illumina/2024_phase1_both06_hyp_filter_S109_R1_001_val_1.fq.gz

Running FastQC on /scratch4/workspace/jade_fiorilla_student_uml_edu-rawseqorcc/trim-galore-illumina/2024_phase1_both06_hyp_filter_S109_R2_001_val_2.fq.gz
Running Trim Galore on: 2024_phase1_Cont01_hyp_filter_S98

Trim Galore v2.3.0
unknown — linux/x86_64 — built 2026-06-27T16:23:35Z
==================================================

Using 6 worker threads (parallel trim + compress)
Adapter: Illumina (AGATCGGAAGAGC)

Scanning for poly-G content...
Poly-G trimming: ENABLED (auto-detected). 26461 of 770208 reads (3.44%) have poly-G tails (>=10bp) — consistent with 2-colour chemistry (NovaSeq/NextSeq). To disable: --no_poly_g
Trimming (paired-end):
  R1: /scratch4/workspace/jade_fiorilla_student_uml_edu-rawseqorcc/fastq/2024_phase1_Cont01_hyp_filter_S98_R1_001.fastq.gz
  R2: /scratch4/workspace/jade_fiorilla_student_uml_edu-rawseqorcc/fastq/2024_phase1_Cont01_hyp_filter_S98_R2_001.fastq.gz
  Output R1: /scratch4/workspace/jade_fiorilla_student_uml_edu-rawseqorcc/trim-galore-illumina/2024_phase1_Cont01_hyp_filter_S98_R1_001_val_1.fq.gz
  Output R2: /scratch4/workspace/jade_fiorilla_student_uml_edu-rawseqorcc/trim-galore-illumina/2024_phase1_Cont01_hyp_filter_S98_R2_001_val_2.fq.gz

=== Summary (Read 1) ===

Total reads processed:               770208
Reads with adapters:                   9993 (1.3%)

=== Summary (Read 2) ===

Total reads processed:               770208
Reads with adapters:                  32936 (4.3%)
R1 reads with poly-G trimmed:           381 (0.0%)
  R1 poly-G bases removed:            35927
R2 reads with poly-G trimmed:           140 (0.0%)
  R2 poly-G bases removed:            28584

=== Paired-end validation ===

Pairs analyzed:                      770208
Pairs removed:                         1830 (0.2%)
Unpaired R1 kept:                      1704
Unpaired R2 kept:                        55
Report: /scratch4/workspace/jade_fiorilla_student_uml_edu-rawseqorcc/trim-galore-illumina/2024_phase1_Cont01_hyp_filter_S98_R1_001.fastq.gz_trimming_report.txt
JSON report: /scratch4/workspace/jade_fiorilla_student_uml_edu-rawseqorcc/trim-galore-illumina/2024_phase1_Cont01_hyp_filter_S98_R1_001.fastq.gz_trimming_report.json
Report: /scratch4/workspace/jade_fiorilla_student_uml_edu-rawseqorcc/trim-galore-illumina/2024_phase1_Cont01_hyp_filter_S98_R2_001.fastq.gz_trimming_report.txt
JSON report: /scratch4/workspace/jade_fiorilla_student_uml_edu-rawseqorcc/trim-galore-illumina/2024_phase1_Cont01_hyp_filter_S98_R2_001.fastq.gz_trimming_report.json

Running FastQC on /scratch4/workspace/jade_fiorilla_student_uml_edu-rawseqorcc/trim-galore-illumina/2024_phase1_Cont01_hyp_filter_S98_R1_001_val_1.fq.gz

Running FastQC on /scratch4/workspace/jade_fiorilla_student_uml_edu-rawseqorcc/trim-galore-illumina/2024_phase1_Cont01_hyp_filter_S98_R2_001_val_2.fq.gz
Running Trim Galore on: 2024_phase1_cont03_hyp_filter_S99

Trim Galore v2.3.0
unknown — linux/x86_64 — built 2026-06-27T16:23:35Z
==================================================

Using 6 worker threads (parallel trim + compress)
Adapter: Illumina (AGATCGGAAGAGC)

Scanning for poly-G content...
Poly-G trimming: ENABLED (auto-detected). 19444 of 656309 reads (2.96%) have poly-G tails (>=10bp) — consistent with 2-colour chemistry (NovaSeq/NextSeq). To disable: --no_poly_g
Trimming (paired-end):
  R1: /scratch4/workspace/jade_fiorilla_student_uml_edu-rawseqorcc/fastq/2024_phase1_cont03_hyp_filter_S99_R1_001.fastq.gz
  R2: /scratch4/workspace/jade_fiorilla_student_uml_edu-rawseqorcc/fastq/2024_phase1_cont03_hyp_filter_S99_R2_001.fastq.gz
  Output R1: /scratch4/workspace/jade_fiorilla_student_uml_edu-rawseqorcc/trim-galore-illumina/2024_phase1_cont03_hyp_filter_S99_R1_001_val_1.fq.gz
  Output R2: /scratch4/workspace/jade_fiorilla_student_uml_edu-rawseqorcc/trim-galore-illumina/2024_phase1_cont03_hyp_filter_S99_R2_001_val_2.fq.gz

=== Summary (Read 1) ===

Total reads processed:               656309
Reads with adapters:                   8764 (1.3%)

=== Summary (Read 2) ===

Total reads processed:               656309
Reads with adapters:                  25531 (3.9%)
R1 reads with poly-G trimmed:           260 (0.0%)
  R1 poly-G bases removed:            23736
R2 reads with poly-G trimmed:           138 (0.0%)
  R2 poly-G bases removed:            29522

=== Paired-end validation ===

Pairs analyzed:                      656309
Pairs removed:                         1728 (0.3%)
Unpaired R1 kept:                      1578
Unpaired R2 kept:                        95
Report: /scratch4/workspace/jade_fiorilla_student_uml_edu-rawseqorcc/trim-galore-illumina/2024_phase1_cont03_hyp_filter_S99_R1_001.fastq.gz_trimming_report.txt
JSON report: /scratch4/workspace/jade_fiorilla_student_uml_edu-rawseqorcc/trim-galore-illumina/2024_phase1_cont03_hyp_filter_S99_R1_001.fastq.gz_trimming_report.json
Report: /scratch4/workspace/jade_fiorilla_student_uml_edu-rawseqorcc/trim-galore-illumina/2024_phase1_cont03_hyp_filter_S99_R2_001.fastq.gz_trimming_report.txt
JSON report: /scratch4/workspace/jade_fiorilla_student_uml_edu-rawseqorcc/trim-galore-illumina/2024_phase1_cont03_hyp_filter_S99_R2_001.fastq.gz_trimming_report.json

Running FastQC on /scratch4/workspace/jade_fiorilla_student_uml_edu-rawseqorcc/trim-galore-illumina/2024_phase1_cont03_hyp_filter_S99_R1_001_val_1.fq.gz

Running FastQC on /scratch4/workspace/jade_fiorilla_student_uml_edu-rawseqorcc/trim-galore-illumina/2024_phase1_cont03_hyp_filter_S99_R2_001_val_2.fq.gz
Running Trim Galore on: 2024_phase1_cont06_hyp_filter_S100

Trim Galore v2.3.0
unknown — linux/x86_64 — built 2026-06-27T16:23:35Z
==================================================

Using 6 worker threads (parallel trim + compress)
Adapter: Illumina (AGATCGGAAGAGC)

Scanning for poly-G content...
Poly-G trimming: ENABLED (auto-detected). 12704 of 460817 reads (2.76%) have poly-G tails (>=10bp) — consistent with 2-colour chemistry (NovaSeq/NextSeq). To disable: --no_poly_g
Trimming (paired-end):
  R1: /scratch4/workspace/jade_fiorilla_student_uml_edu-rawseqorcc/fastq/2024_phase1_cont06_hyp_filter_S100_R1_001.fastq.gz
  R2: /scratch4/workspace/jade_fiorilla_student_uml_edu-rawseqorcc/fastq/2024_phase1_cont06_hyp_filter_S100_R2_001.fastq.gz
  Output R1: /scratch4/workspace/jade_fiorilla_student_uml_edu-rawseqorcc/trim-galore-illumina/2024_phase1_cont06_hyp_filter_S100_R1_001_val_1.fq.gz
  Output R2: /scratch4/workspace/jade_fiorilla_student_uml_edu-rawseqorcc/trim-galore-illumina/2024_phase1_cont06_hyp_filter_S100_R2_001_val_2.fq.gz

=== Summary (Read 1) ===

Total reads processed:               460817
Reads with adapters:                   6266 (1.4%)

=== Summary (Read 2) ===

Total reads processed:               460817
Reads with adapters:                  16888 (3.7%)
R1 reads with poly-G trimmed:           225 (0.0%)
  R1 poly-G bases removed:            17574
R2 reads with poly-G trimmed:           112 (0.0%)
  R2 poly-G bases removed:            21195

=== Paired-end validation ===

Pairs analyzed:                      460817
Pairs removed:                         1411 (0.3%)
Unpaired R1 kept:                      1294
Unpaired R2 kept:                        59
Report: /scratch4/workspace/jade_fiorilla_student_uml_edu-rawseqorcc/trim-galore-illumina/2024_phase1_cont06_hyp_filter_S100_R1_001.fastq.gz_trimming_report.txt
JSON report: /scratch4/workspace/jade_fiorilla_student_uml_edu-rawseqorcc/trim-galore-illumina/2024_phase1_cont06_hyp_filter_S100_R1_001.fastq.gz_trimming_report.json
Report: /scratch4/workspace/jade_fiorilla_student_uml_edu-rawseqorcc/trim-galore-illumina/2024_phase1_cont06_hyp_filter_S100_R2_001.fastq.gz_trimming_report.txt
JSON report: /scratch4/workspace/jade_fiorilla_student_uml_edu-rawseqorcc/trim-galore-illumina/2024_phase1_cont06_hyp_filter_S100_R2_001.fastq.gz_trimming_report.json

Running FastQC on /scratch4/workspace/jade_fiorilla_student_uml_edu-rawseqorcc/trim-galore-illumina/2024_phase1_cont06_hyp_filter_S100_R1_001_val_1.fq.gz

Running FastQC on /scratch4/workspace/jade_fiorilla_student_uml_edu-rawseqorcc/trim-galore-illumina/2024_phase1_cont06_hyp_filter_S100_R2_001_val_2.fq.gz
Running Trim Galore on: 2024_phase1_hyp01_hyp_filter_S104

Trim Galore v2.3.0
unknown — linux/x86_64 — built 2026-06-27T16:23:35Z
==================================================

Using 6 worker threads (parallel trim + compress)
Adapter: Illumina (AGATCGGAAGAGC)

Scanning for poly-G content...
Poly-G trimming: ENABLED (auto-detected). 19247 of 850091 reads (2.26%) have poly-G tails (>=10bp) — consistent with 2-colour chemistry (NovaSeq/NextSeq). To disable: --no_poly_g
Trimming (paired-end):
  R1: /scratch4/workspace/jade_fiorilla_student_uml_edu-rawseqorcc/fastq/2024_phase1_hyp01_hyp_filter_S104_R1_001.fastq.gz
  R2: /scratch4/workspace/jade_fiorilla_student_uml_edu-rawseqorcc/fastq/2024_phase1_hyp01_hyp_filter_S104_R2_001.fastq.gz
  Output R1: /scratch4/workspace/jade_fiorilla_student_uml_edu-rawseqorcc/trim-galore-illumina/2024_phase1_hyp01_hyp_filter_S104_R1_001_val_1.fq.gz
  Output R2: /scratch4/workspace/jade_fiorilla_student_uml_edu-rawseqorcc/trim-galore-illumina/2024_phase1_hyp01_hyp_filter_S104_R2_001_val_2.fq.gz

=== Summary (Read 1) ===

Total reads processed:               850091
Reads with adapters:                  11468 (1.3%)

=== Summary (Read 2) ===

Total reads processed:               850091
Reads with adapters:                  27170 (3.2%)
R1 reads with poly-G trimmed:           271 (0.0%)
  R1 poly-G bases removed:            23902
R2 reads with poly-G trimmed:           148 (0.0%)
  R2 poly-G bases removed:            30026

=== Paired-end validation ===

Pairs analyzed:                      850091
Pairs removed:                         2144 (0.3%)
Unpaired R1 kept:                      1924
Unpaired R2 kept:                       125
Report: /scratch4/workspace/jade_fiorilla_student_uml_edu-rawseqorcc/trim-galore-illumina/2024_phase1_hyp01_hyp_filter_S104_R1_001.fastq.gz_trimming_report.txt
JSON report: /scratch4/workspace/jade_fiorilla_student_uml_edu-rawseqorcc/trim-galore-illumina/2024_phase1_hyp01_hyp_filter_S104_R1_001.fastq.gz_trimming_report.json
Report: /scratch4/workspace/jade_fiorilla_student_uml_edu-rawseqorcc/trim-galore-illumina/2024_phase1_hyp01_hyp_filter_S104_R2_001.fastq.gz_trimming_report.txt
JSON report: /scratch4/workspace/jade_fiorilla_student_uml_edu-rawseqorcc/trim-galore-illumina/2024_phase1_hyp01_hyp_filter_S104_R2_001.fastq.gz_trimming_report.json

Running FastQC on /scratch4/workspace/jade_fiorilla_student_uml_edu-rawseqorcc/trim-galore-illumina/2024_phase1_hyp01_hyp_filter_S104_R1_001_val_1.fq.gz

Running FastQC on /scratch4/workspace/jade_fiorilla_student_uml_edu-rawseqorcc/trim-galore-illumina/2024_phase1_hyp01_hyp_filter_S104_R2_001_val_2.fq.gz
Running Trim Galore on: 2024_phase1_hyp03_hyp_filter_S105

Trim Galore v2.3.0
unknown — linux/x86_64 — built 2026-06-27T16:23:35Z
==================================================

Using 6 worker threads (parallel trim + compress)
Adapter: Illumina (AGATCGGAAGAGC)

Scanning for poly-G content...
Poly-G trimming: ENABLED (auto-detected). 8137 of 496486 reads (1.64%) have poly-G tails (>=10bp) — consistent with 2-colour chemistry (NovaSeq/NextSeq). To disable: --no_poly_g
Trimming (paired-end):
  R1: /scratch4/workspace/jade_fiorilla_student_uml_edu-rawseqorcc/fastq/2024_phase1_hyp03_hyp_filter_S105_R1_001.fastq.gz
  R2: /scratch4/workspace/jade_fiorilla_student_uml_edu-rawseqorcc/fastq/2024_phase1_hyp03_hyp_filter_S105_R2_001.fastq.gz
  Output R1: /scratch4/workspace/jade_fiorilla_student_uml_edu-rawseqorcc/trim-galore-illumina/2024_phase1_hyp03_hyp_filter_S105_R1_001_val_1.fq.gz
  Output R2: /scratch4/workspace/jade_fiorilla_student_uml_edu-rawseqorcc/trim-galore-illumina/2024_phase1_hyp03_hyp_filter_S105_R2_001_val_2.fq.gz

=== Summary (Read 1) ===

Total reads processed:               496486
Reads with adapters:                   6327 (1.3%)

=== Summary (Read 2) ===

Total reads processed:               496486
Reads with adapters:                  12769 (2.6%)
R1 reads with poly-G trimmed:           141 (0.0%)
  R1 poly-G bases removed:            11487
R2 reads with poly-G trimmed:            77 (0.0%)
  R2 poly-G bases removed:            16692

=== Paired-end validation ===

Pairs analyzed:                      496486
Pairs removed:                         1483 (0.3%)
Unpaired R1 kept:                      1292
Unpaired R2 kept:                       106
Report: /scratch4/workspace/jade_fiorilla_student_uml_edu-rawseqorcc/trim-galore-illumina/2024_phase1_hyp03_hyp_filter_S105_R1_001.fastq.gz_trimming_report.txt
JSON report: /scratch4/workspace/jade_fiorilla_student_uml_edu-rawseqorcc/trim-galore-illumina/2024_phase1_hyp03_hyp_filter_S105_R1_001.fastq.gz_trimming_report.json
Report: /scratch4/workspace/jade_fiorilla_student_uml_edu-rawseqorcc/trim-galore-illumina/2024_phase1_hyp03_hyp_filter_S105_R2_001.fastq.gz_trimming_report.txt
JSON report: /scratch4/workspace/jade_fiorilla_student_uml_edu-rawseqorcc/trim-galore-illumina/2024_phase1_hyp03_hyp_filter_S105_R2_001.fastq.gz_trimming_report.json

Running FastQC on /scratch4/workspace/jade_fiorilla_student_uml_edu-rawseqorcc/trim-galore-illumina/2024_phase1_hyp03_hyp_filter_S105_R1_001_val_1.fq.gz

Running FastQC on /scratch4/workspace/jade_fiorilla_student_uml_edu-rawseqorcc/trim-galore-illumina/2024_phase1_hyp03_hyp_filter_S105_R2_001_val_2.fq.gz
Running Trim Galore on: 2024_phase1_hyp06_hyp_filter_S106

Trim Galore v2.3.0
unknown — linux/x86_64 — built 2026-06-27T16:23:35Z
==================================================

Using 6 worker threads (parallel trim + compress)
Adapter: Illumina (AGATCGGAAGAGC)

Scanning for poly-G content...
Poly-G trimming: ENABLED (auto-detected). 10803 of 884452 reads (1.22%) have poly-G tails (>=10bp) — consistent with 2-colour chemistry (NovaSeq/NextSeq). To disable: --no_poly_g
Trimming (paired-end):
  R1: /scratch4/workspace/jade_fiorilla_student_uml_edu-rawseqorcc/fastq/2024_phase1_hyp06_hyp_filter_S106_R1_001.fastq.gz
  R2: /scratch4/workspace/jade_fiorilla_student_uml_edu-rawseqorcc/fastq/2024_phase1_hyp06_hyp_filter_S106_R2_001.fastq.gz
  Output R1: /scratch4/workspace/jade_fiorilla_student_uml_edu-rawseqorcc/trim-galore-illumina/2024_phase1_hyp06_hyp_filter_S106_R1_001_val_1.fq.gz
  Output R2: /scratch4/workspace/jade_fiorilla_student_uml_edu-rawseqorcc/trim-galore-illumina/2024_phase1_hyp06_hyp_filter_S106_R2_001_val_2.fq.gz

=== Summary (Read 1) ===

Total reads processed:               884452
Reads with adapters:                  11020 (1.2%)

=== Summary (Read 2) ===

Total reads processed:               884452
Reads with adapters:                  18734 (2.1%)
R1 reads with poly-G trimmed:           182 (0.0%)
  R1 poly-G bases removed:            13022
R2 reads with poly-G trimmed:           122 (0.0%)
  R2 poly-G bases removed:            24311

=== Paired-end validation ===

Pairs analyzed:                      884452
Pairs removed:                         2165 (0.2%)
Unpaired R1 kept:                      1959
Unpaired R2 kept:                       116
Report: /scratch4/workspace/jade_fiorilla_student_uml_edu-rawseqorcc/trim-galore-illumina/2024_phase1_hyp06_hyp_filter_S106_R1_001.fastq.gz_trimming_report.txt
JSON report: /scratch4/workspace/jade_fiorilla_student_uml_edu-rawseqorcc/trim-galore-illumina/2024_phase1_hyp06_hyp_filter_S106_R1_001.fastq.gz_trimming_report.json
Report: /scratch4/workspace/jade_fiorilla_student_uml_edu-rawseqorcc/trim-galore-illumina/2024_phase1_hyp06_hyp_filter_S106_R2_001.fastq.gz_trimming_report.txt
JSON report: /scratch4/workspace/jade_fiorilla_student_uml_edu-rawseqorcc/trim-galore-illumina/2024_phase1_hyp06_hyp_filter_S106_R2_001.fastq.gz_trimming_report.json

Running FastQC on /scratch4/workspace/jade_fiorilla_student_uml_edu-rawseqorcc/trim-galore-illumina/2024_phase1_hyp06_hyp_filter_S106_R1_001_val_1.fq.gz

Running FastQC on /scratch4/workspace/jade_fiorilla_student_uml_edu-rawseqorcc/trim-galore-illumina/2024_phase1_hyp06_hyp_filter_S106_R2_001_val_2.fq.gz
Running Trim Galore on: 2024_phase1_warm01_hyp_filter_S101

Trim Galore v2.3.0
unknown — linux/x86_64 — built 2026-06-27T16:23:35Z
==================================================

Using 6 worker threads (parallel trim + compress)
Adapter: Illumina (AGATCGGAAGAGC)

Scanning for poly-G content...
Poly-G trimming: ENABLED (auto-detected). 9909 of 672878 reads (1.47%) have poly-G tails (>=10bp) — consistent with 2-colour chemistry (NovaSeq/NextSeq). To disable: --no_poly_g
Trimming (paired-end):
  R1: /scratch4/workspace/jade_fiorilla_student_uml_edu-rawseqorcc/fastq/2024_phase1_warm01_hyp_filter_S101_R1_001.fastq.gz
  R2: /scratch4/workspace/jade_fiorilla_student_uml_edu-rawseqorcc/fastq/2024_phase1_warm01_hyp_filter_S101_R2_001.fastq.gz
  Output R1: /scratch4/workspace/jade_fiorilla_student_uml_edu-rawseqorcc/trim-galore-illumina/2024_phase1_warm01_hyp_filter_S101_R1_001_val_1.fq.gz
  Output R2: /scratch4/workspace/jade_fiorilla_student_uml_edu-rawseqorcc/trim-galore-illumina/2024_phase1_warm01_hyp_filter_S101_R2_001_val_2.fq.gz

=== Summary (Read 1) ===

Total reads processed:               672878
Reads with adapters:                   7592 (1.1%)

=== Summary (Read 2) ===

Total reads processed:               672878
Reads with adapters:                  15013 (2.2%)
R1 reads with poly-G trimmed:           197 (0.0%)
  R1 poly-G bases removed:            13610
R2 reads with poly-G trimmed:           103 (0.0%)
  R2 poly-G bases removed:            23997

=== Paired-end validation ===

Pairs analyzed:                      672878
Pairs removed:                         1471 (0.2%)
Unpaired R1 kept:                      1410
Unpaired R2 kept:                        38
Report: /scratch4/workspace/jade_fiorilla_student_uml_edu-rawseqorcc/trim-galore-illumina/2024_phase1_warm01_hyp_filter_S101_R1_001.fastq.gz_trimming_report.txt
JSON report: /scratch4/workspace/jade_fiorilla_student_uml_edu-rawseqorcc/trim-galore-illumina/2024_phase1_warm01_hyp_filter_S101_R1_001.fastq.gz_trimming_report.json
Report: /scratch4/workspace/jade_fiorilla_student_uml_edu-rawseqorcc/trim-galore-illumina/2024_phase1_warm01_hyp_filter_S101_R2_001.fastq.gz_trimming_report.txt
JSON report: /scratch4/workspace/jade_fiorilla_student_uml_edu-rawseqorcc/trim-galore-illumina/2024_phase1_warm01_hyp_filter_S101_R2_001.fastq.gz_trimming_report.json

Running FastQC on /scratch4/workspace/jade_fiorilla_student_uml_edu-rawseqorcc/trim-galore-illumina/2024_phase1_warm01_hyp_filter_S101_R1_001_val_1.fq.gz

Running FastQC on /scratch4/workspace/jade_fiorilla_student_uml_edu-rawseqorcc/trim-galore-illumina/2024_phase1_warm01_hyp_filter_S101_R2_001_val_2.fq.gz
Running Trim Galore on: 2024_phase1_warm03_hyp_filter_S102

Trim Galore v2.3.0
unknown — linux/x86_64 — built 2026-06-27T16:23:35Z
==================================================

Using 6 worker threads (parallel trim + compress)
Adapter: Illumina (AGATCGGAAGAGC)

Scanning for poly-G content...
Poly-G trimming: ENABLED (auto-detected). 13074 of 543657 reads (2.40%) have poly-G tails (>=10bp) — consistent with 2-colour chemistry (NovaSeq/NextSeq). To disable: --no_poly_g
Trimming (paired-end):
  R1: /scratch4/workspace/jade_fiorilla_student_uml_edu-rawseqorcc/fastq/2024_phase1_warm03_hyp_filter_S102_R1_001.fastq.gz
  R2: /scratch4/workspace/jade_fiorilla_student_uml_edu-rawseqorcc/fastq/2024_phase1_warm03_hyp_filter_S102_R2_001.fastq.gz
  Output R1: /scratch4/workspace/jade_fiorilla_student_uml_edu-rawseqorcc/trim-galore-illumina/2024_phase1_warm03_hyp_filter_S102_R1_001_val_1.fq.gz
  Output R2: /scratch4/workspace/jade_fiorilla_student_uml_edu-rawseqorcc/trim-galore-illumina/2024_phase1_warm03_hyp_filter_S102_R2_001_val_2.fq.gz

=== Summary (Read 1) ===

Total reads processed:               543657
Reads with adapters:                   6869 (1.3%)

=== Summary (Read 2) ===

Total reads processed:               543657
Reads with adapters:                  17844 (3.3%)
R1 reads with poly-G trimmed:           215 (0.0%)
  R1 poly-G bases removed:            18511
R2 reads with poly-G trimmed:           112 (0.0%)
  R2 poly-G bases removed:            21555

=== Paired-end validation ===

Pairs analyzed:                      543657
Pairs removed:                         1501 (0.3%)
Unpaired R1 kept:                      1376
Unpaired R2 kept:                        65
Report: /scratch4/workspace/jade_fiorilla_student_uml_edu-rawseqorcc/trim-galore-illumina/2024_phase1_warm03_hyp_filter_S102_R1_001.fastq.gz_trimming_report.txt
JSON report: /scratch4/workspace/jade_fiorilla_student_uml_edu-rawseqorcc/trim-galore-illumina/2024_phase1_warm03_hyp_filter_S102_R1_001.fastq.gz_trimming_report.json
Report: /scratch4/workspace/jade_fiorilla_student_uml_edu-rawseqorcc/trim-galore-illumina/2024_phase1_warm03_hyp_filter_S102_R2_001.fastq.gz_trimming_report.txt
JSON report: /scratch4/workspace/jade_fiorilla_student_uml_edu-rawseqorcc/trim-galore-illumina/2024_phase1_warm03_hyp_filter_S102_R2_001.fastq.gz_trimming_report.json

Running FastQC on /scratch4/workspace/jade_fiorilla_student_uml_edu-rawseqorcc/trim-galore-illumina/2024_phase1_warm03_hyp_filter_S102_R1_001_val_1.fq.gz

Running FastQC on /scratch4/workspace/jade_fiorilla_student_uml_edu-rawseqorcc/trim-galore-illumina/2024_phase1_warm03_hyp_filter_S102_R2_001_val_2.fq.gz
Running Trim Galore on: 2024_phase1_warm06_hyp_filter_S103

Trim Galore v2.3.0
unknown — linux/x86_64 — built 2026-06-27T16:23:35Z
==================================================

Using 6 worker threads (parallel trim + compress)
Adapter: Illumina (AGATCGGAAGAGC)

Scanning for poly-G content...
Poly-G trimming: ENABLED (auto-detected). 30905 of 737748 reads (4.19%) have poly-G tails (>=10bp) — consistent with 2-colour chemistry (NovaSeq/NextSeq). To disable: --no_poly_g
Trimming (paired-end):
  R1: /scratch4/workspace/jade_fiorilla_student_uml_edu-rawseqorcc/fastq/2024_phase1_warm06_hyp_filter_S103_R1_001.fastq.gz
  R2: /scratch4/workspace/jade_fiorilla_student_uml_edu-rawseqorcc/fastq/2024_phase1_warm06_hyp_filter_S103_R2_001.fastq.gz
  Output R1: /scratch4/workspace/jade_fiorilla_student_uml_edu-rawseqorcc/trim-galore-illumina/2024_phase1_warm06_hyp_filter_S103_R1_001_val_1.fq.gz
  Output R2: /scratch4/workspace/jade_fiorilla_student_uml_edu-rawseqorcc/trim-galore-illumina/2024_phase1_warm06_hyp_filter_S103_R2_001_val_2.fq.gz

=== Summary (Read 1) ===

Total reads processed:               737748
Reads with adapters:                  10733 (1.5%)

=== Summary (Read 2) ===

Total reads processed:               737748
Reads with adapters:                  37778 (5.1%)
R1 reads with poly-G trimmed:           302 (0.0%)
  R1 poly-G bases removed:            28590
R2 reads with poly-G trimmed:           143 (0.0%)
  R2 poly-G bases removed:            29387

=== Paired-end validation ===

Pairs analyzed:                      737748
Pairs removed:                         1927 (0.3%)
Unpaired R1 kept:                      1644
Unpaired R2 kept:                       142
Report: /scratch4/workspace/jade_fiorilla_student_uml_edu-rawseqorcc/trim-galore-illumina/2024_phase1_warm06_hyp_filter_S103_R1_001.fastq.gz_trimming_report.txt
JSON report: /scratch4/workspace/jade_fiorilla_student_uml_edu-rawseqorcc/trim-galore-illumina/2024_phase1_warm06_hyp_filter_S103_R1_001.fastq.gz_trimming_report.json
Report: /scratch4/workspace/jade_fiorilla_student_uml_edu-rawseqorcc/trim-galore-illumina/2024_phase1_warm06_hyp_filter_S103_R2_001.fastq.gz_trimming_report.txt
JSON report: /scratch4/workspace/jade_fiorilla_student_uml_edu-rawseqorcc/trim-galore-illumina/2024_phase1_warm06_hyp_filter_S103_R2_001.fastq.gz_trimming_report.json

Running FastQC on /scratch4/workspace/jade_fiorilla_student_uml_edu-rawseqorcc/trim-galore-illumina/2024_phase1_warm06_hyp_filter_S103_R1_001_val_1.fq.gz

Running FastQC on /scratch4/workspace/jade_fiorilla_student_uml_edu-rawseqorcc/trim-galore-illumina/2024_phase1_warm06_hyp_filter_S103_R2_001_val_2.fq.gz
Running Trim Galore on: 2024_phase2_Both01_Hyp_filter_S119

Trim Galore v2.3.0
unknown — linux/x86_64 — built 2026-06-27T16:23:35Z
==================================================

Using 6 worker threads (parallel trim + compress)
Adapter: Illumina (AGATCGGAAGAGC)

Scanning for poly-G content...
Poly-G trimming: ENABLED (auto-detected). 10623 of 526199 reads (2.02%) have poly-G tails (>=10bp) — consistent with 2-colour chemistry (NovaSeq/NextSeq). To disable: --no_poly_g
Trimming (paired-end):
  R1: /scratch4/workspace/jade_fiorilla_student_uml_edu-rawseqorcc/fastq/2024_phase2_Both01_Hyp_filter_S119_R1_001.fastq.gz
  R2: /scratch4/workspace/jade_fiorilla_student_uml_edu-rawseqorcc/fastq/2024_phase2_Both01_Hyp_filter_S119_R2_001.fastq.gz
  Output R1: /scratch4/workspace/jade_fiorilla_student_uml_edu-rawseqorcc/trim-galore-illumina/2024_phase2_Both01_Hyp_filter_S119_R1_001_val_1.fq.gz
  Output R2: /scratch4/workspace/jade_fiorilla_student_uml_edu-rawseqorcc/trim-galore-illumina/2024_phase2_Both01_Hyp_filter_S119_R2_001_val_2.fq.gz

=== Summary (Read 1) ===

Total reads processed:               526199
Reads with adapters:                   6072 (1.2%)

=== Summary (Read 2) ===

Total reads processed:               526199
Reads with adapters:                  15379 (2.9%)
R1 reads with poly-G trimmed:           450 (0.1%)
  R1 poly-G bases removed:            15002
R2 reads with poly-G trimmed:            90 (0.0%)
  R2 poly-G bases removed:            19006

=== Paired-end validation ===

Pairs analyzed:                      526199
Pairs removed:                         1463 (0.3%)
Unpaired R1 kept:                      1330
Unpaired R2 kept:                        70
Report: /scratch4/workspace/jade_fiorilla_student_uml_edu-rawseqorcc/trim-galore-illumina/2024_phase2_Both01_Hyp_filter_S119_R1_001.fastq.gz_trimming_report.txt
JSON report: /scratch4/workspace/jade_fiorilla_student_uml_edu-rawseqorcc/trim-galore-illumina/2024_phase2_Both01_Hyp_filter_S119_R1_001.fastq.gz_trimming_report.json
Report: /scratch4/workspace/jade_fiorilla_student_uml_edu-rawseqorcc/trim-galore-illumina/2024_phase2_Both01_Hyp_filter_S119_R2_001.fastq.gz_trimming_report.txt
JSON report: /scratch4/workspace/jade_fiorilla_student_uml_edu-rawseqorcc/trim-galore-illumina/2024_phase2_Both01_Hyp_filter_S119_R2_001.fastq.gz_trimming_report.json

Running FastQC on /scratch4/workspace/jade_fiorilla_student_uml_edu-rawseqorcc/trim-galore-illumina/2024_phase2_Both01_Hyp_filter_S119_R1_001_val_1.fq.gz

Running FastQC on /scratch4/workspace/jade_fiorilla_student_uml_edu-rawseqorcc/trim-galore-illumina/2024_phase2_Both01_Hyp_filter_S119_R2_001_val_2.fq.gz
Running Trim Galore on: 2024_phase2_Both01_Norm_filter_S131

Trim Galore v2.3.0
unknown — linux/x86_64 — built 2026-06-27T16:23:35Z
==================================================

Using 6 worker threads (parallel trim + compress)
Adapter: Illumina (AGATCGGAAGAGC)

Scanning for poly-G content...
Poly-G trimming: ENABLED (auto-detected). 4491 of 867032 reads (0.52%) have poly-G tails (>=10bp) — consistent with 2-colour chemistry (NovaSeq/NextSeq). To disable: --no_poly_g
Trimming (paired-end):
  R1: /scratch4/workspace/jade_fiorilla_student_uml_edu-rawseqorcc/fastq/2024_phase2_Both01_Norm_filter_S131_R1_001.fastq.gz
  R2: /scratch4/workspace/jade_fiorilla_student_uml_edu-rawseqorcc/fastq/2024_phase2_Both01_Norm_filter_S131_R2_001.fastq.gz
  Output R1: /scratch4/workspace/jade_fiorilla_student_uml_edu-rawseqorcc/trim-galore-illumina/2024_phase2_Both01_Norm_filter_S131_R1_001_val_1.fq.gz
  Output R2: /scratch4/workspace/jade_fiorilla_student_uml_edu-rawseqorcc/trim-galore-illumina/2024_phase2_Both01_Norm_filter_S131_R2_001_val_2.fq.gz

=== Summary (Read 1) ===

Total reads processed:               867032
Reads with adapters:                   2870 (0.3%)

=== Summary (Read 2) ===

Total reads processed:               867032
Reads with adapters:                   7610 (0.9%)
R1 reads with poly-G trimmed:           148 (0.0%)
  R1 poly-G bases removed:             5161
R2 reads with poly-G trimmed:           180 (0.0%)
  R2 poly-G bases removed:            41634

=== Paired-end validation ===

Pairs analyzed:                      867032
Pairs removed:                         3118 (0.4%)
Unpaired R1 kept:                      2949
Unpaired R2 kept:                       114
Report: /scratch4/workspace/jade_fiorilla_student_uml_edu-rawseqorcc/trim-galore-illumina/2024_phase2_Both01_Norm_filter_S131_R1_001.fastq.gz_trimming_report.txt
JSON report: /scratch4/workspace/jade_fiorilla_student_uml_edu-rawseqorcc/trim-galore-illumina/2024_phase2_Both01_Norm_filter_S131_R1_001.fastq.gz_trimming_report.json
Report: /scratch4/workspace/jade_fiorilla_student_uml_edu-rawseqorcc/trim-galore-illumina/2024_phase2_Both01_Norm_filter_S131_R2_001.fastq.gz_trimming_report.txt
JSON report: /scratch4/workspace/jade_fiorilla_student_uml_edu-rawseqorcc/trim-galore-illumina/2024_phase2_Both01_Norm_filter_S131_R2_001.fastq.gz_trimming_report.json

Running FastQC on /scratch4/workspace/jade_fiorilla_student_uml_edu-rawseqorcc/trim-galore-illumina/2024_phase2_Both01_Norm_filter_S131_R1_001_val_1.fq.gz

Running FastQC on /scratch4/workspace/jade_fiorilla_student_uml_edu-rawseqorcc/trim-galore-illumina/2024_phase2_Both01_Norm_filter_S131_R2_001_val_2.fq.gz
Running Trim Galore on: 2024_phase2_Both03_Hyp_filter_S120

Trim Galore v2.3.0
unknown — linux/x86_64 — built 2026-06-27T16:23:35Z
==================================================

Using 6 worker threads (parallel trim + compress)
Adapter: Illumina (AGATCGGAAGAGC)

Scanning for poly-G content...
Poly-G trimming: ENABLED (auto-detected). 14317 of 755255 reads (1.90%) have poly-G tails (>=10bp) — consistent with 2-colour chemistry (NovaSeq/NextSeq). To disable: --no_poly_g
Trimming (paired-end):
  R1: /scratch4/workspace/jade_fiorilla_student_uml_edu-rawseqorcc/fastq/2024_phase2_Both03_Hyp_filter_S120_R1_001.fastq.gz
  R2: /scratch4/workspace/jade_fiorilla_student_uml_edu-rawseqorcc/fastq/2024_phase2_Both03_Hyp_filter_S120_R2_001.fastq.gz
  Output R1: /scratch4/workspace/jade_fiorilla_student_uml_edu-rawseqorcc/trim-galore-illumina/2024_phase2_Both03_Hyp_filter_S120_R1_001_val_1.fq.gz
  Output R2: /scratch4/workspace/jade_fiorilla_student_uml_edu-rawseqorcc/trim-galore-illumina/2024_phase2_Both03_Hyp_filter_S120_R2_001_val_2.fq.gz

=== Summary (Read 1) ===

Total reads processed:               755255
Reads with adapters:                   8565 (1.1%)

=== Summary (Read 2) ===

Total reads processed:               755255
Reads with adapters:                  21123 (2.8%)
R1 reads with poly-G trimmed:           568 (0.1%)
  R1 poly-G bases removed:            18996
R2 reads with poly-G trimmed:           143 (0.0%)
  R2 poly-G bases removed:            26894

=== Paired-end validation ===

Pairs analyzed:                      755255
Pairs removed:                         1942 (0.3%)
Unpaired R1 kept:                      1758
Unpaired R2 kept:                        97
Report: /scratch4/workspace/jade_fiorilla_student_uml_edu-rawseqorcc/trim-galore-illumina/2024_phase2_Both03_Hyp_filter_S120_R1_001.fastq.gz_trimming_report.txt
JSON report: /scratch4/workspace/jade_fiorilla_student_uml_edu-rawseqorcc/trim-galore-illumina/2024_phase2_Both03_Hyp_filter_S120_R1_001.fastq.gz_trimming_report.json
Report: /scratch4/workspace/jade_fiorilla_student_uml_edu-rawseqorcc/trim-galore-illumina/2024_phase2_Both03_Hyp_filter_S120_R2_001.fastq.gz_trimming_report.txt
JSON report: /scratch4/workspace/jade_fiorilla_student_uml_edu-rawseqorcc/trim-galore-illumina/2024_phase2_Both03_Hyp_filter_S120_R2_001.fastq.gz_trimming_report.json

Running FastQC on /scratch4/workspace/jade_fiorilla_student_uml_edu-rawseqorcc/trim-galore-illumina/2024_phase2_Both03_Hyp_filter_S120_R1_001_val_1.fq.gz

Running FastQC on /scratch4/workspace/jade_fiorilla_student_uml_edu-rawseqorcc/trim-galore-illumina/2024_phase2_Both03_Hyp_filter_S120_R2_001_val_2.fq.gz
Running Trim Galore on: 2024_phase2_Both03_Norm_filter_S132

Trim Galore v2.3.0
unknown — linux/x86_64 — built 2026-06-27T16:23:35Z
==================================================

Using 6 worker threads (parallel trim + compress)
Adapter: Illumina (AGATCGGAAGAGC)

Scanning for poly-G content...
Poly-G trimming: ENABLED (auto-detected). 3579 of 1000000 reads (0.36%) have poly-G tails (>=10bp) — consistent with 2-colour chemistry (NovaSeq/NextSeq). To disable: --no_poly_g
Trimming (paired-end):
  R1: /scratch4/workspace/jade_fiorilla_student_uml_edu-rawseqorcc/fastq/2024_phase2_Both03_Norm_filter_S132_R1_001.fastq.gz
  R2: /scratch4/workspace/jade_fiorilla_student_uml_edu-rawseqorcc/fastq/2024_phase2_Both03_Norm_filter_S132_R2_001.fastq.gz
  Output R1: /scratch4/workspace/jade_fiorilla_student_uml_edu-rawseqorcc/trim-galore-illumina/2024_phase2_Both03_Norm_filter_S132_R1_001_val_1.fq.gz
  Output R2: /scratch4/workspace/jade_fiorilla_student_uml_edu-rawseqorcc/trim-galore-illumina/2024_phase2_Both03_Norm_filter_S132_R2_001_val_2.fq.gz

=== Summary (Read 1) ===

Total reads processed:              1151092
Reads with adapters:                   3844 (0.3%)

=== Summary (Read 2) ===

Total reads processed:              1151092
Reads with adapters:                   8703 (0.8%)
R1 reads with poly-G trimmed:           158 (0.0%)
  R1 poly-G bases removed:             4633
R2 reads with poly-G trimmed:           244 (0.0%)
  R2 poly-G bases removed:            49295

=== Paired-end validation ===

Pairs analyzed:                     1151092
Pairs removed:                         3985 (0.3%)
Unpaired R1 kept:                      3788
Unpaired R2 kept:                       110
Report: /scratch4/workspace/jade_fiorilla_student_uml_edu-rawseqorcc/trim-galore-illumina/2024_phase2_Both03_Norm_filter_S132_R1_001.fastq.gz_trimming_report.txt
JSON report: /scratch4/workspace/jade_fiorilla_student_uml_edu-rawseqorcc/trim-galore-illumina/2024_phase2_Both03_Norm_filter_S132_R1_001.fastq.gz_trimming_report.json
Report: /scratch4/workspace/jade_fiorilla_student_uml_edu-rawseqorcc/trim-galore-illumina/2024_phase2_Both03_Norm_filter_S132_R2_001.fastq.gz_trimming_report.txt
JSON report: /scratch4/workspace/jade_fiorilla_student_uml_edu-rawseqorcc/trim-galore-illumina/2024_phase2_Both03_Norm_filter_S132_R2_001.fastq.gz_trimming_report.json

Running FastQC on /scratch4/workspace/jade_fiorilla_student_uml_edu-rawseqorcc/trim-galore-illumina/2024_phase2_Both03_Norm_filter_S132_R1_001_val_1.fq.gz

Running FastQC on /scratch4/workspace/jade_fiorilla_student_uml_edu-rawseqorcc/trim-galore-illumina/2024_phase2_Both03_Norm_filter_S132_R2_001_val_2.fq.gz
Running Trim Galore on: 2024_phase2_Both06_Hyp_filter_S121

Trim Galore v2.3.0
unknown — linux/x86_64 — built 2026-06-27T16:23:35Z
==================================================

Using 6 worker threads (parallel trim + compress)
Adapter: Illumina (AGATCGGAAGAGC)

Scanning for poly-G content...
Poly-G trimming: ENABLED (auto-detected). 21032 of 571788 reads (3.68%) have poly-G tails (>=10bp) — consistent with 2-colour chemistry (NovaSeq/NextSeq). To disable: --no_poly_g
Trimming (paired-end):
  R1: /scratch4/workspace/jade_fiorilla_student_uml_edu-rawseqorcc/fastq/2024_phase2_Both06_Hyp_filter_S121_R1_001.fastq.gz
  R2: /scratch4/workspace/jade_fiorilla_student_uml_edu-rawseqorcc/fastq/2024_phase2_Both06_Hyp_filter_S121_R2_001.fastq.gz
  Output R1: /scratch4/workspace/jade_fiorilla_student_uml_edu-rawseqorcc/trim-galore-illumina/2024_phase2_Both06_Hyp_filter_S121_R1_001_val_1.fq.gz
  Output R2: /scratch4/workspace/jade_fiorilla_student_uml_edu-rawseqorcc/trim-galore-illumina/2024_phase2_Both06_Hyp_filter_S121_R2_001_val_2.fq.gz

=== Summary (Read 1) ===

Total reads processed:               571788
Reads with adapters:                   7319 (1.3%)

=== Summary (Read 2) ===

Total reads processed:               571788
Reads with adapters:                  26447 (4.6%)
R1 reads with poly-G trimmed:           840 (0.1%)
  R1 poly-G bases removed:            24849
R2 reads with poly-G trimmed:           109 (0.0%)
  R2 poly-G bases removed:            23009

=== Paired-end validation ===

Pairs analyzed:                      571788
Pairs removed:                         1647 (0.3%)
Unpaired R1 kept:                      1474
Unpaired R2 kept:                       108
Report: /scratch4/workspace/jade_fiorilla_student_uml_edu-rawseqorcc/trim-galore-illumina/2024_phase2_Both06_Hyp_filter_S121_R1_001.fastq.gz_trimming_report.txt
JSON report: /scratch4/workspace/jade_fiorilla_student_uml_edu-rawseqorcc/trim-galore-illumina/2024_phase2_Both06_Hyp_filter_S121_R1_001.fastq.gz_trimming_report.json
Report: /scratch4/workspace/jade_fiorilla_student_uml_edu-rawseqorcc/trim-galore-illumina/2024_phase2_Both06_Hyp_filter_S121_R2_001.fastq.gz_trimming_report.txt
JSON report: /scratch4/workspace/jade_fiorilla_student_uml_edu-rawseqorcc/trim-galore-illumina/2024_phase2_Both06_Hyp_filter_S121_R2_001.fastq.gz_trimming_report.json

Running FastQC on /scratch4/workspace/jade_fiorilla_student_uml_edu-rawseqorcc/trim-galore-illumina/2024_phase2_Both06_Hyp_filter_S121_R1_001_val_1.fq.gz

Running FastQC on /scratch4/workspace/jade_fiorilla_student_uml_edu-rawseqorcc/trim-galore-illumina/2024_phase2_Both06_Hyp_filter_S121_R2_001_val_2.fq.gz
Running Trim Galore on: 2024_phase2_Both06_Norm_filter_S133

Trim Galore v2.3.0
unknown — linux/x86_64 — built 2026-06-27T16:23:35Z
==================================================

Using 6 worker threads (parallel trim + compress)
Adapter: Illumina (AGATCGGAAGAGC)

Scanning for poly-G content...
Poly-G trimming: ENABLED (auto-detected). 3961 of 823820 reads (0.48%) have poly-G tails (>=10bp) — consistent with 2-colour chemistry (NovaSeq/NextSeq). To disable: --no_poly_g
Trimming (paired-end):
  R1: /scratch4/workspace/jade_fiorilla_student_uml_edu-rawseqorcc/fastq/2024_phase2_Both06_Norm_filter_S133_R1_001.fastq.gz
  R2: /scratch4/workspace/jade_fiorilla_student_uml_edu-rawseqorcc/fastq/2024_phase2_Both06_Norm_filter_S133_R2_001.fastq.gz
  Output R1: /scratch4/workspace/jade_fiorilla_student_uml_edu-rawseqorcc/trim-galore-illumina/2024_phase2_Both06_Norm_filter_S133_R1_001_val_1.fq.gz
  Output R2: /scratch4/workspace/jade_fiorilla_student_uml_edu-rawseqorcc/trim-galore-illumina/2024_phase2_Both06_Norm_filter_S133_R2_001_val_2.fq.gz

=== Summary (Read 1) ===

Total reads processed:               823820
Reads with adapters:                   2858 (0.3%)

=== Summary (Read 2) ===

Total reads processed:               823820
Reads with adapters:                   6695 (0.8%)
R1 reads with poly-G trimmed:           167 (0.0%)
  R1 poly-G bases removed:             7114
R2 reads with poly-G trimmed:           175 (0.0%)
  R2 poly-G bases removed:            38516

=== Paired-end validation ===

Pairs analyzed:                      823820
Pairs removed:                         2833 (0.3%)
Unpaired R1 kept:                      2688
Unpaired R2 kept:                        79
Report: /scratch4/workspace/jade_fiorilla_student_uml_edu-rawseqorcc/trim-galore-illumina/2024_phase2_Both06_Norm_filter_S133_R1_001.fastq.gz_trimming_report.txt
JSON report: /scratch4/workspace/jade_fiorilla_student_uml_edu-rawseqorcc/trim-galore-illumina/2024_phase2_Both06_Norm_filter_S133_R1_001.fastq.gz_trimming_report.json
Report: /scratch4/workspace/jade_fiorilla_student_uml_edu-rawseqorcc/trim-galore-illumina/2024_phase2_Both06_Norm_filter_S133_R2_001.fastq.gz_trimming_report.txt
JSON report: /scratch4/workspace/jade_fiorilla_student_uml_edu-rawseqorcc/trim-galore-illumina/2024_phase2_Both06_Norm_filter_S133_R2_001.fastq.gz_trimming_report.json

Running FastQC on /scratch4/workspace/jade_fiorilla_student_uml_edu-rawseqorcc/trim-galore-illumina/2024_phase2_Both06_Norm_filter_S133_R1_001_val_1.fq.gz

Running FastQC on /scratch4/workspace/jade_fiorilla_student_uml_edu-rawseqorcc/trim-galore-illumina/2024_phase2_Both06_Norm_filter_S133_R2_001_val_2.fq.gz
Running Trim Galore on: 2024_phase2_Cont01_Hyp_filter_S110

Trim Galore v2.3.0
unknown — linux/x86_64 — built 2026-06-27T16:23:35Z
==================================================

Using 6 worker threads (parallel trim + compress)
Adapter: Illumina (AGATCGGAAGAGC)

Scanning for poly-G content...
Poly-G trimming: ENABLED (auto-detected). 31609 of 672889 reads (4.70%) have poly-G tails (>=10bp) — consistent with 2-colour chemistry (NovaSeq/NextSeq). To disable: --no_poly_g
Trimming (paired-end):
  R1: /scratch4/workspace/jade_fiorilla_student_uml_edu-rawseqorcc/fastq/2024_phase2_Cont01_Hyp_filter_S110_R1_001.fastq.gz
  R2: /scratch4/workspace/jade_fiorilla_student_uml_edu-rawseqorcc/fastq/2024_phase2_Cont01_Hyp_filter_S110_R2_001.fastq.gz
  Output R1: /scratch4/workspace/jade_fiorilla_student_uml_edu-rawseqorcc/trim-galore-illumina/2024_phase2_Cont01_Hyp_filter_S110_R1_001_val_1.fq.gz
  Output R2: /scratch4/workspace/jade_fiorilla_student_uml_edu-rawseqorcc/trim-galore-illumina/2024_phase2_Cont01_Hyp_filter_S110_R2_001_val_2.fq.gz

=== Summary (Read 1) ===

Total reads processed:               672889
Reads with adapters:                   9306 (1.4%)

=== Summary (Read 2) ===

Total reads processed:               672889
Reads with adapters:                  37425 (5.6%)
R1 reads with poly-G trimmed:           341 (0.1%)
  R1 poly-G bases removed:            38068
R2 reads with poly-G trimmed:           147 (0.0%)
  R2 poly-G bases removed:            27888

=== Paired-end validation ===

Pairs analyzed:                      672889
Pairs removed:                         1743 (0.3%)
Unpaired R1 kept:                      1584
Unpaired R2 kept:                        89
Report: /scratch4/workspace/jade_fiorilla_student_uml_edu-rawseqorcc/trim-galore-illumina/2024_phase2_Cont01_Hyp_filter_S110_R1_001.fastq.gz_trimming_report.txt
JSON report: /scratch4/workspace/jade_fiorilla_student_uml_edu-rawseqorcc/trim-galore-illumina/2024_phase2_Cont01_Hyp_filter_S110_R1_001.fastq.gz_trimming_report.json
Report: /scratch4/workspace/jade_fiorilla_student_uml_edu-rawseqorcc/trim-galore-illumina/2024_phase2_Cont01_Hyp_filter_S110_R2_001.fastq.gz_trimming_report.txt
JSON report: /scratch4/workspace/jade_fiorilla_student_uml_edu-rawseqorcc/trim-galore-illumina/2024_phase2_Cont01_Hyp_filter_S110_R2_001.fastq.gz_trimming_report.json

Running FastQC on /scratch4/workspace/jade_fiorilla_student_uml_edu-rawseqorcc/trim-galore-illumina/2024_phase2_Cont01_Hyp_filter_S110_R1_001_val_1.fq.gz

Running FastQC on /scratch4/workspace/jade_fiorilla_student_uml_edu-rawseqorcc/trim-galore-illumina/2024_phase2_Cont01_Hyp_filter_S110_R2_001_val_2.fq.gz
Running Trim Galore on: 2024_phase2_Cont01_Norm_filter_S122

Trim Galore v2.3.0
unknown — linux/x86_64 — built 2026-06-27T16:23:35Z
==================================================

Using 6 worker threads (parallel trim + compress)
Adapter: Illumina (AGATCGGAAGAGC)

Scanning for poly-G content...
Poly-G trimming: ENABLED (auto-detected). 90092 of 1000000 reads (9.01%) have poly-G tails (>=10bp) — consistent with 2-colour chemistry (NovaSeq/NextSeq). To disable: --no_poly_g
Trimming (paired-end):
  R1: /scratch4/workspace/jade_fiorilla_student_uml_edu-rawseqorcc/fastq/2024_phase2_Cont01_Norm_filter_S122_R1_001.fastq.gz
  R2: /scratch4/workspace/jade_fiorilla_student_uml_edu-rawseqorcc/fastq/2024_phase2_Cont01_Norm_filter_S122_R2_001.fastq.gz
  Output R1: /scratch4/workspace/jade_fiorilla_student_uml_edu-rawseqorcc/trim-galore-illumina/2024_phase2_Cont01_Norm_filter_S122_R1_001_val_1.fq.gz
  Output R2: /scratch4/workspace/jade_fiorilla_student_uml_edu-rawseqorcc/trim-galore-illumina/2024_phase2_Cont01_Norm_filter_S122_R2_001_val_2.fq.gz

=== Summary (Read 1) ===

Total reads processed:              1266825
Reads with adapters:                   6789 (0.5%)

=== Summary (Read 2) ===

Total reads processed:              1266825
Reads with adapters:                 125210 (9.9%)
R1 reads with poly-G trimmed:          3985 (0.3%)
  R1 poly-G bases removed:           138838
R2 reads with poly-G trimmed:           467 (0.0%)
  R2 poly-G bases removed:            87750

=== Paired-end validation ===

Pairs analyzed:                     1266825
Pairs removed:                         3502 (0.3%)
Unpaired R1 kept:                      3265
Unpaired R2 kept:                       124
Report: /scratch4/workspace/jade_fiorilla_student_uml_edu-rawseqorcc/trim-galore-illumina/2024_phase2_Cont01_Norm_filter_S122_R1_001.fastq.gz_trimming_report.txt
JSON report: /scratch4/workspace/jade_fiorilla_student_uml_edu-rawseqorcc/trim-galore-illumina/2024_phase2_Cont01_Norm_filter_S122_R1_001.fastq.gz_trimming_report.json
Report: /scratch4/workspace/jade_fiorilla_student_uml_edu-rawseqorcc/trim-galore-illumina/2024_phase2_Cont01_Norm_filter_S122_R2_001.fastq.gz_trimming_report.txt
JSON report: /scratch4/workspace/jade_fiorilla_student_uml_edu-rawseqorcc/trim-galore-illumina/2024_phase2_Cont01_Norm_filter_S122_R2_001.fastq.gz_trimming_report.json

Running FastQC on /scratch4/workspace/jade_fiorilla_student_uml_edu-rawseqorcc/trim-galore-illumina/2024_phase2_Cont01_Norm_filter_S122_R1_001_val_1.fq.gz

Running FastQC on /scratch4/workspace/jade_fiorilla_student_uml_edu-rawseqorcc/trim-galore-illumina/2024_phase2_Cont01_Norm_filter_S122_R2_001_val_2.fq.gz
Running Trim Galore on: 2024_phase2_Cont03_Hyp_filter_S111

Trim Galore v2.3.0
unknown — linux/x86_64 — built 2026-06-27T16:23:35Z
==================================================

Using 6 worker threads (parallel trim + compress)
Adapter: Illumina (AGATCGGAAGAGC)

Scanning for poly-G content...
Poly-G trimming: ENABLED (auto-detected). 12176 of 550521 reads (2.21%) have poly-G tails (>=10bp) — consistent with 2-colour chemistry (NovaSeq/NextSeq). To disable: --no_poly_g
Trimming (paired-end):
  R1: /scratch4/workspace/jade_fiorilla_student_uml_edu-rawseqorcc/fastq/2024_phase2_Cont03_Hyp_filter_S111_R1_001.fastq.gz
  R2: /scratch4/workspace/jade_fiorilla_student_uml_edu-rawseqorcc/fastq/2024_phase2_Cont03_Hyp_filter_S111_R2_001.fastq.gz
  Output R1: /scratch4/workspace/jade_fiorilla_student_uml_edu-rawseqorcc/trim-galore-illumina/2024_phase2_Cont03_Hyp_filter_S111_R1_001_val_1.fq.gz
  Output R2: /scratch4/workspace/jade_fiorilla_student_uml_edu-rawseqorcc/trim-galore-illumina/2024_phase2_Cont03_Hyp_filter_S111_R2_001_val_2.fq.gz

=== Summary (Read 1) ===

Total reads processed:               550521
Reads with adapters:                   6960 (1.3%)

=== Summary (Read 2) ===

Total reads processed:               550521
Reads with adapters:                  17381 (3.2%)
R1 reads with poly-G trimmed:           142 (0.0%)
  R1 poly-G bases removed:            16113
R2 reads with poly-G trimmed:           105 (0.0%)
  R2 poly-G bases removed:            19473

=== Paired-end validation ===

Pairs analyzed:                      550521
Pairs removed:                         1444 (0.3%)
Unpaired R1 kept:                      1270
Unpaired R2 kept:                        94
Report: /scratch4/workspace/jade_fiorilla_student_uml_edu-rawseqorcc/trim-galore-illumina/2024_phase2_Cont03_Hyp_filter_S111_R1_001.fastq.gz_trimming_report.txt
JSON report: /scratch4/workspace/jade_fiorilla_student_uml_edu-rawseqorcc/trim-galore-illumina/2024_phase2_Cont03_Hyp_filter_S111_R1_001.fastq.gz_trimming_report.json
Report: /scratch4/workspace/jade_fiorilla_student_uml_edu-rawseqorcc/trim-galore-illumina/2024_phase2_Cont03_Hyp_filter_S111_R2_001.fastq.gz_trimming_report.txt
JSON report: /scratch4/workspace/jade_fiorilla_student_uml_edu-rawseqorcc/trim-galore-illumina/2024_phase2_Cont03_Hyp_filter_S111_R2_001.fastq.gz_trimming_report.json

Running FastQC on /scratch4/workspace/jade_fiorilla_student_uml_edu-rawseqorcc/trim-galore-illumina/2024_phase2_Cont03_Hyp_filter_S111_R1_001_val_1.fq.gz

Running FastQC on /scratch4/workspace/jade_fiorilla_student_uml_edu-rawseqorcc/trim-galore-illumina/2024_phase2_Cont03_Hyp_filter_S111_R2_001_val_2.fq.gz
Running Trim Galore on: 2024_phase2_Cont03_Norm_filter_S123

Trim Galore v2.3.0
unknown — linux/x86_64 — built 2026-06-27T16:23:35Z
==================================================

Using 6 worker threads (parallel trim + compress)
Adapter: Illumina (AGATCGGAAGAGC)

Scanning for poly-G content...
Poly-G trimming: ENABLED (auto-detected). 8882 of 906766 reads (0.98%) have poly-G tails (>=10bp) — consistent with 2-colour chemistry (NovaSeq/NextSeq). To disable: --no_poly_g
Trimming (paired-end):
  R1: /scratch4/workspace/jade_fiorilla_student_uml_edu-rawseqorcc/fastq/2024_phase2_Cont03_Norm_filter_S123_R1_001.fastq.gz
  R2: /scratch4/workspace/jade_fiorilla_student_uml_edu-rawseqorcc/fastq/2024_phase2_Cont03_Norm_filter_S123_R2_001.fastq.gz
  Output R1: /scratch4/workspace/jade_fiorilla_student_uml_edu-rawseqorcc/trim-galore-illumina/2024_phase2_Cont03_Norm_filter_S123_R1_001_val_1.fq.gz
  Output R2: /scratch4/workspace/jade_fiorilla_student_uml_edu-rawseqorcc/trim-galore-illumina/2024_phase2_Cont03_Norm_filter_S123_R2_001_val_2.fq.gz

=== Summary (Read 1) ===

Total reads processed:               906766
Reads with adapters:                   2850 (0.3%)

=== Summary (Read 2) ===

Total reads processed:               906766
Reads with adapters:                  12036 (1.3%)
R1 reads with poly-G trimmed:           387 (0.0%)
  R1 poly-G bases removed:            12148
R2 reads with poly-G trimmed:           197 (0.0%)
  R2 poly-G bases removed:            44492

=== Paired-end validation ===

Pairs analyzed:                      906766
Pairs removed:                         3093 (0.3%)
Unpaired R1 kept:                      2876
Unpaired R2 kept:                       141
Report: /scratch4/workspace/jade_fiorilla_student_uml_edu-rawseqorcc/trim-galore-illumina/2024_phase2_Cont03_Norm_filter_S123_R1_001.fastq.gz_trimming_report.txt
JSON report: /scratch4/workspace/jade_fiorilla_student_uml_edu-rawseqorcc/trim-galore-illumina/2024_phase2_Cont03_Norm_filter_S123_R1_001.fastq.gz_trimming_report.json
Report: /scratch4/workspace/jade_fiorilla_student_uml_edu-rawseqorcc/trim-galore-illumina/2024_phase2_Cont03_Norm_filter_S123_R2_001.fastq.gz_trimming_report.txt
JSON report: /scratch4/workspace/jade_fiorilla_student_uml_edu-rawseqorcc/trim-galore-illumina/2024_phase2_Cont03_Norm_filter_S123_R2_001.fastq.gz_trimming_report.json

Running FastQC on /scratch4/workspace/jade_fiorilla_student_uml_edu-rawseqorcc/trim-galore-illumina/2024_phase2_Cont03_Norm_filter_S123_R1_001_val_1.fq.gz

Running FastQC on /scratch4/workspace/jade_fiorilla_student_uml_edu-rawseqorcc/trim-galore-illumina/2024_phase2_Cont03_Norm_filter_S123_R2_001_val_2.fq.gz
Running Trim Galore on: 2024_phase2_Cont06_Hyp_filter_S112

Trim Galore v2.3.0
unknown — linux/x86_64 — built 2026-06-27T16:23:35Z
==================================================

Using 6 worker threads (parallel trim + compress)
Adapter: Illumina (AGATCGGAAGAGC)

Scanning for poly-G content...
Poly-G trimming: ENABLED (auto-detected). 64785 of 728046 reads (8.90%) have poly-G tails (>=10bp) — consistent with 2-colour chemistry (NovaSeq/NextSeq). To disable: --no_poly_g
Trimming (paired-end):
  R1: /scratch4/workspace/jade_fiorilla_student_uml_edu-rawseqorcc/fastq/2024_phase2_Cont06_Hyp_filter_S112_R1_001.fastq.gz
  R2: /scratch4/workspace/jade_fiorilla_student_uml_edu-rawseqorcc/fastq/2024_phase2_Cont06_Hyp_filter_S112_R2_001.fastq.gz
  Output R1: /scratch4/workspace/jade_fiorilla_student_uml_edu-rawseqorcc/trim-galore-illumina/2024_phase2_Cont06_Hyp_filter_S112_R1_001_val_1.fq.gz
  Output R2: /scratch4/workspace/jade_fiorilla_student_uml_edu-rawseqorcc/trim-galore-illumina/2024_phase2_Cont06_Hyp_filter_S112_R2_001_val_2.fq.gz

=== Summary (Read 1) ===

Total reads processed:               728046
Reads with adapters:                  13898 (1.9%)

=== Summary (Read 2) ===

Total reads processed:               728046
Reads with adapters:                  71046 (9.8%)
R1 reads with poly-G trimmed:           560 (0.1%)
  R1 poly-G bases removed:            71796
R2 reads with poly-G trimmed:           233 (0.0%)
  R2 poly-G bases removed:            42368

=== Paired-end validation ===

Pairs analyzed:                      728046
Pairs removed:                         1734 (0.2%)
Unpaired R1 kept:                      1579
Unpaired R2 kept:                       106
Report: /scratch4/workspace/jade_fiorilla_student_uml_edu-rawseqorcc/trim-galore-illumina/2024_phase2_Cont06_Hyp_filter_S112_R1_001.fastq.gz_trimming_report.txt
JSON report: /scratch4/workspace/jade_fiorilla_student_uml_edu-rawseqorcc/trim-galore-illumina/2024_phase2_Cont06_Hyp_filter_S112_R1_001.fastq.gz_trimming_report.json
Report: /scratch4/workspace/jade_fiorilla_student_uml_edu-rawseqorcc/trim-galore-illumina/2024_phase2_Cont06_Hyp_filter_S112_R2_001.fastq.gz_trimming_report.txt
JSON report: /scratch4/workspace/jade_fiorilla_student_uml_edu-rawseqorcc/trim-galore-illumina/2024_phase2_Cont06_Hyp_filter_S112_R2_001.fastq.gz_trimming_report.json

Running FastQC on /scratch4/workspace/jade_fiorilla_student_uml_edu-rawseqorcc/trim-galore-illumina/2024_phase2_Cont06_Hyp_filter_S112_R1_001_val_1.fq.gz

Running FastQC on /scratch4/workspace/jade_fiorilla_student_uml_edu-rawseqorcc/trim-galore-illumina/2024_phase2_Cont06_Hyp_filter_S112_R2_001_val_2.fq.gz
Running Trim Galore on: 2024_phase2_Cont06_Norm_filter_S124

Trim Galore v2.3.0
unknown — linux/x86_64 — built 2026-06-27T16:23:35Z
==================================================

Using 6 worker threads (parallel trim + compress)
Adapter: Illumina (AGATCGGAAGAGC)

Scanning for poly-G content...
Poly-G trimming: ENABLED (auto-detected). 6543 of 1000000 reads (0.65%) have poly-G tails (>=10bp) — consistent with 2-colour chemistry (NovaSeq/NextSeq). To disable: --no_poly_g
Trimming (paired-end):
  R1: /scratch4/workspace/jade_fiorilla_student_uml_edu-rawseqorcc/fastq/2024_phase2_Cont06_Norm_filter_S124_R1_001.fastq.gz
  R2: /scratch4/workspace/jade_fiorilla_student_uml_edu-rawseqorcc/fastq/2024_phase2_Cont06_Norm_filter_S124_R2_001.fastq.gz
  Output R1: /scratch4/workspace/jade_fiorilla_student_uml_edu-rawseqorcc/trim-galore-illumina/2024_phase2_Cont06_Norm_filter_S124_R1_001_val_1.fq.gz
  Output R2: /scratch4/workspace/jade_fiorilla_student_uml_edu-rawseqorcc/trim-galore-illumina/2024_phase2_Cont06_Norm_filter_S124_R2_001_val_2.fq.gz

=== Summary (Read 1) ===

Total reads processed:              1132717
Reads with adapters:                   3962 (0.3%)

=== Summary (Read 2) ===

Total reads processed:              1132717
Reads with adapters:                  11868 (1.0%)
R1 reads with poly-G trimmed:           311 (0.0%)
  R1 poly-G bases removed:             9757
R2 reads with poly-G trimmed:           223 (0.0%)
  R2 poly-G bases removed:            50054

=== Paired-end validation ===

Pairs analyzed:                     1132717
Pairs removed:                         3793 (0.3%)
Unpaired R1 kept:                      3549
Unpaired R2 kept:                       141
Report: /scratch4/workspace/jade_fiorilla_student_uml_edu-rawseqorcc/trim-galore-illumina/2024_phase2_Cont06_Norm_filter_S124_R1_001.fastq.gz_trimming_report.txt
JSON report: /scratch4/workspace/jade_fiorilla_student_uml_edu-rawseqorcc/trim-galore-illumina/2024_phase2_Cont06_Norm_filter_S124_R1_001.fastq.gz_trimming_report.json
Report: /scratch4/workspace/jade_fiorilla_student_uml_edu-rawseqorcc/trim-galore-illumina/2024_phase2_Cont06_Norm_filter_S124_R2_001.fastq.gz_trimming_report.txt
JSON report: /scratch4/workspace/jade_fiorilla_student_uml_edu-rawseqorcc/trim-galore-illumina/2024_phase2_Cont06_Norm_filter_S124_R2_001.fastq.gz_trimming_report.json

Running FastQC on /scratch4/workspace/jade_fiorilla_student_uml_edu-rawseqorcc/trim-galore-illumina/2024_phase2_Cont06_Norm_filter_S124_R1_001_val_1.fq.gz

Running FastQC on /scratch4/workspace/jade_fiorilla_student_uml_edu-rawseqorcc/trim-galore-illumina/2024_phase2_Cont06_Norm_filter_S124_R2_001_val_2.fq.gz
Running Trim Galore on: 2024_phase2_Hyp01_Hyp_filter_S116

Trim Galore v2.3.0
unknown — linux/x86_64 — built 2026-06-27T16:23:35Z
==================================================

Using 6 worker threads (parallel trim + compress)
Adapter: Illumina (AGATCGGAAGAGC)

Scanning for poly-G content...
Poly-G trimming: ENABLED (auto-detected). 29348 of 1000000 reads (2.93%) have poly-G tails (>=10bp) — consistent with 2-colour chemistry (NovaSeq/NextSeq). To disable: --no_poly_g
Trimming (paired-end):
  R1: /scratch4/workspace/jade_fiorilla_student_uml_edu-rawseqorcc/fastq/2024_phase2_Hyp01_Hyp_filter_S116_R1_001.fastq.gz
  R2: /scratch4/workspace/jade_fiorilla_student_uml_edu-rawseqorcc/fastq/2024_phase2_Hyp01_Hyp_filter_S116_R2_001.fastq.gz
  Output R1: /scratch4/workspace/jade_fiorilla_student_uml_edu-rawseqorcc/trim-galore-illumina/2024_phase2_Hyp01_Hyp_filter_S116_R1_001_val_1.fq.gz
  Output R2: /scratch4/workspace/jade_fiorilla_student_uml_edu-rawseqorcc/trim-galore-illumina/2024_phase2_Hyp01_Hyp_filter_S116_R2_001_val_2.fq.gz

=== Summary (Read 1) ===

Total reads processed:              1077042
Reads with adapters:                  14611 (1.4%)

=== Summary (Read 2) ===

Total reads processed:              1077042
Reads with adapters:                  41330 (3.8%)
R1 reads with poly-G trimmed:           335 (0.0%)
  R1 poly-G bases removed:            32949
R2 reads with poly-G trimmed:           180 (0.0%)
  R2 poly-G bases removed:            31869

=== Paired-end validation ===

Pairs analyzed:                     1077042
Pairs removed:                         2334 (0.2%)
Unpaired R1 kept:                      2126
Unpaired R2 kept:                       124
Report: /scratch4/workspace/jade_fiorilla_student_uml_edu-rawseqorcc/trim-galore-illumina/2024_phase2_Hyp01_Hyp_filter_S116_R1_001.fastq.gz_trimming_report.txt
JSON report: /scratch4/workspace/jade_fiorilla_student_uml_edu-rawseqorcc/trim-galore-illumina/2024_phase2_Hyp01_Hyp_filter_S116_R1_001.fastq.gz_trimming_report.json
Report: /scratch4/workspace/jade_fiorilla_student_uml_edu-rawseqorcc/trim-galore-illumina/2024_phase2_Hyp01_Hyp_filter_S116_R2_001.fastq.gz_trimming_report.txt
JSON report: /scratch4/workspace/jade_fiorilla_student_uml_edu-rawseqorcc/trim-galore-illumina/2024_phase2_Hyp01_Hyp_filter_S116_R2_001.fastq.gz_trimming_report.json

Running FastQC on /scratch4/workspace/jade_fiorilla_student_uml_edu-rawseqorcc/trim-galore-illumina/2024_phase2_Hyp01_Hyp_filter_S116_R1_001_val_1.fq.gz

Running FastQC on /scratch4/workspace/jade_fiorilla_student_uml_edu-rawseqorcc/trim-galore-illumina/2024_phase2_Hyp01_Hyp_filter_S116_R2_001_val_2.fq.gz
Running Trim Galore on: 2024_phase2_Hyp01_Norm_filter_S128

Trim Galore v2.3.0
unknown — linux/x86_64 — built 2026-06-27T16:23:35Z
==================================================

Using 6 worker threads (parallel trim + compress)
Adapter: Illumina (AGATCGGAAGAGC)

Scanning for poly-G content...
Poly-G trimming: ENABLED (auto-detected). 5791 of 940343 reads (0.62%) have poly-G tails (>=10bp) — consistent with 2-colour chemistry (NovaSeq/NextSeq). To disable: --no_poly_g
Trimming (paired-end):
  R1: /scratch4/workspace/jade_fiorilla_student_uml_edu-rawseqorcc/fastq/2024_phase2_Hyp01_Norm_filter_S128_R1_001.fastq.gz
  R2: /scratch4/workspace/jade_fiorilla_student_uml_edu-rawseqorcc/fastq/2024_phase2_Hyp01_Norm_filter_S128_R2_001.fastq.gz
  Output R1: /scratch4/workspace/jade_fiorilla_student_uml_edu-rawseqorcc/trim-galore-illumina/2024_phase2_Hyp01_Norm_filter_S128_R1_001_val_1.fq.gz
  Output R2: /scratch4/workspace/jade_fiorilla_student_uml_edu-rawseqorcc/trim-galore-illumina/2024_phase2_Hyp01_Norm_filter_S128_R2_001_val_2.fq.gz

=== Summary (Read 1) ===

Total reads processed:               940343
Reads with adapters:                   3323 (0.4%)

=== Summary (Read 2) ===

Total reads processed:               940343
Reads with adapters:                   9201 (1.0%)
R1 reads with poly-G trimmed:           218 (0.0%)
  R1 poly-G bases removed:             9216
R2 reads with poly-G trimmed:           223 (0.0%)
  R2 poly-G bases removed:            48903

=== Paired-end validation ===

Pairs analyzed:                      940343
Pairs removed:                         3443 (0.4%)
Unpaired R1 kept:                      3214
Unpaired R2 kept:                       127
Report: /scratch4/workspace/jade_fiorilla_student_uml_edu-rawseqorcc/trim-galore-illumina/2024_phase2_Hyp01_Norm_filter_S128_R1_001.fastq.gz_trimming_report.txt
JSON report: /scratch4/workspace/jade_fiorilla_student_uml_edu-rawseqorcc/trim-galore-illumina/2024_phase2_Hyp01_Norm_filter_S128_R1_001.fastq.gz_trimming_report.json
Report: /scratch4/workspace/jade_fiorilla_student_uml_edu-rawseqorcc/trim-galore-illumina/2024_phase2_Hyp01_Norm_filter_S128_R2_001.fastq.gz_trimming_report.txt
JSON report: /scratch4/workspace/jade_fiorilla_student_uml_edu-rawseqorcc/trim-galore-illumina/2024_phase2_Hyp01_Norm_filter_S128_R2_001.fastq.gz_trimming_report.json

Running FastQC on /scratch4/workspace/jade_fiorilla_student_uml_edu-rawseqorcc/trim-galore-illumina/2024_phase2_Hyp01_Norm_filter_S128_R1_001_val_1.fq.gz

Running FastQC on /scratch4/workspace/jade_fiorilla_student_uml_edu-rawseqorcc/trim-galore-illumina/2024_phase2_Hyp01_Norm_filter_S128_R2_001_val_2.fq.gz
Running Trim Galore on: 2024_phase2_Hyp03_Hyp_filter_S117

Trim Galore v2.3.0
unknown — linux/x86_64 — built 2026-06-27T16:23:35Z
==================================================

Using 6 worker threads (parallel trim + compress)
Adapter: Illumina (AGATCGGAAGAGC)

Scanning for poly-G content...
Poly-G trimming: ENABLED (auto-detected). 12558 of 838257 reads (1.50%) have poly-G tails (>=10bp) — consistent with 2-colour chemistry (NovaSeq/NextSeq). To disable: --no_poly_g
Trimming (paired-end):
  R1: /scratch4/workspace/jade_fiorilla_student_uml_edu-rawseqorcc/fastq/2024_phase2_Hyp03_Hyp_filter_S117_R1_001.fastq.gz
  R2: /scratch4/workspace/jade_fiorilla_student_uml_edu-rawseqorcc/fastq/2024_phase2_Hyp03_Hyp_filter_S117_R2_001.fastq.gz
  Output R1: /scratch4/workspace/jade_fiorilla_student_uml_edu-rawseqorcc/trim-galore-illumina/2024_phase2_Hyp03_Hyp_filter_S117_R1_001_val_1.fq.gz
  Output R2: /scratch4/workspace/jade_fiorilla_student_uml_edu-rawseqorcc/trim-galore-illumina/2024_phase2_Hyp03_Hyp_filter_S117_R2_001_val_2.fq.gz

=== Summary (Read 1) ===

Total reads processed:               838257
Reads with adapters:                   9871 (1.2%)

=== Summary (Read 2) ===

Total reads processed:               838257
Reads with adapters:                  19603 (2.3%)
R1 reads with poly-G trimmed:           177 (0.0%)
  R1 poly-G bases removed:            16993
R2 reads with poly-G trimmed:           115 (0.0%)
  R2 poly-G bases removed:            23447

=== Paired-end validation ===

Pairs analyzed:                      838257
Pairs removed:                         1813 (0.2%)
Unpaired R1 kept:                      1694
Unpaired R2 kept:                        64
Report: /scratch4/workspace/jade_fiorilla_student_uml_edu-rawseqorcc/trim-galore-illumina/2024_phase2_Hyp03_Hyp_filter_S117_R1_001.fastq.gz_trimming_report.txt
JSON report: /scratch4/workspace/jade_fiorilla_student_uml_edu-rawseqorcc/trim-galore-illumina/2024_phase2_Hyp03_Hyp_filter_S117_R1_001.fastq.gz_trimming_report.json
Report: /scratch4/workspace/jade_fiorilla_student_uml_edu-rawseqorcc/trim-galore-illumina/2024_phase2_Hyp03_Hyp_filter_S117_R2_001.fastq.gz_trimming_report.txt
JSON report: /scratch4/workspace/jade_fiorilla_student_uml_edu-rawseqorcc/trim-galore-illumina/2024_phase2_Hyp03_Hyp_filter_S117_R2_001.fastq.gz_trimming_report.json

Running FastQC on /scratch4/workspace/jade_fiorilla_student_uml_edu-rawseqorcc/trim-galore-illumina/2024_phase2_Hyp03_Hyp_filter_S117_R1_001_val_1.fq.gz

Running FastQC on /scratch4/workspace/jade_fiorilla_student_uml_edu-rawseqorcc/trim-galore-illumina/2024_phase2_Hyp03_Hyp_filter_S117_R2_001_val_2.fq.gz
Running Trim Galore on: 2024_phase2_Hyp03_Norm_filter_S129

Trim Galore v2.3.0
unknown — linux/x86_64 — built 2026-06-27T16:23:35Z
==================================================

Using 6 worker threads (parallel trim + compress)
Adapter: Illumina (AGATCGGAAGAGC)

Scanning for poly-G content...
Poly-G trimming: ENABLED (auto-detected). 4938 of 889571 reads (0.56%) have poly-G tails (>=10bp) — consistent with 2-colour chemistry (NovaSeq/NextSeq). To disable: --no_poly_g
Trimming (paired-end):
  R1: /scratch4/workspace/jade_fiorilla_student_uml_edu-rawseqorcc/fastq/2024_phase2_Hyp03_Norm_filter_S129_R1_001.fastq.gz
  R2: /scratch4/workspace/jade_fiorilla_student_uml_edu-rawseqorcc/fastq/2024_phase2_Hyp03_Norm_filter_S129_R2_001.fastq.gz
  Output R1: /scratch4/workspace/jade_fiorilla_student_uml_edu-rawseqorcc/trim-galore-illumina/2024_phase2_Hyp03_Norm_filter_S129_R1_001_val_1.fq.gz
  Output R2: /scratch4/workspace/jade_fiorilla_student_uml_edu-rawseqorcc/trim-galore-illumina/2024_phase2_Hyp03_Norm_filter_S129_R2_001_val_2.fq.gz

=== Summary (Read 1) ===

Total reads processed:               889571
Reads with adapters:                   2994 (0.3%)

=== Summary (Read 2) ===

Total reads processed:               889571
Reads with adapters:                   8298 (0.9%)
R1 reads with poly-G trimmed:           184 (0.0%)
  R1 poly-G bases removed:             7682
R2 reads with poly-G trimmed:           178 (0.0%)
  R2 poly-G bases removed:            36282

=== Paired-end validation ===

Pairs analyzed:                      889571
Pairs removed:                         3288 (0.4%)
Unpaired R1 kept:                      3061
Unpaired R2 kept:                       121
Report: /scratch4/workspace/jade_fiorilla_student_uml_edu-rawseqorcc/trim-galore-illumina/2024_phase2_Hyp03_Norm_filter_S129_R1_001.fastq.gz_trimming_report.txt
JSON report: /scratch4/workspace/jade_fiorilla_student_uml_edu-rawseqorcc/trim-galore-illumina/2024_phase2_Hyp03_Norm_filter_S129_R1_001.fastq.gz_trimming_report.json
Report: /scratch4/workspace/jade_fiorilla_student_uml_edu-rawseqorcc/trim-galore-illumina/2024_phase2_Hyp03_Norm_filter_S129_R2_001.fastq.gz_trimming_report.txt
JSON report: /scratch4/workspace/jade_fiorilla_student_uml_edu-rawseqorcc/trim-galore-illumina/2024_phase2_Hyp03_Norm_filter_S129_R2_001.fastq.gz_trimming_report.json

Running FastQC on /scratch4/workspace/jade_fiorilla_student_uml_edu-rawseqorcc/trim-galore-illumina/2024_phase2_Hyp03_Norm_filter_S129_R1_001_val_1.fq.gz

Running FastQC on /scratch4/workspace/jade_fiorilla_student_uml_edu-rawseqorcc/trim-galore-illumina/2024_phase2_Hyp03_Norm_filter_S129_R2_001_val_2.fq.gz
Running Trim Galore on: 2024_phase2_Hyp06_Hyp_filter_S118

Trim Galore v2.3.0
unknown — linux/x86_64 — built 2026-06-27T16:23:35Z
==================================================

Using 6 worker threads (parallel trim + compress)
Adapter: Illumina (AGATCGGAAGAGC)

Scanning for poly-G content...
Poly-G trimming: ENABLED (auto-detected). 21516 of 1000000 reads (2.15%) have poly-G tails (>=10bp) — consistent with 2-colour chemistry (NovaSeq/NextSeq). To disable: --no_poly_g
Trimming (paired-end):
  R1: /scratch4/workspace/jade_fiorilla_student_uml_edu-rawseqorcc/fastq/2024_phase2_Hyp06_Hyp_filter_S118_R1_001.fastq.gz
  R2: /scratch4/workspace/jade_fiorilla_student_uml_edu-rawseqorcc/fastq/2024_phase2_Hyp06_Hyp_filter_S118_R2_001.fastq.gz
  Output R1: /scratch4/workspace/jade_fiorilla_student_uml_edu-rawseqorcc/trim-galore-illumina/2024_phase2_Hyp06_Hyp_filter_S118_R1_001_val_1.fq.gz
  Output R2: /scratch4/workspace/jade_fiorilla_student_uml_edu-rawseqorcc/trim-galore-illumina/2024_phase2_Hyp06_Hyp_filter_S118_R2_001_val_2.fq.gz

=== Summary (Read 1) ===

Total reads processed:              1370691
Reads with adapters:                  17317 (1.3%)

=== Summary (Read 2) ===

Total reads processed:              1370691
Reads with adapters:                  41818 (3.1%)
R1 reads with poly-G trimmed:           325 (0.0%)
  R1 poly-G bases removed:            33287
R2 reads with poly-G trimmed:           195 (0.0%)
  R2 poly-G bases removed:            34777

=== Paired-end validation ===

Pairs analyzed:                     1370691
Pairs removed:                         2942 (0.2%)
Unpaired R1 kept:                      2741
Unpaired R2 kept:                       104
Report: /scratch4/workspace/jade_fiorilla_student_uml_edu-rawseqorcc/trim-galore-illumina/2024_phase2_Hyp06_Hyp_filter_S118_R1_001.fastq.gz_trimming_report.txt
JSON report: /scratch4/workspace/jade_fiorilla_student_uml_edu-rawseqorcc/trim-galore-illumina/2024_phase2_Hyp06_Hyp_filter_S118_R1_001.fastq.gz_trimming_report.json
Report: /scratch4/workspace/jade_fiorilla_student_uml_edu-rawseqorcc/trim-galore-illumina/2024_phase2_Hyp06_Hyp_filter_S118_R2_001.fastq.gz_trimming_report.txt
JSON report: /scratch4/workspace/jade_fiorilla_student_uml_edu-rawseqorcc/trim-galore-illumina/2024_phase2_Hyp06_Hyp_filter_S118_R2_001.fastq.gz_trimming_report.json

Running FastQC on /scratch4/workspace/jade_fiorilla_student_uml_edu-rawseqorcc/trim-galore-illumina/2024_phase2_Hyp06_Hyp_filter_S118_R1_001_val_1.fq.gz

Running FastQC on /scratch4/workspace/jade_fiorilla_student_uml_edu-rawseqorcc/trim-galore-illumina/2024_phase2_Hyp06_Hyp_filter_S118_R2_001_val_2.fq.gz
Running Trim Galore on: 2024_phase2_Hyp06_Norm_filter_S130

Trim Galore v2.3.0
unknown — linux/x86_64 — built 2026-06-27T16:23:35Z
==================================================

Using 6 worker threads (parallel trim + compress)
Adapter: Illumina (AGATCGGAAGAGC)

Scanning for poly-G content...
Poly-G trimming: ENABLED (auto-detected). 4637 of 847150 reads (0.55%) have poly-G tails (>=10bp) — consistent with 2-colour chemistry (NovaSeq/NextSeq). To disable: --no_poly_g
Trimming (paired-end):
  R1: /scratch4/workspace/jade_fiorilla_student_uml_edu-rawseqorcc/fastq/2024_phase2_Hyp06_Norm_filter_S130_R1_001.fastq.gz
  R2: /scratch4/workspace/jade_fiorilla_student_uml_edu-rawseqorcc/fastq/2024_phase2_Hyp06_Norm_filter_S130_R2_001.fastq.gz
  Output R1: /scratch4/workspace/jade_fiorilla_student_uml_edu-rawseqorcc/trim-galore-illumina/2024_phase2_Hyp06_Norm_filter_S130_R1_001_val_1.fq.gz
  Output R2: /scratch4/workspace/jade_fiorilla_student_uml_edu-rawseqorcc/trim-galore-illumina/2024_phase2_Hyp06_Norm_filter_S130_R2_001_val_2.fq.gz

=== Summary (Read 1) ===

Total reads processed:               847150
Reads with adapters:                   2911 (0.3%)

=== Summary (Read 2) ===

Total reads processed:               847150
Reads with adapters:                   7884 (0.9%)
R1 reads with poly-G trimmed:           156 (0.0%)
  R1 poly-G bases removed:             4913
R2 reads with poly-G trimmed:           188 (0.0%)
  R2 poly-G bases removed:            44503

=== Paired-end validation ===

Pairs analyzed:                      847150
Pairs removed:                         3123 (0.4%)
Unpaired R1 kept:                      2947
Unpaired R2 kept:                       109
Report: /scratch4/workspace/jade_fiorilla_student_uml_edu-rawseqorcc/trim-galore-illumina/2024_phase2_Hyp06_Norm_filter_S130_R1_001.fastq.gz_trimming_report.txt
JSON report: /scratch4/workspace/jade_fiorilla_student_uml_edu-rawseqorcc/trim-galore-illumina/2024_phase2_Hyp06_Norm_filter_S130_R1_001.fastq.gz_trimming_report.json
Report: /scratch4/workspace/jade_fiorilla_student_uml_edu-rawseqorcc/trim-galore-illumina/2024_phase2_Hyp06_Norm_filter_S130_R2_001.fastq.gz_trimming_report.txt
JSON report: /scratch4/workspace/jade_fiorilla_student_uml_edu-rawseqorcc/trim-galore-illumina/2024_phase2_Hyp06_Norm_filter_S130_R2_001.fastq.gz_trimming_report.json

Running FastQC on /scratch4/workspace/jade_fiorilla_student_uml_edu-rawseqorcc/trim-galore-illumina/2024_phase2_Hyp06_Norm_filter_S130_R1_001_val_1.fq.gz

Running FastQC on /scratch4/workspace/jade_fiorilla_student_uml_edu-rawseqorcc/trim-galore-illumina/2024_phase2_Hyp06_Norm_filter_S130_R2_001_val_2.fq.gz
Running Trim Galore on: 2024_phase2_Warm01_Hyp_filter_S113

Trim Galore v2.3.0
unknown — linux/x86_64 — built 2026-06-27T16:23:35Z
==================================================

Using 6 worker threads (parallel trim + compress)
Adapter: Illumina (AGATCGGAAGAGC)

Scanning for poly-G content...
Poly-G trimming: ENABLED (auto-detected). 34215 of 719773 reads (4.75%) have poly-G tails (>=10bp) — consistent with 2-colour chemistry (NovaSeq/NextSeq). To disable: --no_poly_g
Trimming (paired-end):
  R1: /scratch4/workspace/jade_fiorilla_student_uml_edu-rawseqorcc/fastq/2024_phase2_Warm01_Hyp_filter_S113_R1_001.fastq.gz
  R2: /scratch4/workspace/jade_fiorilla_student_uml_edu-rawseqorcc/fastq/2024_phase2_Warm01_Hyp_filter_S113_R2_001.fastq.gz
  Output R1: /scratch4/workspace/jade_fiorilla_student_uml_edu-rawseqorcc/trim-galore-illumina/2024_phase2_Warm01_Hyp_filter_S113_R1_001_val_1.fq.gz
  Output R2: /scratch4/workspace/jade_fiorilla_student_uml_edu-rawseqorcc/trim-galore-illumina/2024_phase2_Warm01_Hyp_filter_S113_R2_001_val_2.fq.gz

=== Summary (Read 1) ===

Total reads processed:               719773
Reads with adapters:                  10660 (1.5%)

=== Summary (Read 2) ===

Total reads processed:               719773
Reads with adapters:                  40292 (5.6%)
R1 reads with poly-G trimmed:           315 (0.0%)
  R1 poly-G bases removed:            37672
R2 reads with poly-G trimmed:           139 (0.0%)
  R2 poly-G bases removed:            26651

=== Paired-end validation ===

Pairs analyzed:                      719773
Pairs removed:                         1715 (0.2%)
Unpaired R1 kept:                      1526
Unpaired R2 kept:                       116
Report: /scratch4/workspace/jade_fiorilla_student_uml_edu-rawseqorcc/trim-galore-illumina/2024_phase2_Warm01_Hyp_filter_S113_R1_001.fastq.gz_trimming_report.txt
JSON report: /scratch4/workspace/jade_fiorilla_student_uml_edu-rawseqorcc/trim-galore-illumina/2024_phase2_Warm01_Hyp_filter_S113_R1_001.fastq.gz_trimming_report.json
Report: /scratch4/workspace/jade_fiorilla_student_uml_edu-rawseqorcc/trim-galore-illumina/2024_phase2_Warm01_Hyp_filter_S113_R2_001.fastq.gz_trimming_report.txt
JSON report: /scratch4/workspace/jade_fiorilla_student_uml_edu-rawseqorcc/trim-galore-illumina/2024_phase2_Warm01_Hyp_filter_S113_R2_001.fastq.gz_trimming_report.json

Running FastQC on /scratch4/workspace/jade_fiorilla_student_uml_edu-rawseqorcc/trim-galore-illumina/2024_phase2_Warm01_Hyp_filter_S113_R1_001_val_1.fq.gz

Running FastQC on /scratch4/workspace/jade_fiorilla_student_uml_edu-rawseqorcc/trim-galore-illumina/2024_phase2_Warm01_Hyp_filter_S113_R2_001_val_2.fq.gz
Running Trim Galore on: 2024_phase2_Warm01_Norm_filter_S125

Trim Galore v2.3.0
unknown — linux/x86_64 — built 2026-06-27T16:23:35Z
==================================================

Using 6 worker threads (parallel trim + compress)
Adapter: Illumina (AGATCGGAAGAGC)

Scanning for poly-G content...
Poly-G trimming: ENABLED (auto-detected). 6078 of 830507 reads (0.73%) have poly-G tails (>=10bp) — consistent with 2-colour chemistry (NovaSeq/NextSeq). To disable: --no_poly_g
Trimming (paired-end):
  R1: /scratch4/workspace/jade_fiorilla_student_uml_edu-rawseqorcc/fastq/2024_phase2_Warm01_Norm_filter_S125_R1_001.fastq.gz
  R2: /scratch4/workspace/jade_fiorilla_student_uml_edu-rawseqorcc/fastq/2024_phase2_Warm01_Norm_filter_S125_R2_001.fastq.gz
  Output R1: /scratch4/workspace/jade_fiorilla_student_uml_edu-rawseqorcc/trim-galore-illumina/2024_phase2_Warm01_Norm_filter_S125_R1_001_val_1.fq.gz
  Output R2: /scratch4/workspace/jade_fiorilla_student_uml_edu-rawseqorcc/trim-galore-illumina/2024_phase2_Warm01_Norm_filter_S125_R2_001_val_2.fq.gz

=== Summary (Read 1) ===

Total reads processed:               830507
Reads with adapters:                   2756 (0.3%)

=== Summary (Read 2) ===

Total reads processed:               830507
Reads with adapters:                   9157 (1.1%)
R1 reads with poly-G trimmed:           224 (0.0%)
  R1 poly-G bases removed:             7260
R2 reads with poly-G trimmed:           164 (0.0%)
  R2 poly-G bases removed:            38011

=== Paired-end validation ===

Pairs analyzed:                      830507
Pairs removed:                         2815 (0.3%)
Unpaired R1 kept:                      2644
Unpaired R2 kept:                        83
Report: /scratch4/workspace/jade_fiorilla_student_uml_edu-rawseqorcc/trim-galore-illumina/2024_phase2_Warm01_Norm_filter_S125_R1_001.fastq.gz_trimming_report.txt
JSON report: /scratch4/workspace/jade_fiorilla_student_uml_edu-rawseqorcc/trim-galore-illumina/2024_phase2_Warm01_Norm_filter_S125_R1_001.fastq.gz_trimming_report.json
Report: /scratch4/workspace/jade_fiorilla_student_uml_edu-rawseqorcc/trim-galore-illumina/2024_phase2_Warm01_Norm_filter_S125_R2_001.fastq.gz_trimming_report.txt
JSON report: /scratch4/workspace/jade_fiorilla_student_uml_edu-rawseqorcc/trim-galore-illumina/2024_phase2_Warm01_Norm_filter_S125_R2_001.fastq.gz_trimming_report.json

Running FastQC on /scratch4/workspace/jade_fiorilla_student_uml_edu-rawseqorcc/trim-galore-illumina/2024_phase2_Warm01_Norm_filter_S125_R1_001_val_1.fq.gz

Running FastQC on /scratch4/workspace/jade_fiorilla_student_uml_edu-rawseqorcc/trim-galore-illumina/2024_phase2_Warm01_Norm_filter_S125_R2_001_val_2.fq.gz
Running Trim Galore on: 2024_phase2_Warm03_Hyp_filter_S114

Trim Galore v2.3.0
unknown — linux/x86_64 — built 2026-06-27T16:23:35Z
==================================================

Using 6 worker threads (parallel trim + compress)
Adapter: Illumina (AGATCGGAAGAGC)

Scanning for poly-G content...
Poly-G trimming: ENABLED (auto-detected). 15024 of 916613 reads (1.64%) have poly-G tails (>=10bp) — consistent with 2-colour chemistry (NovaSeq/NextSeq). To disable: --no_poly_g
Trimming (paired-end):
  R1: /scratch4/workspace/jade_fiorilla_student_uml_edu-rawseqorcc/fastq/2024_phase2_Warm03_Hyp_filter_S114_R1_001.fastq.gz
  R2: /scratch4/workspace/jade_fiorilla_student_uml_edu-rawseqorcc/fastq/2024_phase2_Warm03_Hyp_filter_S114_R2_001.fastq.gz
  Output R1: /scratch4/workspace/jade_fiorilla_student_uml_edu-rawseqorcc/trim-galore-illumina/2024_phase2_Warm03_Hyp_filter_S114_R1_001_val_1.fq.gz
  Output R2: /scratch4/workspace/jade_fiorilla_student_uml_edu-rawseqorcc/trim-galore-illumina/2024_phase2_Warm03_Hyp_filter_S114_R2_001_val_2.fq.gz

=== Summary (Read 1) ===

Total reads processed:               916613
Reads with adapters:                  11149 (1.2%)

=== Summary (Read 2) ===

Total reads processed:               916613
Reads with adapters:                  22774 (2.5%)
R1 reads with poly-G trimmed:           205 (0.0%)
  R1 poly-G bases removed:            19696
R2 reads with poly-G trimmed:           142 (0.0%)
  R2 poly-G bases removed:            28848

=== Paired-end validation ===

Pairs analyzed:                      916613
Pairs removed:                         2177 (0.2%)
Unpaired R1 kept:                      1995
Unpaired R2 kept:                       115
Report: /scratch4/workspace/jade_fiorilla_student_uml_edu-rawseqorcc/trim-galore-illumina/2024_phase2_Warm03_Hyp_filter_S114_R1_001.fastq.gz_trimming_report.txt
JSON report: /scratch4/workspace/jade_fiorilla_student_uml_edu-rawseqorcc/trim-galore-illumina/2024_phase2_Warm03_Hyp_filter_S114_R1_001.fastq.gz_trimming_report.json
Report: /scratch4/workspace/jade_fiorilla_student_uml_edu-rawseqorcc/trim-galore-illumina/2024_phase2_Warm03_Hyp_filter_S114_R2_001.fastq.gz_trimming_report.txt
JSON report: /scratch4/workspace/jade_fiorilla_student_uml_edu-rawseqorcc/trim-galore-illumina/2024_phase2_Warm03_Hyp_filter_S114_R2_001.fastq.gz_trimming_report.json

Running FastQC on /scratch4/workspace/jade_fiorilla_student_uml_edu-rawseqorcc/trim-galore-illumina/2024_phase2_Warm03_Hyp_filter_S114_R1_001_val_1.fq.gz

Running FastQC on /scratch4/workspace/jade_fiorilla_student_uml_edu-rawseqorcc/trim-galore-illumina/2024_phase2_Warm03_Hyp_filter_S114_R2_001_val_2.fq.gz
Running Trim Galore on: 2024_phase2_Warm03_Norm_filter_S126

Trim Galore v2.3.0
unknown — linux/x86_64 — built 2026-06-27T16:23:35Z
==================================================

Using 6 worker threads (parallel trim + compress)
Adapter: Illumina (AGATCGGAAGAGC)

Scanning for poly-G content...
Poly-G trimming: ENABLED (auto-detected). 12879 of 964834 reads (1.33%) have poly-G tails (>=10bp) — consistent with 2-colour chemistry (NovaSeq/NextSeq). To disable: --no_poly_g
Trimming (paired-end):
  R1: /scratch4/workspace/jade_fiorilla_student_uml_edu-rawseqorcc/fastq/2024_phase2_Warm03_Norm_filter_S126_R1_001.fastq.gz
  R2: /scratch4/workspace/jade_fiorilla_student_uml_edu-rawseqorcc/fastq/2024_phase2_Warm03_Norm_filter_S126_R2_001.fastq.gz
  Output R1: /scratch4/workspace/jade_fiorilla_student_uml_edu-rawseqorcc/trim-galore-illumina/2024_phase2_Warm03_Norm_filter_S126_R1_001_val_1.fq.gz
  Output R2: /scratch4/workspace/jade_fiorilla_student_uml_edu-rawseqorcc/trim-galore-illumina/2024_phase2_Warm03_Norm_filter_S126_R2_001_val_2.fq.gz

=== Summary (Read 1) ===

Total reads processed:               964834
Reads with adapters:                   3091 (0.3%)

=== Summary (Read 2) ===

Total reads processed:               964834
Reads with adapters:                  16622 (1.7%)
R1 reads with poly-G trimmed:           509 (0.1%)
  R1 poly-G bases removed:            18623
R2 reads with poly-G trimmed:           192 (0.0%)
  R2 poly-G bases removed:            43786

=== Paired-end validation ===

Pairs analyzed:                      964834
Pairs removed:                         3140 (0.3%)
Unpaired R1 kept:                      2960
Unpaired R2 kept:                        98
Report: /scratch4/workspace/jade_fiorilla_student_uml_edu-rawseqorcc/trim-galore-illumina/2024_phase2_Warm03_Norm_filter_S126_R1_001.fastq.gz_trimming_report.txt
JSON report: /scratch4/workspace/jade_fiorilla_student_uml_edu-rawseqorcc/trim-galore-illumina/2024_phase2_Warm03_Norm_filter_S126_R1_001.fastq.gz_trimming_report.json
Report: /scratch4/workspace/jade_fiorilla_student_uml_edu-rawseqorcc/trim-galore-illumina/2024_phase2_Warm03_Norm_filter_S126_R2_001.fastq.gz_trimming_report.txt
JSON report: /scratch4/workspace/jade_fiorilla_student_uml_edu-rawseqorcc/trim-galore-illumina/2024_phase2_Warm03_Norm_filter_S126_R2_001.fastq.gz_trimming_report.json

Running FastQC on /scratch4/workspace/jade_fiorilla_student_uml_edu-rawseqorcc/trim-galore-illumina/2024_phase2_Warm03_Norm_filter_S126_R1_001_val_1.fq.gz

Running FastQC on /scratch4/workspace/jade_fiorilla_student_uml_edu-rawseqorcc/trim-galore-illumina/2024_phase2_Warm03_Norm_filter_S126_R2_001_val_2.fq.gz
Running Trim Galore on: 2024_phase2_Warm06_Hyp_filter_S115

Trim Galore v2.3.0
unknown — linux/x86_64 — built 2026-06-27T16:23:35Z
==================================================

Using 6 worker threads (parallel trim + compress)
Adapter: Illumina (AGATCGGAAGAGC)

Scanning for poly-G content...
Poly-G trimming: ENABLED (auto-detected). 68084 of 524085 reads (12.99%) have poly-G tails (>=10bp) — consistent with 2-colour chemistry (NovaSeq/NextSeq). To disable: --no_poly_g
Trimming (paired-end):
  R1: /scratch4/workspace/jade_fiorilla_student_uml_edu-rawseqorcc/fastq/2024_phase2_Warm06_Hyp_filter_S115_R1_001.fastq.gz
  R2: /scratch4/workspace/jade_fiorilla_student_uml_edu-rawseqorcc/fastq/2024_phase2_Warm06_Hyp_filter_S115_R2_001.fastq.gz
  Output R1: /scratch4/workspace/jade_fiorilla_student_uml_edu-rawseqorcc/trim-galore-illumina/2024_phase2_Warm06_Hyp_filter_S115_R1_001_val_1.fq.gz
  Output R2: /scratch4/workspace/jade_fiorilla_student_uml_edu-rawseqorcc/trim-galore-illumina/2024_phase2_Warm06_Hyp_filter_S115_R2_001_val_2.fq.gz

=== Summary (Read 1) ===

Total reads processed:               524085
Reads with adapters:                  12305 (2.3%)

=== Summary (Read 2) ===

Total reads processed:               524085
Reads with adapters:                  72785 (13.9%)
R1 reads with poly-G trimmed:           510 (0.1%)
  R1 poly-G bases removed:            68836
R2 reads with poly-G trimmed:           213 (0.0%)
  R2 poly-G bases removed:            39643

=== Paired-end validation ===

Pairs analyzed:                      524085
Pairs removed:                         1388 (0.3%)
Unpaired R1 kept:                      1253
Unpaired R2 kept:                        75
Report: /scratch4/workspace/jade_fiorilla_student_uml_edu-rawseqorcc/trim-galore-illumina/2024_phase2_Warm06_Hyp_filter_S115_R1_001.fastq.gz_trimming_report.txt
JSON report: /scratch4/workspace/jade_fiorilla_student_uml_edu-rawseqorcc/trim-galore-illumina/2024_phase2_Warm06_Hyp_filter_S115_R1_001.fastq.gz_trimming_report.json
Report: /scratch4/workspace/jade_fiorilla_student_uml_edu-rawseqorcc/trim-galore-illumina/2024_phase2_Warm06_Hyp_filter_S115_R2_001.fastq.gz_trimming_report.txt
JSON report: /scratch4/workspace/jade_fiorilla_student_uml_edu-rawseqorcc/trim-galore-illumina/2024_phase2_Warm06_Hyp_filter_S115_R2_001.fastq.gz_trimming_report.json

Running FastQC on /scratch4/workspace/jade_fiorilla_student_uml_edu-rawseqorcc/trim-galore-illumina/2024_phase2_Warm06_Hyp_filter_S115_R1_001_val_1.fq.gz

Running FastQC on /scratch4/workspace/jade_fiorilla_student_uml_edu-rawseqorcc/trim-galore-illumina/2024_phase2_Warm06_Hyp_filter_S115_R2_001_val_2.fq.gz
Running Trim Galore on: 2024_phase2_Warm06_Norm_filter_S127

Trim Galore v2.3.0
unknown — linux/x86_64 — built 2026-06-27T16:23:35Z
==================================================

Using 6 worker threads (parallel trim + compress)
Adapter: Illumina (AGATCGGAAGAGC)

Scanning for poly-G content...
Poly-G trimming: ENABLED (auto-detected). 4149 of 913342 reads (0.45%) have poly-G tails (>=10bp) — consistent with 2-colour chemistry (NovaSeq/NextSeq). To disable: --no_poly_g
Trimming (paired-end):
  R1: /scratch4/workspace/jade_fiorilla_student_uml_edu-rawseqorcc/fastq/2024_phase2_Warm06_Norm_filter_S127_R1_001.fastq.gz
  R2: /scratch4/workspace/jade_fiorilla_student_uml_edu-rawseqorcc/fastq/2024_phase2_Warm06_Norm_filter_S127_R2_001.fastq.gz
  Output R1: /scratch4/workspace/jade_fiorilla_student_uml_edu-rawseqorcc/trim-galore-illumina/2024_phase2_Warm06_Norm_filter_S127_R1_001_val_1.fq.gz
  Output R2: /scratch4/workspace/jade_fiorilla_student_uml_edu-rawseqorcc/trim-galore-illumina/2024_phase2_Warm06_Norm_filter_S127_R2_001_val_2.fq.gz

=== Summary (Read 1) ===

Total reads processed:               913342
Reads with adapters:                   2886 (0.3%)

=== Summary (Read 2) ===

Total reads processed:               913342
Reads with adapters:                   7638 (0.8%)
R1 reads with poly-G trimmed:           156 (0.0%)
  R1 poly-G bases removed:             6853
R2 reads with poly-G trimmed:           195 (0.0%)
  R2 poly-G bases removed:            42673

=== Paired-end validation ===

Pairs analyzed:                      913342
Pairs removed:                         3399 (0.4%)
Unpaired R1 kept:                      3149
Unpaired R2 kept:                       113
Report: /scratch4/workspace/jade_fiorilla_student_uml_edu-rawseqorcc/trim-galore-illumina/2024_phase2_Warm06_Norm_filter_S127_R1_001.fastq.gz_trimming_report.txt
JSON report: /scratch4/workspace/jade_fiorilla_student_uml_edu-rawseqorcc/trim-galore-illumina/2024_phase2_Warm06_Norm_filter_S127_R1_001.fastq.gz_trimming_report.json
Report: /scratch4/workspace/jade_fiorilla_student_uml_edu-rawseqorcc/trim-galore-illumina/2024_phase2_Warm06_Norm_filter_S127_R2_001.fastq.gz_trimming_report.txt
JSON report: /scratch4/workspace/jade_fiorilla_student_uml_edu-rawseqorcc/trim-galore-illumina/2024_phase2_Warm06_Norm_filter_S127_R2_001.fastq.gz_trimming_report.json

Running FastQC on /scratch4/workspace/jade_fiorilla_student_uml_edu-rawseqorcc/trim-galore-illumina/2024_phase2_Warm06_Norm_filter_S127_R1_001_val_1.fq.gz

Running FastQC on /scratch4/workspace/jade_fiorilla_student_uml_edu-rawseqorcc/trim-galore-illumina/2024_phase2_Warm06_Norm_filter_S127_R2_001_val_2.fq.gz
Running Trim Galore on: 2024_Warm01_Cont01_G2_gill_S188

Trim Galore v2.3.0
unknown — linux/x86_64 — built 2026-06-27T16:23:35Z
==================================================

Using 6 worker threads (parallel trim + compress)
Adapter: Illumina (AGATCGGAAGAGC)

Scanning for poly-G content...
Poly-G trimming: ENABLED (auto-detected). 185313 of 1000000 reads (18.53%) have poly-G tails (>=10bp) — consistent with 2-colour chemistry (NovaSeq/NextSeq). To disable: --no_poly_g
Trimming (paired-end):
  R1: /scratch4/workspace/jade_fiorilla_student_uml_edu-rawseqorcc/fastq/2024_Warm01_Cont01_G2_gill_S188_R1_001.fastq.gz
  R2: /scratch4/workspace/jade_fiorilla_student_uml_edu-rawseqorcc/fastq/2024_Warm01_Cont01_G2_gill_S188_R2_001.fastq.gz
  Output R1: /scratch4/workspace/jade_fiorilla_student_uml_edu-rawseqorcc/trim-galore-illumina/2024_Warm01_Cont01_G2_gill_S188_R1_001_val_1.fq.gz
  Output R2: /scratch4/workspace/jade_fiorilla_student_uml_edu-rawseqorcc/trim-galore-illumina/2024_Warm01_Cont01_G2_gill_S188_R2_001_val_2.fq.gz

=== Summary (Read 1) ===

Total reads processed:              1793873
Reads with adapters:                  98704 (5.5%)

=== Summary (Read 2) ===

Total reads processed:              1793873
Reads with adapters:                 377522 (21.0%)
R1 reads with poly-G trimmed:          2235 (0.1%)
  R1 poly-G bases removed:           252250
R2 reads with poly-G trimmed:           979 (0.1%)
  R2 poly-G bases removed:           142616

=== Paired-end validation ===

Pairs analyzed:                     1793873
Pairs removed:                         4590 (0.3%)
Unpaired R1 kept:                      4304
Unpaired R2 kept:                       134
Report: /scratch4/workspace/jade_fiorilla_student_uml_edu-rawseqorcc/trim-galore-illumina/2024_Warm01_Cont01_G2_gill_S188_R1_001.fastq.gz_trimming_report.txt
JSON report: /scratch4/workspace/jade_fiorilla_student_uml_edu-rawseqorcc/trim-galore-illumina/2024_Warm01_Cont01_G2_gill_S188_R1_001.fastq.gz_trimming_report.json
Report: /scratch4/workspace/jade_fiorilla_student_uml_edu-rawseqorcc/trim-galore-illumina/2024_Warm01_Cont01_G2_gill_S188_R2_001.fastq.gz_trimming_report.txt
JSON report: /scratch4/workspace/jade_fiorilla_student_uml_edu-rawseqorcc/trim-galore-illumina/2024_Warm01_Cont01_G2_gill_S188_R2_001.fastq.gz_trimming_report.json

Running FastQC on /scratch4/workspace/jade_fiorilla_student_uml_edu-rawseqorcc/trim-galore-illumina/2024_Warm01_Cont01_G2_gill_S188_R1_001_val_1.fq.gz

Running FastQC on /scratch4/workspace/jade_fiorilla_student_uml_edu-rawseqorcc/trim-galore-illumina/2024_Warm01_Cont01_G2_gill_S188_R2_001_val_2.fq.gz
Running Trim Galore on: 2024_Warm01_Cont01_G2_gut_S42

Trim Galore v2.3.0
unknown — linux/x86_64 — built 2026-06-27T16:23:35Z
==================================================

Using 6 worker threads (parallel trim + compress)
Adapter: Illumina (AGATCGGAAGAGC)

Scanning for poly-G content...
Poly-G trimming: ENABLED (auto-detected). 203411 of 697108 reads (29.18%) have poly-G tails (>=10bp) — consistent with 2-colour chemistry (NovaSeq/NextSeq). To disable: --no_poly_g
Trimming (paired-end):
  R1: /scratch4/workspace/jade_fiorilla_student_uml_edu-rawseqorcc/fastq/2024_Warm01_Cont01_G2_gut_S42_R1_001.fastq.gz
  R2: /scratch4/workspace/jade_fiorilla_student_uml_edu-rawseqorcc/fastq/2024_Warm01_Cont01_G2_gut_S42_R2_001.fastq.gz
  Output R1: /scratch4/workspace/jade_fiorilla_student_uml_edu-rawseqorcc/trim-galore-illumina/2024_Warm01_Cont01_G2_gut_S42_R1_001_val_1.fq.gz
  Output R2: /scratch4/workspace/jade_fiorilla_student_uml_edu-rawseqorcc/trim-galore-illumina/2024_Warm01_Cont01_G2_gut_S42_R2_001_val_2.fq.gz

=== Summary (Read 1) ===

Total reads processed:               697108
Reads with adapters:                  47114 (6.8%)

=== Summary (Read 2) ===

Total reads processed:               697108
Reads with adapters:                 207674 (29.8%)
R1 reads with poly-G trimmed:          2897 (0.4%)
  R1 poly-G bases removed:           214690
R2 reads with poly-G trimmed:           540 (0.1%)
  R2 poly-G bases removed:            93951

=== Paired-end validation ===

Pairs analyzed:                      697108
Pairs removed:                         1411 (0.2%)
Unpaired R1 kept:                      1181
Unpaired R2 kept:                        91
Report: /scratch4/workspace/jade_fiorilla_student_uml_edu-rawseqorcc/trim-galore-illumina/2024_Warm01_Cont01_G2_gut_S42_R1_001.fastq.gz_trimming_report.txt
JSON report: /scratch4/workspace/jade_fiorilla_student_uml_edu-rawseqorcc/trim-galore-illumina/2024_Warm01_Cont01_G2_gut_S42_R1_001.fastq.gz_trimming_report.json
Report: /scratch4/workspace/jade_fiorilla_student_uml_edu-rawseqorcc/trim-galore-illumina/2024_Warm01_Cont01_G2_gut_S42_R2_001.fastq.gz_trimming_report.txt
JSON report: /scratch4/workspace/jade_fiorilla_student_uml_edu-rawseqorcc/trim-galore-illumina/2024_Warm01_Cont01_G2_gut_S42_R2_001.fastq.gz_trimming_report.json

Running FastQC on /scratch4/workspace/jade_fiorilla_student_uml_edu-rawseqorcc/trim-galore-illumina/2024_Warm01_Cont01_G2_gut_S42_R1_001_val_1.fq.gz

Running FastQC on /scratch4/workspace/jade_fiorilla_student_uml_edu-rawseqorcc/trim-galore-illumina/2024_Warm01_Cont01_G2_gut_S42_R2_001_val_2.fq.gz
Running Trim Galore on: 2024_Warm01_Cont06_G61_gill_S175

Trim Galore v2.3.0
unknown — linux/x86_64 — built 2026-06-27T16:23:35Z
==================================================

Using 6 worker threads (parallel trim + compress)
Adapter: Illumina (AGATCGGAAGAGC)

Scanning for poly-G content...
Poly-G trimming: ENABLED (auto-detected). 232524 of 1000000 reads (23.25%) have poly-G tails (>=10bp) — consistent with 2-colour chemistry (NovaSeq/NextSeq). To disable: --no_poly_g
Trimming (paired-end):
  R1: /scratch4/workspace/jade_fiorilla_student_uml_edu-rawseqorcc/fastq/2024_Warm01_Cont06_G61_gill_S175_R1_001.fastq.gz
  R2: /scratch4/workspace/jade_fiorilla_student_uml_edu-rawseqorcc/fastq/2024_Warm01_Cont06_G61_gill_S175_R2_001.fastq.gz
  Output R1: /scratch4/workspace/jade_fiorilla_student_uml_edu-rawseqorcc/trim-galore-illumina/2024_Warm01_Cont06_G61_gill_S175_R1_001_val_1.fq.gz
  Output R2: /scratch4/workspace/jade_fiorilla_student_uml_edu-rawseqorcc/trim-galore-illumina/2024_Warm01_Cont06_G61_gill_S175_R2_001_val_2.fq.gz

=== Summary (Read 1) ===

Total reads processed:              1033654
Reads with adapters:                 105096 (10.2%)

=== Summary (Read 2) ===

Total reads processed:              1033654
Reads with adapters:                 269285 (26.1%)
R1 reads with poly-G trimmed:          1308 (0.1%)
  R1 poly-G bases removed:           169873
R2 reads with poly-G trimmed:           671 (0.1%)
  R2 poly-G bases removed:           103783

=== Paired-end validation ===

Pairs analyzed:                     1033654
Pairs removed:                         2196 (0.2%)
Unpaired R1 kept:                      1823
Unpaired R2 kept:                       135
Report: /scratch4/workspace/jade_fiorilla_student_uml_edu-rawseqorcc/trim-galore-illumina/2024_Warm01_Cont06_G61_gill_S175_R1_001.fastq.gz_trimming_report.txt
JSON report: /scratch4/workspace/jade_fiorilla_student_uml_edu-rawseqorcc/trim-galore-illumina/2024_Warm01_Cont06_G61_gill_S175_R1_001.fastq.gz_trimming_report.json
Report: /scratch4/workspace/jade_fiorilla_student_uml_edu-rawseqorcc/trim-galore-illumina/2024_Warm01_Cont06_G61_gill_S175_R2_001.fastq.gz_trimming_report.txt
JSON report: /scratch4/workspace/jade_fiorilla_student_uml_edu-rawseqorcc/trim-galore-illumina/2024_Warm01_Cont06_G61_gill_S175_R2_001.fastq.gz_trimming_report.json

Running FastQC on /scratch4/workspace/jade_fiorilla_student_uml_edu-rawseqorcc/trim-galore-illumina/2024_Warm01_Cont06_G61_gill_S175_R1_001_val_1.fq.gz

Running FastQC on /scratch4/workspace/jade_fiorilla_student_uml_edu-rawseqorcc/trim-galore-illumina/2024_Warm01_Cont06_G61_gill_S175_R2_001_val_2.fq.gz
Running Trim Galore on: 2024_Warm01_Cont06_G61_gut_S57

Trim Galore v2.3.0
unknown — linux/x86_64 — built 2026-06-27T16:23:35Z
==================================================

Using 6 worker threads (parallel trim + compress)
Adapter: Illumina (AGATCGGAAGAGC)

Scanning for poly-G content...
Poly-G trimming: ENABLED (auto-detected). 417681 of 1000000 reads (41.77%) have poly-G tails (>=10bp) — consistent with 2-colour chemistry (NovaSeq/NextSeq). To disable: --no_poly_g
Trimming (paired-end):
  R1: /scratch4/workspace/jade_fiorilla_student_uml_edu-rawseqorcc/fastq/2024_Warm01_Cont06_G61_gut_S57_R1_001.fastq.gz
  R2: /scratch4/workspace/jade_fiorilla_student_uml_edu-rawseqorcc/fastq/2024_Warm01_Cont06_G61_gut_S57_R2_001.fastq.gz
  Output R1: /scratch4/workspace/jade_fiorilla_student_uml_edu-rawseqorcc/trim-galore-illumina/2024_Warm01_Cont06_G61_gut_S57_R1_001_val_1.fq.gz
  Output R2: /scratch4/workspace/jade_fiorilla_student_uml_edu-rawseqorcc/trim-galore-illumina/2024_Warm01_Cont06_G61_gut_S57_R2_001_val_2.fq.gz

=== Summary (Read 1) ===

Total reads processed:              1149318
Reads with adapters:                  10268 (0.9%)

=== Summary (Read 2) ===

Total reads processed:              1149318
Reads with adapters:                 489280 (42.6%)
R1 reads with poly-G trimmed:          4773 (0.4%)
  R1 poly-G bases removed:           511761
R2 reads with poly-G trimmed:          1190 (0.1%)
  R2 poly-G bases removed:           218501

=== Paired-end validation ===

Pairs analyzed:                     1149318
Pairs removed:                         3281 (0.3%)
Unpaired R1 kept:                      3040
Unpaired R2 kept:                        78
Report: /scratch4/workspace/jade_fiorilla_student_uml_edu-rawseqorcc/trim-galore-illumina/2024_Warm01_Cont06_G61_gut_S57_R1_001.fastq.gz_trimming_report.txt
JSON report: /scratch4/workspace/jade_fiorilla_student_uml_edu-rawseqorcc/trim-galore-illumina/2024_Warm01_Cont06_G61_gut_S57_R1_001.fastq.gz_trimming_report.json
Report: /scratch4/workspace/jade_fiorilla_student_uml_edu-rawseqorcc/trim-galore-illumina/2024_Warm01_Cont06_G61_gut_S57_R2_001.fastq.gz_trimming_report.txt
JSON report: /scratch4/workspace/jade_fiorilla_student_uml_edu-rawseqorcc/trim-galore-illumina/2024_Warm01_Cont06_G61_gut_S57_R2_001.fastq.gz_trimming_report.json

Running FastQC on /scratch4/workspace/jade_fiorilla_student_uml_edu-rawseqorcc/trim-galore-illumina/2024_Warm01_Cont06_G61_gut_S57_R1_001_val_1.fq.gz

Running FastQC on /scratch4/workspace/jade_fiorilla_student_uml_edu-rawseqorcc/trim-galore-illumina/2024_Warm01_Cont06_G61_gut_S57_R2_001_val_2.fq.gz
Running Trim Galore on: 2024_Warm01_Hyp05_G49_gill_S233

Trim Galore v2.3.0
unknown — linux/x86_64 — built 2026-06-27T16:23:35Z
==================================================

Using 6 worker threads (parallel trim + compress)
Adapter: Illumina (AGATCGGAAGAGC)

Scanning for poly-G content...
Poly-G trimming: ENABLED (auto-detected). 644 of 2012 reads (32.01%) have poly-G tails (>=10bp) — consistent with 2-colour chemistry (NovaSeq/NextSeq). To disable: --no_poly_g
Trimming (paired-end):
  R1: /scratch4/workspace/jade_fiorilla_student_uml_edu-rawseqorcc/fastq/2024_Warm01_Hyp05_G49_gill_S233_R1_001.fastq.gz
  R2: /scratch4/workspace/jade_fiorilla_student_uml_edu-rawseqorcc/fastq/2024_Warm01_Hyp05_G49_gill_S233_R2_001.fastq.gz
  Output R1: /scratch4/workspace/jade_fiorilla_student_uml_edu-rawseqorcc/trim-galore-illumina/2024_Warm01_Hyp05_G49_gill_S233_R1_001_val_1.fq.gz
  Output R2: /scratch4/workspace/jade_fiorilla_student_uml_edu-rawseqorcc/trim-galore-illumina/2024_Warm01_Hyp05_G49_gill_S233_R2_001_val_2.fq.gz

=== Summary (Read 1) ===

Total reads processed:                 2012
Reads with adapters:                    185 (9.2%)

=== Summary (Read 2) ===

Total reads processed:                 2012
Reads with adapters:                    695 (34.5%)
R1 reads with poly-G trimmed:             2 (0.1%)
  R1 poly-G bases removed:              300
R2 reads with poly-G trimmed:             2 (0.1%)
  R2 poly-G bases removed:              405

=== Paired-end validation ===

Pairs analyzed:                        2012
Pairs removed:                           17 (0.8%)
Unpaired R1 kept:                        15
Unpaired R2 kept:                         1
Report: /scratch4/workspace/jade_fiorilla_student_uml_edu-rawseqorcc/trim-galore-illumina/2024_Warm01_Hyp05_G49_gill_S233_R1_001.fastq.gz_trimming_report.txt
JSON report: /scratch4/workspace/jade_fiorilla_student_uml_edu-rawseqorcc/trim-galore-illumina/2024_Warm01_Hyp05_G49_gill_S233_R1_001.fastq.gz_trimming_report.json
Report: /scratch4/workspace/jade_fiorilla_student_uml_edu-rawseqorcc/trim-galore-illumina/2024_Warm01_Hyp05_G49_gill_S233_R2_001.fastq.gz_trimming_report.txt
JSON report: /scratch4/workspace/jade_fiorilla_student_uml_edu-rawseqorcc/trim-galore-illumina/2024_Warm01_Hyp05_G49_gill_S233_R2_001.fastq.gz_trimming_report.json

Running FastQC on /scratch4/workspace/jade_fiorilla_student_uml_edu-rawseqorcc/trim-galore-illumina/2024_Warm01_Hyp05_G49_gill_S233_R1_001_val_1.fq.gz

Running FastQC on /scratch4/workspace/jade_fiorilla_student_uml_edu-rawseqorcc/trim-galore-illumina/2024_Warm01_Hyp05_G49_gill_S233_R2_001_val_2.fq.gz
Running Trim Galore on: 2024_Warm01_Hyp05_G49_gut_S66

Trim Galore v2.3.0
unknown — linux/x86_64 — built 2026-06-27T16:23:35Z
==================================================

Using 6 worker threads (parallel trim + compress)
Adapter: Illumina (AGATCGGAAGAGC)

Scanning for poly-G content...
Poly-G trimming: ENABLED (auto-detected). 56012 of 721306 reads (7.77%) have poly-G tails (>=10bp) — consistent with 2-colour chemistry (NovaSeq/NextSeq). To disable: --no_poly_g
Trimming (paired-end):
  R1: /scratch4/workspace/jade_fiorilla_student_uml_edu-rawseqorcc/fastq/2024_Warm01_Hyp05_G49_gut_S66_R1_001.fastq.gz
  R2: /scratch4/workspace/jade_fiorilla_student_uml_edu-rawseqorcc/fastq/2024_Warm01_Hyp05_G49_gut_S66_R2_001.fastq.gz
  Output R1: /scratch4/workspace/jade_fiorilla_student_uml_edu-rawseqorcc/trim-galore-illumina/2024_Warm01_Hyp05_G49_gut_S66_R1_001_val_1.fq.gz
  Output R2: /scratch4/workspace/jade_fiorilla_student_uml_edu-rawseqorcc/trim-galore-illumina/2024_Warm01_Hyp05_G49_gut_S66_R2_001_val_2.fq.gz

=== Summary (Read 1) ===

Total reads processed:               721306
Reads with adapters:                  18458 (2.6%)

=== Summary (Read 2) ===

Total reads processed:               721306
Reads with adapters:                  59151 (8.2%)
R1 reads with poly-G trimmed:           385 (0.1%)
  R1 poly-G bases removed:            57386
R2 reads with poly-G trimmed:           250 (0.0%)
  R2 poly-G bases removed:            43704

=== Paired-end validation ===

Pairs analyzed:                      721306
Pairs removed:                         1641 (0.2%)
Unpaired R1 kept:                      1392
Unpaired R2 kept:                       104
Report: /scratch4/workspace/jade_fiorilla_student_uml_edu-rawseqorcc/trim-galore-illumina/2024_Warm01_Hyp05_G49_gut_S66_R1_001.fastq.gz_trimming_report.txt
JSON report: /scratch4/workspace/jade_fiorilla_student_uml_edu-rawseqorcc/trim-galore-illumina/2024_Warm01_Hyp05_G49_gut_S66_R1_001.fastq.gz_trimming_report.json
Report: /scratch4/workspace/jade_fiorilla_student_uml_edu-rawseqorcc/trim-galore-illumina/2024_Warm01_Hyp05_G49_gut_S66_R2_001.fastq.gz_trimming_report.txt
JSON report: /scratch4/workspace/jade_fiorilla_student_uml_edu-rawseqorcc/trim-galore-illumina/2024_Warm01_Hyp05_G49_gut_S66_R2_001.fastq.gz_trimming_report.json

Running FastQC on /scratch4/workspace/jade_fiorilla_student_uml_edu-rawseqorcc/trim-galore-illumina/2024_Warm01_Hyp05_G49_gut_S66_R1_001_val_1.fq.gz

Running FastQC on /scratch4/workspace/jade_fiorilla_student_uml_edu-rawseqorcc/trim-galore-illumina/2024_Warm01_Hyp05_G49_gut_S66_R2_001_val_2.fq.gz
Running Trim Galore on: 2024_Warm01_Null_G02_gill_S239

Trim Galore v2.3.0
unknown — linux/x86_64 — built 2026-06-27T16:23:35Z
==================================================

Using 6 worker threads (parallel trim + compress)
Adapter: Illumina (AGATCGGAAGAGC)

Scanning for poly-G content...
Poly-G trimming: ENABLED (auto-detected). 14988 of 438648 reads (3.42%) have poly-G tails (>=10bp) — consistent with 2-colour chemistry (NovaSeq/NextSeq). To disable: --no_poly_g
Trimming (paired-end):
  R1: /scratch4/workspace/jade_fiorilla_student_uml_edu-rawseqorcc/fastq/2024_Warm01_Null_G02_gill_S239_R1_001.fastq.gz
  R2: /scratch4/workspace/jade_fiorilla_student_uml_edu-rawseqorcc/fastq/2024_Warm01_Null_G02_gill_S239_R2_001.fastq.gz
  Output R1: /scratch4/workspace/jade_fiorilla_student_uml_edu-rawseqorcc/trim-galore-illumina/2024_Warm01_Null_G02_gill_S239_R1_001_val_1.fq.gz
  Output R2: /scratch4/workspace/jade_fiorilla_student_uml_edu-rawseqorcc/trim-galore-illumina/2024_Warm01_Null_G02_gill_S239_R2_001_val_2.fq.gz

=== Summary (Read 1) ===

Total reads processed:               438648
Reads with adapters:                 223010 (50.8%)

=== Summary (Read 2) ===

Total reads processed:               438648
Reads with adapters:                 143969 (32.8%)
R1 reads with poly-G trimmed:           292 (0.1%)
  R1 poly-G bases removed:            22226
R2 reads with poly-G trimmed:            80 (0.0%)
  R2 poly-G bases removed:             8868

=== Paired-end validation ===

Pairs analyzed:                      438648
Pairs removed:                          843 (0.2%)
Unpaired R1 kept:                       790
Unpaired R2 kept:                        29
Report: /scratch4/workspace/jade_fiorilla_student_uml_edu-rawseqorcc/trim-galore-illumina/2024_Warm01_Null_G02_gill_S239_R1_001.fastq.gz_trimming_report.txt
JSON report: /scratch4/workspace/jade_fiorilla_student_uml_edu-rawseqorcc/trim-galore-illumina/2024_Warm01_Null_G02_gill_S239_R1_001.fastq.gz_trimming_report.json
Report: /scratch4/workspace/jade_fiorilla_student_uml_edu-rawseqorcc/trim-galore-illumina/2024_Warm01_Null_G02_gill_S239_R2_001.fastq.gz_trimming_report.txt
JSON report: /scratch4/workspace/jade_fiorilla_student_uml_edu-rawseqorcc/trim-galore-illumina/2024_Warm01_Null_G02_gill_S239_R2_001.fastq.gz_trimming_report.json

Running FastQC on /scratch4/workspace/jade_fiorilla_student_uml_edu-rawseqorcc/trim-galore-illumina/2024_Warm01_Null_G02_gill_S239_R1_001_val_1.fq.gz

Running FastQC on /scratch4/workspace/jade_fiorilla_student_uml_edu-rawseqorcc/trim-galore-illumina/2024_Warm01_Null_G02_gill_S239_R2_001_val_2.fq.gz
Running Trim Galore on: 2024_Warm01_Null_G02_gut_S184

Trim Galore v2.3.0
unknown — linux/x86_64 — built 2026-06-27T16:23:35Z
==================================================

Using 6 worker threads (parallel trim + compress)
Adapter: Illumina (AGATCGGAAGAGC)

Scanning for poly-G content...
Poly-G trimming: ENABLED (auto-detected). 519141 of 1000000 reads (51.91%) have poly-G tails (>=10bp) — consistent with 2-colour chemistry (NovaSeq/NextSeq). To disable: --no_poly_g
Trimming (paired-end):
  R1: /scratch4/workspace/jade_fiorilla_student_uml_edu-rawseqorcc/fastq/2024_Warm01_Null_G02_gut_S184_R1_001.fastq.gz
  R2: /scratch4/workspace/jade_fiorilla_student_uml_edu-rawseqorcc/fastq/2024_Warm01_Null_G02_gut_S184_R2_001.fastq.gz
  Output R1: /scratch4/workspace/jade_fiorilla_student_uml_edu-rawseqorcc/trim-galore-illumina/2024_Warm01_Null_G02_gut_S184_R1_001_val_1.fq.gz
  Output R2: /scratch4/workspace/jade_fiorilla_student_uml_edu-rawseqorcc/trim-galore-illumina/2024_Warm01_Null_G02_gut_S184_R2_001_val_2.fq.gz

=== Summary (Read 1) ===

Total reads processed:              1317519
Reads with adapters:                 119118 (9.0%)

=== Summary (Read 2) ===

Total reads processed:              1317519
Reads with adapters:                 703954 (53.4%)
R1 reads with poly-G trimmed:          3924 (0.3%)
  R1 poly-G bases removed:           725414
R2 reads with poly-G trimmed:          1660 (0.1%)
  R2 poly-G bases removed:           301792

=== Paired-end validation ===

Pairs analyzed:                     1317519
Pairs removed:                         2832 (0.2%)
Unpaired R1 kept:                      2614
Unpaired R2 kept:                        86
Report: /scratch4/workspace/jade_fiorilla_student_uml_edu-rawseqorcc/trim-galore-illumina/2024_Warm01_Null_G02_gut_S184_R1_001.fastq.gz_trimming_report.txt
JSON report: /scratch4/workspace/jade_fiorilla_student_uml_edu-rawseqorcc/trim-galore-illumina/2024_Warm01_Null_G02_gut_S184_R1_001.fastq.gz_trimming_report.json
Report: /scratch4/workspace/jade_fiorilla_student_uml_edu-rawseqorcc/trim-galore-illumina/2024_Warm01_Null_G02_gut_S184_R2_001.fastq.gz_trimming_report.txt
JSON report: /scratch4/workspace/jade_fiorilla_student_uml_edu-rawseqorcc/trim-galore-illumina/2024_Warm01_Null_G02_gut_S184_R2_001.fastq.gz_trimming_report.json

Running FastQC on /scratch4/workspace/jade_fiorilla_student_uml_edu-rawseqorcc/trim-galore-illumina/2024_Warm01_Null_G02_gut_S184_R1_001_val_1.fq.gz

Running FastQC on /scratch4/workspace/jade_fiorilla_student_uml_edu-rawseqorcc/trim-galore-illumina/2024_Warm01_Null_G02_gut_S184_R2_001_val_2.fq.gz
Running Trim Galore on: 2024_Warm01_Warm01_G1_gill_S211

Trim Galore v2.3.0
unknown — linux/x86_64 — built 2026-06-27T16:23:35Z
==================================================

Using 6 worker threads (parallel trim + compress)
Adapter: Illumina (AGATCGGAAGAGC)

Scanning for poly-G content...
Poly-G trimming: ENABLED (auto-detected). 1358 of 1000000 reads (0.14%) have poly-G tails (>=10bp) — consistent with 2-colour chemistry (NovaSeq/NextSeq). To disable: --no_poly_g
Trimming (paired-end):
  R1: /scratch4/workspace/jade_fiorilla_student_uml_edu-rawseqorcc/fastq/2024_Warm01_Warm01_G1_gill_S211_R1_001.fastq.gz
  R2: /scratch4/workspace/jade_fiorilla_student_uml_edu-rawseqorcc/fastq/2024_Warm01_Warm01_G1_gill_S211_R2_001.fastq.gz
  Output R1: /scratch4/workspace/jade_fiorilla_student_uml_edu-rawseqorcc/trim-galore-illumina/2024_Warm01_Warm01_G1_gill_S211_R1_001_val_1.fq.gz
  Output R2: /scratch4/workspace/jade_fiorilla_student_uml_edu-rawseqorcc/trim-galore-illumina/2024_Warm01_Warm01_G1_gill_S211_R2_001_val_2.fq.gz

=== Summary (Read 1) ===

Total reads processed:              1775944
Reads with adapters:                  24887 (1.4%)

=== Summary (Read 2) ===

Total reads processed:              1775944
Reads with adapters:                  21635 (1.2%)
R1 reads with poly-G trimmed:           111 (0.0%)
  R1 poly-G bases removed:             2643
R2 reads with poly-G trimmed:           101 (0.0%)
  R2 poly-G bases removed:            16154

=== Paired-end validation ===

Pairs analyzed:                     1775944
Pairs removed:                         2191 (0.1%)
Unpaired R1 kept:                      2081
Unpaired R2 kept:                        49
Report: /scratch4/workspace/jade_fiorilla_student_uml_edu-rawseqorcc/trim-galore-illumina/2024_Warm01_Warm01_G1_gill_S211_R1_001.fastq.gz_trimming_report.txt
JSON report: /scratch4/workspace/jade_fiorilla_student_uml_edu-rawseqorcc/trim-galore-illumina/2024_Warm01_Warm01_G1_gill_S211_R1_001.fastq.gz_trimming_report.json
Report: /scratch4/workspace/jade_fiorilla_student_uml_edu-rawseqorcc/trim-galore-illumina/2024_Warm01_Warm01_G1_gill_S211_R2_001.fastq.gz_trimming_report.txt
JSON report: /scratch4/workspace/jade_fiorilla_student_uml_edu-rawseqorcc/trim-galore-illumina/2024_Warm01_Warm01_G1_gill_S211_R2_001.fastq.gz_trimming_report.json

Running FastQC on /scratch4/workspace/jade_fiorilla_student_uml_edu-rawseqorcc/trim-galore-illumina/2024_Warm01_Warm01_G1_gill_S211_R1_001_val_1.fq.gz

Running FastQC on /scratch4/workspace/jade_fiorilla_student_uml_edu-rawseqorcc/trim-galore-illumina/2024_Warm01_Warm01_G1_gill_S211_R2_001_val_2.fq.gz
Running Trim Galore on: 2024_Warm01_Warm01_G1_gut_S23

Trim Galore v2.3.0
unknown — linux/x86_64 — built 2026-06-27T16:23:35Z
==================================================

Using 6 worker threads (parallel trim + compress)
Adapter: Illumina (AGATCGGAAGAGC)

Scanning for poly-G content...
Poly-G trimming: ENABLED (auto-detected). 635892 of 1000000 reads (63.59%) have poly-G tails (>=10bp) — consistent with 2-colour chemistry (NovaSeq/NextSeq). To disable: --no_poly_g
Trimming (paired-end):
  R1: /scratch4/workspace/jade_fiorilla_student_uml_edu-rawseqorcc/fastq/2024_Warm01_Warm01_G1_gut_S23_R1_001.fastq.gz
  R2: /scratch4/workspace/jade_fiorilla_student_uml_edu-rawseqorcc/fastq/2024_Warm01_Warm01_G1_gut_S23_R2_001.fastq.gz
  Output R1: /scratch4/workspace/jade_fiorilla_student_uml_edu-rawseqorcc/trim-galore-illumina/2024_Warm01_Warm01_G1_gut_S23_R1_001_val_1.fq.gz
  Output R2: /scratch4/workspace/jade_fiorilla_student_uml_edu-rawseqorcc/trim-galore-illumina/2024_Warm01_Warm01_G1_gut_S23_R2_001_val_2.fq.gz

=== Summary (Read 1) ===

Total reads processed:              1287196
Reads with adapters:                 175953 (13.7%)

=== Summary (Read 2) ===

Total reads processed:              1287196
Reads with adapters:                 840175 (65.3%)
R1 reads with poly-G trimmed:         20705 (1.6%)
  R1 poly-G bases removed:           901152
R2 reads with poly-G trimmed:          2080 (0.2%)
  R2 poly-G bases removed:           363479

=== Paired-end validation ===

Pairs analyzed:                     1287196
Pairs removed:                         2796 (0.2%)
Unpaired R1 kept:                      2385
Unpaired R2 kept:                       115
Report: /scratch4/workspace/jade_fiorilla_student_uml_edu-rawseqorcc/trim-galore-illumina/2024_Warm01_Warm01_G1_gut_S23_R1_001.fastq.gz_trimming_report.txt
JSON report: /scratch4/workspace/jade_fiorilla_student_uml_edu-rawseqorcc/trim-galore-illumina/2024_Warm01_Warm01_G1_gut_S23_R1_001.fastq.gz_trimming_report.json
Report: /scratch4/workspace/jade_fiorilla_student_uml_edu-rawseqorcc/trim-galore-illumina/2024_Warm01_Warm01_G1_gut_S23_R2_001.fastq.gz_trimming_report.txt
JSON report: /scratch4/workspace/jade_fiorilla_student_uml_edu-rawseqorcc/trim-galore-illumina/2024_Warm01_Warm01_G1_gut_S23_R2_001.fastq.gz_trimming_report.json

Running FastQC on /scratch4/workspace/jade_fiorilla_student_uml_edu-rawseqorcc/trim-galore-illumina/2024_Warm01_Warm01_G1_gut_S23_R1_001_val_1.fq.gz

Running FastQC on /scratch4/workspace/jade_fiorilla_student_uml_edu-rawseqorcc/trim-galore-illumina/2024_Warm01_Warm01_G1_gut_S23_R2_001_val_2.fq.gz
Running Trim Galore on: 2024_Warm01_Warm06_G62_gill_S176

Trim Galore v2.3.0
unknown — linux/x86_64 — built 2026-06-27T16:23:35Z
==================================================

Using 6 worker threads (parallel trim + compress)
Adapter: Illumina (AGATCGGAAGAGC)

Scanning for poly-G content...
Poly-G trimming: ENABLED (auto-detected). 527761 of 1000000 reads (52.78%) have poly-G tails (>=10bp) — consistent with 2-colour chemistry (NovaSeq/NextSeq). To disable: --no_poly_g
Trimming (paired-end):
  R1: /scratch4/workspace/jade_fiorilla_student_uml_edu-rawseqorcc/fastq/2024_Warm01_Warm06_G62_gill_S176_R1_001.fastq.gz
  R2: /scratch4/workspace/jade_fiorilla_student_uml_edu-rawseqorcc/fastq/2024_Warm01_Warm06_G62_gill_S176_R2_001.fastq.gz
  Output R1: /scratch4/workspace/jade_fiorilla_student_uml_edu-rawseqorcc/trim-galore-illumina/2024_Warm01_Warm06_G62_gill_S176_R1_001_val_1.fq.gz
  Output R2: /scratch4/workspace/jade_fiorilla_student_uml_edu-rawseqorcc/trim-galore-illumina/2024_Warm01_Warm06_G62_gill_S176_R2_001_val_2.fq.gz

=== Summary (Read 1) ===

Total reads processed:              1535926
Reads with adapters:                 408552 (26.6%)

=== Summary (Read 2) ===

Total reads processed:              1535926
Reads with adapters:                 839808 (54.7%)
R1 reads with poly-G trimmed:          4212 (0.3%)
  R1 poly-G bases removed:           646087
R2 reads with poly-G trimmed:          2067 (0.1%)
  R2 poly-G bases removed:           364355

=== Paired-end validation ===

Pairs analyzed:                     1535926
Pairs removed:                         2980 (0.2%)
Unpaired R1 kept:                      2507
Unpaired R2 kept:                       145
Report: /scratch4/workspace/jade_fiorilla_student_uml_edu-rawseqorcc/trim-galore-illumina/2024_Warm01_Warm06_G62_gill_S176_R1_001.fastq.gz_trimming_report.txt
JSON report: /scratch4/workspace/jade_fiorilla_student_uml_edu-rawseqorcc/trim-galore-illumina/2024_Warm01_Warm06_G62_gill_S176_R1_001.fastq.gz_trimming_report.json
Report: /scratch4/workspace/jade_fiorilla_student_uml_edu-rawseqorcc/trim-galore-illumina/2024_Warm01_Warm06_G62_gill_S176_R2_001.fastq.gz_trimming_report.txt
JSON report: /scratch4/workspace/jade_fiorilla_student_uml_edu-rawseqorcc/trim-galore-illumina/2024_Warm01_Warm06_G62_gill_S176_R2_001.fastq.gz_trimming_report.json

Running FastQC on /scratch4/workspace/jade_fiorilla_student_uml_edu-rawseqorcc/trim-galore-illumina/2024_Warm01_Warm06_G62_gill_S176_R1_001_val_1.fq.gz

Running FastQC on /scratch4/workspace/jade_fiorilla_student_uml_edu-rawseqorcc/trim-galore-illumina/2024_Warm01_Warm06_G62_gill_S176_R2_001_val_2.fq.gz
Running Trim Galore on: 2024_Warm01_Warm06_G62_gut_S58

Trim Galore v2.3.0
unknown — linux/x86_64 — built 2026-06-27T16:23:35Z
==================================================

Using 6 worker threads (parallel trim + compress)
Adapter: Illumina (AGATCGGAAGAGC)

Scanning for poly-G content...
Poly-G trimming: ENABLED (auto-detected). 451829 of 768962 reads (58.76%) have poly-G tails (>=10bp) — consistent with 2-colour chemistry (NovaSeq/NextSeq). To disable: --no_poly_g
Trimming (paired-end):
  R1: /scratch4/workspace/jade_fiorilla_student_uml_edu-rawseqorcc/fastq/2024_Warm01_Warm06_G62_gut_S58_R1_001.fastq.gz
  R2: /scratch4/workspace/jade_fiorilla_student_uml_edu-rawseqorcc/fastq/2024_Warm01_Warm06_G62_gut_S58_R2_001.fastq.gz
  Output R1: /scratch4/workspace/jade_fiorilla_student_uml_edu-rawseqorcc/trim-galore-illumina/2024_Warm01_Warm06_G62_gut_S58_R1_001_val_1.fq.gz
  Output R2: /scratch4/workspace/jade_fiorilla_student_uml_edu-rawseqorcc/trim-galore-illumina/2024_Warm01_Warm06_G62_gut_S58_R2_001_val_2.fq.gz

=== Summary (Read 1) ===

Total reads processed:               768962
Reads with adapters:                   8712 (1.1%)

=== Summary (Read 2) ===

Total reads processed:               768962
Reads with adapters:                 458524 (59.6%)
R1 reads with poly-G trimmed:          5028 (0.7%)
  R1 poly-G bases removed:           516477
R2 reads with poly-G trimmed:          1131 (0.1%)
  R2 poly-G bases removed:           200682

=== Paired-end validation ===

Pairs analyzed:                      768962
Pairs removed:                         2292 (0.3%)
Unpaired R1 kept:                      2040
Unpaired R2 kept:                        92
Report: /scratch4/workspace/jade_fiorilla_student_uml_edu-rawseqorcc/trim-galore-illumina/2024_Warm01_Warm06_G62_gut_S58_R1_001.fastq.gz_trimming_report.txt
JSON report: /scratch4/workspace/jade_fiorilla_student_uml_edu-rawseqorcc/trim-galore-illumina/2024_Warm01_Warm06_G62_gut_S58_R1_001.fastq.gz_trimming_report.json
Report: /scratch4/workspace/jade_fiorilla_student_uml_edu-rawseqorcc/trim-galore-illumina/2024_Warm01_Warm06_G62_gut_S58_R2_001.fastq.gz_trimming_report.txt
JSON report: /scratch4/workspace/jade_fiorilla_student_uml_edu-rawseqorcc/trim-galore-illumina/2024_Warm01_Warm06_G62_gut_S58_R2_001.fastq.gz_trimming_report.json

Running FastQC on /scratch4/workspace/jade_fiorilla_student_uml_edu-rawseqorcc/trim-galore-illumina/2024_Warm01_Warm06_G62_gut_S58_R1_001_val_1.fq.gz

Running FastQC on /scratch4/workspace/jade_fiorilla_student_uml_edu-rawseqorcc/trim-galore-illumina/2024_Warm01_Warm06_G62_gut_S58_R2_001_val_2.fq.gz
Running Trim Galore on: 2024_Warm02_Both01_G4_gill_S146

Trim Galore v2.3.0
unknown — linux/x86_64 — built 2026-06-27T16:23:35Z
==================================================

Using 6 worker threads (parallel trim + compress)
Adapter: Illumina (AGATCGGAAGAGC)

Scanning for poly-G content...
Poly-G trimming: ENABLED (auto-detected). 423345 of 1000000 reads (42.33%) have poly-G tails (>=10bp) — consistent with 2-colour chemistry (NovaSeq/NextSeq). To disable: --no_poly_g
Trimming (paired-end):
  R1: /scratch4/workspace/jade_fiorilla_student_uml_edu-rawseqorcc/fastq/2024_Warm02_Both01_G4_gill_S146_R1_001.fastq.gz
  R2: /scratch4/workspace/jade_fiorilla_student_uml_edu-rawseqorcc/fastq/2024_Warm02_Both01_G4_gill_S146_R2_001.fastq.gz
  Output R1: /scratch4/workspace/jade_fiorilla_student_uml_edu-rawseqorcc/trim-galore-illumina/2024_Warm02_Both01_G4_gill_S146_R1_001_val_1.fq.gz
  Output R2: /scratch4/workspace/jade_fiorilla_student_uml_edu-rawseqorcc/trim-galore-illumina/2024_Warm02_Both01_G4_gill_S146_R2_001_val_2.fq.gz

=== Summary (Read 1) ===

Total reads processed:              1003426
Reads with adapters:                 141792 (14.1%)

=== Summary (Read 2) ===

Total reads processed:              1003426
Reads with adapters:                 434924 (43.3%)
R1 reads with poly-G trimmed:          2275 (0.2%)
  R1 poly-G bases removed:           386072
R2 reads with poly-G trimmed:          1324 (0.1%)
  R2 poly-G bases removed:           201591

=== Paired-end validation ===

Pairs analyzed:                     1003426
Pairs removed:                         2191 (0.2%)
Unpaired R1 kept:                      1908
Unpaired R2 kept:                        83
Report: /scratch4/workspace/jade_fiorilla_student_uml_edu-rawseqorcc/trim-galore-illumina/2024_Warm02_Both01_G4_gill_S146_R1_001.fastq.gz_trimming_report.txt
JSON report: /scratch4/workspace/jade_fiorilla_student_uml_edu-rawseqorcc/trim-galore-illumina/2024_Warm02_Both01_G4_gill_S146_R1_001.fastq.gz_trimming_report.json
Report: /scratch4/workspace/jade_fiorilla_student_uml_edu-rawseqorcc/trim-galore-illumina/2024_Warm02_Both01_G4_gill_S146_R2_001.fastq.gz_trimming_report.txt
JSON report: /scratch4/workspace/jade_fiorilla_student_uml_edu-rawseqorcc/trim-galore-illumina/2024_Warm02_Both01_G4_gill_S146_R2_001.fastq.gz_trimming_report.json

Running FastQC on /scratch4/workspace/jade_fiorilla_student_uml_edu-rawseqorcc/trim-galore-illumina/2024_Warm02_Both01_G4_gill_S146_R1_001_val_1.fq.gz

Running FastQC on /scratch4/workspace/jade_fiorilla_student_uml_edu-rawseqorcc/trim-galore-illumina/2024_Warm02_Both01_G4_gill_S146_R2_001_val_2.fq.gz
Running Trim Galore on: 2024_Warm02_Both01_G4_gut_S147

Trim Galore v2.3.0
unknown — linux/x86_64 — built 2026-06-27T16:23:35Z
==================================================

Using 6 worker threads (parallel trim + compress)
Adapter: Illumina (AGATCGGAAGAGC)

Scanning for poly-G content...
Poly-G trimming: ENABLED (auto-detected). 456376 of 1000000 reads (45.64%) have poly-G tails (>=10bp) — consistent with 2-colour chemistry (NovaSeq/NextSeq). To disable: --no_poly_g
Trimming (paired-end):
  R1: /scratch4/workspace/jade_fiorilla_student_uml_edu-rawseqorcc/fastq/2024_Warm02_Both01_G4_gut_S147_R1_001.fastq.gz
  R2: /scratch4/workspace/jade_fiorilla_student_uml_edu-rawseqorcc/fastq/2024_Warm02_Both01_G4_gut_S147_R2_001.fastq.gz
  Output R1: /scratch4/workspace/jade_fiorilla_student_uml_edu-rawseqorcc/trim-galore-illumina/2024_Warm02_Both01_G4_gut_S147_R1_001_val_1.fq.gz
  Output R2: /scratch4/workspace/jade_fiorilla_student_uml_edu-rawseqorcc/trim-galore-illumina/2024_Warm02_Both01_G4_gut_S147_R2_001_val_2.fq.gz

=== Summary (Read 1) ===

Total reads processed:              1201702
Reads with adapters:                 188381 (15.7%)

=== Summary (Read 2) ===

Total reads processed:              1201702
Reads with adapters:                 560828 (46.7%)
R1 reads with poly-G trimmed:          3109 (0.3%)
  R1 poly-G bases removed:           538004
R2 reads with poly-G trimmed:          1378 (0.1%)
  R2 poly-G bases removed:           252324

=== Paired-end validation ===

Pairs analyzed:                     1201702
Pairs removed:                         2195 (0.2%)
Unpaired R1 kept:                      1862
Unpaired R2 kept:                       124
Report: /scratch4/workspace/jade_fiorilla_student_uml_edu-rawseqorcc/trim-galore-illumina/2024_Warm02_Both01_G4_gut_S147_R1_001.fastq.gz_trimming_report.txt
JSON report: /scratch4/workspace/jade_fiorilla_student_uml_edu-rawseqorcc/trim-galore-illumina/2024_Warm02_Both01_G4_gut_S147_R1_001.fastq.gz_trimming_report.json
Report: /scratch4/workspace/jade_fiorilla_student_uml_edu-rawseqorcc/trim-galore-illumina/2024_Warm02_Both01_G4_gut_S147_R2_001.fastq.gz_trimming_report.txt
JSON report: /scratch4/workspace/jade_fiorilla_student_uml_edu-rawseqorcc/trim-galore-illumina/2024_Warm02_Both01_G4_gut_S147_R2_001.fastq.gz_trimming_report.json

Running FastQC on /scratch4/workspace/jade_fiorilla_student_uml_edu-rawseqorcc/trim-galore-illumina/2024_Warm02_Both01_G4_gut_S147_R1_001_val_1.fq.gz

Running FastQC on /scratch4/workspace/jade_fiorilla_student_uml_edu-rawseqorcc/trim-galore-illumina/2024_Warm02_Both01_G4_gut_S147_R2_001_val_2.fq.gz
Running Trim Galore on: 2024_Warm02_Both02_G15_gill_S148

Trim Galore v2.3.0
unknown — linux/x86_64 — built 2026-06-27T16:23:35Z
==================================================

Using 6 worker threads (parallel trim + compress)
Adapter: Illumina (AGATCGGAAGAGC)

Scanning for poly-G content...
Poly-G trimming: ENABLED (auto-detected). 369617 of 1000000 reads (36.96%) have poly-G tails (>=10bp) — consistent with 2-colour chemistry (NovaSeq/NextSeq). To disable: --no_poly_g
Trimming (paired-end):
  R1: /scratch4/workspace/jade_fiorilla_student_uml_edu-rawseqorcc/fastq/2024_Warm02_Both02_G15_gill_S148_R1_001.fastq.gz
  R2: /scratch4/workspace/jade_fiorilla_student_uml_edu-rawseqorcc/fastq/2024_Warm02_Both02_G15_gill_S148_R2_001.fastq.gz
  Output R1: /scratch4/workspace/jade_fiorilla_student_uml_edu-rawseqorcc/trim-galore-illumina/2024_Warm02_Both02_G15_gill_S148_R1_001_val_1.fq.gz
  Output R2: /scratch4/workspace/jade_fiorilla_student_uml_edu-rawseqorcc/trim-galore-illumina/2024_Warm02_Both02_G15_gill_S148_R2_001_val_2.fq.gz

=== Summary (Read 1) ===

Total reads processed:              1526935
Reads with adapters:                 199671 (13.1%)

=== Summary (Read 2) ===

Total reads processed:              1526935
Reads with adapters:                 650330 (42.6%)
R1 reads with poly-G trimmed:          3916 (0.3%)
  R1 poly-G bases removed:           658988
R2 reads with poly-G trimmed:          1411 (0.1%)
  R2 poly-G bases removed:           248509

=== Paired-end validation ===

Pairs analyzed:                     1526935
Pairs removed:                         2688 (0.2%)
Unpaired R1 kept:                      2305
Unpaired R2 kept:                       159
Report: /scratch4/workspace/jade_fiorilla_student_uml_edu-rawseqorcc/trim-galore-illumina/2024_Warm02_Both02_G15_gill_S148_R1_001.fastq.gz_trimming_report.txt
JSON report: /scratch4/workspace/jade_fiorilla_student_uml_edu-rawseqorcc/trim-galore-illumina/2024_Warm02_Both02_G15_gill_S148_R1_001.fastq.gz_trimming_report.json
Report: /scratch4/workspace/jade_fiorilla_student_uml_edu-rawseqorcc/trim-galore-illumina/2024_Warm02_Both02_G15_gill_S148_R2_001.fastq.gz_trimming_report.txt
JSON report: /scratch4/workspace/jade_fiorilla_student_uml_edu-rawseqorcc/trim-galore-illumina/2024_Warm02_Both02_G15_gill_S148_R2_001.fastq.gz_trimming_report.json

Running FastQC on /scratch4/workspace/jade_fiorilla_student_uml_edu-rawseqorcc/trim-galore-illumina/2024_Warm02_Both02_G15_gill_S148_R1_001_val_1.fq.gz

Running FastQC on /scratch4/workspace/jade_fiorilla_student_uml_edu-rawseqorcc/trim-galore-illumina/2024_Warm02_Both02_G15_gill_S148_R2_001_val_2.fq.gz
Running Trim Galore on: 2024_Warm02_Both02_G15_gut_S43

Trim Galore v2.3.0
unknown — linux/x86_64 — built 2026-06-27T16:23:35Z
==================================================

Using 6 worker threads (parallel trim + compress)
Adapter: Illumina (AGATCGGAAGAGC)

Scanning for poly-G content...
Poly-G trimming: ENABLED (auto-detected). 214081 of 573872 reads (37.30%) have poly-G tails (>=10bp) — consistent with 2-colour chemistry (NovaSeq/NextSeq). To disable: --no_poly_g
Trimming (paired-end):
  R1: /scratch4/workspace/jade_fiorilla_student_uml_edu-rawseqorcc/fastq/2024_Warm02_Both02_G15_gut_S43_R1_001.fastq.gz
  R2: /scratch4/workspace/jade_fiorilla_student_uml_edu-rawseqorcc/fastq/2024_Warm02_Both02_G15_gut_S43_R2_001.fastq.gz
  Output R1: /scratch4/workspace/jade_fiorilla_student_uml_edu-rawseqorcc/trim-galore-illumina/2024_Warm02_Both02_G15_gut_S43_R1_001_val_1.fq.gz
  Output R2: /scratch4/workspace/jade_fiorilla_student_uml_edu-rawseqorcc/trim-galore-illumina/2024_Warm02_Both02_G15_gut_S43_R2_001_val_2.fq.gz

=== Summary (Read 1) ===

Total reads processed:               573872
Reads with adapters:                  45809 (8.0%)

=== Summary (Read 2) ===

Total reads processed:               573872
Reads with adapters:                 218442 (38.1%)
R1 reads with poly-G trimmed:          3134 (0.5%)
  R1 poly-G bases removed:           200659
R2 reads with poly-G trimmed:           555 (0.1%)
  R2 poly-G bases removed:            99078

=== Paired-end validation ===

Pairs analyzed:                      573872
Pairs removed:                         1180 (0.2%)
Unpaired R1 kept:                      1059
Unpaired R2 kept:                        49
Report: /scratch4/workspace/jade_fiorilla_student_uml_edu-rawseqorcc/trim-galore-illumina/2024_Warm02_Both02_G15_gut_S43_R1_001.fastq.gz_trimming_report.txt
JSON report: /scratch4/workspace/jade_fiorilla_student_uml_edu-rawseqorcc/trim-galore-illumina/2024_Warm02_Both02_G15_gut_S43_R1_001.fastq.gz_trimming_report.json
Report: /scratch4/workspace/jade_fiorilla_student_uml_edu-rawseqorcc/trim-galore-illumina/2024_Warm02_Both02_G15_gut_S43_R2_001.fastq.gz_trimming_report.txt
JSON report: /scratch4/workspace/jade_fiorilla_student_uml_edu-rawseqorcc/trim-galore-illumina/2024_Warm02_Both02_G15_gut_S43_R2_001.fastq.gz_trimming_report.json

Running FastQC on /scratch4/workspace/jade_fiorilla_student_uml_edu-rawseqorcc/trim-galore-illumina/2024_Warm02_Both02_G15_gut_S43_R1_001_val_1.fq.gz

Running FastQC on /scratch4/workspace/jade_fiorilla_student_uml_edu-rawseqorcc/trim-galore-illumina/2024_Warm02_Both02_G15_gut_S43_R2_001_val_2.fq.gz
Running Trim Galore on: 2024_Warm02_Both06_G64_gill_S177

Trim Galore v2.3.0
unknown — linux/x86_64 — built 2026-06-27T16:23:35Z
==================================================

Using 6 worker threads (parallel trim + compress)
Adapter: Illumina (AGATCGGAAGAGC)

Scanning for poly-G content...
Poly-G trimming: ENABLED (auto-detected). 444446 of 1000000 reads (44.44%) have poly-G tails (>=10bp) — consistent with 2-colour chemistry (NovaSeq/NextSeq). To disable: --no_poly_g
Trimming (paired-end):
  R1: /scratch4/workspace/jade_fiorilla_student_uml_edu-rawseqorcc/fastq/2024_Warm02_Both06_G64_gill_S177_R1_001.fastq.gz
  R2: /scratch4/workspace/jade_fiorilla_student_uml_edu-rawseqorcc/fastq/2024_Warm02_Both06_G64_gill_S177_R2_001.fastq.gz
  Output R1: /scratch4/workspace/jade_fiorilla_student_uml_edu-rawseqorcc/trim-galore-illumina/2024_Warm02_Both06_G64_gill_S177_R1_001_val_1.fq.gz
  Output R2: /scratch4/workspace/jade_fiorilla_student_uml_edu-rawseqorcc/trim-galore-illumina/2024_Warm02_Both06_G64_gill_S177_R2_001_val_2.fq.gz

=== Summary (Read 1) ===

Total reads processed:              1724957
Reads with adapters:                 400630 (23.2%)

=== Summary (Read 2) ===

Total reads processed:              1724957
Reads with adapters:                 802402 (46.5%)
R1 reads with poly-G trimmed:          3848 (0.2%)
  R1 poly-G bases removed:           605480
R2 reads with poly-G trimmed:          2253 (0.1%)
  R2 poly-G bases removed:           366910

=== Paired-end validation ===

Pairs analyzed:                     1724957
Pairs removed:                         3433 (0.2%)
Unpaired R1 kept:                      2940
Unpaired R2 kept:                       141
Report: /scratch4/workspace/jade_fiorilla_student_uml_edu-rawseqorcc/trim-galore-illumina/2024_Warm02_Both06_G64_gill_S177_R1_001.fastq.gz_trimming_report.txt
JSON report: /scratch4/workspace/jade_fiorilla_student_uml_edu-rawseqorcc/trim-galore-illumina/2024_Warm02_Both06_G64_gill_S177_R1_001.fastq.gz_trimming_report.json
Report: /scratch4/workspace/jade_fiorilla_student_uml_edu-rawseqorcc/trim-galore-illumina/2024_Warm02_Both06_G64_gill_S177_R2_001.fastq.gz_trimming_report.txt
JSON report: /scratch4/workspace/jade_fiorilla_student_uml_edu-rawseqorcc/trim-galore-illumina/2024_Warm02_Both06_G64_gill_S177_R2_001.fastq.gz_trimming_report.json

Running FastQC on /scratch4/workspace/jade_fiorilla_student_uml_edu-rawseqorcc/trim-galore-illumina/2024_Warm02_Both06_G64_gill_S177_R1_001_val_1.fq.gz

Running FastQC on /scratch4/workspace/jade_fiorilla_student_uml_edu-rawseqorcc/trim-galore-illumina/2024_Warm02_Both06_G64_gill_S177_R2_001_val_2.fq.gz
Running Trim Galore on: 2024_Warm02_Both06_G64_gut_S178

Trim Galore v2.3.0
unknown — linux/x86_64 — built 2026-06-27T16:23:35Z
==================================================

Using 6 worker threads (parallel trim + compress)
Adapter: Illumina (AGATCGGAAGAGC)

Scanning for poly-G content...
Poly-G trimming: ENABLED (auto-detected). 252920 of 985686 reads (25.66%) have poly-G tails (>=10bp) — consistent with 2-colour chemistry (NovaSeq/NextSeq). To disable: --no_poly_g
Trimming (paired-end):
  R1: /scratch4/workspace/jade_fiorilla_student_uml_edu-rawseqorcc/fastq/2024_Warm02_Both06_G64_gut_S178_R1_001.fastq.gz
  R2: /scratch4/workspace/jade_fiorilla_student_uml_edu-rawseqorcc/fastq/2024_Warm02_Both06_G64_gut_S178_R2_001.fastq.gz
  Output R1: /scratch4/workspace/jade_fiorilla_student_uml_edu-rawseqorcc/trim-galore-illumina/2024_Warm02_Both06_G64_gut_S178_R1_001_val_1.fq.gz
  Output R2: /scratch4/workspace/jade_fiorilla_student_uml_edu-rawseqorcc/trim-galore-illumina/2024_Warm02_Both06_G64_gut_S178_R2_001_val_2.fq.gz

=== Summary (Read 1) ===

Total reads processed:               985686
Reads with adapters:                 122297 (12.4%)

=== Summary (Read 2) ===

Total reads processed:               985686
Reads with adapters:                 262461 (26.6%)
R1 reads with poly-G trimmed:          1349 (0.1%)
  R1 poly-G bases removed:           200132
R2 reads with poly-G trimmed:           666 (0.1%)
  R2 poly-G bases removed:           114956

=== Paired-end validation ===

Pairs analyzed:                      985686
Pairs removed:                         2034 (0.2%)
Unpaired R1 kept:                      1790
Unpaired R2 kept:                        86
Report: /scratch4/workspace/jade_fiorilla_student_uml_edu-rawseqorcc/trim-galore-illumina/2024_Warm02_Both06_G64_gut_S178_R1_001.fastq.gz_trimming_report.txt
JSON report: /scratch4/workspace/jade_fiorilla_student_uml_edu-rawseqorcc/trim-galore-illumina/2024_Warm02_Both06_G64_gut_S178_R1_001.fastq.gz_trimming_report.json
Report: /scratch4/workspace/jade_fiorilla_student_uml_edu-rawseqorcc/trim-galore-illumina/2024_Warm02_Both06_G64_gut_S178_R2_001.fastq.gz_trimming_report.txt
JSON report: /scratch4/workspace/jade_fiorilla_student_uml_edu-rawseqorcc/trim-galore-illumina/2024_Warm02_Both06_G64_gut_S178_R2_001.fastq.gz_trimming_report.json

Running FastQC on /scratch4/workspace/jade_fiorilla_student_uml_edu-rawseqorcc/trim-galore-illumina/2024_Warm02_Both06_G64_gut_S178_R1_001_val_1.fq.gz

Running FastQC on /scratch4/workspace/jade_fiorilla_student_uml_edu-rawseqorcc/trim-galore-illumina/2024_Warm02_Both06_G64_gut_S178_R2_001_val_2.fq.gz
Running Trim Galore on: 2024_Warm02_Null_G15_gill_S263

Trim Galore v2.3.0
unknown — linux/x86_64 — built 2026-06-27T16:23:35Z
==================================================

Using 6 worker threads (parallel trim + compress)
Adapter: Illumina (AGATCGGAAGAGC)

Scanning for poly-G content...
Poly-G trimming: ENABLED (auto-detected). 68423 of 723907 reads (9.45%) have poly-G tails (>=10bp) — consistent with 2-colour chemistry (NovaSeq/NextSeq). To disable: --no_poly_g
Trimming (paired-end):
  R1: /scratch4/workspace/jade_fiorilla_student_uml_edu-rawseqorcc/fastq/2024_Warm02_Null_G15_gill_S263_R1_001.fastq.gz
  R2: /scratch4/workspace/jade_fiorilla_student_uml_edu-rawseqorcc/fastq/2024_Warm02_Null_G15_gill_S263_R2_001.fastq.gz
  Output R1: /scratch4/workspace/jade_fiorilla_student_uml_edu-rawseqorcc/trim-galore-illumina/2024_Warm02_Null_G15_gill_S263_R1_001_val_1.fq.gz
  Output R2: /scratch4/workspace/jade_fiorilla_student_uml_edu-rawseqorcc/trim-galore-illumina/2024_Warm02_Null_G15_gill_S263_R2_001_val_2.fq.gz

=== Summary (Read 1) ===

Total reads processed:               723907
Reads with adapters:                  16653 (2.3%)

=== Summary (Read 2) ===

Total reads processed:               723907
Reads with adapters:                  75031 (10.4%)
R1 reads with poly-G trimmed:           706 (0.1%)
  R1 poly-G bases removed:            79038
R2 reads with poly-G trimmed:           605 (0.1%)
  R2 poly-G bases removed:            25572

=== Paired-end validation ===

Pairs analyzed:                      723907
Pairs removed:                         1125 (0.2%)
Unpaired R1 kept:                      1004
Unpaired R2 kept:                        71
Report: /scratch4/workspace/jade_fiorilla_student_uml_edu-rawseqorcc/trim-galore-illumina/2024_Warm02_Null_G15_gill_S263_R1_001.fastq.gz_trimming_report.txt
JSON report: /scratch4/workspace/jade_fiorilla_student_uml_edu-rawseqorcc/trim-galore-illumina/2024_Warm02_Null_G15_gill_S263_R1_001.fastq.gz_trimming_report.json
Report: /scratch4/workspace/jade_fiorilla_student_uml_edu-rawseqorcc/trim-galore-illumina/2024_Warm02_Null_G15_gill_S263_R2_001.fastq.gz_trimming_report.txt
JSON report: /scratch4/workspace/jade_fiorilla_student_uml_edu-rawseqorcc/trim-galore-illumina/2024_Warm02_Null_G15_gill_S263_R2_001.fastq.gz_trimming_report.json

Running FastQC on /scratch4/workspace/jade_fiorilla_student_uml_edu-rawseqorcc/trim-galore-illumina/2024_Warm02_Null_G15_gill_S263_R1_001_val_1.fq.gz

Running FastQC on /scratch4/workspace/jade_fiorilla_student_uml_edu-rawseqorcc/trim-galore-illumina/2024_Warm02_Null_G15_gill_S263_R2_001_val_2.fq.gz
Running Trim Galore on: 2024_Warm02_Null_G15_gut_S185

Trim Galore v2.3.0
unknown — linux/x86_64 — built 2026-06-27T16:23:35Z
==================================================

Using 6 worker threads (parallel trim + compress)
Adapter: Illumina (AGATCGGAAGAGC)

Scanning for poly-G content...
Poly-G trimming: ENABLED (auto-detected). 397534 of 1000000 reads (39.75%) have poly-G tails (>=10bp) — consistent with 2-colour chemistry (NovaSeq/NextSeq). To disable: --no_poly_g
Trimming (paired-end):
  R1: /scratch4/workspace/jade_fiorilla_student_uml_edu-rawseqorcc/fastq/2024_Warm02_Null_G15_gut_S185_R1_001.fastq.gz
  R2: /scratch4/workspace/jade_fiorilla_student_uml_edu-rawseqorcc/fastq/2024_Warm02_Null_G15_gut_S185_R2_001.fastq.gz
  Output R1: /scratch4/workspace/jade_fiorilla_student_uml_edu-rawseqorcc/trim-galore-illumina/2024_Warm02_Null_G15_gut_S185_R1_001_val_1.fq.gz
  Output R2: /scratch4/workspace/jade_fiorilla_student_uml_edu-rawseqorcc/trim-galore-illumina/2024_Warm02_Null_G15_gut_S185_R2_001_val_2.fq.gz

=== Summary (Read 1) ===

Total reads processed:              1737238
Reads with adapters:                 173450 (10.0%)

=== Summary (Read 2) ===

Total reads processed:              1737238
Reads with adapters:                 754716 (43.4%)
R1 reads with poly-G trimmed:          3713 (0.2%)
  R1 poly-G bases removed:           685437
R2 reads with poly-G trimmed:          1761 (0.1%)
  R2 poly-G bases removed:           321371

=== Paired-end validation ===

Pairs analyzed:                     1737238
Pairs removed:                         3547 (0.2%)
Unpaired R1 kept:                      3272
Unpaired R2 kept:                       118
Report: /scratch4/workspace/jade_fiorilla_student_uml_edu-rawseqorcc/trim-galore-illumina/2024_Warm02_Null_G15_gut_S185_R1_001.fastq.gz_trimming_report.txt
JSON report: /scratch4/workspace/jade_fiorilla_student_uml_edu-rawseqorcc/trim-galore-illumina/2024_Warm02_Null_G15_gut_S185_R1_001.fastq.gz_trimming_report.json
Report: /scratch4/workspace/jade_fiorilla_student_uml_edu-rawseqorcc/trim-galore-illumina/2024_Warm02_Null_G15_gut_S185_R2_001.fastq.gz_trimming_report.txt
JSON report: /scratch4/workspace/jade_fiorilla_student_uml_edu-rawseqorcc/trim-galore-illumina/2024_Warm02_Null_G15_gut_S185_R2_001.fastq.gz_trimming_report.json

Running FastQC on /scratch4/workspace/jade_fiorilla_student_uml_edu-rawseqorcc/trim-galore-illumina/2024_Warm02_Null_G15_gut_S185_R1_001_val_1.fq.gz

Running FastQC on /scratch4/workspace/jade_fiorilla_student_uml_edu-rawseqorcc/trim-galore-illumina/2024_Warm02_Null_G15_gut_S185_R2_001_val_2.fq.gz
Running Trim Galore on: 2024_Warm03_Both05_G54_gill_S179

Trim Galore v2.3.0
unknown — linux/x86_64 — built 2026-06-27T16:23:35Z
==================================================

Using 6 worker threads (parallel trim + compress)
Adapter: Illumina (AGATCGGAAGAGC)

Scanning for poly-G content...
Poly-G trimming: ENABLED (auto-detected). 740894 of 1000000 reads (74.09%) have poly-G tails (>=10bp) — consistent with 2-colour chemistry (NovaSeq/NextSeq). To disable: --no_poly_g
Trimming (paired-end):
  R1: /scratch4/workspace/jade_fiorilla_student_uml_edu-rawseqorcc/fastq/2024_Warm03_Both05_G54_gill_S179_R1_001.fastq.gz
  R2: /scratch4/workspace/jade_fiorilla_student_uml_edu-rawseqorcc/fastq/2024_Warm03_Both05_G54_gill_S179_R2_001.fastq.gz
  Output R1: /scratch4/workspace/jade_fiorilla_student_uml_edu-rawseqorcc/trim-galore-illumina/2024_Warm03_Both05_G54_gill_S179_R1_001_val_1.fq.gz
  Output R2: /scratch4/workspace/jade_fiorilla_student_uml_edu-rawseqorcc/trim-galore-illumina/2024_Warm03_Both05_G54_gill_S179_R2_001_val_2.fq.gz

=== Summary (Read 1) ===

Total reads processed:              2056609
Reads with adapters:                 267914 (13.0%)

=== Summary (Read 2) ===

Total reads processed:              2056609
Reads with adapters:                1670543 (81.2%)
R1 reads with poly-G trimmed:          9065 (0.4%)
  R1 poly-G bases removed:           997227
R2 reads with poly-G trimmed:          3522 (0.2%)
  R2 poly-G bases removed:           507376

=== Paired-end validation ===

Pairs analyzed:                     2056609
Pairs removed:                         4761 (0.2%)
Unpaired R1 kept:                      4453
Unpaired R2 kept:                       119
Report: /scratch4/workspace/jade_fiorilla_student_uml_edu-rawseqorcc/trim-galore-illumina/2024_Warm03_Both05_G54_gill_S179_R1_001.fastq.gz_trimming_report.txt
JSON report: /scratch4/workspace/jade_fiorilla_student_uml_edu-rawseqorcc/trim-galore-illumina/2024_Warm03_Both05_G54_gill_S179_R1_001.fastq.gz_trimming_report.json
Report: /scratch4/workspace/jade_fiorilla_student_uml_edu-rawseqorcc/trim-galore-illumina/2024_Warm03_Both05_G54_gill_S179_R2_001.fastq.gz_trimming_report.txt
JSON report: /scratch4/workspace/jade_fiorilla_student_uml_edu-rawseqorcc/trim-galore-illumina/2024_Warm03_Both05_G54_gill_S179_R2_001.fastq.gz_trimming_report.json

Running FastQC on /scratch4/workspace/jade_fiorilla_student_uml_edu-rawseqorcc/trim-galore-illumina/2024_Warm03_Both05_G54_gill_S179_R1_001_val_1.fq.gz

Running FastQC on /scratch4/workspace/jade_fiorilla_student_uml_edu-rawseqorcc/trim-galore-illumina/2024_Warm03_Both05_G54_gill_S179_R2_001_val_2.fq.gz
Running Trim Galore on: 2024_Warm03_Both05_G54_gut_S59

Trim Galore v2.3.0
unknown — linux/x86_64 — built 2026-06-27T16:23:35Z
==================================================

Using 6 worker threads (parallel trim + compress)
Adapter: Illumina (AGATCGGAAGAGC)

Scanning for poly-G content...
Poly-G trimming: ENABLED (auto-detected). 184857 of 687744 reads (26.88%) have poly-G tails (>=10bp) — consistent with 2-colour chemistry (NovaSeq/NextSeq). To disable: --no_poly_g
Trimming (paired-end):
  R1: /scratch4/workspace/jade_fiorilla_student_uml_edu-rawseqorcc/fastq/2024_Warm03_Both05_G54_gut_S59_R1_001.fastq.gz
  R2: /scratch4/workspace/jade_fiorilla_student_uml_edu-rawseqorcc/fastq/2024_Warm03_Both05_G54_gut_S59_R2_001.fastq.gz
  Output R1: /scratch4/workspace/jade_fiorilla_student_uml_edu-rawseqorcc/trim-galore-illumina/2024_Warm03_Both05_G54_gut_S59_R1_001_val_1.fq.gz
  Output R2: /scratch4/workspace/jade_fiorilla_student_uml_edu-rawseqorcc/trim-galore-illumina/2024_Warm03_Both05_G54_gut_S59_R2_001_val_2.fq.gz

=== Summary (Read 1) ===

Total reads processed:               687744
Reads with adapters:                   4693 (0.7%)

=== Summary (Read 2) ===

Total reads processed:               687744
Reads with adapters:                 188056 (27.3%)
R1 reads with poly-G trimmed:          1893 (0.3%)
  R1 poly-G bases removed:           188856
R2 reads with poly-G trimmed:           549 (0.1%)
  R2 poly-G bases removed:           105024

=== Paired-end validation ===

Pairs analyzed:                      687744
Pairs removed:                         2043 (0.3%)
Unpaired R1 kept:                      1896
Unpaired R2 kept:                        60
Report: /scratch4/workspace/jade_fiorilla_student_uml_edu-rawseqorcc/trim-galore-illumina/2024_Warm03_Both05_G54_gut_S59_R1_001.fastq.gz_trimming_report.txt
JSON report: /scratch4/workspace/jade_fiorilla_student_uml_edu-rawseqorcc/trim-galore-illumina/2024_Warm03_Both05_G54_gut_S59_R1_001.fastq.gz_trimming_report.json
Report: /scratch4/workspace/jade_fiorilla_student_uml_edu-rawseqorcc/trim-galore-illumina/2024_Warm03_Both05_G54_gut_S59_R2_001.fastq.gz_trimming_report.txt
JSON report: /scratch4/workspace/jade_fiorilla_student_uml_edu-rawseqorcc/trim-galore-illumina/2024_Warm03_Both05_G54_gut_S59_R2_001.fastq.gz_trimming_report.json

Running FastQC on /scratch4/workspace/jade_fiorilla_student_uml_edu-rawseqorcc/trim-galore-illumina/2024_Warm03_Both05_G54_gut_S59_R1_001_val_1.fq.gz

Running FastQC on /scratch4/workspace/jade_fiorilla_student_uml_edu-rawseqorcc/trim-galore-illumina/2024_Warm03_Both05_G54_gut_S59_R2_001_val_2.fq.gz
Running Trim Galore on: 2024_Warm03_Cont03_G29_gill_S160

Trim Galore v2.3.0
unknown — linux/x86_64 — built 2026-06-27T16:23:35Z
==================================================

Using 6 worker threads (parallel trim + compress)
Adapter: Illumina (AGATCGGAAGAGC)

Scanning for poly-G content...
Poly-G trimming: ENABLED (auto-detected). 582125 of 1000000 reads (58.21%) have poly-G tails (>=10bp) — consistent with 2-colour chemistry (NovaSeq/NextSeq). To disable: --no_poly_g
Trimming (paired-end):
  R1: /scratch4/workspace/jade_fiorilla_student_uml_edu-rawseqorcc/fastq/2024_Warm03_Cont03_G29_gill_S160_R1_001.fastq.gz
  R2: /scratch4/workspace/jade_fiorilla_student_uml_edu-rawseqorcc/fastq/2024_Warm03_Cont03_G29_gill_S160_R2_001.fastq.gz
  Output R1: /scratch4/workspace/jade_fiorilla_student_uml_edu-rawseqorcc/trim-galore-illumina/2024_Warm03_Cont03_G29_gill_S160_R1_001_val_1.fq.gz
  Output R2: /scratch4/workspace/jade_fiorilla_student_uml_edu-rawseqorcc/trim-galore-illumina/2024_Warm03_Cont03_G29_gill_S160_R2_001_val_2.fq.gz

=== Summary (Read 1) ===

Total reads processed:              1547156
Reads with adapters:                  29152 (1.9%)

=== Summary (Read 2) ===

Total reads processed:              1547156
Reads with adapters:                 949142 (61.3%)
R1 reads with poly-G trimmed:         31982 (2.1%)
  R1 poly-G bases removed:           622332
R2 reads with poly-G trimmed:          2072 (0.1%)
  R2 poly-G bases removed:           245972

=== Paired-end validation ===

Pairs analyzed:                     1547156
Pairs removed:                         2857 (0.2%)
Unpaired R1 kept:                      2530
Unpaired R2 kept:                       131
Report: /scratch4/workspace/jade_fiorilla_student_uml_edu-rawseqorcc/trim-galore-illumina/2024_Warm03_Cont03_G29_gill_S160_R1_001.fastq.gz_trimming_report.txt
JSON report: /scratch4/workspace/jade_fiorilla_student_uml_edu-rawseqorcc/trim-galore-illumina/2024_Warm03_Cont03_G29_gill_S160_R1_001.fastq.gz_trimming_report.json
Report: /scratch4/workspace/jade_fiorilla_student_uml_edu-rawseqorcc/trim-galore-illumina/2024_Warm03_Cont03_G29_gill_S160_R2_001.fastq.gz_trimming_report.txt
JSON report: /scratch4/workspace/jade_fiorilla_student_uml_edu-rawseqorcc/trim-galore-illumina/2024_Warm03_Cont03_G29_gill_S160_R2_001.fastq.gz_trimming_report.json

Running FastQC on /scratch4/workspace/jade_fiorilla_student_uml_edu-rawseqorcc/trim-galore-illumina/2024_Warm03_Cont03_G29_gill_S160_R1_001_val_1.fq.gz

Running FastQC on /scratch4/workspace/jade_fiorilla_student_uml_edu-rawseqorcc/trim-galore-illumina/2024_Warm03_Cont03_G29_gill_S160_R2_001_val_2.fq.gz
Running Trim Galore on: 2024_Warm03_Cont03_G29_gut_S52

Trim Galore v2.3.0
unknown — linux/x86_64 — built 2026-06-27T16:23:35Z
==================================================

Using 6 worker threads (parallel trim + compress)
Adapter: Illumina (AGATCGGAAGAGC)

Scanning for poly-G content...
Poly-G trimming: ENABLED (auto-detected). 572134 of 713911 reads (80.14%) have poly-G tails (>=10bp) — consistent with 2-colour chemistry (NovaSeq/NextSeq). To disable: --no_poly_g
Trimming (paired-end):
  R1: /scratch4/workspace/jade_fiorilla_student_uml_edu-rawseqorcc/fastq/2024_Warm03_Cont03_G29_gut_S52_R1_001.fastq.gz
  R2: /scratch4/workspace/jade_fiorilla_student_uml_edu-rawseqorcc/fastq/2024_Warm03_Cont03_G29_gut_S52_R2_001.fastq.gz
  Output R1: /scratch4/workspace/jade_fiorilla_student_uml_edu-rawseqorcc/trim-galore-illumina/2024_Warm03_Cont03_G29_gut_S52_R1_001_val_1.fq.gz
  Output R2: /scratch4/workspace/jade_fiorilla_student_uml_edu-rawseqorcc/trim-galore-illumina/2024_Warm03_Cont03_G29_gut_S52_R2_001_val_2.fq.gz

=== Summary (Read 1) ===

Total reads processed:               713911
Reads with adapters:                 137695 (19.3%)

=== Summary (Read 2) ===

Total reads processed:               713911
Reads with adapters:                 572981 (80.3%)
R1 reads with poly-G trimmed:          2670 (0.4%)
  R1 poly-G bases removed:           483342
R2 reads with poly-G trimmed:          1414 (0.2%)
  R2 poly-G bases removed:           259361

=== Paired-end validation ===

Pairs analyzed:                      713911
Pairs removed:                         1842 (0.3%)
Unpaired R1 kept:                      1657
Unpaired R2 kept:                        44
Report: /scratch4/workspace/jade_fiorilla_student_uml_edu-rawseqorcc/trim-galore-illumina/2024_Warm03_Cont03_G29_gut_S52_R1_001.fastq.gz_trimming_report.txt
JSON report: /scratch4/workspace/jade_fiorilla_student_uml_edu-rawseqorcc/trim-galore-illumina/2024_Warm03_Cont03_G29_gut_S52_R1_001.fastq.gz_trimming_report.json
Report: /scratch4/workspace/jade_fiorilla_student_uml_edu-rawseqorcc/trim-galore-illumina/2024_Warm03_Cont03_G29_gut_S52_R2_001.fastq.gz_trimming_report.txt
JSON report: /scratch4/workspace/jade_fiorilla_student_uml_edu-rawseqorcc/trim-galore-illumina/2024_Warm03_Cont03_G29_gut_S52_R2_001.fastq.gz_trimming_report.json

Running FastQC on /scratch4/workspace/jade_fiorilla_student_uml_edu-rawseqorcc/trim-galore-illumina/2024_Warm03_Cont03_G29_gut_S52_R1_001_val_1.fq.gz

Running FastQC on /scratch4/workspace/jade_fiorilla_student_uml_edu-rawseqorcc/trim-galore-illumina/2024_Warm03_Cont03_G29_gut_S52_R2_001_val_2.fq.gz
Running Trim Galore on: 2024_Warm03_Hyp02_G18_gill_S228

Trim Galore v2.3.0
unknown — linux/x86_64 — built 2026-06-27T16:23:35Z
==================================================

Using 6 worker threads (parallel trim + compress)
Adapter: Illumina (AGATCGGAAGAGC)

Scanning for poly-G content...
Poly-G trimming: ENABLED (auto-detected). 507645 of 1000000 reads (50.76%) have poly-G tails (>=10bp) — consistent with 2-colour chemistry (NovaSeq/NextSeq). To disable: --no_poly_g
Trimming (paired-end):
  R1: /scratch4/workspace/jade_fiorilla_student_uml_edu-rawseqorcc/fastq/2024_Warm03_Hyp02_G18_gill_S228_R1_001.fastq.gz
  R2: /scratch4/workspace/jade_fiorilla_student_uml_edu-rawseqorcc/fastq/2024_Warm03_Hyp02_G18_gill_S228_R2_001.fastq.gz
  Output R1: /scratch4/workspace/jade_fiorilla_student_uml_edu-rawseqorcc/trim-galore-illumina/2024_Warm03_Hyp02_G18_gill_S228_R1_001_val_1.fq.gz
  Output R2: /scratch4/workspace/jade_fiorilla_student_uml_edu-rawseqorcc/trim-galore-illumina/2024_Warm03_Hyp02_G18_gill_S228_R2_001_val_2.fq.gz

=== Summary (Read 1) ===

Total reads processed:              1192286
Reads with adapters:                 242130 (20.3%)

=== Summary (Read 2) ===

Total reads processed:              1192286
Reads with adapters:                 657869 (55.2%)
R1 reads with poly-G trimmed:          3135 (0.3%)
  R1 poly-G bases removed:           365473
R2 reads with poly-G trimmed:          1476 (0.1%)
  R2 poly-G bases removed:           215278

=== Paired-end validation ===

Pairs analyzed:                     1192286
Pairs removed:                         2012 (0.2%)
Unpaired R1 kept:                      1710
Unpaired R2 kept:                        94
Report: /scratch4/workspace/jade_fiorilla_student_uml_edu-rawseqorcc/trim-galore-illumina/2024_Warm03_Hyp02_G18_gill_S228_R1_001.fastq.gz_trimming_report.txt
JSON report: /scratch4/workspace/jade_fiorilla_student_uml_edu-rawseqorcc/trim-galore-illumina/2024_Warm03_Hyp02_G18_gill_S228_R1_001.fastq.gz_trimming_report.json
Report: /scratch4/workspace/jade_fiorilla_student_uml_edu-rawseqorcc/trim-galore-illumina/2024_Warm03_Hyp02_G18_gill_S228_R2_001.fastq.gz_trimming_report.txt
JSON report: /scratch4/workspace/jade_fiorilla_student_uml_edu-rawseqorcc/trim-galore-illumina/2024_Warm03_Hyp02_G18_gill_S228_R2_001.fastq.gz_trimming_report.json

Running FastQC on /scratch4/workspace/jade_fiorilla_student_uml_edu-rawseqorcc/trim-galore-illumina/2024_Warm03_Hyp02_G18_gill_S228_R1_001_val_1.fq.gz

Running FastQC on /scratch4/workspace/jade_fiorilla_student_uml_edu-rawseqorcc/trim-galore-illumina/2024_Warm03_Hyp02_G18_gill_S228_R2_001_val_2.fq.gz
Running Trim Galore on: 2024_Warm03_Hyp02_G18_gut_S249

Trim Galore v2.3.0
unknown — linux/x86_64 — built 2026-06-27T16:23:35Z
==================================================

Using 6 worker threads (parallel trim + compress)
Adapter: Illumina (AGATCGGAAGAGC)

Scanning for poly-G content...
Poly-G trimming: ENABLED (auto-detected). 3481 of 673090 reads (0.52%) have poly-G tails (>=10bp) — consistent with 2-colour chemistry (NovaSeq/NextSeq). To disable: --no_poly_g
Trimming (paired-end):
  R1: /scratch4/workspace/jade_fiorilla_student_uml_edu-rawseqorcc/fastq/2024_Warm03_Hyp02_G18_gut_S249_R1_001.fastq.gz
  R2: /scratch4/workspace/jade_fiorilla_student_uml_edu-rawseqorcc/fastq/2024_Warm03_Hyp02_G18_gut_S249_R2_001.fastq.gz
  Output R1: /scratch4/workspace/jade_fiorilla_student_uml_edu-rawseqorcc/trim-galore-illumina/2024_Warm03_Hyp02_G18_gut_S249_R1_001_val_1.fq.gz
  Output R2: /scratch4/workspace/jade_fiorilla_student_uml_edu-rawseqorcc/trim-galore-illumina/2024_Warm03_Hyp02_G18_gut_S249_R2_001_val_2.fq.gz

=== Summary (Read 1) ===

Total reads processed:               673090
Reads with adapters:                   4088 (0.6%)

=== Summary (Read 2) ===

Total reads processed:               673090
Reads with adapters:                   8237 (1.2%)
R1 reads with poly-G trimmed:            62 (0.0%)
  R1 poly-G bases removed:             2143
R2 reads with poly-G trimmed:           105 (0.0%)
  R2 poly-G bases removed:            22091

=== Paired-end validation ===

Pairs analyzed:                      673090
Pairs removed:                         1802 (0.3%)
Unpaired R1 kept:                      1700
Unpaired R2 kept:                        54
Report: /scratch4/workspace/jade_fiorilla_student_uml_edu-rawseqorcc/trim-galore-illumina/2024_Warm03_Hyp02_G18_gut_S249_R1_001.fastq.gz_trimming_report.txt
JSON report: /scratch4/workspace/jade_fiorilla_student_uml_edu-rawseqorcc/trim-galore-illumina/2024_Warm03_Hyp02_G18_gut_S249_R1_001.fastq.gz_trimming_report.json
Report: /scratch4/workspace/jade_fiorilla_student_uml_edu-rawseqorcc/trim-galore-illumina/2024_Warm03_Hyp02_G18_gut_S249_R2_001.fastq.gz_trimming_report.txt
JSON report: /scratch4/workspace/jade_fiorilla_student_uml_edu-rawseqorcc/trim-galore-illumina/2024_Warm03_Hyp02_G18_gut_S249_R2_001.fastq.gz_trimming_report.json

Running FastQC on /scratch4/workspace/jade_fiorilla_student_uml_edu-rawseqorcc/trim-galore-illumina/2024_Warm03_Hyp02_G18_gut_S249_R1_001_val_1.fq.gz

Running FastQC on /scratch4/workspace/jade_fiorilla_student_uml_edu-rawseqorcc/trim-galore-illumina/2024_Warm03_Hyp02_G18_gut_S249_R2_001_val_2.fq.gz
Running Trim Galore on: 2024_Warm03_Hyp03_G30_gill_S67

Trim Galore v2.3.0
unknown — linux/x86_64 — built 2026-06-27T16:23:35Z
==================================================

Using 6 worker threads (parallel trim + compress)
Adapter: Illumina (AGATCGGAAGAGC)

Scanning for poly-G content...
Poly-G trimming: ENABLED (auto-detected). 196579 of 302517 reads (64.98%) have poly-G tails (>=10bp) — consistent with 2-colour chemistry (NovaSeq/NextSeq). To disable: --no_poly_g
Trimming (paired-end):
  R1: /scratch4/workspace/jade_fiorilla_student_uml_edu-rawseqorcc/fastq/2024_Warm03_Hyp03_G30_gill_S67_R1_001.fastq.gz
  R2: /scratch4/workspace/jade_fiorilla_student_uml_edu-rawseqorcc/fastq/2024_Warm03_Hyp03_G30_gill_S67_R2_001.fastq.gz
  Output R1: /scratch4/workspace/jade_fiorilla_student_uml_edu-rawseqorcc/trim-galore-illumina/2024_Warm03_Hyp03_G30_gill_S67_R1_001_val_1.fq.gz
  Output R2: /scratch4/workspace/jade_fiorilla_student_uml_edu-rawseqorcc/trim-galore-illumina/2024_Warm03_Hyp03_G30_gill_S67_R2_001_val_2.fq.gz

=== Summary (Read 1) ===

Total reads processed:               302517
Reads with adapters:                  62155 (20.5%)

=== Summary (Read 2) ===

Total reads processed:               302517
Reads with adapters:                 199727 (66.0%)
R1 reads with poly-G trimmed:          1225 (0.4%)
  R1 poly-G bases removed:           202115
R2 reads with poly-G trimmed:           480 (0.2%)
  R2 poly-G bases removed:            83717

=== Paired-end validation ===

Pairs analyzed:                      302517
Pairs removed:                          853 (0.3%)
Unpaired R1 kept:                       712
Unpaired R2 kept:                        36
Report: /scratch4/workspace/jade_fiorilla_student_uml_edu-rawseqorcc/trim-galore-illumina/2024_Warm03_Hyp03_G30_gill_S67_R1_001.fastq.gz_trimming_report.txt
JSON report: /scratch4/workspace/jade_fiorilla_student_uml_edu-rawseqorcc/trim-galore-illumina/2024_Warm03_Hyp03_G30_gill_S67_R1_001.fastq.gz_trimming_report.json
Report: /scratch4/workspace/jade_fiorilla_student_uml_edu-rawseqorcc/trim-galore-illumina/2024_Warm03_Hyp03_G30_gill_S67_R2_001.fastq.gz_trimming_report.txt
JSON report: /scratch4/workspace/jade_fiorilla_student_uml_edu-rawseqorcc/trim-galore-illumina/2024_Warm03_Hyp03_G30_gill_S67_R2_001.fastq.gz_trimming_report.json

Running FastQC on /scratch4/workspace/jade_fiorilla_student_uml_edu-rawseqorcc/trim-galore-illumina/2024_Warm03_Hyp03_G30_gill_S67_R1_001_val_1.fq.gz

Running FastQC on /scratch4/workspace/jade_fiorilla_student_uml_edu-rawseqorcc/trim-galore-illumina/2024_Warm03_Hyp03_G30_gill_S67_R2_001_val_2.fq.gz
Running Trim Galore on: 2024_Warm03_Hyp03_G30_gut_S68

Trim Galore v2.3.0
unknown — linux/x86_64 — built 2026-06-27T16:23:35Z
==================================================

Using 6 worker threads (parallel trim + compress)
Adapter: Illumina (AGATCGGAAGAGC)

Scanning for poly-G content...
Poly-G trimming: ENABLED (auto-detected). 265656 of 732940 reads (36.25%) have poly-G tails (>=10bp) — consistent with 2-colour chemistry (NovaSeq/NextSeq). To disable: --no_poly_g
Trimming (paired-end):
  R1: /scratch4/workspace/jade_fiorilla_student_uml_edu-rawseqorcc/fastq/2024_Warm03_Hyp03_G30_gut_S68_R1_001.fastq.gz
  R2: /scratch4/workspace/jade_fiorilla_student_uml_edu-rawseqorcc/fastq/2024_Warm03_Hyp03_G30_gut_S68_R2_001.fastq.gz
  Output R1: /scratch4/workspace/jade_fiorilla_student_uml_edu-rawseqorcc/trim-galore-illumina/2024_Warm03_Hyp03_G30_gut_S68_R1_001_val_1.fq.gz
  Output R2: /scratch4/workspace/jade_fiorilla_student_uml_edu-rawseqorcc/trim-galore-illumina/2024_Warm03_Hyp03_G30_gut_S68_R2_001_val_2.fq.gz

=== Summary (Read 1) ===

Total reads processed:               732940
Reads with adapters:                  86680 (11.8%)

=== Summary (Read 2) ===

Total reads processed:               732940
Reads with adapters:                 267298 (36.5%)
R1 reads with poly-G trimmed:          1515 (0.2%)
  R1 poly-G bases removed:           239951
R2 reads with poly-G trimmed:           669 (0.1%)
  R2 poly-G bases removed:           121240

=== Paired-end validation ===

Pairs analyzed:                      732940
Pairs removed:                         1641 (0.2%)
Unpaired R1 kept:                      1398
Unpaired R2 kept:                        94
Report: /scratch4/workspace/jade_fiorilla_student_uml_edu-rawseqorcc/trim-galore-illumina/2024_Warm03_Hyp03_G30_gut_S68_R1_001.fastq.gz_trimming_report.txt
JSON report: /scratch4/workspace/jade_fiorilla_student_uml_edu-rawseqorcc/trim-galore-illumina/2024_Warm03_Hyp03_G30_gut_S68_R1_001.fastq.gz_trimming_report.json
Report: /scratch4/workspace/jade_fiorilla_student_uml_edu-rawseqorcc/trim-galore-illumina/2024_Warm03_Hyp03_G30_gut_S68_R2_001.fastq.gz_trimming_report.txt
JSON report: /scratch4/workspace/jade_fiorilla_student_uml_edu-rawseqorcc/trim-galore-illumina/2024_Warm03_Hyp03_G30_gut_S68_R2_001.fastq.gz_trimming_report.json

Running FastQC on /scratch4/workspace/jade_fiorilla_student_uml_edu-rawseqorcc/trim-galore-illumina/2024_Warm03_Hyp03_G30_gut_S68_R1_001_val_1.fq.gz

Running FastQC on /scratch4/workspace/jade_fiorilla_student_uml_edu-rawseqorcc/trim-galore-illumina/2024_Warm03_Hyp03_G30_gut_S68_R2_001_val_2.fq.gz
Running Trim Galore on: 2024_Warm03_Null_G21_gill_S257

Trim Galore v2.3.0
unknown — linux/x86_64 — built 2026-06-27T16:23:35Z
==================================================

Using 6 worker threads (parallel trim + compress)
Adapter: Illumina (AGATCGGAAGAGC)

Scanning for poly-G content...
Poly-G trimming: ENABLED (auto-detected). 87329 of 568994 reads (15.35%) have poly-G tails (>=10bp) — consistent with 2-colour chemistry (NovaSeq/NextSeq). To disable: --no_poly_g
Trimming (paired-end):
  R1: /scratch4/workspace/jade_fiorilla_student_uml_edu-rawseqorcc/fastq/2024_Warm03_Null_G21_gill_S257_R1_001.fastq.gz
  R2: /scratch4/workspace/jade_fiorilla_student_uml_edu-rawseqorcc/fastq/2024_Warm03_Null_G21_gill_S257_R2_001.fastq.gz
  Output R1: /scratch4/workspace/jade_fiorilla_student_uml_edu-rawseqorcc/trim-galore-illumina/2024_Warm03_Null_G21_gill_S257_R1_001_val_1.fq.gz
  Output R2: /scratch4/workspace/jade_fiorilla_student_uml_edu-rawseqorcc/trim-galore-illumina/2024_Warm03_Null_G21_gill_S257_R2_001_val_2.fq.gz

=== Summary (Read 1) ===

Total reads processed:               568994
Reads with adapters:                  36260 (6.4%)

=== Summary (Read 2) ===

Total reads processed:               568994
Reads with adapters:                 100786 (17.7%)
R1 reads with poly-G trimmed:          1190 (0.2%)
  R1 poly-G bases removed:            60326
R2 reads with poly-G trimmed:           417 (0.1%)
  R2 poly-G bases removed:            31742

=== Paired-end validation ===

Pairs analyzed:                      568994
Pairs removed:                         1271 (0.2%)
Unpaired R1 kept:                      1183
Unpaired R2 kept:                        53
Report: /scratch4/workspace/jade_fiorilla_student_uml_edu-rawseqorcc/trim-galore-illumina/2024_Warm03_Null_G21_gill_S257_R1_001.fastq.gz_trimming_report.txt
JSON report: /scratch4/workspace/jade_fiorilla_student_uml_edu-rawseqorcc/trim-galore-illumina/2024_Warm03_Null_G21_gill_S257_R1_001.fastq.gz_trimming_report.json
Report: /scratch4/workspace/jade_fiorilla_student_uml_edu-rawseqorcc/trim-galore-illumina/2024_Warm03_Null_G21_gill_S257_R2_001.fastq.gz_trimming_report.txt
JSON report: /scratch4/workspace/jade_fiorilla_student_uml_edu-rawseqorcc/trim-galore-illumina/2024_Warm03_Null_G21_gill_S257_R2_001.fastq.gz_trimming_report.json

Running FastQC on /scratch4/workspace/jade_fiorilla_student_uml_edu-rawseqorcc/trim-galore-illumina/2024_Warm03_Null_G21_gill_S257_R1_001_val_1.fq.gz

Running FastQC on /scratch4/workspace/jade_fiorilla_student_uml_edu-rawseqorcc/trim-galore-illumina/2024_Warm03_Null_G21_gill_S257_R2_001_val_2.fq.gz
Running Trim Galore on: 2024_Warm03_Null_G21_gut_S90

Trim Galore v2.3.0
unknown — linux/x86_64 — built 2026-06-27T16:23:35Z
==================================================

Using 6 worker threads (parallel trim + compress)
Adapter: Illumina (AGATCGGAAGAGC)

Scanning for poly-G content...
Poly-G trimming: ENABLED (auto-detected). 343437 of 708449 reads (48.48%) have poly-G tails (>=10bp) — consistent with 2-colour chemistry (NovaSeq/NextSeq). To disable: --no_poly_g
Trimming (paired-end):
  R1: /scratch4/workspace/jade_fiorilla_student_uml_edu-rawseqorcc/fastq/2024_Warm03_Null_G21_gut_S90_R1_001.fastq.gz
  R2: /scratch4/workspace/jade_fiorilla_student_uml_edu-rawseqorcc/fastq/2024_Warm03_Null_G21_gut_S90_R2_001.fastq.gz
  Output R1: /scratch4/workspace/jade_fiorilla_student_uml_edu-rawseqorcc/trim-galore-illumina/2024_Warm03_Null_G21_gut_S90_R1_001_val_1.fq.gz
  Output R2: /scratch4/workspace/jade_fiorilla_student_uml_edu-rawseqorcc/trim-galore-illumina/2024_Warm03_Null_G21_gut_S90_R2_001_val_2.fq.gz

=== Summary (Read 1) ===

Total reads processed:               708449
Reads with adapters:                  52327 (7.4%)

=== Summary (Read 2) ===

Total reads processed:               708449
Reads with adapters:                 347071 (49.0%)
R1 reads with poly-G trimmed:          2183 (0.3%)
  R1 poly-G bases removed:           325813
R2 reads with poly-G trimmed:           840 (0.1%)
  R2 poly-G bases removed:           146377

=== Paired-end validation ===

Pairs analyzed:                      708449
Pairs removed:                         1886 (0.3%)
Unpaired R1 kept:                      1677
Unpaired R2 kept:                        82
Report: /scratch4/workspace/jade_fiorilla_student_uml_edu-rawseqorcc/trim-galore-illumina/2024_Warm03_Null_G21_gut_S90_R1_001.fastq.gz_trimming_report.txt
JSON report: /scratch4/workspace/jade_fiorilla_student_uml_edu-rawseqorcc/trim-galore-illumina/2024_Warm03_Null_G21_gut_S90_R1_001.fastq.gz_trimming_report.json
Report: /scratch4/workspace/jade_fiorilla_student_uml_edu-rawseqorcc/trim-galore-illumina/2024_Warm03_Null_G21_gut_S90_R2_001.fastq.gz_trimming_report.txt
JSON report: /scratch4/workspace/jade_fiorilla_student_uml_edu-rawseqorcc/trim-galore-illumina/2024_Warm03_Null_G21_gut_S90_R2_001.fastq.gz_trimming_report.json

Running FastQC on /scratch4/workspace/jade_fiorilla_student_uml_edu-rawseqorcc/trim-galore-illumina/2024_Warm03_Null_G21_gut_S90_R1_001_val_1.fq.gz

Running FastQC on /scratch4/workspace/jade_fiorilla_student_uml_edu-rawseqorcc/trim-galore-illumina/2024_Warm03_Null_G21_gut_S90_R2_001_val_2.fq.gz
Running Trim Galore on: 2024_Warm04_Cont05_G55_gill_S254

Trim Galore v2.3.0
unknown — linux/x86_64 — built 2026-06-27T16:23:35Z
==================================================

Using 6 worker threads (parallel trim + compress)
Adapter: Illumina (AGATCGGAAGAGC)

Scanning for poly-G content...
Poly-G trimming: ENABLED (auto-detected). 37091 of 732450 reads (5.06%) have poly-G tails (>=10bp) — consistent with 2-colour chemistry (NovaSeq/NextSeq). To disable: --no_poly_g
Trimming (paired-end):
  R1: /scratch4/workspace/jade_fiorilla_student_uml_edu-rawseqorcc/fastq/2024_Warm04_Cont05_G55_gill_S254_R1_001.fastq.gz
  R2: /scratch4/workspace/jade_fiorilla_student_uml_edu-rawseqorcc/fastq/2024_Warm04_Cont05_G55_gill_S254_R2_001.fastq.gz
  Output R1: /scratch4/workspace/jade_fiorilla_student_uml_edu-rawseqorcc/trim-galore-illumina/2024_Warm04_Cont05_G55_gill_S254_R1_001_val_1.fq.gz
  Output R2: /scratch4/workspace/jade_fiorilla_student_uml_edu-rawseqorcc/trim-galore-illumina/2024_Warm04_Cont05_G55_gill_S254_R2_001_val_2.fq.gz

=== Summary (Read 1) ===

Total reads processed:               732450
Reads with adapters:                  30108 (4.1%)

=== Summary (Read 2) ===

Total reads processed:               732450
Reads with adapters:                  68246 (9.3%)
R1 reads with poly-G trimmed:           322 (0.0%)
  R1 poly-G bases removed:            15236
R2 reads with poly-G trimmed:           241 (0.0%)
  R2 poly-G bases removed:            38225

=== Paired-end validation ===

Pairs analyzed:                      732450
Pairs removed:                         1947 (0.3%)
Unpaired R1 kept:                      1870
Unpaired R2 kept:                        45
Report: /scratch4/workspace/jade_fiorilla_student_uml_edu-rawseqorcc/trim-galore-illumina/2024_Warm04_Cont05_G55_gill_S254_R1_001.fastq.gz_trimming_report.txt
JSON report: /scratch4/workspace/jade_fiorilla_student_uml_edu-rawseqorcc/trim-galore-illumina/2024_Warm04_Cont05_G55_gill_S254_R1_001.fastq.gz_trimming_report.json
Report: /scratch4/workspace/jade_fiorilla_student_uml_edu-rawseqorcc/trim-galore-illumina/2024_Warm04_Cont05_G55_gill_S254_R2_001.fastq.gz_trimming_report.txt
JSON report: /scratch4/workspace/jade_fiorilla_student_uml_edu-rawseqorcc/trim-galore-illumina/2024_Warm04_Cont05_G55_gill_S254_R2_001.fastq.gz_trimming_report.json

Running FastQC on /scratch4/workspace/jade_fiorilla_student_uml_edu-rawseqorcc/trim-galore-illumina/2024_Warm04_Cont05_G55_gill_S254_R1_001_val_1.fq.gz

Running FastQC on /scratch4/workspace/jade_fiorilla_student_uml_edu-rawseqorcc/trim-galore-illumina/2024_Warm04_Cont05_G55_gill_S254_R2_001_val_2.fq.gz
Running Trim Galore on: 2024_Warm04_Cont05_G55_gut_S180

Trim Galore v2.3.0
unknown — linux/x86_64 — built 2026-06-27T16:23:35Z
==================================================

Using 6 worker threads (parallel trim + compress)
Adapter: Illumina (AGATCGGAAGAGC)

Scanning for poly-G content...
Poly-G trimming: ENABLED (auto-detected). 628251 of 1000000 reads (62.83%) have poly-G tails (>=10bp) — consistent with 2-colour chemistry (NovaSeq/NextSeq). To disable: --no_poly_g
Trimming (paired-end):
  R1: /scratch4/workspace/jade_fiorilla_student_uml_edu-rawseqorcc/fastq/2024_Warm04_Cont05_G55_gut_S180_R1_001.fastq.gz
  R2: /scratch4/workspace/jade_fiorilla_student_uml_edu-rawseqorcc/fastq/2024_Warm04_Cont05_G55_gut_S180_R2_001.fastq.gz
  Output R1: /scratch4/workspace/jade_fiorilla_student_uml_edu-rawseqorcc/trim-galore-illumina/2024_Warm04_Cont05_G55_gut_S180_R1_001_val_1.fq.gz
  Output R2: /scratch4/workspace/jade_fiorilla_student_uml_edu-rawseqorcc/trim-galore-illumina/2024_Warm04_Cont05_G55_gut_S180_R2_001_val_2.fq.gz

=== Summary (Read 1) ===

Total reads processed:              1888990
Reads with adapters:                 394289 (20.9%)

=== Summary (Read 2) ===

Total reads processed:              1888990
Reads with adapters:                1309475 (69.3%)
R1 reads with poly-G trimmed:          6572 (0.3%)
  R1 poly-G bases removed:          1091480
R2 reads with poly-G trimmed:          2935 (0.2%)
  R2 poly-G bases removed:           512341

=== Paired-end validation ===

Pairs analyzed:                     1888990
Pairs removed:                         4026 (0.2%)
Unpaired R1 kept:                      3737
Unpaired R2 kept:                       105
Report: /scratch4/workspace/jade_fiorilla_student_uml_edu-rawseqorcc/trim-galore-illumina/2024_Warm04_Cont05_G55_gut_S180_R1_001.fastq.gz_trimming_report.txt
JSON report: /scratch4/workspace/jade_fiorilla_student_uml_edu-rawseqorcc/trim-galore-illumina/2024_Warm04_Cont05_G55_gut_S180_R1_001.fastq.gz_trimming_report.json
Report: /scratch4/workspace/jade_fiorilla_student_uml_edu-rawseqorcc/trim-galore-illumina/2024_Warm04_Cont05_G55_gut_S180_R2_001.fastq.gz_trimming_report.txt
JSON report: /scratch4/workspace/jade_fiorilla_student_uml_edu-rawseqorcc/trim-galore-illumina/2024_Warm04_Cont05_G55_gut_S180_R2_001.fastq.gz_trimming_report.json

Running FastQC on /scratch4/workspace/jade_fiorilla_student_uml_edu-rawseqorcc/trim-galore-illumina/2024_Warm04_Cont05_G55_gut_S180_R1_001_val_1.fq.gz

Running FastQC on /scratch4/workspace/jade_fiorilla_student_uml_edu-rawseqorcc/trim-galore-illumina/2024_Warm04_Cont05_G55_gut_S180_R2_001_val_2.fq.gz
Running Trim Galore on: 2024_Warm04_Hyp01_G8_gill_S244

Trim Galore v2.3.0
unknown — linux/x86_64 — built 2026-06-27T16:23:35Z
==================================================

Using 6 worker threads (parallel trim + compress)
Adapter: Illumina (AGATCGGAAGAGC)

Scanning for poly-G content...
Poly-G trimming: ENABLED (auto-detected). 15490 of 640951 reads (2.42%) have poly-G tails (>=10bp) — consistent with 2-colour chemistry (NovaSeq/NextSeq). To disable: --no_poly_g
Trimming (paired-end):
  R1: /scratch4/workspace/jade_fiorilla_student_uml_edu-rawseqorcc/fastq/2024_Warm04_Hyp01_G8_gill_S244_R1_001.fastq.gz
  R2: /scratch4/workspace/jade_fiorilla_student_uml_edu-rawseqorcc/fastq/2024_Warm04_Hyp01_G8_gill_S244_R2_001.fastq.gz
  Output R1: /scratch4/workspace/jade_fiorilla_student_uml_edu-rawseqorcc/trim-galore-illumina/2024_Warm04_Hyp01_G8_gill_S244_R1_001_val_1.fq.gz
  Output R2: /scratch4/workspace/jade_fiorilla_student_uml_edu-rawseqorcc/trim-galore-illumina/2024_Warm04_Hyp01_G8_gill_S244_R2_001_val_2.fq.gz

=== Summary (Read 1) ===

Total reads processed:               640951
Reads with adapters:                   4560 (0.7%)

=== Summary (Read 2) ===

Total reads processed:               640951
Reads with adapters:                  21946 (3.4%)
R1 reads with poly-G trimmed:           163 (0.0%)
  R1 poly-G bases removed:             9621
R2 reads with poly-G trimmed:           121 (0.0%)
  R2 poly-G bases removed:            19966

=== Paired-end validation ===

Pairs analyzed:                      640951
Pairs removed:                         1568 (0.2%)
Unpaired R1 kept:                      1457
Unpaired R2 kept:                        52
Report: /scratch4/workspace/jade_fiorilla_student_uml_edu-rawseqorcc/trim-galore-illumina/2024_Warm04_Hyp01_G8_gill_S244_R1_001.fastq.gz_trimming_report.txt
JSON report: /scratch4/workspace/jade_fiorilla_student_uml_edu-rawseqorcc/trim-galore-illumina/2024_Warm04_Hyp01_G8_gill_S244_R1_001.fastq.gz_trimming_report.json
Report: /scratch4/workspace/jade_fiorilla_student_uml_edu-rawseqorcc/trim-galore-illumina/2024_Warm04_Hyp01_G8_gill_S244_R2_001.fastq.gz_trimming_report.txt
JSON report: /scratch4/workspace/jade_fiorilla_student_uml_edu-rawseqorcc/trim-galore-illumina/2024_Warm04_Hyp01_G8_gill_S244_R2_001.fastq.gz_trimming_report.json

Running FastQC on /scratch4/workspace/jade_fiorilla_student_uml_edu-rawseqorcc/trim-galore-illumina/2024_Warm04_Hyp01_G8_gill_S244_R1_001_val_1.fq.gz

Running FastQC on /scratch4/workspace/jade_fiorilla_student_uml_edu-rawseqorcc/trim-galore-illumina/2024_Warm04_Hyp01_G8_gill_S244_R2_001_val_2.fq.gz
Running Trim Galore on: 2024_Warm04_Hyp01_G8_gut_S44

Trim Galore v2.3.0
unknown — linux/x86_64 — built 2026-06-27T16:23:35Z
==================================================

Using 6 worker threads (parallel trim + compress)
Adapter: Illumina (AGATCGGAAGAGC)

Scanning for poly-G content...
Poly-G trimming: ENABLED (auto-detected). 441939 of 746035 reads (59.24%) have poly-G tails (>=10bp) — consistent with 2-colour chemistry (NovaSeq/NextSeq). To disable: --no_poly_g
Trimming (paired-end):
  R1: /scratch4/workspace/jade_fiorilla_student_uml_edu-rawseqorcc/fastq/2024_Warm04_Hyp01_G8_gut_S44_R1_001.fastq.gz
  R2: /scratch4/workspace/jade_fiorilla_student_uml_edu-rawseqorcc/fastq/2024_Warm04_Hyp01_G8_gut_S44_R2_001.fastq.gz
  Output R1: /scratch4/workspace/jade_fiorilla_student_uml_edu-rawseqorcc/trim-galore-illumina/2024_Warm04_Hyp01_G8_gut_S44_R1_001_val_1.fq.gz
  Output R2: /scratch4/workspace/jade_fiorilla_student_uml_edu-rawseqorcc/trim-galore-illumina/2024_Warm04_Hyp01_G8_gut_S44_R2_001_val_2.fq.gz

=== Summary (Read 1) ===

Total reads processed:               746035
Reads with adapters:                  91580 (12.3%)

=== Summary (Read 2) ===

Total reads processed:               746035
Reads with adapters:                 443177 (59.4%)
R1 reads with poly-G trimmed:          6587 (0.9%)
  R1 poly-G bases removed:           436769
R2 reads with poly-G trimmed:          1072 (0.1%)
  R2 poly-G bases removed:           192515

=== Paired-end validation ===

Pairs analyzed:                      746035
Pairs removed:                         1696 (0.2%)
Unpaired R1 kept:                      1467
Unpaired R2 kept:                        79
Report: /scratch4/workspace/jade_fiorilla_student_uml_edu-rawseqorcc/trim-galore-illumina/2024_Warm04_Hyp01_G8_gut_S44_R1_001.fastq.gz_trimming_report.txt
JSON report: /scratch4/workspace/jade_fiorilla_student_uml_edu-rawseqorcc/trim-galore-illumina/2024_Warm04_Hyp01_G8_gut_S44_R1_001.fastq.gz_trimming_report.json
Report: /scratch4/workspace/jade_fiorilla_student_uml_edu-rawseqorcc/trim-galore-illumina/2024_Warm04_Hyp01_G8_gut_S44_R2_001.fastq.gz_trimming_report.txt
JSON report: /scratch4/workspace/jade_fiorilla_student_uml_edu-rawseqorcc/trim-galore-illumina/2024_Warm04_Hyp01_G8_gut_S44_R2_001.fastq.gz_trimming_report.json

Running FastQC on /scratch4/workspace/jade_fiorilla_student_uml_edu-rawseqorcc/trim-galore-illumina/2024_Warm04_Hyp01_G8_gut_S44_R1_001_val_1.fq.gz

Running FastQC on /scratch4/workspace/jade_fiorilla_student_uml_edu-rawseqorcc/trim-galore-illumina/2024_Warm04_Hyp01_G8_gut_S44_R2_001_val_2.fq.gz
Running Trim Galore on: 2024_Warm04_Null_G27_gill_S192

Trim Galore v2.3.0
unknown — linux/x86_64 — built 2026-06-27T16:23:35Z
==================================================

Using 6 worker threads (parallel trim + compress)
Adapter: Illumina (AGATCGGAAGAGC)

Scanning for poly-G content...
Poly-G trimming: ENABLED (auto-detected). 55127 of 1000000 reads (5.51%) have poly-G tails (>=10bp) — consistent with 2-colour chemistry (NovaSeq/NextSeq). To disable: --no_poly_g
Trimming (paired-end):
  R1: /scratch4/workspace/jade_fiorilla_student_uml_edu-rawseqorcc/fastq/2024_Warm04_Null_G27_gill_S192_R1_001.fastq.gz
  R2: /scratch4/workspace/jade_fiorilla_student_uml_edu-rawseqorcc/fastq/2024_Warm04_Null_G27_gill_S192_R2_001.fastq.gz
  Output R1: /scratch4/workspace/jade_fiorilla_student_uml_edu-rawseqorcc/trim-galore-illumina/2024_Warm04_Null_G27_gill_S192_R1_001_val_1.fq.gz
  Output R2: /scratch4/workspace/jade_fiorilla_student_uml_edu-rawseqorcc/trim-galore-illumina/2024_Warm04_Null_G27_gill_S192_R2_001_val_2.fq.gz

=== Summary (Read 1) ===

Total reads processed:              2428871
Reads with adapters:                 348352 (14.3%)

=== Summary (Read 2) ===

Total reads processed:              2428871
Reads with adapters:                 318567 (13.1%)
R1 reads with poly-G trimmed:          2219 (0.1%)
  R1 poly-G bases removed:           107819
R2 reads with poly-G trimmed:           485 (0.0%)
  R2 poly-G bases removed:            71315

=== Paired-end validation ===

Pairs analyzed:                     2428871
Pairs removed:                         3879 (0.2%)
Unpaired R1 kept:                      3650
Unpaired R2 kept:                       131
Report: /scratch4/workspace/jade_fiorilla_student_uml_edu-rawseqorcc/trim-galore-illumina/2024_Warm04_Null_G27_gill_S192_R1_001.fastq.gz_trimming_report.txt
JSON report: /scratch4/workspace/jade_fiorilla_student_uml_edu-rawseqorcc/trim-galore-illumina/2024_Warm04_Null_G27_gill_S192_R1_001.fastq.gz_trimming_report.json
Report: /scratch4/workspace/jade_fiorilla_student_uml_edu-rawseqorcc/trim-galore-illumina/2024_Warm04_Null_G27_gill_S192_R2_001.fastq.gz_trimming_report.txt
JSON report: /scratch4/workspace/jade_fiorilla_student_uml_edu-rawseqorcc/trim-galore-illumina/2024_Warm04_Null_G27_gill_S192_R2_001.fastq.gz_trimming_report.json

Running FastQC on /scratch4/workspace/jade_fiorilla_student_uml_edu-rawseqorcc/trim-galore-illumina/2024_Warm04_Null_G27_gill_S192_R1_001_val_1.fq.gz

Running FastQC on /scratch4/workspace/jade_fiorilla_student_uml_edu-rawseqorcc/trim-galore-illumina/2024_Warm04_Null_G27_gill_S192_R2_001_val_2.fq.gz
Running Trim Galore on: 2024_Warm04_Null_G27_gut_S91

Trim Galore v2.3.0
unknown — linux/x86_64 — built 2026-06-27T16:23:35Z
==================================================

Using 6 worker threads (parallel trim + compress)
Adapter: Illumina (AGATCGGAAGAGC)

Scanning for poly-G content...
Poly-G trimming: ENABLED (auto-detected). 797787 of 1000000 reads (79.78%) have poly-G tails (>=10bp) — consistent with 2-colour chemistry (NovaSeq/NextSeq). To disable: --no_poly_g
Trimming (paired-end):
  R1: /scratch4/workspace/jade_fiorilla_student_uml_edu-rawseqorcc/fastq/2024_Warm04_Null_G27_gut_S91_R1_001.fastq.gz
  R2: /scratch4/workspace/jade_fiorilla_student_uml_edu-rawseqorcc/fastq/2024_Warm04_Null_G27_gut_S91_R2_001.fastq.gz
  Output R1: /scratch4/workspace/jade_fiorilla_student_uml_edu-rawseqorcc/trim-galore-illumina/2024_Warm04_Null_G27_gut_S91_R1_001_val_1.fq.gz
  Output R2: /scratch4/workspace/jade_fiorilla_student_uml_edu-rawseqorcc/trim-galore-illumina/2024_Warm04_Null_G27_gut_S91_R2_001_val_2.fq.gz

=== Summary (Read 1) ===

Total reads processed:              1136069
Reads with adapters:                 132340 (11.6%)

=== Summary (Read 2) ===

Total reads processed:              1136069
Reads with adapters:                 913014 (80.4%)
R1 reads with poly-G trimmed:          5270 (0.5%)
  R1 poly-G bases removed:           779354
R2 reads with poly-G trimmed:          2321 (0.2%)
  R2 poly-G bases removed:           416823

=== Paired-end validation ===

Pairs analyzed:                     1136069
Pairs removed:                         3081 (0.3%)
Unpaired R1 kept:                      2861
Unpaired R2 kept:                        61
Report: /scratch4/workspace/jade_fiorilla_student_uml_edu-rawseqorcc/trim-galore-illumina/2024_Warm04_Null_G27_gut_S91_R1_001.fastq.gz_trimming_report.txt
JSON report: /scratch4/workspace/jade_fiorilla_student_uml_edu-rawseqorcc/trim-galore-illumina/2024_Warm04_Null_G27_gut_S91_R1_001.fastq.gz_trimming_report.json
Report: /scratch4/workspace/jade_fiorilla_student_uml_edu-rawseqorcc/trim-galore-illumina/2024_Warm04_Null_G27_gut_S91_R2_001.fastq.gz_trimming_report.txt
JSON report: /scratch4/workspace/jade_fiorilla_student_uml_edu-rawseqorcc/trim-galore-illumina/2024_Warm04_Null_G27_gut_S91_R2_001.fastq.gz_trimming_report.json

Running FastQC on /scratch4/workspace/jade_fiorilla_student_uml_edu-rawseqorcc/trim-galore-illumina/2024_Warm04_Null_G27_gut_S91_R1_001_val_1.fq.gz

Running FastQC on /scratch4/workspace/jade_fiorilla_student_uml_edu-rawseqorcc/trim-galore-illumina/2024_Warm04_Null_G27_gut_S91_R2_001_val_2.fq.gz
Running Trim Galore on: 2024_Warm05_Both02_G21_gill_S234

Trim Galore v2.3.0
unknown — linux/x86_64 — built 2026-06-27T16:23:35Z
==================================================

Using 6 worker threads (parallel trim + compress)
Adapter: Illumina (AGATCGGAAGAGC)

Scanning for poly-G content...
Poly-G trimming: ENABLED (auto-detected). 4712 of 1000000 reads (0.47%) have poly-G tails (>=10bp) — consistent with 2-colour chemistry (NovaSeq/NextSeq). To disable: --no_poly_g
Trimming (paired-end):
  R1: /scratch4/workspace/jade_fiorilla_student_uml_edu-rawseqorcc/fastq/2024_Warm05_Both02_G21_gill_S234_R1_001.fastq.gz
  R2: /scratch4/workspace/jade_fiorilla_student_uml_edu-rawseqorcc/fastq/2024_Warm05_Both02_G21_gill_S234_R2_001.fastq.gz
  Output R1: /scratch4/workspace/jade_fiorilla_student_uml_edu-rawseqorcc/trim-galore-illumina/2024_Warm05_Both02_G21_gill_S234_R1_001_val_1.fq.gz
  Output R2: /scratch4/workspace/jade_fiorilla_student_uml_edu-rawseqorcc/trim-galore-illumina/2024_Warm05_Both02_G21_gill_S234_R2_001_val_2.fq.gz

=== Summary (Read 1) ===

Total reads processed:              2390706
Reads with adapters:                 301286 (12.6%)

=== Summary (Read 2) ===

Total reads processed:              2390706
Reads with adapters:                 218276 (9.1%)
R1 reads with poly-G trimmed:           136 (0.0%)
  R1 poly-G bases removed:            13162
R2 reads with poly-G trimmed:           262 (0.0%)
  R2 poly-G bases removed:            29663

=== Paired-end validation ===

Pairs analyzed:                     2390706
Pairs removed:                         3054 (0.1%)
Unpaired R1 kept:                      2863
Unpaired R2 kept:                        96
Report: /scratch4/workspace/jade_fiorilla_student_uml_edu-rawseqorcc/trim-galore-illumina/2024_Warm05_Both02_G21_gill_S234_R1_001.fastq.gz_trimming_report.txt
JSON report: /scratch4/workspace/jade_fiorilla_student_uml_edu-rawseqorcc/trim-galore-illumina/2024_Warm05_Both02_G21_gill_S234_R1_001.fastq.gz_trimming_report.json
Report: /scratch4/workspace/jade_fiorilla_student_uml_edu-rawseqorcc/trim-galore-illumina/2024_Warm05_Both02_G21_gill_S234_R2_001.fastq.gz_trimming_report.txt
JSON report: /scratch4/workspace/jade_fiorilla_student_uml_edu-rawseqorcc/trim-galore-illumina/2024_Warm05_Both02_G21_gill_S234_R2_001.fastq.gz_trimming_report.json

Running FastQC on /scratch4/workspace/jade_fiorilla_student_uml_edu-rawseqorcc/trim-galore-illumina/2024_Warm05_Both02_G21_gill_S234_R1_001_val_1.fq.gz

Running FastQC on /scratch4/workspace/jade_fiorilla_student_uml_edu-rawseqorcc/trim-galore-illumina/2024_Warm05_Both02_G21_gill_S234_R2_001_val_2.fq.gz
Running Trim Galore on: 2024_Warm05_Both02_G21_gut_S69

Trim Galore v2.3.0
unknown — linux/x86_64 — built 2026-06-27T16:23:35Z
==================================================

Using 6 worker threads (parallel trim + compress)
Adapter: Illumina (AGATCGGAAGAGC)

Scanning for poly-G content...
Poly-G trimming: ENABLED (auto-detected). 206211 of 570623 reads (36.14%) have poly-G tails (>=10bp) — consistent with 2-colour chemistry (NovaSeq/NextSeq). To disable: --no_poly_g
Trimming (paired-end):
  R1: /scratch4/workspace/jade_fiorilla_student_uml_edu-rawseqorcc/fastq/2024_Warm05_Both02_G21_gut_S69_R1_001.fastq.gz
  R2: /scratch4/workspace/jade_fiorilla_student_uml_edu-rawseqorcc/fastq/2024_Warm05_Both02_G21_gut_S69_R2_001.fastq.gz
  Output R1: /scratch4/workspace/jade_fiorilla_student_uml_edu-rawseqorcc/trim-galore-illumina/2024_Warm05_Both02_G21_gut_S69_R1_001_val_1.fq.gz
  Output R2: /scratch4/workspace/jade_fiorilla_student_uml_edu-rawseqorcc/trim-galore-illumina/2024_Warm05_Both02_G21_gut_S69_R2_001_val_2.fq.gz

=== Summary (Read 1) ===

Total reads processed:               570623
Reads with adapters:                  66561 (11.7%)

=== Summary (Read 2) ===

Total reads processed:               570623
Reads with adapters:                 210079 (36.8%)
R1 reads with poly-G trimmed:          1140 (0.2%)
  R1 poly-G bases removed:           182279
R2 reads with poly-G trimmed:           531 (0.1%)
  R2 poly-G bases removed:            93904

=== Paired-end validation ===

Pairs analyzed:                      570623
Pairs removed:                         1360 (0.2%)
Unpaired R1 kept:                      1166
Unpaired R2 kept:                        76
Report: /scratch4/workspace/jade_fiorilla_student_uml_edu-rawseqorcc/trim-galore-illumina/2024_Warm05_Both02_G21_gut_S69_R1_001.fastq.gz_trimming_report.txt
JSON report: /scratch4/workspace/jade_fiorilla_student_uml_edu-rawseqorcc/trim-galore-illumina/2024_Warm05_Both02_G21_gut_S69_R1_001.fastq.gz_trimming_report.json
Report: /scratch4/workspace/jade_fiorilla_student_uml_edu-rawseqorcc/trim-galore-illumina/2024_Warm05_Both02_G21_gut_S69_R2_001.fastq.gz_trimming_report.txt
JSON report: /scratch4/workspace/jade_fiorilla_student_uml_edu-rawseqorcc/trim-galore-illumina/2024_Warm05_Both02_G21_gut_S69_R2_001.fastq.gz_trimming_report.json

Running FastQC on /scratch4/workspace/jade_fiorilla_student_uml_edu-rawseqorcc/trim-galore-illumina/2024_Warm05_Both02_G21_gut_S69_R1_001_val_1.fq.gz

Running FastQC on /scratch4/workspace/jade_fiorilla_student_uml_edu-rawseqorcc/trim-galore-illumina/2024_Warm05_Both02_G21_gut_S69_R2_001_val_2.fq.gz
Running Trim Galore on: 2024_Warm05_Cont04_G45_gill_S250

Trim Galore v2.3.0
unknown — linux/x86_64 — built 2026-06-27T16:23:35Z
==================================================

Using 6 worker threads (parallel trim + compress)
Adapter: Illumina (AGATCGGAAGAGC)

Scanning for poly-G content...
Poly-G trimming: ENABLED (auto-detected). 1334 of 327803 reads (0.41%) have poly-G tails (>=10bp) — consistent with 2-colour chemistry (NovaSeq/NextSeq). To disable: --no_poly_g
Trimming (paired-end):
  R1: /scratch4/workspace/jade_fiorilla_student_uml_edu-rawseqorcc/fastq/2024_Warm05_Cont04_G45_gill_S250_R1_001.fastq.gz
  R2: /scratch4/workspace/jade_fiorilla_student_uml_edu-rawseqorcc/fastq/2024_Warm05_Cont04_G45_gill_S250_R2_001.fastq.gz
  Output R1: /scratch4/workspace/jade_fiorilla_student_uml_edu-rawseqorcc/trim-galore-illumina/2024_Warm05_Cont04_G45_gill_S250_R1_001_val_1.fq.gz
  Output R2: /scratch4/workspace/jade_fiorilla_student_uml_edu-rawseqorcc/trim-galore-illumina/2024_Warm05_Cont04_G45_gill_S250_R2_001_val_2.fq.gz

=== Summary (Read 1) ===

Total reads processed:               327803
Reads with adapters:                   6163 (1.9%)

=== Summary (Read 2) ===

Total reads processed:               327803
Reads with adapters:                   5970 (1.8%)
R1 reads with poly-G trimmed:            26 (0.0%)
  R1 poly-G bases removed:             1267
R2 reads with poly-G trimmed:            26 (0.0%)
  R2 poly-G bases removed:             3794

=== Paired-end validation ===

Pairs analyzed:                      327803
Pairs removed:                          556 (0.2%)
Unpaired R1 kept:                       506
Unpaired R2 kept:                        18
Report: /scratch4/workspace/jade_fiorilla_student_uml_edu-rawseqorcc/trim-galore-illumina/2024_Warm05_Cont04_G45_gill_S250_R1_001.fastq.gz_trimming_report.txt
JSON report: /scratch4/workspace/jade_fiorilla_student_uml_edu-rawseqorcc/trim-galore-illumina/2024_Warm05_Cont04_G45_gill_S250_R1_001.fastq.gz_trimming_report.json
Report: /scratch4/workspace/jade_fiorilla_student_uml_edu-rawseqorcc/trim-galore-illumina/2024_Warm05_Cont04_G45_gill_S250_R2_001.fastq.gz_trimming_report.txt
JSON report: /scratch4/workspace/jade_fiorilla_student_uml_edu-rawseqorcc/trim-galore-illumina/2024_Warm05_Cont04_G45_gill_S250_R2_001.fastq.gz_trimming_report.json

Running FastQC on /scratch4/workspace/jade_fiorilla_student_uml_edu-rawseqorcc/trim-galore-illumina/2024_Warm05_Cont04_G45_gill_S250_R1_001_val_1.fq.gz

Running FastQC on /scratch4/workspace/jade_fiorilla_student_uml_edu-rawseqorcc/trim-galore-illumina/2024_Warm05_Cont04_G45_gill_S250_R2_001_val_2.fq.gz
Running Trim Galore on: 2024_Warm05_Cont04_G45_gut_S161

Trim Galore v2.3.0
unknown — linux/x86_64 — built 2026-06-27T16:23:35Z
==================================================

Using 6 worker threads (parallel trim + compress)
Adapter: Illumina (AGATCGGAAGAGC)

Scanning for poly-G content...
Poly-G trimming: ENABLED (auto-detected). 202742 of 1000000 reads (20.27%) have poly-G tails (>=10bp) — consistent with 2-colour chemistry (NovaSeq/NextSeq). To disable: --no_poly_g
Trimming (paired-end):
  R1: /scratch4/workspace/jade_fiorilla_student_uml_edu-rawseqorcc/fastq/2024_Warm05_Cont04_G45_gut_S161_R1_001.fastq.gz
  R2: /scratch4/workspace/jade_fiorilla_student_uml_edu-rawseqorcc/fastq/2024_Warm05_Cont04_G45_gut_S161_R2_001.fastq.gz
  Output R1: /scratch4/workspace/jade_fiorilla_student_uml_edu-rawseqorcc/trim-galore-illumina/2024_Warm05_Cont04_G45_gut_S161_R1_001_val_1.fq.gz
  Output R2: /scratch4/workspace/jade_fiorilla_student_uml_edu-rawseqorcc/trim-galore-illumina/2024_Warm05_Cont04_G45_gut_S161_R2_001_val_2.fq.gz

=== Summary (Read 1) ===

Total reads processed:              1358279
Reads with adapters:                  15017 (1.1%)

=== Summary (Read 2) ===

Total reads processed:              1358279
Reads with adapters:                 286173 (21.1%)
R1 reads with poly-G trimmed:         17021 (1.3%)
  R1 poly-G bases removed:           299168
R2 reads with poly-G trimmed:           889 (0.1%)
  R2 poly-G bases removed:           120971

=== Paired-end validation ===

Pairs analyzed:                     1358279
Pairs removed:                         2905 (0.2%)
Unpaired R1 kept:                      2536
Unpaired R2 kept:                       184
Report: /scratch4/workspace/jade_fiorilla_student_uml_edu-rawseqorcc/trim-galore-illumina/2024_Warm05_Cont04_G45_gut_S161_R1_001.fastq.gz_trimming_report.txt
JSON report: /scratch4/workspace/jade_fiorilla_student_uml_edu-rawseqorcc/trim-galore-illumina/2024_Warm05_Cont04_G45_gut_S161_R1_001.fastq.gz_trimming_report.json
Report: /scratch4/workspace/jade_fiorilla_student_uml_edu-rawseqorcc/trim-galore-illumina/2024_Warm05_Cont04_G45_gut_S161_R2_001.fastq.gz_trimming_report.txt
JSON report: /scratch4/workspace/jade_fiorilla_student_uml_edu-rawseqorcc/trim-galore-illumina/2024_Warm05_Cont04_G45_gut_S161_R2_001.fastq.gz_trimming_report.json

Running FastQC on /scratch4/workspace/jade_fiorilla_student_uml_edu-rawseqorcc/trim-galore-illumina/2024_Warm05_Cont04_G45_gut_S161_R1_001_val_1.fq.gz

Running FastQC on /scratch4/workspace/jade_fiorilla_student_uml_edu-rawseqorcc/trim-galore-illumina/2024_Warm05_Cont04_G45_gut_S161_R2_001_val_2.fq.gz
Running Trim Galore on: 2024_Warm05_Hyp04_G46_gill_S162

Trim Galore v2.3.0
unknown — linux/x86_64 — built 2026-06-27T16:23:35Z
==================================================

Using 6 worker threads (parallel trim + compress)
Adapter: Illumina (AGATCGGAAGAGC)

Scanning for poly-G content...
Poly-G trimming: ENABLED (auto-detected). 544043 of 1000000 reads (54.40%) have poly-G tails (>=10bp) — consistent with 2-colour chemistry (NovaSeq/NextSeq). To disable: --no_poly_g
Trimming (paired-end):
  R1: /scratch4/workspace/jade_fiorilla_student_uml_edu-rawseqorcc/fastq/2024_Warm05_Hyp04_G46_gill_S162_R1_001.fastq.gz
  R2: /scratch4/workspace/jade_fiorilla_student_uml_edu-rawseqorcc/fastq/2024_Warm05_Hyp04_G46_gill_S162_R2_001.fastq.gz
  Output R1: /scratch4/workspace/jade_fiorilla_student_uml_edu-rawseqorcc/trim-galore-illumina/2024_Warm05_Hyp04_G46_gill_S162_R1_001_val_1.fq.gz
  Output R2: /scratch4/workspace/jade_fiorilla_student_uml_edu-rawseqorcc/trim-galore-illumina/2024_Warm05_Hyp04_G46_gill_S162_R2_001_val_2.fq.gz

=== Summary (Read 1) ===

Total reads processed:              1704862
Reads with adapters:                  44971 (2.6%)

=== Summary (Read 2) ===

Total reads processed:              1704862
Reads with adapters:                1048433 (61.5%)
R1 reads with poly-G trimmed:         62678 (3.7%)
  R1 poly-G bases removed:          1148727
R2 reads with poly-G trimmed:          2332 (0.1%)
  R2 poly-G bases removed:           388876

=== Paired-end validation ===

Pairs analyzed:                     1704862
Pairs removed:                         3073 (0.2%)
Unpaired R1 kept:                      2710
Unpaired R2 kept:                       121
Report: /scratch4/workspace/jade_fiorilla_student_uml_edu-rawseqorcc/trim-galore-illumina/2024_Warm05_Hyp04_G46_gill_S162_R1_001.fastq.gz_trimming_report.txt
JSON report: /scratch4/workspace/jade_fiorilla_student_uml_edu-rawseqorcc/trim-galore-illumina/2024_Warm05_Hyp04_G46_gill_S162_R1_001.fastq.gz_trimming_report.json
Report: /scratch4/workspace/jade_fiorilla_student_uml_edu-rawseqorcc/trim-galore-illumina/2024_Warm05_Hyp04_G46_gill_S162_R2_001.fastq.gz_trimming_report.txt
JSON report: /scratch4/workspace/jade_fiorilla_student_uml_edu-rawseqorcc/trim-galore-illumina/2024_Warm05_Hyp04_G46_gill_S162_R2_001.fastq.gz_trimming_report.json

Running FastQC on /scratch4/workspace/jade_fiorilla_student_uml_edu-rawseqorcc/trim-galore-illumina/2024_Warm05_Hyp04_G46_gill_S162_R1_001_val_1.fq.gz

Running FastQC on /scratch4/workspace/jade_fiorilla_student_uml_edu-rawseqorcc/trim-galore-illumina/2024_Warm05_Hyp04_G46_gill_S162_R2_001_val_2.fq.gz
Running Trim Galore on: 2024_Warm05_Hyp04_G46_gut_S163

Trim Galore v2.3.0
unknown — linux/x86_64 — built 2026-06-27T16:23:35Z
==================================================

Using 6 worker threads (parallel trim + compress)
Adapter: Illumina (AGATCGGAAGAGC)

Scanning for poly-G content...
Poly-G trimming: ENABLED (auto-detected). 462646 of 1000000 reads (46.26%) have poly-G tails (>=10bp) — consistent with 2-colour chemistry (NovaSeq/NextSeq). To disable: --no_poly_g
Trimming (paired-end):
  R1: /scratch4/workspace/jade_fiorilla_student_uml_edu-rawseqorcc/fastq/2024_Warm05_Hyp04_G46_gut_S163_R1_001.fastq.gz
  R2: /scratch4/workspace/jade_fiorilla_student_uml_edu-rawseqorcc/fastq/2024_Warm05_Hyp04_G46_gut_S163_R2_001.fastq.gz
  Output R1: /scratch4/workspace/jade_fiorilla_student_uml_edu-rawseqorcc/trim-galore-illumina/2024_Warm05_Hyp04_G46_gut_S163_R1_001_val_1.fq.gz
  Output R2: /scratch4/workspace/jade_fiorilla_student_uml_edu-rawseqorcc/trim-galore-illumina/2024_Warm05_Hyp04_G46_gut_S163_R2_001_val_2.fq.gz

=== Summary (Read 1) ===

Total reads processed:              1372772
Reads with adapters:                  32276 (2.4%)

=== Summary (Read 2) ===

Total reads processed:              1372772
Reads with adapters:                 709157 (51.7%)
R1 reads with poly-G trimmed:         41353 (3.0%)
  R1 poly-G bases removed:           777333
R2 reads with poly-G trimmed:          1666 (0.1%)
  R2 poly-G bases removed:           268520

=== Paired-end validation ===

Pairs analyzed:                     1372772
Pairs removed:                         2747 (0.2%)
Unpaired R1 kept:                      2378
Unpaired R2 kept:                       135
Report: /scratch4/workspace/jade_fiorilla_student_uml_edu-rawseqorcc/trim-galore-illumina/2024_Warm05_Hyp04_G46_gut_S163_R1_001.fastq.gz_trimming_report.txt
JSON report: /scratch4/workspace/jade_fiorilla_student_uml_edu-rawseqorcc/trim-galore-illumina/2024_Warm05_Hyp04_G46_gut_S163_R1_001.fastq.gz_trimming_report.json
Report: /scratch4/workspace/jade_fiorilla_student_uml_edu-rawseqorcc/trim-galore-illumina/2024_Warm05_Hyp04_G46_gut_S163_R2_001.fastq.gz_trimming_report.txt
JSON report: /scratch4/workspace/jade_fiorilla_student_uml_edu-rawseqorcc/trim-galore-illumina/2024_Warm05_Hyp04_G46_gut_S163_R2_001.fastq.gz_trimming_report.json

Running FastQC on /scratch4/workspace/jade_fiorilla_student_uml_edu-rawseqorcc/trim-galore-illumina/2024_Warm05_Hyp04_G46_gut_S163_R1_001_val_1.fq.gz

Running FastQC on /scratch4/workspace/jade_fiorilla_student_uml_edu-rawseqorcc/trim-galore-illumina/2024_Warm05_Hyp04_G46_gut_S163_R2_001_val_2.fq.gz
Running Trim Galore on: 2024_Warm05_Warm02_G22_gill_S212

Trim Galore v2.3.0
unknown — linux/x86_64 — built 2026-06-27T16:23:35Z
==================================================

Using 6 worker threads (parallel trim + compress)
Adapter: Illumina (AGATCGGAAGAGC)

Scanning for poly-G content...
Poly-G trimming: ENABLED (auto-detected). 116958 of 569437 reads (20.54%) have poly-G tails (>=10bp) — consistent with 2-colour chemistry (NovaSeq/NextSeq). To disable: --no_poly_g
Trimming (paired-end):
  R1: /scratch4/workspace/jade_fiorilla_student_uml_edu-rawseqorcc/fastq/2024_Warm05_Warm02_G22_gill_S212_R1_001.fastq.gz
  R2: /scratch4/workspace/jade_fiorilla_student_uml_edu-rawseqorcc/fastq/2024_Warm05_Warm02_G22_gill_S212_R2_001.fastq.gz
  Output R1: /scratch4/workspace/jade_fiorilla_student_uml_edu-rawseqorcc/trim-galore-illumina/2024_Warm05_Warm02_G22_gill_S212_R1_001_val_1.fq.gz
  Output R2: /scratch4/workspace/jade_fiorilla_student_uml_edu-rawseqorcc/trim-galore-illumina/2024_Warm05_Warm02_G22_gill_S212_R2_001_val_2.fq.gz

=== Summary (Read 1) ===

Total reads processed:               569437
Reads with adapters:                   9012 (1.6%)

=== Summary (Read 2) ===

Total reads processed:               569437
Reads with adapters:                 126107 (22.1%)
R1 reads with poly-G trimmed:           667 (0.1%)
  R1 poly-G bases removed:            86375
R2 reads with poly-G trimmed:           399 (0.1%)
  R2 poly-G bases removed:            68842

=== Paired-end validation ===

Pairs analyzed:                      569437
Pairs removed:                         1794 (0.3%)
Unpaired R1 kept:                      1688
Unpaired R2 kept:                        59
Report: /scratch4/workspace/jade_fiorilla_student_uml_edu-rawseqorcc/trim-galore-illumina/2024_Warm05_Warm02_G22_gill_S212_R1_001.fastq.gz_trimming_report.txt
JSON report: /scratch4/workspace/jade_fiorilla_student_uml_edu-rawseqorcc/trim-galore-illumina/2024_Warm05_Warm02_G22_gill_S212_R1_001.fastq.gz_trimming_report.json
Report: /scratch4/workspace/jade_fiorilla_student_uml_edu-rawseqorcc/trim-galore-illumina/2024_Warm05_Warm02_G22_gill_S212_R2_001.fastq.gz_trimming_report.txt
JSON report: /scratch4/workspace/jade_fiorilla_student_uml_edu-rawseqorcc/trim-galore-illumina/2024_Warm05_Warm02_G22_gill_S212_R2_001.fastq.gz_trimming_report.json

Running FastQC on /scratch4/workspace/jade_fiorilla_student_uml_edu-rawseqorcc/trim-galore-illumina/2024_Warm05_Warm02_G22_gill_S212_R1_001_val_1.fq.gz

Running FastQC on /scratch4/workspace/jade_fiorilla_student_uml_edu-rawseqorcc/trim-galore-illumina/2024_Warm05_Warm02_G22_gill_S212_R2_001_val_2.fq.gz
Running Trim Galore on: 2024_Warm05_Warm02_G22_gut_S24

Trim Galore v2.3.0
unknown — linux/x86_64 — built 2026-06-27T16:23:35Z
==================================================

Using 6 worker threads (parallel trim + compress)
Adapter: Illumina (AGATCGGAAGAGC)

Scanning for poly-G content...
Poly-G trimming: ENABLED (auto-detected). 599032 of 886766 reads (67.55%) have poly-G tails (>=10bp) — consistent with 2-colour chemistry (NovaSeq/NextSeq). To disable: --no_poly_g
Trimming (paired-end):
  R1: /scratch4/workspace/jade_fiorilla_student_uml_edu-rawseqorcc/fastq/2024_Warm05_Warm02_G22_gut_S24_R1_001.fastq.gz
  R2: /scratch4/workspace/jade_fiorilla_student_uml_edu-rawseqorcc/fastq/2024_Warm05_Warm02_G22_gut_S24_R2_001.fastq.gz
  Output R1: /scratch4/workspace/jade_fiorilla_student_uml_edu-rawseqorcc/trim-galore-illumina/2024_Warm05_Warm02_G22_gut_S24_R1_001_val_1.fq.gz
  Output R2: /scratch4/workspace/jade_fiorilla_student_uml_edu-rawseqorcc/trim-galore-illumina/2024_Warm05_Warm02_G22_gut_S24_R2_001_val_2.fq.gz

=== Summary (Read 1) ===

Total reads processed:               886766
Reads with adapters:                 132382 (14.9%)

=== Summary (Read 2) ===

Total reads processed:               886766
Reads with adapters:                 607274 (68.5%)
R1 reads with poly-G trimmed:         14905 (1.7%)
  R1 poly-G bases removed:           664155
R2 reads with poly-G trimmed:          1508 (0.2%)
  R2 poly-G bases removed:           271972

=== Paired-end validation ===

Pairs analyzed:                      886766
Pairs removed:                         2036 (0.2%)
Unpaired R1 kept:                      1726
Unpaired R2 kept:                        66
Report: /scratch4/workspace/jade_fiorilla_student_uml_edu-rawseqorcc/trim-galore-illumina/2024_Warm05_Warm02_G22_gut_S24_R1_001.fastq.gz_trimming_report.txt
JSON report: /scratch4/workspace/jade_fiorilla_student_uml_edu-rawseqorcc/trim-galore-illumina/2024_Warm05_Warm02_G22_gut_S24_R1_001.fastq.gz_trimming_report.json
Report: /scratch4/workspace/jade_fiorilla_student_uml_edu-rawseqorcc/trim-galore-illumina/2024_Warm05_Warm02_G22_gut_S24_R2_001.fastq.gz_trimming_report.txt
JSON report: /scratch4/workspace/jade_fiorilla_student_uml_edu-rawseqorcc/trim-galore-illumina/2024_Warm05_Warm02_G22_gut_S24_R2_001.fastq.gz_trimming_report.json

Running FastQC on /scratch4/workspace/jade_fiorilla_student_uml_edu-rawseqorcc/trim-galore-illumina/2024_Warm05_Warm02_G22_gut_S24_R1_001_val_1.fq.gz

Running FastQC on /scratch4/workspace/jade_fiorilla_student_uml_edu-rawseqorcc/trim-galore-illumina/2024_Warm05_Warm02_G22_gut_S24_R2_001_val_2.fq.gz
Running Trim Galore on: 2024_Warm06_Both03_G35_gill_S189

Trim Galore v2.3.0
unknown — linux/x86_64 — built 2026-06-27T16:23:35Z
==================================================

Using 6 worker threads (parallel trim + compress)
Adapter: Illumina (AGATCGGAAGAGC)

Scanning for poly-G content...
Poly-G trimming: ENABLED (auto-detected). 412701 of 1000000 reads (41.27%) have poly-G tails (>=10bp) — consistent with 2-colour chemistry (NovaSeq/NextSeq). To disable: --no_poly_g
Trimming (paired-end):
  R1: /scratch4/workspace/jade_fiorilla_student_uml_edu-rawseqorcc/fastq/2024_Warm06_Both03_G35_gill_S189_R1_001.fastq.gz
  R2: /scratch4/workspace/jade_fiorilla_student_uml_edu-rawseqorcc/fastq/2024_Warm06_Both03_G35_gill_S189_R2_001.fastq.gz
  Output R1: /scratch4/workspace/jade_fiorilla_student_uml_edu-rawseqorcc/trim-galore-illumina/2024_Warm06_Both03_G35_gill_S189_R1_001_val_1.fq.gz
  Output R2: /scratch4/workspace/jade_fiorilla_student_uml_edu-rawseqorcc/trim-galore-illumina/2024_Warm06_Both03_G35_gill_S189_R2_001_val_2.fq.gz

=== Summary (Read 1) ===

Total reads processed:              1565552
Reads with adapters:                 143355 (9.2%)

=== Summary (Read 2) ===

Total reads processed:              1565552
Reads with adapters:                 687642 (43.9%)
R1 reads with poly-G trimmed:          4690 (0.3%)
  R1 poly-G bases removed:           603369
R2 reads with poly-G trimmed:          1843 (0.1%)
  R2 poly-G bases removed:           254448

=== Paired-end validation ===

Pairs analyzed:                     1565552
Pairs removed:                         4230 (0.3%)
Unpaired R1 kept:                      4015
Unpaired R2 kept:                       103
Report: /scratch4/workspace/jade_fiorilla_student_uml_edu-rawseqorcc/trim-galore-illumina/2024_Warm06_Both03_G35_gill_S189_R1_001.fastq.gz_trimming_report.txt
JSON report: /scratch4/workspace/jade_fiorilla_student_uml_edu-rawseqorcc/trim-galore-illumina/2024_Warm06_Both03_G35_gill_S189_R1_001.fastq.gz_trimming_report.json
Report: /scratch4/workspace/jade_fiorilla_student_uml_edu-rawseqorcc/trim-galore-illumina/2024_Warm06_Both03_G35_gill_S189_R2_001.fastq.gz_trimming_report.txt
JSON report: /scratch4/workspace/jade_fiorilla_student_uml_edu-rawseqorcc/trim-galore-illumina/2024_Warm06_Both03_G35_gill_S189_R2_001.fastq.gz_trimming_report.json

Running FastQC on /scratch4/workspace/jade_fiorilla_student_uml_edu-rawseqorcc/trim-galore-illumina/2024_Warm06_Both03_G35_gill_S189_R1_001_val_1.fq.gz

Running FastQC on /scratch4/workspace/jade_fiorilla_student_uml_edu-rawseqorcc/trim-galore-illumina/2024_Warm06_Both03_G35_gill_S189_R2_001_val_2.fq.gz
Running Trim Galore on: 2024_Warm06_Both03_G35_gut_S149

Trim Galore v2.3.0
unknown — linux/x86_64 — built 2026-06-27T16:23:35Z
==================================================

Using 6 worker threads (parallel trim + compress)
Adapter: Illumina (AGATCGGAAGAGC)

Scanning for poly-G content...
Poly-G trimming: ENABLED (auto-detected). 41315 of 455282 reads (9.07%) have poly-G tails (>=10bp) — consistent with 2-colour chemistry (NovaSeq/NextSeq). To disable: --no_poly_g
Trimming (paired-end):
  R1: /scratch4/workspace/jade_fiorilla_student_uml_edu-rawseqorcc/fastq/2024_Warm06_Both03_G35_gut_S149_R1_001.fastq.gz
  R2: /scratch4/workspace/jade_fiorilla_student_uml_edu-rawseqorcc/fastq/2024_Warm06_Both03_G35_gut_S149_R2_001.fastq.gz
  Output R1: /scratch4/workspace/jade_fiorilla_student_uml_edu-rawseqorcc/trim-galore-illumina/2024_Warm06_Both03_G35_gut_S149_R1_001_val_1.fq.gz
  Output R2: /scratch4/workspace/jade_fiorilla_student_uml_edu-rawseqorcc/trim-galore-illumina/2024_Warm06_Both03_G35_gut_S149_R2_001_val_2.fq.gz

=== Summary (Read 1) ===

Total reads processed:               455282
Reads with adapters:                  10345 (2.3%)

=== Summary (Read 2) ===

Total reads processed:               455282
Reads with adapters:                  43517 (9.6%)
R1 reads with poly-G trimmed:           429 (0.1%)
  R1 poly-G bases removed:            36366
R2 reads with poly-G trimmed:           124 (0.0%)
  R2 poly-G bases removed:            24446

=== Paired-end validation ===

Pairs analyzed:                      455282
Pairs removed:                         1322 (0.3%)
Unpaired R1 kept:                      1269
Unpaired R2 kept:                        45
Report: /scratch4/workspace/jade_fiorilla_student_uml_edu-rawseqorcc/trim-galore-illumina/2024_Warm06_Both03_G35_gut_S149_R1_001.fastq.gz_trimming_report.txt
JSON report: /scratch4/workspace/jade_fiorilla_student_uml_edu-rawseqorcc/trim-galore-illumina/2024_Warm06_Both03_G35_gut_S149_R1_001.fastq.gz_trimming_report.json
Report: /scratch4/workspace/jade_fiorilla_student_uml_edu-rawseqorcc/trim-galore-illumina/2024_Warm06_Both03_G35_gut_S149_R2_001.fastq.gz_trimming_report.txt
JSON report: /scratch4/workspace/jade_fiorilla_student_uml_edu-rawseqorcc/trim-galore-illumina/2024_Warm06_Both03_G35_gut_S149_R2_001.fastq.gz_trimming_report.json

Running FastQC on /scratch4/workspace/jade_fiorilla_student_uml_edu-rawseqorcc/trim-galore-illumina/2024_Warm06_Both03_G35_gut_S149_R1_001_val_1.fq.gz

Running FastQC on /scratch4/workspace/jade_fiorilla_student_uml_edu-rawseqorcc/trim-galore-illumina/2024_Warm06_Both03_G35_gut_S149_R2_001_val_2.fq.gz
Running Trim Galore on: 2024_Warm06_Both04_G48_gill_S164

Trim Galore v2.3.0
unknown — linux/x86_64 — built 2026-06-27T16:23:35Z
==================================================

Using 6 worker threads (parallel trim + compress)
Adapter: Illumina (AGATCGGAAGAGC)

Scanning for poly-G content...
Poly-G trimming: ENABLED (auto-detected). 614130 of 1000000 reads (61.41%) have poly-G tails (>=10bp) — consistent with 2-colour chemistry (NovaSeq/NextSeq). To disable: --no_poly_g
Trimming (paired-end):
  R1: /scratch4/workspace/jade_fiorilla_student_uml_edu-rawseqorcc/fastq/2024_Warm06_Both04_G48_gill_S164_R1_001.fastq.gz
  R2: /scratch4/workspace/jade_fiorilla_student_uml_edu-rawseqorcc/fastq/2024_Warm06_Both04_G48_gill_S164_R2_001.fastq.gz
  Output R1: /scratch4/workspace/jade_fiorilla_student_uml_edu-rawseqorcc/trim-galore-illumina/2024_Warm06_Both04_G48_gill_S164_R1_001_val_1.fq.gz
  Output R2: /scratch4/workspace/jade_fiorilla_student_uml_edu-rawseqorcc/trim-galore-illumina/2024_Warm06_Both04_G48_gill_S164_R2_001_val_2.fq.gz

=== Summary (Read 1) ===

Total reads processed:              2261214
Reads with adapters:                  68418 (3.0%)

=== Summary (Read 2) ===

Total reads processed:              2261214
Reads with adapters:                1508973 (66.7%)
R1 reads with poly-G trimmed:         94244 (4.2%)
  R1 poly-G bases removed:          1753122
R2 reads with poly-G trimmed:          3235 (0.1%)
  R2 poly-G bases removed:           514724

=== Paired-end validation ===

Pairs analyzed:                     2261214
Pairs removed:                         4045 (0.2%)
Unpaired R1 kept:                      3537
Unpaired R2 kept:                       180
Report: /scratch4/workspace/jade_fiorilla_student_uml_edu-rawseqorcc/trim-galore-illumina/2024_Warm06_Both04_G48_gill_S164_R1_001.fastq.gz_trimming_report.txt
JSON report: /scratch4/workspace/jade_fiorilla_student_uml_edu-rawseqorcc/trim-galore-illumina/2024_Warm06_Both04_G48_gill_S164_R1_001.fastq.gz_trimming_report.json
Report: /scratch4/workspace/jade_fiorilla_student_uml_edu-rawseqorcc/trim-galore-illumina/2024_Warm06_Both04_G48_gill_S164_R2_001.fastq.gz_trimming_report.txt
JSON report: /scratch4/workspace/jade_fiorilla_student_uml_edu-rawseqorcc/trim-galore-illumina/2024_Warm06_Both04_G48_gill_S164_R2_001.fastq.gz_trimming_report.json

Running FastQC on /scratch4/workspace/jade_fiorilla_student_uml_edu-rawseqorcc/trim-galore-illumina/2024_Warm06_Both04_G48_gill_S164_R1_001_val_1.fq.gz

Running FastQC on /scratch4/workspace/jade_fiorilla_student_uml_edu-rawseqorcc/trim-galore-illumina/2024_Warm06_Both04_G48_gill_S164_R2_001_val_2.fq.gz
Running Trim Galore on: 2024_Warm06_Both04_G48_gut_S53

Trim Galore v2.3.0
unknown — linux/x86_64 — built 2026-06-27T16:23:35Z
==================================================

Using 6 worker threads (parallel trim + compress)
Adapter: Illumina (AGATCGGAAGAGC)

Scanning for poly-G content...
Poly-G trimming: ENABLED (auto-detected). 672753 of 1000000 reads (67.28%) have poly-G tails (>=10bp) — consistent with 2-colour chemistry (NovaSeq/NextSeq). To disable: --no_poly_g
Trimming (paired-end):
  R1: /scratch4/workspace/jade_fiorilla_student_uml_edu-rawseqorcc/fastq/2024_Warm06_Both04_G48_gut_S53_R1_001.fastq.gz
  R2: /scratch4/workspace/jade_fiorilla_student_uml_edu-rawseqorcc/fastq/2024_Warm06_Both04_G48_gut_S53_R2_001.fastq.gz
  Output R1: /scratch4/workspace/jade_fiorilla_student_uml_edu-rawseqorcc/trim-galore-illumina/2024_Warm06_Both04_G48_gut_S53_R1_001_val_1.fq.gz
  Output R2: /scratch4/workspace/jade_fiorilla_student_uml_edu-rawseqorcc/trim-galore-illumina/2024_Warm06_Both04_G48_gut_S53_R2_001_val_2.fq.gz

=== Summary (Read 1) ===

Total reads processed:              1108732
Reads with adapters:                 190699 (17.2%)

=== Summary (Read 2) ===

Total reads processed:              1108732
Reads with adapters:                 759526 (68.5%)
R1 reads with poly-G trimmed:          3762 (0.3%)
  R1 poly-G bases removed:           674560
R2 reads with poly-G trimmed:          1794 (0.2%)
  R2 poly-G bases removed:           331567

=== Paired-end validation ===

Pairs analyzed:                     1108732
Pairs removed:                         2359 (0.2%)
Unpaired R1 kept:                      2132
Unpaired R2 kept:                        64
Report: /scratch4/workspace/jade_fiorilla_student_uml_edu-rawseqorcc/trim-galore-illumina/2024_Warm06_Both04_G48_gut_S53_R1_001.fastq.gz_trimming_report.txt
JSON report: /scratch4/workspace/jade_fiorilla_student_uml_edu-rawseqorcc/trim-galore-illumina/2024_Warm06_Both04_G48_gut_S53_R1_001.fastq.gz_trimming_report.json
Report: /scratch4/workspace/jade_fiorilla_student_uml_edu-rawseqorcc/trim-galore-illumina/2024_Warm06_Both04_G48_gut_S53_R2_001.fastq.gz_trimming_report.txt
JSON report: /scratch4/workspace/jade_fiorilla_student_uml_edu-rawseqorcc/trim-galore-illumina/2024_Warm06_Both04_G48_gut_S53_R2_001.fastq.gz_trimming_report.json

Running FastQC on /scratch4/workspace/jade_fiorilla_student_uml_edu-rawseqorcc/trim-galore-illumina/2024_Warm06_Both04_G48_gut_S53_R1_001_val_1.fq.gz

Running FastQC on /scratch4/workspace/jade_fiorilla_student_uml_edu-rawseqorcc/trim-galore-illumina/2024_Warm06_Both04_G48_gut_S53_R2_001_val_2.fq.gz
Running Trim Galore on: 2024_Warm06_Hyp06_G71_gill_S208

Trim Galore v2.3.0
unknown — linux/x86_64 — built 2026-06-27T16:23:35Z
==================================================

Using 6 worker threads (parallel trim + compress)
Adapter: Illumina (AGATCGGAAGAGC)

Scanning for poly-G content...
Poly-G trimming: ENABLED (auto-detected). 50315 of 1000000 reads (5.03%) have poly-G tails (>=10bp) — consistent with 2-colour chemistry (NovaSeq/NextSeq). To disable: --no_poly_g
Trimming (paired-end):
  R1: /scratch4/workspace/jade_fiorilla_student_uml_edu-rawseqorcc/fastq/2024_Warm06_Hyp06_G71_gill_S208_R1_001.fastq.gz
  R2: /scratch4/workspace/jade_fiorilla_student_uml_edu-rawseqorcc/fastq/2024_Warm06_Hyp06_G71_gill_S208_R2_001.fastq.gz
  Output R1: /scratch4/workspace/jade_fiorilla_student_uml_edu-rawseqorcc/trim-galore-illumina/2024_Warm06_Hyp06_G71_gill_S208_R1_001_val_1.fq.gz
  Output R2: /scratch4/workspace/jade_fiorilla_student_uml_edu-rawseqorcc/trim-galore-illumina/2024_Warm06_Hyp06_G71_gill_S208_R2_001_val_2.fq.gz

=== Summary (Read 1) ===

Total reads processed:              1689161
Reads with adapters:                 266008 (15.7%)

=== Summary (Read 2) ===

Total reads processed:              1689161
Reads with adapters:                 223420 (13.2%)
R1 reads with poly-G trimmed:           564 (0.0%)
  R1 poly-G bases removed:            81282
R2 reads with poly-G trimmed:           327 (0.0%)
  R2 poly-G bases removed:            54105

=== Paired-end validation ===

Pairs analyzed:                     1689161
Pairs removed:                         2410 (0.1%)
Unpaired R1 kept:                      2292
Unpaired R2 kept:                        56
Report: /scratch4/workspace/jade_fiorilla_student_uml_edu-rawseqorcc/trim-galore-illumina/2024_Warm06_Hyp06_G71_gill_S208_R1_001.fastq.gz_trimming_report.txt
JSON report: /scratch4/workspace/jade_fiorilla_student_uml_edu-rawseqorcc/trim-galore-illumina/2024_Warm06_Hyp06_G71_gill_S208_R1_001.fastq.gz_trimming_report.json
Report: /scratch4/workspace/jade_fiorilla_student_uml_edu-rawseqorcc/trim-galore-illumina/2024_Warm06_Hyp06_G71_gill_S208_R2_001.fastq.gz_trimming_report.txt
JSON report: /scratch4/workspace/jade_fiorilla_student_uml_edu-rawseqorcc/trim-galore-illumina/2024_Warm06_Hyp06_G71_gill_S208_R2_001.fastq.gz_trimming_report.json

Running FastQC on /scratch4/workspace/jade_fiorilla_student_uml_edu-rawseqorcc/trim-galore-illumina/2024_Warm06_Hyp06_G71_gill_S208_R1_001_val_1.fq.gz

Running FastQC on /scratch4/workspace/jade_fiorilla_student_uml_edu-rawseqorcc/trim-galore-illumina/2024_Warm06_Hyp06_G71_gill_S208_R2_001_val_2.fq.gz
Running Trim Galore on: 2024_Warm06_Hyp06_G71_gut_S21

Trim Galore v2.3.0
unknown — linux/x86_64 — built 2026-06-27T16:23:35Z
==================================================

Using 6 worker threads (parallel trim + compress)
Adapter: Illumina (AGATCGGAAGAGC)

Scanning for poly-G content...
Poly-G trimming: ENABLED (auto-detected). 94510 of 646396 reads (14.62%) have poly-G tails (>=10bp) — consistent with 2-colour chemistry (NovaSeq/NextSeq). To disable: --no_poly_g
Trimming (paired-end):
  R1: /scratch4/workspace/jade_fiorilla_student_uml_edu-rawseqorcc/fastq/2024_Warm06_Hyp06_G71_gut_S21_R1_001.fastq.gz
  R2: /scratch4/workspace/jade_fiorilla_student_uml_edu-rawseqorcc/fastq/2024_Warm06_Hyp06_G71_gut_S21_R2_001.fastq.gz
  Output R1: /scratch4/workspace/jade_fiorilla_student_uml_edu-rawseqorcc/trim-galore-illumina/2024_Warm06_Hyp06_G71_gut_S21_R1_001_val_1.fq.gz
  Output R2: /scratch4/workspace/jade_fiorilla_student_uml_edu-rawseqorcc/trim-galore-illumina/2024_Warm06_Hyp06_G71_gut_S21_R2_001_val_2.fq.gz

=== Summary (Read 1) ===

Total reads processed:               646396
Reads with adapters:                  10234 (1.6%)

=== Summary (Read 2) ===

Total reads processed:               646396
Reads with adapters:                  98231 (15.2%)
R1 reads with poly-G trimmed:          2250 (0.3%)
  R1 poly-G bases removed:           106664
R2 reads with poly-G trimmed:           332 (0.1%)
  R2 poly-G bases removed:            63213

=== Paired-end validation ===

Pairs analyzed:                      646396
Pairs removed:                         1910 (0.3%)
Unpaired R1 kept:                      1761
Unpaired R2 kept:                        62
Report: /scratch4/workspace/jade_fiorilla_student_uml_edu-rawseqorcc/trim-galore-illumina/2024_Warm06_Hyp06_G71_gut_S21_R1_001.fastq.gz_trimming_report.txt
JSON report: /scratch4/workspace/jade_fiorilla_student_uml_edu-rawseqorcc/trim-galore-illumina/2024_Warm06_Hyp06_G71_gut_S21_R1_001.fastq.gz_trimming_report.json
Report: /scratch4/workspace/jade_fiorilla_student_uml_edu-rawseqorcc/trim-galore-illumina/2024_Warm06_Hyp06_G71_gut_S21_R2_001.fastq.gz_trimming_report.txt
JSON report: /scratch4/workspace/jade_fiorilla_student_uml_edu-rawseqorcc/trim-galore-illumina/2024_Warm06_Hyp06_G71_gut_S21_R2_001.fastq.gz_trimming_report.json

Running FastQC on /scratch4/workspace/jade_fiorilla_student_uml_edu-rawseqorcc/trim-galore-illumina/2024_Warm06_Hyp06_G71_gut_S21_R1_001_val_1.fq.gz

Running FastQC on /scratch4/workspace/jade_fiorilla_student_uml_edu-rawseqorcc/trim-galore-illumina/2024_Warm06_Hyp06_G71_gut_S21_R2_001_val_2.fq.gz
Running Trim Galore on: 2024_Warm06_Null_G41_gill_S97

Trim Galore v2.3.0
unknown — linux/x86_64 — built 2026-06-27T16:23:35Z
==================================================

Using 6 worker threads (parallel trim + compress)
Adapter: Illumina (AGATCGGAAGAGC)

Scanning for poly-G content...
Poly-G trimming: ENABLED (auto-detected). 127236 of 895277 reads (14.21%) have poly-G tails (>=10bp) — consistent with 2-colour chemistry (NovaSeq/NextSeq). To disable: --no_poly_g
Trimming (paired-end):
  R1: /scratch4/workspace/jade_fiorilla_student_uml_edu-rawseqorcc/fastq/2024_Warm06_Null_G41_gill_S97_R1_001.fastq.gz
  R2: /scratch4/workspace/jade_fiorilla_student_uml_edu-rawseqorcc/fastq/2024_Warm06_Null_G41_gill_S97_R2_001.fastq.gz
  Output R1: /scratch4/workspace/jade_fiorilla_student_uml_edu-rawseqorcc/trim-galore-illumina/2024_Warm06_Null_G41_gill_S97_R1_001_val_1.fq.gz
  Output R2: /scratch4/workspace/jade_fiorilla_student_uml_edu-rawseqorcc/trim-galore-illumina/2024_Warm06_Null_G41_gill_S97_R2_001_val_2.fq.gz

=== Summary (Read 1) ===

Total reads processed:               895277
Reads with adapters:                  18208 (2.0%)

=== Summary (Read 2) ===

Total reads processed:               895277
Reads with adapters:                 136491 (15.2%)
R1 reads with poly-G trimmed:          1706 (0.2%)
  R1 poly-G bases removed:           125138
R2 reads with poly-G trimmed:           408 (0.0%)
  R2 poly-G bases removed:            70956

=== Paired-end validation ===

Pairs analyzed:                      895277
Pairs removed:                         1979 (0.2%)
Unpaired R1 kept:                      1713
Unpaired R2 kept:                       141
Report: /scratch4/workspace/jade_fiorilla_student_uml_edu-rawseqorcc/trim-galore-illumina/2024_Warm06_Null_G41_gill_S97_R1_001.fastq.gz_trimming_report.txt
JSON report: /scratch4/workspace/jade_fiorilla_student_uml_edu-rawseqorcc/trim-galore-illumina/2024_Warm06_Null_G41_gill_S97_R1_001.fastq.gz_trimming_report.json
Report: /scratch4/workspace/jade_fiorilla_student_uml_edu-rawseqorcc/trim-galore-illumina/2024_Warm06_Null_G41_gill_S97_R2_001.fastq.gz_trimming_report.txt
JSON report: /scratch4/workspace/jade_fiorilla_student_uml_edu-rawseqorcc/trim-galore-illumina/2024_Warm06_Null_G41_gill_S97_R2_001.fastq.gz_trimming_report.json

Running FastQC on /scratch4/workspace/jade_fiorilla_student_uml_edu-rawseqorcc/trim-galore-illumina/2024_Warm06_Null_G41_gill_S97_R1_001_val_1.fq.gz

Running FastQC on /scratch4/workspace/jade_fiorilla_student_uml_edu-rawseqorcc/trim-galore-illumina/2024_Warm06_Null_G41_gill_S97_R2_001_val_2.fq.gz
Running Trim Galore on: 2024_Warm06_Null_G41_gut_S93

Trim Galore v2.3.0
unknown — linux/x86_64 — built 2026-06-27T16:23:35Z
==================================================

Using 6 worker threads (parallel trim + compress)
Adapter: Illumina (AGATCGGAAGAGC)

Scanning for poly-G content...
Poly-G trimming: ENABLED (auto-detected). 643040 of 1000000 reads (64.30%) have poly-G tails (>=10bp) — consistent with 2-colour chemistry (NovaSeq/NextSeq). To disable: --no_poly_g
Trimming (paired-end):
  R1: /scratch4/workspace/jade_fiorilla_student_uml_edu-rawseqorcc/fastq/2024_Warm06_Null_G41_gut_S93_R1_001.fastq.gz
  R2: /scratch4/workspace/jade_fiorilla_student_uml_edu-rawseqorcc/fastq/2024_Warm06_Null_G41_gut_S93_R2_001.fastq.gz
  Output R1: /scratch4/workspace/jade_fiorilla_student_uml_edu-rawseqorcc/trim-galore-illumina/2024_Warm06_Null_G41_gut_S93_R1_001_val_1.fq.gz
  Output R2: /scratch4/workspace/jade_fiorilla_student_uml_edu-rawseqorcc/trim-galore-illumina/2024_Warm06_Null_G41_gut_S93_R2_001_val_2.fq.gz

=== Summary (Read 1) ===

Total reads processed:              1149327
Reads with adapters:                 107921 (9.4%)

=== Summary (Read 2) ===

Total reads processed:              1149327
Reads with adapters:                 745183 (64.8%)
R1 reads with poly-G trimmed:          4577 (0.4%)
  R1 poly-G bases removed:           655915
R2 reads with poly-G trimmed:          1920 (0.2%)
  R2 poly-G bases removed:           342824

=== Paired-end validation ===

Pairs analyzed:                     1149327
Pairs removed:                         3264 (0.3%)
Unpaired R1 kept:                      2985
Unpaired R2 kept:                       117
Report: /scratch4/workspace/jade_fiorilla_student_uml_edu-rawseqorcc/trim-galore-illumina/2024_Warm06_Null_G41_gut_S93_R1_001.fastq.gz_trimming_report.txt
JSON report: /scratch4/workspace/jade_fiorilla_student_uml_edu-rawseqorcc/trim-galore-illumina/2024_Warm06_Null_G41_gut_S93_R1_001.fastq.gz_trimming_report.json
Report: /scratch4/workspace/jade_fiorilla_student_uml_edu-rawseqorcc/trim-galore-illumina/2024_Warm06_Null_G41_gut_S93_R2_001.fastq.gz_trimming_report.txt
JSON report: /scratch4/workspace/jade_fiorilla_student_uml_edu-rawseqorcc/trim-galore-illumina/2024_Warm06_Null_G41_gut_S93_R2_001.fastq.gz_trimming_report.json

Running FastQC on /scratch4/workspace/jade_fiorilla_student_uml_edu-rawseqorcc/trim-galore-illumina/2024_Warm06_Null_G41_gut_S93_R1_001_val_1.fq.gz

Running FastQC on /scratch4/workspace/jade_fiorilla_student_uml_edu-rawseqorcc/trim-galore-illumina/2024_Warm06_Null_G41_gut_S93_R2_001_val_2.fq.gz
Running Trim Galore on: 2024_Warm06_Null_G45_gill_S271

Trim Galore v2.3.0
unknown — linux/x86_64 — built 2026-06-27T16:23:35Z
==================================================

Using 6 worker threads (parallel trim + compress)
Adapter: Illumina (AGATCGGAAGAGC)

Scanning for poly-G content...
Poly-G trimming: ENABLED (auto-detected). 163746 of 791575 reads (20.69%) have poly-G tails (>=10bp) — consistent with 2-colour chemistry (NovaSeq/NextSeq). To disable: --no_poly_g
Trimming (paired-end):
  R1: /scratch4/workspace/jade_fiorilla_student_uml_edu-rawseqorcc/fastq/2024_Warm06_Null_G45_gill_S271_R1_001.fastq.gz
  R2: /scratch4/workspace/jade_fiorilla_student_uml_edu-rawseqorcc/fastq/2024_Warm06_Null_G45_gill_S271_R2_001.fastq.gz
  Output R1: /scratch4/workspace/jade_fiorilla_student_uml_edu-rawseqorcc/trim-galore-illumina/2024_Warm06_Null_G45_gill_S271_R1_001_val_1.fq.gz
  Output R2: /scratch4/workspace/jade_fiorilla_student_uml_edu-rawseqorcc/trim-galore-illumina/2024_Warm06_Null_G45_gill_S271_R2_001_val_2.fq.gz

=== Summary (Read 1) ===

Total reads processed:               791575
Reads with adapters:                  39412 (5.0%)

=== Summary (Read 2) ===

Total reads processed:               791575
Reads with adapters:                 182048 (23.0%)
R1 reads with poly-G trimmed:          3152 (0.4%)
  R1 poly-G bases removed:           252267
R2 reads with poly-G trimmed:           352 (0.0%)
  R2 poly-G bases removed:            62622

=== Paired-end validation ===

Pairs analyzed:                      791575
Pairs removed:                         1313 (0.2%)
Unpaired R1 kept:                      1143
Unpaired R2 kept:                        76
Report: /scratch4/workspace/jade_fiorilla_student_uml_edu-rawseqorcc/trim-galore-illumina/2024_Warm06_Null_G45_gill_S271_R1_001.fastq.gz_trimming_report.txt
JSON report: /scratch4/workspace/jade_fiorilla_student_uml_edu-rawseqorcc/trim-galore-illumina/2024_Warm06_Null_G45_gill_S271_R1_001.fastq.gz_trimming_report.json
Report: /scratch4/workspace/jade_fiorilla_student_uml_edu-rawseqorcc/trim-galore-illumina/2024_Warm06_Null_G45_gill_S271_R2_001.fastq.gz_trimming_report.txt
JSON report: /scratch4/workspace/jade_fiorilla_student_uml_edu-rawseqorcc/trim-galore-illumina/2024_Warm06_Null_G45_gill_S271_R2_001.fastq.gz_trimming_report.json

Running FastQC on /scratch4/workspace/jade_fiorilla_student_uml_edu-rawseqorcc/trim-galore-illumina/2024_Warm06_Null_G45_gill_S271_R1_001_val_1.fq.gz

Running FastQC on /scratch4/workspace/jade_fiorilla_student_uml_edu-rawseqorcc/trim-galore-illumina/2024_Warm06_Null_G45_gill_S271_R2_001_val_2.fq.gz
Running Trim Galore on: 2024_Warm06_Null_G45_gut_S92

Trim Galore v2.3.0
unknown — linux/x86_64 — built 2026-06-27T16:23:35Z
==================================================

Using 6 worker threads (parallel trim + compress)
Adapter: Illumina (AGATCGGAAGAGC)

Scanning for poly-G content...
Poly-G trimming: ENABLED (auto-detected). 45161 of 1000000 reads (4.52%) have poly-G tails (>=10bp) — consistent with 2-colour chemistry (NovaSeq/NextSeq). To disable: --no_poly_g
Trimming (paired-end):
  R1: /scratch4/workspace/jade_fiorilla_student_uml_edu-rawseqorcc/fastq/2024_Warm06_Null_G45_gut_S92_R1_001.fastq.gz
  R2: /scratch4/workspace/jade_fiorilla_student_uml_edu-rawseqorcc/fastq/2024_Warm06_Null_G45_gut_S92_R2_001.fastq.gz
  Output R1: /scratch4/workspace/jade_fiorilla_student_uml_edu-rawseqorcc/trim-galore-illumina/2024_Warm06_Null_G45_gut_S92_R1_001_val_1.fq.gz
  Output R2: /scratch4/workspace/jade_fiorilla_student_uml_edu-rawseqorcc/trim-galore-illumina/2024_Warm06_Null_G45_gut_S92_R2_001_val_2.fq.gz

=== Summary (Read 1) ===

Total reads processed:              1197987
Reads with adapters:                  19349 (1.6%)

=== Summary (Read 2) ===

Total reads processed:              1197987
Reads with adapters:                  58803 (4.9%)
R1 reads with poly-G trimmed:           455 (0.0%)
  R1 poly-G bases removed:            40296
R2 reads with poly-G trimmed:           292 (0.0%)
  R2 poly-G bases removed:            53672

=== Paired-end validation ===

Pairs analyzed:                     1197987
Pairs removed:                         3103 (0.3%)
Unpaired R1 kept:                      2815
Unpaired R2 kept:                       129
Report: /scratch4/workspace/jade_fiorilla_student_uml_edu-rawseqorcc/trim-galore-illumina/2024_Warm06_Null_G45_gut_S92_R1_001.fastq.gz_trimming_report.txt
JSON report: /scratch4/workspace/jade_fiorilla_student_uml_edu-rawseqorcc/trim-galore-illumina/2024_Warm06_Null_G45_gut_S92_R1_001.fastq.gz_trimming_report.json
Report: /scratch4/workspace/jade_fiorilla_student_uml_edu-rawseqorcc/trim-galore-illumina/2024_Warm06_Null_G45_gut_S92_R2_001.fastq.gz_trimming_report.txt
JSON report: /scratch4/workspace/jade_fiorilla_student_uml_edu-rawseqorcc/trim-galore-illumina/2024_Warm06_Null_G45_gut_S92_R2_001.fastq.gz_trimming_report.json

Running FastQC on /scratch4/workspace/jade_fiorilla_student_uml_edu-rawseqorcc/trim-galore-illumina/2024_Warm06_Null_G45_gut_S92_R1_001_val_1.fq.gz

Running FastQC on /scratch4/workspace/jade_fiorilla_student_uml_edu-rawseqorcc/trim-galore-illumina/2024_Warm06_Null_G45_gut_S92_R2_001_val_2.fq.gz
Running Trim Galore on: 2024_Warm06_Warm03_G36_gill_S95

Trim Galore v2.3.0
unknown — linux/x86_64 — built 2026-06-27T16:23:35Z
==================================================

Using 6 worker threads (parallel trim + compress)
Adapter: Illumina (AGATCGGAAGAGC)

Scanning for poly-G content...
Poly-G trimming: ENABLED (auto-detected). 455236 of 1000000 reads (45.52%) have poly-G tails (>=10bp) — consistent with 2-colour chemistry (NovaSeq/NextSeq). To disable: --no_poly_g
Trimming (paired-end):
  R1: /scratch4/workspace/jade_fiorilla_student_uml_edu-rawseqorcc/fastq/2024_Warm06_Warm03_G36_gill_S95_R1_001.fastq.gz
  R2: /scratch4/workspace/jade_fiorilla_student_uml_edu-rawseqorcc/fastq/2024_Warm06_Warm03_G36_gill_S95_R2_001.fastq.gz
  Output R1: /scratch4/workspace/jade_fiorilla_student_uml_edu-rawseqorcc/trim-galore-illumina/2024_Warm06_Warm03_G36_gill_S95_R1_001_val_1.fq.gz
  Output R2: /scratch4/workspace/jade_fiorilla_student_uml_edu-rawseqorcc/trim-galore-illumina/2024_Warm06_Warm03_G36_gill_S95_R2_001_val_2.fq.gz

=== Summary (Read 1) ===

Total reads processed:              1947194
Reads with adapters:                  40354 (2.1%)

=== Summary (Read 2) ===

Total reads processed:              1947194
Reads with adapters:                 920613 (47.3%)
R1 reads with poly-G trimmed:         14853 (0.8%)
  R1 poly-G bases removed:           981048
R2 reads with poly-G trimmed:          2406 (0.1%)
  R2 poly-G bases removed:           397532

=== Paired-end validation ===

Pairs analyzed:                     1947194
Pairs removed:                         5646 (0.3%)
Unpaired R1 kept:                      5084
Unpaired R2 kept:                       248
Report: /scratch4/workspace/jade_fiorilla_student_uml_edu-rawseqorcc/trim-galore-illumina/2024_Warm06_Warm03_G36_gill_S95_R1_001.fastq.gz_trimming_report.txt
JSON report: /scratch4/workspace/jade_fiorilla_student_uml_edu-rawseqorcc/trim-galore-illumina/2024_Warm06_Warm03_G36_gill_S95_R1_001.fastq.gz_trimming_report.json
Report: /scratch4/workspace/jade_fiorilla_student_uml_edu-rawseqorcc/trim-galore-illumina/2024_Warm06_Warm03_G36_gill_S95_R2_001.fastq.gz_trimming_report.txt
JSON report: /scratch4/workspace/jade_fiorilla_student_uml_edu-rawseqorcc/trim-galore-illumina/2024_Warm06_Warm03_G36_gill_S95_R2_001.fastq.gz_trimming_report.json

Running FastQC on /scratch4/workspace/jade_fiorilla_student_uml_edu-rawseqorcc/trim-galore-illumina/2024_Warm06_Warm03_G36_gill_S95_R1_001_val_1.fq.gz

Running FastQC on /scratch4/workspace/jade_fiorilla_student_uml_edu-rawseqorcc/trim-galore-illumina/2024_Warm06_Warm03_G36_gill_S95_R2_001_val_2.fq.gz
Running Trim Galore on: 2024_Warm06_Warm03_G36_gut_S25

Trim Galore v2.3.0
unknown — linux/x86_64 — built 2026-06-27T16:23:35Z
==================================================

Using 6 worker threads (parallel trim + compress)
Adapter: Illumina (AGATCGGAAGAGC)

Scanning for poly-G content...
Poly-G trimming: ENABLED (auto-detected). 256086 of 954647 reads (26.83%) have poly-G tails (>=10bp) — consistent with 2-colour chemistry (NovaSeq/NextSeq). To disable: --no_poly_g
Trimming (paired-end):
  R1: /scratch4/workspace/jade_fiorilla_student_uml_edu-rawseqorcc/fastq/2024_Warm06_Warm03_G36_gut_S25_R1_001.fastq.gz
  R2: /scratch4/workspace/jade_fiorilla_student_uml_edu-rawseqorcc/fastq/2024_Warm06_Warm03_G36_gut_S25_R2_001.fastq.gz
  Output R1: /scratch4/workspace/jade_fiorilla_student_uml_edu-rawseqorcc/trim-galore-illumina/2024_Warm06_Warm03_G36_gut_S25_R1_001_val_1.fq.gz
  Output R2: /scratch4/workspace/jade_fiorilla_student_uml_edu-rawseqorcc/trim-galore-illumina/2024_Warm06_Warm03_G36_gut_S25_R2_001_val_2.fq.gz

=== Summary (Read 1) ===

Total reads processed:               954647
Reads with adapters:                  84656 (8.9%)

=== Summary (Read 2) ===

Total reads processed:               954647
Reads with adapters:                 263480 (27.6%)
R1 reads with poly-G trimmed:          1634 (0.2%)
  R1 poly-G bases removed:           273753
R2 reads with poly-G trimmed:           704 (0.1%)
  R2 poly-G bases removed:           126630

=== Paired-end validation ===

Pairs analyzed:                      954647
Pairs removed:                         2062 (0.2%)
Unpaired R1 kept:                      1734
Unpaired R2 kept:                       103
Report: /scratch4/workspace/jade_fiorilla_student_uml_edu-rawseqorcc/trim-galore-illumina/2024_Warm06_Warm03_G36_gut_S25_R1_001.fastq.gz_trimming_report.txt
JSON report: /scratch4/workspace/jade_fiorilla_student_uml_edu-rawseqorcc/trim-galore-illumina/2024_Warm06_Warm03_G36_gut_S25_R1_001.fastq.gz_trimming_report.json
Report: /scratch4/workspace/jade_fiorilla_student_uml_edu-rawseqorcc/trim-galore-illumina/2024_Warm06_Warm03_G36_gut_S25_R2_001.fastq.gz_trimming_report.txt
JSON report: /scratch4/workspace/jade_fiorilla_student_uml_edu-rawseqorcc/trim-galore-illumina/2024_Warm06_Warm03_G36_gut_S25_R2_001.fastq.gz_trimming_report.json

Running FastQC on /scratch4/workspace/jade_fiorilla_student_uml_edu-rawseqorcc/trim-galore-illumina/2024_Warm06_Warm03_G36_gut_S25_R1_001_val_1.fq.gz

Running FastQC on /scratch4/workspace/jade_fiorilla_student_uml_edu-rawseqorcc/trim-galore-illumina/2024_Warm06_Warm03_G36_gut_S25_R2_001_val_2.fq.gz
Running Trim Galore on: 2024_Warm06_Warm04_G48_gill_S26

Trim Galore v2.3.0
unknown — linux/x86_64 — built 2026-06-27T16:23:35Z
==================================================

Using 6 worker threads (parallel trim + compress)
Adapter: Illumina (AGATCGGAAGAGC)

Scanning for poly-G content...
Poly-G trimming: ENABLED (auto-detected). 418878 of 828301 reads (50.57%) have poly-G tails (>=10bp) — consistent with 2-colour chemistry (NovaSeq/NextSeq). To disable: --no_poly_g
Trimming (paired-end):
  R1: /scratch4/workspace/jade_fiorilla_student_uml_edu-rawseqorcc/fastq/2024_Warm06_Warm04_G48_gill_S26_R1_001.fastq.gz
  R2: /scratch4/workspace/jade_fiorilla_student_uml_edu-rawseqorcc/fastq/2024_Warm06_Warm04_G48_gill_S26_R2_001.fastq.gz
  Output R1: /scratch4/workspace/jade_fiorilla_student_uml_edu-rawseqorcc/trim-galore-illumina/2024_Warm06_Warm04_G48_gill_S26_R1_001_val_1.fq.gz
  Output R2: /scratch4/workspace/jade_fiorilla_student_uml_edu-rawseqorcc/trim-galore-illumina/2024_Warm06_Warm04_G48_gill_S26_R2_001_val_2.fq.gz

=== Summary (Read 1) ===

Total reads processed:               828301
Reads with adapters:                 134709 (16.3%)

=== Summary (Read 2) ===

Total reads processed:               828301
Reads with adapters:                 426759 (51.5%)
R1 reads with poly-G trimmed:          2319 (0.3%)
  R1 poly-G bases removed:           390433
R2 reads with poly-G trimmed:          1113 (0.1%)
  R2 poly-G bases removed:           187565

=== Paired-end validation ===

Pairs analyzed:                      828301
Pairs removed:                         1894 (0.2%)
Unpaired R1 kept:                      1550
Unpaired R2 kept:                        83
Report: /scratch4/workspace/jade_fiorilla_student_uml_edu-rawseqorcc/trim-galore-illumina/2024_Warm06_Warm04_G48_gill_S26_R1_001.fastq.gz_trimming_report.txt
JSON report: /scratch4/workspace/jade_fiorilla_student_uml_edu-rawseqorcc/trim-galore-illumina/2024_Warm06_Warm04_G48_gill_S26_R1_001.fastq.gz_trimming_report.json
Report: /scratch4/workspace/jade_fiorilla_student_uml_edu-rawseqorcc/trim-galore-illumina/2024_Warm06_Warm04_G48_gill_S26_R2_001.fastq.gz_trimming_report.txt
JSON report: /scratch4/workspace/jade_fiorilla_student_uml_edu-rawseqorcc/trim-galore-illumina/2024_Warm06_Warm04_G48_gill_S26_R2_001.fastq.gz_trimming_report.json

Running FastQC on /scratch4/workspace/jade_fiorilla_student_uml_edu-rawseqorcc/trim-galore-illumina/2024_Warm06_Warm04_G48_gill_S26_R1_001_val_1.fq.gz

Running FastQC on /scratch4/workspace/jade_fiorilla_student_uml_edu-rawseqorcc/trim-galore-illumina/2024_Warm06_Warm04_G48_gill_S26_R2_001_val_2.fq.gz
Running Trim Galore on: 2024_Warm06_Warm04_G48_gut_S27

Trim Galore v2.3.0
unknown — linux/x86_64 — built 2026-06-27T16:23:35Z
==================================================

Using 6 worker threads (parallel trim + compress)
Adapter: Illumina (AGATCGGAAGAGC)

Scanning for poly-G content...
Poly-G trimming: ENABLED (auto-detected). 289297 of 922526 reads (31.36%) have poly-G tails (>=10bp) — consistent with 2-colour chemistry (NovaSeq/NextSeq). To disable: --no_poly_g
Trimming (paired-end):
  R1: /scratch4/workspace/jade_fiorilla_student_uml_edu-rawseqorcc/fastq/2024_Warm06_Warm04_G48_gut_S27_R1_001.fastq.gz
  R2: /scratch4/workspace/jade_fiorilla_student_uml_edu-rawseqorcc/fastq/2024_Warm06_Warm04_G48_gut_S27_R2_001.fastq.gz
  Output R1: /scratch4/workspace/jade_fiorilla_student_uml_edu-rawseqorcc/trim-galore-illumina/2024_Warm06_Warm04_G48_gut_S27_R1_001_val_1.fq.gz
  Output R2: /scratch4/workspace/jade_fiorilla_student_uml_edu-rawseqorcc/trim-galore-illumina/2024_Warm06_Warm04_G48_gut_S27_R2_001_val_2.fq.gz

=== Summary (Read 1) ===

Total reads processed:               922526
Reads with adapters:                  94863 (10.3%)

=== Summary (Read 2) ===

Total reads processed:               922526
Reads with adapters:                 295542 (32.0%)
R1 reads with poly-G trimmed:          1691 (0.2%)
  R1 poly-G bases removed:           284970
R2 reads with poly-G trimmed:           779 (0.1%)
  R2 poly-G bases removed:           141704

=== Paired-end validation ===

Pairs analyzed:                      922526
Pairs removed:                         1972 (0.2%)
Unpaired R1 kept:                      1628
Unpaired R2 kept:                       101
Report: /scratch4/workspace/jade_fiorilla_student_uml_edu-rawseqorcc/trim-galore-illumina/2024_Warm06_Warm04_G48_gut_S27_R1_001.fastq.gz_trimming_report.txt
JSON report: /scratch4/workspace/jade_fiorilla_student_uml_edu-rawseqorcc/trim-galore-illumina/2024_Warm06_Warm04_G48_gut_S27_R1_001.fastq.gz_trimming_report.json
Report: /scratch4/workspace/jade_fiorilla_student_uml_edu-rawseqorcc/trim-galore-illumina/2024_Warm06_Warm04_G48_gut_S27_R2_001.fastq.gz_trimming_report.txt
JSON report: /scratch4/workspace/jade_fiorilla_student_uml_edu-rawseqorcc/trim-galore-illumina/2024_Warm06_Warm04_G48_gut_S27_R2_001.fastq.gz_trimming_report.json

Running FastQC on /scratch4/workspace/jade_fiorilla_student_uml_edu-rawseqorcc/trim-galore-illumina/2024_Warm06_Warm04_G48_gut_S27_R1_001_val_1.fq.gz

Running FastQC on /scratch4/workspace/jade_fiorilla_student_uml_edu-rawseqorcc/trim-galore-illumina/2024_Warm06_Warm04_G48_gut_S27_R2_001_val_2.fq.gz
Running Trim Galore on: negative_control_NA_S267

Trim Galore v2.3.0
unknown — linux/x86_64 — built 2026-06-27T16:23:35Z
==================================================

Using 6 worker threads (parallel trim + compress)
Adapter: Illumina (AGATCGGAAGAGC)

Scanning for poly-G content...
Poly-G trimming: ENABLED (auto-detected). 89576 of 292047 reads (30.67%) have poly-G tails (>=10bp) — consistent with 2-colour chemistry (NovaSeq/NextSeq). To disable: --no_poly_g
Trimming (paired-end):
  R1: /scratch4/workspace/jade_fiorilla_student_uml_edu-rawseqorcc/fastq/negative_control_NA_S267_R1_001.fastq.gz
  R2: /scratch4/workspace/jade_fiorilla_student_uml_edu-rawseqorcc/fastq/negative_control_NA_S267_R2_001.fastq.gz
  Output R1: /scratch4/workspace/jade_fiorilla_student_uml_edu-rawseqorcc/trim-galore-illumina/negative_control_NA_S267_R1_001_val_1.fq.gz
  Output R2: /scratch4/workspace/jade_fiorilla_student_uml_edu-rawseqorcc/trim-galore-illumina/negative_control_NA_S267_R2_001_val_2.fq.gz

=== Summary (Read 1) ===

Total reads processed:               292047
Reads with adapters:                   4467 (1.5%)

=== Summary (Read 2) ===

Total reads processed:               292047
Reads with adapters:                  92274 (31.6%)
R1 reads with poly-G trimmed:           886 (0.3%)
  R1 poly-G bases removed:           103199
R2 reads with poly-G trimmed:           269 (0.1%)
  R2 poly-G bases removed:            43775

=== Paired-end validation ===

Pairs analyzed:                      292047
Pairs removed:                          583 (0.2%)
Unpaired R1 kept:                       553
Unpaired R2 kept:                        14
Report: /scratch4/workspace/jade_fiorilla_student_uml_edu-rawseqorcc/trim-galore-illumina/negative_control_NA_S267_R1_001.fastq.gz_trimming_report.txt
JSON report: /scratch4/workspace/jade_fiorilla_student_uml_edu-rawseqorcc/trim-galore-illumina/negative_control_NA_S267_R1_001.fastq.gz_trimming_report.json
Report: /scratch4/workspace/jade_fiorilla_student_uml_edu-rawseqorcc/trim-galore-illumina/negative_control_NA_S267_R2_001.fastq.gz_trimming_report.txt
JSON report: /scratch4/workspace/jade_fiorilla_student_uml_edu-rawseqorcc/trim-galore-illumina/negative_control_NA_S267_R2_001.fastq.gz_trimming_report.json

Running FastQC on /scratch4/workspace/jade_fiorilla_student_uml_edu-rawseqorcc/trim-galore-illumina/negative_control_NA_S267_R1_001_val_1.fq.gz

Running FastQC on /scratch4/workspace/jade_fiorilla_student_uml_edu-rawseqorcc/trim-galore-illumina/negative_control_NA_S267_R2_001_val_2.fq.gz
Running Trim Galore on: Pooled_negative_rack1_NA_S94

Trim Galore v2.3.0
unknown — linux/x86_64 — built 2026-06-27T16:23:35Z
==================================================

Using 6 worker threads (parallel trim + compress)
Adapter: Illumina (AGATCGGAAGAGC)

Scanning for poly-G content...
Poly-G trimming: ENABLED (auto-detected). 251844 of 270575 reads (93.08%) have poly-G tails (>=10bp) — consistent with 2-colour chemistry (NovaSeq/NextSeq). To disable: --no_poly_g
Trimming (paired-end):
  R1: /scratch4/workspace/jade_fiorilla_student_uml_edu-rawseqorcc/fastq/Pooled_negative_rack1_NA_S94_R1_001.fastq.gz
  R2: /scratch4/workspace/jade_fiorilla_student_uml_edu-rawseqorcc/fastq/Pooled_negative_rack1_NA_S94_R2_001.fastq.gz
  Output R1: /scratch4/workspace/jade_fiorilla_student_uml_edu-rawseqorcc/trim-galore-illumina/Pooled_negative_rack1_NA_S94_R1_001_val_1.fq.gz
  Output R2: /scratch4/workspace/jade_fiorilla_student_uml_edu-rawseqorcc/trim-galore-illumina/Pooled_negative_rack1_NA_S94_R2_001_val_2.fq.gz

=== Summary (Read 1) ===

Total reads processed:               270575
Reads with adapters:                  49895 (18.4%)

=== Summary (Read 2) ===

Total reads processed:               270575
Reads with adapters:                 253665 (93.8%)
R1 reads with poly-G trimmed:          1349 (0.5%)
  R1 poly-G bases removed:           231110
R2 reads with poly-G trimmed:           568 (0.2%)
  R2 poly-G bases removed:           103760

=== Paired-end validation ===

Pairs analyzed:                      270575
Pairs removed:                          751 (0.3%)
Unpaired R1 kept:                       643
Unpaired R2 kept:                        23
Report: /scratch4/workspace/jade_fiorilla_student_uml_edu-rawseqorcc/trim-galore-illumina/Pooled_negative_rack1_NA_S94_R1_001.fastq.gz_trimming_report.txt
JSON report: /scratch4/workspace/jade_fiorilla_student_uml_edu-rawseqorcc/trim-galore-illumina/Pooled_negative_rack1_NA_S94_R1_001.fastq.gz_trimming_report.json
Report: /scratch4/workspace/jade_fiorilla_student_uml_edu-rawseqorcc/trim-galore-illumina/Pooled_negative_rack1_NA_S94_R2_001.fastq.gz_trimming_report.txt
JSON report: /scratch4/workspace/jade_fiorilla_student_uml_edu-rawseqorcc/trim-galore-illumina/Pooled_negative_rack1_NA_S94_R2_001.fastq.gz_trimming_report.json

Running FastQC on /scratch4/workspace/jade_fiorilla_student_uml_edu-rawseqorcc/trim-galore-illumina/Pooled_negative_rack1_NA_S94_R1_001_val_1.fq.gz

Running FastQC on /scratch4/workspace/jade_fiorilla_student_uml_edu-rawseqorcc/trim-galore-illumina/Pooled_negative_rack1_NA_S94_R2_001_val_2.fq.gz
Running Trim Galore on: Pooled_negative_rack2_NA_S190

Trim Galore v2.3.0
unknown — linux/x86_64 — built 2026-06-27T16:23:35Z
==================================================

Using 6 worker threads (parallel trim + compress)
Adapter: Illumina (AGATCGGAAGAGC)

Scanning for poly-G content...
Poly-G trimming: ENABLED (auto-detected). 975965 of 1000000 reads (97.60%) have poly-G tails (>=10bp) — consistent with 2-colour chemistry (NovaSeq/NextSeq). To disable: --no_poly_g
Trimming (paired-end):
  R1: /scratch4/workspace/jade_fiorilla_student_uml_edu-rawseqorcc/fastq/Pooled_negative_rack2_NA_S190_R1_001.fastq.gz
  R2: /scratch4/workspace/jade_fiorilla_student_uml_edu-rawseqorcc/fastq/Pooled_negative_rack2_NA_S190_R2_001.fastq.gz
  Output R1: /scratch4/workspace/jade_fiorilla_student_uml_edu-rawseqorcc/trim-galore-illumina/Pooled_negative_rack2_NA_S190_R1_001_val_1.fq.gz
  Output R2: /scratch4/workspace/jade_fiorilla_student_uml_edu-rawseqorcc/trim-galore-illumina/Pooled_negative_rack2_NA_S190_R2_001_val_2.fq.gz

=== Summary (Read 1) ===

Total reads processed:              2869670
Reads with adapters:                  78058 (2.7%)

=== Summary (Read 2) ===

Total reads processed:              2869670
Reads with adapters:                2812706 (98.0%)
R1 reads with poly-G trimmed:         14274 (0.5%)
  R1 poly-G bases removed:          2533403
R2 reads with poly-G trimmed:          6792 (0.2%)
  R2 poly-G bases removed:          1204413

=== Paired-end validation ===

Pairs analyzed:                     2869670
Pairs removed:                         7212 (0.3%)
Unpaired R1 kept:                      6762
Unpaired R2 kept:                       175
Report: /scratch4/workspace/jade_fiorilla_student_uml_edu-rawseqorcc/trim-galore-illumina/Pooled_negative_rack2_NA_S190_R1_001.fastq.gz_trimming_report.txt
JSON report: /scratch4/workspace/jade_fiorilla_student_uml_edu-rawseqorcc/trim-galore-illumina/Pooled_negative_rack2_NA_S190_R1_001.fastq.gz_trimming_report.json
Report: /scratch4/workspace/jade_fiorilla_student_uml_edu-rawseqorcc/trim-galore-illumina/Pooled_negative_rack2_NA_S190_R2_001.fastq.gz_trimming_report.txt
JSON report: /scratch4/workspace/jade_fiorilla_student_uml_edu-rawseqorcc/trim-galore-illumina/Pooled_negative_rack2_NA_S190_R2_001.fastq.gz_trimming_report.json

Running FastQC on /scratch4/workspace/jade_fiorilla_student_uml_edu-rawseqorcc/trim-galore-illumina/Pooled_negative_rack2_NA_S190_R1_001_val_1.fq.gz

Running FastQC on /scratch4/workspace/jade_fiorilla_student_uml_edu-rawseqorcc/trim-galore-illumina/Pooled_negative_rack2_NA_S190_R2_001_val_2.fq.gz
Running Trim Galore on: Pooled_negative_rack3_2_NA_S279

Trim Galore v2.3.0
unknown — linux/x86_64 — built 2026-06-27T16:23:35Z
==================================================

Using 6 worker threads (parallel trim + compress)
Adapter: Illumina (AGATCGGAAGAGC)

Scanning for poly-G content...
Poly-G trimming: ENABLED (auto-detected). 189 of 1284 reads (14.72%) have poly-G tails (>=10bp) — consistent with 2-colour chemistry (NovaSeq/NextSeq). To disable: --no_poly_g
Trimming (paired-end):
  R1: /scratch4/workspace/jade_fiorilla_student_uml_edu-rawseqorcc/fastq/Pooled_negative_rack3_2_NA_S279_R1_001.fastq.gz
  R2: /scratch4/workspace/jade_fiorilla_student_uml_edu-rawseqorcc/fastq/Pooled_negative_rack3_2_NA_S279_R2_001.fastq.gz
  Output R1: /scratch4/workspace/jade_fiorilla_student_uml_edu-rawseqorcc/trim-galore-illumina/Pooled_negative_rack3_2_NA_S279_R1_001_val_1.fq.gz
  Output R2: /scratch4/workspace/jade_fiorilla_student_uml_edu-rawseqorcc/trim-galore-illumina/Pooled_negative_rack3_2_NA_S279_R2_001_val_2.fq.gz

=== Summary (Read 1) ===

Total reads processed:                 1284
Reads with adapters:                     20 (1.6%)

=== Summary (Read 2) ===

Total reads processed:                 1284
Reads with adapters:                    218 (17.0%)
R1 reads with poly-G trimmed:            14 (1.1%)
  R1 poly-G bases removed:              582
R2 reads with poly-G trimmed:             2 (0.2%)
  R2 poly-G bases removed:              206

=== Paired-end validation ===

Pairs analyzed:                        1284
Pairs removed:                           18 (1.4%)
Unpaired R1 kept:                        17
Unpaired R2 kept:                         1
Report: /scratch4/workspace/jade_fiorilla_student_uml_edu-rawseqorcc/trim-galore-illumina/Pooled_negative_rack3_2_NA_S279_R1_001.fastq.gz_trimming_report.txt
JSON report: /scratch4/workspace/jade_fiorilla_student_uml_edu-rawseqorcc/trim-galore-illumina/Pooled_negative_rack3_2_NA_S279_R1_001.fastq.gz_trimming_report.json
Report: /scratch4/workspace/jade_fiorilla_student_uml_edu-rawseqorcc/trim-galore-illumina/Pooled_negative_rack3_2_NA_S279_R2_001.fastq.gz_trimming_report.txt
JSON report: /scratch4/workspace/jade_fiorilla_student_uml_edu-rawseqorcc/trim-galore-illumina/Pooled_negative_rack3_2_NA_S279_R2_001.fastq.gz_trimming_report.json

Running FastQC on /scratch4/workspace/jade_fiorilla_student_uml_edu-rawseqorcc/trim-galore-illumina/Pooled_negative_rack3_2_NA_S279_R1_001_val_1.fq.gz

Running FastQC on /scratch4/workspace/jade_fiorilla_student_uml_edu-rawseqorcc/trim-galore-illumina/Pooled_negative_rack3_2_NA_S279_R2_001_val_2.fq.gz
Running Trim Galore on: Pooled_negative_rack3_3_NA_S281

Trim Galore v2.3.0
unknown — linux/x86_64 — built 2026-06-27T16:23:35Z
==================================================

Using 6 worker threads (parallel trim + compress)
Adapter: Illumina (AGATCGGAAGAGC)

Scanning for poly-G content...
Poly-G trimming: ENABLED (auto-detected). 991 of 43183 reads (2.29%) have poly-G tails (>=10bp) — consistent with 2-colour chemistry (NovaSeq/NextSeq). To disable: --no_poly_g
Trimming (paired-end):
  R1: /scratch4/workspace/jade_fiorilla_student_uml_edu-rawseqorcc/fastq/Pooled_negative_rack3_3_NA_S281_R1_001.fastq.gz
  R2: /scratch4/workspace/jade_fiorilla_student_uml_edu-rawseqorcc/fastq/Pooled_negative_rack3_3_NA_S281_R2_001.fastq.gz
  Output R1: /scratch4/workspace/jade_fiorilla_student_uml_edu-rawseqorcc/trim-galore-illumina/Pooled_negative_rack3_3_NA_S281_R1_001_val_1.fq.gz
  Output R2: /scratch4/workspace/jade_fiorilla_student_uml_edu-rawseqorcc/trim-galore-illumina/Pooled_negative_rack3_3_NA_S281_R2_001_val_2.fq.gz

=== Summary (Read 1) ===

Total reads processed:                43183
Reads with adapters:                    636 (1.5%)

=== Summary (Read 2) ===

Total reads processed:                43183
Reads with adapters:                   1473 (3.4%)
R1 reads with poly-G trimmed:            27 (0.1%)
  R1 poly-G bases removed:             1446
R2 reads with poly-G trimmed:             5 (0.0%)
  R2 poly-G bases removed:             1257

=== Paired-end validation ===

Pairs analyzed:                       43183
Pairs removed:                           84 (0.2%)
Unpaired R1 kept:                        77
Unpaired R2 kept:                         3
Report: /scratch4/workspace/jade_fiorilla_student_uml_edu-rawseqorcc/trim-galore-illumina/Pooled_negative_rack3_3_NA_S281_R1_001.fastq.gz_trimming_report.txt
JSON report: /scratch4/workspace/jade_fiorilla_student_uml_edu-rawseqorcc/trim-galore-illumina/Pooled_negative_rack3_3_NA_S281_R1_001.fastq.gz_trimming_report.json
Report: /scratch4/workspace/jade_fiorilla_student_uml_edu-rawseqorcc/trim-galore-illumina/Pooled_negative_rack3_3_NA_S281_R2_001.fastq.gz_trimming_report.txt
JSON report: /scratch4/workspace/jade_fiorilla_student_uml_edu-rawseqorcc/trim-galore-illumina/Pooled_negative_rack3_3_NA_S281_R2_001.fastq.gz_trimming_report.json

Running FastQC on /scratch4/workspace/jade_fiorilla_student_uml_edu-rawseqorcc/trim-galore-illumina/Pooled_negative_rack3_3_NA_S281_R1_001_val_1.fq.gz

Running FastQC on /scratch4/workspace/jade_fiorilla_student_uml_edu-rawseqorcc/trim-galore-illumina/Pooled_negative_rack3_3_NA_S281_R2_001_val_2.fq.gz
Running Trim Galore on: Pooled_negative_rack3_NA_S278

Trim Galore v2.3.0
unknown — linux/x86_64 — built 2026-06-27T16:23:35Z
==================================================

Using 6 worker threads (parallel trim + compress)
Adapter: Illumina (AGATCGGAAGAGC)

Scanning for poly-G content...
Poly-G trimming: ENABLED (auto-detected). 309222 of 751490 reads (41.15%) have poly-G tails (>=10bp) — consistent with 2-colour chemistry (NovaSeq/NextSeq). To disable: --no_poly_g
Trimming (paired-end):
  R1: /scratch4/workspace/jade_fiorilla_student_uml_edu-rawseqorcc/fastq/Pooled_negative_rack3_NA_S278_R1_001.fastq.gz
  R2: /scratch4/workspace/jade_fiorilla_student_uml_edu-rawseqorcc/fastq/Pooled_negative_rack3_NA_S278_R2_001.fastq.gz
  Output R1: /scratch4/workspace/jade_fiorilla_student_uml_edu-rawseqorcc/trim-galore-illumina/Pooled_negative_rack3_NA_S278_R1_001_val_1.fq.gz
  Output R2: /scratch4/workspace/jade_fiorilla_student_uml_edu-rawseqorcc/trim-galore-illumina/Pooled_negative_rack3_NA_S278_R2_001_val_2.fq.gz

=== Summary (Read 1) ===

Total reads processed:               751490
Reads with adapters:                  53475 (7.1%)

=== Summary (Read 2) ===

Total reads processed:               751490
Reads with adapters:                 314610 (41.9%)
R1 reads with poly-G trimmed:          5206 (0.7%)
  R1 poly-G bases removed:           324692
R2 reads with poly-G trimmed:           794 (0.1%)
  R2 poly-G bases removed:           135634

=== Paired-end validation ===

Pairs analyzed:                      751490
Pairs removed:                         1447 (0.2%)
Unpaired R1 kept:                      1281
Unpaired R2 kept:                        47
Report: /scratch4/workspace/jade_fiorilla_student_uml_edu-rawseqorcc/trim-galore-illumina/Pooled_negative_rack3_NA_S278_R1_001.fastq.gz_trimming_report.txt
JSON report: /scratch4/workspace/jade_fiorilla_student_uml_edu-rawseqorcc/trim-galore-illumina/Pooled_negative_rack3_NA_S278_R1_001.fastq.gz_trimming_report.json
Report: /scratch4/workspace/jade_fiorilla_student_uml_edu-rawseqorcc/trim-galore-illumina/Pooled_negative_rack3_NA_S278_R2_001.fastq.gz_trimming_report.txt
JSON report: /scratch4/workspace/jade_fiorilla_student_uml_edu-rawseqorcc/trim-galore-illumina/Pooled_negative_rack3_NA_S278_R2_001.fastq.gz_trimming_report.json

Running FastQC on /scratch4/workspace/jade_fiorilla_student_uml_edu-rawseqorcc/trim-galore-illumina/Pooled_negative_rack3_NA_S278_R1_001_val_1.fq.gz

Running FastQC on /scratch4/workspace/jade_fiorilla_student_uml_edu-rawseqorcc/trim-galore-illumina/Pooled_negative_rack3_NA_S278_R2_001_val_2.fq.gz
Running Trim Galore on: Positive_control_NA_S280

Trim Galore v2.3.0
unknown — linux/x86_64 — built 2026-06-27T16:23:35Z
==================================================

Using 6 worker threads (parallel trim + compress)
Adapter: Illumina (AGATCGGAAGAGC)

Scanning for poly-G content...
Poly-G trimming: ENABLED (auto-detected). 264 of 1000000 reads (0.03%) have poly-G tails (>=10bp) — consistent with 2-colour chemistry (NovaSeq/NextSeq). To disable: --no_poly_g
Trimming (paired-end):
  R1: /scratch4/workspace/jade_fiorilla_student_uml_edu-rawseqorcc/fastq/Positive_control_NA_S280_R1_001.fastq.gz
  R2: /scratch4/workspace/jade_fiorilla_student_uml_edu-rawseqorcc/fastq/Positive_control_NA_S280_R2_001.fastq.gz
  Output R1: /scratch4/workspace/jade_fiorilla_student_uml_edu-rawseqorcc/trim-galore-illumina/Positive_control_NA_S280_R1_001_val_1.fq.gz
  Output R2: /scratch4/workspace/jade_fiorilla_student_uml_edu-rawseqorcc/trim-galore-illumina/Positive_control_NA_S280_R2_001_val_2.fq.gz

=== Summary (Read 1) ===

Total reads processed:              2105187
Reads with adapters:                  17068 (0.8%)

=== Summary (Read 2) ===

Total reads processed:              2105187
Reads with adapters:                  13180 (0.6%)
R1 reads with poly-G trimmed:           100 (0.0%)
  R1 poly-G bases removed:             1342
R2 reads with poly-G trimmed:           160 (0.0%)
  R2 poly-G bases removed:            34779

=== Paired-end validation ===

Pairs analyzed:                     2105187
Pairs removed:                         3533 (0.2%)
Unpaired R1 kept:                      3337
Unpaired R2 kept:                       112
Report: /scratch4/workspace/jade_fiorilla_student_uml_edu-rawseqorcc/trim-galore-illumina/Positive_control_NA_S280_R1_001.fastq.gz_trimming_report.txt
JSON report: /scratch4/workspace/jade_fiorilla_student_uml_edu-rawseqorcc/trim-galore-illumina/Positive_control_NA_S280_R1_001.fastq.gz_trimming_report.json
Report: /scratch4/workspace/jade_fiorilla_student_uml_edu-rawseqorcc/trim-galore-illumina/Positive_control_NA_S280_R2_001.fastq.gz_trimming_report.txt
JSON report: /scratch4/workspace/jade_fiorilla_student_uml_edu-rawseqorcc/trim-galore-illumina/Positive_control_NA_S280_R2_001.fastq.gz_trimming_report.json

Running FastQC on /scratch4/workspace/jade_fiorilla_student_uml_edu-rawseqorcc/trim-galore-illumina/Positive_control_NA_S280_R1_001_val_1.fq.gz

Running FastQC on /scratch4/workspace/jade_fiorilla_student_uml_edu-rawseqorcc/trim-galore-illumina/Positive_control_NA_S280_R2_001_val_2.fq.gz
Running Trim Galore on: Undetermined_S0

Trim Galore v2.3.0
unknown — linux/x86_64 — built 2026-06-27T16:23:35Z
==================================================

Using 6 worker threads (parallel trim + compress)
Adapter: Illumina (AGATCGGAAGAGC)

Scanning for poly-G content...
Poly-G trimming: ENABLED (auto-detected). 85151 of 1000000 reads (8.52%) have poly-G tails (>=10bp) — consistent with 2-colour chemistry (NovaSeq/NextSeq). To disable: --no_poly_g
Trimming (paired-end):
  R1: /scratch4/workspace/jade_fiorilla_student_uml_edu-rawseqorcc/fastq/Undetermined_S0_R1_001.fastq.gz
  R2: /scratch4/workspace/jade_fiorilla_student_uml_edu-rawseqorcc/fastq/Undetermined_S0_R2_001.fastq.gz
  Output R1: /scratch4/workspace/jade_fiorilla_student_uml_edu-rawseqorcc/trim-galore-illumina/Undetermined_S0_R1_001_val_1.fq.gz
  Output R2: /scratch4/workspace/jade_fiorilla_student_uml_edu-rawseqorcc/trim-galore-illumina/Undetermined_S0_R2_001_val_2.fq.gz

=== Summary (Read 1) ===

Total reads processed:            177645686
Reads with adapters:               71286510 (40.1%)

=== Summary (Read 2) ===

Total reads processed:            177645686
Reads with adapters:               76131763 (42.9%)
R1 reads with poly-G trimmed:        959340 (0.5%)
  R1 poly-G bases removed:         30640148
R2 reads with poly-G trimmed:        730125 (0.4%)
  R2 poly-G bases removed:         12233214

=== Paired-end validation ===

Pairs analyzed:                   177645686
Pairs removed:                      1484883 (0.8%)
Unpaired R1 kept:                    962695
Unpaired R2 kept:                    147781
Report: /scratch4/workspace/jade_fiorilla_student_uml_edu-rawseqorcc/trim-galore-illumina/Undetermined_S0_R1_001.fastq.gz_trimming_report.txt
JSON report: /scratch4/workspace/jade_fiorilla_student_uml_edu-rawseqorcc/trim-galore-illumina/Undetermined_S0_R1_001.fastq.gz_trimming_report.json
Report: /scratch4/workspace/jade_fiorilla_student_uml_edu-rawseqorcc/trim-galore-illumina/Undetermined_S0_R2_001.fastq.gz_trimming_report.txt
JSON report: /scratch4/workspace/jade_fiorilla_student_uml_edu-rawseqorcc/trim-galore-illumina/Undetermined_S0_R2_001.fastq.gz_trimming_report.json

Running FastQC on /scratch4/workspace/jade_fiorilla_student_uml_edu-rawseqorcc/trim-galore-illumina/Undetermined_S0_R1_001_val_1.fq.gz

Running FastQC on /scratch4/workspace/jade_fiorilla_student_uml_edu-rawseqorcc/trim-galore-illumina/Undetermined_S0_R2_001_val_2.fq.gz
